"MotifID","Position","Frm","FrmP","FrmN","Total_Coverage","CoverageP","CoverageN"
1,43,75.3846153846154,82.67,65.45,130,75,55
2,71,84.0732743362832,79.63,88.14,113,54,59
3,238,80.2832394366197,80.77,79.69,142,78,64
4,311,77.61,78.87,76.19,134,71,63
5,1226,85.37,86.59,84.15,164,82,82
6,3129,69.1110994764398,73.74,64.13,191,99,92
7,3966,62.1480373831776,56.36,68.27,214,110,104
8,4848,76.3728571428571,78.63,72.31,182,117,65
9,5241,47.62,43.81,51.43,210,105,105
10,5322,50.2144206008584,28.18,69.92,233,110,123
11,5407,64.1350632911392,61.4,66.67,237,114,123
12,5852,72.0198165137615,68.69,74.79,218,99,119
13,7194,81.8907407407407,74.51,87.23,243,102,141
14,7245,75.4552727272727,73.27,77.31,220,101,119
15,7475,76.9246963562753,68.87,82.98,247,106,141
16,7904,62.573216374269,42.5,80.22,171,80,91
17,7911,49.385,28.4,70.37,162,81,81
18,10064,74.5664161849711,59.72,85.15,173,72,101
19,11437,77.0146774193548,75.59,78.51,248,127,121
20,12908,70.9962770562771,61.54,78.74,231,104,127
21,14284,71.8126640926641,68.42,74.48,259,114,145
22,16578,82.8195154185022,82.57,83.05,227,109,118
23,18392,74.5042231075697,74.8,74.22,251,123,128
24,19046,66.5037931034483,50,75.19,203,70,133
25,20674,72.2456828193833,68.37,75.19,227,98,129
26,20704,76.4704705882353,76.07,76.81,255,117,138
27,21529,69.8035294117647,75.78,63.78,255,128,127
28,21556,67.3950434782609,73.74,62.6,230,99,131
29,22402,78.1888888888889,71.93,83.72,243,114,129
30,24095,56.2228571428571,63.71,46.24,217,124,93
31,26062,72.14899543379,77.23,67.8,219,101,118
32,26741,71.9491869918699,84,59.5,246,125,121
33,26896,83.5301960784314,85.6,81.54,255,125,130
34,27796,55.121756097561,55.96,54.17,205,109,96
35,30082,71.9152765957447,75.86,68.07,235,116,119
36,30171,72.2717226890756,85.19,55.34,238,135,103
37,32229,79.2091756272401,81.34,77.24,279,134,145
38,32904,71.8988321167883,75,69.18,274,128,146
39,33599,78.9716738197425,79.51,78.38,233,122,111
40,33824,73.8612863070539,67.5,80.17,241,120,121
41,34446,77.0581818181818,83.76,70.18,231,117,114
42,34738,78.9255605381166,78.95,78.9,223,114,109
43,34768,80.0844398340249,85.95,74.17,241,121,120
44,35584,59.7978391959799,67.59,50.55,199,108,91
45,36834,73.2835018050541,72.93,73.61,277,133,144
46,37392,60.3889855072464,72.36,42.86,207,123,84
47,37465,71.115,75.56,66.67,270,135,135
48,37990,68.2400429184549,64.41,72.17,233,118,115
49,39065,63.8903333333333,66.67,61.29,180,87,93
50,40070,69.0364016736402,58.62,78.86,239,116,123
51,42340,66.3870588235294,70.34,62.5,238,118,120
52,44444,63.9334972677596,73,53.01,183,100,83
53,45003,78.8486538461539,69.83,90.22,208,116,92
54,45762,27.6068229166667,39.18,15.79,192,97,95
55,46357,73.0731730769231,67.07,76.98,208,82,126
56,46669,63.4046808510638,69.42,57.02,235,121,114
57,48309,75.225,70.27,80.18,222,111,111
58,48995,71.2927272727273,63.16,78.07,209,95,114
59,49018,66.1293548387097,70.91,59.21,186,110,76
60,49098,66.8009128630705,61.76,70.5,241,102,139
61,52192,54.3607053941909,52.73,55.73,241,110,131
62,52303,50.2465671641791,60.87,41.28,201,92,109
63,52591,63.8749779735683,75.26,55.38,227,97,130
64,52664,60.3843961352657,61.7,59.29,207,94,113
65,53847,61.3224528301887,52.63,66.18,212,76,136
66,53986,59.6437219730942,68,52.85,223,100,123
67,55873,70.6133333333333,72,69.53,228,100,128
68,58598,67.6848908296943,62.26,72.36,229,106,123
69,58626,68.9385106382979,62.5,74.05,235,104,131
70,63477,51.9574860335196,41.25,60.61,179,80,99
71,65879,75.4944268774704,76.12,74.79,253,134,119
72,67774,76.0717948717949,66.67,86.49,234,123,111
73,67898,72.222380952381,75.78,68.55,252,128,124
74,68025,47.6592056074766,17.2,71.07,214,93,121
75,71356,69.7217889908257,60.49,75.18,218,81,137
76,71709,79.7867021276596,77.65,81.55,188,85,103
77,73605,81.7145142857143,87.5,73.24,175,104,71
78,73988,79.3077586206897,87.7,70,232,122,110
79,74000,77.62,80.95,74.29,210,105,105
80,74434,84.6172307692308,84.68,84.56,260,124,136
81,75933,83.1394636015326,88.98,78.32,261,118,143
82,76207,66.2994444444444,58.87,74.42,270,141,129
83,76316,67.2778308823529,64.96,69.63,272,137,135
84,77539,79.1471063829787,80.17,78.15,235,116,119
85,78651,57.6917094017094,49.11,65.57,234,112,122
86,81886,70.2854716981132,56.79,78.63,212,81,131
87,84927,64.8627027027027,62.83,66.97,222,113,109
88,85021,55.3234468085106,55.05,55.56,235,109,126
89,85101,71.585737704918,64.65,79.76,183,99,84
90,85149,54.2098421052631,45.3,68.49,190,117,73
91,85648,70.2549230769231,69.57,70.63,195,69,126
92,86016,71.3717842323651,77.1,64.55,241,131,110
93,87120,72.7988,75.41,70.31,250,122,128
94,87507,79.144644549763,83.76,73.4,211,117,94
95,88350,82.1062105263158,83.7,80.61,190,92,98
96,88919,64.5754708520179,67.83,61.11,223,115,108
97,89045,57.0162280701754,73.27,44.09,228,101,127
98,90836,72.8655778894472,69.31,76.53,199,101,98
99,91434,57.0779452054795,49.57,65.38,219,115,104
100,94707,75.6019138755981,76.42,74.76,209,106,103
101,95284,66.6623383084577,70.87,62.24,201,103,98
102,95558,61.7153714285714,76.11,35.48,175,113,62
103,95731,64.4867289719626,73.15,55.66,214,108,106
104,95849,72.61,73.73,71.43,230,118,112
105,97868,68.2770967741936,73.33,59.09,186,120,66
106,98756,67.5094092827004,67.69,67.29,237,130,107
107,99093,78.7339819004525,80.49,76.53,221,123,98
108,101160,75.445,76.12,74.44,224,134,90
109,102700,68.4199190283401,72.06,63.96,247,136,111
110,104202,79.7959595959596,78.99,81.01,198,119,79
111,104209,73.8316822429907,66.39,83.7,214,122,92
112,104993,65.9387336244541,59.68,73.33,229,124,105
113,105300,60.7751724137931,61.97,58.89,232,142,90
114,105372,84.0386854460094,83.2,85.23,213,125,88
115,105951,73.1126470588235,74.5,70.79,238,149,89
116,106239,58.3740271493213,64.56,42.86,221,158,63
117,113029,74.1112182741117,70.83,77.23,197,96,101
118,115678,73.8537614678899,80.34,66.34,218,117,101
119,115994,74.7595631067961,72.57,77.42,206,113,93
120,117159,74.999649122807,78.51,71.03,228,121,107
121,117788,69.075,73.2,64.95,194,97,97
122,118460,68.0385844748859,80.17,53.06,219,121,98
123,119642,70.6886637931034,73.68,66.67,232,133,99
124,122554,76.9992,78.57,75.49,200,98,102
125,123645,70.5894117647059,80,63.16,204,90,114
126,128003,67.2988151658768,71.03,63.46,211,107,104
127,128398,76.1944588744589,76.64,75.81,231,107,124
128,129035,68.983422459893,78.7,55.7,187,108,79
129,129898,57.7693203883495,50,64.29,206,94,112
130,130128,71.9646861924686,73.64,70,239,129,110
131,130269,75.942358490566,83.05,67.02,212,118,94
132,130331,66.4030078125,71.07,62.22,256,121,135
133,130610,67.0631349206349,66.09,67.88,252,115,137
134,131450,75.8205327868852,80.8,70.59,244,125,119
135,131469,71.8844578313253,73.55,70.31,249,121,128
136,131731,72.6574157303371,76.61,69.23,267,124,143
137,131739,67.8192079207921,75.96,59.18,202,104,98
138,135295,69.7489495798319,69.16,70.23,238,107,131
139,135433,69.3412891986063,59.17,76.65,287,120,167
140,136821,67.9043209876543,71.43,64.89,243,112,131
141,141622,75.4933992094862,77.61,73.11,253,134,119
142,145337,71.4269387755102,73.04,70,245,115,130
143,147992,80.6287387387387,79.09,82.14,222,110,112
144,148135,69.1632158590308,64.71,74.07,227,119,108
145,148744,58.9639043824701,54.74,64.04,251,137,114
146,149070,72.031724137931,70.14,74.36,261,144,117
147,149103,65.7798479087452,65.49,66.12,263,142,121
148,149653,65.5968,57.14,74.19,250,126,124
149,150066,68.1203056768559,57.27,78.15,229,110,119
150,150153,72.4999166666667,66.1,78.69,240,118,122
151,151057,62.7491176470588,69.11,53.09,204,123,81
152,152742,70.1652941176471,65.71,76.53,238,140,98
153,153649,63.3179912663755,66.94,59.26,229,121,108
154,153784,76.4208296943232,72.65,80.36,229,117,112
155,154350,72.1169230769231,78.95,63.83,208,114,94
156,155540,71.7630092592593,74.26,69.57,216,101,115
157,155779,67.3919565217391,69.91,64.96,230,113,117
158,155806,69.1261739130435,73.21,65.25,230,112,118
159,156912,66.29,73.81,59.57,178,84,94
160,157343,72.5365803108808,75.42,68,193,118,75
161,157780,70.5868449197861,72.64,67.9,187,106,81
162,157830,77.8307547169811,84.21,70.41,212,114,98
163,160303,72.8071129707113,67.35,76.6,239,98,141
164,160331,65.0743540669856,64,66.06,209,100,109
165,160425,53.362735426009,61.82,45.13,223,110,113
166,160716,78.0267264573991,82.52,74.17,223,103,120
167,161411,73.3983027522936,70.48,76.11,218,105,113
168,162665,43.9043902439024,70.48,16,205,105,100
169,163280,59.2589814814815,60,58.49,216,110,106
170,163371,74.2460606060606,74.77,73.63,198,107,91
171,164053,75.9846288209607,72.9,78.69,229,107,122
172,164979,67.8742533936652,66.09,69.81,221,115,106
173,165412,32.2577016129032,37.39,27.82,248,115,133
174,166576,65.281243523316,62.96,66.96,193,81,112
175,166587,73.2677227722772,65.66,80.58,202,99,103
176,166702,70.3507035175879,66.67,73.58,199,93,106
177,166866,75.3303083700441,77.42,73.88,227,93,134
178,167319,79.822735426009,80.19,79.49,223,106,117
179,168156,77.5216055045872,74.74,79.67,218,95,123
180,168726,74.1113705583756,76.84,71.57,197,95,102
181,169421,53.5132972972973,44.44,60.58,185,81,104
182,169856,72.2776732673267,65.52,77.39,202,87,115
183,170460,68.0559259259259,64.08,71.68,216,103,113
184,170690,63.6327272727273,62.22,64.81,198,90,108
185,171383,59.6273291925466,72.22,49.44,161,72,89
186,172844,46.2713432835821,60.22,34.26,201,93,108
187,173223,61.0786486486486,52.27,69.07,185,88,97
188,173403,57.3668421052632,53.33,61,190,90,100
189,173687,72.9042857142857,70.11,75,203,87,116
190,173856,69.8486934673367,65.62,73.79,199,96,103
191,174218,65.176368159204,57.32,70.59,201,82,119
192,174269,56.58,52.63,60.53,152,76,76
193,174465,59.1159113300493,47.83,68.47,203,92,111
194,175137,33.7049438202247,25.58,41.3,178,86,92
195,175560,67.6623353293413,70.87,62.5,167,103,64
196,177303,65.3189017341041,64.29,66.29,173,84,89
197,177577,59.741038961039,58.33,60.98,154,72,82
198,177981,60.9025563909774,69.88,46,133,83,50
199,178440,74.3228378378378,78.87,70.13,148,71,77
200,178800,58.1537588652482,60.81,55.22,141,74,67
201,180398,65.2483687943262,65.82,64.52,141,79,62
202,180973,10.8994871794872,10.59,11.27,156,85,71
203,181127,4.5158064516129,2.53,6.58,155,79,76
204,181197,6.0772972972973,5.26,6.94,148,76,72
205,181215,10.8113513513514,18.42,2.78,148,76,72
206,181231,8.90315068493151,9.21,8.57,146,76,70
207,183156,67.9765359477124,66.27,70,153,83,70
208,183844,64.7655958549223,63.33,66.02,193,90,103
209,183949,64.1645086705202,68.75,60.22,173,80,93
210,185417,66.3596313364055,74.07,58.72,217,108,109
211,187002,69.2333846153846,75.73,61.96,195,103,92
212,187059,77.3637037037037,76.15,78.76,243,130,113
213,187806,67.0025,75.68,56.18,200,111,89
214,189314,64.1283152173913,69.89,58.24,184,93,91
215,190221,57.3417535545024,63.41,48.86,211,123,88
216,190401,68.699756097561,65.15,72.81,246,132,114
217,191667,71.227358490566,72.39,69.23,212,134,78
218,192544,76.149633027523,69.61,81.9,218,102,116
219,192602,80.0021860465116,81.93,78.79,215,83,132
220,194752,57.0607608695652,45.54,71.08,184,101,83
221,195294,55.3484651162791,31.48,79.44,215,108,107
222,195949,80.8914222222222,73.23,90.82,225,127,98
223,197112,72.8580952380952,72.88,72.83,210,118,92
224,197131,79.0448571428571,78.7,79.41,210,108,102
225,197833,78.3393548387097,72.32,84.76,217,112,105
226,198577,48.8897777777778,13.68,74.62,225,95,130
227,199624,71.4283333333333,70.15,72.88,252,134,118
228,199945,71.3013043478261,59.48,83.33,230,116,114
229,200141,71.9804347826087,67.89,76.53,207,109,98
230,200729,65.1735820895522,39.33,85.71,201,89,112
231,201706,76.1222972972973,74.8,77.89,222,127,95
232,202070,70.8997354497354,67.29,75.61,189,107,82
233,203410,76.6568871595331,74.58,78.42,257,118,139
234,203618,70.0018846153846,61.24,78.63,260,129,131
235,204690,60.9611764705882,57.69,65.06,187,104,83
236,207465,74.1222807017544,65.09,81.97,228,106,122
237,208033,59.2965829145729,37.68,70.77,199,69,130
238,211477,60.8453439153439,57.01,65.85,189,107,82
239,212286,71.5768421052632,69,74.44,190,100,90
240,213465,64.8399086757991,59.22,69.83,219,103,116
241,213937,62.2744090909091,67.89,56.76,220,109,111
242,214068,73.6632098765432,77.12,70.4,243,118,125
243,214376,65.4170833333333,61.74,68.8,240,115,125
244,215099,64.0458426966292,69.23,56.76,178,104,74
245,215890,72.0018666666667,72.36,71.57,225,123,102
246,215919,74.5303370786517,75.86,72.95,267,145,122
247,217011,71.1550769230769,74.42,67.94,260,129,131
248,217161,77.491341991342,76,79.25,231,125,106
249,218632,60.1988059701493,60,60.36,201,90,111
250,221122,60.4627441860465,63.11,56.99,215,122,93
251,221873,67.3177821011673,67.63,66.95,257,139,118
252,223134,58.905799086758,70.87,42.39,219,127,92
253,225340,66.5251072961373,66.93,66.04,233,127,106
254,225347,66.6635,68.18,64.81,240,132,108
255,225434,76.7908438818565,78.12,75.23,237,128,109
256,225518,70.4267704280156,68.46,72.44,257,130,127
257,226645,60.4633023255814,51.35,70.19,215,111,104
258,228557,76.6819730941704,80.56,73.04,223,108,115
259,230929,59.728778280543,59.46,60,221,111,110
260,231079,65.3160810810811,68.99,60.22,222,129,93
261,231649,78.0208620689655,82.86,74.02,232,105,127
262,232407,67.6848780487805,66.13,68.63,164,62,102
263,232493,59.164554973822,54.93,61.67,191,71,120
264,233116,65.5299574468085,69.9,62.12,235,103,132
265,233694,61.3984186046512,66.67,56.64,215,102,113
266,233879,55.5025688073395,53.26,57.14,218,92,126
267,234080,62.8729113924051,57.58,66.67,237,99,138
268,235348,76.7741732283465,80,74.31,254,110,144
269,236967,45.81859030837,55.86,36.21,227,111,116
270,241721,69.3632947976879,58.23,78.72,173,79,94
271,241956,75.5841314553991,71.84,79.09,213,103,110
272,242129,70.7772727272727,75,65.71,154,84,70
273,244655,73.2582887700535,71.15,75.9,187,104,83
274,246272,65.5173891625616,50,75.61,203,80,123
275,246334,75.967296137339,72.38,78.91,233,105,128
276,248024,68.7865317919075,66.99,71.43,173,103,70
277,250048,76.19,79.83,71.43,210,119,91
278,250964,75.617479338843,73.98,77.31,242,123,119
279,253183,65.6116742081448,70.49,59.6,221,122,99
280,253565,75.688623853211,75.18,76.62,218,141,77
281,254143,81.7447619047619,83.59,79.84,252,128,124
282,255230,62.1187878787879,64.21,60.19,198,95,103
283,256082,63.6771367521368,55.05,71.2,234,109,125
284,256522,78.1906382978723,81.52,75,188,92,96
285,256816,60.9271008403361,56.1,66.09,238,123,115
286,257616,56.6,62.18,49.46,212,119,93
287,258316,55.8933187772926,46.73,63.93,229,107,122
288,259700,72.9347368421053,70,75.74,266,130,136
289,260269,68.4466990291262,73.87,62.11,206,111,95
290,260522,75.2992430278885,75.97,74.59,251,129,122
291,261748,69.2341025641026,66.67,71.67,234,114,120
292,263021,74.5754237288136,71.31,78.07,236,122,114
293,265371,66.8250710900474,43.53,82.54,211,85,126
294,266726,76.3494190871369,72.65,79.84,241,117,124
295,266849,74.4390582959641,74.23,74.6,223,97,126
296,269754,82.7941935483871,77.66,88.04,186,94,92
297,269964,65.4010970464135,64.84,66.06,237,128,109
298,270559,63.5937788018433,67.77,58.33,217,121,96
299,271445,65.73,66.94,64.52,248,124,124
300,271993,70.3218699186992,68.85,71.77,246,122,124
301,272287,64.0535294117647,69.23,60.23,153,65,88
302,272362,73.1456944444444,72.38,73.87,216,105,111
303,273564,50.6030120481928,40.28,58.51,166,72,94
304,273675,54.1214117647059,48.94,60.53,170,94,76
305,274143,70.717679558011,72.94,68.75,181,85,96
306,278771,47.5631707317073,73.08,24.42,164,78,86
307,281764,77.1544827586207,81.13,73.81,232,106,126
308,281900,75.4689622641509,72.16,78.26,212,97,115
309,281928,81.1503278688525,80.51,81.75,244,118,126
310,281964,72.4126724137931,66.36,77.87,232,110,122
311,282158,77.6404471544715,81.6,73.55,246,125,121
312,283107,64.0379310344828,77.14,50,203,105,98
313,284022,48.2220304568528,32.94,59.82,197,85,112
314,285989,71.8911891891892,65.15,75.63,185,66,119
315,286661,70.4867400881057,75.79,66.67,227,95,132
316,289554,59.6627731092437,65.57,53.45,238,122,116
317,292476,67.8588095238095,59.65,74.64,252,114,138
318,294608,74.1610526315789,70.45,76.86,209,88,121
319,296110,70.9004918032787,71.97,69.64,244,132,112
320,296729,68.8636263736264,67.39,70.37,273,138,135
321,298044,65.2355238095238,69.91,59.79,210,113,97
322,299300,74.7830434782609,65.83,84.55,230,120,110
323,299447,59.9064150943396,63.64,55.88,212,110,102
324,299466,53.7106986899563,43.55,65.71,229,124,105
325,299907,57.9417757009346,40.95,74.31,214,105,109
326,300878,25.3729353233831,3.96,47,201,101,100
327,301575,70.8110526315789,68,73.39,209,100,109
328,302067,76.8809677419355,75,78.57,186,88,98
329,302211,80.9075,77.39,84.76,220,115,105
330,302419,79.4770305676856,79.2,79.81,229,125,104
331,303936,64.7923474178404,63.87,65.96,213,119,94
332,304057,72.649358974359,68.29,77.48,234,123,111
333,304359,63.8403571428572,59.13,68.81,224,115,109
334,304435,68.9824074074074,75.81,59.78,216,124,92
335,304451,75.2197826086957,74.36,76.11,230,117,113
336,304838,75.1343915343915,72.83,77.32,189,92,97
337,305017,79.4568108108108,78.31,80.39,185,83,102
338,305438,63.69125,49.21,72.38,168,63,105
339,305444,71.1876836158192,75.26,66.25,177,97,80
340,305614,78.1687336244541,77.97,78.38,229,118,111
341,306412,63.3662376237624,66.67,59.79,202,105,97
342,308053,60.4178125,68.87,50,192,106,86
343,308832,59.8768862275449,76.92,39.47,167,91,76
344,309383,70.5598130841122,70.34,70.83,214,118,96
345,310377,59.9989130434783,61.79,57.94,230,123,107
346,311068,54.55,58.1,49.3,176,105,71
347,311676,70.286320754717,69.7,70.8,212,99,113
348,311802,71.12,78.38,64.46,232,111,121
349,312250,68.8778423236514,72.41,65.6,241,116,125
350,312898,69.804,64.75,74.44,255,122,133
351,314005,74.5606140350877,76.6,73.13,228,94,134
352,314645,69.6409821428571,73.83,65.81,224,107,117
353,314780,74.0170866141732,71.19,76.47,254,118,136
354,315315,69.8504044117647,67.88,71.85,272,137,135
355,316258,76.4155021834061,78.81,73.87,229,118,111
356,316420,67.9245754716981,71.03,64.76,212,107,105
357,316504,65.10640625,70.33,60.4,192,91,101
358,317206,62.0951612903226,79.41,41.07,248,136,112
359,319577,80.3286065573771,83.05,77.78,244,118,126
360,322915,74.7765765765766,76,73.2,222,125,97
361,326388,73.74,76.77,70.71,198,99,99
362,333127,33.3336363636364,20.18,46.15,231,114,117
363,333635,78.8669072164949,78.57,79.17,194,98,96
364,334868,57.9208415841584,62.16,52.75,202,111,91
365,335158,53.4098863636364,48.89,58.14,176,90,86
366,335164,57.2854368932039,42.16,72.12,206,102,104
367,335476,69.3036633663366,67.07,70.83,202,82,120
368,335855,74.6742358078603,78.85,71.2,229,104,125
369,335875,70.6432110091743,71.88,69.67,218,96,122
370,336031,80.09,80.53,79.65,226,113,113
371,336100,82.0175877192982,78.15,86.24,228,119,109
372,337010,74.4522907488987,73.27,75.4,227,101,126
373,338511,50.2384688995215,62.62,37.25,209,107,102
374,338595,61.0147457627119,53.93,68.18,177,89,88
375,338741,70.4661139896373,64.77,75.24,193,88,105
376,338861,66.4626829268293,65.06,67.9,164,83,81
377,339415,67.8747058823529,66.35,69.23,221,104,117
378,339680,57.0733658536585,64.52,50.89,205,93,112
379,340864,69.2316346153846,65.12,72.13,208,86,122
380,341315,73.9374468085106,75,72.73,188,100,88
381,341727,76.7310891089109,73.68,79.44,202,95,107
382,342616,71.3546875,65.59,76.77,192,93,99
383,344188,84.1369162995595,82.52,85.48,227,103,124
384,346216,80.4872195121951,85.32,75,205,109,96
385,346603,74.7894957983193,68.1,81.15,238,116,122
386,346669,67.2457641921397,65.32,69.52,229,124,105
387,348178,71.3607981220657,69.75,73.4,213,119,94
388,348217,70.001052631579,71.67,67.14,190,120,70
389,349242,71.5798947368421,78.43,63.64,190,102,88
390,351133,71.5620853080569,72.26,70.27,211,137,74
391,352001,72.7687946428571,64.49,80.34,224,107,117
392,352133,66.66375,65.67,67.92,240,134,106
393,353872,73.5856603773585,71.03,76.19,212,107,105
394,356672,74.3278828828829,87.16,61.95,222,109,113
395,356789,73.1237944664032,73.44,72.8,253,128,125
396,357706,64.9488659793815,69.62,61.74,194,79,115
397,357751,69.7648372093023,67.59,71.96,215,108,107
398,360062,61.9978,61.11,63.04,200,108,92
399,360906,44.4436842105263,38.71,51.28,171,93,78
400,364122,82.978,88.39,78.05,235,112,123
401,364782,74.651198156682,73.83,75.45,217,107,110
402,365474,74.6136787564767,77.88,70,193,113,80
403,366007,73.0256744186047,68.09,76.86,215,94,121
404,366885,66.2640963855422,55,72.64,166,60,106
405,367535,60.501,65.96,55.66,200,94,106
406,367744,72.0481496062992,72.87,71.2,254,129,125
407,368663,64.6287336244541,68.38,60.71,229,117,112
408,369640,75.8015068493151,66.67,88.89,219,129,90
409,369960,75.8793467336683,71.55,81.93,199,116,83
410,371058,75.1266321243523,92.45,54.02,193,106,87
411,371578,81.1608695652174,74.53,88.12,207,106,101
412,371588,72.4174568965517,74.05,70.3,232,131,101
413,372474,52.5772164948454,36.17,68,194,94,100
414,373457,75.6268067226891,73.28,78.5,238,131,107
415,373506,73.077905982906,68.07,78.26,234,119,115
416,374172,74.9996875,67.78,81.37,192,90,102
417,377521,55.6304635761589,34.62,78.08,151,78,73
418,378316,74.7357894736842,65.93,82.83,190,91,99
419,378758,74.3460869565217,80.29,65.59,230,137,93
420,380903,68.7753846153846,58.82,80.39,221,119,102
421,381132,81.7457142857143,75.76,88.33,252,132,120
422,382996,64.1800497512438,67.29,60.64,201,107,94
423,383591,70.1425118483412,69.37,71,211,111,100
424,383606,66.0388679245283,68.89,62.32,159,90,69
425,383927,65.7438888888889,64.41,67.35,216,118,98
426,384479,66.4625609756098,67.01,65.67,164,97,67
427,384864,53.6221014492754,46.27,60.56,138,67,71
428,385360,74.6215736040609,68.37,80.81,197,98,99
429,385486,58.8237967914438,66.97,47.44,187,109,78
430,385545,71.87484375,69.7,74.19,192,99,93
431,385555,73.1501388888889,74.77,71.56,216,107,109
432,388988,58.26,43.48,73.04,230,115,115
433,389557,66.4857142857143,66.67,66.28,182,96,86
434,390527,47.8789696969697,43.9,51.81,165,82,83
435,390595,75.51,73.81,77.31,245,126,119
436,390622,71.8054185022026,64.42,78.05,227,104,123
437,392993,67.3227227722772,73.33,60.82,202,105,97
438,393054,82.1059633027523,78.7,85.45,218,108,110
439,396618,76.9908849557522,71.57,81.45,226,102,124
440,396680,79.8184403669725,74.11,85.85,218,112,106
441,396711,75.4788122605364,73.95,76.76,261,119,142
442,399742,59.7993467336683,34.38,71.85,199,64,135
443,399749,54.5465550239234,51.85,57.43,209,108,101
444,399822,59.9145454545455,55.26,64.06,242,114,128
445,399833,55.0661674008811,59.26,51.26,227,108,119
446,400091,75.2335514018691,75.49,75,214,102,112
447,400334,65.8003896103896,64.81,66.67,231,108,123
448,400521,70.9011475409836,72.17,69.77,244,115,129
449,401057,63.7316580310881,70.97,57,193,93,100
450,403536,65.3861538461538,79.31,47.83,208,116,92
451,403710,72.8216923076923,79.63,64.37,195,108,87
452,404085,67.8068780487805,68.27,67.33,205,104,101
453,404433,84.4575647668394,81.58,88.61,193,114,79
454,404541,84.3237837837838,87.88,80.23,185,99,86
455,404841,68.0976687116564,65.22,70.21,163,69,94
456,405001,68.133021978022,64,71.03,182,75,107
457,405971,72.6853658536585,78.1,67,205,105,100
458,406741,83.50285,91.57,77.78,200,83,117
459,407607,71.7286910994764,62.32,77.05,191,69,122
460,410198,63.3654455445545,67.62,58.76,202,105,97
461,410966,70.9293023255814,78.82,63.22,172,85,87
462,412941,32.6919230769231,45.33,20.99,156,75,81
463,413269,61.3862376237624,63.64,59.22,202,99,103
464,413377,78.1596551724138,83.33,74.51,174,72,102
465,416443,69.9571830985915,62.75,76.58,213,102,111
466,416776,62.1907960199005,61.95,62.5,201,113,88
467,416950,68.8713679245283,66.67,70.8,212,99,113
468,416981,57.7089552238806,58.65,56.7,201,104,97
469,417582,67.4161235955056,71.56,60.87,178,109,69
470,418755,68.8141935483871,54.44,82.29,186,90,96
471,421428,82.2649261083744,77.32,86.79,203,97,106
472,422441,65.8514634146341,77.27,52.63,164,88,76
473,424119,77.2255445544554,81.05,73.83,202,95,107
474,424183,79.9028229665072,77.57,82.35,209,107,102
475,425639,81.4445360824742,87.13,75.27,194,101,93
476,426370,69.7475384615385,58.43,79.25,195,89,106
477,426480,89.9428491620112,83.33,95.79,179,84,95
478,427195,69.2837254901961,74.73,61.29,153,91,62
479,427403,59.9976666666667,68.42,45.45,150,95,55
480,429152,72.7748888888889,64.63,79.59,180,82,98
481,429474,74.0712698412699,70.11,77.45,189,87,102
482,429780,58.9288095238095,35.21,76.29,168,71,97
483,433761,74.1074107142857,76.27,71.7,112,59,53
484,435741,12.065,13.79,10.34,116,58,58
485,436317,29.998125,44.44,11.43,80,45,35
486,436499,60.61,55.56,66.67,99,54,45
487,436529,28.0372897196262,28,28.07,107,50,57
488,436939,50.5278947368421,34.29,60,95,35,60
489,437365,60.3571171171171,67.39,55.38,111,46,65
490,438701,55.3436477987421,57.5,53.16,159,80,79
491,443443,76.4371727748691,76.85,75.9,191,108,83
492,444477,67.9597087378641,63.04,71.93,206,92,114
493,445169,70.5583248730965,71.43,69.81,197,91,106
494,445292,51.554,50.91,52.17,225,110,115
495,445350,67.1392957746479,74.75,60.53,213,99,114
496,445379,70.2663783783784,75.82,64.89,185,91,94
497,445462,65.6084615384615,74.31,57.14,221,109,112
498,445473,46.2833714285714,53.93,38.37,175,89,86
499,445773,69.9002551020408,80.2,58.95,196,101,95
500,446075,75.4495209580838,81.61,68.75,167,87,80
501,446080,57.9294482758621,51.61,62.65,145,62,83
502,447798,60.3166666666667,74.75,44.44,189,99,90
503,447830,73.5740932642487,80.2,66.3,193,101,92
504,449284,71.2125252525252,75.96,65.96,198,104,94
505,451886,75.2419417475728,80,69.79,206,110,96
506,451908,71.0264953271028,75.63,65.26,214,119,95
507,453463,76.6382242990654,79.51,72.83,214,122,92
508,453482,69.2305769230769,75.44,61.7,208,114,94
509,453814,65.6590361445783,72.16,56.52,166,97,69
510,454720,52.0854166666667,54.29,50,144,70,74
511,454964,67.659552238806,71.17,63.33,201,111,90
512,455051,65.3176878612717,60.32,68.18,173,63,110
513,455057,63.8729842931937,64.76,62.79,191,105,86
514,455273,66.8313658536585,68.27,65.35,205,104,101
515,455378,65.8027461139896,70.41,61.05,193,98,95
516,455860,75.9745810055866,86.79,60.27,179,106,73
517,458563,17.2750909090909,18.92,15.6,220,111,109
518,460501,67.0103092783505,62.24,71.88,194,98,96
519,461351,66.1556923076923,53.57,75.68,195,84,111
520,461701,81.1405714285714,67.9,92.55,175,81,94
521,461814,22.7407058823529,26.98,18.6,255,126,129
522,462140,74.8935064935065,75,74.8,231,108,123
523,462365,60.7843137254902,62.5,59,204,104,100
524,462737,76.1060176991151,80.7,71.43,226,114,112
525,464168,63.8317553191489,75.26,51.65,188,97,91
526,464974,67.7639344262295,75.68,55.56,183,111,72
527,466934,78.2570652173913,83.33,73.4,184,90,94
528,472574,69.2782352941176,73.33,63.49,153,90,63
529,475368,67.7969491525424,67.74,67.86,118,62,56
530,475539,64.6633834586466,66.67,62.5,133,69,64
531,475822,72.4384251968504,72.6,72.22,127,73,54
532,476154,44.9128813559322,60.34,30,118,58,60
533,477023,30.0775609756098,29.82,30.3,123,57,66
534,477252,67.9985,64.44,70.91,100,45,55
535,477409,59.7691954022988,65.79,55.1,87,38,49
536,477424,57.500875,67.44,45.95,80,43,37
537,477611,69.3204545454545,73.08,63.89,88,52,36
538,478661,15.5809090909091,7.14,25.71,77,42,35
539,479259,26.6693333333333,34.15,20.41,90,41,49
540,479267,17.9775280898876,20.45,15.56,89,44,45
541,479467,50.5252631578947,58.54,44.44,95,41,54
542,479910,67.3670526315789,69.77,65.38,95,43,52
543,480025,50.6216049382716,45.95,54.55,81,37,44
544,480653,53.2718691588785,51.92,54.55,107,52,55
545,481323,54.869203539823,50,59.02,113,52,61
546,481422,62.5005357142857,52.63,72.73,112,57,55
547,481971,56.0366379310345,49.09,62.3,116,55,61
548,482023,46.9572173913043,36.84,56.9,115,57,58
549,482221,51.5844444444445,47.54,55.38,126,61,65
550,482363,50.8341666666667,50,51.43,120,50,70
551,482473,64.709243697479,67.8,61.67,119,59,60
552,482894,46.1510769230769,47.76,44.44,130,67,63
553,482967,34.7475423728814,34.92,34.55,118,63,55
554,483145,47.01,38.89,53.97,117,54,63
555,483712,31.658345323741,19.05,42.11,139,63,76
556,483974,53.2240322580645,57.97,47.27,124,69,55
557,483994,53.8476923076923,55.56,51.85,117,63,54
558,484507,63.19616,57.14,69.35,125,63,62
559,484535,47.9360330578512,35,60.66,121,60,61
560,484649,64.3957575757576,62.5,66.18,132,64,68
561,485293,74.6141538461538,76.62,71.7,130,77,53
562,485989,41.6070469798658,29.33,54.05,149,75,74
563,486142,53.7951265822785,45.16,66.15,158,93,65
564,488369,53.2215053763441,51.06,55.43,186,94,92
565,490870,77.1688584474886,74.14,80.58,219,116,103
566,490975,58.7560451977401,40.7,75.82,177,86,91
567,492482,72.2202777777778,83.78,60,144,74,70
568,493309,69.7100961538462,63.06,77.32,208,111,97
569,494460,76.6493401015228,71.05,84.34,197,114,83
570,496111,83.0309696969697,84.27,81.58,165,89,76
571,496874,59.4211111111111,80.87,32.61,207,115,92
572,497012,75.3655072463768,71.88,78.38,207,96,111
573,497251,31.4904419889503,12.37,53.57,181,97,84
574,498856,68.5562886597938,59.26,75.22,194,81,113
575,499013,46.4898245614035,50,43.44,228,106,122
576,499056,57.7506951871658,48.1,64.81,187,79,108
577,499101,64.2828571428571,62.82,65.38,182,78,104
578,499420,70.26,73.2,67.35,195,97,98
579,499591,64.0294244604317,74.67,51.56,139,75,64
580,501895,75.7132857142857,77.78,73.87,210,99,111
581,502557,70.69,70.24,71.11,174,84,90
582,502917,71.2607185628743,79.78,61.54,167,89,78
583,507157,53.7659139784946,66.32,40.66,186,95,91
584,509700,62.5003125,58.12,67.29,224,117,107
585,511191,70.2839759036145,72.39,67.83,249,134,115
586,511831,80.1716455696203,82.26,77.88,237,124,113
587,514092,59.205223880597,62.37,56.48,201,93,108
588,515320,41.9590909090909,18.03,59.76,143,61,82
589,517055,61.5040265486726,38.95,77.86,226,95,131
590,518291,79.2927272727273,70.11,86.49,198,87,111
591,518405,75.2469801980198,80.81,69.9,202,99,103
592,519801,78.0380841121495,81.98,73.79,214,111,103
593,519838,76.163023255814,78.89,73.17,172,90,82
594,519882,85.090350877193,87.07,83.04,228,116,112
595,519939,71.3657272727273,71.29,71.43,220,101,119
596,520236,60.4073604060914,72.55,47.37,197,102,95
597,520509,87.1655080213904,86.25,87.85,187,80,107
598,521040,76.7215517241379,79.66,73.68,232,118,114
599,522195,72.1639175257732,81.08,60.24,194,111,83
600,522560,64.1797014925373,75.82,54.55,201,91,110
601,523076,74.4875308641975,67.77,81.15,243,121,122
602,525271,65.4207476635514,51.06,76.67,214,94,120
603,525310,72.8734008097166,67.23,78.12,247,119,128
604,527601,75.0009090909091,75.65,74.29,220,115,105
605,529055,67.3898913043478,57.14,79.07,184,98,86
606,533968,83.1680198019802,77.27,90.22,202,110,92
607,535221,68.3255656108597,65.35,70.83,221,101,120
608,535323,78.8612195121951,81.2,76.74,246,117,129
609,535470,71.0096218487395,67.77,74.36,238,121,117
610,536472,64.1940174672489,61.95,66.38,229,113,116
611,537801,81.8658549222798,75.27,88,193,93,100
612,538081,39.50075,43.16,36.19,200,95,105
613,540106,72.3726315789474,78.85,66.94,228,104,124
614,540238,71.3585436893204,78.5,63.64,206,107,99
615,542301,69.1949763033175,72.38,66.04,211,105,106
616,542497,76.6214285714286,78.07,75.21,231,114,117
617,542603,74.2203111111111,79.61,69.67,225,103,122
618,542612,77.2141772151899,77.48,76.98,237,111,126
619,544561,80.9540211640212,90,70.79,189,100,89
620,544972,75.5301265822785,77.32,74.29,237,97,140
621,546233,68.5574226804124,66.67,70.65,194,102,92
622,546699,71.6975471698113,79.63,63.46,212,108,104
623,546805,74.9984433962264,76.34,73.95,212,93,119
624,547159,75.2769230769231,75.56,75,182,90,92
625,547562,57.3157317073171,51.28,62.79,164,78,86
626,547804,65.3424752475248,73.68,57.94,202,95,107
627,549686,71.7148484848485,71.25,72.03,198,80,118
628,549983,68.13,69.23,67.03,182,91,91
629,550289,75.8920535714286,75.73,76.03,224,103,121
630,551789,78.7453623188406,80.53,76.6,207,113,94
631,552706,63.7874054054054,66.67,61.39,185,84,101
632,552922,67.7598360655738,73.03,62.77,183,89,94
633,553686,78.9458333333333,75.79,81.2,228,95,133
634,556379,61.7249382716049,65.83,57.72,243,120,123
635,556924,74.2232,73.77,74.76,225,122,103
636,559463,70.1436018957346,68.63,71.56,211,102,109
637,559818,42.6648,39.81,45.3,225,108,117
638,559945,70.6399082568807,71.17,70.09,218,111,107
639,561595,77.1698369565217,71.6,81.55,184,81,103
640,561784,62.382,69.05,52.38,210,126,84
641,563125,77.958693877551,79.51,76.42,245,122,123
642,564147,66.5175,65.71,67.23,224,105,119
643,564639,68.9957,73.4,65.09,200,94,106
644,565474,58.676887755102,58.95,58.42,196,95,101
645,565609,66.3659192825112,67.62,65.25,223,105,118
646,565634,71.3630909090909,73.15,69.64,220,108,112
647,565698,72.5595348837209,75,69.7,215,116,99
648,565880,64.0348275862069,62.24,65.71,203,98,105
649,567070,71.7814851485149,78.43,65,202,102,100
650,567878,81.0817837837838,79.57,82.61,185,93,92
651,568003,64.5832638888889,40,84.81,144,65,79
652,568137,54.9769668246445,52.34,57.69,211,107,104
653,568257,66.4968020304569,60.2,72.73,197,98,99
654,568378,76.5290816326531,74.51,78.72,196,102,94
655,568466,68.7520833333333,78,58.7,192,100,92
656,568739,62.1358252427184,51.09,71.05,206,92,114
657,568954,64.7032941176471,62.82,66.3,170,78,92
658,569395,54.5049785407725,35.92,69.23,233,103,130
659,569716,76.0551643192488,75.23,76.92,213,109,104
660,570233,71.1838983050847,72.97,68.18,177,111,66
661,571082,72.5221621621622,71.3,73.68,222,108,114
662,571789,67.3690526315789,61.7,72.92,190,94,96
663,573233,57.8209478672986,52.34,63.46,211,107,104
664,575659,70.7143933054393,65.22,75.81,239,115,124
665,576079,74.3570085470085,69.91,78.51,234,113,121
666,578283,77.9276576576576,73.77,83,222,122,100
667,578681,78.2035897435897,76.61,80,234,124,110
668,581700,84.8630733944954,81.74,88.35,218,115,103
669,582069,67.9440669856459,70.37,65.35,209,108,101
670,582090,65.8388819875777,68.54,62.5,161,89,72
671,582827,67.0038578680203,55.24,80.43,197,105,92
672,584678,74.406682464455,74.51,74.31,211,102,109
673,584707,75.9447169811321,75.93,75.96,212,108,104
674,585733,69.901359223301,62.5,78.72,206,112,94
675,586027,64.2851020408163,57.61,70.19,196,92,104
676,587567,72.5110900473934,67.44,76,211,86,125
677,587755,62.7796860986547,49.49,73.39,223,99,124
678,587831,53.5878947368421,68.93,38.68,209,103,106
679,588461,72.7278354978355,59.63,84.43,231,109,122
680,588975,79.7619047619048,75,85,252,132,120
681,589210,47.8270652173913,40.66,54.84,184,91,93
682,593598,70.2825702811245,73.39,67.2,249,124,125
683,595273,64.5736771300448,63.11,65.83,223,103,120
684,595822,81.7752336448598,91.11,75,214,90,124
685,596050,71.5004,75.86,65.48,200,116,84
686,596071,78.8127966101695,82.05,75.63,236,117,119
687,596134,76.284347826087,81.82,71.21,253,121,132
688,597418,65.5322127659574,75.93,56.69,235,108,127
689,597656,77.777037037037,84.17,71.54,243,120,123
690,597821,72.8131797235023,78.9,66.67,217,109,108
691,599718,78.4687559808612,75.73,81.13,209,103,106
692,600607,74.1625358851675,76.29,72.32,209,97,112
693,600914,58.0127071823204,70.3,42.5,181,101,80
694,601175,72.4019457013575,75.93,69.03,221,108,113
695,605358,78.975,88.79,69.16,214,107,107
696,610842,76.9598260869565,89.22,67.19,230,102,128
697,612261,67.4512941176471,77.68,59.44,255,112,143
698,612732,74.4579220779221,72.28,76.15,231,101,130
699,612916,81.1784705882353,73.2,91.78,170,97,73
700,613109,59.8007843137255,59.09,60.34,204,88,116
701,614126,68.4875210084034,72.73,64.1,238,121,117
702,615791,69.8867567567568,63.81,74.03,259,105,154
703,615847,59.1755056179775,63.49,55.32,267,126,141
704,617649,74.2976635514019,73.33,75,214,90,124
705,618289,79.7578137651822,80.8,78.69,247,125,122
706,618669,72.5884263959391,62.79,80.18,197,86,111
707,619726,55.8695774647887,50.54,60,213,93,120
708,621140,78.0642750929368,70.27,83.54,269,111,158
709,621620,73.8091428571429,70.19,77.36,210,104,106
710,622199,77.4527272727273,82.4,73.33,275,125,150
711,623334,67.7933898305085,73.39,62.99,236,109,127
712,625739,74.9105376344086,68.85,79.62,279,122,157
713,625818,78.9439097744361,84.44,73.28,266,135,131
714,626625,1.02030612244898,1.48,0.63,294,135,159
715,626956,66.6694117647059,70.24,64.17,204,84,120
716,627043,73.4704489795919,74.59,72.36,245,122,123
717,627714,78.4423853211009,76.09,80.16,218,92,126
718,627740,82.6828571428571,86.36,79.34,231,110,121
719,627768,72.6893392070485,79.44,66.67,227,107,120
720,627933,74.3047826086957,71.07,77.27,253,121,132
721,628047,77.6603723404255,77.23,78.16,188,101,87
722,628067,72.4498979591837,61.18,81.08,196,85,111
723,629160,53.7163428571429,27.16,76.6,175,81,94
724,633244,75.5317553191489,66.29,83.84,188,89,99
725,633343,72.2713636363636,74.56,69.81,220,114,106
726,634009,62.8647679324895,49.51,73.13,237,103,134
727,634045,79.5059836065574,80.87,78.29,244,115,129
728,634366,76.2559360730594,79,73.95,219,100,119
729,634660,80.9280930232558,78.76,83.33,215,113,102
730,635025,79.8260944206009,75.7,83.33,233,107,126
731,635556,85.9644444444444,93.75,79.12,171,80,91
732,635964,81.2198477157361,83.87,78.85,197,93,104
733,637613,67.473932038835,64.95,69.72,206,97,109
734,638686,76.8501388888889,80.18,73.33,216,111,105
735,639838,76.1084955752212,73.79,78.05,226,103,123
736,640596,65.2943835616438,58.33,70.73,219,96,123
737,641045,72.0920465116279,60.67,80.16,215,89,126
738,641537,52.3822857142857,15.28,71.74,210,72,138
739,642444,29.7145283018868,24.73,33.61,212,93,119
740,643951,76.2229433962264,73.28,79.1,265,131,134
741,645853,76.7002427184466,74.7,78.05,206,83,123
742,646624,70.6377777777778,65.55,75.19,252,119,133
743,647048,84.5138938053097,84.62,84.4,226,117,109
744,647207,67.813991416309,59.62,74.42,233,104,129
745,647398,74.7976,70.83,78.46,250,120,130
746,647597,75.6943027888446,73.17,78.12,251,123,128
747,647619,74.1912903225806,67.24,80.3,248,116,132
748,647666,74.39568,73.48,75.42,250,132,118
749,648323,73.5513223140496,68.1,78.57,242,116,126
750,648463,65.4642168674699,62.31,68.91,249,130,119
751,652762,69.6271028037383,54.44,80.65,214,90,124
752,655075,69.8024752475248,70.33,69.37,202,91,111
753,655780,77.8727659574468,79.03,76.58,235,124,111
754,656082,82.5078475336323,81.03,84.11,223,116,107
755,656352,76.8528703703704,70.91,83.02,216,110,106
756,656812,64.1869302325581,53.19,72.73,215,94,121
757,657276,80.272466367713,83.04,77.48,223,112,111
758,658561,74.3952173913043,78.63,68.89,207,117,90
759,658582,76.7324489795918,77.69,75.65,245,130,115
760,659014,72.5392227979275,78.89,66.99,193,90,103
761,659155,75.4452232142857,74.8,76.29,224,127,97
762,659320,79.5463636363636,77.97,81.37,220,118,102
763,659533,81.1324056603774,80.8,81.61,212,125,87
764,660586,68.6201595744681,66.67,70.3,188,87,101
765,661097,77.7341176470588,83.21,71.03,238,131,107
766,662390,78.6456770833333,69.66,86.41,192,89,103
767,662442,80.9958823529412,82.05,79.81,221,117,104
768,662577,81.1440571428572,74.04,91.55,175,104,71
769,663806,80.3835885167464,82.5,77.53,209,120,89
770,664148,71.7269109947644,71.28,72.16,191,94,97
771,664994,75.8748684210526,82.96,65.59,228,135,93
772,665039,78.2828,79.46,76.19,175,112,63
773,665846,19.7666279069767,17.48,22.61,258,143,115
774,666152,60.1003448275862,73.79,46,203,103,100
775,667485,83.1536956521739,75.58,89.8,184,86,98
776,667662,73.8735135135135,72.22,75.44,222,108,114
777,667879,69.3608936170213,62.83,75.41,235,113,122
778,668423,79.6802139037433,86.44,68.12,187,118,69
779,668638,77.2491469194313,69.47,83.62,211,95,116
780,670398,79.5897959183673,74.39,83.33,196,82,114
781,670512,68.2855947136564,71.67,64.49,227,120,107
782,671387,69.5107317073171,80.58,50.82,164,103,61
783,671495,71.2987443946189,72.34,70.54,223,94,129
784,672560,80.6323423423423,78,82.79,222,100,122
785,672955,82.3297844827586,78.65,84.62,232,89,143
786,673019,77.2718181818182,75.34,78.4,198,73,125
787,673302,82.1060091743119,85.26,79.67,218,95,123
788,674344,79.6959898477157,82.93,77.39,197,82,115
789,675948,76.2992962962963,79.34,73.83,270,121,149
790,677757,73.8466153846154,62.5,79.39,195,64,131
791,678715,70.5183665338646,67.59,72.73,251,108,143
792,678857,76.926043956044,66.67,84.97,273,120,153
793,679446,73.9528372093023,77.12,70.1,215,118,97
794,680223,71.9844357976654,74.8,69.4,257,123,134
795,680554,49.1251315789474,66.09,31.86,228,115,113
796,680766,50.6429184549356,64.6,37.5,233,113,120
797,680987,71.219520295203,73.43,68.75,271,143,128
798,681050,66.2172297297297,73.86,58.04,296,153,143
799,681232,78.4355762081784,82.11,75.34,269,123,146
800,682179,77.3098739495798,75.57,79.44,238,131,107
801,683005,64.7541850220264,65.45,64.1,227,110,117
802,683433,58.9938493723849,50.39,68.75,239,127,112
803,684619,48.2116071428571,54.47,40.59,224,123,101
804,685708,76.9198380566802,80.3,73.04,247,132,115
805,686215,55.04,36.97,73.11,238,119,119
806,686361,81.7148249027237,80.47,82.95,257,128,129
807,686515,72.6161904761905,74.24,70.83,252,132,120
808,687054,67.941004784689,66.98,68.93,209,106,103
809,687070,74.345652173913,69.85,80.85,230,136,94
810,688393,76.3479668049793,79.7,72.22,241,133,108
811,689241,76.0128048780488,71.3,80.15,246,115,131
812,690470,72.2713445378151,64.17,80.51,238,120,118
813,691661,46.6664444444444,59.31,23.75,225,145,80
814,692418,81.8190909090909,82.71,80.61,231,133,98
815,692439,87.393781512605,83.59,91.82,238,128,110
816,692542,72.6474358974359,73.48,71.57,234,132,102
817,692697,79.4224187725632,80.69,78.03,277,145,132
818,692891,79.0910909090909,76.99,81.31,220,113,107
819,693483,70.139336492891,68.25,72.94,211,126,85
820,694314,78.2752459016393,77.27,79.46,244,132,112
821,694962,69.0415481171548,80.99,51.55,239,142,97
822,695022,77.6134328358209,80,74.8,268,145,123
823,696932,69.8412698412698,61.06,76.98,252,113,139
824,696974,58.2703007518797,47.97,67.13,266,123,143
825,698538,61.5735648148148,65.29,56.84,216,121,95
826,698772,59.8322175732218,40,74.1,239,100,139
827,699743,63.023781512605,45.37,77.69,238,108,130
828,700384,77.8225217391304,83.33,72.41,230,114,116
829,703754,64.6508837209302,63.3,66.04,215,109,106
830,704075,67.4402790697674,75,59.22,215,112,103
831,704799,81.0023,79.07,82.46,200,86,114
832,707652,75.8626436781609,72.15,78.95,174,79,95
833,710127,69.1174509803921,57.61,78.57,204,92,112
834,710419,60.6950248756219,64.15,56.84,201,106,95
835,711423,76.6976699029126,74.77,78.95,206,111,95
836,712957,56.7046951219512,55.84,57.47,164,77,87
837,713385,17.4465106382979,17.86,17.07,235,112,123
838,718891,72.3111282051282,61.45,80.36,195,83,112
839,720381,58.6628,53.93,61.76,225,89,136
840,721324,61.9968,61.7,62.26,200,94,106
841,721869,74.176103286385,75,73.39,213,104,109
842,722003,74.9009960159363,79.53,70.16,251,127,124
843,722684,74.151906779661,75.97,71.96,236,129,107
844,723368,82.40308,82.95,81.82,250,129,121
845,725283,77.4579508196721,83.33,73.24,244,102,142
846,727957,76.4407692307692,80.21,73.21,208,96,112
847,729046,70.9542380952381,68.54,72.73,210,89,121
848,729124,72.3960416666667,76.92,68.32,192,91,101
849,729709,70.0968691588785,72.82,67.57,214,103,111
850,729997,72.1379104477612,69.9,74.49,201,103,98
851,730787,74.680253164557,78.82,69.86,158,85,73
852,731802,72.8127184466019,79.09,65.62,206,110,96
853,731809,71.9759340659341,79,63.41,182,100,82
854,735153,44.7046470588235,35.06,52.69,170,77,93
855,735179,35.8405202312139,24.47,49.37,173,94,79
856,736514,64.8918085106383,68.89,61.22,188,90,98
857,736693,76.9964,83.33,71.15,200,96,104
858,738020,3.62782258064516,3.1,4.2,248,129,119
859,738031,2.11029535864979,3.36,0.85,237,119,118
860,741118,68.7215384615385,85.06,55.56,195,87,108
861,741753,48.6658666666667,63.16,33.78,150,76,74
862,741906,73.0396078431373,81.9,61.36,204,116,88
863,743965,77.1210169491525,76.79,77.42,236,112,124
864,745091,68.6581592039801,71.29,66,201,101,100
865,746134,78.0817808219178,75.44,80.95,219,114,105
866,747067,73.7409090909091,71.3,76.67,198,108,90
867,747805,61.9660122699386,63.27,60,163,98,65
868,749155,60.0023111111111,61.02,58.88,225,118,107
869,749172,68.0408675799087,66.35,69.57,219,104,115
870,749476,80.293125,74.73,84.62,208,91,117
871,751288,71.0732231404959,74.22,67.54,242,128,114
872,751891,83.6746428571429,73.63,92.38,196,91,105
873,754362,60.2542307692308,52.05,67.47,156,73,83
874,754484,40.806091954023,58.49,13.24,174,106,68
875,755730,66.2699408284024,71.96,56.45,169,107,62
876,756959,66.0034,66.34,65.66,200,101,99
877,757038,49.6904347826087,38.16,60,161,76,85
878,757217,56.9103314917127,59.76,54.55,181,82,99
879,757228,44.9241176470588,50.51,38.64,187,99,88
880,757246,41.8600465116279,33.03,50.94,215,109,106
881,757669,73.3681909547739,75.51,71.29,199,98,101
882,757717,84.0239175257732,87.76,80.21,194,98,96
883,757751,73.3312727272727,71.08,75.61,165,83,82
884,757945,67.6496568627451,71.29,64.08,204,101,103
885,758202,68.5287817258883,69.79,67.33,197,96,101
886,758455,47.5963636363636,47.06,48.24,187,102,85
887,760213,83.6027868852459,74.44,92.47,183,90,93
888,761057,73.0326966292135,65,79.59,178,80,98
889,762598,67.8798787878788,56.45,74.76,165,62,103
890,762712,76.1914285714286,78.57,73.02,147,84,63
891,762938,70.4112426035503,67.74,73.68,169,93,76
892,765626,75.0002325581395,79.27,71.11,172,82,90
893,766270,71.1244385026738,71.29,70.93,187,101,86
894,766321,73.9114975845411,82.24,65,207,107,100
895,766822,68.0868085106383,67.71,68.48,188,96,92
896,767518,40.8453521126761,54.67,25.37,142,75,67
897,767859,75.50245,77.78,73.27,200,99,101
898,768570,82.7253926701571,79.79,85.57,191,94,97
899,770753,69.7929166666667,75.53,64.29,192,94,98
900,770970,49.4311363636364,47,52.63,176,100,76
901,771013,49.0873333333333,45.45,52.27,165,77,88
902,771322,63.2338970588235,79.01,40,136,81,55
903,771612,28.9969230769231,21.52,35.56,169,79,90
904,772627,56.82,69.7,43.94,132,66,66
905,773991,39.8123148148148,28.81,53.06,108,59,49
906,774067,84.7475423728814,87.72,81.97,118,57,61
907,774787,90.754705882353,95.65,87.67,119,46,73
908,775277,78.7214184397163,78.08,79.41,141,73,68
909,776273,65.1522727272727,63.79,66.22,132,58,74
910,776478,83.8880555555556,87.06,81.05,180,85,95
911,777696,79.7856382978723,77.55,82.22,188,98,90
912,778179,79.3932727272727,78.49,80.56,165,93,72
913,780053,67.01,71.13,62.89,194,97,97
914,780171,82.2533333333333,82.73,81.82,231,110,121
915,780940,51.1768235294118,29.69,64.15,170,64,106
916,780947,62.1652432432432,71.28,52.75,185,94,91
917,781160,79.7988888888889,73.86,84.55,198,88,110
918,782319,76.7946408839779,71.91,81.52,181,89,92
919,784201,75.4466517857143,76.15,74.78,224,109,115
920,784470,81.220985915493,80.37,82.08,213,107,106
921,785624,71.8316901408451,75.49,68.47,213,102,111
922,785898,75.631421319797,83.96,65.93,197,106,91
923,787055,83.1432558139535,82.72,83.52,172,81,91
924,789113,86.4604166666667,92.31,81.19,192,91,101
925,789401,76.2136893203884,78.12,74.55,206,96,110
926,789706,75.8942857142857,81.67,69.23,224,120,104
927,789774,72.6800515463918,76.7,68.13,194,103,91
928,790529,69.3265644171779,74.53,59.65,163,106,57
929,792265,73.618,74.11,73.17,235,112,123
930,792441,39.4371830985915,7.69,57.78,142,52,90
931,793226,75.1132,80.16,68.69,225,126,99
932,794728,70.0907589285714,72.8,66.67,224,125,99
933,795313,73.5907792207792,73.17,74.07,231,123,108
934,796714,71.363,73.55,68.69,220,121,99
935,797645,72.4437333333333,72.03,72.9,225,118,107
936,799308,79.2385169491525,72,87.39,236,125,111
937,799964,83.4133640552995,87.04,79.82,217,108,109
938,800870,78.7129702970297,80.77,76.53,202,104,98
939,800950,77.618,71.84,83.18,210,103,107
940,801666,42.5908641975309,50,33.78,162,88,74
941,801848,74.6542857142857,68.82,79.03,217,93,124
942,804774,70.3533165829146,70,70.79,199,110,89
943,804878,77.475945945946,78.57,76.04,222,126,96
944,804915,68.7831707317073,71.03,66.33,205,107,98
945,804998,47.5187943262411,49.37,45.16,141,79,62
946,805499,84.4889839572192,84.68,84.21,187,111,76
947,808139,66.8313065326633,65.32,69.33,199,124,75
948,808378,78.0371764705882,70.92,86.84,255,141,114
949,808654,69.0140845070423,55.45,83.5,213,110,103
950,808783,66.0735714285714,61.02,78,168,118,50
951,808819,77.1579695431472,66.96,91.46,197,115,82
952,812511,77.9979,83.19,70.37,200,119,81
953,814689,78.6161271676301,71.43,84.38,173,77,96
954,816492,78.6502247191011,80.46,76.92,178,87,91
955,816626,77.8954736842105,76.53,79.35,190,98,92
956,817082,75.4285142857143,78.26,72.29,175,92,83
957,818063,75.0032065217391,82.18,66.27,184,101,83
958,818677,65.6474846625767,75.26,51.52,163,97,66
959,819542,78.29,79.75,76.71,152,79,73
960,819778,74.0733333333333,78.72,67.65,162,94,68
961,820500,72.4378846153846,82.57,48.94,156,109,47
962,820547,64.3906341463415,67.52,60.23,205,117,88
963,820617,57.8062427745665,73.64,30.16,173,110,63
964,821341,75.2397142857143,71.93,79.17,210,114,96
965,821731,73.3353333333333,77.68,68.37,210,112,98
966,821968,77.6021875,84.31,70,192,102,90
967,823998,78.3052380952381,77.08,79.57,189,96,93
968,824081,53.9974,67.24,35.71,100,58,42
969,824086,66.4370547945206,53.97,75.9,146,63,83
970,824190,37.3308,34.31,43.75,150,102,48
971,826442,75.7235260115607,77.57,72.73,173,107,66
972,826662,66.67,66.67,66.67,141,78,63
973,826966,72.7272727272727,80,65,165,85,80
974,827241,74.6206598984772,74.75,74.49,197,99,98
975,827997,85.2658421052631,87.63,82.8,190,97,93
976,829133,69.1862264150943,64.29,74.67,159,84,75
977,835280,70.252,71.26,69.44,195,87,108
978,837708,81.7768444444444,81.4,82.01,225,86,139
979,838101,60.7982954545455,71.7,44.29,176,106,70
980,839617,82.5909375,86.41,79.34,224,103,121
981,839652,77.5260091743119,73.27,81.2,218,101,117
982,840222,63.9586802030457,65.66,62.24,197,99,98
983,840362,72.4646376811594,69.66,74.58,207,89,118
984,840698,70.3718518518519,76.79,63.46,216,112,104
985,840710,74.8907623318386,77.88,71.82,223,113,110
986,841282,87.1188957055215,89.66,84.21,163,87,76
987,841869,67.6328901734104,77.78,56.63,173,90,83
988,842444,82.7605517241379,82.8,82.69,145,93,52
989,843114,80.0979611650485,86,74.53,206,100,106
990,846324,96.2010970464135,91.74,100,237,109,128
991,847102,78.3071957671958,79.79,76.84,189,94,95
992,847524,77.49995,84.54,70.87,200,97,103
993,848183,78.5724285714286,76.77,80.18,210,99,111
994,850533,58.9764102564103,66.32,52,195,95,100
995,853616,70.3523618090452,56.41,79.34,199,78,121
996,853989,80.8062946428571,78.22,82.93,224,101,123
997,855331,80.7315625,87.13,73.63,192,101,91
998,856069,63.9043786982249,61.82,64.91,169,55,114
999,856074,77.9558064516129,82.35,72.62,186,102,84
1000,856393,77.418064516129,81.32,74.6,217,91,126
1001,856795,76.3964806866953,75.51,77.04,233,98,135
1002,857448,68.5104255319149,85.09,52.89,235,114,121
1003,859261,79.1506382978723,84.76,74.62,235,105,130
1004,859513,76.1658723404255,83.78,69.35,235,111,124
1005,859534,80.4870731707317,89.91,72.99,246,109,137
1006,859616,77.5395762711864,85.29,71.64,236,102,134
1007,859662,80.3844019138756,87.36,75.41,209,87,122
1008,860965,74.8616759776536,88.46,64.36,179,78,101
1009,861779,73.2066028708134,78.72,68.7,209,94,115
1010,862268,75.124776119403,74.44,75.68,201,90,111
1011,862538,83.7743421052632,90.48,78.05,228,105,123
1012,862779,72.818358974359,78.08,69.67,195,73,122
1013,865787,83.6731836734694,84.91,82.73,245,106,139
1014,866463,79.75,80.99,78.51,242,121,121
1015,867842,70.3133333333333,68.75,71.43,192,80,112
1016,868951,50.291098265896,64.52,33.75,173,93,80
1017,870159,69.0982832618026,71.43,66.94,233,112,121
1018,870389,70.6104897959184,70.49,70.73,245,122,123
1019,870786,76.7357142857143,75.4,78.15,245,126,119
1020,870851,77.0177419354839,79.2,74.8,248,125,123
1021,871289,69.13734375,70.45,67.74,256,132,124
1022,872404,66.6673417721519,58.93,73.6,237,112,125
1023,872479,47.4308571428571,35.56,60,175,90,85
1024,875256,80.5759504132231,85.34,76.19,242,116,126
1025,875280,78.5135537190083,82.54,74.14,242,126,116
1026,875562,71.5584444444444,75.21,67.31,225,121,104
1027,876304,77.9206493506493,79.82,76.07,231,114,117
1028,878009,82.5682564102564,83.49,81.4,195,109,86
1029,880936,82.0854166666667,80.91,83.08,240,110,130
1030,881888,78.69,88.14,69.84,244,118,126
1031,882720,80.001488372093,85.44,75,215,103,112
1032,884438,63.1075242718447,65.06,61.79,206,83,123
1033,884574,76.231762295082,77.88,74.81,244,113,131
1034,884589,59.0909090909091,31.75,71.85,198,63,135
1035,887750,76.4743438914027,76.79,76.15,221,112,109
1036,888092,74.4298173515982,77,72.27,219,100,119
1037,888281,63.1918404907975,54.17,70.33,163,72,91
1038,888764,66.1102222222222,85.71,46.07,180,91,89
1039,889058,79.018125,83.67,75.4,224,98,126
1040,889517,81.14,81.58,80.7,228,114,114
1041,891251,69.0033333333333,57.89,74.56,171,57,114
1042,892163,59.576524822695,71.43,47.89,141,70,71
1043,893927,79.9028921568627,86.32,74.31,204,95,109
1044,896767,79.6721978021978,85.37,75,182,82,100
1045,897287,79.5802094240838,77.17,81.82,191,92,99
1046,899338,65.067397260274,75.64,52.94,146,78,68
1047,899378,79.165,82.14,76.19,168,84,84
1048,899431,83.0047058823529,84.52,81.16,153,84,69
1049,899861,81.9475,93.83,66.67,144,81,63
1050,900014,73.1889130434783,83.91,54.9,138,87,51
1051,901233,82.6372222222222,92.77,68.85,144,83,61
1052,901386,84.4597972972973,86.42,82.09,148,81,67
1053,902058,39.5981208053691,36.25,43.48,149,80,69
1054,902390,77.7101204819277,88.42,63.38,166,95,71
1055,902543,81.4105769230769,81.93,80.82,156,83,73
1056,903044,74.9977027027027,75.58,74.19,148,86,62
1057,904613,78.4813924050633,88.37,66.67,158,86,72
1058,906358,75.5556296296296,80.36,72.15,135,56,79
1059,907261,74.7371578947368,81.13,66.67,190,106,84
1060,908536,74.61103626943,87.96,57.65,193,108,85
1061,909114,84.66,95.24,75,176,84,92
1062,909420,75.2627894736842,76.34,74.23,190,93,97
1063,909840,47.8024725274725,13.92,73.79,182,79,103
1064,911278,77.7791111111111,79.81,75,180,104,76
1065,912015,74.5227388535032,66.67,80.68,157,69,88
1066,913619,74.2430303030303,81.08,65.52,198,111,87
1067,915213,62.7091525423729,50,71.84,177,74,103
1068,915826,72.0460752688172,64.71,78.22,186,85,101
1069,917271,78.6418446601942,78.26,78.95,206,92,114
1070,921334,58.0844311377246,66.04,44.26,167,106,61
1071,921507,73.2142857142857,64.96,82.24,224,117,107
1072,922534,71.6620647773279,63.64,80.87,247,132,115
1073,925304,77.965,75.42,80.51,236,118,118
1074,927430,80.6114285714286,79,82.29,196,100,96
1075,927921,81.5229347826087,76.92,84.91,184,78,106
1076,928929,82.075,77.36,86.79,212,106,106
1077,929783,77.4008474576271,82.83,70.51,177,99,78
1078,929987,58.6802395209581,77.98,22.41,167,109,58
1079,930101,78.4540883977901,81.19,75,181,101,80
1080,931487,69.2313017751479,67.14,70.71,169,70,99
1081,935103,79.2748186528497,77.68,81.48,193,112,81
1082,935202,70.835,65.17,75.73,192,89,103
1083,935505,88.0837305699482,85.42,90.72,193,96,97
1084,936909,78.4222406639004,76.64,80.77,241,137,104
1085,937751,74.8741708542714,69.16,81.52,199,107,92
1086,938786,68.6592537313433,66.67,70.59,201,99,102
1087,939610,74.2432828282828,60.24,84.35,198,83,115
1088,941733,67.3580829015544,74.04,59.55,193,104,89
1089,942109,70.0586440677966,59.26,79.17,177,81,96
1090,943063,79.201592920354,76.86,81.9,226,121,105
1091,943768,82.5883084577114,83.7,81.65,201,92,109
1092,948060,39.5309302325581,37.89,40.83,215,95,120
1093,950394,66.2708875739645,75,53.62,169,100,69
1094,950854,70.5617766497462,63.64,76.15,197,88,109
1095,951337,70.5911764705882,78.85,63.25,221,104,117
1096,952015,74.8904405286343,81.48,68.91,227,108,119
1097,954067,42.2045871559633,27.84,53.72,218,97,121
1098,955223,74.9989622641509,82.24,67.62,212,107,105
1099,956738,76.5536363636364,75.79,77.19,209,95,114
1100,957968,77.3161111111111,79.28,75.24,216,111,105
1101,959159,67.1104,65.66,68.25,225,99,126
1102,962840,69.3095049504951,71.43,67.8,202,84,118
1103,964123,71.1248591549296,61.19,80,142,67,75
1104,964283,72.499,73.61,71.59,160,72,88
1105,964785,71.0791666666667,72.94,69.75,204,85,119
1106,965133,76.2462983425415,74.29,77.48,181,70,111
1107,967776,69.8316201117319,71.6,68.37,179,81,98
1108,967800,80.2695067264574,78.1,82.2,223,105,118
1109,969546,63.4806741573034,64.77,62.22,178,88,90
1110,972622,57.81328125,44.58,67.89,192,83,109
1111,973234,69.5626086956522,79.22,60.71,161,77,84
1112,973321,91.3044720496894,91.78,90.91,161,73,88
1113,975387,63.4427956989247,73.08,51.22,186,104,82
1114,975468,73.5136756756757,74.53,72.15,185,106,79
1115,975727,54.4377514792899,37.66,68.48,169,77,92
1116,976633,73.7891262135922,71.43,76.6,206,112,94
1117,977386,80.9278604651163,78.99,83.33,215,119,96
1118,978444,76.9681818181818,73.03,81.58,165,89,76
1119,978795,68.3631638418079,72,63.64,177,100,77
1120,979040,70.5558333333333,60.92,79.57,180,87,93
1121,980741,67.0006,75.47,57.45,200,106,94
1122,981339,62.0481325301205,62.64,61.33,166,91,75
1123,981610,68.7818518518518,79.46,53.25,189,112,77
1124,981710,52.6924550898204,51.72,53.75,167,87,80
1125,982242,66.665737704918,71.57,60.49,183,102,81
1126,982784,75.377135678392,72.55,78.35,199,102,97
1127,985880,73.8120952380952,77.59,69.15,210,116,94
1128,988008,78.142131147541,78.95,77.27,183,95,88
1129,989868,78.3341111111111,79.78,76.92,180,89,91
1130,991876,72.0941860465116,75,66.67,172,112,60
1131,993214,78.22,79.31,77.06,225,116,109
1132,993924,81.9794594594595,83.33,80.7,222,108,114
1133,996026,72.0166321243523,80.73,60.71,193,109,84
1134,996217,63.5793827160494,79.38,40,162,97,65
1135,996561,78.6120809248555,83.33,72.73,173,96,77
1136,996728,85.6356914893617,81.05,90.32,188,95,93
1137,998457,80.3086528497409,79.59,81.05,193,98,95
1138,999814,79.2351366120219,77.65,80.61,183,85,98
1139,1002631,38.1696774193548,6.25,62.26,186,80,106
1140,1008609,80.7383944954128,78.1,83.19,218,105,113
1141,1012915,63.3168341708543,42.35,78.95,199,85,114
1142,1013841,65.7308920187793,53.49,74.02,213,86,127
1143,1014421,8.97102564102564,7.27,10.48,234,110,124
1144,1015064,61.9877777777778,49.35,72.34,171,77,94
1145,1018236,85.4856989247312,90.59,81.19,186,85,101
1146,1018335,74.6040740740741,62.2,84.11,189,82,107
1147,1019365,70.589362745098,74.26,66.99,204,101,103
1148,1025105,75.6900552486188,80.72,71.43,181,83,98
1149,1025510,71.9808695652174,81.08,61.46,207,111,96
1150,1028605,80.0911574074074,82.35,77.32,216,119,97
1151,1028638,74.9996078431373,82.2,65.12,204,118,86
1152,1032537,75.8898214285714,78.18,73.68,224,110,114
1153,1032823,75.8805263157895,84.13,65.69,228,126,102
1154,1036986,74.7105747126437,60,88.76,174,85,89
1155,1037462,77.2534597156398,56.25,90.08,211,80,131
1156,1037726,69.4918644067797,64.38,73.08,177,73,104
1157,1038174,72.7674647887324,69.44,76.19,213,108,105
1158,1038564,74.3926829268293,83.7,62.5,164,92,72
1159,1038704,66.6672514619883,71.95,61.8,171,82,89
1160,1038885,79.700495049505,72.15,84.55,202,79,123
1161,1039600,50.3592805755396,59.72,40.3,139,72,67
1162,1039842,56.4632653061225,63.51,49.32,147,74,73
1163,1040627,81.5022,73.26,87.72,200,86,114
1164,1040924,80.7675961538462,77.45,83.96,208,102,106
1165,1041070,81.9132663316583,77.91,84.96,199,86,113
1166,1042273,86.4071844660194,81.98,91.58,206,111,95
1167,1042549,89.6903092783505,94.68,85,194,94,100
1168,1044056,69.291811023622,87.88,49.18,127,66,61
1169,1044158,86.1529743589744,86.73,85.57,195,98,97
1170,1045340,91.1769607843137,89.8,92.45,204,98,106
1171,1050354,78.6967455621302,79.07,78.31,169,86,83
1172,1050755,86.4418079096045,84.15,88.42,177,82,95
1173,1051667,84.2707865168539,85.88,82.8,178,85,93
1174,1053939,79.2908875739645,85.06,73.17,169,87,82
1175,1055598,81.5353846153846,81.11,81.9,195,90,105
1176,1056168,73.1866480446927,52.31,85.09,179,65,114
1177,1056291,76.3780769230769,74.03,78.1,182,77,105
1178,1056324,75.0028125,60.26,85.09,192,78,114
1179,1057145,75.5413043478261,65,83.65,184,80,104
1180,1057256,58.5472538860104,48.48,69.15,193,99,94
1181,1057340,52.1765217391304,56.82,47.92,184,88,96
1182,1057349,53.568,41.07,61.9,140,56,84
1183,1057372,71.5851366120219,67.06,75.51,183,85,98
1184,1057688,75.8190196078431,70.67,80.77,153,75,78
1185,1059053,77.475,71.43,83.52,182,91,91
1186,1059624,81.868021978022,71.59,91.49,182,88,94
1187,1061132,78.6121390374331,77.91,79.21,187,86,101
1188,1062571,81.3469430051813,80.72,81.82,193,83,110
1189,1063964,73.7407070707071,74.26,73.2,198,101,97
1190,1064077,66.8678313253012,55.26,76.67,166,76,90
1191,1065918,82.4735051546392,79.41,85.87,194,102,92
1192,1067399,66.6662962962963,71.57,58.33,162,102,60
1193,1067416,78.0342774566474,80.39,74.65,173,102,71
1194,1069311,86.1753917050691,86.44,85.86,217,118,99
1195,1070867,72.9747027027027,79.63,63.64,185,108,77
1196,1071654,70.1919230769231,65.22,76.34,208,115,93
1197,1072086,77.4702197802198,72.09,82.29,182,86,96
1198,1072941,73.29,89.13,52.17,161,92,69
1199,1073163,79.6754010695187,76.4,82.65,187,89,98
1200,1076654,77.0351674641148,78,76.15,209,100,109
1201,1079799,44.9988,52.17,38.89,100,46,54
1202,1080213,79.8739622641509,78.95,80.72,159,76,83
1203,1080510,74.1765384615385,80.95,64.94,182,105,77
1204,1081324,61.765,74.12,49.41,170,85,85
1205,1081790,80.7527230046948,82.11,79.66,213,95,118
1206,1081881,71.6284186046512,74.11,68.93,215,112,103
1207,1081893,65.6692537313433,70.64,59.78,201,109,92
1208,1081929,72.5702654867256,76.58,68.7,226,111,115
1209,1081951,58.9876497695853,64.36,54.31,217,101,116
1210,1081961,70.5588317757009,71.84,69.37,214,103,111
1211,1081981,65.3532456140351,74.55,56.78,228,110,118
1212,1082467,69.4792207792208,64.47,74.36,154,76,78
1213,1082690,43.365,59.34,29.52,196,91,105
1214,1082886,73.9424242424242,74.74,72.86,165,95,70
1215,1084010,68.83,80.68,53.03,154,88,66
1216,1084982,82.1995287958115,80.65,83.67,191,93,98
1217,1085066,72.4532142857143,74.73,70.48,196,91,105
1218,1085488,73.1712195121951,67.69,76.77,164,65,99
1219,1085642,71.4330158730159,69.57,73.2,189,92,97
1220,1085965,79.355,81.65,77.06,218,109,109
1221,1086701,77.8390909090909,77.78,77.88,176,72,104
1222,1087132,69.9999047619048,58.43,78.51,210,89,121
1223,1087786,76.0339631336406,78.3,73.87,217,106,111
1224,1089314,67.0598823529412,70.73,63.64,170,82,88
1225,1089837,73.0367647058823,80.7,63.33,204,114,90
1226,1092095,83.5574885844749,81.55,85.34,219,103,116
1227,1092361,68.9150777202073,80.36,53.09,193,112,81
1228,1093310,81.2843315508021,88.54,73.63,187,96,91
1229,1093321,82.0257603686636,86.36,77.57,217,110,107
1230,1094494,74.9954166666667,73.58,76.74,192,106,86
1231,1095221,75.1082969432315,77.78,71.84,229,126,103
1232,1096613,78.4296568627451,84.8,68.35,204,125,79
1233,1098080,74.8300699300699,77.22,71.88,143,79,64
1234,1101777,84.7422881355932,86.36,83.33,236,110,126
1235,1102341,82.49,78.45,87.13,217,116,101
1236,1102794,85.2641071428571,82.52,87.6,224,103,121
1237,1103010,76.4451555555556,76.7,76.23,225,103,122
1238,1103379,76.7204761904762,73.49,79.25,189,83,106
1239,1104858,75.1364864864865,75,75.25,185,84,101
1240,1105282,82.6508219178082,89.19,75.93,219,111,108
1241,1106104,69.7772888888889,65.93,72.39,225,91,134
1242,1107229,80.9514285714286,85.88,77.6,210,85,125
1243,1108484,77.0763414634146,72.62,80.17,205,84,121
1244,1109069,83.4627822580645,79.84,87.39,248,129,119
1245,1110035,81.5332432432432,75.49,86.67,222,102,120
1246,1110068,53.3334666666667,51.65,55.93,150,91,59
1247,1110944,71.3482702702703,56.38,86.81,185,94,91
1248,1111571,53.8505982905983,45.54,61.48,234,112,122
1249,1112084,84.1371153846154,83,85.19,208,100,108
1250,1112808,77.8830414746544,74.04,81.42,217,104,113
1251,1114443,82.0201123595506,85.71,77.5,178,98,80
1252,1115480,58.974358974359,44.78,69.66,156,67,89
1253,1118528,73.4000985221675,80.18,65.22,203,111,92
1254,1118920,71.5861363636364,80.43,61.9,176,92,84
1255,1120932,79.1029353233831,78.57,79.61,201,98,103
1256,1121765,76.9234871794872,78.57,75.26,195,98,97
1257,1123141,62.5007065217391,55.22,66.67,184,67,117
1258,1125011,77.0137356321839,90.53,60.76,174,95,79
1259,1128546,79.9986666666667,73.4,86.14,195,94,101
1260,1128640,86.4844594594595,84.88,88.71,148,86,62
1261,1129089,63.4160365853659,69.62,57.65,164,79,85
1262,1129165,75,76.47,73.53,136,68,68
1263,1132930,85.7791111111111,84.3,87.5,225,121,104
1264,1136925,82.5615384615385,76.54,86.84,195,81,114
1265,1137135,66.4565189873418,69.33,63.86,158,75,83
1266,1137803,76.0653191489362,76.67,75.51,188,90,98
1267,1138121,81.2826484018265,84.62,78.91,219,91,128
1268,1140916,79.526380952381,71.95,84.38,210,82,128
1269,1141162,80.2985714285714,75.27,84.55,203,93,110
1270,1141284,75.4499401197605,70.42,79.17,167,71,96
1271,1141972,56.213550295858,60.23,51.85,169,88,81
1272,1142433,83.4143414634146,88.54,78.9,205,96,109
1273,1144188,74.9972916666667,74.39,75.45,192,82,110
1274,1144969,61.4972727272727,55.29,66.67,187,85,102
1275,1146160,60.8717391304348,70,53.85,161,70,91
1276,1146192,69.0147887323944,73.81,62.07,142,84,58
1277,1146884,66.8568571428572,82.22,50.59,175,90,85
1278,1147505,73.50265,73.27,73.74,200,101,99
1279,1147666,74.2517365269461,75,73.24,167,96,71
1280,1147830,71.1505769230769,65.33,76.54,156,75,81
1281,1147931,54.718427672956,49.37,60,159,79,80
1282,1147949,71.0960115606936,78.57,61.33,173,98,75
1283,1148598,80.3010606060606,77.14,83.87,198,105,93
1284,1149528,69.8147641509434,65.77,74.26,212,111,101
1285,1149606,74.2434848484849,84.76,62.37,198,105,93
1286,1152330,78.612774566474,77.53,79.76,173,89,84
1287,1153446,66.47,50,77.45,170,68,102
1288,1153479,49.2053968253968,57.5,34.78,126,80,46
1289,1153923,71.7518644067797,74.74,68.29,177,95,82
1290,1154340,74.8711794871795,82.2,63.64,195,118,77
1291,1154631,69.9483606557377,59.38,81.61,183,96,87
1292,1156929,75.2399029126214,64.91,88.04,206,114,92
1293,1157233,79.2240579710145,81.34,75.34,207,134,73
1294,1157560,70.7319512195122,64.86,75.56,164,74,90
1295,1158289,71.1671165644172,60.23,84,163,88,75
1296,1159792,81.3128787878788,81.9,80.65,198,105,93
1297,1159940,82.3507058823529,80.61,84.72,170,98,72
1298,1161140,82.3185365853658,92.31,65,164,104,60
1299,1161218,76.5873170731707,70.48,83,205,105,100
1300,1161359,80.5971144278607,80.17,81.18,201,116,85
1301,1161605,71.5005314009662,69.83,73.63,207,116,91
1302,1162295,62.0270253164557,55.56,68.83,158,81,77
1303,1163332,71.959417989418,77.67,65.12,189,103,86
1304,1164310,77.6597872340426,76.53,78.89,188,98,90
1305,1164813,67.0375418994414,60.44,73.86,179,91,88
1306,1166255,73.0016,68.18,76.79,200,88,112
1307,1167842,79.1265048543689,80.85,77.68,206,94,112
1308,1169848,83.3321568627451,84,82.69,204,100,104
1309,1170899,77.2950724637681,75,79.28,207,96,111
1310,1173399,84.2660913705584,87.04,80.9,197,108,89
1311,1176137,54.8807317073171,67.05,40.79,164,88,76
1312,1176197,56.5441884816754,59.34,54,191,91,100
1313,1177283,62.79,61.63,63.95,172,86,86
1314,1177407,69.0613812154696,75.27,62.5,181,93,88
1315,1178838,73.270198019802,68.89,76.79,202,90,112
1316,1179047,74.8806161137441,81.55,68.52,211,103,108
1317,1181783,77.511775147929,75.29,79.76,169,85,84
1318,1184873,75.7595454545455,52.38,86.67,132,42,90
1319,1186638,80.5049056603773,81.82,79.27,159,77,82
1320,1187326,56.9593670886076,53.01,61.33,158,83,75
1321,1187707,36.8154395604396,28.24,44.33,182,85,97
1322,1187837,2.58725388601036,2.06,3.12,193,97,96
1323,1187860,1.55378238341969,3.06,0,193,98,95
1324,1188094,70.2677027027027,76.74,61.29,148,86,62
1325,1188431,6.84589473684211,7.53,6.19,190,93,97
1326,1189267,59.3006976744186,67.01,49.33,172,97,75
1327,1189808,33.5015463917526,21.05,45.45,194,95,99
1328,1190587,75.6383333333333,75.58,75.71,156,86,70
1329,1191148,81.4785185185185,86.9,75.64,162,84,78
1330,1191256,79.5291228070175,80.43,78.48,171,92,79
1331,1192111,79.4579459459459,80.85,78.02,185,94,91
1332,1196519,81.2829411764706,84.85,77.27,187,99,88
1333,1197710,59.755,53.66,65.85,164,82,82
1334,1204087,77.3590566037736,78.76,75.76,212,113,99
1335,1204676,64.778679245283,75,52.11,159,88,71
1336,1205570,85.9892270531401,85.48,86.75,207,124,83
1337,1206259,85.1096276595745,81.19,89.66,188,101,87
1338,1206895,71.3550251256281,73.55,67.95,199,121,78
1339,1208213,79.2307650273224,85.71,69.01,183,112,71
1340,1211116,85.9539325842697,84.21,87.95,178,95,83
1341,1211175,68.5704,63.22,73.86,175,87,88
1342,1211367,79.4282285714286,77.32,82.05,175,97,78
1343,1212152,77.7777777777778,77.55,78.05,180,98,82
1344,1212322,82.9529545454545,82.22,83.72,176,90,86
1345,1212357,85.642,82.05,91.03,195,117,78
1346,1213271,76.0492814371258,74.39,77.65,167,82,85
1347,1213381,82.0826011560694,80.91,84.13,173,110,63
1348,1213739,76.1901058201058,70.69,84.93,189,116,73
1349,1213864,69.4752631578947,69.57,69.33,190,115,75
1350,1213937,76.4053370786517,70.33,82.76,178,91,87
1351,1213984,85.1510891089109,87.83,81.61,202,115,87
1352,1214144,91.4272571428571,90.7,92.13,175,86,89
1353,1216821,62.8215384615385,63.16,62.5,156,76,80
1354,1217739,75.8061290322581,83.61,68.25,124,61,63
1355,1218045,83.2424581005587,80.28,85.19,179,71,108
1356,1219993,76.1693264248705,68.24,82.41,193,85,108
1357,1220368,84.2629166666667,82.86,85.59,216,105,111
1358,1220402,77.0143103448276,72.84,80.65,174,81,93
1359,1220671,84.3596208530806,81.13,87.62,211,106,105
1360,1222572,88.8871428571429,84.44,92.93,189,90,99
1361,1222892,79.892962962963,84.21,75.53,189,95,94
1362,1223586,78.0512195121951,80,76.6,164,70,94
1363,1224022,79.0391017964072,78.72,79.45,167,94,73
1364,1224289,71.8387931034483,61.33,79.8,174,75,99
1365,1224384,23.6829473684211,23.4,23.96,190,94,96
1366,1224550,81.3601694915254,79.55,83.15,177,88,89
1367,1224800,86.9132710280374,89.32,84.68,214,103,111
1368,1225692,84.3741875,77.46,89.89,160,71,89
1369,1226789,81.1875247524753,79.31,83.72,202,116,86
1370,1227248,78.1631609195402,72.29,83.52,174,83,91
1371,1231240,68.3488489208633,66.27,71.43,139,83,56
1372,1232529,84.6556084656085,78.75,88.99,189,80,109
1373,1233466,75.42,73.42,77,179,79,100
1374,1233489,76.7187830687831,72.15,80,189,79,110
1375,1233887,75.2872413793103,58.93,83.05,174,56,118
1376,1234184,76.9224615384615,79.38,74.49,195,97,98
1377,1234572,55.9455244755245,66.67,47.5,143,63,80
1378,1235700,70.431935483871,69.05,71.57,186,84,102
1379,1237307,80.5842941176471,85.71,74.68,170,91,79
1380,1240699,82.4781196581197,77.42,88.18,234,124,110
1381,1240873,89.255,86.73,92.08,214,113,101
1382,1244518,85.5908296943231,79.09,91.6,229,110,119
1383,1244600,90.4780952380952,83.64,98,210,110,100
1384,1245136,71.5909090909091,60,81.25,176,80,96
1385,1245308,82.9378672985782,74,90.99,211,100,111
1386,1245626,82.380103626943,78.02,86.27,193,91,102
1387,1246521,61.5816949152542,48.28,74.44,177,87,90
1388,1246672,54.9741520467836,62.14,44.12,171,103,68
1389,1247550,58.9191351351351,16.42,83.05,185,67,118
1390,1247635,72.0951162790698,74.29,70,215,105,110
1391,1248734,80.8402395209581,76.24,87.88,167,101,66
1392,1250513,72.97,65.83,81.37,222,120,102
1393,1251203,64.7619047619048,68.27,61.32,210,104,106
1394,1251460,81.3390909090909,72.83,88.03,209,92,117
1395,1251871,76.7769194312796,69.44,84.47,211,108,103
1396,1252393,85.7132857142857,84.95,86.32,210,93,117
1397,1252756,83.7805945945946,84.31,83.13,185,102,83
1398,1253797,84.0442553191489,85.85,81.71,188,106,82
1399,1253815,78.3444585987261,61.11,87.38,157,54,103
1400,1253987,3.87758620689655,2.34,5.77,232,128,104
1401,1254029,6.43648068669528,6.3,6.6,233,127,106
1402,1254378,89.3809734513274,91.94,86.27,226,124,102
1403,1254988,89.3074213836478,94.64,76.6,159,112,47
1404,1257178,76.3327810650888,85.44,62.12,169,103,66
1405,1258517,85.1336486486487,85.12,85.15,222,121,101
1406,1258614,84.7315270935961,83.5,86,203,103,100
1407,1260116,88.0629218106996,90.55,85.34,243,127,116
1408,1260288,77.6171904761905,84.07,70.1,210,113,97
1409,1260555,83.4739830508475,88.72,76.7,236,133,103
1410,1260926,81.082,85.59,74.32,185,111,74
1411,1261046,65.0306134969325,58.73,69,163,63,100
1412,1261221,82.4901382488479,91.38,72.28,217,116,101
1413,1264796,88.41,89.57,86.96,207,115,92
1414,1266750,90.8551428571429,92.5,89.47,175,80,95
1415,1267158,84.3236216216216,85.15,83.33,185,101,84
1416,1267382,79.6888020833333,79.61,79.78,192,103,89
1417,1268080,73.7417171717172,78.85,68.09,198,104,94
1418,1269660,85.3933146067416,83.87,87.06,178,93,85
1419,1269720,84.303023255814,82.61,86.25,172,92,80
1420,1269933,65.9689583333333,52.05,80.28,144,73,71
1421,1270954,85.3430890052356,86.87,83.7,191,99,92
1422,1271145,90.9577127659574,88.42,93.55,188,95,93
1423,1272023,63.3123021582734,57.75,69.12,139,71,68
1424,1272248,81.6442405063291,89.01,71.64,158,91,67
1425,1272811,82.4749484536082,85.42,79.59,194,96,98
1426,1273909,88.018801843318,89.83,85.86,217,118,99
1427,1274041,81.0531578947368,79.55,82.35,190,88,102
1428,1274269,76.6199502487562,83.9,66.27,201,118,83
1429,1274296,76.3730769230769,71.43,82.14,182,98,84
1430,1274785,83.0789743589744,86.14,79.79,195,101,94
1431,1276857,80.8572727272727,83.33,77.89,209,114,95
1432,1280127,80.4895121951219,82.61,77.78,164,92,72
1433,1280566,80.4111340206186,84.48,74.36,194,116,78
1434,1281054,81.3738235294118,82.08,80.61,204,106,98
1435,1281359,74.2248453608247,78.57,68.29,194,112,82
1436,1281512,83.9054634146342,84.75,82.76,205,118,87
1437,1284130,82.1183443708609,87.18,76.71,151,78,73
1438,1284451,81.2909677419355,81,81.82,155,100,55
1439,1287300,84.4097849462366,79.79,89.13,186,94,92
1440,1287655,84.8481313131313,90.36,80.87,198,83,115
1441,1288609,88.63875,84.85,93.51,176,99,77
1442,1291609,60.6594535519126,64.94,57.55,183,77,106
1443,1291636,69.0614798206278,68.52,69.57,223,108,115
1444,1292541,83.4237823834197,74.73,91.18,193,91,102
1445,1293496,82.7413197969543,80,85.87,197,105,92
1446,1293561,70.9866666666667,67.44,75,162,86,76
1447,1293749,80.281455399061,72.17,89.8,213,115,98
1448,1294904,86.9958744394619,83.65,89.92,223,104,119
1449,1298294,69.8361452513966,62.37,77.91,179,93,86
1450,1301565,79.7571428571429,78.12,81.94,168,96,72
1451,1301712,81.154554973822,69.57,91.92,191,92,99
1452,1301878,78.4996,78.9,78.02,200,109,91
1453,1301929,74.53,61.32,87.74,212,106,106
1454,1301959,63.3368571428571,60.53,66.67,210,114,96
1455,1302021,84.6555555555556,82.86,86.9,189,105,84
1456,1302846,76.5382681564246,76.6,76.47,179,94,85
1457,1303587,72.8220652173913,56.16,83.78,184,73,111
1458,1303937,65.4475392670157,75.68,51.25,191,111,80
1459,1306567,85.5681443298969,86.59,84.82,194,82,112
1460,1307063,85.0525773195876,82,88.3,194,100,94
1461,1307356,67.9510256410257,67.11,68.75,156,76,80
1462,1309787,67.0763414634146,69.57,63.89,164,92,72
1463,1310664,64.9546728971963,74.44,49.38,214,133,81
1464,1310712,71.4293939393939,76.69,64.29,231,133,98
1465,1312465,83.4865137614679,80.36,86.79,218,112,106
1466,1312869,82.7555172413793,85.71,79.59,203,105,98
1467,1313114,78.9919178082192,75.21,83.33,219,117,102
1468,1314305,77.224,80.56,72.22,180,108,72
1469,1315208,85.9655555555556,92.11,81.05,171,76,95
1470,1315412,75.7978082191781,78.76,72.64,219,113,106
1471,1317512,84.6523255813953,84.35,85,215,115,100
1472,1318145,80.09,78.15,82.47,216,119,97
1473,1318418,77.182427184466,77.06,77.32,206,109,97
1474,1319124,68.0965030674847,61.11,76.71,163,90,73
1475,1319196,67.9101492537313,62.5,78.26,134,88,46
1476,1321289,84.9273366834171,87.04,82.42,199,108,91
1477,1321968,70.926511627907,70.21,71.79,172,94,78
1478,1322702,81.4420618556701,82.69,80,194,104,90
1479,1323437,81.0121518987342,86.25,75.64,158,80,78
1480,1324241,81.5494642857143,82.11,80.82,168,95,73
1481,1324897,85.7908629441624,85.19,86.52,197,108,89
1482,1326021,75.9415094339623,73.91,78.35,212,115,97
1483,1326871,90.5716753926702,87.23,93.81,191,94,97
1484,1327030,80.6909900990099,88.39,71.11,202,112,90
1485,1327201,80.2685650224215,80.53,80,223,113,110
1486,1328362,75.8997435897436,80.19,70.79,195,106,89
1487,1328398,83.9437614678899,81.25,86.79,218,112,106
1488,1329337,80.7483229813665,83.18,75.93,161,107,54
1489,1330087,83.6588235294118,80.23,88.06,153,86,67
1490,1331822,83.1641836734694,89.83,73.08,196,118,78
1491,1331849,76.9671515151515,71.05,82.02,165,76,89
1492,1331859,81.5410769230769,85.37,75,195,123,72
1493,1336813,79.6367664670659,76.4,83.33,167,89,78
1494,1336840,79.1218681318681,78,80.49,182,100,82
1495,1336851,70.6233898305085,61.54,77.78,177,78,99
1496,1337369,71.2786170212766,79.34,56.72,188,121,67
1497,1337497,79.6518604651163,74.71,84.71,172,87,85
1498,1339708,67.8578571428571,50.63,83.15,168,79,89
1499,1339812,77.1769565217391,85.19,65.79,184,108,76
1500,1340064,76.743488372093,73.33,80.49,172,90,82
1501,1342280,77.9111627906977,83.51,70.67,172,97,75
1502,1343511,75.147514450867,74.12,76.14,173,85,88
1503,1343716,80.2223076923077,68.37,94.05,182,98,84
1504,1344231,74.9991666666667,77.01,71.93,144,87,57
1505,1345979,80.7231325301205,82.76,78.48,166,87,79
1506,1347467,82.9262195121951,88.3,75.71,164,94,70
1507,1347869,68.1453333333333,81.94,52.38,135,72,63
1508,1347899,80.6045454545455,81.33,80,165,75,90
1509,1348035,33.9541975308642,42.11,22.39,162,95,67
1510,1349152,88.1101081081081,89.89,86.46,185,89,96
1511,1350766,83.5288235294118,84.15,82.95,170,82,88
1512,1352142,66.6661437908497,45.71,84.34,153,70,83
1513,1352221,76.5698857142857,75,78.31,175,92,83
1514,1354204,85.6467942583732,81.98,89.8,209,111,98
1515,1354314,86.8530985915493,83.33,90.91,213,114,99
1516,1354405,82.6593641618497,79.59,86.67,173,98,75
1517,1355262,81.0136708860759,67.11,93.9,158,76,82
1518,1355939,64.9335714285714,39.13,85.88,154,69,85
1519,1356596,83.3347126436782,83.64,82.81,174,110,64
1520,1356694,90.394802259887,94.64,83.08,177,112,65
1521,1356762,74.4961744966443,67.57,81.33,149,74,75
1522,1357381,86.6282352941176,86.02,87.23,187,93,94
1523,1357807,72.7284242424242,49.25,88.78,165,67,98
1524,1359821,87.1828205128205,84.47,90.22,195,103,92
1525,1361274,73.8552941176471,73.42,74.32,153,79,74
1526,1361507,81.189702970297,83.64,78.26,202,110,92
1527,1364051,83.9968,86.32,81.48,225,117,108
1528,1366935,52.4416463414634,72.53,27.4,164,91,73
1529,1368602,81.5214130434783,92.92,63.38,184,113,71
1530,1369549,86.2740522875817,80.26,92.21,153,76,77
1531,1369650,87.1677005347594,84.62,90.36,187,104,83
1532,1371776,66.1991549295775,76.09,48,142,92,50
1533,1373931,74.0250649350649,60.94,83.33,154,64,90
1534,1375838,0.989207920792079,1.94,0,202,103,99
1535,1375946,78.2627329192547,75,81.18,161,76,85
1536,1376724,89.346449704142,86.27,94.03,169,102,67
1537,1380260,85.0830386740331,84.04,86.21,181,94,87
1538,1380491,84.0231443298969,81.31,87.36,194,107,87
1539,1381115,88.8907602339181,84.62,95.52,171,104,67
1540,1381344,52.8102808988764,27.71,74.74,178,83,95
1541,1382279,69.4814285714286,80.81,49.09,154,99,55
1542,1382548,82.073679245283,80,84.31,212,110,102
1543,1382624,80.8985393258427,85.71,77.78,178,70,108
1544,1382954,58.0016,48.08,68.75,200,104,96
1545,1383138,68.7154748603352,73.15,61.97,179,108,71
1546,1383657,75.4718867924528,72.97,77.65,159,74,85
1547,1386180,68.1537988826816,69.07,67.07,179,97,82
1548,1386288,74.5008,75,73.96,200,104,96
1549,1387077,88.3977900552486,89.32,87.18,181,103,78
1550,1387262,54.2125263157895,41.49,66.67,190,94,96
1551,1387745,73.8363372093023,73.42,74.19,172,79,93
1552,1388009,69.3590322580645,71.88,66.67,186,96,90
1553,1388469,73.3798561151079,76.12,70.83,139,67,72
1554,1392346,85.5433734939759,87.63,82.61,166,97,69
1555,1393483,89.0718032786885,86.96,90.35,183,69,114
1556,1393663,71.9671212121212,71.62,72.41,132,74,58
1557,1395552,68.3209316770186,74.07,62.5,161,81,80
1558,1395575,72.5848387096774,74.73,70.53,186,91,95
1559,1396676,83.7656544502618,76.74,89.52,191,86,105
1560,1397424,83.0100970873787,76.6,88.39,206,94,112
1561,1400367,80.4002010050251,70.83,89.32,199,96,103
1562,1401588,76.9677528089888,68.29,84.38,178,82,96
1563,1401671,79.1669444444445,77.92,80.6,144,77,67
1564,1402956,75.4937086092715,55.93,88.04,151,59,92
1565,1403305,77.0993457943925,73.39,80.95,214,109,105
1566,1405164,82.2121153846154,75,88.89,208,100,108
1567,1405755,82.3805714285714,76.04,87.72,210,96,114
1568,1405976,77.5931693989071,70.45,84.21,183,88,95
1569,1406148,64.2888571428571,60.61,67.57,140,66,74
1570,1406536,60.4946913580247,39.19,78.41,162,74,88
1571,1406941,64.0457303370787,55,71.43,178,80,98
1572,1408020,87.6632467532468,85.88,89.86,154,85,69
1573,1410377,72.9077832512315,65.56,78.76,203,90,113
1574,1412682,75.1924031007752,75.34,75,129,73,56
1575,1412688,60.9770731707317,42.86,80,123,63,60
1576,1413709,83.7336842105263,85.86,81.82,209,99,110
1577,1414566,77.4684037558686,83.04,71.29,213,112,101
1578,1414621,88.3861616161616,90.18,86.05,198,112,86
1579,1415256,77.5501360544218,77.61,77.5,147,67,80
1580,1416484,83.4535971223022,78.79,87.67,139,66,73
1581,1417062,77.4333333333333,76.92,78.02,195,104,91
1582,1417759,80.9,85.9,77,178,78,100
1583,1418220,82.6836312849162,77.53,87.78,179,89,90
1584,1418368,70.4094897959184,74.51,65.96,196,102,94
1585,1418414,72.0650837988827,68.35,75,179,79,100
1586,1418437,67.2720606060606,63.29,70.93,165,79,86
1587,1422152,79.4428888888889,81.08,78.3,180,74,106
1588,1422776,84.8160209424084,88.04,81.82,191,92,99
1589,1422859,71.8607185628743,44.62,89.22,167,65,102
1590,1423231,71.6877108433735,71.28,72.22,166,94,72
1591,1423415,67.479918699187,68.83,65.22,123,77,46
1592,1425053,85.9147887323944,76.19,93.67,142,63,79
1593,1427044,77.1079518072289,81.61,72.15,166,87,79
1594,1427731,85.2273295454546,93.26,77.01,176,89,87
1595,1428040,88.2360427807487,89.36,87.1,187,94,93
1596,1431040,84.6928571428571,85.71,83.93,196,84,112
1597,1431091,82.236040609137,79.78,84.26,197,89,108
1598,1431580,79.6435928143713,80.9,78.21,167,89,78
1599,1431668,82.9417647058823,87.5,78.89,170,80,90
1600,1432582,78.16,81.01,75.79,174,79,95
1601,1434581,79.5055900621118,82.8,75,161,93,68
1602,1434729,78.9182702702703,79.63,77.92,185,108,77
1603,1435226,85.860303030303,81.73,90.43,198,104,94
1604,1435538,84,84,84,175,100,75
1605,1436731,86.6241401273885,82.35,91.67,157,85,72
1606,1437124,78.3888944723618,79.46,77.01,199,112,87
1607,1437365,68.7091411042945,73.91,61.97,163,92,71
1608,1439079,86.0565454545455,87.65,84.52,165,81,84
1609,1439713,84.2994186046512,85.39,83.13,172,89,83
1610,1440343,73.121875,62.35,85.33,160,85,75
1611,1441077,60.6026666666667,40.24,80.72,165,82,83
1612,1442557,83.9397409326425,77.65,88.89,193,85,108
1613,1442586,81.0344827586207,83.72,78.41,174,86,88
1614,1442918,82.4722680412371,85.71,78.05,194,112,82
1615,1443009,81.4992,85.71,76.14,200,112,88
1616,1443180,74.8721105527638,76.19,73.4,199,105,94
1617,1443262,75.1492307692308,81.73,64.62,169,104,65
1618,1444067,83.6718367346939,84,83.33,147,75,72
1619,1444323,75.3934554973822,70.89,78.57,191,79,112
1620,1444981,71.9993714285714,72.55,71.23,175,102,73
1621,1445851,77.6040625,80,75.49,192,90,102
1622,1446133,73.6567741935484,70.71,77.01,186,99,87
1623,1446212,64.862027027027,53.73,74.07,148,67,81
1624,1447359,79.5688709677419,65.08,86.99,186,63,123
1625,1448663,71.757251908397,76.12,67.19,131,67,64
1626,1448668,73.0257894736842,65.15,79.07,152,66,86
1627,1449411,79.3305586592179,75,83.91,179,92,87
1628,1450124,78.6117919075145,71.76,85.23,173,85,88
1629,1451391,80.19,74.49,85.09,212,98,114
1630,1451721,72.254450867052,79.38,63.16,173,97,76
1631,1451982,74.5865745856353,69.41,79.17,181,85,96
1632,1453645,82.8938815789474,91.74,60.47,152,109,43
1633,1454364,77.5609268292683,74.19,80.36,205,93,112
1634,1454406,85.2661160714286,82.88,87.61,224,111,113
1635,1455945,79.5603867403315,71.43,85.58,181,77,104
1636,1455981,79.767514450867,87,69.86,173,100,73
1637,1456459,91.2000462962963,90.65,91.74,216,107,109
1638,1456623,78.12859375,86.67,67.82,192,105,87
1639,1456854,88.5014,88.68,88.3,200,106,94
1640,1457667,86.9156074766355,84.21,90,214,114,100
1641,1457924,85.0264171122995,78.22,93.02,187,101,86
1642,1460904,87.0800561797753,86.32,87.95,178,95,83
1643,1461876,85.6292814371258,92.31,77.63,167,91,76
1644,1462278,48.5559537572254,55.21,40.26,173,96,77
1645,1462287,55.3958273381295,51.52,58.9,139,66,73
1646,1462310,77.180067114094,82.05,71.83,149,78,71
1647,1462626,72.7902040816327,68,77.78,147,75,72
1648,1463138,75.8079569892473,65.96,85.87,186,94,92
1649,1465037,73.2466242038217,80.28,67.44,157,71,86
1650,1465246,83.164693877551,86.11,79.55,196,108,88
1651,1465719,78.1109452736318,70.3,86,201,101,100
1652,1466016,74.0715343915344,78.64,68.6,189,103,86
1653,1466807,66.39584,60.29,73.68,125,68,57
1654,1469218,70.9885185185185,61.54,77.32,162,65,97
1655,1469442,77.2169620253165,79.41,75.56,158,68,90
1656,1470123,83.8149132947977,81.18,86.36,173,85,88
1657,1471018,77.7822222222222,75.68,79.55,162,74,88
1658,1471138,83.2306211180124,81.01,85.37,161,79,82
1659,1477561,72.9702702702703,67.9,79.1,148,81,67
1660,1481790,57.31,47.83,68.35,171,92,79
1661,1483376,70.3480689655172,66.67,74.63,145,78,67
1662,1483928,75.4207262569832,80,70.79,179,90,89
1663,1484334,78.75,72.5,85,160,80,80
1664,1484754,76.4351592356688,81.32,69.7,157,91,66
1665,1485825,70.5190751445087,69,72.6,173,100,73
1666,1486060,59.7226388888889,50.75,67.53,144,67,77
1667,1486618,82.3541176470588,77.78,87.5,187,99,88
1668,1487427,55.8472340425532,45.83,66.3,188,96,92
1669,1487521,73.3703804347826,74.73,72.04,184,91,93
1670,1488015,78.7658904109589,71.11,91.07,146,90,56
1671,1488597,78.1275520833333,72.82,84.27,192,103,89
1672,1489158,78.8366666666667,77.08,80.65,189,96,93
1673,1491048,83.4231550802139,79.75,86.11,187,79,108
1674,1491319,87.0773033707865,86.46,87.8,178,96,82
1675,1491540,89.3625531914894,83.75,93.52,188,80,108
1676,1491832,68.5216049382716,62.64,76.06,162,91,71
1677,1491940,84.956067961165,80.65,88.5,206,93,113
1678,1492042,87.6449411764706,84.09,91.46,170,88,82
1679,1492381,72.4634782608696,76.39,68.18,138,72,66
1680,1492530,79.6266666666667,73.61,84.44,162,72,90
1681,1492583,91.1594475138122,92.68,89.9,181,82,99
1682,1493325,94.374375,94.29,94.44,160,70,90
1683,1493746,88.4600769230769,95.06,77.55,130,81,49
1684,1494699,69.2905511811024,75.36,62.07,127,69,58
1685,1494783,82.0489743589743,82.89,81.25,156,76,80
1686,1495062,88.5323566878981,89.74,87.34,157,78,79
1687,1496768,75.2146153846154,59.26,88.89,117,54,63
1688,1498610,69.3314,68.42,69.89,150,57,93
1689,1498761,75.4966887417219,76,75,151,75,76
1690,1498917,46.4285714285714,25,75,140,80,60
1691,1499058,77.6638578680203,78.72,76.7,197,94,103
1692,1499432,85.9286432160804,82.76,88.39,199,87,112
1693,1500035,89.3295505617977,86.49,91.35,178,74,104
1694,1501448,92.2664948453608,86.36,97.17,194,88,106
1695,1501961,67.2236666666667,61.54,71.57,180,78,102
1696,1502709,79.5701612903226,77.01,81.82,186,87,99
1697,1502811,80.2827230046948,79.12,81.15,213,91,122
1698,1503135,78.3925628140703,80.77,76.86,199,78,121
1699,1503661,70.1092391304348,66.67,72.64,184,78,106
1700,1504089,75.9268518518519,74.23,77.31,216,97,119
1701,1504127,80.8604306220096,80.77,80.95,209,104,105
1702,1504325,80.3398314606742,75.31,84.54,178,81,97
1703,1505162,76.7459534883721,73.12,79.51,215,93,122
1704,1506055,89.5820833333333,84.78,94,192,92,100
1705,1506668,81.6407729468599,82.52,80.77,207,103,104
1706,1507649,76.4159388646288,72.64,79.67,229,106,123
1707,1508562,66.8364824120603,73.47,60.4,199,98,101
1708,1509140,68.8442713567839,54.08,83.17,199,98,101
1709,1509199,78.4915697674419,77.11,79.78,172,83,89
1710,1510995,69.0792753623188,63.54,73.87,207,96,111
1711,1511468,79.4736842105263,80,79,190,90,100
1712,1511591,89.8517258883249,90.83,88.64,197,109,88
1713,1512251,79.3620634920635,83.96,73.49,189,106,83
1714,1513390,72.7717821782178,79.35,67.27,202,92,110
1715,1513459,81.3763157894737,82.05,80.77,247,117,130
1716,1516368,82.4658767772512,80,84.3,211,90,121
1717,1516641,64.0548847926267,74.23,55.83,217,97,120
1718,1516845,79.0709302325581,77.65,80,215,85,130
1719,1516948,75.5867605633803,70.51,78.52,213,78,135
1720,1517140,69.8426984126984,53.19,79.75,126,47,79
1721,1519158,76.9676404494382,73.08,80,178,78,100
1722,1521499,76.5482300884956,81.67,70.75,226,120,106
1723,1528311,81.9069346733668,79.38,84.31,199,97,102
1724,1528386,77.2225,69.33,82.86,180,75,105
1725,1529595,73.5497419354839,79.31,66.18,155,87,68
1726,1529811,75.4080327868852,57.69,88.57,183,78,105
1727,1531195,73.7920855614973,57.89,84.68,187,76,111
1728,1531437,78.7248936170213,76.09,81.25,188,92,96
1729,1532039,82.6287368421053,80.68,84.31,190,88,102
1730,1532475,67.0472727272727,66.67,67.47,176,93,83
1731,1534612,84.2124561403509,76.81,89.22,171,69,102
1732,1534971,82.2215,76.54,86.87,180,81,99
1733,1535172,75.7765838509317,70.67,80.23,161,75,86
1734,1536494,78.7003550295858,63.16,91.4,169,76,93
1735,1536697,64.536170212766,57.14,70.51,141,63,78
1736,1537315,71.4316883116883,69.74,73.08,154,76,78
1737,1538725,82.8028662420382,81.33,84.15,157,75,82
1738,1538904,80.9205263157895,73.61,87.5,152,72,80
1739,1539133,69.1279194630872,54.55,80.72,149,66,83
1740,1539436,74.0996987951807,74.16,74.03,166,89,77
1741,1540597,71.1671779141104,66.67,75,163,75,88
1742,1540907,76.8437894736842,69.05,83.02,190,84,106
1743,1540966,80.7239759036145,75.71,84.38,166,70,96
1744,1541412,72.6208333333333,64.94,79.12,168,77,91
1745,1541481,72.4172413793103,69.05,75.56,174,84,90
1746,1541893,66.2451592356688,67.35,64.41,157,98,59
1747,1542565,66.9161654135338,75.95,53.7,133,79,54
1748,1543048,89.1904324324324,81.61,95.92,185,87,98
1749,1544245,44.9481818181818,37.63,51.43,198,93,105
1750,1544275,54.5490909090909,50.54,58.1,198,93,105
1751,1544316,58.9478947368421,57.3,60.4,190,89,101
1752,1545018,77.1603703703704,72.06,80.85,162,68,94
1753,1545180,87.50125,89.29,86.11,192,84,108
1754,1545775,67.8809090909091,84.71,50,165,85,80
1755,1546205,81.4374251497006,90.59,71.95,167,85,82
1756,1548064,80.2636184210526,81.54,79.31,152,65,87
1757,1548411,68.9019512195122,60,77.38,164,80,84
1758,1549012,34.4801724137931,17.39,59.57,116,69,47
1759,1549163,77.2976073619632,77.27,77.33,163,88,75
1760,1549425,74.8432075471698,68.97,81.94,159,87,72
1761,1549799,81.4787654320988,84.88,77.63,162,86,76
1762,1549992,81.1323270440251,80.6,81.52,159,67,92
1763,1550271,84.8298314606742,85.88,83.87,178,85,93
1764,1553900,80.3592261904762,79.75,80.9,168,79,89
1765,1553965,84.7554268292683,79.71,88.42,164,69,95
1766,1556837,81.611724137931,80.81,82.67,174,99,75
1767,1557329,89.53,89.53,89.53,172,86,86
1768,1557379,87.5043181818182,89.8,84.62,176,98,78
1769,1557445,89.4456111111111,89.69,89.16,180,97,83
1770,1557623,80.8153488372093,79.12,82.72,172,91,81
1771,1557910,87.663051948052,85.07,89.66,154,67,87
1772,1557992,79.0963276836158,90.53,65.85,177,95,82
1773,1559423,82.2818987341772,85.37,78.95,158,82,76
1774,1559495,87.9985714285714,93.33,84,175,75,100
1775,1560704,85.4188888888889,83.87,86.59,144,62,82
1776,1562898,80.925549132948,78.02,84.15,173,91,82
1777,1564297,86.4032,77.36,93.06,125,53,72
1778,1564312,84.999375,69.35,94.9,160,62,98
1779,1564932,51.9739473684211,65.48,35.29,152,84,68
1780,1565052,47.0965806451613,54.76,38.03,155,84,71
1781,1565371,85.2038461538462,83.33,86.81,169,78,91
1782,1566821,69.6167088607595,84.78,48.48,158,92,66
1783,1566916,88.0783443708609,87.01,89.19,151,77,74
1784,1567545,17.4209032258065,17.11,17.72,155,76,79
1785,1567935,80.245,83.95,76.54,162,81,81
1786,1568694,71.8136912751678,86.05,52.38,149,86,63
1787,1569527,74.2682352941176,84.38,65.28,136,64,72
1788,1570585,59.8633333333333,45.71,72.73,147,70,77
1789,1571231,77.3020245398773,80.25,74.39,163,81,82
1790,1571784,85.3420942408377,85.54,85.19,191,83,108
1791,1571977,77.4426219512195,86.96,70.53,164,69,95
1792,1572589,68.0561111111111,64.71,71.05,144,68,76
1793,1572740,76.8722448979592,68.66,83.75,147,67,80
1794,1573266,92.70578125,92.63,92.78,192,95,97
1795,1573783,88.2977659574468,83.52,92.78,188,91,97
1796,1573866,86.17,87.23,85.11,188,94,94
1797,1574665,61.7024113475177,50,69.88,141,58,83
1798,1574705,67.9515384615385,49.28,82.76,156,69,87
1799,1576776,75.1305699481865,72.28,78.26,193,101,92
1800,1581118,79.8974371859296,79.41,80.41,199,102,97
1801,1582105,79.0098765432099,87.8,70,162,82,80
1802,1583636,65.460618556701,83.33,43.02,194,108,86
1803,1584016,83.7236627906977,84.71,82.76,172,85,87
1804,1585120,84.8482828282828,93.22,72.5,198,118,80
1805,1586069,77.8416167664671,90.65,55,167,107,60
1806,1586333,81.816256684492,76.92,85.32,187,78,109
1807,1587403,81.658875739645,83.95,79.55,169,81,88
1808,1587618,81.8568837209302,83.33,80.37,215,108,107
1809,1587998,80.2528025477707,83.33,75.41,157,96,61
1810,1588401,85.5754326923077,87.63,83.78,208,97,111
1811,1588784,73.9124347826087,82.41,66.39,230,108,122
1812,1589714,84.9252261306533,82,87.88,199,100,99
1813,1590108,78.2078770949721,85.71,70.45,179,91,88
1814,1590133,79.7962121212121,77.01,81.98,198,87,111
1815,1590202,81.7303365384615,83.87,80,208,93,115
1816,1591120,68.3511392405063,78.31,57.33,158,83,75
1817,1591237,86.4420903954802,89.41,83.7,177,85,92
1818,1591332,79.6061194029851,83.15,76.79,201,89,112
1819,1591442,81.0840540540541,83.51,78.41,185,97,88
1820,1591976,79.5196385542169,84.51,75.79,166,71,95
1821,1592199,78.8181773399015,84.11,72.92,203,107,96
1822,1593360,77.7786419753086,82,70.97,162,100,62
1823,1593710,73.8390697674419,86.96,58.75,172,92,80
1824,1593842,82.9272195121951,81.73,84.16,205,104,101
1825,1594128,82.8430769230769,80.77,84.62,169,78,91
1826,1594210,76.0646808510638,71,81.82,188,100,88
1827,1594225,77.6135820895522,70.59,84.85,201,102,99
1828,1594602,87.9542168674699,87.63,88.41,166,97,69
1829,1596253,52.1706832298137,51.76,52.63,161,85,76
1830,1596918,75.8593103448276,76.47,75.32,145,68,77
1831,1596926,77.92,79.22,76.62,154,77,77
1832,1596983,88.890303030303,89.22,88.54,198,102,96
1833,1597932,71.6583957219251,81.32,62.5,187,91,96
1834,1598800,73.2142857142857,75.61,70.93,168,82,86
1835,1601014,82.9772340425532,80.77,85.71,188,104,84
1836,1601746,84.118,87.91,79.75,170,91,79
1837,1601855,71.5904545454545,73.91,69.05,176,92,84
1838,1602062,69.8932258064516,81.48,53.85,186,108,78
1839,1606008,80.6409677419355,78.12,83.33,186,96,90
1840,1606136,79.7400653594771,84.51,75.61,153,71,82
1841,1606463,82.0364670658683,71.01,89.8,167,69,98
1842,1611650,78.5137190082645,87.3,68.97,121,63,58
1843,1612164,90.5477611940298,91,90.1,201,100,101
1844,1614915,74.3137704918033,62.96,83.33,183,81,102
1845,1616380,86.0055958549223,87.8,84.68,193,82,111
1846,1618429,67.2914465408805,57.89,75.9,159,76,83
1847,1618706,81.1509947643979,87.88,73.91,191,99,92
1848,1618984,80.8823529411765,85.25,77.33,136,61,75
1849,1620501,87.8953684210526,90.82,84.78,190,98,92
1850,1623113,71.9985333333333,71.83,72.15,150,71,79
1851,1623276,84.9713725490196,85.53,84.42,153,76,77
1852,1623912,82.3146341463415,77.5,86.9,164,80,84
1853,1624575,84.239402173913,83.15,85.26,184,89,95
1854,1625831,84.9692156862745,77.05,90.22,153,61,92
1855,1627571,90.0522513089005,85.54,93.52,191,83,108
1856,1627697,86.2398165137615,87.74,84.82,218,106,112
1857,1628573,81.3115887850467,85.19,77.36,214,108,106
1858,1628669,86.3624242424243,77.33,91.87,198,75,123
1859,1630138,43.4110852713178,72.73,21.62,129,55,74
1860,1630144,78.8808695652174,80.22,77.14,161,91,70
1861,1631442,76.4316560509554,89.41,61.11,157,85,72
1862,1632093,77.8987292817679,80.85,74.71,181,94,87
1863,1633159,67.0751219512195,79.73,56.67,164,74,90
1864,1633203,80.38,79.75,81.01,158,79,79
1865,1633249,89.5734597156398,90.1,89.09,211,101,110
1866,1633413,91.2369072164948,93.94,88.42,194,99,95
1867,1633930,93.2627461139896,92.47,94,193,93,100
1868,1633962,90.608453038674,87.95,92.86,181,83,98
1869,1634043,84.9748186528497,81.58,87.18,193,76,117
1870,1634123,73.0751923076923,62,83.33,208,100,108
1871,1634693,86.888306010929,81.82,90.57,183,77,106
1872,1635013,81.383724137931,81.4,81.36,145,86,59
1873,1635457,78.9513450292398,86.08,72.83,171,79,92
1874,1635610,77.701654676259,80.56,74.63,139,72,67
1875,1636348,78.8189655172414,85.56,73.45,203,90,113
1876,1636558,87.0004,92.71,81.73,200,96,104
1877,1636711,86.3618181818182,90,83.33,198,90,108
1878,1637199,45.5776870748299,27.59,57.3,147,58,89
1879,1637791,89.1681528662421,92.06,87.23,157,63,94
1880,1637889,89.3090909090909,91.18,88.24,187,68,119
1881,1638088,78.1924468085106,70.51,83.64,188,78,110
1882,1638210,84.1834183673469,87.1,81.55,196,93,103
1883,1638729,64.6285034013605,59.62,67.37,147,52,95
1884,1639313,80.0938349514563,77.89,81.98,206,95,111
1885,1639352,79.8787195121951,65.96,85.47,164,47,117
1886,1639370,84.0906818181818,84.21,84,220,95,125
1887,1639390,85.0547422680413,79.27,89.29,194,82,112
1888,1640173,86.8572,88.1,85.71,175,84,91
1889,1640968,80.2262711864407,69.35,86.09,177,62,115
1890,1642788,89.4096470588235,81.25,92.62,170,48,122
1891,1643098,80.2060416666667,70.73,87.27,192,82,110
1892,1643623,77.7105732484076,65.28,88.24,157,72,85
1893,1644915,91.9382795698925,88.64,94.9,186,88,98
1894,1645085,27.5534666666667,23.53,30.89,225,102,123
1895,1645108,84.6932653061224,88.89,81.13,196,90,106
1896,1645217,89.120103626943,89.16,89.09,193,83,110
1897,1645868,89.6175409836066,84.62,93.33,183,78,105
1898,1647536,85.3787719298246,78.67,90.62,171,75,96
1899,1647895,86.6289839572192,84.44,88.66,187,90,97
1900,1652823,82.9965,81.91,83.96,200,94,106
1901,1653255,80.1077419354839,82.83,77.01,186,99,87
1902,1653335,85.9177464788732,86.24,85.58,213,109,104
1903,1653459,82.6304225352113,90,74.76,213,110,103
1904,1653487,84.8191964285714,85.84,83.78,224,113,111
1905,1653616,76.5968085106383,85.87,67.71,188,92,96
1906,1656084,79.8953439153439,85.58,72.94,189,104,85
1907,1656645,86.7425301204819,77.46,93.68,166,71,95
1908,1656831,94.0003333333333,90.36,98.51,150,83,67
1909,1657452,88.8305586592179,94.85,81.71,179,97,82
1910,1659411,67.4240151515151,69.86,64.41,132,73,59
1911,1661566,88.8304255319149,91.07,85.53,188,112,76
1912,1662475,49.6440425531915,46.15,53.97,141,78,63
1913,1664095,71.2707182320442,80.8,50,181,125,56
1914,1665169,82.0083068783069,73,92.13,189,100,89
1915,1665962,81.3145454545455,76.07,88.89,198,117,81
1916,1666709,81.8140340909091,73.03,90.8,176,89,87
1917,1667350,85.4164166666667,85.61,85.15,240,139,101
1918,1667513,87.8749783549784,83.59,93.2,231,128,103
1919,1667603,86.840701754386,89.06,84,228,128,100
1920,1669168,83.3350462962963,75.7,90.83,216,107,109
1921,1669894,88.8313197969543,80.95,94.69,197,84,113
1922,1671220,87.4997727272727,90,84.21,176,100,76
1923,1672038,85.2589743589744,68,93.4,156,50,106
1924,1672104,72.1878106508876,39.06,92.38,169,64,105
1925,1673034,86.2736274509804,80.58,92.08,204,103,101
1926,1676255,81.6511926605504,73.58,89.29,218,106,112
1927,1676905,88.1107027027027,91.49,84.62,185,94,91
1928,1679486,86.9790336134454,85.37,88.7,238,123,115
1929,1679593,80.38,76.09,86.36,158,92,66
1930,1679680,36.8907766990291,30.61,42.59,206,98,108
1931,1679892,80.626125,69.35,87.76,160,62,98
1932,1683559,70.8761538461539,79.59,60.71,182,98,84
1933,1684747,82.1414285714286,84.31,78.79,168,102,66
1934,1685680,87.0990322580645,90.57,82.5,186,106,80
1935,1690112,16.5888479262673,5.45,28.04,217,110,107
1936,1692090,89.8419251336899,86.92,93.75,187,107,80
1937,1692605,85.4172916666667,82.61,88,192,92,100
1938,1694337,88.6922023809524,90.1,86.57,168,101,67
1939,1694469,86.0355865921788,81.19,92.31,179,101,78
1940,1698455,77.3985616438356,79.31,74.58,146,87,59
1941,1700599,83.3311111111111,78.12,87.5,144,64,80
1942,1701716,80.6743697478992,79.75,82.5,119,79,40
1943,1701861,83.7434146341463,79.17,90.2,123,72,51
1944,1703232,85.626125,83.15,88.73,160,89,71
1945,1707626,84.6565079365079,79.17,90.32,189,96,93
1946,1709254,87.0775842696629,83.53,90.32,178,85,93
1947,1709319,82.5008125,79.01,86.08,160,81,79
1948,1709372,85.2254545454546,80.58,91.78,176,103,73
1949,1710696,87.213488372093,82.11,93.51,172,95,77
1950,1712873,73.2554651162791,65.26,83.12,172,95,77
1951,1714297,88.081347150259,85.85,90.8,193,106,87
1952,1714810,74.4057142857143,63.22,86.42,168,87,81
1953,1716147,84.2125563909774,79.49,90.91,133,78,55
1954,1718626,89.0783333333333,85.26,93.67,174,95,79
1955,1718877,83.2508374384236,81.08,85.87,203,111,92
1956,1719115,87.5014673913043,81.32,93.55,184,91,93
1957,1719344,84.6585227272727,72.86,92.45,176,70,106
1958,1719360,82.00105,65.52,94.69,200,87,113
1959,1719460,71.949756097561,51.39,88.04,164,72,92
1960,1720372,74.4454444444444,73.26,75.53,180,86,94
1961,1720734,82.8883957219251,76.29,90,187,97,90
1962,1721181,91.3068115942029,91.18,91.43,207,102,105
1963,1722147,69.9484699453552,80.49,61.39,183,82,101
1964,1724484,83.1376744186046,69.44,93,172,72,100
1965,1726292,86.5514035087719,87.39,85,171,111,60
1966,1726570,86.8955339805825,86.78,87.06,206,121,85
1967,1726664,89.1929054054054,94.74,79.25,148,95,53
1968,1727867,86.8628467153285,81.13,90.48,137,53,84
1969,1729039,81.2870967741935,85.88,75.71,155,85,70
1970,1729111,82.9775531914893,90.35,71.62,188,114,74
1971,1729493,69.4445833333333,80.77,56.06,144,78,66
1972,1729997,85.3657317073171,85.57,85.07,164,97,67
1973,1730211,22.2228395061728,15.91,29.73,162,88,74
1974,1732094,86.6211267605634,88.46,84.38,142,78,64
1975,1732964,72.1766956521739,50,85.92,115,44,71
1976,1733168,82.8739779005525,81.19,85,181,101,80
1977,1734344,79.6404191616766,87.85,65,167,107,60
1978,1736404,71.8932972972973,87.88,53.49,185,99,86
1979,1736667,78.804347826087,81.82,76.04,184,88,96
1980,1739583,70.3015757575758,63.16,76.4,165,76,89
1981,1739645,75.9151094890511,70.67,82.26,137,75,62
1982,1740100,86.1728723404255,84.95,87.37,188,93,95
1983,1741106,80.0026666666667,74.7,84.54,180,83,97
1984,1741466,79.5455681818182,79.07,80,176,86,90
1985,1742116,70.3930263157895,87.21,48.48,152,86,66
1986,1742137,81.2501136363636,83.52,78.82,176,91,85
1987,1742881,79.7666473988439,78.31,81.11,173,83,90
1988,1743859,80.7511764705882,85.23,76.77,187,88,99
1989,1744983,69.0921212121212,63.08,73,165,65,100
1990,1745994,85.7872549019608,83.64,88.3,204,110,94
1991,1746696,76.5036144578313,72.46,79.38,166,69,97
1992,1747514,65.0327607361963,55.7,73.81,163,79,84
1993,1749416,82.7169135802469,76.62,88.24,162,77,85
1994,1749885,81.3344,85.87,74.14,150,92,58
1995,1750372,76.5885853658537,74.26,78.85,205,101,104
1996,1750753,75.8377181208054,69.88,83.33,149,83,66
1997,1750858,57.03,48.21,63.89,128,56,72
1998,1751001,72.8661809045226,62.63,83,199,99,100
1999,1751092,78.2613043478261,81.48,74.75,207,108,99
2000,1755299,80.598407960199,72.28,89,201,101,100
2001,1755389,90.7077049180328,93.33,88.17,183,90,93
2002,1755751,88.236,83.82,91.18,170,68,102
2003,1755812,83.0515254237288,78.16,87.78,177,87,90
2004,1755856,83.2426701570681,82.47,84.04,191,97,94
2005,1756569,91.3795402298851,91.86,90.91,174,86,88
2006,1756685,89.805,93.2,86.41,206,103,103
2007,1756936,93.1575789473684,91.01,95.05,190,89,101
2008,1758217,89.8873033707865,82.93,95.83,178,82,96
2009,1758520,68.0004,90,28.89,125,80,45
2010,1759123,84.1743037974684,83.13,85.33,158,83,75
2011,1760251,88.5039655172414,85.88,91.01,174,85,89
2012,1761641,88.4834545454545,79.76,97.53,165,84,81
2013,1765189,81.8176136363636,77.32,87.34,176,97,79
2014,1768384,65.1456571428571,63.16,66.67,175,76,99
2015,1770192,80.6632666666667,75.34,85.71,150,73,77
2016,1771195,80.0001052631579,79.81,80.23,190,104,86
2017,1771282,83.8366666666667,84,83.67,198,100,98
2018,1771817,81.9195744680851,87.76,75.56,188,98,90
2019,1773465,84.877512195122,83.33,86.41,205,102,103
2020,1774008,86.6026804123711,84.38,88.78,194,96,98
2021,1775124,83.9013658536585,80.22,86.84,205,91,114
2022,1775690,64.99875,64,65.88,160,75,85
2023,1776753,88.7539644970414,92.78,83.33,169,97,72
2024,1776801,88.89,89.89,88,189,89,100
2025,1777688,68.3788235294118,68.25,68.49,136,63,73
2026,1778963,80.5552777777778,85.54,76.29,180,83,97
2027,1780591,90.0016842105263,92.16,87.5,190,102,88
2028,1781129,76.4410344827586,66.67,84.38,174,78,96
2029,1781271,71.5126162790698,84.34,59.55,172,83,89
2030,1781501,88.125,88.24,88.04,160,68,92
2031,1781775,83.126,78.08,87.36,160,73,87
2032,1781913,87.6616233766234,91.78,83.95,154,73,81
2033,1782095,76.1919047619048,66.18,83,168,68,100
2034,1782828,86.815,91.21,82.42,182,91,91
2035,1784112,90.1656284153005,91.57,89,183,83,100
2036,1785182,91.6141935483871,90.36,93.06,155,83,72
2037,1786452,82.7386904761905,78.38,86.17,168,74,94
2038,1786742,89.6735869565217,89.33,89.91,184,75,109
2039,1786790,85.7923684210526,86.67,85.22,190,75,115
2040,1789660,93.8908888888889,94.85,92.77,180,97,83
2041,1789684,90.1064285714286,94.62,85.39,182,93,89
2042,1790290,78.7105806451613,77.22,80.26,155,79,76
2043,1790370,74.4441666666667,70.67,77.14,180,75,105
2044,1790818,60.5580555555555,35.79,88.24,180,95,85
2045,1792368,86.1555897435897,92.08,79.79,195,101,94
2046,1793029,85.7835294117647,88.46,83,204,104,100
2047,1793551,84.8186387434555,87.21,82.86,191,86,105
2048,1794016,79.2520212765957,81.37,76.74,188,102,86
2049,1794757,87.1694117647059,85.44,89.29,187,103,84
2050,1795079,79.3137931034483,81.82,77.22,145,66,79
2051,1795428,83.5323529411765,85.37,81.82,170,82,88
2052,1797539,84.72375,87.78,79.63,144,90,54
2053,1797572,86.162641509434,88.54,82.54,159,96,63
2054,1797877,94.5136585365854,94.9,93.94,164,98,66
2055,1798456,88.7612359550562,89.47,87.95,178,95,83
2056,1798914,76.3130921052632,71.6,81.69,152,81,71
2057,1800533,77.3018404907975,84.38,67.16,163,96,67
2058,1803629,85.8791764705882,72.97,95.83,170,74,96
2059,1803638,85.9464864864865,85,87.06,185,100,85
2060,1803952,75.1734042553192,87.65,58.33,141,81,60
2061,1803997,89.5083950617284,88.16,90.7,162,76,86
2062,1805802,87.7904069767442,84.71,90.8,172,85,87
2063,1807288,74.9979375,70.42,78.65,160,71,89
2064,1809152,90.0608771929825,86.46,94.67,171,96,75
2065,1810055,89.010989010989,83.16,95.4,182,95,87
2066,1810336,87.4274850299401,88.89,86.05,167,81,86
2067,1811642,87.4997619047619,88.76,86.08,168,89,79
2068,1811756,91.3763793103448,91.01,91.76,174,89,85
2069,1812525,91.7176923076923,92.31,91.21,169,78,91
2070,1812562,86.872,85.71,87.95,160,77,83
2071,1812875,84.4075806451613,83.16,85.71,186,95,91
2072,1812931,84.5325414364641,82.98,86.21,181,94,87
2073,1812949,80.7923163841808,82.42,79.07,177,91,86
2074,1813143,88.8881871345029,87.5,90.36,171,88,83
2075,1813827,88.4595604395604,90.72,85.88,182,97,85
2076,1814804,84.7677483443709,92.65,78.31,151,68,83
2077,1815871,82.9153164556962,88.1,77.03,158,84,74
2078,1815946,75.8785882352941,74.32,77.08,170,74,96
2079,1815958,86.5166292134831,87.06,86.02,178,85,93
2080,1816345,87.8301058201058,87.27,88.61,189,110,79
2081,1819127,73.8914444444444,91.14,60.4,180,79,101
2082,1820791,66.2792441860465,83.52,46.91,172,91,81
2083,1821329,86.8009644670051,82.65,90.91,197,98,99
2084,1823115,86.5022699386503,88.61,84.52,163,79,84
2085,1824283,78.124375,76.62,79.52,160,77,83
2086,1825044,83.749375,77.14,88.89,160,70,90
2087,1827033,71.1695705521472,83.52,55.56,163,91,72
2088,1827988,65.8360869565217,71.95,59.49,161,82,79
2089,1830157,79.9956666666667,72.46,84.68,180,69,111
2090,1830851,79.0975706214689,71.23,84.62,177,73,104
2091,1831869,82.8219018404908,78.72,88.41,163,94,69
2092,1832350,77.8352432432432,65.82,86.79,185,79,106
2093,1832902,74.5766666666667,70.59,78.26,177,85,92
2094,1833880,85.1848611111111,79.82,90.65,216,109,107
2095,1835195,81.9210169491525,76.34,88.1,177,93,84
2096,1836360,85.8122297297297,87.37,83.02,148,95,53
2097,1838155,85.632874251497,86.05,85.19,167,86,81
2098,1838591,84.1789830508475,77.38,90.32,177,84,93
2099,1840554,88.505,86.21,90.8,174,87,87
2100,1840980,89.6162295081967,85.71,93.48,183,91,92
2101,1840992,83.5654109589041,77.97,87.36,146,59,87
2102,1841428,88.488,86.08,90.7,165,79,86
2103,1842989,75.3022891566265,84.71,65.43,166,85,81
2104,1844388,68.1313186813187,75,61.11,182,92,90
2105,1844744,73.9870731707317,72.92,74.67,123,48,75
2106,1844789,78.675,79.41,77.94,136,68,68
2107,1845103,80.7142857142857,75,85,140,60,80
2108,1845402,77.9828440366973,85.11,72.58,109,47,62
2109,1845429,82.1153642384106,90.24,72.46,151,82,69
2110,1845536,90.2959701492537,91.89,88.33,134,74,60
2111,1846902,93.1036781609195,93.26,92.94,174,89,85
2112,1847564,87.6823913043478,85.92,89.55,138,71,67
2113,1848245,85.0937888198758,79.49,90.36,161,78,83
2114,1849750,90.9678313253012,86.67,94.51,166,75,91
2115,1850200,90.721030927835,88.17,93.07,194,93,101
2116,1850900,54.3725,37.33,69.41,160,75,85
2117,1851219,85.3634146341463,86.9,83.75,164,84,80
2118,1851518,74.9955113636364,71.08,78.49,176,83,93
2119,1852508,84.6169822485207,73.33,90.83,169,60,109
2120,1853077,86.1471084337349,93.59,79.55,166,78,88
2121,1853527,88.269012345679,88.57,88.04,162,70,92
2122,1854799,91.2169594594594,90.14,92.21,148,71,77
2123,1855046,85.4729608938547,82.14,88.42,179,84,95
2124,1856346,68.4501604278075,73.12,63.83,187,93,94
2125,1856414,66.874,83.33,53.41,160,72,88
2126,1856440,81.8209090909091,74.29,87.37,165,70,95
2127,1857163,72.1428571428571,63.64,76.04,140,44,96
2128,1857712,80.7207228915663,87.8,73.81,166,82,84
2129,1858445,78.1052071005917,68.42,86.02,169,76,93
2130,1858640,87.0256216216216,79.27,93.2,185,82,103
2131,1859297,85.79625,80.52,89.9,176,77,99
2132,1859824,82.7806111111111,77.22,87.13,180,79,101
2133,1859965,81.5209782608696,71.83,87.61,184,71,113
2134,1860765,90.3235483870968,94.29,87.93,186,70,116
2135,1861236,89.3206796116505,91.49,87.5,206,94,112
2136,1861764,84.2120467836257,90,76.06,171,100,71
2137,1863293,85.5575,89.9,80.25,180,99,81
2138,1863304,84.4551295336787,85.71,82.72,193,112,81
2139,1863650,82.4465425531915,82.83,82.02,188,99,89
2140,1864339,80.0009473684211,84.47,74.71,190,103,87
2141,1864374,81.3332,76.54,86.96,150,81,69
2142,1865179,87.136432748538,83.51,91.89,171,97,74
2143,1867674,87.6663636363636,84.29,90.48,154,70,84
2144,1868082,77.9119018404908,72.94,83.33,163,85,78
2145,1869663,87.923355704698,84.42,91.67,149,77,72
2146,1872845,86.9815976331361,91.01,82.5,169,89,80
2147,1873490,77.2375609756098,70.69,83.08,123,58,65
2148,1874049,87.0483937823834,88.66,85.42,193,97,96
2149,1874182,80.108167539267,84.91,74.12,191,106,85
2150,1875291,80.6265,85.23,75,160,88,72
2151,1876084,81.2170165745856,86.32,75.58,181,95,86
2152,1876238,88.6996610169492,91.4,85.71,177,93,84
2153,1876484,82.4687662337662,80,85.51,154,85,69
2154,1876858,79.0426347305389,79.8,77.94,167,99,68
2155,1877363,87.9998666666667,86.49,89.47,150,74,76
2156,1877440,73.3366666666667,66.67,79.17,135,63,72
2157,1877730,84.3374698795181,85.71,83.15,166,77,89
2158,1878605,81.6183823529412,83.1,80,136,71,65
2159,1880585,81.527898089172,83.1,80.23,157,71,86
2160,1881632,67.6177272727273,67.42,67.82,176,89,87
2161,1882560,86.6623636363636,87.65,85.71,165,81,84
2162,1886433,80.1128977272727,88.12,69.33,176,101,75
2163,1886471,88.0006,87.1,89.47,150,93,57
2164,1887479,86.6632727272727,86.27,87.3,165,102,63
2165,1887487,84.0484662576687,82,87.3,163,100,63
2166,1888111,56.1518181818182,39.81,76.19,187,103,84
2167,1888171,74.2975418994414,71.26,77.17,179,87,92
2168,1889079,88.0853886010363,86.24,90.48,193,109,84
2169,1889320,81.5505357142857,81.18,81.93,168,85,83
2170,1889527,65.2766666666667,51.47,77.63,144,68,76
2171,1891487,88.7710160427807,86.17,91.4,187,94,93
2172,1891538,81.5655865921788,72.6,87.74,179,73,106
2173,1891796,80.5544444444444,79.45,81.69,144,73,71
2174,1894541,75.4109836065574,76.19,74.75,183,84,99
2175,1895443,73.0307303370787,69.41,76.34,178,85,93
2176,1896892,76.8300609756098,69.23,81.82,164,65,99
2177,1897818,54.2857142857143,44,60,140,50,90
2178,1897824,63.5227672955975,61.76,64.84,159,68,91
2179,1898763,78.9124489795918,83.15,72.41,147,89,58
2180,1900009,82.913164556962,79.41,85.56,158,68,90
2181,1900778,79.4346808510638,71.43,85.9,141,63,78
2182,1901372,81.7408695652174,80,82.86,115,45,70
2183,1901967,76.9821428571429,64.44,83.95,126,45,81
2184,1904409,80.2812676056338,68.85,88.89,142,61,81
2185,1904803,83.03,76.47,90,165,85,80
2186,1905160,91.1411392405063,89.19,92.86,158,74,84
2187,1906979,36.6485714285714,17.65,50.54,161,68,93
2188,1907188,82.3547712418301,79.03,84.62,153,62,91
2189,1910378,78.3597014925373,69.64,84.62,134,56,78
2190,1911155,81.8183116883117,86.11,78.05,154,72,82
2191,1912651,59.9978461538462,51.56,68.18,130,64,66
2192,1912909,71.9126966292135,82.5,63.27,178,80,98
2193,1913086,39.7772928176796,51.25,30.69,181,80,101
2194,1913384,50.4175630252101,87.93,14.75,119,58,61
2195,1913999,50.6929166666667,71.79,25.76,144,78,66
2196,1917019,82.7105263157895,76.6,86.05,133,47,86
2197,1917864,83.9720512820513,82.89,85,156,76,80
2198,1918620,73.5580991735537,78.85,69.57,121,52,69
2199,1919564,78.2571739130435,86.27,73.56,138,51,87
2200,1919644,78.307619047619,76.83,79.44,189,82,107
2201,1919857,70.435652173913,83.87,54.72,115,62,53
2202,1920068,78.6573780487805,77.92,79.31,164,77,87
2203,1920531,83.4351533742331,80.56,85.71,163,72,91
2204,1920600,85.2958823529412,86.59,84.09,170,82,88
2205,1920868,83.62783625731,78.41,89.16,171,88,83
2206,1922225,83.4316,91.84,72.73,175,98,77
2207,1923203,85.615,90.41,80.82,146,73,73
2208,1923467,66.879025974026,74.07,58.9,154,81,73
2209,1925728,63.4154471544716,66.22,59.18,123,74,49
2210,1926525,85.2666666666667,89.53,76.74,129,86,43
2211,1926761,79.7367320261438,85.26,70.69,153,95,58
2212,1927485,0,0,NA,67,67,NA
2213,1928899,75.3521830985916,78.48,71.43,142,79,63
2214,1930204,66.6686956521739,72.22,63.1,138,54,84
2215,1931535,81.8725,83.33,80.68,160,72,88
2216,1931794,89.5062937062937,88.52,90.24,143,61,82
2217,1932405,80.6467741935484,86.67,75,155,75,80
2218,1933307,70.081452991453,74.19,65.45,117,62,55
2219,1933341,60.3762264150943,43.48,73.33,159,69,90
2220,1933447,92.8120958083832,90.54,94.62,167,74,93
2221,1934321,83.1167532467532,84.15,81.94,154,82,72
2222,1935040,78.3946913580247,68.57,85.87,162,70,92
2223,1936576,89.1148979591837,84.85,92.59,147,66,81
2224,1937371,90.7518497109827,91.84,89.33,173,98,75
2225,1937386,88.8244134078212,87.91,89.77,179,91,88
2226,1939750,74.4197674418605,77.59,71.83,129,58,71
2227,1940855,73.3333333333333,84,52,150,100,50
2228,1941092,82.5286746987952,89.36,73.61,166,94,72
2229,1941481,71.5972189349112,73.96,68.49,169,96,73
2230,1941951,84.4704347826087,86.9,81.82,161,84,77
2231,1943652,87.3528313253012,90.48,81.97,166,105,61
2232,1947367,76.574,68.89,84.71,175,90,85
2233,1947876,84.4321556886228,78.89,90.91,167,90,77
2234,1948391,82.2777848101266,80,84.93,158,85,73
2235,1949280,85.888036809816,79.45,91.11,163,73,90
2236,1950253,78.7888484848485,70.42,85.11,165,71,94
2237,1950717,49.1349137931034,58.46,37.25,116,65,51
2238,1955337,79.4578378378378,80.61,78.16,185,98,87
2239,1955740,85.7927368421053,86.05,85.58,190,86,104
2240,1956062,85.6203921568628,76.6,89.62,153,47,106
2241,1956718,80.1266666666667,66.15,90.11,156,65,91
2242,1956957,79.7551533742331,78.67,80.68,163,75,88
2243,1957386,79.1929479768786,88.66,67.11,173,97,76
2244,1957916,86.8596,91.57,82.61,175,83,92
2245,1959506,87.1421428571429,92.93,81.98,210,99,111
2246,1959668,86.0291061452514,85.71,86.27,179,77,102
2247,1959759,79.2938888888889,67.53,86.78,198,77,121
2248,1960092,78.9132653061225,85.19,71.21,147,81,66
2249,1960674,49.3318,72.46,29.63,150,69,81
2250,1964896,82.7166049382716,89.04,77.53,162,73,89
2251,1965419,77.0498360655738,83.64,71.64,122,55,67
2252,1965978,89.6339634146342,90.36,88.89,164,83,81
2253,1966826,86.4877297297297,89.77,83.51,185,88,97
2254,1968384,86.54,87.18,85.9,156,78,78
2255,1969950,89.29,88.1,90.48,168,84,84
2256,1970141,74.4579891304348,77.53,71.58,184,89,95
2257,1971802,88.3818181818182,88.89,88.03,198,81,117
2258,1971966,88.0223353293413,92.31,85.29,167,65,102
2259,1974389,80.0035151515151,54.35,89.92,165,46,119
2260,1976005,62.582380952381,68.83,55.71,147,77,70
2261,1976880,47.0573202614379,74.39,15.49,153,82,71
2262,1977436,86.9804166666667,90.22,84,192,92,100
2263,1977941,71.9515853658537,69.23,74.42,164,78,86
2264,1979610,80.7397777777778,77.97,82.89,135,59,76
2265,1979984,84.8632432432432,77.78,90.38,185,81,104
2266,1982941,81.559219858156,91.25,68.85,141,80,61
2267,1984732,91.100890052356,88.89,93.48,191,99,92
2268,1984964,87.8425414364641,80.68,94.62,181,88,93
2269,1985075,90.5582777777778,84.62,96.63,180,91,89
2270,1985382,62.7904651162791,79.49,37.25,129,78,51
2271,1985506,90.7871052631579,88.46,93.24,152,78,74
2272,1985743,89.3081132075472,85.51,92.22,159,69,90
2273,1986137,81.2089261744967,70,86.87,149,50,99
2274,1986817,86.0026666666667,84.62,87.06,150,65,85
2275,1987192,67.18765625,79.73,50,128,74,54
2276,1990059,83.8947651006711,78.21,90.14,149,78,71
2277,1990997,85.186975308642,92.77,77.22,162,83,79
2278,1991599,85.2725581395349,83.12,88.46,129,77,52
2279,1991822,74.999765625,71.64,78.69,128,67,61
2280,1993873,92.3538823529412,92.05,92.68,170,88,82
2281,1994555,75.1898496240601,82.61,67.19,133,69,64
2282,1998654,71.3403048780488,85.54,56.79,164,83,81
2283,1998910,75.7404142011834,87.76,59.15,169,98,71
2284,1999281,79.7905319148936,79.78,79.8,188,89,99
2285,1999302,81.349481865285,82,80.65,193,100,93
2286,2001785,87.8314285714286,87.1,88.54,189,93,96
2287,2002425,90.9594680851064,94.96,84.06,188,119,69
2288,2005059,91.1364556962025,95.28,82.69,158,106,52
2289,2008138,84.9736416184971,88.12,80.56,173,101,72
2290,2008939,83.7671428571429,85.86,80,154,99,55
2291,2010624,78.6130188679245,73.33,83.33,159,75,84
2292,2010695,70.945945945946,64.62,75.9,148,65,83
2293,2012240,74.5646820809249,76.36,71.43,173,110,63
2294,2012612,89.0205202312139,86.67,92.65,173,105,68
2295,2014882,81.0527368421053,81.48,80.49,190,108,82
2296,2015844,73.2029411764706,58.89,93.65,153,90,63
2297,2016005,90.5432432432433,89.25,92.73,148,93,55
2298,2017566,93.3375384615385,95.5,90.48,195,111,84
2299,2017789,77.4835761589404,52.54,93.48,151,59,92
2300,2018201,92.021914893617,88.89,96.25,188,108,80
2301,2018226,87.2248888888889,83.7,90.91,180,92,88
2302,2018592,88.7616853932584,90.99,85.07,178,111,67
2303,2018678,89.1701910828025,91,85.96,157,100,57
2304,2020577,86.3636363636364,79.75,93.33,154,79,75
2305,2020668,88.9516279069767,88.39,90,172,112,60
2306,2021204,82.6938461538462,84.26,79.17,156,108,48
2307,2022053,93.1024137931035,93.33,92.73,145,90,55
2308,2022126,90.6630769230769,89.29,92.86,182,112,70
2309,2022984,63.4475862068966,86.76,42.86,145,68,77
2310,2024378,63.4480689655173,82.56,35.59,145,86,59
2311,2024914,87.2333333333333,82.98,89.36,141,47,94
2312,2025665,80.2451851851852,85.71,74.36,162,84,78
2313,2026031,81.874375,76.12,86.02,160,67,93
2314,2026607,78.0632258064516,78.48,77.63,155,79,76
2315,2027123,87.2834104046243,86.46,88.31,173,96,77
2316,2027520,90.9094805194805,93.98,87.32,154,83,71
2317,2027853,86.1881578947368,85.56,87.1,152,90,62
2318,2027904,89.5546268656716,90.48,88,134,84,50
2319,2029359,87.3261971830986,78.69,93.83,142,61,81
2320,2030802,88.8888271604938,81.93,96.2,162,83,79
2321,2031411,92.3108974358974,90.7,94.29,156,86,70
2322,2033615,88.9674482758621,90.79,86.96,145,76,69
2323,2035617,77.6497058823529,73.63,82.28,170,91,79
2324,2038839,73.9362424242424,66.3,83.56,165,92,73
2325,2039219,82.5,77,88,200,100,100
2326,2039568,81.6071264367816,85.54,78.02,174,83,91
2327,2039795,84.4096774193548,83.53,85.15,186,85,101
2328,2039808,75.7075141242938,91.59,51.43,177,107,70
2329,2039875,80.3658895705521,87.8,72.84,163,82,81
2330,2041935,85.9297989949749,89.22,82.47,199,102,97
2331,2042797,79.6044736842105,94.05,61.76,152,84,68
2332,2042968,70.5116025641026,76.71,65.06,156,73,83
2333,2044039,79.1069402985075,77.36,80.25,134,53,81
2334,2044540,78.2839428571428,80.41,75.64,175,97,78
2335,2044585,43.3194930875576,47.75,38.68,217,111,106
2336,2044685,79.3960606060606,75,83.15,165,76,89
2337,2045399,83.9292857142857,83.95,83.91,168,81,87
2338,2045489,68.7063265306122,88.73,50,147,71,76
2339,2045494,79.762380952381,93.42,68.48,168,76,92
2340,2046175,93.5323383084577,93.4,93.68,201,106,95
2341,2047483,84.7148407643312,83.95,85.53,157,81,76
2342,2048144,81.3665217391304,82.65,79.37,161,98,63
2343,2050574,95.3794219653179,93.98,96.67,173,83,90
2344,2050583,85.62375,78.33,90,160,60,100
2345,2051290,80.8802941176471,82.69,79.76,136,52,84
2346,2051330,85.2051020408163,88.66,81.82,196,97,99
2347,2051553,83.9364766839378,82.93,84.68,193,82,111
2348,2052303,76.5706857142857,73.49,79.35,175,83,92
2349,2052908,77.4999375,68.49,85.06,160,73,87
2350,2053335,83.420103626943,91.58,75.51,193,95,98
2351,2053405,80.4228571428571,90.38,68.24,189,104,85
2352,2054321,82.0962008733624,90.99,73.73,229,111,118
2353,2054405,90.0027727272727,91.09,89.08,220,101,119
2354,2054480,84.4043119266055,81.63,86.67,218,98,120
2355,2054821,83.8879146919431,86.09,81.25,211,115,96
2356,2055872,82.54,81.11,83.84,189,90,99
2357,2055904,83.334619047619,79.61,86.92,210,103,107
2358,2055976,62.7551020408163,57,68.75,196,100,96
2359,2056079,78.4552486187845,86.6,69.05,181,97,84
2360,2056121,85.42,84.38,86.46,192,96,96
2361,2056275,85.3931460674157,85.71,85.11,178,84,94
2362,2056538,21.9982,17.43,27.47,200,109,91
2363,2056626,89.5275916230367,90.74,87.95,191,108,83
2364,2056947,76.1005660377358,87.5,58.73,159,96,63
2365,2058865,73.5457419354839,83.33,66.29,155,66,89
2366,2058871,55.1507352941176,78.21,24.14,136,78,58
2367,2059553,85.2943529411765,85.54,85.06,170,83,87
2368,2059628,70.2878260869565,87.14,52.94,138,70,68
2369,2059985,58.1556028368794,66.25,47.54,141,80,61
2370,2060916,84.1722302158273,87.88,80.82,139,66,73
2371,2060923,84.9647368421053,91.67,73.47,133,84,49
2372,2061222,72.5190839694657,65.52,78.08,131,58,73
2373,2061289,88.9604545454545,83.95,94.52,154,81,73
2374,2061360,88.7412582781457,78.67,98.68,151,75,76
2375,2061683,84.12,84.71,83.53,170,85,85
2376,2061926,90.2297126436782,88.24,92.13,174,85,89
2377,2062163,87.4068888888889,87.95,86.54,135,83,52
2378,2063345,81.3801379310345,81.58,81.16,145,76,69
2379,2065471,89.2857142857143,87.95,90.59,168,83,85
2380,2067262,84.9413253012048,78.67,90.11,166,75,91
2381,2067403,80.3679754601227,61.67,91.26,163,60,103
2382,2068104,73.5305882352941,88.16,55,136,76,60
2383,2069980,82.0001333333333,82.35,81.71,150,68,82
2384,2071404,77.1820134228188,78.38,76,149,74,75
2385,2072244,84.6626136363636,90.2,77.03,176,102,74
2386,2072311,86.8681818181818,91.51,81.52,198,106,92
2387,2073101,78.9477631578947,92.93,52.83,152,99,53
2388,2073566,85.2463387978142,81.32,89.13,183,91,92
2389,2073650,60.8916201117318,38.82,80.85,179,85,94
2390,2073785,51.0457342657343,37.14,64.38,143,70,73
2391,2076087,71.6952830188679,74.19,68.18,159,93,66
2392,2078767,77.71,74.7,80.72,166,83,83
2393,2082432,85.712380952381,85,86.76,168,100,68
2394,2082585,92.077987804878,89.66,94.81,164,87,77
2395,2083116,76.4004968944099,68.09,88.06,161,94,67
2396,2085416,84.7688079470199,82.67,86.84,151,75,76
2397,2086430,47.5886746987952,56.7,34.78,166,97,69
2398,2086467,21.4709604519774,19,24.68,177,100,77
2399,2086644,72.7823076923077,74.73,70.51,169,91,78
2400,2086797,60.2708219178082,72.09,43.33,146,86,60
2401,2086904,75.9996666666667,80.9,68.85,150,89,61
2402,2088008,80.435652173913,74.14,85,138,58,80
2403,2088207,80.2678947368421,83.51,74.55,152,97,55
2404,2088272,77.9157668711656,75.61,80.25,163,82,81
2405,2088759,85.2929411764706,82.22,88.75,170,90,80
2406,2089594,69.092,65.31,72.13,110,49,61
2407,2089960,78.1275625,72.29,84.42,160,83,77
2408,2090271,63.7557046979866,70.73,55.22,149,82,67
2409,2092414,80.9855214723926,76.6,86.96,163,94,69
2410,2092768,74.4998657718121,77.22,71.43,149,79,70
2411,2092906,80.7928248587571,71.43,90.7,177,91,86
2412,2092918,78.6593902439024,77.67,80.33,164,103,61
2413,2094380,79.4272,84.82,69.84,175,112,63
2414,2095545,89.9994117647059,88.42,92,170,95,75
2415,2095823,75.3081481481481,68.92,80.68,162,74,88
2416,2096213,84.5,85,84,200,100,100
2417,2096273,90.6078453038674,90.8,90.43,181,87,94
2418,2096411,70.1366666666667,53.12,83.75,144,64,80
2419,2096898,87.8976433121019,85.29,89.89,157,68,89
2420,2097124,85.5568888888889,88.12,82.28,180,101,79
2421,2097757,82.582,80.65,83.87,155,62,93
2422,2098900,87.8397972972973,85.92,89.61,148,71,77
2423,2099380,85.7122285714286,81.72,90.24,175,93,82
2424,2099614,83.9773717948718,72.73,94.94,156,77,79
2425,2100479,88.6120253164557,92.05,84.29,158,88,70
2426,2100529,83.0270909090909,85.39,80.26,165,89,76
2427,2100625,89.2866666666667,92.39,85.53,168,92,76
2428,2100848,71.314262295082,80.77,64.29,122,52,70
2429,2102221,76.1536923076923,80.88,70.97,130,68,62
2430,2102295,84.5564705882353,87.5,81.94,136,64,72
2431,2103401,80.0002608695652,70.83,86.57,115,48,67
2432,2103831,69.4237190082645,94.37,34,121,71,50
2433,2104048,89.3972727272727,86.67,91.67,132,60,72
2434,2105967,85.6112949640288,92.65,78.87,139,68,71
2435,2106116,76.2225874125874,71.05,82.09,143,76,67
2436,2107098,93.574,95.95,90.91,140,74,66
2437,2107303,91.0562601626016,89.04,94,123,73,50
2438,2107438,89.2141176470588,90.32,87.5,102,62,40
2439,2108163,87.3313333333333,88.75,85.71,150,80,70
2440,2108912,92.5391791044776,90.91,94.74,134,77,57
2441,2110542,86.9027380952381,92.94,80.72,168,85,83
2442,2111185,74.4934899328859,89.87,57.14,149,79,70
2443,2111382,91.250375,91.03,91.46,160,78,82
2444,2111440,91.3281502890173,94.59,88.89,173,74,99
2445,2111468,89.1734394904459,87.67,90.48,157,73,84
2446,2111981,84.429880239521,84.72,84.21,167,72,95
2447,2112206,85.9040268456376,91.3,81.25,149,69,80
2448,2113182,72.2249382716049,56.72,83.16,162,67,95
2449,2114462,70.4574242424242,85.92,52.46,132,71,61
2450,2114812,83.4445695364238,78.95,86.17,151,57,94
2451,2115639,84.5727428571429,91.57,78.26,175,83,92
2452,2115703,78.984347826087,95.06,56.14,138,81,57
2453,2115835,84.1648333333333,83.87,84.48,120,62,58
2454,2117424,79.2194805194805,83.1,75.9,154,71,83
2455,2117582,82.964,83.33,82.72,135,54,81
2456,2118269,90.9071428571429,94.87,86.84,154,78,76
2457,2118913,76.7254716981132,81.94,72.41,159,72,87
2458,2119139,82.1450595238095,80.6,83.17,168,67,101
2459,2119778,69.4264331210191,83.33,50.75,157,90,67
2460,2121798,82.5392592592593,82.65,82.42,189,98,91
2461,2122416,73.4077127659574,86.21,62.38,188,87,101
2462,2123294,69.3079365079365,51.76,83.65,189,85,104
2463,2123904,74.4649468085106,81.44,67.03,188,97,91
2464,2124868,69.9435260115607,53.01,85.56,173,83,90
2465,2125929,79.5172891566265,81.32,77.33,166,91,75
2466,2125973,68.4560402684564,74.36,61.97,149,78,71
2467,2126576,84.1352413793103,80.88,87.01,145,68,77
2468,2128050,75.158447204969,83.15,65.28,161,89,72
2469,2128612,66.6680555555556,64.71,68.42,144,68,76
2470,2128658,84.5238095238095,75,95,168,88,80
2471,2132132,82.5611627906977,82.28,82.8,172,79,93
2472,2132209,84.8521212121212,82.86,86.32,165,70,95
2473,2134171,82.1171523178808,84.44,78.69,151,90,61
2474,2135684,86.0930463576159,86.15,86.05,151,65,86
2475,2136669,76.1895238095238,61.02,86.36,147,59,88
2476,2138074,87.4980357142857,85.54,89.41,168,83,85
2477,2139460,75.610487804878,66.18,87.27,123,68,55
2478,2139889,86.752119205298,87.95,85.29,151,83,68
2479,2141212,80.95,61.11,92.47,147,54,93
2480,2141387,86.5254609929078,81.69,91.43,141,71,70
2481,2141473,81.0826351351351,86.42,74.63,148,81,67
2482,2141656,89.6308536585366,91.76,87.34,164,85,79
2483,2142028,88.3843870967742,89.47,87.34,155,76,79
2484,2142252,90.0022857142857,92.19,88.16,140,64,76
2485,2143393,87.2620382165605,81.82,92.5,157,77,80
2486,2143448,82.8430769230769,84.62,81.32,169,78,91
2487,2143499,78.2908552631579,84,72.73,152,75,77
2488,2145089,75.4072950819672,81.48,63.41,122,81,41
2489,2145507,84.0586231884058,83.08,84.93,138,65,73
2490,2145657,89.2835714285714,89.23,89.33,140,65,75
2491,2146202,76.0242465753425,82.89,68.57,146,76,70
2492,2146342,85.5278947368421,83.12,88,152,77,75
2493,2147490,85.8951282051282,73.53,95.45,156,68,88
2494,2147773,85.2319463087248,84.44,86.44,149,90,59
2495,2149269,75.9741558441558,79.63,74,154,54,100
2496,2149695,81.0808108108108,83.72,77.42,148,86,62
2497,2151263,66.09,69.39,63.64,115,49,66
2498,2152372,77.0277027027027,80,74.7,148,65,83
2499,2152442,76.6684,75,77.91,150,64,86
2500,2152610,79.4123529411765,85.94,73.61,136,64,72
2501,2155582,82.4479255319149,77.42,87.37,188,93,95
2502,2156327,85.6167973856209,85.48,85.71,153,62,91
2503,2157424,87.1378947368421,92.31,82.8,171,78,93
2504,2157938,86.9580434782609,91.09,81.93,184,101,83
2505,2159782,82.63,85.26,80,190,95,95
2506,2159839,83.423422459893,82.22,84.54,187,90,97
2507,2160945,57.4460992907801,41.54,71.05,141,65,76
2508,2161254,66.9513559322034,77.91,37.5,118,86,32
2509,2162057,70.9491891891892,65.28,76.32,148,72,76
2510,2167322,87.0398765432099,88.16,86.05,162,76,86
2511,2167363,81.2136363636364,68.57,90.53,165,70,95
2512,2168666,78.7666438356164,80.52,76.81,146,77,69
2513,2171203,80.4608045977012,78.26,82.93,174,92,82
2514,2172488,79.4876923076923,79.76,79.17,156,84,72
2515,2172760,63.3330666666667,85.71,39.73,150,77,73
2516,2174643,81.250375,77.92,84.34,160,77,83
2517,2175913,66.2106206896552,67.11,65.22,145,76,69
2518,2176132,82.9568181818182,90.43,74.39,176,94,82
2519,2176550,83.0181761006289,89.69,72.58,159,97,62
2520,2177489,80.4989308176101,85.07,77.17,159,67,92
2521,2177601,80.1198245614035,88.51,71.43,171,87,84
2522,2178130,87.4966666666667,96.7,76.62,168,91,77
2523,2178188,88.3325,88,88.57,180,75,105
2524,2178363,89.60064,82.98,93.59,125,47,78
2525,2178470,81.545,88.17,73.33,168,93,75
2526,2178689,79.7620833333333,81.18,78.31,168,85,83
2527,2179188,88.9527624309392,97.85,79.55,181,93,88
2528,2179196,78.5212592592593,96.39,50,135,83,52
2529,2180140,86.4847027027027,90.91,82.47,185,88,97
2530,2180171,79.9011764705882,86.79,72.45,204,106,98
2531,2180823,82.83,80.68,84.55,198,88,110
2532,2181578,87.2122093023256,79.49,93.62,172,78,94
2533,2183162,84.2719662921348,84,84.47,178,75,103
2534,2183548,61.905,86.67,33.33,168,90,78
2535,2184728,88.3951933701657,92.77,84.69,181,83,98
2536,2185419,78.8338095238095,85.33,74.56,189,75,114
2537,2185898,71.07,69.57,72.22,159,69,90
2538,2186660,78.9474210526316,81.82,76.99,190,77,113
2539,2186884,82.4238181818182,84.52,80.25,165,84,81
2540,2188580,76.1930952380952,85.53,68.48,168,76,92
2541,2189280,81.869945054945,88.89,76.24,182,81,101
2542,2190130,78.619748427673,84.29,74.16,159,70,89
2543,2190804,84.2625888324873,83.02,85.71,197,106,91
2544,2191773,83.8142774566474,82.47,85.53,173,97,76
2545,2191913,82.0376699029126,83.96,80,206,106,100
2546,2192359,51.9132786885246,66.67,35.63,183,96,87
2547,2192402,77.3482320441989,72.53,82.22,181,91,90
2548,2193088,88.8301063829787,89.53,88.24,188,86,102
2549,2193358,81.5957055214724,81.48,81.71,163,81,82
2550,2193946,81.6111494252874,75.61,86.96,174,82,92
2551,2194544,70.8964179104478,81.82,56.14,134,77,57
2552,2194870,82.585,78.31,86.32,178,83,95
2553,2195965,75.1623529411765,78.08,72.5,153,73,80
2554,2196577,72.6116560509554,76.71,69.05,157,73,84
2555,2197411,82.6676,80.88,84.15,150,68,82
2556,2200247,49.1560169491525,42.11,55.74,118,57,61
2557,2200425,60.9384375,64.62,57.14,128,65,63
2558,2206838,83.3303571428571,85.39,81.01,168,89,79
2559,2210800,78.256231884058,77.46,79.1,138,71,67
2560,2210889,81.0088607594937,89.47,68.25,158,95,63
2561,2210934,80.7686153846154,87.67,71.93,130,73,57
2562,2211141,86.3095833333333,85.57,87.32,168,97,71
2563,2211688,67.0473295454545,73.63,60,176,91,85
2564,2212431,82.0014666666667,74.39,91.18,150,82,68
2565,2213414,80.2586624203822,80.65,79.69,157,93,64
2566,2213504,84.4575,80.72,89.23,148,83,65
2567,2214487,82.815,84.38,78.12,128,96,32
2568,2214944,86.6174803149606,84.06,89.66,127,69,58
2569,2215083,77.6090298507463,69.01,87.3,134,71,63
2570,2215520,79.0822222222222,80.61,76.36,153,98,55
2571,2216477,86.1152083333333,82.67,89.86,144,75,69
2572,2216724,84.7467231638418,81.31,90,177,107,70
2573,2216984,81.7160571428571,77.57,88.24,175,107,68
2574,2217247,80.0002424242424,78.64,82.26,165,103,62
2575,2217332,82.4583625730994,82.18,82.86,171,101,70
2576,2218760,87.0487046632124,84.16,90.22,193,101,92
2577,2219470,69.0817763157895,74.12,62.69,152,85,67
2578,2220684,87.7902906976744,86.42,89.01,172,81,91
2579,2220729,89.19,87.21,90.91,185,86,99
2580,2221640,86.7972327044025,88.24,85.14,159,85,74
2581,2221772,91.3280924855491,90.32,92.5,173,93,80
2582,2223226,91.7094475138122,88.17,95.45,181,93,88
2583,2223510,69.4910169491526,76.92,60.38,118,65,53
2584,2226189,87.262229299363,86.96,87.69,157,92,65
2585,2226503,89.810127388535,91.67,87.67,157,84,73
2586,2227028,81.9475,80.6,83.12,144,67,77
2587,2227471,73.4849242424242,69.86,77.97,132,73,59
2588,2228256,88.9484736842105,90.99,86.08,190,111,79
2589,2228422,84.9101257861635,84.71,85.14,159,85,74
2590,2229641,87.1340350877193,89.62,83.08,171,106,65
2591,2230103,55.9205263157895,72.41,33.85,152,87,65
2592,2231851,75.8929464285714,71.93,80,112,57,55
2593,2232595,82.1837931034483,76.77,89.33,174,99,75
2594,2232716,81.8678238341969,85.58,77.53,193,104,89
2595,2232842,73.4953012048193,71.11,76.32,166,90,76
2596,2233039,83.145,80.9,85.39,178,89,89
2597,2234646,81.975523255814,75.32,87.37,172,77,95
2598,2235758,87.8012195121951,85.26,91.3,164,95,69
2599,2236237,86.3634090909091,87.23,85.37,176,94,82
2600,2237906,83.3347619047619,92.31,68.75,126,78,48
2601,2238408,88.383935483871,92.59,83.78,155,81,74
2602,2239148,57.5238053097345,50,64.41,113,54,59
2603,2239155,72.0263636363636,83.65,41.03,143,104,39
2604,2239974,66.1308064516129,82.28,37.78,124,79,45
2605,2240532,78.8054347826087,80.85,76.67,184,94,90
2606,2240749,85.3292,83.33,86.9,150,66,84
2607,2241341,82.2844,85.87,78.31,175,92,83
2608,2241879,92.6574011299435,95.88,88.75,177,97,80
2609,2243631,82.2226111111111,85.15,78.48,180,101,79
2610,2243816,87.5,87.5,87.5,160,72,88
2611,2245054,87.64,88.76,86.52,178,89,89
2612,2245089,87.1126804123711,84.31,90.22,194,102,92
2613,2245161,58.8256617647059,72.29,37.74,136,83,53
2614,2245592,83.515,78.02,89.01,182,91,91
2615,2246398,89.072131147541,87.1,91.11,183,93,90
2616,2246960,77.11,77.11,77.11,166,83,83
2617,2247658,87.880303030303,88.61,87.21,165,79,86
2618,2250234,81.015,77.22,84.81,158,79,79
2619,2250601,80.6904827586207,85.53,75.36,145,76,69
2620,2250884,85.8873619631902,78.08,92.22,163,73,90
2621,2251013,83.74775,83.72,83.78,160,86,74
2622,2251222,84.6652147239264,92.31,77.65,163,78,85
2623,2252687,84.1021538461538,84.04,84.16,195,94,101
2624,2253950,79.0106790123457,68.49,87.64,162,73,89
2625,2254982,79.7312162162162,75.64,84.29,148,78,70
2626,2256045,82.517972027972,82.19,82.86,143,73,70
2627,2256798,84.7585365853658,88.1,81.25,164,84,80
2628,2256819,81.7649723756906,82.65,80.72,181,98,83
2629,2256996,76.7871428571429,72.73,81.25,168,88,80
2630,2257592,71.8381609195402,61.36,82.56,174,88,86
2631,2257725,86.4398870056497,82.02,90.91,177,89,88
2632,2257893,81.6739267015707,74.44,88.12,191,90,101
2633,2258187,64.79856,65.12,64.63,125,43,82
2634,2260136,66.665641025641,60.81,71.95,156,74,82
2635,2260713,66.8875496688742,72.22,59.02,151,90,61
2636,2261099,87.7085474860335,89.41,86.17,179,85,94
2637,2261203,83.2364071856287,79.69,85.44,167,64,103
2638,2261359,49.6622147651007,65.43,30.88,149,81,68
2639,2261517,80.2487654320988,84.15,76.25,162,82,80
2640,2262708,78.4514917127072,80.85,75.86,181,94,87
2641,2262756,76.57,80.95,70,175,105,70
2642,2265236,80.9308837209302,88.39,72.82,215,112,103
2643,2265707,44.7259296482412,53.54,36,199,99,100
2644,2265943,80.7141255605381,84.03,76.92,223,119,104
2645,2266171,82.35,80.39,84.31,204,102,102
2646,2266661,47.5952403846154,47.62,47.57,208,105,103
2647,2270121,84.3927317073171,84.95,83.93,205,93,112
2648,2270542,81.6770680628272,70.83,88.24,191,72,119
2649,2270903,80.6490322580645,76.32,83.64,186,76,110
2650,2271109,86.9035119047619,91.76,81.93,168,85,83
2651,2274612,82.2492307692308,76.92,85.58,169,65,104
2652,2274635,77.1806711409396,76.39,77.92,149,72,77
2653,2275531,58.5335365853659,52.7,63.33,164,74,90
2654,2276019,77.4981875,78.08,77.01,160,73,87
2655,2276503,85.1640659340659,81.11,89.13,182,90,92
2656,2276601,84.0004,87.5,80.77,150,72,78
2657,2276650,69.2283916083916,80.95,52.54,143,84,59
2658,2276982,78.31,81.91,73.61,166,94,72
2659,2279200,85.6341988950276,87.23,83.91,181,94,87
2660,2279239,85.6435643564356,86.6,84.76,202,97,105
2661,2279288,80.6284293193717,77.63,82.61,191,76,115
2662,2279302,73.1686585365854,72.73,73.39,164,55,109
2663,2279313,80.0972330097087,78.49,81.42,206,93,113
2664,2280162,77.2263333333333,66.22,84.91,180,74,106
2665,2281297,81.3244578313253,79.27,83.33,166,82,84
2666,2281381,67.4580473372781,63.37,73.53,169,101,68
2667,2282393,81.0976219512195,74.65,86.02,164,71,93
2668,2283338,88.0566666666667,86.79,89.47,201,106,95
2669,2283858,85.0005,85.32,84.51,180,109,71
2670,2284399,79.1905780346821,80.95,77.53,173,84,89
2671,2284426,77.9659322033898,83.67,70.89,177,98,79
2672,2284522,79.1909248554913,73.86,84.71,173,88,85
2673,2285597,65.7444751381215,71.91,59.78,181,89,92
2674,2286679,79.3957575757576,79.27,79.52,165,82,83
2675,2287209,82.2098773006135,84.47,78.33,163,103,60
2676,2287247,82.2357894736842,84.81,79.45,152,79,73
2677,2288165,76.7725806451613,76.25,77.33,155,80,75
2678,2288858,79.534269005848,84.62,71.64,171,104,67
2679,2289084,88.8875308641975,89.69,87.69,162,97,65
2680,2289115,87.1377777777778,86.32,88.16,171,95,76
2681,2289183,87.3318,83.87,92.98,150,93,57
2682,2290857,91.77,89.87,93.67,158,79,79
2683,2291279,85.4648255813954,77.65,93.1,172,85,87
2684,2291621,88.6700492610837,88.89,88.42,203,108,95
2685,2292054,84.7464406779661,82.22,87.36,177,90,87
2686,2293994,79.3671428571429,66.67,88.89,126,54,72
2687,2294399,66.26,63.1,69.62,163,84,79
2688,2299426,78.3059259259259,75.89,81.82,189,112,77
2689,2300102,81.42,82.29,80.46,183,96,87
2690,2300258,74.1339303482587,64.29,83.5,201,98,103
2691,2300562,72.2846195652174,77.57,64.94,184,107,77
2692,2300632,72.6,68.49,76.71,146,73,73
2693,2300646,78.2376470588235,68.92,85.42,170,74,96
2694,2301245,76.8123188405797,73.85,79.45,138,65,73
2695,2302933,68.071265060241,68.13,68,166,91,75
2696,2303487,77.0064705882353,79.09,74.03,187,110,77
2697,2304333,75.1286010362694,67.74,82,193,93,100
2698,2307561,85.0516494845361,84.47,85.71,194,103,91
2699,2308357,79.291124260355,68,88.3,169,75,94
2700,2309463,81.5938650306748,86,74.6,163,100,63
2701,2309576,73.9720547945205,68.42,80,146,76,70
2702,2310008,88.8931746031746,88.51,89.22,189,87,102
2703,2310130,81.8814093959732,76.27,85.56,149,59,90
2704,2310677,48.9812244897959,29.17,68,147,72,75
2705,2312815,87.4252095808383,90.67,84.78,167,75,92
2706,2313313,87.778,83.95,90.91,180,81,99
2707,2313790,85.5184827586207,88.14,83.72,145,59,86
2708,2315149,70.5546666666667,59.46,78.3,180,74,106
2709,2315496,79.3992964824121,76.83,81.2,199,82,117
2710,2316005,86.6052153110048,84.47,88.68,209,103,106
2711,2316219,73.2170833333333,90.77,62.14,168,65,103
2712,2316230,83.594126984127,86.36,82.11,189,66,123
2713,2316386,84.2117763157895,90.59,76.12,152,85,67
2714,2316644,92.3728813559322,95.05,90.37,236,101,135
2715,2316992,89.6393243243243,89.25,89.92,222,93,129
2716,2317055,86.9834319526627,87.5,86.6,169,72,97
2717,2317311,62.2838285714286,25.64,91.75,175,78,97
2718,2317776,87.4392753623188,87.91,87.07,207,91,116
2719,2319188,63.4600641025641,78.48,48.05,156,79,77
2720,2319612,84.0654945054945,80.56,86.36,182,72,110
2721,2319906,91.2199024390244,89.66,92.37,205,87,118
2722,2320319,86.6687692307692,75.76,92.25,195,66,129
2723,2321290,82.3499019607843,74.39,87.7,204,82,122
2724,2321398,81.3478756476684,71.64,86.51,193,67,126
2725,2321435,85.2438797814208,84.21,86.36,183,95,88
2726,2321619,4.29484978540773,6.8,2.31,233,103,130
2727,2323039,87.9674537037037,88.79,87.16,216,107,109
2728,2324206,89.055671641791,87.78,90.09,201,90,111
2729,2324503,84.8754634146342,84.27,85.34,205,89,116
2730,2324881,83.7071910112359,80,86.11,178,70,108
2731,2326510,76.6298913043478,69.14,82.52,184,81,103
2732,2327171,82.8542857142857,82.22,83.33,210,90,120
2733,2328030,66.8442105263158,55.56,77,190,90,100
2734,2332893,91.3682741116751,87.21,94.59,197,86,111
2735,2333113,91.2614077669903,87.88,94.39,206,99,107
2736,2334026,82.721832460733,87.5,77.01,191,104,87
2737,2334383,87.7456862745098,94.57,82.14,204,92,112
2738,2335213,90.6402463054187,85.57,95.28,203,97,106
2739,2335521,88.0467924528302,90.8,84.72,159,87,72
2740,2335870,21.5058064516129,15.38,25.93,186,78,108
2741,2336127,71.004674556213,58.73,78.3,169,63,106
2742,2336348,84.2128229665072,89.8,79.28,209,98,111
2743,2337182,88.6771226415094,93.07,84.68,212,101,111
2744,2338566,88.9569938650307,88.89,89.01,163,72,91
2745,2338816,58.5968789808917,51.25,66.23,157,80,77
2746,2338893,61.4421084337349,50.63,71.26,166,79,87
2747,2339007,80.1062365591398,91.21,69.47,186,91,95
2748,2339056,90.5568888888889,89.69,91.57,180,97,83
2749,2339857,82.3543315508021,79.38,85.56,187,97,90
2750,2340180,80.1468382352941,78.26,82.09,136,69,67
2751,2340422,68.8349350649351,44.62,86.52,154,65,89
2752,2341529,60.9197701149425,72.64,42.65,174,106,68
2753,2342323,83.0930434782609,83,83.18,207,100,107
2754,2343877,76.4021348314607,80.39,71.05,178,102,76
2755,2343980,75.8821176470588,83.33,66.22,170,96,74
2756,2344407,59.3966165413534,42.03,78.12,133,69,64
2757,2346842,76.530612244898,80.85,72.55,196,94,102
2758,2346940,83.33,80.95,85.29,186,84,102
2759,2347968,84.0015,89.22,78.57,200,102,98
2760,2348756,59.7278523489933,65.33,54.05,149,75,74
2761,2349137,69.60376,79.37,59.68,125,63,62
2762,2349375,76.9235714285714,79.78,74.19,182,89,93
2763,2349693,79.6745604395604,89.66,70.53,182,87,95
2764,2349956,85.3939325842697,87.65,83.51,178,81,97
2765,2350249,78.2341176470588,85,72.22,170,80,90
2766,2350375,76.1390909090909,74.67,77.23,176,75,101
2767,2351699,82.8749171270718,80.46,85.11,181,87,94
2768,2352839,82.267881773399,77.78,86.54,203,99,104
2769,2353702,71.1233098591549,67.53,75.38,142,77,65
2770,2354247,76.8380790960452,79.52,74.47,177,83,94
2771,2354433,81.4205464480874,81.52,81.32,183,92,91
2772,2354609,85.9371875,85.56,86.27,192,90,102
2773,2354638,77.504375,86.32,64.62,160,95,65
2774,2354707,82.6059782608696,84.44,80.85,184,90,94
2775,2355095,80.9236184210526,77.78,84.51,152,81,71
2776,2355534,90.1764739884393,86.46,94.81,173,96,77
2777,2355884,74.1576404494382,55.56,86.79,178,72,106
2778,2355967,80.7701648351648,72.84,87.13,182,81,101
2779,2358373,76.3831658291457,74.75,78,199,99,100
2780,2359437,44.8573831775701,38.18,51.92,214,110,104
2781,2359654,73.8923645320197,75.44,71.91,203,114,89
2782,2364770,79.5307602339181,82.28,77.17,171,79,92
2783,2367002,82.0892537313433,83.84,80.39,201,99,102
2784,2367341,85.2083673469388,84.71,85.59,196,85,111
2785,2370410,70.6523913043478,52.94,85.86,184,85,99
2786,2371490,84.2408695652174,85.58,82.5,184,104,80
2787,2373582,78.7718994413408,77.53,80,179,89,90
2788,2374606,81.0618181818182,80.56,81.25,132,36,96
2789,2374712,52.9395882352941,59.77,45.78,170,87,83
2790,2375908,83.1487640449438,78.67,86.41,178,75,103
2791,2377191,66.3392079207921,60.42,71.7,101,48,53
2792,2378859,85.8121621621622,85.53,86.11,148,76,72
2793,2379054,86.3197169811321,90.1,82.88,212,101,111
2794,2379219,83.508829787234,81.72,85.26,188,93,95
2795,2381769,83.335,80.18,86.49,222,111,111
2796,2382708,87.0653233830846,87.13,87,201,101,100
2797,2383635,82.81515625,78.79,87.1,192,99,93
2798,2385227,82.6055900621118,83.65,80.7,161,104,57
2799,2386645,88.1208415841584,88.24,87.95,202,119,83
2800,2390674,91.0325560538117,90.6,91.51,223,117,106
2801,2391188,84.7223611111111,76.58,93.33,216,111,105
2802,2391565,64.6572413793103,63.64,66,116,66,50
2803,2392302,90.5022905027933,85.71,94.12,179,77,102
2804,2394843,81.7606918238994,89.02,74.03,159,82,77
2805,2396040,86.6318181818182,88.17,85.11,187,93,94
2806,2396048,34.0427659574468,29.35,38.54,188,92,96
2807,2397011,85.369756097561,84.62,86.21,123,65,58
2808,2397399,85.7856862745098,82.02,88.7,204,89,115
2809,2400726,63.3720930232558,79.12,45.68,172,91,81
2810,2401218,70.9544761904762,77.67,64.49,210,103,107
2811,2401917,82.3523529411765,86.36,78.79,187,88,99
2812,2402387,67.4201123595506,77.22,59.6,178,79,99
2813,2402514,88.785,92.52,85.05,214,107,107
2814,2402993,74.251497005988,86.6,57.14,167,97,70
2815,2403027,59.1728402366864,83.17,23.53,169,101,68
2816,2403971,77.8968421052632,89,65.56,190,100,90
2817,2404433,79.4150490196078,74.26,84.47,204,101,103
2818,2406741,90.1505418719212,88.24,92.08,203,102,101
2819,2407123,84.3759375,87.61,79.75,192,113,79
2820,2408144,85.5433734939759,82.86,87.5,166,70,96
2821,2408854,86.5659701492537,87.36,85.96,201,87,114
2822,2408915,79.7897340425532,87.06,73.79,188,85,103
2823,2409014,86.3373770491803,86.9,85.86,183,84,99
2824,2409183,84.8325842696629,85.9,84,178,78,100
2825,2409219,90.0467164179104,94.79,85.71,201,96,105
2826,2411344,89.163842364532,91.51,86.6,203,106,97
2827,2411953,89.530890052356,91.92,86.96,191,99,92
2828,2412616,65.2695808383233,69.66,60.26,167,89,78
2829,2417554,83.5412025316456,68.85,92.78,158,61,97
2830,2419427,85.4796774193548,86.9,84.31,186,84,102
2831,2420860,71.1111111111111,73.75,69,180,80,100
2832,2421851,79.1442331288344,65.52,86.67,163,58,105
2833,2421979,85.6260479041916,78.12,90.29,167,64,103
2834,2422668,85.7108163265306,94.38,78.5,196,89,107
2835,2422999,79.4739473684211,74.19,84.54,190,93,97
2836,2423932,82.4601754385965,69.57,91.18,171,69,102
2837,2424329,81.9872670807453,80,83.95,161,80,81
2838,2424867,89.0195375722543,89.16,88.89,173,83,90
2839,2424978,83.3358620689655,72.37,91.84,174,76,98
2840,2425283,83.438036809816,72.86,91.4,163,70,93
2841,2425450,85.9260740740741,87.64,82.61,135,89,46
2842,2425831,81.4188524590164,79.31,83.33,183,87,96
2843,2426660,1.8348623853211,1.85,1.82,218,108,110
2844,2426668,1.38416666666667,0.93,1.83,216,107,109
2845,2427990,90.9565957446809,89,93.18,188,100,88
2846,2428164,85.3091525423729,81.16,87.96,177,69,108
2847,2429516,57.602,40,73.85,125,60,65
2848,2430550,87.7288957055215,87.91,87.5,163,91,72
2849,2430888,80.1429787234043,73.61,86.96,141,72,69
2850,2430965,81.5608510638298,80.28,82.86,141,71,70
2851,2431240,83.7229651162791,86.75,80.9,172,83,89
2852,2434047,70.4159763313609,87.1,50,169,93,76
2853,2434087,78.7744134078212,77.78,79.78,179,90,89
2854,2434433,76.3500675675676,47.06,91.75,148,51,97
2855,2435773,83.0962676056338,80,85.71,142,65,77
2856,2435832,73.7222627737226,67.27,78.05,137,55,82
2857,2437322,76.6663333333333,82.09,69.81,120,67,53
2858,2438358,88.6704,90.48,87.36,150,63,87
2859,2438770,84.6682666666667,89.06,81.4,150,64,86
2860,2439575,58.0869852941176,43.48,73.13,136,69,67
2861,2439726,50.7244927536232,36.76,64.29,138,68,70
2862,2440080,72.3953987730061,66.22,77.53,163,74,89
2863,2440544,66.4560248447205,53.42,77.27,161,73,88
2864,2441633,89.6777419354839,96.39,81.94,155,83,72
2865,2442469,83.3298076923077,92.13,71.64,156,89,67
2866,2442879,84.2390217391304,84.27,84.21,184,89,95
2867,2443258,79.9987692307692,78.22,81.91,195,101,94
2868,2444829,63.8565060240964,74.47,50,166,94,72
2869,2445690,81.5221739130435,81.32,81.72,184,91,93
2870,2445746,72.2975,78.79,59.18,148,99,49
2871,2446175,87.6953846153846,86.61,89.16,195,112,83
2872,2447577,86.1464935064935,86.96,85.34,231,115,116
2873,2447958,78.7885858585859,71.43,86,198,98,100
2874,2448131,87.7526530612245,87.27,88.37,196,110,86
2875,2448697,86.458125,90.35,80.77,192,114,78
2876,2449686,88.6612886597938,87.06,89.91,194,85,109
2877,2449964,85.3576262626263,84.47,86.32,198,103,95
2878,2450127,81.5433333333333,85.71,75.71,168,98,70
2879,2450272,69.094,54.55,81.82,165,77,88
2880,2451042,77.9785714285714,86.6,66.2,168,97,71
2881,2453563,80.7905960264901,75.38,84.88,151,65,86
2882,2453777,80.813488372093,73.61,86,172,72,100
2883,2454401,78.6241984732824,89.47,70.27,131,57,74
2884,2454509,77.3771428571429,90.8,62.96,168,87,81
2885,2455188,82.0798843930636,87,75.34,173,100,73
2886,2456221,66.1416535433071,88.16,33.33,127,76,51
2887,2456913,77.0719512195122,62.35,87.5,205,85,120
2888,2457008,75.9395488721804,56.92,94.12,133,65,68
2889,2458261,80.5118461538462,70.71,90.62,195,99,96
2890,2459927,72.4870469798658,71.28,74.55,149,94,55
2891,2460259,71.6461855670103,68.22,75.86,194,107,87
2892,2461774,86.7046242774566,98.04,70.42,173,102,71
2893,2461926,76.5069277108434,84.21,66.2,166,95,71
2894,2462050,79.651976744186,69.23,88.3,172,78,94
2895,2463334,89.0735519125683,87.06,90.82,183,85,98
2896,2463808,81.8698245614035,80.46,83.33,171,87,84
2897,2465930,78.8433333333333,69.23,85.71,156,65,91
2898,2466860,61.6159595959596,61.7,61.54,99,47,52
2899,2466866,41.0533684210526,50,29.27,95,54,41
2900,2467879,75.8638620689655,64.18,85.9,145,67,78
2901,2467930,71.71,45.16,90,152,62,90
2902,2468980,82.5145355191257,80.23,84.54,183,86,97
2903,2470266,73.0058895705521,69.66,77.03,163,89,74
2904,2470292,62.6396551724138,63.33,61.9,174,90,84
2905,2471253,82.2873142857143,81.82,82.76,175,88,87
2906,2473425,80.7033333333333,86.21,75,171,87,84
2907,2473480,81.3678260869565,81.32,81.43,161,91,70
2908,2474489,80.986338028169,92.5,66.13,142,80,62
2909,2475132,86.9269934640523,85.71,88.16,153,77,76
2910,2475462,87.076462585034,81.58,92.96,147,76,71
2911,2475790,86.84,84.21,89.47,152,76,76
2912,2476917,90.1421126760563,89.06,91.03,142,64,78
2913,2476979,85.432582781457,86.42,84.29,151,81,70
2914,2476985,84.2450684931507,85,83.33,146,80,66
2915,2477037,89.2398734177215,92.31,85.07,158,91,67
2916,2477760,67.4615873015873,75,59.68,126,64,62
2917,2478429,79.2875,80,78.67,140,65,75
2918,2479752,63.7678260869565,58.33,69.7,138,72,66
2919,2480712,64.21,44.32,81.37,190,88,102
2920,2482723,72.5474509803922,80.52,64.47,153,77,76
2921,2482940,86.6681818181818,92.31,81.61,165,78,87
2922,2483204,73.6495945945946,63.16,80.22,148,57,91
2923,2484241,81.6416455696203,86.36,75.71,158,88,70
2924,2485024,84.6201538461539,88.24,80.65,195,102,93
2925,2485142,68.7882080924855,86.11,56.44,173,72,101
2926,2485158,84.7387368421053,85.9,83.93,190,78,112
2927,2485298,90.1041666666667,91.14,89.38,192,79,113
2928,2488410,71.5032258064516,67.53,74.31,186,77,109
2929,2489420,81.3059565217391,85.32,77.69,230,109,121
2930,2489748,72.4301869158879,68.09,75.83,214,94,120
2931,2489927,65.5814285714286,59.09,70.45,154,66,88
2932,2491678,78.8854444444444,81.44,75.9,180,97,83
2933,2493473,89.1610344827586,90.11,88.39,203,91,112
2934,2493571,88.9459134615385,89.25,88.7,208,93,115
2935,2494034,84.9148275862069,91.07,79.17,232,112,120
2936,2495028,86.1498701298701,87.72,84.62,231,114,117
2937,2496529,77.1447428571429,83.15,70.93,175,89,86
2938,2500635,90.306,92.21,88.64,165,77,88
2939,2501743,83.8246568627451,83.52,84.07,204,91,113
2940,2501796,79.0727906976744,77.78,79.82,172,63,109
2941,2502350,88.2607042253521,87.96,88.57,213,108,105
2942,2502561,91.9604020100503,93.14,90.72,199,102,97
2943,2505014,88.3196261682243,90,87.1,214,90,124
2944,2505318,79.7451898734177,83.33,76.25,158,78,80
2945,2508531,87.9857081545064,86.89,89.19,233,122,111
2946,2509004,76.3149473684211,78.3,73.81,190,106,84
2947,2509257,5.91126582278481,5.56,6.31,237,126,111
2948,2510078,78.0951428571429,82.26,72.09,210,124,86
2949,2511914,85.2783116883117,78.33,92.79,231,120,111
2950,2513458,80.7096954314721,71.29,90.62,197,101,96
2951,2514402,87.4375362318841,90.99,83.33,207,111,96
2952,2515287,87.2723636363636,90.52,83.65,220,116,104
2953,2515860,83.4119815668203,84.96,81.73,217,113,104
2954,2516715,87.1130222222222,91.15,83.04,225,113,112
2955,2517021,73.367135678392,57.14,85.22,199,84,115
2956,2517207,83.5705164319249,80.2,86.61,213,101,112
2957,2517553,86.0168644067797,90.24,81.42,236,123,113
2958,2518119,79.5577900552486,85.88,73.96,181,85,96
2959,2518766,81.6755497382199,81.48,81.93,191,108,83
2960,2519956,75.5439130434783,77.48,72.6,184,111,73
2961,2520341,71.4262337662338,73.91,69.41,154,69,85
2962,2521484,50.6240625,52,49.41,160,75,85
2963,2523381,57.2154010695187,73.58,35.8,187,106,81
2964,2524061,86.2393577981651,87.96,84.55,218,108,110
2965,2524314,82.5222330097087,83.33,81.73,206,102,104
2966,2525989,72.0421505376344,67.44,76,186,86,100
2967,2527920,81.310046728972,82.61,79.8,214,115,99
2968,2528271,82.3232828282828,82.52,82.11,198,103,95
2969,2528528,83.1789719626168,83.21,83.13,214,131,83
2970,2529985,87.8778787878788,95.79,77.14,165,95,70
2971,2530160,84.266797752809,83.13,85.26,178,83,95
2972,2530492,79.2542553191489,77.55,81.11,188,98,90
2973,2530528,87.9813461538462,88.89,87,208,108,100
2974,2530811,83.5985714285714,81.52,85.57,189,92,97
2975,2530877,79.0709302325581,79.35,78.75,172,92,80
2976,2534224,85.388401826484,91.49,80.8,219,94,125
2977,2534244,79.7098550724638,81.72,78.07,207,93,114
2978,2534415,86.6332620320856,91.84,80.9,187,98,89
2979,2536423,86.3625,87.36,85.71,220,87,133
2980,2536464,68.7098159509202,80.26,58.62,163,76,87
2981,2537833,56.1585714285714,77.01,40.52,203,87,116
2982,2538228,79.6211848341232,74.07,83.08,211,81,130
2983,2538502,77.9703964757709,75.45,80.34,227,110,117
2984,2538771,85.9168544600939,82.56,88.19,213,86,127
2985,2539206,74.3780625,70.89,77.78,160,79,81
2986,2539673,80.0005,81.48,78.79,180,81,99
2987,2541132,82.2568279569893,65.57,90.4,186,61,125
2988,2541176,72.2466028708134,59.34,82.2,209,91,118
2989,2541217,81.8972413793103,83.93,80,232,112,120
2990,2541317,83.6274336283186,78.85,87.7,226,104,122
2991,2541509,85.5775,89.13,82.76,208,92,116
2992,2541769,85.638085106383,82.61,88.54,188,92,96
2993,2543485,67.4985,75.45,57.78,200,110,90
2994,2544661,91.55,85.47,98.96,213,117,96
2995,2545083,86.4438983050847,92.16,78.67,177,102,75
2996,2546160,65.362625698324,51.81,77.08,179,83,96
2997,2546166,61.2592670157068,50.48,74.42,191,105,86
2998,2546205,55.6071028037383,50,61.32,214,108,106
2999,2547378,85.4668376068376,84.11,86.61,234,107,127
3000,2549161,85.584954954955,87.27,83.93,222,110,112
3001,2550395,85.4646511627907,83.82,86.54,172,68,104
3002,2550651,61.7056382978723,55.06,67.68,188,89,99
3003,2550729,77.1295744680851,78.95,75.27,188,95,93
3004,2551892,72.3767955801105,64.2,79,181,81,100
3005,2552243,74.6688,82.28,66.2,150,79,71
3006,2552844,76.7638028169014,74.63,78.67,142,67,75
3007,2552859,81.82,74.74,87.72,209,95,114
3008,2554057,82.4478723404255,78.05,85.85,188,82,106
3009,2555885,78.57,78.57,78.57,196,98,98
3010,2555964,86.3002283105023,87.13,85.59,219,101,118
3011,2556010,79.9995909090909,78.22,81.51,220,101,119
3012,2556208,69.1428,65.12,73.03,175,86,89
3013,2556646,77.7188586956522,70.13,83.18,184,77,107
3014,2556776,89.7174857142857,85.92,92.31,175,71,104
3015,2557817,86.8021827411168,84.71,88.39,197,85,112
3016,2558153,73.6274725274725,63.64,79.31,182,66,116
3017,2559557,76.4384615384615,70.45,80.83,208,88,120
3018,2559655,69.232,78.16,62.04,195,87,108
3019,2559916,68.9319417475728,79.78,60.68,206,89,117
3020,2560044,78.021043956044,73.42,81.55,182,79,103
3021,2560112,70.8352083333333,72.83,69,192,92,100
3022,2561639,87.3757575757576,85,89.8,198,100,98
3023,2561853,86.2074712643678,82.42,90.36,174,91,83
3024,2562668,75.842191011236,60.87,85.32,178,69,109
3025,2563504,65.62575,72.06,60.87,160,68,92
3026,2563687,82.94,84.62,81.9,170,65,105
3027,2565103,88.0952380952381,88.75,87.5,168,80,88
3028,2566178,71.252,70.31,71.88,160,64,96
3029,2566417,70.6616167664671,69.7,71.29,167,66,101
3030,2568674,67.0808695652174,76.32,58.82,161,76,85
3031,2568967,71.4321052631579,77.59,66.67,133,58,75
3032,2569252,81.7714917127072,90.48,69.74,181,105,76
3033,2569313,81.874625,91.49,68.18,160,94,66
3034,2569409,73.6177914110429,82.05,65.88,163,78,85
3035,2569491,69.9995555555556,71.74,68.18,180,92,88
3036,2569543,84.8810243902439,86.73,82.61,205,113,92
3037,2570155,75.1541818181818,90.82,52.24,165,98,67
3038,2570334,80.344450867052,82.89,78.35,173,76,97
3039,2570488,83.5046391752577,90.35,73.75,194,114,80
3040,2570912,56.412358974359,84.47,25,195,103,92
3041,2571112,77.9757142857143,74.65,80.41,168,71,97
3042,2571333,60.0992929292929,86,33.67,198,100,98
3043,2571359,71.2796923076923,90.35,44.44,195,114,81
3044,2572440,86.6664615384615,92.66,79.07,195,109,86
3045,2573587,77.5778787878788,81.08,74.73,165,74,91
3046,2575168,42.1359550561798,42.05,42.22,178,88,90
3047,2577136,82.086815920398,84.69,79.61,201,98,103
3048,2577295,88.9428846153846,89.69,88.29,208,97,111
3049,2577592,81.5918905472637,77.57,86.17,201,107,94
3050,2577776,75.0030612244898,83.49,64.37,196,109,87
3051,2578514,85.1712918660287,85.42,84.96,209,96,113
3052,2578687,83.3337037037037,78.57,87.29,216,98,118
3053,2579623,84.3290322580645,80,87.7,217,95,122
3054,2580967,80.6752173913043,74.71,85,207,87,120
3055,2581245,79.8644444444444,69.74,91.18,144,76,68
3056,2581842,76.920625,76.4,77.31,208,89,119
3057,2582295,81.3063551401869,83.33,79.66,214,96,118
3058,2582341,81.1939316239316,76,85.07,234,100,134
3059,2582375,81.247875,80.58,81.75,240,103,137
3060,2582897,77.0117816091954,66.1,82.61,174,59,115
3061,2582907,79.7132850241546,77.53,81.36,207,89,118
3062,2584655,77.586091954023,83,70.27,174,100,74
3063,2585164,84.9059905660377,81.61,87.2,212,87,125
3064,2585907,78.6053023255814,85.85,71.56,215,106,109
3065,2585992,77.9313615023474,79.38,76.72,213,97,116
3066,2586370,79.1238461538462,88.89,69.57,182,90,92
3067,2586404,76.355763546798,80.85,72.48,203,94,109
3068,2588514,78.0220879120879,83.91,72.63,182,87,95
3069,2588764,81.8197727272727,74.73,89.41,176,91,85
3070,2588865,88.8866666666667,90.38,87.5,216,104,112
3071,2588998,86.2069950738916,86.46,85.98,203,96,107
3072,2589143,83.7324880382775,88.46,79.05,209,104,105
3073,2589563,76.9960093896714,70.59,81.25,213,85,128
3074,2589626,82.2109615384615,89.52,74.76,208,105,103
3075,2589915,73.7412849162011,74.24,73.45,179,66,113
3076,2590279,77.8897487437186,78.02,77.78,199,91,108
3077,2590635,22.8542857142857,34.04,13.79,210,94,116
3078,2590672,75.5975119617225,84.16,67.59,209,101,108
3079,2591862,19.811797235023,13.08,26.36,217,107,110
3080,2592751,86.9573913043478,89.9,84.26,207,99,108
3081,2596445,84.1182352941177,88.89,78.75,170,90,80
3082,2597927,81.1816129032258,80.9,81.44,186,89,97
3083,2598161,78.5688571428571,70.45,82.29,140,44,96
3084,2599079,84.4889304812834,81.05,88.04,187,95,92
3085,2600452,86.8130769230769,89.69,83.53,182,97,85
3086,2600953,79.8020689655172,81.25,78.02,203,112,91
3087,2601320,84.9518446601942,78.49,90.27,206,93,113
3088,2601461,78.3794594594595,70,83.48,185,70,115
3089,2603901,84.2688764044944,76.47,89.09,178,68,110
3090,2604036,80.2203296703297,74.16,86.02,182,89,93
3091,2604243,74.3588461538461,70.73,78.38,156,82,74
3092,2604346,83.0952112676056,83.78,82.35,213,111,102
3093,2607183,73.8855555555556,81.63,64.63,180,98,82
3094,2607604,74.782,72.81,76.72,230,114,116
3095,2608046,76.6066666666667,65.79,85.26,171,76,95
3096,2608105,69.6707582938389,67.33,71.82,211,101,110
3097,2609759,77.9311267605634,82.11,72.22,213,123,90
3098,2610184,80.1668181818182,77.88,82.17,242,113,129
3099,2610341,78.242050209205,79.85,76.19,239,134,105
3100,2610362,77.9329107981221,77.39,78.57,213,115,98
3101,2610682,83.1285185185185,84.13,82.05,243,126,117
3102,2611452,68.9794444444445,76.47,59.79,216,119,97
3103,2612022,37.6432584269663,8.89,67.05,178,90,88
3104,2612743,68.3631638418079,81.73,49.32,177,104,73
3105,2613263,89.0820524017467,92.16,86.61,229,102,127
3106,2613423,87.0967281105991,89,85.47,217,100,117
3107,2613658,80.2398387096774,76.86,83.46,248,121,127
3108,2614634,73.3882258064516,61.74,83.46,248,115,133
3109,2614917,74.5618421052632,72.8,76.7,228,125,103
3110,2615594,80.5322566371681,71.29,88,226,101,125
3111,2619459,76.5048633879781,82.08,68.83,183,106,77
3112,2620625,85.3621951219512,89.81,80.41,205,108,97
3113,2620790,82.6669777777778,83.61,81.55,225,122,103
3114,2622805,83.8090952380952,91.74,75.25,210,109,101
3115,2623108,80.4775238095238,82.18,78.9,210,101,109
3116,2623347,78.011780104712,70.51,83.19,191,78,113
3117,2628468,84.8341393442623,84.8,84.87,244,125,119
3118,2628499,84.0180327868853,88.62,79.34,244,123,121
3119,2629957,71.2127272727273,75.56,67.59,198,90,108
3120,2632313,86.5891869918699,87.1,86.07,246,124,122
3121,2637891,75.3313215859031,71.64,80.65,227,134,93
3122,2638246,76.3056872037915,80.2,72.73,211,101,110
3123,2641865,73.145,72.97,73.33,216,111,105
3124,2644257,78.8986432160804,83.19,73.26,199,113,86
3125,2644380,79.2754922279793,83.17,75,193,101,92
3126,2645724,88.7895327102804,89.29,88.24,214,112,102
3127,2646465,71.2892079207921,78.38,62.64,202,111,91
3128,2647919,71.3547027027027,78.22,63.1,185,101,84
3129,2648366,85.026256684492,89.01,81.25,187,91,96
3130,2649668,79.3278212290503,84.76,71.62,179,105,74
3131,2650781,82.2119711538462,85.32,78.79,208,109,99
3132,2651161,89.99985,92.79,86.52,200,111,89
3133,2653586,74.5257075471698,78.35,71.3,212,97,115
3134,2654221,80.9264948453608,78.49,83.17,194,93,101
3135,2655825,54.5887922705314,41.24,66.36,207,97,110
3136,2656175,66.50385,81.42,47.13,200,113,87
3137,2656315,64.3892195121951,68.52,59.79,205,108,97
3138,2656434,66.8491304347826,65.91,67.71,184,88,96
3139,2657708,89.16675,88.89,89.43,240,117,123
3140,2657925,85.0294117647059,88.64,81.82,187,88,99
3141,2659627,89.0505970149254,87.23,90.65,201,94,107
3142,2661741,89.8847191011236,90,89.81,178,70,108
3143,2663273,58.0111602209945,87.88,21.95,181,99,82
3144,2663404,71.2207913669065,75.64,65.57,139,78,61
3145,2664394,68.9879746835443,72.97,65.48,158,74,84
3146,2664723,76.0860326086957,89.01,63.44,184,91,93
3147,2664811,88.648972972973,86.3,90.18,185,73,112
3148,2664851,80.7930508474576,73.08,86.87,177,78,99
3149,2665353,93.9166216216216,89.39,97.56,148,66,82
3150,2665934,86.08,81.67,88.78,158,60,98
3151,2666192,58.9901123595506,68.13,49.43,178,91,87
3152,2666673,85.0556896551724,84.06,85.71,174,69,105
3153,2669930,78.6150289017341,64,89.8,173,75,98
3154,2670344,84.0488957055215,76.19,89,163,63,100
3155,2672321,66.8960689655172,73.17,58.73,145,82,63
3156,2672349,76.2137297297297,65.82,83.96,185,79,106
3157,2672631,93.7480113636364,89.41,97.8,176,85,91
3158,2673043,86.9796449704142,83.56,89.58,169,73,96
3159,2674486,78.8545142857143,81.52,75.9,175,92,83
3160,2676495,74.1102538071066,89,58.76,197,100,97
3161,2678383,79.2367213114754,79.17,79.28,183,72,111
3162,2680515,55.7907368421053,59.46,53.45,95,37,58
3163,2681305,76.3408064516129,82.02,71.13,186,89,97
3164,2682309,80.4028140703518,86.14,74.49,199,101,98
3165,2684526,56.8208333333333,60,54.55,132,55,77
3166,2686150,79.9,85.29,74.51,204,102,102
3167,2686309,80.5887647058824,84.34,77.01,170,83,87
3168,2687359,81.3486528497409,81.93,80.91,193,83,110
3169,2687367,82.7159259259259,91.25,74.39,162,80,82
3170,2687622,75.0028645833333,72.9,77.65,192,107,85
3171,2687891,79.1130379746836,78.05,80.26,158,82,76
3172,2688082,84.6164102564102,85.88,83.64,195,85,110
3173,2689090,81.7696875,88.89,74.19,192,99,93
3174,2691466,85.2252272727273,86.11,83.82,176,108,68
3175,2691942,86.781724137931,85.37,88.04,174,82,92
3176,2692038,86.6331896551724,87.7,85.45,232,122,110
3177,2692225,83.0665079365079,87.5,78.49,189,96,93
3178,2693162,40.66,40.66,40.66,182,91,91
3179,2693284,78.5374146341463,77.68,79.57,205,112,93
3180,2695020,79.4854700854701,78.51,80.53,234,121,113
3181,2695656,85.978691588785,83.96,87.96,214,106,108
3182,2696169,80.9756637168142,78.35,82.95,226,97,129
3183,2696358,81.7301015228426,83.15,80.56,197,89,108
3184,2696933,83.2583720930233,84.85,81.9,215,99,116
3185,2697235,79.4874358974359,68.75,90.79,156,80,76
3186,2699559,75.5243229166667,76.24,74.73,192,101,91
3187,2699734,78.6433333333333,77.5,79.46,192,80,112
3188,2699828,82.0673913043478,86.25,78.85,184,80,104
3189,2702069,82.3522459893048,77.89,86.96,187,95,92
3190,2703732,37.86,24.29,51.43,140,70,70
3191,2704717,82.2798734177215,76.83,88.16,158,82,76
3192,2705911,64.7083529411765,67.95,61.96,170,78,92
3193,2708532,71.3464606741573,69.89,72.94,178,93,85
3194,2709501,82.0373786407767,87.5,77.27,206,96,110
3195,2709549,82.1216201117318,86.75,78.12,179,83,96
3196,2709600,71.3303496503496,58.7,77.32,143,46,97
3197,2709609,76.7878571428571,78.67,75.27,168,75,93
3198,2709637,77.9631073446328,82.35,73.91,177,85,92
3199,2710074,85.0843093922652,87.21,83.16,181,86,95
3200,2710387,84.4194155844156,88.41,81.18,154,69,85
3201,2710517,76.7758064516129,78.67,75,155,75,80
3202,2710740,71.35375,75.86,67.62,192,87,105
3203,2710767,70.8849367088608,78.95,63.41,158,76,82
3204,2711986,61.7829299363057,71.6,51.32,157,81,76
3205,2712456,85.7949431818182,93.98,78.49,176,83,93
3206,2713792,53.846993006993,78.57,30.14,143,70,73
3207,2716036,68.7803703703704,79.61,55.81,189,103,86
3208,2716504,71.7502824858757,76.92,66.28,177,91,86
3209,2716604,80.2391616766467,76.06,83.33,167,71,96
3210,2716624,83.655,86.54,80.77,208,104,104
3211,2716646,84.7623333333333,85.44,84.11,210,103,107
3212,2718695,77.5785201793722,81.51,73.08,223,119,104
3213,2719432,87.2622641509434,90.65,83.81,212,107,105
3214,2720511,73.6344776119403,79.65,65.91,201,113,88
3215,2720999,75.2652631578948,70.59,79.05,190,85,105
3216,2721300,58.9937410071942,31.91,72.83,139,47,92
3217,2722301,86.4139130434783,89.29,81.94,184,112,72
3218,2723043,61.7641176470588,68.57,50.77,170,105,65
3219,2724504,62.4345502645503,84.62,35.29,189,104,85
3220,2724650,78.1072189349112,77.78,78.57,169,99,70
3221,2727559,64.481693989071,49.45,79.35,183,91,92
3222,2727814,77.7026351351351,82.02,71.19,148,89,59
3223,2727891,81.1432,79.59,83.12,175,98,77
3224,2728095,80.9029648241206,89.19,70.45,199,111,88
3225,2728143,78.8371957671958,84.35,70.27,189,115,74
3226,2730833,84.1842857142857,90.48,76.92,196,105,91
3227,2734063,73.2367605633803,78.12,69.23,142,64,78
3228,2734794,77.7248514851485,86.54,68.37,202,104,98
3229,2735882,80.6344144144144,81.42,79.82,222,113,109
3230,2738135,79.790310880829,86.55,68.92,193,119,74
3231,2738181,79.3969696969697,74.47,85.92,165,94,71
3232,2738666,86.2510625,86.3,86.21,160,73,87
3233,2738928,78.7906666666667,81.82,76.14,165,77,88
3234,2739180,77.7102409638554,73.13,80.81,166,67,99
3235,2739322,72.5412953367876,73.63,71.57,193,91,102
3236,2739418,84.1467073170732,80,89.19,164,90,74
3237,2739473,81.4389820359281,83.17,78.79,167,101,66
3238,2739983,76.7657575757576,69.81,84.78,198,106,92
3239,2741432,41.8407092198582,29.41,53.42,141,68,73
3240,2742456,69.3697297297297,76.6,64.06,111,47,64
3241,2742462,87.0250381679389,84.78,88.24,131,46,85
3242,2744061,81.6966964285714,78.18,85.09,224,110,114
3243,2744487,82.1930821917808,74.67,90.14,146,75,71
3244,2746176,77.8342268041237,80,75.96,194,90,104
3245,2746537,77.0576470588235,72.22,82.5,170,90,80
3246,2752131,83.5187912087912,86.32,80.46,182,95,87
3247,2752937,85.3273369565217,82.76,87.63,184,87,97
3248,2753486,87.1151546391753,89,85.11,194,100,94
3249,2754475,85.416875,85,85.87,192,100,92
3250,2755292,81.5633519553073,85.88,77.66,179,85,94
3251,2756418,83.975,76.92,91.03,156,78,78
3252,2757066,81.4369461077844,83.75,79.31,167,80,87
3253,2757723,73.0093865030675,64.71,78.95,163,68,95
3254,2758231,71.5210126582278,50,86.96,158,66,92
3255,2761202,82.2359898477157,84.62,79.57,197,104,93
3256,2762309,68.7508333333333,60.87,72.45,144,46,98
3257,2762867,76.1331818181818,84.44,67.44,176,90,86
3258,2763786,88.12,89.11,87.13,202,101,101
3259,2766105,82.3857512953368,92.16,71.43,193,102,91
3260,2767041,68.4832727272727,77.42,56.94,165,93,72
3261,2767674,88.2685474860335,92.93,82.5,179,99,80
3262,2767981,77.855033557047,82.72,72.06,149,81,68
3263,2771504,84.1513114754098,89.36,78.65,183,94,89
3264,2773235,63.5725714285714,61.11,66.18,140,72,68
3265,2773287,55.416050955414,44.16,66.25,157,77,80
3266,2774939,79.1476777251185,83.84,75,211,99,112
3267,2774971,82.8307070707071,82.42,83.18,198,91,107
3268,2774982,78.6440625,75.58,81.13,192,86,106
3269,2776087,73.9988,69.89,77.57,200,93,107
3270,2776695,74.7214606741573,75.31,74.23,178,81,97
3271,2777575,82.1031578947368,79.76,83.96,190,84,106
3272,2777719,86.0334636871508,79.71,90,179,69,110
3273,2778333,84.1648868778281,81.25,87.16,221,112,109
3274,2778361,72.2233333333333,60,83.16,180,85,95
3275,2779790,87.6909743589744,88.12,87.23,195,101,94
3276,2780004,87.375202020202,84.71,89.38,198,85,113
3277,2781758,68.8795918367347,74.51,62.77,196,102,94
3278,2781837,67.8580952380952,44.12,84,168,68,100
3279,2783698,64.8645405405405,65.85,64.08,185,82,103
3280,2783835,73.2680693069307,75.27,71.56,202,93,109
3281,2785481,81.4054271356784,77.14,83.72,199,70,129
3282,2787510,81.4235519125683,77.53,85.11,183,89,94
3283,2788303,84.6506976744186,91.82,77.14,215,110,105
3284,2788423,85.456,88.29,82.57,220,111,109
3285,2790373,76.7322277227723,75.29,77.78,202,85,117
3286,2790936,76.4376963350785,73.86,78.64,191,88,103
3287,2792480,73.2577906976744,69.23,76.6,172,78,94
3288,2793674,83.5677464788732,87.96,79.05,213,108,105
3289,2796964,74.1416091954023,62.11,88.61,174,95,79
3290,2797019,83.6034426229508,80.39,87.65,183,102,81
3291,2798851,82.8381065088757,76.25,88.76,169,80,89
3292,2799646,82.2581720430107,84.69,79.55,186,98,88
3293,2803373,63.84125,55.56,70.4,224,99,125
3294,2803517,79.8059615384615,83.33,76,208,108,100
3295,2804559,64.9235820895522,75,51.72,134,76,58
3296,2811536,72.1679381443299,71.88,72.45,194,96,98
3297,2812432,84.264923857868,81.19,87.5,197,101,96
3298,2814551,84.5442028985507,93.4,75.25,207,106,101
3299,2815299,82.2615763546798,91.3,70.45,203,115,88
3300,2816088,67.406,59.72,76.19,135,72,63
3301,2816713,82.0007,84.91,78.72,200,106,94
3302,2816775,88.8393023255814,94.34,83.49,215,106,109
3303,2817711,81.645652173913,80.56,82.83,207,108,99
3304,2817752,74.8791304347826,68.75,80.18,207,96,111
3305,2818558,84.0709734513274,82.54,86,226,126,100
3306,2818625,64.4948520710059,60.67,68.75,169,89,80
3307,2818666,63.6782089552239,70.64,55.43,201,109,92
3308,2818675,67.3025592417062,69.17,64.84,211,120,91
3309,2820385,83.6826359832636,81.45,86.09,239,124,115
3310,2821778,83.8571875,88.24,78.89,192,102,90
3311,2822601,78.0022,75.25,80.81,200,101,99
3312,2824218,67.917486631016,52.33,81.19,187,86,101
3313,2826029,82.3192817679558,87.37,76.74,181,95,86
3314,2827147,69.1349382716049,82.65,48.44,162,98,64
3315,2828317,63.3875409836066,58.14,68.04,183,86,97
3316,2828384,72.223,75.76,67.9,180,99,81
3317,2828430,71.3476966292135,69.88,72.63,178,83,95
3318,2828453,68.7069938650307,65.38,71.76,163,78,85
3319,2830079,78.4396330275229,80.53,76.19,218,113,105
3320,2830096,83.4785714285714,83.33,83.65,224,120,104
3321,2830718,70.1752631578947,60.87,76.47,171,69,102
3322,2831184,87.4487443946188,89.57,85.19,223,115,108
3323,2831481,77.6255707762557,81.68,71.59,219,131,88
3324,2831616,82.9625560538117,88.89,76.42,223,117,106
3325,2832568,77.2526066350711,78.85,75.7,211,104,107
3326,2832635,73.8937438423645,67.31,80.81,203,104,99
3327,2833062,67.1731313131313,75,60.38,198,92,106
3328,2834338,63.8215577889447,50.51,77,199,99,100
3329,2834736,72.99945,73.79,72.16,200,103,97
3330,2835763,76.9247058823529,74.36,79.81,221,117,104
3331,2837314,75.6472020725389,80.95,69.32,193,105,88
3332,2840341,48.8888888888889,49,48.75,180,100,80
3333,2844320,69.8125157232705,77.65,60.81,159,85,74
3334,2846380,87.3174634146341,87.07,87.64,205,116,89
3335,2847177,78.3044811320755,81.82,73.63,212,121,91
3336,2849085,80.105,81.44,78.65,186,97,89
3337,2849448,60.4981,64.15,56.38,200,106,94
3338,2857312,58.3359615384615,33.77,82.28,156,77,79
3339,2861360,82.4331081081081,78.57,85.9,148,70,78
3340,2861582,70.2139007092199,55.36,80,141,56,85
3341,2861689,82.6668,70.18,90.32,150,57,93
3342,2863070,28.2183435582822,22.5,33.73,163,80,83
3343,2863808,45.2559124087591,44.62,45.83,137,65,72
3344,2864028,57.8535714285714,65.75,49.25,140,73,67
3345,2864772,41.4960544217687,46.48,36.84,147,71,76
3346,2865043,25.1581290322581,21.79,28.57,155,78,77
3347,2865163,40.9937267080745,31.71,50.63,161,82,79
3348,2865758,59.1588732394366,56.67,60.98,142,60,82
3349,2865901,42.2542253521127,53.33,34.15,142,60,82
3350,2866335,54.4218367346939,37.5,67.47,147,64,83
3351,2867285,43.5008474576271,37.5,48.45,177,80,97
3352,2868253,61.1488535031847,58.73,62.77,157,63,94
3353,2869983,59.5721808510638,59.34,59.79,188,91,97
3354,2870069,71.8754166666667,67.47,75.23,192,83,109
3355,2870300,70.1669613259669,61.54,76.7,181,78,103
3356,2871106,66.3414634146341,47.5,78.4,205,80,125
3357,2873783,59.6385542168675,59.76,59.52,166,82,84
3358,2873978,76.5012,75,77.78,200,92,108
3359,2874278,72.7806666666667,80.49,66.33,180,82,98
3360,2874967,65.3196531791908,81.18,50,173,85,88
3361,2879125,77.9640677966102,60.92,94.44,177,87,90
3362,2879737,60.275,63.29,56.72,146,79,67
3363,2879745,74.254371257485,73.12,75.68,167,93,74
3364,2879907,71.4314285714286,63.16,76.67,147,57,90
3365,2879918,72.9721621621622,73.86,71.67,148,88,60
3366,2880756,84.8487272727273,81.58,87.64,165,76,89
3367,2881313,85.5335849056604,78.26,91.11,159,69,90
3368,2881406,84.785,82.61,86.96,184,92,92
3369,2881569,84.9422891566265,82.72,87.06,166,81,85
3370,2881726,85.9308542713568,82.08,90.32,199,106,93
3371,2881859,82.8936842105263,78.33,85.87,152,60,92
3372,2885702,66.0618787878788,70.73,61.45,165,82,83
3373,2886993,66.4575155279503,60.56,71.11,161,71,90
3374,2887125,66.664126984127,76.84,56.38,189,95,94
3375,2888134,61.7019680851064,63.74,59.79,188,91,97
3376,2888539,80.3272131147541,84.76,74.36,183,105,78
3377,2889722,25.5928909952607,22.86,28.3,211,105,106
3378,2889894,71.130824742268,72.94,69.72,194,85,109
3379,2889922,76.695,81.55,71.84,206,103,103
3380,2889993,80.1917874396135,83.65,76.7,207,104,103
3381,2890507,79.0332258064516,80,77.78,186,105,81
3382,2892968,73.967573964497,67.68,82.86,169,99,70
3383,2893669,74.5264150943396,78.26,70.1,212,115,97
3384,2893707,79.53,81.05,77.63,171,95,76
3385,2894123,80.1110497237569,85.85,72,181,106,75
3386,2894179,76.3621212121212,82.35,70,165,85,80
3387,2894220,81.8206951871658,83.51,80,187,97,90
3388,2894779,70.626625,70.97,70.15,160,93,67
3389,2895073,78.748,73.13,85.85,240,134,106
3390,2895954,76.2553424657534,74.8,78.12,219,123,96
3391,2899638,83.8225,89.63,72.46,204,135,69
3392,2899836,80.348384279476,86.82,72,229,129,100
3393,2901039,78.335,70,86.67,180,90,90
3394,2902889,69.1094240837696,74.51,62.92,191,102,89
3395,2903469,86.2288023952096,96.08,70.77,167,102,65
3396,2905488,80.6477419354839,82.86,77.78,186,105,81
3397,2906502,72.1052631578947,82.24,59.04,190,107,83
3398,2907187,81.1436885245902,87.94,71.84,244,141,103
3399,2907340,75.8608866995074,80,72.22,203,95,108
3400,2908304,74.2078280542986,84.78,56.63,221,138,83
3401,2910837,76.7941436464089,82.65,69.88,181,98,83
3402,2913936,85.8682608695652,89,82.14,184,100,84
3403,2914799,79.2182467532468,82.19,76.54,154,73,81
3404,2915092,68.4508333333333,66.23,70.33,168,77,91
3405,2916838,76.9234911242604,82.83,68.57,169,99,70
3406,2917776,65.515724137931,61.02,68.6,145,59,86
3407,2918735,65.4760714285714,74.75,52.17,168,99,69
3408,2919431,76.0265753424658,75.64,76.47,146,78,68
3409,2919484,73.6864912280702,65.17,82.93,171,89,82
3410,2919590,32.9952791878173,35.85,29.67,197,106,91
3411,2920008,88.6899095022625,83.61,94.95,221,122,99
3412,2920582,84.50155,76.24,92.93,200,101,99
3413,2923376,76.0230409356725,76.24,75.71,171,101,70
3414,2924111,60.9443195266272,63.95,57.83,169,86,83
3415,2924581,83.2442702702703,81.52,84.95,185,92,93
3416,2925837,55.0035,58.59,50.62,180,99,81
3417,2926440,83.9428440366973,84.31,83.62,218,102,116
3418,2926457,73.1508796296296,75.73,70.8,216,103,113
3419,2926472,79.0421834061135,75.93,81.82,229,108,121
3420,2927200,66.6646666666667,51.47,75.89,180,68,112
3421,2927614,78.7089677419355,77.94,79.31,155,68,87
3422,2928449,77.2026424870466,81.52,73.27,193,92,101
3423,2928523,81.4833333333333,81,81.9,216,100,116
3424,2928728,84.0430319148936,88.12,79.31,188,101,87
3425,2929490,73.0521556886227,71.43,74.44,167,77,90
3426,2929586,75.9788268156424,81.11,70.79,179,90,89
3427,2929592,75.5412949640288,87.06,57.41,139,85,54
3428,2929622,80.6455376344086,84.27,77.32,186,89,97
3429,2931526,66.6660416666667,67.39,66,192,92,100
3430,2932716,76.6666666666667,77,76.25,180,100,80
3431,2933219,75.8626293103448,80.67,70.8,232,119,113
3432,2936766,78.2968510638298,83.76,72.88,235,117,118
3433,2936779,81.8559274193548,80.49,83.2,248,123,125
3434,2936881,67.491921182266,60.22,73.64,203,93,110
3435,2937522,44.6925698324022,16.67,73.03,179,90,89
3436,2937681,73.3703015075377,73.79,72.92,199,103,96
3437,2937918,49.0668944099379,43.9,54.43,161,82,79
3438,2938846,77.533436123348,75,79.39,227,96,131
3439,2939016,72.1767391304348,77.48,67.23,230,111,119
3440,2939026,62.1742608695652,55.88,67.19,230,102,128
3441,2939128,79.4232098765432,81.08,78.03,243,111,132
3442,2939512,78.6067164179104,74.67,80.95,201,75,126
3443,2939589,71.4973913043478,78.7,63.64,207,108,99
3444,2939761,77.8801769911504,76.42,79.17,226,106,120
3445,2939960,67.6077464788732,65.69,69.37,213,102,111
3446,2940064,65.9831958762886,66.32,65.66,194,95,99
3447,2940422,76.155,78.46,73.85,260,130,130
3448,2940469,71.2026848249027,72.93,69.35,257,133,124
3449,2940657,76.9528395061728,81.6,72.03,243,125,118
3450,2944160,80.2009644670051,78,82.47,197,100,97
3451,2944934,74.439730941704,75.86,72.9,223,116,107
3452,2945268,60.48,63.44,56.76,167,93,74
3453,2945312,75.2336448598131,74.75,75.65,214,99,115
3454,2945629,65.9452432432432,70.89,62.26,185,79,106
3455,2946129,66.6668965517241,75.96,52.86,174,104,70
3456,2947529,63.637033492823,72.38,54.81,209,105,104
3457,2950770,73.6502994011976,76.19,71.08,167,84,83
3458,2950892,79.9967027027027,84.69,74.71,185,98,87
3459,2951144,69.0166197183099,72.86,65.28,142,70,72
3460,2952930,81.32,73.08,87.5,182,78,104
3461,2954517,75.7615151515151,67.57,80.65,198,74,124
3462,2955286,85.3768867924528,89.25,82.35,212,93,119
3463,2955317,84.0573913043478,85.29,82.86,207,102,105
3464,2955717,67.281975308642,50,76.92,162,58,104
3465,2956312,64.0656277056277,46.6,78.12,231,103,128
3466,2957047,79.1847058823529,79.12,79.23,221,91,130
3467,2957634,79.0547120418848,83.95,75.45,191,81,110
3468,2960682,68.7053435114504,71.67,66.2,131,60,71
3469,2960703,81.9183050847458,78.48,84.69,177,79,98
3470,2961360,79.0247804878049,93.86,60.44,205,114,91
3471,2964601,83.659477124183,78.46,87.5,153,65,88
3472,2964983,66.6677586206897,48,80.81,174,75,99
3473,2968686,49.1646927374302,62.64,35.23,179,91,88
3474,2970443,72.6742441860465,75.26,69.33,172,97,75
3475,2971597,59.6691712707182,45.12,71.72,181,82,99
3476,2972983,70.19,65.09,75.49,208,106,102
3477,2973948,53.6324581005587,56.82,50.55,179,88,91
3478,2973961,62.5749693251534,73.56,50,163,87,76
3479,2974810,68.5737142857143,53.95,79.8,175,76,99
3480,2975118,77.0918994413408,81.55,71.05,179,103,76
3481,2976221,72.5496078431373,71.96,73.2,204,107,97
3482,2976680,66.8792207792208,68.35,65.33,154,79,75
3483,2977157,75.1450847457627,76.64,72.86,177,107,70
3484,2977799,62.2104651162791,48.65,72.45,172,74,98
3485,2977838,77.923961038961,82.61,74.12,154,69,85
3486,2978340,74.215,82.11,66.32,190,95,95
3487,2979892,66.4327972027972,61.43,71.23,143,70,73
3488,2980820,67.0645508982036,76.54,58.14,167,81,86
3489,2980978,67.2812962962963,70.11,64,162,87,75
3490,2982232,68.7153072625698,65.12,72.04,179,86,93
3491,2983422,76.3490540540541,78.26,74.68,148,69,79
3492,2984661,55.7504424778761,54.9,56.45,113,51,62
3493,2984830,8.975,7.79,10.13,156,77,79
3494,2985631,56.2003305785124,48.08,62.32,121,52,69
3495,2985676,82.875,83.56,82.19,146,73,73
3496,2986159,74.6341304347826,65.45,80.72,138,55,83
3497,2987901,46.3417073170732,67.21,25.81,123,61,62
3498,2989463,69.0885454545455,57.53,78.26,165,73,92
3499,2989562,65.6827218934911,60.32,68.87,169,63,106
3500,2989578,60.3346368715084,48.1,70,179,79,100
3501,2990342,76.9664606741573,79.01,75.26,178,81,97
3502,2990624,60.990989010989,62.37,59.55,182,93,89
3503,2992942,72.0381516587678,78.79,66.07,211,99,112
3504,2996645,67.9983428571429,54.93,76.92,175,71,104
3505,2998242,73.8558823529412,74.71,72.73,153,87,66
3506,3000689,80.6771014492754,78.43,82.86,207,102,105
3507,3000701,78.6051243781095,81.55,75.51,201,103,98
3508,3002213,69.1357407407407,73.33,65.52,162,75,87
3509,3002901,81.4621348314607,75,85.09,178,64,114
3510,3003793,78.7244680851064,77.33,79.65,188,75,113
3511,3004387,85.6418181818182,80.43,89.74,209,92,117
3512,3005491,77.503,87.04,69.7,120,54,66
3513,3005950,83.9377202072539,86.14,81.52,193,101,92
3514,3006907,73.7205769230769,72.73,74.26,156,55,101
3515,3006914,73.295,82.95,63.64,176,88,88
3516,3006962,75.7548484848485,68.42,78.72,132,38,94
3517,3009366,63.1876923076923,50,71.43,182,70,112
3518,3010860,88.5999481865285,87.63,89.58,193,97,96
3519,3010876,85.989872611465,82.61,88.64,157,69,88
3520,3011482,81.7691712707182,85.56,78.02,181,90,91
3521,3011941,44.9731952662722,47.89,42.86,169,71,98
3522,3013193,81.3145959595959,81.32,81.31,198,91,107
3523,3017252,79.5219879518072,93.51,67.42,166,77,89
3524,3018079,86.0126943005181,91,80.65,193,100,93
3525,3019670,56.3758389261745,71.21,44.58,149,66,83
3526,3020084,84.2132748538012,79.31,86.73,171,58,113
3527,3020617,69.0227173913044,77.45,58.54,184,102,82
3528,3022379,81.0690291262136,72.45,88.89,206,98,108
3529,3025701,82.7631034482759,74.73,89.29,203,91,112
3530,3026190,73.7364055299539,74.55,72.9,217,110,107
3531,3027879,82.8184140969163,87.5,78.86,227,104,123
3532,3028920,84.6557920792079,88.51,81.74,202,87,115
3533,3029084,80.6752657004831,88.39,71.58,207,112,95
3534,3029650,80.9980090497738,83.18,78.95,221,107,114
3535,3031007,80.62475,82.14,78.95,160,84,76
3536,3031646,75.2741758241758,72.5,77.45,182,80,102
3537,3032751,72.9619387755102,58.14,84.55,196,86,110
3538,3032903,84.2865714285714,83.33,85.19,210,102,108
3539,3034267,76.7040909090909,69.77,83.33,176,86,90
3540,3036498,69.1877325581395,77.32,58.67,172,97,75
3541,3037062,80.2324418604651,83.84,75.34,172,99,73
3542,3037665,73.1689024390244,71.6,74.7,164,81,83
3543,3037972,67.6490588235294,79.78,54.32,170,89,81
3544,3038149,49.9976086956522,69.84,33.33,138,63,75
3545,3040177,49.7284324324324,63.04,36.56,185,92,93
3546,3045184,75.3584834123223,76.64,74.04,211,107,104
3547,3045490,56.6069811320755,51.95,60.98,159,77,82
3548,3045742,89.4084705882353,86.36,92.68,170,88,82
3549,3046525,67.0229787234043,71.57,61.63,188,102,86
3550,3047010,71.5152727272727,76.04,65.22,165,96,69
3551,3047326,73.6866315789474,72.29,74.77,190,83,107
3552,3048409,71.6990566037736,73.77,70.41,159,61,98
3553,3050127,75.303734939759,85.94,68.63,166,64,102
3554,3051659,75.8036559139785,68.83,80.73,186,77,109
3555,3051692,69.7864748201439,63.64,77.42,139,77,62
3556,3054508,69.0306451612903,81.33,57.5,155,75,80
3557,3055531,76.6903759398496,78.18,75.64,133,55,78
3558,3056349,2.67133689839572,4.3,1.06,187,93,94
3559,3056446,7.56816216216216,6.25,8.99,185,96,89
3560,3058818,34.1005202312139,34.88,33.33,173,86,87
3561,3060345,72.5303846153846,81.82,61.45,182,99,83
3562,3061140,70.6250282485876,73.27,67.11,177,101,76
3563,3061337,73.4912093023256,70.59,76.11,215,102,113
3564,3061649,58.8237647058824,66.28,51.19,170,86,84
3565,3065226,77.095251396648,78.57,74.63,179,112,67
3566,3068497,80.4914634146341,85.53,76.14,164,76,88
3567,3069948,80.5867058823529,87.23,72.37,170,94,76
3568,3070012,85.6293103448276,94.44,79.41,174,72,102
3569,3070983,83.6729081632653,91.26,75.27,196,103,93
3570,3071579,76.4394827586207,74.67,77.78,174,75,99
3571,3071895,82.8935964912281,82.57,83.19,228,109,119
3572,3071970,79.34220657277,78,80.53,213,100,113
3573,3072558,77.2978378378378,91.26,59.76,185,103,82
3574,3072858,82.8443137254902,79.81,86,204,104,100
3575,3073875,79.8989447236181,87.39,70.45,199,111,88
3576,3074487,76.9996,81.48,71.74,200,108,92
3577,3080085,81.2198122065728,87.29,73.68,213,118,95
3578,3082358,73.772131147541,88.66,56.98,183,97,86
3579,3082515,64.3629787234043,55.13,70.91,188,78,110
3580,3082857,75.2235135135135,70.91,79.46,222,110,112
3581,3083934,74.7711467889908,74.4,75.27,218,125,93
3582,3085578,83.1835909090909,78.9,87.39,220,109,111
3583,3085593,66.0974576271186,37.33,87.25,177,75,102
3584,3086419,71.2238848920863,73.26,67.92,139,86,53
3585,3086560,66.1971830985916,51.96,79.28,213,102,111
3586,3086609,73.3961467889908,66.67,80,218,108,110
3587,3086722,68.3949740932643,80.39,54.95,193,102,91
3588,3091524,75.845845410628,78.15,72.73,207,119,88
3589,3092119,38.0608955223881,45.24,26,134,84,50
3590,3094151,56.4257857142857,58.9,53.73,140,73,67
3591,3094935,66.6671929824561,70.59,62.79,171,85,86
3592,3095155,85.9868789808917,84.72,87.06,157,72,85
3593,3095240,74.2510179640719,70,78.16,167,80,87
3594,3095269,71.1256684491979,74.16,68.37,187,89,98
3595,3095302,67.4035359116022,62.79,71.58,181,86,95
3596,3098991,73.59936,75.36,71.43,125,69,56
3597,3100862,87.5759763313609,86,89.86,169,100,69
3598,3102920,75.5110204081633,89,61.46,196,100,96
3599,3103876,80.8054545454545,86.11,74.44,198,108,90
3600,3103945,73.9812244897959,73.08,75,196,104,92
3601,3104386,86.5808658008658,85.22,87.93,231,115,116
3602,3106130,84.6495813953488,80.18,89.42,215,111,104
3603,3108885,77.8252173913043,88.46,64,230,130,100
3604,3109231,75.5921428571429,72.41,79.01,168,87,81
3605,3114052,61.6737724550898,75.47,37.7,167,106,61
3606,3115899,73.2133333333333,72.37,73.91,168,76,92
3607,3116438,60.0036,65.31,53.25,175,98,77
3608,3117155,80.98,80.21,81.82,184,96,88
3609,3117379,74.405355450237,77.39,70.83,211,115,96
3610,3117558,67.6338647342995,71.03,64,207,107,100
3611,3119048,58.3855900621118,58.11,58.62,161,74,87
3612,3119214,67.8980864197531,65.75,69.66,162,73,89
3613,3119300,79.8745283018868,83.75,75.95,159,80,79
3614,3119829,73.0758791208791,72,73.83,182,75,107
3615,3121011,66.8501104972376,50,76.99,181,68,113
3616,3121134,77.5288764044944,74.39,80.21,178,82,96
3617,3124494,77.9230303030303,70.64,84.43,231,109,122
3618,3129386,74.1212719298246,77.31,70.64,228,119,109
3619,3132075,46.0847826086957,25.51,61.36,230,98,132
3620,3133183,58.4333734939759,38.98,69.16,166,59,107
3621,3133916,62.498125,69.88,55.91,176,83,93
3622,3135212,76.9611764705882,71.74,81.25,204,92,112
3623,3135937,74.6668,61.76,85.37,225,102,123
3624,3136942,78.3133734939759,85.11,69.44,166,94,72
3625,3139965,78.3651923076923,74.31,82.83,208,109,99
3626,3142435,76.1891836734694,75.64,76.81,147,78,69
3627,3142819,78.0590816326531,77.45,78.72,196,102,94
3628,3142886,77.2718181818182,75,79.76,176,92,84
3629,3143742,76.87325,71.6,82.28,160,81,79
3630,3144088,67.3891847826087,62.07,72.16,184,87,97
3631,3144111,64.8453333333333,63.95,65.82,165,86,79
3632,3145079,69.6782580645161,73.81,64.79,155,84,71
3633,3147747,81.0077094972067,83.5,77.63,179,103,76
3634,3148347,73.1415428571429,68.6,77.53,175,86,89
3635,3149418,80.4874390243902,79.41,82.26,164,102,62
3636,3149730,70.5130128205128,49.25,86.52,156,67,89
3637,3150243,60.8925139664805,53.33,68.54,179,90,89
3638,3150728,81.2185786802031,77.98,85.23,197,109,88
3639,3153131,29.8716233766234,22.68,42.11,154,97,57
3640,3153367,75.8995180722892,77.17,74.32,166,92,74
3641,3153877,73.2618181818182,61.18,83.33,187,85,102
3642,3154440,79.1681481481481,74.59,85.11,216,122,94
3643,3155116,79.4543835616439,71.67,88.89,219,120,99
3644,3156420,83.3369047619048,81.42,85.57,210,113,97
3645,3156623,85.6505829596413,84.96,86.36,223,113,110
3646,3157011,70.732243902439,55.91,83.04,205,93,112
3647,3157186,78.8753051643192,77.88,80,213,113,100
3648,3157466,68.68,67.92,69.74,182,106,76
3649,3159380,78.4090340909091,82.3,71.43,176,113,63
3650,3160833,57.066902173913,66.32,47.19,184,95,89
3651,3161095,82.3209756097561,95.51,66.67,164,89,75
3652,3163005,77.200932642487,77.98,76.19,193,109,84
3653,3164402,69.1507978723404,79.82,54.43,188,109,79
3654,3166049,78.5291411042945,75,82.67,163,88,75
3655,3167339,81.5221739130435,82.5,80.77,184,80,104
3656,3168056,80.4006030150754,83.16,77.88,199,95,104
3657,3168265,63.0686363636364,56.58,68,176,76,100
3658,3169400,80.3414957264957,78.99,81.74,234,119,115
3659,3170200,63.9600507614213,66.29,62.04,197,89,108
3660,3171427,43.0154189944134,15.85,65.98,179,82,97
3661,3173301,77.8329896907216,82,73.4,194,100,94
3662,3173912,72.3233962264151,78.7,58.82,159,108,51
3663,3174044,80.0021951219512,70,87.83,205,90,115
3664,3174504,72.0609803921569,80.2,64.08,204,101,103
3665,3174517,74.489387755102,79.41,69.15,196,102,94
3666,3178039,79.2935242290749,71.05,87.61,227,114,113
3667,3178436,78.1821212121212,77.14,78.95,165,70,95
3668,3180268,73.8556880733945,73.39,74.47,218,124,94
3669,3184459,76.9212087912088,84.09,70.21,182,88,94
3670,3184776,78.5745833333333,74.03,82.42,168,77,91
3671,3184789,80.8311917098446,78.1,84.09,193,105,88
3672,3187686,83.1723076923077,85,81.48,208,100,108
3673,3187916,80.1950495049505,87.7,68.75,202,122,80
3674,3188019,38.6962608695652,35.54,42.2,230,121,109
3675,3189630,76.099756097561,70.53,80.91,205,95,110
3676,3190284,32.6389583333333,50.67,13.04,144,75,69
3677,3192815,66.4850810810811,59.14,73.91,185,93,92
3678,3195346,78.6835532994924,77.78,79.78,197,108,89
3679,3195682,79.2922222222222,83.62,73.17,198,116,82
3680,3196809,81.117972027972,77.01,87.5,143,87,56
3681,3197406,88.3519417475728,85.94,92.31,206,128,78
3682,3197704,86.4774396135266,83.04,90.53,207,112,95
3683,3197817,78.8973394495413,76.99,80.95,218,113,105
3684,3197846,65.3248743718593,61.7,68.57,199,94,105
3685,3198666,54.1439779005525,61.7,45.98,181,94,87
3686,3198909,51.9623529411765,56.88,46.32,204,109,95
3687,3199006,74.8688235294118,81.82,68.69,187,88,99
3688,3201552,70.4952459016394,76.77,63.1,183,99,84
3689,3203017,34.4176623376623,37.1,32.61,154,62,92
3690,3205079,75.656347826087,77.17,73.79,230,127,103
3691,3205097,76.2546575342466,71.82,80.73,219,110,109
3692,3206072,56.6045283018868,38.33,67.68,159,60,99
3693,3206898,78.947990430622,81.25,76.29,209,112,97
3694,3207324,78.2312925170068,79.35,76.36,147,92,55
3695,3208235,40.7194011976048,54.74,22.22,167,95,72
3696,3209090,76.17,81.31,71.03,214,107,107
3697,3211036,61.3075,47.62,69.52,168,63,105
3698,3212580,88.3621164021164,86.6,90.22,189,97,92
3699,3212864,65.1999118942731,74.17,55.14,227,120,107
3700,3213646,74.4532599118943,76.32,72.57,227,114,113
3701,3214988,79.2977092511013,75.24,82.79,227,105,122
3702,3215069,79.2696341463415,85.6,72.73,246,125,121
3703,3215143,78.4220746887967,76.8,80.17,241,125,116
3704,3215232,75.4803365384615,75.79,75.22,208,95,113
3705,3215298,80.4341739130435,86.32,74.34,230,117,113
3706,3216739,66.4638414634146,56.92,72.73,164,65,99
3707,3218091,82.1273913043478,80.85,83.19,207,94,113
3708,3218300,76.3612727272727,77.19,75.47,220,114,106
3709,3218318,75.2138888888889,81.68,66.99,234,131,103
3710,3219589,81.1330188679245,88.1,73.33,159,84,75
3711,3221617,84.4793103448276,86.9,82.22,174,84,90
3712,3222512,69.726,63.51,73.87,185,74,111
3713,3222520,76.1228828828829,76.36,75.89,222,110,112
3714,3222676,72.49875,73.68,71.43,200,95,105
3715,3224341,70.8766990291262,84.35,53.85,206,115,91
3716,3225990,68.2351764705882,72.87,63.49,255,129,126
3717,3228622,79.3421126760563,80.21,78.63,213,96,117
3718,3230715,32.2019491525424,33.63,30.89,236,113,123
3719,3233779,72.0776649746193,85.26,59.8,197,95,102
3720,3236127,71.6183783783784,80.17,62.26,222,116,106
3721,3238390,85.4253768844221,83.87,86.79,199,93,106
3722,3238824,61.1416571428571,39.13,75.47,175,69,106
3723,3240223,76.2928017241379,79.49,73.04,232,117,115
3724,3240353,42.2908810572687,38.39,46.09,227,112,115
3725,3240360,50.2691891891892,58.76,40.91,185,97,88
3726,3240367,53.9785840707965,59.66,47.66,226,119,107
3727,3240384,75.622039800995,80,70.33,201,110,91
3728,3240397,76.6380327868852,73.98,79.34,244,123,121
3729,3240528,79.16725,78.07,80.16,240,114,126
3730,3240775,73.7322119815668,75.65,71.57,217,115,102
3731,3242851,42.4092670157068,15.48,63.55,191,84,107
3732,3244211,82.4820903954802,83.13,81.91,177,83,94
3733,3244996,75.6118536585366,78.95,71.43,205,114,91
3734,3245986,68.8223529411765,68.6,69.05,170,86,84
3735,3246448,80.3417948717949,85.37,74.77,234,123,111
3736,3246691,77.5228899082569,80.67,73.74,218,119,99
3737,3246805,78.9977625570776,72.57,85.85,219,113,106
3738,3246924,74.2579702970297,77.78,69.41,202,117,85
3739,3247222,51.7234482758621,62.92,40,174,89,85
3740,3247399,84.9737558685446,88.79,80.41,213,116,97
3741,3247997,51.5437113402062,73.58,25,194,106,88
3742,3251334,73.1729268292683,67.31,79.21,205,104,101
3743,3255278,83.7443842364532,78.26,88.29,203,92,111
3744,3256683,80.2528571428571,80.39,80.15,238,102,136
3745,3256901,73.3033898305085,74.78,71.9,236,115,121
3746,3256950,69.476546184739,79.31,60.9,249,116,133
3747,3258366,73.0728846153846,53.42,83.7,208,73,135
3748,3259024,76.4672549019608,63.95,85.59,204,86,118
3749,3261049,12.2284716157205,10.58,13.6,229,104,125
3750,3261893,80.1034693877551,80.65,79.61,196,93,103
3751,3263534,76.565625,71.43,80.56,192,84,108
3752,3264474,75.9468396226415,83.16,70.09,212,95,117
3753,3264646,80.0919004524887,82.83,77.87,221,99,122
3754,3266100,55.5035406698565,73.12,41.38,209,93,116
3755,3266330,74.0006,88.3,61.32,200,94,106
3756,3267340,60.9741463414634,57.14,65,205,105,100
3757,3267345,57.4726635514019,40.4,72.17,214,99,115
3758,3267789,80.3704205607477,71.79,90.72,214,117,97
3759,3268397,78.8752582159624,82,76.11,213,100,113
3760,3268442,75.4426315789474,83.19,67.83,228,113,115
3761,3272452,70.1530348258706,67.35,72.82,201,98,103
3762,3273098,70.6542934782609,74.16,67.37,184,89,95
3763,3273359,70.2549230769231,86.73,53.61,195,98,97
3764,3274472,69.6096078431373,65.98,72.9,204,97,107
3765,3274723,89.895,94.62,85.71,198,93,105
3766,3275861,70.8326851851852,72.17,69.31,216,115,101
3767,3278950,70.0026086956522,74.58,65.18,230,118,112
3768,3279694,64.4323711340206,66.96,60.98,194,112,82
3769,3279795,73.6884210526316,83.92,59.62,247,143,104
3770,3280780,80.0904424778761,90.99,69.57,226,111,115
3771,3280980,62.2075,52.31,68.22,172,65,107
3772,3281240,66.3304020100502,65.59,66.98,199,93,106
3773,3282780,59.3123529411765,76.92,28.38,204,130,74
3774,3283570,76.7131506849315,81.98,71.3,219,111,108
3775,3284101,62.008384279476,81.2,35.42,229,133,96
3776,3285511,86.1872380952381,87.7,84.09,210,122,88
3777,3286518,75.0003636363636,74.14,75.96,220,116,104
3778,3286647,74.5290094339623,76.99,71.72,212,113,99
3779,3288135,79.6515584415584,77.19,82.05,231,114,117
3780,3288323,75.8620689655172,74.56,77.12,232,114,118
3781,3288993,69.1337037037037,57.89,79.07,162,76,86
3782,3289513,84.0188144329897,84.4,83.53,194,109,85
3783,3291794,72.399375,75.81,66.18,192,124,68
3784,3292255,58.334,63.89,50,180,108,72
3785,3293749,73.2946596858639,82.24,61.9,191,107,84
3786,3294540,71.0764705882353,68.1,75,204,116,88
3787,3296394,70.5570555555556,72.82,67.53,180,103,77
3788,3296420,71.2278773584906,82.3,58.59,212,113,99
3789,3298523,57.3398165137615,56.9,57.84,218,116,102
3790,3298948,74.1292537313433,81.73,65.98,201,104,97
3791,3300007,71.619009009009,78.81,63.46,222,118,104
3792,3300456,74.4902429149798,78.51,70.63,247,121,126
3793,3301184,68.0411340206186,66.67,69.47,194,99,95
3794,3301295,58.6691555555556,35.87,74.44,225,92,133
3795,3301683,71.3536683417085,81.98,57.95,199,111,88
3796,3303745,71.0942196531792,76.36,61.9,173,110,63
3797,3308449,77.2751363636364,76.15,78.38,220,109,111
3798,3311074,76.8829032258064,74.74,79.12,186,95,91
3799,3311551,71.5627962085308,71.79,71.28,211,117,94
3800,3312092,56.9282178217822,79.61,33.33,202,103,99
3801,3314897,75.0015,62.5,85.23,160,72,88
3802,3315809,79.8174311926605,78.85,80.7,218,104,114
3803,3316692,71.4313186813187,69.12,72.81,182,68,114
3804,3317118,78.1246428571428,79.41,77.05,224,102,122
3805,3317730,75.1147926267281,74.23,75.83,217,97,120
3806,3317866,59.0402127659574,73.91,44.79,188,92,96
3807,3317955,27.0561176470588,19.35,31.48,170,62,108
3808,3319252,81.8624651162791,76.47,86.73,215,102,113
3809,3321324,71.09484375,76.32,66.9,256,114,142
3810,3321543,71.996,81.9,63.33,225,105,120
3811,3322731,72.6807804878049,73.91,71.68,205,92,113
3812,3326171,69.9025242718447,65.62,73.64,206,96,110
3813,3326664,75.2247297297297,76.03,74.26,222,121,101
3814,3326730,66.664262295082,72.38,58.97,183,105,78
3815,3326776,72.9367431192661,71.9,74.23,218,121,97
3816,3326842,67.344693877551,72.41,60,196,116,80
3817,3326877,70.875,66.99,74.76,206,103,103
3818,3328409,76.145,80.73,71.56,218,109,109
3819,3328735,70.4090306122449,68.32,72.63,196,101,95
3820,3328742,71.7103902439024,69.3,74.73,205,114,91
3821,3329755,63.1255,62.5,63.89,160,88,72
3822,3331628,80.974,79.67,82.93,205,123,82
3823,3331862,74.6774678111588,74.79,74.56,233,119,114
3824,3331893,73.6822488038277,78.63,67.39,209,117,92
3825,3332495,71.0358469945355,62.92,78.72,183,89,94
3826,3335003,64.9559829059829,72.26,54.64,234,137,97
3827,3336373,86.0779746835443,85.94,86.24,237,128,109
3828,3339952,81.6833168316832,77.22,84.55,202,79,123
3829,3340226,65.124243697479,73.39,58.14,238,109,129
3830,3340430,65.9212290502793,56.34,72.22,179,71,108
3831,3342003,55.2043891402715,53.27,57.02,221,107,114
3832,3343906,47.2662686567164,18.75,66.12,201,80,121
3833,3345878,77.901722846442,80.77,75.18,267,130,137
3834,3346046,83.06,86.21,80.16,242,116,126
3835,3347055,78.5728571428571,74.51,82.41,210,102,108
3836,3351945,78.9501754385965,72,84.38,228,100,128
3837,3353016,83.3326315789474,83.58,82.98,228,134,94
3838,3353981,77.1536206896552,78.57,75.47,232,126,106
3839,3356694,45.6226267281106,38.79,53.47,217,116,101
3840,3357705,75.20208,79.49,71.43,250,117,133
3841,3357992,81.8147619047619,85.45,78.51,231,110,121
3842,3358516,72.9160416666667,66.18,76.61,192,68,124
3843,3358593,79.9156147540983,81.1,78.63,244,127,117
3844,3358817,65.7785777777778,56.18,72.06,225,89,136
3845,3359883,4.84480176211454,5.51,4,227,127,100
3846,3360669,68.9112435233161,70.59,67.59,193,85,108
3847,3362091,84.5445454545455,86.51,81.91,220,126,94
3848,3363073,76.1247747747748,75.96,76.27,222,104,118
3849,3364166,84.3735416666667,80.19,89.53,192,106,86
3850,3366136,72.4158128078818,71.57,73.27,203,102,101
3851,3366243,74.1932258064516,69.64,79.05,217,112,105
3852,3368127,46.2585714285714,33.33,58.67,147,72,75
3853,3370092,60.7943171806167,61.02,60.55,227,118,109
3854,3370204,33.9364253393665,30.89,37.76,221,123,98
3855,3370579,31.9804651162791,43.4,13.64,172,106,66
3856,3370651,45.2818238993711,46.15,44.12,159,91,68
3857,3372961,80.9321860465116,84.96,76.47,215,113,102
3858,3372985,78.3048148148148,84.04,72.63,189,94,95
3859,3373311,79.3709865470852,84.03,74.04,223,119,104
3860,3373959,44.5154838709677,48,38.18,155,100,55
3861,3374773,80.5233684210526,77.88,83.72,190,104,86
3862,3375137,75.9982,83.96,67.02,200,106,94
3863,3375434,71.0628510638298,73.87,68.55,235,111,124
3864,3375770,79.1635185185185,85.48,70.65,216,124,92
3865,3376258,63.2986170212766,74.53,48.78,188,106,82
3866,3376573,71.9569841269841,82.98,61.05,189,94,95
3867,3377690,78.4690909090909,78.57,78.38,209,98,111
3868,3377915,73.3335833333333,73.45,73.23,240,113,127
3869,3378519,79.509756097561,81.9,77,205,105,100
3870,3378877,82.0228651685393,78.95,85.54,178,95,83
3871,3379992,77.5715420560748,73.74,80.87,214,99,115
3872,3384672,65.546985645933,73.58,57.28,209,106,103
3873,3384779,55.7922317596566,36.73,69.63,233,98,135
3874,3386893,69.5257510729614,69.64,69.42,233,112,121
3875,3391549,69.332,70.94,67.59,225,117,108
3876,3392327,51.4329047619048,40.51,58.02,210,79,131
3877,3392864,65.2391428571429,67.59,62.75,210,108,102
3878,3393264,76.4285551330798,76.87,75.97,263,134,129
3879,3393318,54.8706666666667,55.96,53.49,195,109,86
3880,3393339,73.3566409266409,74.07,72.58,259,135,124
3881,3394391,64.5627184466019,73.12,57.52,206,93,113
3882,3395877,72.652905982906,74.55,70.97,234,110,124
3883,3396231,39.1079888268156,58.7,18.39,179,92,87
3884,3400966,63.9041463414634,45.33,74.62,205,75,130
3885,3402083,46.6014659685864,60.19,28.92,191,108,83
3886,3407352,73.0069469026549,74.78,71.17,226,115,111
3887,3407360,59.0931818181818,81.54,26.67,220,130,90
3888,3410919,73.0793269230769,81.58,62.77,208,114,94
3889,3411364,75.6888235294118,80.47,70.87,255,128,127
3890,3411708,70.741170212766,59.18,83.33,188,98,90
3891,3412847,75.4588888888889,79.46,71.15,216,112,104
3892,3414106,73.7737333333333,73.68,73.87,225,114,111
3893,3414420,80.2840845070423,85.09,74.75,213,114,99
3894,3415859,14.0577510040161,6.34,24.3,249,142,107
3895,3416745,73.4282608695652,89.23,46.75,207,130,77
3896,3416859,73.4873023255814,76.47,69.79,215,119,96
3897,3417216,75.9199476439791,85.05,64.29,191,107,84
3898,3418040,74.0725396825397,84.04,64.21,189,94,95
3899,3418287,71.845,83.5,60.19,206,103,103
3900,3418397,75.3759296482412,79.31,72.32,199,87,112
3901,3419629,76.6931355932203,89.13,59.18,236,138,98
3902,3421168,71.3616901408451,78.18,64.08,213,110,103
3903,3422613,67.6155714285714,76.92,55.91,210,117,93
3904,3423548,73.0152380952381,82.5,56.52,189,120,69
3905,3424744,76.6364485981308,82.3,70.3,214,113,101
3906,3425297,78.7342081447964,86.96,69.81,221,115,106
3907,3428021,75.000625,81.2,67.03,208,117,91
3908,3429703,73.2753879310345,82.18,66.41,232,101,131
3909,3431586,14.5110196078431,18.87,11.41,255,106,149
3910,3432201,70.6450458715596,69.57,71.43,218,92,126
3911,3434023,61.7021808510638,78.74,26.23,188,127,61
3912,3434897,71.3655066079295,72.22,70.59,227,108,119
3913,3437183,78.414845814978,80.67,75.93,227,119,108
3914,3437213,77.2746280991736,81.19,74.47,242,101,141
3915,3437438,70.817339055794,75.93,66.4,233,108,125
3916,3439488,70.752358490566,70.33,71.07,212,91,121
3917,3440673,33.8444866920152,27.59,38.78,263,116,147
3918,3442746,77.0330622009569,82.69,71.43,209,104,105
3919,3443914,69.8526130653266,75.25,64.29,199,101,98
3920,3445047,60.2790654205607,60.44,60.16,214,91,123
3921,3445591,62.5635071090047,73.64,50.5,211,110,101
3922,3447037,67.3928260869565,70.73,64.71,184,82,102
3923,3448825,65.4177102803738,56.32,71.65,214,87,127
3924,3450322,76.1461924686193,75.38,77.06,239,130,109
3925,3451028,60.0032380952381,57.38,63.64,210,122,88
3926,3451119,70.1422274881517,77.39,61.46,211,115,96
3927,3453677,70.9506703910615,69.23,72.73,179,91,88
3928,3456784,62.8211965811966,73.53,47.96,234,136,98
3929,3457842,49.1967379679144,38.61,61.63,187,101,86
3930,3459022,73.1343781094527,75,70.13,201,124,77
3931,3459101,73.8924630541872,69.31,78.43,203,101,102
3932,3459175,73.366432160804,75,69.84,199,136,63
3933,3460328,64.2544444444444,66.09,61.96,207,115,92
3934,3461297,78.0482926829268,77.78,78.33,246,126,120
3935,3464088,81.4994,80.16,83.78,200,126,74
3936,3464494,64.4136936936937,78.57,50,222,112,110
3937,3464607,42.5141317365269,47.67,37.04,167,86,81
3938,3466628,65.8302010050251,79.49,46.34,199,117,82
3939,3467106,74.6274626865672,78.26,69.77,201,115,86
3940,3467305,87.0311351351351,87.74,86.08,185,106,79
3941,3467990,69.6197046413502,78.99,60.17,237,119,118
3942,3468198,77.1281165919282,76.92,77.31,223,104,119
3943,3470085,77.6879282868526,78.07,77.37,251,114,137
3944,3470682,87.99976,85.27,90.91,250,129,121
3945,3475081,82.3190909090909,77.06,88.76,198,109,89
3946,3476202,74.0886363636364,78.63,68.93,220,117,103
3947,3476492,75.1201463414634,74.31,76.04,205,109,96
3948,3481340,72.2718181818182,71.77,72.92,220,124,96
3949,3481427,66.5140825688073,55.24,76.99,218,105,113
3950,3481613,67.8152298850575,51.9,81.05,174,79,95
3951,3482561,64.4219230769231,63.83,64.91,208,94,114
3952,3482621,59.4223188405797,57.66,61.46,207,111,96
3953,3485102,81.7314903846154,74.71,86.78,208,87,121
3954,3485190,77.3575471698113,79.35,75.83,212,92,120
3955,3487449,51.3966480446927,47.56,54.64,179,82,97
3956,3487785,82.27,88.51,77.59,203,87,116
3957,3489783,68.684595959596,62.65,73.04,198,83,115
3958,3490858,72.8500662251656,75.76,67.31,151,99,52
3959,3490887,71.9202955665025,69.44,74.74,203,108,95
3960,3491470,80.68,75,86.36,176,88,88
3961,3495733,82.2882291666667,82.02,82.52,192,89,103
3962,3495846,74.7409793814433,71.3,79.75,194,115,79
3963,3497821,41.7147239263804,53.7,18.18,163,108,55
3964,3498640,48.12425,65.15,36.17,160,66,94
3965,3498646,42.0189075630252,54.55,31.25,119,55,64
3966,3498652,56.4727058823529,56.1,56.82,170,82,88
3967,3498767,61.8815246636771,68.1,55.14,223,116,107
3968,3498782,64.5315763546798,69.31,59.8,203,101,102
3969,3501622,77.0271171171171,78.45,75.47,222,116,106
3970,3502674,64.7884507042254,63.28,67.06,213,128,85
3971,3505251,78.1248046875,83.94,71.43,256,137,119
3972,3506738,73.2662376237624,70.49,77.5,202,122,80
3973,3507111,77.475,70.27,84.68,222,111,111
3974,3507553,77.6373417721519,70.73,85.09,237,123,114
3975,3507915,73.6590860215054,71.03,77.22,186,107,79
3976,3508440,68.6135106382979,71.05,64.86,188,114,74
3977,3509995,78.4795780590717,81.45,75.22,237,124,113
3978,3510084,77.6842148760331,75.89,79.23,242,112,130
3979,3511333,80.17125,80,80.29,232,95,137
3980,3511400,77.3770135746606,77.78,77.05,221,99,122
3981,3511595,68.2404721030043,65.09,70.87,233,106,127
3982,3512519,58.7973148148148,69.39,50,216,98,118
3983,3513831,62.262358490566,73.4,53.39,212,94,118
3984,3516502,70.5875490196078,72.34,69.09,204,94,110
3985,3517075,71.2753191489362,76.29,65.93,188,97,91
3986,3517624,70.6453731343284,79.8,61.76,201,99,102
3987,3518274,78.0112565445026,79.61,76.14,191,103,88
3988,3519314,65.9306593406593,64.04,67.74,182,89,93
3989,3520889,75.0030487804878,81.4,67.95,164,86,78
3990,3521414,67.0043654822335,55,79.38,197,100,97
3991,3521520,70.9313953488372,76.6,64.1,172,94,78
3992,3521779,39.6663636363636,33.33,47.27,121,66,55
3993,3522617,73.5988764044944,61.73,83.51,178,81,97
3994,3523356,55.6280794701987,35.06,77.03,151,77,74
3995,3523702,70.88,94.95,42.17,182,99,83
3996,3526329,58.1376279069767,42.57,71.93,215,101,114
3997,3526844,78.1085572139304,78.64,77.55,201,103,98
3998,3528267,72.0916279069768,64.86,79.81,215,111,104
3999,3528377,69.1146078431373,69.72,68.42,204,109,95
4000,3528523,64.7902816901408,51.89,77.57,213,106,107
4001,3528911,72.6430188679245,71,74.11,212,100,112
4002,3528968,70.9685714285714,59.14,79.84,217,93,124
4003,3529104,79.1449197860963,78.05,80,187,82,105
4004,3529237,70.4256338028169,72.81,67.68,213,114,99
4005,3529576,71.8083700440529,68.7,75,227,115,112
4006,3531795,78.9034599156118,78.26,79.51,237,115,122
4007,3533284,77.2524705882353,81.03,74.1,255,116,139
4008,3533503,73.681983805668,76.47,71.09,247,119,128
4009,3533807,76.2542922374429,76.61,75.79,219,124,95
4010,3534019,73.5011965811966,70.87,75.57,234,103,131
4011,3534362,77.4554098360656,81.95,72.07,244,133,111
4012,3535531,74.164019138756,80.18,67.35,209,111,98
4013,3537515,70.3035371179039,72.64,68.29,229,106,123
4014,3538485,62.710790960452,54.88,69.47,177,82,95
4015,3540418,72.197399103139,75.28,70.15,223,89,134
4016,3540597,61.7773777777778,64.13,60.15,225,92,133
4017,3541993,64.0409359605911,81.19,47.06,203,101,102
4018,3542896,75.5195833333333,84.78,67,192,92,100
4019,3544621,69.697012987013,75.19,62.75,231,129,102
4020,3545072,64.7050588235294,79.49,52.17,170,78,92
4021,3545323,66.1077405857741,78.83,49.02,239,137,102
4022,3547063,64.6292139737991,57.55,70.73,229,106,123
4023,3547228,80.6738235294118,82.95,77.98,238,129,109
4024,3547609,52.6312781954887,56.25,48.36,266,144,122
4025,3549554,63.0222916666667,74,51.09,192,100,92
4026,3550711,73.4003940886699,77.98,68.09,203,109,94
4027,3551520,84.0964435146444,88.79,79.67,239,116,123
4028,3553638,68.2946341463415,66,70.48,205,100,105
4029,3554007,68.4483495145631,71.43,64.37,206,119,87
4030,3555714,78.6935652173913,69.84,89.42,230,126,104
4031,3556332,81.5122264150943,83.92,78.69,265,143,122
4032,3557312,60.3162962962963,85.45,25.32,189,110,79
4033,3558234,71.8610822510823,65.96,75.91,231,94,137
4034,3558900,67.2225726141079,59.65,74.02,241,114,127
4035,3559870,70.6607438016529,73.81,67.24,242,126,116
4036,3560477,56.3369483568075,53,59.29,213,100,113
4037,3561057,80.6567901234568,80,81.2,243,110,133
4038,3563002,61.4282857142857,41.98,73.64,210,81,129
4039,3563107,72.5329184549356,69.77,75.96,233,129,104
4040,3564131,71.7125099601594,63.79,78.52,251,116,135
4041,3564357,66.8023886639676,66.67,66.97,247,138,109
4042,3565492,52.6085217391304,60.99,39.33,230,141,89
4043,3565557,50.4794285714286,44.92,57.61,210,118,92
4044,3566122,71.3676211453745,72.87,69.39,227,129,98
4045,3566362,53.9533953488372,60.32,44.94,215,126,89
4046,3566503,39.1041340782123,21.84,55.43,179,87,92
4047,3567764,75.2883783783784,77.39,73.61,259,115,144
4048,3568741,72.7964750957854,68.55,76.64,261,124,137
4049,3570134,75.6026,78.2,72.65,250,133,117
4050,3570912,80.1546031746032,77.34,83.06,252,128,124
4051,3571746,69.1614953271028,65.22,73.74,214,115,99
4052,3571877,81.7765333333333,85.96,77.48,225,114,111
4053,3572072,78.6796446700508,76.67,80.37,197,90,107
4054,3573106,77.7770085470085,76.27,79.31,234,118,116
4055,3573447,78.8997247706422,75.63,82.83,218,119,99
4056,3573569,79.31030651341,79.39,79.23,261,131,130
4057,3573869,70.8593142857143,57.58,78.9,175,66,109
4058,3573875,65.5359322033898,61.68,71.43,177,107,70
4059,3574586,63.7570469798658,68.18,60.24,149,66,83
4060,3574594,63.4988,58.33,68.27,200,96,104
4061,3574887,67.5798630136986,67.59,67.57,219,108,111
4062,3575299,74.5492857142857,73.58,75.42,224,106,118
4063,3575907,82.8759116022099,85.44,79.49,181,103,78
4064,3576716,60.109606741573,70.54,32.65,178,129,49
4065,3578663,54.389298245614,70.97,34.62,171,93,78
4066,3581204,63.3035779816514,58.62,68.63,218,116,102
4067,3581725,54.5903381642512,52.73,56.7,207,110,97
4068,3582112,70.4735714285714,72.17,68.42,210,115,95
4069,3582968,64.5306896551724,62.5,67.03,203,112,91
4070,3583513,67.3936413043478,73.79,59.26,184,103,81
4071,3584216,60.2037755102041,66.34,53.68,196,101,95
4072,3585203,68.0005142857143,75.59,47.92,175,127,48
4073,3585785,69.5169518716578,67,72.41,187,100,87
4074,3587910,77.3172222222222,85.09,68.63,216,114,102
4075,3588335,66.8194930875576,63.28,71.91,217,128,89
4076,3589102,71.913829787234,71.85,72,235,135,100
4077,3589144,68.8868444444444,75,60.82,225,128,97
4078,3589348,65.5542105263158,56.57,73.64,209,99,110
4079,3590305,65.5747540983607,63.54,67.82,183,96,87
4080,3590882,71.9984,67.42,77.12,250,132,118
4081,3592004,54.7149056603774,54.33,55.29,212,127,85
4082,3592390,63.5336464088398,63.55,63.51,181,107,74
4083,3592408,74.4803125,67.57,83.95,192,111,81
4084,3592546,35.7428936170213,33.06,38.74,235,124,111
4085,3593338,72.91953125,66.67,77.48,192,81,111
4086,3593711,75.8996923076923,76.42,75.28,195,106,89
4087,3594215,71.4290476190476,65.81,80.56,189,117,72
4088,3594579,66.8614201183432,65.06,68.6,169,83,86
4089,3594727,76.0962151394422,74.05,78.33,251,131,120
4090,3594778,80.0923529411765,79.49,80.77,221,117,104
4091,3594901,75.2196460176991,73.98,76.7,226,123,103
4092,3596284,68.5596943231441,65.49,71.55,229,113,116
4093,3596709,73.7485416666667,73.91,73.6,240,115,125
4094,3597636,77.6788839285714,75.23,80,224,109,115
4095,3597898,74.9985416666667,88.37,64.15,192,86,106
4096,3598031,79.5280952380952,83.51,76.11,210,97,113
4097,3600179,64.3180281690141,76.98,45.98,213,126,87
4098,3600553,60.2745662100457,67.24,52.43,219,116,103
4099,3602359,73.7683196721312,81.1,65.81,244,127,117
4100,3603015,65.4420276497696,73.28,56.44,217,116,101
4101,3604266,72.5611162790698,77.66,68.6,215,94,121
4102,3604961,64.455355450237,73.28,53.68,211,116,95
4103,3605277,68.1826446280992,69.12,66.98,242,136,106
4104,3605300,46.1547692307692,55.86,33.33,195,111,84
4105,3605309,53.5465354330709,53.44,53.66,254,131,123
4106,3605365,77.5018333333333,81.89,72.57,240,127,113
4107,3606854,75.4614351851852,83.19,65.98,216,119,97
4108,3607044,77.9588979591837,90.09,67.91,245,111,134
4109,3608679,71.6258139534884,74.77,68.27,215,111,104
4110,3608729,71.9117446808511,72.32,71.54,235,112,123
4111,3609088,80.8039732142857,90.91,72.8,224,99,125
4112,3613323,54.5902040816327,59.43,48.89,196,106,90
4113,3613877,67.3972246696035,60.71,73.91,227,112,115
4114,3614212,66.9888349514563,66.97,67.01,206,109,97
4115,3615486,76.1221890547264,72.9,79.79,201,107,94
4116,3615989,70.4937158469945,61.45,78,183,83,100
4117,3616035,77.1039252336448,78.3,75.93,214,106,108
4118,3616613,52.1731884057971,60.64,45.13,207,94,113
4119,3617282,79.3709865470852,74.31,84.21,223,109,114
4120,3617625,79.0949717514124,80.43,77.65,177,92,85
4121,3618098,55.7183582089552,65.71,44.79,201,105,96
4122,3621414,71.0147826086957,64.58,76.58,207,96,111
4123,3622264,72.6034246575342,69.3,76.19,219,114,105
4124,3623072,73.062602739726,68.69,76.67,219,99,120
4125,3624067,77.6339473684211,71.43,82.93,228,105,123
4126,3625589,74.094,61.62,84.3,220,99,121
4127,3627293,70.1306060606061,63.11,75.78,231,103,128
4128,3628111,68.5310659898477,61.18,74.11,197,85,112
4129,3629235,73.8714070351759,77.23,70.41,199,101,98
4130,3629333,68.0232558139535,60,75,172,80,92
4131,3629483,76.4371264367816,67.09,84.21,174,79,95
4132,3629537,68.674578313253,68.29,69.05,166,82,84
4133,3631896,82.6324736842105,80.22,84.85,190,91,99
4134,3632524,67.5973184357542,61.64,71.7,179,73,106
4135,3632669,73.0538341968912,70.11,75.47,193,87,106
4136,3633667,78.4869767441861,75,82.14,172,88,84
4137,3634126,80.676231884058,80.2,81.13,207,101,106
4138,3635273,84.6511627906977,87.04,82.24,215,108,107
4139,3636382,82.5733027522936,80.56,84.55,218,108,110
4140,3637266,76.0981463414634,72.9,79.59,205,107,98
4141,3637625,73.3692307692308,53.33,84.4,169,60,109
4142,3638672,80.1637190082645,80.77,79.46,242,130,112
4143,3639401,75.8941071428571,66.96,85.32,224,115,109
4144,3639424,77.8805529953917,78.3,77.48,217,106,111
4145,3640842,54.3971978021978,40.74,65.35,182,81,101
4146,3641249,68.9238983050847,69.23,68.6,177,91,86
4147,3642422,78.4699521531101,80.15,75.34,209,136,73
4148,3642789,78.0979338842975,75,82.35,242,140,102
4149,3643713,74.7694495412844,79.23,68.18,218,130,88
4150,3644181,75.2111965811966,76.55,73.03,234,145,89
4151,3648125,71.7374782608696,71.09,72.55,230,128,102
4152,3649542,81.3589830508475,83.61,78.95,236,122,114
4153,3650203,74.2404924242424,71.3,76.51,264,115,149
4154,3650853,49.3981927710843,48.65,50,249,111,138
4155,3652525,62.1212121212121,63.22,61.26,198,87,111
4156,3652702,40.8071748878924,34.78,45.04,223,92,131
4157,3653957,82.40875,89.9,76.07,216,99,117
4158,3654141,56.3641212121212,57.14,55.41,165,91,74
4159,3654183,68.6316666666667,60.47,74.58,204,86,118
4160,3656628,74.4504405286344,71.43,77.05,227,105,122
4161,3657051,65.8158163265306,70.91,59.3,196,110,86
4162,3658268,77.1868932038835,81.97,70.24,206,122,84
4163,3658313,72.8771808510638,78.1,66.27,188,105,83
4164,3659001,71.8591457286432,71.43,72.13,199,77,122
4165,3660258,63.6807547169811,81.73,46.3,212,104,108
4166,3660783,57.3855681818182,31.08,76.47,176,74,102
4167,3661839,81.3180769230769,77.92,83.81,182,77,105
4168,3663751,69.7376315789474,64.1,75.68,228,117,111
4169,3663999,68.5723428571429,65.52,71.59,175,87,88
4170,3664391,75.3825641025641,82.3,65.85,195,113,82
4171,3664432,86.2578199052133,91.82,80.2,211,110,101
4172,3666385,66.0826315789474,48.61,78.79,171,72,99
4173,3667000,72.3613567839196,85.39,61.82,199,89,110
4174,3671630,71.2776595744681,73.61,69.83,188,72,116
4175,3672334,72.32,75.89,68.75,224,112,112
4176,3672700,69.2659016393442,64.52,74.17,244,124,120
4177,3672780,64.8782644628099,67.89,62.41,242,109,133
4178,3673664,73.0192063492064,73.39,72.66,252,124,128
4179,3673898,66.2942696629214,65.91,66.67,267,132,135
4180,3675793,73.7636633663366,79,68.63,202,100,102
4181,3676174,71.1153333333333,74.55,67.83,225,110,115
4182,3676420,57.47,50.57,64.37,174,87,87
4183,3676557,66.3483173076923,61.8,69.75,208,89,119
4184,3678919,78.4803375527426,84.82,72.8,237,112,125
4185,3679018,85.1844444444445,88.54,82.5,216,96,120
4186,3679431,69.1453142857143,68.09,70.37,175,94,81
4187,3683434,69.4483333333333,62.11,77.65,180,95,85
4188,3687273,77.2332589285714,80.99,72.82,224,121,103
4189,3688740,71.7117073170732,80.56,61.86,205,108,97
4190,3691230,77.7768686868687,79.59,76,198,98,100
4191,3691529,73.5571634615385,75.79,71.68,208,95,113
4192,3694035,68.2058974358974,67.37,69,195,95,100
4193,3695726,68.7520833333333,77.05,54.29,192,122,70
4194,3696186,73.1693170731707,65.38,81.19,205,104,101
4195,3696218,70.7926732673267,61.61,82.22,202,112,90
4196,3697403,76.8460591133005,75.23,78.72,203,109,94
4197,3701329,51.0320689655172,49.41,53.33,145,85,60
4198,3702126,50.0032558139535,52.48,46.48,172,101,71
4199,3702138,44.377375,42.7,46.48,160,89,71
4200,3702152,61.5362980769231,64.46,57.47,208,121,87
4201,3703108,68.7544230769231,73.02,62.2,208,126,82
4202,3704139,73.8416033755274,74.38,73.28,237,121,116
4203,3708009,76.6145161290323,76.47,76.79,248,136,112
4204,3708440,59.6249765258216,69.16,50,213,107,106
4205,3708999,81.4184955752212,86.89,75,226,122,104
4206,3710342,74.2093665158371,73.27,75,221,101,120
4207,3710492,70.2232584269663,64.58,76.83,178,96,82
4208,3711098,57.3097076023392,57.61,56.96,171,92,79
4209,3711863,69.8381818181818,76.52,61.82,242,132,110
4210,3712175,70.0539037433155,77.6,54.84,187,125,62
4211,3712556,70.2396585365854,69.44,71.13,205,108,97
4212,3714416,75.9473417721519,79.46,72.8,237,112,125
4213,3714906,50.0026699029126,21.18,70.25,206,85,121
4214,3715374,71.7562962962963,63.46,79.46,216,104,112
4215,3716951,68.1544585987261,53.09,84.21,157,81,76
4216,3718720,65.3071428571429,80.91,45.35,196,110,86
4217,3719647,77.4713043478261,77.1,77.87,253,131,122
4218,3720348,82.1598122065728,81.13,83.18,213,106,107
4219,3720388,62.8608571428571,57.75,66.35,175,71,104
4220,3725818,73.4484647302905,76.64,70.9,241,107,134
4221,3728207,73.5672246696035,75.53,72.18,227,94,133
4222,3728810,79.119156626506,71.93,85.19,249,114,135
4223,3729752,77.0137903225806,82.4,71.54,248,125,123
4224,3730248,66.8034854771784,65.45,67.94,241,110,131
4225,3730760,73.6608780487805,74.11,73.12,205,112,93
4226,3731033,69.8781124497992,70.69,69.17,249,116,133
4227,3735021,56.99,66.34,45.88,186,101,85
4228,3737362,68.8135643564356,55.22,75.56,202,67,135
4229,3737613,69.70875,65.85,72.22,208,82,126
4230,3739416,70.1769736842105,74.71,67.38,228,87,141
4231,3740276,57.19796,36.63,71.14,250,101,149
4232,3740824,74.23875,71.07,76.92,264,121,143
4233,3741257,74.7944715447155,82.64,67.2,246,121,125
4234,3743353,62.1349514563107,71.55,50,206,116,90
4235,3743597,75.2720879120879,76.36,73.61,182,110,72
4236,3744960,62.6925,62.39,62.94,260,117,143
4237,3744977,47.3859437751004,65.49,23.36,249,142,107
4238,3747706,67.1127555555556,60.38,73.11,225,106,119
4239,3750257,47.645,52.94,42.35,170,85,85
4240,3750263,41.6040875912409,40,43.28,137,70,67
4241,3750756,71.9515853658537,70.8,72.93,246,113,133
4242,3754493,68.5533962264151,53.03,79.57,159,66,93
4243,3754776,73.3657009345794,67.89,79.05,214,109,105
4244,3756211,72.5810887096774,71.9,73.23,248,121,127
4245,3758579,79.4261244019139,72.38,86.54,209,105,104
4246,3760195,64.0661458333333,63.74,64.36,192,91,101
4247,3761714,71.6238738738739,68.75,74.55,222,112,110
4248,3762349,58.2896984924623,72.45,44.55,199,98,101
4249,3762719,73.3008252427184,74.75,71.96,206,99,107
4250,3763500,71.0776470588235,80.21,62.96,204,96,108
4251,3763545,69.9494581280788,80.58,59,203,103,100
4252,3763800,70.6192890995261,66.67,73.08,211,81,130
4253,3764090,68.8302164502164,72.28,66.15,231,101,130
4254,3764469,74.3278378378378,79.25,69.83,222,106,116
4255,3768931,68.0974846625767,78.75,57.83,163,80,83
4256,3769810,56.8635294117647,78,36.54,204,100,104
4257,3771189,80.0006666666667,80.36,79.59,210,112,98
4258,3773656,72.1744347826087,64.22,79.34,230,109,121
4259,3774694,70.9245814977973,64.08,76.61,227,103,124
4260,3781337,1.56041666666667,0.96,2.27,192,104,88
4261,3781623,69.3999453551913,70.53,68.18,183,95,88
4262,3781703,78.4615384615385,80,77,195,95,100
4263,3785219,74.4910204081633,68.93,80.65,196,103,93
4264,3785811,66.6653551912568,69.66,63.83,183,89,94
4265,3786291,41.8922972972973,61.19,25.93,148,67,81
4266,3786297,42.5916666666667,48.31,35.62,162,89,73
4267,3786776,69.591030927835,66.33,72.92,194,98,96
4268,3786792,72.3631155778894,68.32,76.53,199,101,98
4269,3786849,75.1216746411483,73.15,77.23,209,108,101
4270,3788079,73.3326060606061,63.38,80.85,165,71,94
4271,3788856,35.2493525179856,36.36,33.87,139,77,62
4272,3793103,33.8780327868852,32.61,35.16,183,92,91
4273,3793841,43.7917647058824,41.98,45.83,153,81,72
4274,3794061,55.2794409937888,59.77,50,161,87,74
4275,3794805,41.025,50,32.05,156,78,78
4276,3795076,27.1061445783133,28.57,25.33,166,91,75
4277,3795196,44.7675581395349,47.19,42.17,172,89,83
4278,3795791,50.3096273291926,51.85,48.75,161,81,80
4279,3795934,38.8542675159236,48.1,29.49,157,79,78
4280,3796368,50.3015568862276,32.93,67.06,167,82,85
4281,3797318,52.2996551724138,47.92,57.69,174,96,78
4282,3798290,60.9445562130178,55.26,65.59,169,76,93
4283,3798621,71.7086842105263,63.41,81.43,152,82,70
4284,3799166,78.9886956521739,82.26,76.32,138,62,76
4285,3799918,69.8785542168675,67.44,72.5,166,86,80
4286,3800641,76.1594186046512,73.56,78.82,172,87,85
4287,3800907,72.2556069364162,69.39,76,173,98,75
4288,3801548,72.6777049180328,77.78,67.74,183,90,93
4289,3804424,68.8341860465116,72.97,64.42,215,111,104
4290,3804777,77.8311312217195,77.78,77.88,221,108,113
4291,3805071,76.6444910179641,68.85,81.13,167,61,106
4292,3805837,72.5514705882353,69.7,75.24,204,99,105
4293,3806836,77.1162288135593,80.53,73.98,236,113,123
4294,3806991,83.3325925925926,77.68,89.42,216,112,104
4295,3808346,60.7126530612245,48.72,68.64,196,78,118
4296,3808448,71.4315207373272,75.76,67.8,217,99,118
4297,3809022,71.1392617449664,75,66.15,149,84,65
4298,3810280,78.2403703703704,75,81.73,216,112,104
4299,3810718,81.3489637305699,71.57,92.31,193,102,91
4300,3814060,65.6202678571428,73.58,58.47,224,106,118
4301,3814471,76.1666839378238,85.09,63.29,193,114,79
4302,3814641,83.7540609137056,92.47,75.96,197,93,104
4303,3815064,47.8776363636364,60.71,34.57,165,84,81
4304,3816294,77.6069791666667,79.07,76.42,192,86,106
4305,3816926,77.1067469879518,71.62,81.52,166,74,92
4306,3817043,66.483687150838,67.82,65.22,179,87,92
4307,3818444,74.7923529411765,80.87,69.11,238,115,123
4308,3818529,76.8248927038627,83.76,69.83,233,117,116
4309,3818800,78.6451941747573,74.03,81.4,206,77,129
4310,3819334,66.9556223175966,59.6,72.39,233,99,134
4311,3820213,67.4393023255814,68.57,66.36,215,105,110
4312,3821433,65.3519298245614,62.83,67.83,228,113,115
4313,3821545,69.5506015037594,67.39,71.88,266,138,128
4314,3822088,72.4409448818898,75,70,254,124,130
4315,3824070,69.8809638554217,73.39,66.4,249,124,125
4316,3824415,59.5152682926829,67.61,41.27,205,142,63
4317,3824992,61.5388461538462,59.26,64,260,135,125
4318,3826002,80.6875536480687,76.98,86.17,233,139,94
4319,3828324,66.2572839506173,58.56,72.73,243,111,132
4320,3828351,65.7765399239544,54.05,74.34,263,111,152
4321,3831789,64.9741116751269,60.2,69.7,197,98,99
4322,3834248,66.5201304347826,76.24,58.91,230,101,129
4323,3834292,70.4797142857143,70.97,70.09,210,93,117
4324,3834851,67.4294495412844,68.04,66.94,218,97,121
4325,3835667,57.2150480769231,76.11,34.74,208,113,95
4326,3835815,67.3099230769231,79.14,53.72,260,139,121
4327,3836149,74.3708403361345,77.59,71.31,238,116,122
4328,3836794,75.3620289855072,71.58,78.57,207,95,112
4329,3840318,73.4441493775934,70.69,76,241,116,125
4330,3840772,72.3825523012552,69.91,74.6,239,113,126
4331,3842863,69.7421033210332,65,74.81,271,140,131
4332,3843290,73.7042629482072,73.23,74.19,251,127,124
4333,3843629,68.07,64.71,71.43,238,119,119
4334,3843801,71.3112704918033,69.91,72.52,244,113,131
4335,3843884,63.631961722488,51.76,71.77,209,85,124
4336,3847615,64.2261206896552,60,68.38,232,115,117
4337,3847656,73.1707317073171,71.67,74.6,246,120,126
4338,3847906,81.0709708737864,85.86,76.64,206,99,107
4339,3848998,80.63,84.68,76.58,222,111,111
4340,3850200,70.1945192307692,71.7,68.63,208,106,102
4341,3851632,75.588779342723,73.64,77.67,213,110,103
4342,3852190,84.4044036697248,93,77.12,218,100,118
4343,3852526,77.7783333333333,70.59,84.21,216,102,114
4344,3852673,81.4271428571428,87.96,74.51,210,108,102
4345,3853020,69.4288082901554,71.3,66.67,193,115,78
4346,3853087,88.0415789473684,94.55,80.81,209,110,99
4347,3854651,75.2256756756757,77.05,73,222,122,100
4348,3854787,34.9058823529412,37.96,31.36,255,137,118
4349,3856852,41.0957077625571,42.48,39.62,219,113,106
4350,3856950,73.2627272727273,64.71,80.39,187,85,102
4351,3857547,84.2097129186603,76.92,91.43,209,104,105
4352,3857953,41.9332258064516,59.18,27.73,217,98,119
4353,3861120,76.7526315789474,78.7,75,228,108,120
4354,3862029,66.1761764705882,69.66,63.48,204,89,115
4355,3865762,67.0611764705882,68,66.32,170,75,95
4356,3866906,73.9712785388128,76.56,70.33,219,128,91
4357,3869167,65.1251680672269,65.89,64.22,238,129,109
4358,3869553,61.305652173913,60,62.86,230,125,105
4359,3869753,63.50365,61.39,65.66,200,101,99
4360,3871340,63.352036199095,59.84,67.68,221,122,99
4361,3871468,66.1754901960784,76.92,47.3,204,130,74
4362,3874067,41.5077358490566,34.21,48.19,159,76,83
4363,3874498,42.2185,38.38,46.91,180,99,81
4364,3875955,63.9382513661202,66.34,60.98,183,101,82
4365,3876271,68.5214814814815,65.18,72.12,216,112,104
4366,3876294,47.6934358974359,56.88,36.05,195,109,86
4367,3876303,40.4769841269841,31.15,49.23,252,122,130
4368,3877559,74.7183018867924,78.23,71.63,265,124,141
4369,3877799,71.2546153846154,84.21,60.15,247,114,133
4370,3877870,76.8002,76.77,76.82,250,99,151
4371,3878456,76.2078629032258,82.44,69.23,248,131,117
4372,3879032,75.9360995850622,77.88,74.22,241,113,128
4373,3880693,71.2871782178218,77.78,62.35,202,117,85
4374,3880845,78.6350909090909,75.41,82.65,220,122,98
4375,3881521,80.1664462809917,77.31,82.93,242,119,123
4376,3882400,72.566814159292,80.33,63.46,226,122,104
4377,3882421,79.6385067873303,81.55,77.97,221,103,118
4378,3882537,80.7533891213389,82.58,78.5,239,132,107
4379,3882781,25.5402164502165,39.25,13.71,231,107,124
4380,3884001,68.3984848484848,66.07,70.59,231,112,119
4381,3884730,77.9922966507177,74.42,80.49,209,86,123
4382,3885153,28.8569565217391,21.49,35.61,253,121,132
4383,3886053,79.1668333333333,84.11,75.19,240,107,133
4384,3891174,84.4432,86.32,82.41,225,117,108
4385,3892389,71.8440776699029,81.58,59.78,206,114,92
4386,3895773,63.979336492891,70,56.04,211,120,91
4387,3895884,69.60056,66.95,71.97,250,118,132
4388,3896482,70.6157894736842,83.04,58.62,228,112,116
4389,3897385,74.6478873239437,72.48,76.92,213,109,104
4390,3899322,68.4221052631579,90.28,48.75,152,72,80
4391,3900592,80.6613679245283,82.8,78.99,212,93,119
4392,3902852,51.7728426395939,46.15,56.6,197,91,106
4393,3905542,71.0864257028112,80.47,61.16,249,128,121
4394,3906157,57.4284653465347,41.98,67.77,202,81,121
4395,3906353,69.8882527881041,72.52,67.39,269,131,138
4396,3906400,58.4338431372549,47.71,66.44,255,109,146
4397,3906466,56.9910362694301,54.79,58.33,193,73,120
4398,3907121,69.8498994974874,76.92,62.11,199,104,95
4399,3907709,71.3106751054852,74.62,67.29,237,130,107
4400,3907719,65.4629896907216,58.33,70.91,194,84,110
4401,3908596,78.6006614785992,77.78,79.39,257,126,131
4402,3908875,73.9678512396694,71.31,76.67,242,122,120
4403,3910372,70.9934351145038,78.46,63.64,262,130,132
4404,3910522,77.1344186046512,72.66,81.54,258,128,130
4405,3911778,74.8765024630542,78.63,69.77,203,117,86
4406,3911792,67.8108583690987,68.55,66.97,233,124,109
4407,3912589,76.4098591549296,77.86,75,284,140,144
4408,3913851,81.4525806451613,73.64,87.68,248,110,138
4409,3915995,68.8794190871369,49.04,83.94,241,104,137
4410,3918270,77.5406779661017,72.22,82.03,236,108,128
4411,3918472,74.5041434262948,75,74.02,251,124,127
4412,3920794,81.5882845188284,79.28,83.59,239,111,128
4413,3920876,72.0988768115942,65.41,78.32,276,133,143
4414,3921275,78.6900819672131,83.48,74.42,244,115,129
4415,3922407,65.1333333333333,56.9,71.72,261,116,145
4416,3924158,81.2502205882353,82.31,80.28,272,130,142
4417,3926789,79.1102222222222,80,78.18,225,115,110
4418,3926808,76.6542131979696,83.04,68.24,197,112,85
4419,3927763,74.4085781990521,79.09,69.31,211,110,101
4420,3930868,72.2984415584416,76.32,68.38,231,114,117
4421,3930984,62.7194298245614,61.06,64.35,228,113,115
4422,3933629,73.7426815642458,73.33,74.16,179,90,89
4423,3933742,66.8030290456432,65.81,67.74,241,117,124
4424,3934309,72.6508571428571,73.21,72.18,245,112,133
4425,3934796,69.4179126213592,77.14,61.39,206,105,101
4426,3935170,59.6682352941177,64.29,55.56,238,112,126
4427,3936008,68.9015789473684,74.47,64.35,209,94,115
4428,3936291,72.3839748953975,71.57,72.99,239,102,137
4429,3937074,45.8000420168067,63.48,29.27,238,115,123
4430,3937924,71.2652490421456,74.58,68.53,261,118,143
4431,3938386,69.6853846153846,67.65,71.43,221,102,119
4432,3938863,59.6554506437768,57.69,61.24,233,104,129
4433,3939259,51.9983,30.23,68.42,200,86,114
4434,3940697,51.1841706161137,24.72,70.49,211,89,122
4435,3941406,74.723202247191,88.7,49.21,178,115,63
4436,3944999,79.9057416267943,78.82,80.65,209,85,124
4437,3945093,82.8300429184549,77.32,86.76,233,97,136
4438,3945874,69.7464285714286,65.17,72.48,238,89,149
4439,3945893,69.7453781512605,75,65.38,238,108,130
4440,3947991,75.2650537634409,80.43,70.21,186,92,94
4441,3948093,66.8164573991031,66.09,67.59,223,115,108
4442,3948813,77.1290582959641,73.86,79.26,223,88,135
4443,3950055,74.4460740740741,77.94,70.9,270,136,134
4444,3950547,66.8131390134529,47.67,78.83,223,86,137
4445,3950816,77.2124050632911,69.5,88.54,237,141,96
4446,3952341,73.809126984127,71.68,75.54,252,113,139
4447,3952724,54.04,43.43,64.65,198,99,99
4448,3954863,77.9243722943723,77,78.63,231,100,131
4449,3955320,83.1389411764706,82.84,83.47,255,134,121
4450,3955821,67.8019024390244,83.82,36.23,205,136,69
4451,3959260,73.6872727272727,76.24,71.3,209,101,108
4452,3960232,76.8310810810811,76.69,76.98,259,133,126
4453,3960670,60.7582278481013,62.18,58.02,237,156,81
4454,3964666,68.3993939393939,61.72,76.7,231,128,103
4455,3966507,71.0978899082569,82.64,56.7,218,121,97
4456,3966724,70.7527358490566,66.36,75.49,212,110,102
4457,3968734,70.7389956331878,77.14,60.67,229,140,89
4458,3968846,66.8243925233645,61.61,72.55,214,112,102
4459,3970171,74.5631578947368,69.37,79.49,228,111,117
4460,3971046,80.5281578947368,72.53,87.88,190,91,99
4461,3971823,78.0352336448598,79.07,77.34,214,86,128
4462,3972543,64.9173387096774,75.57,52.99,248,131,117
4463,3972971,57.2713636363636,66.4,45.26,220,125,95
4464,3976229,80.393137254902,81.25,79.35,204,112,92
4465,3976547,48.2647826086957,51.67,44.55,230,120,110
4466,3976589,71.2700373134329,79.14,62.79,268,139,129
4467,3976712,59.6881395348837,53.17,65.91,258,126,132
4468,3976985,85.6544303797468,91.27,79.28,237,126,111
4469,3977543,71.8484033613445,78.46,63.89,238,130,108
4470,3979208,69.3224701195219,73.91,63.72,251,138,113
4471,3981043,74.0008,74.81,73.11,250,131,119
4472,3981953,74.3259459459459,69.92,79.8,222,123,99
4473,3982863,42.325023255814,32.26,56.04,215,124,91
4474,3984340,56.455376344086,61.95,47.95,186,113,73
4475,3984787,70.8341666666667,70.77,70.91,240,130,110
4476,3986462,62.7543367346939,56.32,67.89,196,87,109
4477,3987164,21.5221518987342,18.49,24.58,237,119,118
4478,3988103,78.135991902834,77.27,79.13,247,132,115
4479,3988416,56.150320855615,38.37,71.29,187,86,101
4480,3989823,76.4458653846154,77.88,74.74,208,113,95
4481,3992382,10.6056818181818,7.14,13.77,264,126,138
4482,3992387,50.4369565217391,34.55,65,230,110,120
4483,3992886,70.6349206349206,72.31,68.85,252,130,122
4484,3993384,75.6513913043478,75.49,75.78,230,102,128
4485,3994192,77.78,78.52,76.67,225,135,90
4486,3994441,76.719465648855,77.21,76.19,262,136,126
4487,3994486,77.2489099526066,75.83,79.12,211,120,91
4488,3997359,64.8959183673469,73.1,53,245,145,100
4489,3999646,74.7998,78.1,72.41,250,105,145
4490,3999740,69.3408490566038,68.63,70,212,102,110
4491,4001634,66.3404878048781,68,64.76,205,100,105
4492,4003342,60.4196875,52.75,67.33,192,91,101
4493,4004442,63.2311210762332,68.63,58.68,223,102,121
4494,4004600,76.1665957446809,89.47,58.82,235,133,102
4495,4005264,75.464907063197,78.1,72.73,269,137,132
4496,4005903,60.0785185185185,59.52,60.68,243,126,117
4497,4005939,56.8094366197183,52.5,62.37,213,120,93
4498,4006102,73.1518677042801,70.14,76.99,257,144,113
4499,4006196,77.976563876652,84.13,70.3,227,126,101
4500,4006337,77.4447234042553,77.34,77.57,235,128,107
4501,4006850,75.0038793103448,76.3,73.2,232,135,97
4502,4008674,73.4995053003534,68.92,78.52,283,148,135
4503,4010639,75.1771678321678,71.43,79.14,286,147,139
4504,4011842,70.284055944056,71.17,69.11,286,163,123
4505,4012295,71.964769874477,79.22,58.82,239,154,85
4506,4013088,61.2143925233645,56.86,65.18,214,102,112
4507,4013121,76.0750588235294,73.48,78.86,255,132,123
4508,4014423,66.5195652173913,76.15,54,230,130,100
4509,4016892,70.0760606060606,74.02,66.42,264,127,137
4510,4017414,56.9334306569343,67.32,43.8,274,153,121
4511,4020105,75.229128440367,79.44,71.17,218,107,111
4512,4021590,61.7777777777778,64.8,58,225,125,100
4513,4021815,72.8504524886878,74.6,70.53,221,126,95
4514,4022661,63.5429166666667,65.22,62,192,92,100
4515,4023015,57.5612682926829,66.1,45.98,205,118,87
4516,4023521,73.1011111111111,71.43,74.47,171,77,94
4517,4024788,78.8759154929577,83.49,74.04,213,109,104
4518,4025366,67.38,64.2,69.81,187,81,106
4519,4025375,63.5122972972973,61.54,65.71,222,117,105
4520,4025400,69.4667256637168,68.64,70.37,226,118,108
4521,4025801,72.1038947368421,61.9,80.19,190,84,106
4522,4027669,70.541472868217,73.53,67.21,258,136,122
4523,4029126,72.1618181818182,84.38,57.5,176,96,80
4524,4029206,70.3322966507177,73.58,66.99,209,106,103
4525,4029641,77.9536021505376,78.02,77.89,186,91,95
4526,4030680,55.1428971962617,38.95,68.07,214,95,119
4527,4031457,61.4766536964981,60.77,62.2,257,130,127
4528,4032621,61.7294650205761,68.42,53.64,243,133,110
4529,4033132,72.0296610169491,73.55,70.43,236,121,115
4530,4034017,69.0072727272727,71.43,66.92,242,112,130
4531,4034840,64.3453913043478,66.37,62.39,230,113,117
4532,4034879,61.6521844660194,73.11,45.98,206,119,87
4533,4036375,46.9395918367347,33,61.46,196,100,96
4534,4037588,72.2695454545455,69.52,74.78,220,105,115
4535,4038420,58.5598198198198,62,55.74,222,100,122
4536,4038431,53.0240930232558,53.1,52.94,215,113,102
4537,4038894,72.6511965811966,70.8,74.38,234,113,121
4538,4039873,62.0900653594771,69.86,55,153,73,80
4539,4040687,73.2586096256685,70.21,76.34,187,94,93
4540,4041107,70.3296703296703,80.68,60.64,182,88,94
4541,4042351,69.59,74.32,64.86,148,74,74
4542,4042830,61.1136507936508,77.97,46.27,126,59,67
