"MotifID","Position","Frm","FrmP","FrmN","Total_Coverage","CoverageP","CoverageN"
1,43,73.663024691358,82.0433450704225,61.8807920792079,486,284,202
2,71,74.7022673031026,76.6168656716418,72.9369724770642,419,201,218
3,238,76.3567248062016,82.8472627737226,69.0079338842975,516,274,242
4,311,75.7385601577909,82.605652173913,67.5337229437229,507,276,231
5,1226,82.6090956521739,84.2111578947368,81.0346551724138,575,285,290
6,3129,69.3913224368499,74.7810850439883,63.8554518072289,673,341,332
7,3966,56.7724014778325,59.3579802955665,54.1868226600985,812,406,406
8,4848,76.5703428571428,80.690198019802,70.9472972972973,700,404,296
9,5241,48.187288590604,50.4152892561983,46.0701047120419,745,363,382
10,5322,52.8235774309724,36.263956043956,65.6758208955224,833,364,469
11,5407,63.5743798882682,63.5491121495327,63.5975374732334,895,428,467
12,5852,68.1910266159696,65.245811965812,70.5512328767123,789,351,438
13,7194,79.7530542986425,80.4,79.325,884,352,532
14,7245,75.7626580796253,76.7977900552486,75.0010365853659,854,362,492
15,7475,73.0055956284153,70.4992167101828,74.81,915,383,532
16,7904,57.3241401273885,40.8438028169014,70.93,628,284,344
17,7911,47.4739116719243,25.7229903536977,68.4167492260062,634,311,323
18,10064,79.7511746522411,71.2043190661479,85.3833333333333,647,257,390
19,11437,77.981620795107,77.1679704016913,78.7392125984252,981,473,508
20,12908,74.865579631636,67.3156658595642,80.9795294117647,923,413,510
21,14284,76.3620041109969,74.0081938325991,78.421021194605,973,454,519
22,16578,84.3794412770809,82.9599749373434,85.564309623431,877,399,478
23,18392,71.85425,73.2128834355828,70.7301015228426,1080,489,591
24,19046,69.7260321100917,57.146038961039,76.5959574468085,872,308,564
25,20674,73.0678181818182,70.0790026246719,75.3498597194389,880,381,499
26,20704,79.3676790830946,77.2987580299786,81.0335172413793,1047,467,580
27,21529,75.3741241241241,77.1035897435897,73.2896026490066,999,546,453
28,21556,73.7157585470086,76.666,71.3143992248062,936,420,516
29,22402,81.2399047619048,71.9809157509158,91.2704761904762,1050,546,504
30,24095,62.4379784688995,67.2498635477583,54.795572755418,836,513,323
31,26062,73.9056340956341,82.0282029598309,66.0488343558282,962,473,489
32,26741,73.8223497854077,80.0411434108527,66.1086538461538,932,516,416
33,26896,84.1910215053763,84.1531893004115,84.2324324324324,930,486,444
34,27796,60.4130750605327,64.0615433403806,55.5243342776204,826,473,353
35,30082,76.5614962593516,77.4451162790698,75.5401075268817,802,430,372
36,30171,68.4563422818792,74.4630799220273,60.368530183727,894,513,381
37,32229,81.5761538461539,80.826688453159,82.2264461247637,988,459,529
38,32904,66.382134088763,69.7852772466539,63.0615298507463,1059,523,536
39,33599,82.4252121212121,79.2879287305122,86.1715957446808,825,449,376
40,33824,76.3946010928962,70.6167324561404,82.1347058823529,915,456,459
41,34446,76.5053989071038,84.8363956043956,68.2649565217391,915,455,460
42,34738,73.8821411764706,74.6173960612691,73.0271501272265,850,457,393
43,34768,81.8604479283315,87.0601252609603,75.8443961352657,893,479,414
44,35584,65.6342318059299,70.0477358490566,59.7495597484277,742,424,318
45,36834,72.3107045009785,70.6228436911488,74.1360692464358,1022,531,491
46,37392,64.6375129533679,73.2644,50.840303030303,772,475,297
47,37465,69.7183266932271,71.505,67.6053913043478,1004,544,460
48,37990,72.3838686131387,66.8969655172414,78.5513178294574,822,435,387
49,39065,67.6348132780083,67.2319491525424,68.0213008130081,723,354,369
50,40070,77.0453485576923,64.7757386363636,86.0430625,832,352,480
51,42340,69.9283870967742,73.6048322147651,66.7311673151751,961,447,514
52,44444,69.1842218798151,79.6484660766962,57.741064516129,649,339,310
53,45003,80.6595754716981,71.8362857142857,92.7361452513966,848,490,358
54,45762,28.5908114856429,44.2272727272727,12.4384263959391,801,407,394
55,46357,80.8206513872135,81.1963532763533,80.544769874477,829,351,478
56,46669,69.0360507614213,74.2737137330754,63.25,985,517,468
57,48309,77.7273781902552,79.0393886462882,76.24,862,458,404
58,48995,73.8912674271229,66.919494949495,80.9162595419847,789,396,393
59,49018,70.842800511509,73.8546187363835,66.5628482972136,782,459,323
60,49098,67.5081072555205,64.2346958637469,69.999537037037,951,411,540
61,52192,62.8434713076199,61.1495501022495,64.2865505226481,1063,489,574
62,52303,61.4790929451288,69.9273269689737,54.0111392405063,893,419,474
63,52591,66.1423238696109,73.589683972912,59.647874015748,951,443,508
64,52664,70.8877159763314,72.3746118721461,69.2875675675676,845,438,407
65,53847,63.6065724381625,56.3430088495575,68.4347058823529,849,339,510
66,53986,69.8379465240642,74.1724503311258,65.7642323651452,935,453,482
67,55873,74.2482188841202,71.694686774942,76.4449700598802,932,431,501
68,58598,70.4559531772575,64.6656,76.2851677852349,897,450,447
69,58626,64.8190010857763,55.13,73.9958985200846,921,448,473
70,63477,46.914058988764,36.4530529595016,55.5022506393862,712,321,391
71,65879,75.3909723889556,74.7220399113082,76.1807329842932,833,451,382
72,67774,72.0833604336043,64.1379732739421,84.4275778546713,738,449,289
73,67898,70.2075388601036,71.602354368932,68.61125,772,412,360
74,68025,53.8034225352113,32.6974285714286,70.6347848101266,710,315,395
75,71356,69.2811303191489,63.0209324758842,73.6959183673469,752,311,441
76,71709,76.9735207496653,75.8151086956522,78.0983113456464,747,368,379
77,73605,78.366269165247,83.7487603305785,69.64375,587,363,224
78,73988,79.2980281690141,86.8877283372365,67.8464310954064,710,427,283
79,74000,75.8196728307255,80.0021351351351,71.1724924924925,703,370,333
80,74434,81.6019649561952,84.0964819277109,78.9060677083333,799,415,384
81,75933,82.3601815823606,88.1744086021505,76.9393984962406,771,372,399
82,76207,62.7251254480287,60.0452991452991,66.1239295392954,837,468,369
83,76316,66.0177803203661,67.9728758169935,63.8553975903614,874,459,415
84,77539,75.2999636803874,75.617065462754,74.9331853785901,826,443,383
85,78651,60.0033,55.2476923076923,65.502371967655,800,429,371
86,81886,65.0574349442379,57.55,70.8361842105263,807,351,456
87,84927,68.2369602977667,63.8322815533981,72.8428680203046,806,412,394
88,85021,56.5540449438202,57.1053947368421,56.0563895486936,801,380,421
89,85101,72.6770765027322,63.1689258312021,83.5793841642229,732,391,341
90,85149,56.3785652173913,43.9921875,75.1841605839416,690,416,274
91,85648,69.3526552179656,69.8618493150685,69.0329032258064,757,292,465
92,86016,71.7496524663677,79.5708172043011,63.2324590163934,892,465,427
93,87120,65.6973548387097,64.61,66.6653658536585,930,438,492
94,87507,77.6579787234043,83.7406403940887,70.5205202312139,752,406,346
95,88350,82.2089096126255,83.475768115942,80.9672443181818,697,345,352
96,88919,59.5217976031957,61.6447945205479,57.5143005181347,751,365,386
97,89045,62.5611815920398,79.3939560439561,48.6358863636364,804,364,440
98,90836,72.6647140864714,62.3645161290323,83.7710144927536,717,372,345
99,91434,57.2078260869565,42.9315909090909,69.035,874,396,478
100,94707,77.4136776390465,74.2295154185022,80.7991803278689,881,454,427
101,95284,66.4560076530612,69.2526634382567,63.3427493261456,784,413,371
102,95558,62.4252994011976,76.9428235294118,37.0345679012346,668,425,243
103,95731,67.3512938331318,76.9922535211268,57.1092768079801,827,426,401
104,95849,70.6642142025611,73.8242505592841,67.2357281553398,859,447,412
105,97868,62.9354941860465,72.0962222222222,49.8256183745583,688,405,283
106,98756,68.1789673340358,64.6044469026549,71.4298390342052,949,452,497
107,99093,81.3759786476868,82.8712962962963,79.8042579075426,843,432,411
108,101160,75.1731149425287,78.2071894093686,71.2424274406332,870,491,379
109,102700,66.7004418103448,79.3160341151386,53.81,928,469,459
110,104202,82.7839030612245,82.385,83.2441758241758,784,420,364
111,104209,76.3379202988792,68.0867848699764,85.5227368421053,803,423,380
112,104993,65.6074698795181,55.9649541284404,74.4211740041929,913,436,477
113,105300,57.6509014675052,56.3905679513185,58.9987201735358,954,493,461
114,105372,86.0933131801693,84.284,87.9604176904177,827,420,407
115,105951,70.5561286804798,69.1512836438924,72.1195852534562,917,483,434
116,106239,58.8729136690648,69.7282421875,41.6122670807453,834,512,322
117,113029,80.59828125,79.3471195652174,81.74935,768,368,400
118,115678,76.5001678657074,83.0992018779343,69.61,834,426,408
119,115994,79.7942710997442,73.902609699769,87.1039828080229,782,433,349
120,117159,74.4855374592834,73.7331355932203,75.2764810690423,921,472,449
121,117788,69.7573951715375,68.4309848484848,71.1007672634271,787,396,391
122,118460,67.2324293785311,70.8274647887324,62.6274484536082,885,497,388
123,119642,67.534025974026,63.902528957529,72.167315270936,924,518,406
124,122554,81.062308690013,80.8327518427518,81.3189835164835,771,407,364
125,123645,72.8550293772033,81.2770776255708,63.9231719128329,851,438,413
126,128003,74.7036117647059,76.1788412017167,72.913359375,850,466,384
127,128398,75.2628858350951,78.0613438735178,72.0446590909091,946,506,440
128,129035,73.4767639257294,82.1753913043478,59.8666666666667,754,460,294
129,129898,58.7995408163265,49.2175,67.9983,784,384,400
130,130128,73.0484390243902,78.6348181818182,66.58,820,440,380
131,130269,79.7310067114094,86.9664928909953,70.2778328173375,745,422,323
132,130331,69.5743736017897,70.2301257861635,68.8242685851319,894,477,417
133,130610,66.1085868263473,60.0918348623853,72.6832832080201,835,436,399
134,131450,77.0996292257361,79.0663008130081,74.8229176470588,917,492,425
135,131469,76.2909101123596,76.315,76.2608585858586,890,494,396
136,131731,77.1694516450648,81.4903435114504,72.442630480167,1003,524,479
137,131739,72.9238664987406,77.0933920704846,67.3563235294118,794,454,340
138,135295,73.8408564814815,74.7664678899083,72.8979439252336,864,436,428
139,135433,67.6439838220425,57.8617248908297,76.0814124293785,989,458,531
140,136821,73.9599781181619,79.8559952038369,69.0130181086519,914,417,497
141,141622,72.1988477801269,74.6230151843818,69.8946391752577,946,461,485
142,145337,71.5373626373626,74.941625282167,68.308051391863,910,443,467
143,147992,80.109435483871,79.6302645502646,80.6043169398907,744,378,366
144,148135,66.4495741935484,62.4675302663438,70.9926243093923,775,413,362
145,148744,58.7407847800238,58.4476888888889,59.0781074168798,841,450,391
146,149070,68.5323653643083,68.7125335892514,68.3120187793427,947,521,426
147,149103,61.0014161220044,64.9870422535211,56.2962945368171,918,497,421
148,149653,66.0219204545455,62.6727419354839,69.2809865470852,880,434,446
149,150066,68.2273417721519,54.5742857142857,79.0877272727273,790,350,440
150,150153,71.576716937355,63.7012740384615,78.9224215246637,862,416,446
151,151057,69.963162055336,78.5232794457275,58.5934355828221,759,433,326
152,152742,65.9420173535792,61.5964,71.0908530805687,922,500,422
153,153649,63.7471851040526,65.7758762886598,61.4483177570093,913,485,428
154,153784,72.6241515837104,71.3658370044053,73.9526976744186,884,454,430
155,154350,76.9245092838196,81.0845454545455,72.0451585014409,754,407,347
156,155540,74.7198879202989,78.8495822454308,70.954,803,383,420
157,155779,70.3154206730769,70.5763636363636,70.0519565217391,832,418,414
158,155806,75.0312247324614,77.7493606138107,72.6694666666667,841,391,450
159,156912,69.3567741935484,69.6482747603834,69.109512195122,682,313,369
160,157343,71.9687744458931,76.4023364485981,66.3712389380531,767,428,339
161,157780,72.0968758344459,71.8332863849765,72.444520123839,749,426,323
162,157830,75.8858838383838,77.7275174013921,73.6871468144044,792,431,361
163,160303,73.304246260069,67.2629411764706,78.2459832635983,869,391,478
164,160331,66.944522673031,65.6926457399103,68.3688520408163,838,446,392
165,160425,53.5280048661801,64.0183177570093,42.1324365482234,822,428,394
166,160716,75.1147685185185,84.2187378640777,66.8164601769912,864,412,452
167,161411,74.5730535279805,74.600114416476,74.5423376623377,822,437,385
168,162665,53.8931532663317,77.1655936073059,25.4201675977654,796,438,358
169,163280,64.0584210526316,62.6931979695431,65.4555584415584,779,394,385
170,163371,74.679573257468,73.7522047244094,75.7768633540373,703,381,322
171,164053,76.1280267965895,70.4979895561358,81.051095890411,821,383,438
172,164979,67.567628992629,70.3365842696629,64.2283739837398,814,445,369
173,165412,51.8952123995408,56.218995215311,47.9054966887417,871,418,453
174,166576,71.3861230329042,65.885618729097,75.49775,699,299,400
175,166587,69.7976589595376,64.3659770114943,75.2925,692,348,344
176,166702,65.3263384188627,65.7685585585586,64.9468041237113,721,333,388
177,166866,73.3561361014994,74.4825773195876,72.4436951983298,867,388,479
178,167319,78.3288466413181,81.6156545961003,75.5847441860465,789,359,430
179,168156,77.6839024390244,82.402625698324,74.0274025974026,820,358,462
180,168726,75.6417654639175,79.4921518987342,71.6498950131234,776,395,381
181,169421,58.2473105497771,51.8187272727273,64.4322448979592,673,330,343
182,169856,76.4186726804124,70.3617525773196,82.4755927835051,776,388,388
183,170460,74.0259610983982,72.8104608294931,75.2248863636364,874,434,440
184,170690,62.3329161603888,61.9059649122807,62.7346933962264,823,399,424
185,171383,62.8228386167147,79.1911180124224,48.6545967741936,694,322,372
186,172844,59.7693632416787,70.0605688622754,50.1411764705882,691,334,357
187,173223,68.748125,57.7560632183908,79.9988235294118,688,348,340
188,173403,69.800056980057,64.4058757062147,75.2872413793103,702,354,348
189,173687,73.8784960422164,73.1833519553073,74.50065,758,358,400
190,173856,73.9687878787879,69.0876344086021,79.0981355932203,726,372,354
191,174218,71.8444702467344,68.3276397515528,74.9300817438692,689,322,367
192,174269,68.4307450980392,65.7811787072243,71.251943319838,510,263,247
193,174465,62.1676557863501,51.9673413897281,72.0111078717201,674,331,343
194,175137,55.9284773060029,43.8351575931232,68.5649101796407,683,349,334
195,175560,74.8878138847858,72.4109655172414,79.34,677,435,242
196,177303,70.4723287671233,68.9238153846154,71.9881927710843,657,325,332
197,177577,61.1436094674556,59.5599555555556,62.4071631205674,507,225,282
198,177981,66.6668640350877,67.230777027027,65.623625,456,296,160
199,178440,81.2346695095949,86.5449775784753,76.4208536585366,469,223,246
200,178800,67.849512195122,65.2726778242678,70.7545283018868,451,239,212
201,180398,73.5269683257919,68.7485,79.2043564356436,442,240,202
202,180973,17.1985,17.2126639344262,17.185,500,244,256
203,181127,7.52945945945946,6.58407407407407,8.36483636363636,518,243,275
204,181197,4.2385549132948,5.06670886075949,3.54255319148936,519,237,282
205,181215,4.77167938931298,6.3475,3.31172794117647,524,252,272
206,181231,8.51237911025145,8.79944,8.24359550561798,517,250,267
207,183156,74.0138172043011,69.5031914893617,78.6225,558,282,276
208,183844,71.5787841945289,68.15,74.3143169398907,658,292,366
209,183949,67.2984834123223,73.6646975088968,62.2163636363636,633,281,352
210,185417,71.9933421400264,71.0276635514019,72.7043119266055,757,321,436
211,187002,75.675,73.7891262135922,77.3073109243698,666,309,357
212,187059,77.5838792102207,74.3392592592593,80.1231469979296,861,378,483
213,187806,71.7976067073171,77.8804672897196,65.9689552238806,656,321,335
214,189314,67.84,70.7135,65.6829490616622,653,280,373
215,190221,59.2877142857143,61.0155696202532,57.05,700,395,305
216,190401,72.619369047619,65.3262814070352,79.1864479638009,840,398,442
217,191667,76.4390361445783,77.365311778291,75.1617197452229,747,433,314
218,192544,75.7482089552239,70.2423324396783,80.5131554524362,804,373,431
219,192602,79.8979510309278,84.1558415841584,77.1703805496829,776,303,473
220,194752,63.1429674796748,56.9842739726027,69.1695710455764,738,365,373
221,195294,58.3549031476998,40.4631502890173,71.251875,826,346,480
222,195949,81.8936094674556,72.6085077951002,92.4214141414141,845,449,396
223,197112,75.443487544484,75.6971028037383,75.1819277108434,843,428,415
224,197131,81.5315188335358,82.8147732696897,80.2006188118812,823,419,404
225,197833,82.3395371498173,81.001475,83.6108551068884,821,400,421
226,198577,49.3334888888889,18.4616253443526,70.2021787709497,900,363,537
227,199624,71.9063995837669,69.8924175824176,73.7173913043478,961,455,506
228,199945,70.1807709750567,60.54682382134,78.2861586638831,882,403,479
229,200141,71.7874429771909,69.6298765432099,73.8290654205607,833,405,428
230,200729,68.6125810635538,41.4235922330097,86.7974242424243,771,309,462
231,201706,79.167576754386,80.3799367088608,77.8555707762557,912,474,438
232,202070,73.3416238159675,74.1841102756892,72.3529411764706,739,399,340
233,203410,80.7998945147679,83.5889800443459,78.268953722334,948,451,497
234,203618,70.6452902519168,62.993436123348,78.2137908496732,913,454,459
235,204690,72.9409340659341,76.1466506024096,68.6905431309904,728,415,313
236,207465,78.079209039548,77.2649651972158,78.8522026431718,885,431,454
237,208033,62.6883127572016,51.0413888888889,70.2944671201814,729,288,441
238,211477,59.6824668435013,57.9827699530516,61.89,754,426,328
239,212286,73.3994707520891,65.8475956284153,81.2517045454545,718,366,352
240,213465,67.181724137931,64.6444327176781,69.2631818181818,841,379,462
241,213937,69.630037037037,72.22,67.3638194444444,810,378,432
242,214068,75.9862908680947,79.3584633027523,72.7262749445676,887,436,451
243,214376,69.3200454545455,61.8511374407583,76.2018777292576,880,422,458
244,215099,73.8017412140575,74.9999137931034,72.3018705035971,626,348,278
245,215890,73.0300369458128,70.3815189873418,75.538824940048,812,395,417
246,215919,72.4074344355758,74.5902588235294,70.355,877,425,452
247,217011,69.735245398773,70.7750939457203,68.7370741482966,978,479,499
248,217161,82.5031591737545,78.4910421286031,87.367311827957,823,451,372
249,218632,53.2179586877278,60.6186010362694,46.6810068649886,823,386,437
250,221122,67.3849400479616,69.2111235955056,65.2958611825193,834,445,389
251,221873,70.6620247933884,74.6862761506276,66.7363265306122,968,478,490
252,223134,66.1234629861982,79.6839269406393,49.5789415041783,797,438,359
253,225340,71.5942494226328,79.347758186398,65.0310447761194,866,397,469
254,225347,73.0191848450057,84.0465,62.749844789357,871,420,451
255,225434,81.2790697674419,86.9217917675545,76.065548098434,860,413,447
256,225518,73.7300105932203,77.4115529411765,70.7152601156069,944,425,519
257,226645,68.2988755980861,66.4825549450549,69.6995974576271,836,364,472
258,228557,81.2424501758499,83.6839736842105,79.2809725158562,853,380,473
259,230929,66.205762925599,70.758772845953,61.9525853658537,793,383,410
260,231079,71.7597432605905,74.65,68.2717847025496,779,426,353
261,231649,79.213648960739,79.8089671361502,78.6372727272727,866,426,440
262,232407,74.6430903328051,74.5299625468165,74.7260714285714,631,267,364
263,232493,68.3776216216216,67.4824233128834,69.082536231884,740,326,414
264,233116,72.4114551804424,74.6254522613065,70.500021691974,859,398,461
265,233694,67.5671171171171,71.1598113207547,64.2841379310345,777,371,406
266,233879,60.1388082191781,56.8186363636364,63.2306084656085,730,352,378
267,234080,69.768335373317,61.8399721448468,75.9829257641921,817,359,458
268,235348,71.8220883977901,68.4219221967963,74.9970299145299,905,437,468
269,236967,57.2712319790301,63.5257882352941,49.406775147929,763,425,338
270,241721,74.5577205882353,65.1328289473684,82.1778457446809,680,304,376
271,241956,76.2480997624703,71.9196551724138,80.2787155963303,842,406,436
272,242129,76.2071234939759,77.9865517241379,73.8696864111498,664,377,287
273,244655,72.7271446862996,70.2633573141487,75.5496703296703,781,417,364
274,246272,71.9104031209363,58.6330935251799,79.4279022403259,769,278,491
275,246334,74.8320378619154,71.8004438642298,77.0866019417476,898,383,515
276,248024,79.0858022922636,78.3456951871658,79.9401234567901,698,374,324
277,250048,79.4017353308365,79.1571662763466,79.6809625668449,801,427,374
278,250964,78.9482573099415,73.6984834123223,84.0646651270208,855,422,433
279,253183,69.9549767981439,72.6241067285383,67.2858468677494,862,431,431
280,253565,79.2586442641947,75.5751356993737,83.8534375,863,479,384
281,254143,77.697780061665,78.1930837004405,77.2645086705202,973,454,519
282,255230,65.4508323831243,67.4663157894737,63.6153812636166,877,418,459
283,256082,64.9293762781186,57.0771461716937,71.1164168190128,978,431,547
284,256522,80.0947911547912,84.0806896551724,76.6561556064073,814,377,437
285,256816,64.0635435435435,59.8329192546584,68.0236046511628,999,483,516
286,257616,58.6639461358314,66.0291082802548,49.6065274151436,854,471,383
287,258316,58.3061058201058,52.380619047619,63.0464952380952,945,420,525
288,259700,77.4284405670665,81.3743237250554,73.6095708154506,917,451,466
289,260269,72.2296050955414,78.1552912621359,65.6843431635389,785,412,373
290,260522,80.205574516496,83.4479418344519,76.850625,879,447,432
291,261748,71.9569524913094,70.1444660194175,73.6127050997783,863,412,451
292,263021,77.1262874251497,72.0743243243243,82.8630434782609,835,444,391
293,265371,68.0396778350515,46.2814527027027,81.45725,776,296,480
294,266726,75.0536177105832,71.6581105990783,78.0488414634146,926,434,492
295,266849,72.1266097838453,70.2683783783784,73.4773870333988,879,370,509
296,269754,86.8627737226277,85.5348742138365,88.013378746594,685,318,367
297,269964,70.5429458239278,71.2748026315789,69.7668372093023,886,456,430
298,270559,65.6482188295165,70.8592307692308,59.3862464985994,786,429,357
299,271445,62.3850810185185,66.0157946210269,59.1214285714286,864,409,455
300,271993,71.2048481675393,69.8249137931034,72.508900203666,955,464,491
301,272287,64.1684434654919,74.1913620071685,57.2122388059701,681,279,402
302,272362,71.8125950782998,72.4353758542141,71.2117142857143,894,439,455
303,273564,54.9318082191781,47.6364189189189,59.907465437788,730,296,434
304,273675,58.1652226720648,53.5403682719547,62.3728865979381,741,353,388
305,274143,72.2969380315917,78.5723076923077,67.3203921568627,823,364,459
306,278771,51.5307798165138,74.0332835820896,27.8996238244514,654,335,319
307,281764,78.4723690205011,79.6289583333333,77.3520852017937,878,432,446
308,281900,74.8168674698795,70.5728708133971,79.1226699029126,830,418,412
309,281928,76.837316017316,73.0495157894737,80.8444543429844,924,475,449
310,281964,73.6704767063922,66.7383369330454,80.6478260869565,923,463,460
311,282158,73.5038034188034,76.5866666666667,69.9071296296296,936,504,432
312,283107,65.0578686493185,72.2241777777778,56.0247058823529,807,450,357
313,284022,51.8283353010626,42.857897574124,58.82,847,371,476
314,285989,74.2455205479452,71.2443450479233,76.4982014388489,730,313,417
315,286661,69.1545662650602,74.1315466666667,65.0526593406593,830,375,455
316,289554,62.615011682243,69.6361995753715,54.0254545454546,856,471,385
317,292476,70.6459665871122,64.7503,76.0301369863014,838,400,438
318,294608,79.5553963838665,71.3282935153584,85.2139436619718,719,293,426
319,296110,73.0307398568019,70.8882666666667,75.5155670103093,838,450,388
320,296729,80.1119888888889,75.2120338983051,85.5156775700935,900,472,428
321,298044,70.808527027027,75.3238441558442,65.9116338028169,740,385,355
322,299300,78.1512378640777,68.6703614457831,87.7711980440098,824,415,409
323,299447,65.452135678392,70.0474257425743,60.7161734693878,796,404,392
324,299466,59.8028853267571,53.0575061124694,66.6657213930348,811,409,402
325,299907,67.2560283687943,55.1322162162162,76.68,846,370,476
326,300878,35.9124314214464,13.3186945169713,56.5649403341289,802,383,419
327,301575,77.4273450292398,75.6346192893401,78.9595227765727,855,394,461
328,302067,79.8157124010554,78.1418032786885,81.3785969387755,758,366,392
329,302211,80.5394825646794,75.7762666666667,85.4220501138952,889,450,439
330,302419,76.9669928400955,71.9911111111111,82.2615270935961,838,432,406
331,303936,66.5143428571429,65.3835746606335,67.6686143187067,875,442,433
332,304057,73.6949414270501,70.0016086956522,77.2417745302714,939,460,479
333,304359,66.8970344827586,65.7506849315069,68.0593055555556,870,438,432
334,304435,66.779604519774,73.7489579158317,57.77,885,499,386
335,304451,73.3546052631579,74.7310920770878,71.9100674157303,912,467,445
336,304838,76.8343797468355,76.6405249343832,77.0149633251834,790,381,409
337,305017,79.1913619167718,82.8349046321526,76.052441314554,793,367,426
338,305438,65.0933047210301,52.4499300699301,73.8487651331719,699,286,413
339,305444,73.1279679144385,75.6767813267813,70.0858357771261,748,407,341
340,305614,78.7059275521405,77.0250765864332,80.3978854625551,911,457,454
341,306412,65.5588123515439,65.4872795969773,65.6226292134832,842,397,445
342,308053,65.4226616915423,68.2332470588235,62.2709498680739,804,425,379
343,308832,65.4129022556391,86.056350148368,44.2030182926829,665,337,328
344,309383,73.6149759036145,72.5248514851485,74.6488028169014,830,404,426
345,310377,65.1067505995204,68.3568591224018,61.5972817955112,834,433,401
346,311068,56.6769720496894,52.9754390934844,61.167147766323,644,353,291
347,311676,80.250037735849,82.6747244094488,78.0186231884058,795,381,414
348,311802,75.9850656167979,83.73024,68.4800516795866,762,375,387
349,312250,74.0262528735632,81.5443925233645,66.7462443438914,870,428,442
350,312898,78.2508975834292,71.3051304347826,86.0627628361858,869,460,409
351,314005,82.2951081081081,81.0725423728814,83.4163212435233,740,354,386
352,314645,73.1491188811189,76.1103448275862,69.2583171521036,715,406,309
353,314780,78.8448708487085,78.9342592592592,78.7435170603675,813,432,381
354,315315,73.760161987041,73.00064,74.6516197183099,926,500,426
355,316258,71.6861878453039,73.2850735294118,69.6218037974683,724,408,316
356,316420,78.0665367965368,84.9148882681564,70.748,693,358,335
357,316504,71.9178751857355,76.9681341107872,66.6686666666667,673,343,330
358,317206,61.8799547511312,72.3017718940937,48.8593129770992,884,491,393
359,319577,81.6524058323208,83.1314180929095,80.1912560386473,823,409,414
360,322915,73.7466277712952,73.9321181262729,73.4977868852459,857,491,366
361,326388,73.344200260078,73.9966219839142,72.7296717171717,769,373,396
362,333127,37.7085070785071,23.3990807799443,49.9981818181818,777,359,418
363,333635,80.5330678466077,81.5734743202417,79.5406340057637,678,331,347
364,334868,68.9878093883357,71.7602590673575,65.6118927444795,703,386,317
365,335158,62.651265060241,58.130553633218,66.1352266666667,664,289,375
366,335164,65.4881793478261,53.6531428571429,74.3433729216152,736,315,421
367,335476,69.1822236671001,63.5803582089552,73.5062442396313,769,335,434
368,335855,75.6340101522843,84.4747368421053,67.4,788,380,408
369,335875,77.4626818830242,81.3465443425076,74.0668983957219,701,327,374
370,336031,78.3690673575129,78.9491228070175,77.7485790884719,772,399,373
371,336100,80.258,75.1197129186603,86.2742577030812,775,418,357
372,337010,76.1981759379043,79.2048148148148,73.6973933649289,773,351,422
373,338511,59.8747006369427,69.4357641921397,46.4833639143731,785,458,327
374,338595,70.6058164852255,62.7622822822823,79.0312903225806,643,333,310
375,338741,78.3346895640687,76.4558448753463,80.0474747474748,757,361,396
376,338861,74.0281818181818,72.9120749279539,75.4679182156134,616,347,269
377,339415,72.2162423500612,70.0764233576642,74.3824137931034,817,411,406
378,339680,64.0520540540541,68.6973961218837,59.6273350923483,740,361,379
379,340864,69.9458643617021,68.0840425531915,71.3939479905437,752,329,423
380,341315,71.9262215477997,73.7841891891892,69.547508650519,659,370,289
381,341727,76.7734770514604,77.4952136752137,76.0850815217391,719,351,368
382,342616,67.4790650406504,62.1190909090909,73.685350877193,738,396,342
383,344188,85.8394219653179,84.0274440894569,87.3358575197889,692,313,379
384,346216,78.246744913928,92.2085064935065,65.2551359516616,639,308,331
385,346603,75.0310383189122,74.7946341463415,75.2292954545455,809,369,440
386,346669,67.1595962314939,66.5759210526316,67.7706060606061,743,380,363
387,348178,68.3712482269503,71.0167246376812,65.836,705,345,360
388,348217,67.3540570522979,74.5378260869565,59.8680582524272,631,322,309
389,349242,71.3066666666667,80.9122222222222,61.94125,711,351,360
390,351133,70.0131938633194,71.0397285067873,68.3632727272727,717,442,275
391,352001,70.6962680683312,65.5794065281899,74.7632075471698,761,337,424
392,352133,71.1303071253071,73.9329323308271,68.435734939759,814,399,415
393,353872,71.088064516129,67.512538071066,74.2681038374718,837,394,443
394,356672,78.4660634081902,92.1550980392157,66.2486,757,357,400
395,356789,70.477559912854,72.6032739420936,68.4424946695096,918,449,469
396,357706,58.5939783491204,67.9749673202614,51.9644572748268,739,306,433
397,357751,67.2115889029004,71.1292125984252,63.5887378640777,793,381,412
398,360062,67.1761323155216,70.8443373493976,63.072884097035,786,415,371
399,360906,45.7351617647059,44.4467521367521,47.109726443769,680,351,329
400,364122,85.8185456730769,92.5285567010309,79.9548423423423,832,388,444
401,364782,78.0854980079681,75.0627077747989,81.0526052631579,753,373,380
402,365474,77.2593424657534,80.9502494331066,71.6271972318339,730,441,289
403,366007,70.8200251572327,68.8414447592068,72.4002036199095,795,353,442
404,366885,69.5036842105263,60.5281578947368,74.3994258373206,646,228,418
405,367535,69.7781712062257,77.7154596100278,62.8619417475728,771,359,412
406,367744,71.6348757763975,74.791,68.5177160493827,966,480,486
407,368663,70.9490036014406,74.1542995169082,67.7819570405728,833,414,419
408,369640,79.5967027027027,71.1878934624697,90.217003058104,740,413,327
409,369960,78.3084583901773,74.6855696202532,82.5423076923077,733,395,338
410,371058,74.4654569892473,90.9814035087719,55.3644057971015,744,399,345
411,371578,82.7337483266399,83.4214248704663,81.9984487534626,747,386,361
412,371588,79.7473924050633,81.6511467889908,77.4026553672316,790,436,354
413,372474,56.2212017167382,44.445,65.3904580152672,699,306,393
414,373457,73.2471938168847,75.3986104783599,70.8977611940298,841,439,402
415,373506,71.3592781065089,70.9572131147541,71.77,845,427,418
416,374172,82.6983284457478,78.0398648648649,86.270621761658,682,296,386
417,377521,67.0436723163842,49.60016,82.5628113879004,531,250,281
418,378316,80.6719607843137,72.0113994169096,88.6788948787062,714,343,371
419,378758,80.1001013941698,80.0902517162471,80.1123295454545,789,437,352
420,380903,72.0498554216867,64.99,79.9001272264631,830,437,393
421,381132,83.4084734513274,77.6161506276151,89.9078403755869,904,478,426
422,382996,70.2219117647059,72.7726732673267,67.7206796116505,816,404,412
423,383591,73.1481018518518,74.6677333333333,71.4963285024155,864,450,414
424,383606,66.368869047619,70.3381102362205,61.1720274914089,672,381,291
425,383927,71.2486254295533,71.0993670886076,71.4259398496241,873,474,399
426,384479,75.1805805515239,78.3231280788177,70.6721908127208,689,406,283
427,384864,57.6728096118299,50.0027142857143,65.9012643678161,541,280,261
428,385360,79.6064127764128,73.1372911963883,87.3309973045822,814,443,371
429,385486,72.8324191461837,78.9243225806452,63.6352272727273,773,465,308
430,385545,74.1463454759107,75.5531111111111,72.567680798005,851,450,401
431,385555,77.1949357601713,79.0884057971014,75.1671175166297,934,483,451
432,388988,62.2484,53.578700265252,69.9752955082742,800,377,423
433,389557,71.2405882352941,72.1719877675841,70.1719298245614,612,327,285
434,390527,56.8872771474878,53.9788581314879,59.4498780487805,617,289,328
435,390595,74.937457002457,76.81,72.999375,814,414,400
436,390622,74.5258808618504,74.936511627907,74.1305721393035,789,387,402
437,392993,74.4430191693291,81.3467889908257,66.8927424749164,626,327,299
438,393054,85.6730070921986,83.926994047619,87.2628726287263,705,336,369
439,396618,80.5413659793814,76.8475862068966,84.5945405405405,776,406,370
440,396680,75.675842985843,72.3540172786177,80.573949044586,777,463,314
441,396711,70.8852071668533,73.208164556962,68.2573269689737,893,474,419
442,399742,56.8684490398818,36.6830115830116,69.3756937799043,677,259,418
443,399749,55.5891690544413,52.7349180327869,58.7357228915663,698,366,332
444,399822,64.10540302267,61.9170725388601,66.1757352941177,794,386,408
445,399833,61.0548457583548,60.528,61.557864321608,778,380,398
446,400091,74.1560081190798,74.3795592286501,73.9401861702128,739,363,376
447,400334,69.7509126466754,70.5093029490617,69.0329441624366,767,373,394
448,400521,68.5555117139334,65.8534146341463,71.3182543640898,811,410,401
449,401057,72.656453125,76.1920833333333,68.7486513157895,640,336,304
450,403536,62.707248603352,77.5833004926108,43.2244193548387,716,406,310
451,403710,74.4991404011461,82.6941758241758,65.5680239520958,698,364,334
452,404085,68.5350487804878,73.2854373522459,63.4735516372796,820,423,397
453,404433,87.5851034482759,83.6521875,92.8799029126214,725,416,309
454,404541,85.8106749311295,84.5381296758105,87.3808,726,401,325
455,404841,74.8773891625616,71.4825631768953,77.7098192771084,609,277,332
456,405001,69.3838623595506,65.5621148036254,72.7040682414698,712,331,381
457,405971,74.1031818181818,77.2585574572127,70.0320504731861,726,409,317
458,406741,83.8862404092072,89.8377005347594,78.4307352941176,782,374,408
459,407607,77.8235425383542,73.2716037735849,81.4514035087719,717,318,399
460,410198,64.4142727272727,70.3596867469879,57.464,770,415,355
461,410966,70.5336607142857,80.2246892655367,59.745534591195,672,354,318
462,412941,36.6223339317774,44.9499674267101,26.396,557,307,250
463,413269,65.8447102342787,68.5220823244552,63.066432160804,811,413,398
464,413377,84.4000139275766,91.3783333333333,77.8366216216216,718,348,370
465,416443,75.6764221364221,73.5994666666667,77.6138805970149,777,375,402
466,416776,66.4199120234604,69.0329441624366,62.8451388888889,682,394,288
467,416950,71.3520822281167,68.8175561797753,73.6191457286432,754,356,398
468,416981,58.876409921671,56.500875,61.4726229508197,766,400,366
469,417582,71.0967883211679,75.7107547169811,63.6013026819923,685,424,261
470,418755,72.8551800554017,62.6378021978022,83.2437988826816,722,364,358
471,421428,84.9335302806499,81.5007514450867,88.5218731117825,677,346,331
472,422441,69.9518600953895,79.8840233236152,58.0402097902098,629,343,286
473,424119,79.5836410923277,85.1852380952381,74.1682864450128,769,378,391
474,424183,81.7838242894057,85.3161265822785,78.102401055409,774,395,379
475,425639,82.471935483871,90.06,75.0730470914127,713,352,361
476,426370,72.1165796703297,70.2852857142857,73.8122222222222,728,350,378
477,426480,92.6450777934936,89.4465171503958,96.3409756097561,707,379,328
478,427195,75.6792,84.6157417582418,63.2159770114942,625,364,261
479,427403,75.0882129963899,78.7774418604651,69.0449047619048,554,344,210
480,429152,78.7825585023401,75.7541414141414,81.3972093023256,641,297,344
481,429474,76.67625,75.6472727272727,77.5869540229885,656,308,348
482,429780,63.050393081761,46.7481707317073,73.3333333333333,636,246,390
483,433761,77.7774338624339,78.6080748663102,76.9641884816754,378,187,191
484,435741,11.6738170347003,16.0032,7.7851497005988,317,150,167
485,436317,33.3316438356164,42.0565420560748,24.99625,219,107,112
486,436499,59.244679245283,58.1401550387597,60.2923529411765,265,129,136
487,436529,56.0132706766917,60.3583783783784,52.9016129032258,266,111,155
488,436939,52.9827719298246,31.3705882352941,65.0289071038251,285,102,183
489,437365,59.2478056426332,67.3913043478261,53.0389502762431,319,138,181
490,438701,59.5146460176991,64.3179668049793,54.0283886255924,452,241,211
491,443443,78.4581672025723,72.594578313253,85.1709655172414,622,332,290
492,444477,70.0429809104259,64.06321875,75.3436011080332,681,320,361
493,445169,75.2433426573427,74.5132409972299,75.9878813559322,715,361,354
494,445292,68.0814039735099,65.07064,71.0525526315789,755,375,380
495,445350,71.3115862068965,72.0963081395349,70.6030708661417,725,344,381
496,445379,74.09715855573,75.6183950617284,72.5224600638978,637,324,313
497,445462,67.794962406015,71.9551463414634,63.3988917525773,798,410,388
498,445473,51.4664820846906,56.2076470588235,46.7561038961039,614,306,308
499,445773,68.7155446927374,75.3993386243386,61.2407692307692,716,378,338
500,446075,71.7764570552147,78.3943827160494,65.2392378048781,652,324,328
501,446080,63.0991881918819,50.2745856353591,69.5292520775623,542,181,361
502,447798,62.7126218708827,73.1977419354839,50.8432303370787,759,403,356
503,447830,74.8990836653386,76.5131818181818,73.1086554621849,753,396,357
504,449284,71.3037117346939,75.2109470752089,68.0032470588235,784,359,425
505,451886,81.4515479115479,80.0490973871734,82.9539185750636,814,421,393
506,451908,77.4011948051948,78.4524590163934,76.0924781341108,770,427,343
507,453463,73.3044303797468,75.5408441558442,70.7657985257985,869,462,407
508,453482,69.337528604119,71.5540086206896,66.8291219512195,874,464,410
509,453814,69.9057006369427,71.2292307692308,68.2285920577617,628,351,277
510,454720,59.9310269360269,56.3162815884477,63.0896529968454,594,277,317
511,454964,71.3363704630789,73.2645544554455,69.364253164557,799,404,395
512,455051,68.6907586206897,65.4163157894737,70.5883660130719,725,266,459
513,455057,62.5492563081009,60.487756097561,65.0134402332362,753,410,343
514,455273,69.9301061320755,63.4547208121827,75.5497136563877,848,394,454
515,455378,69.1560199004975,64.724923857868,73.4141951219512,804,394,410
516,455860,77.9612242268041,84.2782460136674,69.7322255192878,776,439,337
517,458563,27.7594076655052,32.2976555023924,23.4772686230248,861,418,443
518,460501,75.3730321782178,75.9833578431373,74.7505,808,408,400
519,461351,74.7536691542288,75.0656608478803,74.4432258064516,804,401,403
520,461701,83.6446417445483,77.9060906515581,90.6540138408305,642,353,289
521,461814,32.1079135135135,35.4900588235294,27.9515421686747,925,510,415
522,462140,78.1276913730255,76.2516438356164,80.262,823,438,385
523,462365,58.1639941690962,52.5772899728997,64.6671293375394,686,369,317
524,462737,78.867285012285,78.9450114416476,78.7771883289125,814,437,377
525,464168,65.3326533523538,69.8183887468031,59.6748387096774,701,391,310
526,464974,66.5182456140351,69.4544343891403,61.1554545454545,684,442,242
527,466934,83.2888005390836,82.9572681704261,83.6744606413994,742,399,343
528,472574,75.5760561056106,76.8167924528302,73.6172765957447,606,371,235
529,475368,68.7982864450128,72.385,64.6369060773481,391,210,181
530,475539,70.4713151364764,70.4730476190476,70.4694300518135,403,210,193
531,475822,78.0667924528302,79.4756331877729,76.4123076923077,424,229,195
532,476154,51.9894318181818,71.74,30.3578571428571,352,184,168
533,477023,44.686125,47.7278409090909,40.9684722222222,320,176,144
534,477252,73.1968041237113,74.9995,70.9950381679389,291,160,131
535,477409,69.8063529411765,76.3788188976378,63.285234375,255,127,128
536,477424,65.0874568965517,70.9686290322581,58.335,232,124,108
537,477611,74.2977108433735,82.3943661971831,63.5526168224299,249,142,107
538,478661,30.1056989247312,17.6452941176471,45.2361904761905,186,102,84
539,479259,39.8050970873786,48.0756730769231,31.3723529411765,206,104,102
540,479267,25.0009615384615,24.3482608695652,25.808064516129,208,115,93
541,479467,67.1492270531401,69.23,65.0482524271845,207,104,103
542,479910,72.4755963302752,71.7160606060606,73.1074789915967,218,99,119
543,480025,64.6165128205128,65.3071428571429,63.9187628865979,195,98,97
544,480653,61.0165254237288,47.8293043478261,73.5498347107438,236,115,121
545,481323,66.0243629343629,59.8195535714286,70.7518367346939,259,112,147
546,481422,68.5469758064516,67.48,69.59688,248,123,125
547,481971,69.6714344262295,66.0395283018868,72.4611594202898,244,106,138
548,482023,61.2634782608696,61.605625,60.9917021276596,253,112,141
549,482221,64.0698268398268,61.6170707070707,65.909393939394,231,99,132
550,482363,61.8458634538153,63.9968,60.4022818791946,249,100,149
551,482473,70.6597520661157,78.859512195122,62.1843697478992,242,123,119
552,482894,66.0696785714286,71.7554198473282,61.0708053691275,280,131,149
553,482967,46.4425468164794,60.5836496350365,31.54,267,137,130
554,483145,51.4868936170213,48.5960747663551,53.9034375,235,107,128
555,483712,55.3270103092784,49.2445454545455,60.3766037735849,291,132,159
556,483974,63.7785826771653,73.2861643835616,50.9257407407407,254,146,108
557,483994,66.2246822742475,75.2982941176471,54.2672093023256,299,170,129
558,484507,69.3007902735562,74.999011627907,63.058152866242,329,172,157
559,484535,58.768474025974,47.105,68.2364705882353,308,138,170
560,484649,69.5923099415205,66.0396226415094,72.6790710382514,342,159,183
561,485293,74.3592051282051,78.2394444444444,69.5423563218391,390,216,174
562,485989,60.2164782608696,58.1832727272727,62.08025,460,220,240
563,486142,65.1341127348643,63.178023255814,67.4176923076923,479,258,221
564,488369,67.1751975683891,62.7318787878788,71.6456097560976,658,330,328
565,490870,81.6109574468085,81.4600561797753,81.7888410596026,658,356,302
566,490975,66.7234655172414,53.6042268041237,79.9334948096886,580,291,289
567,492482,73.3950357142857,84.2306451612903,62.6365480427046,560,279,281
568,493309,67.2247300771208,67.2389975550122,67.2089159891599,778,409,369
569,494460,79.6214847161572,77.3718248175182,82.9715217391304,687,411,276
570,496111,79.1363165467626,82.013651226158,75.9168597560976,695,367,328
571,496874,61.2482964889467,75.765,39.87,769,458,311
572,497012,78.3705073431242,73.935,82.8416890080429,749,376,373
573,497251,41.5249611197512,18.5181481481481,64.8923824451411,643,324,319
574,498856,68.8566759776536,57.803063583815,79.1932972972973,716,346,370
575,499013,59.8329496402878,60.5322760290557,59.1469121140142,834,413,421
576,499056,58.9915258855586,50.1372980501393,67.4679733333333,734,359,375
577,499101,72.7269421487603,73.6049068322981,72.0271782178218,726,322,404
578,499420,73.9064071038251,77.308944591029,70.2532577903683,732,379,353
579,499591,71.9653214285714,80.3767289719626,60.6679916317992,560,321,239
580,501895,80.193456284153,84.1186176470588,76.7889795918367,732,340,392
581,502557,74.344416909621,78.2223006134969,70.8327777777778,686,326,360
582,502917,75.1474112426036,83.9225068119891,64.7252103559871,676,367,309
583,507157,58.8554857142857,67.3483529411765,50.8344444444445,700,340,360
584,509700,68.9141371158392,66.3522274881517,71.463962264151,846,422,424
585,511191,76.1732073310424,79.957805907173,71.6772180451128,873,474,399
586,511831,82.9710791366906,86.7492307692308,78.14,834,468,366
587,514092,65.3480627557981,69.5753174603175,60.8469295774648,733,378,355
588,515320,45.7672307692308,25.0988844621514,65.0525650557621,520,251,269
589,517055,73.5766761363636,62.1683552631579,82.247,704,304,400
590,518291,83.9739484978541,77.8781308411215,89.1505555555556,699,321,378
591,518405,76.4915756035578,83.8463895486936,68.0315300546448,787,421,366
592,519801,80.2705882352941,82.9778723404255,77.356641221374,816,423,393
593,519838,81.4241061452514,82.7474663072776,80.0010144927536,716,371,345
594,519882,86.2363594994312,88.3423766816143,84.0671131639723,879,446,433
595,519939,75.1100881057269,73.6370806100218,76.6159020044543,908,459,449
596,520236,63.6473806609547,78.1118894009217,47.2567885117493,817,434,383
597,520509,85.5225469168901,82.8506976744186,87.8089054726368,746,344,402
598,521040,83.7450409356725,84.9424,82.5616046511628,855,425,430
599,522195,78.6141445427729,83.4206842105263,72.485,678,380,298
600,522560,73.065953038674,83.1169155844156,65.624375,724,308,416
601,523076,80.1675211608222,73.1972208436724,86.7925943396226,827,403,424
602,525271,75.1320634920635,58.5143034055728,87.5282217090069,756,323,433
603,525310,79.7302364864865,71.3970432692308,87.0747457627119,888,416,472
604,527601,81.6349407582938,79.3344,84.262461928934,844,450,394
605,529055,78.8236470588235,67.7415249266862,89.9711504424779,680,341,339
606,533968,86.8673342002601,80.7698626373626,92.3475308641975,769,364,405
607,535221,78.1943984962406,75.4940563380282,80.3583295711061,798,355,443
608,535323,83.9414692482916,84.0421197007481,83.856855345912,878,401,477
609,535470,79.9776109215017,78.404014084507,81.457417218543,879,426,453
610,536472,70.0372651605232,68.649176201373,71.5387376237624,841,437,404
611,537801,85.7337819650067,82.0413136729223,89.4561891891892,743,373,370
612,538081,46.6465013404826,50.9084415584416,42.1012188365651,746,385,361
613,540106,80.1023954372624,80.5205974025974,79.7038613861386,789,385,404
614,540238,75.7236279683377,77.775,73.2548255813953,758,414,344
615,542301,72.4562162162162,75.6920833333333,68.404347826087,777,432,345
616,542497,75.9005446118192,79.6313657407407,72.1610672853828,863,432,431
617,542603,73.2578833967047,76.5633333333333,70.1238271604938,789,384,405
618,542612,77.0286310904873,77.7495784543325,76.3209425287356,862,427,435
619,544561,80.0871742313324,82.99,76.269220338983,683,388,295
620,544972,73.6164516129032,73.1155778894472,74.0405957446809,868,398,470
621,546233,75.3849090909091,72.3050490196078,79.478013029316,715,408,307
622,546699,75.129378238342,81.33995215311,67.795988700565,772,418,354
623,546805,81.5024667472793,81.5044,81.5006557377049,827,400,427
624,547159,80.2017360114778,79.1122841225627,81.358875739645,697,359,338
625,547562,60.4248036253776,52.6964071856287,68.2945731707317,662,334,328
626,547804,75.9808746736292,81.6158690176322,69.9182926829268,766,397,369
627,549686,74.3515279672578,77.776783625731,71.3555242966752,733,342,391
628,549983,66.8132448377581,67.1214130434783,66.4474193548387,678,368,310
629,550289,77.3481993204983,75.4606944444444,79.1561862527716,883,432,451
630,551789,80.3354498714653,82.0685517241379,78.1374927113703,778,435,343
631,552706,69.8335107731305,73.105953002611,66.7464532019704,789,383,406
632,552922,73.6211424541608,76.6910298102981,70.2894117647059,709,369,340
633,553686,77.1636057692308,71.067893258427,81.7225840336134,832,356,476
634,556379,68.0041605839416,68.8420289855072,67.1539705882353,822,414,408
635,556924,75.582338501292,73.5162557077626,78.275625,774,438,336
636,559463,77.7761111111111,73.1080952380952,81.6071034482759,792,357,435
637,559818,57.501025,50.6495865633075,63.9211380145278,800,387,413
638,559945,77.6158145695364,78.2602813299233,76.923543956044,755,391,364
639,561595,83.9865730337079,76.944025974026,89.3556435643564,712,308,404
640,561784,64.4384068278805,68.0649883449883,58.7602919708029,703,429,274
641,563125,80.4536040609137,77.7746031746032,82.9235121951219,788,378,410
642,564147,72.4400393700787,67.5891412742382,76.8070573566085,762,361,401
643,564639,77.9060610465116,75.8923809523809,79.8282102272727,688,336,352
644,565474,68.5784876140808,64.3240540540541,72.5435768261965,767,370,397
645,565609,70.2901811594203,68.002125,72.4285514018692,828,400,428
646,565634,73.2621850899743,70.6341828254848,75.5372661870504,778,361,417
647,565698,76.5077920410783,74.5574559193955,78.5347120418848,779,397,382
648,565880,70.4550267379679,66.9534472934473,73.5508816120907,748,351,397
649,567070,78.1451,76.2784984984985,79.8387738419619,700,333,367
650,567878,86.9444510385757,82.4594152046784,91.564578313253,674,342,332
651,568003,69.7525266903915,51.3715753424658,89.6311851851852,562,292,270
652,568137,63.411196698762,58.5906478873239,68.0114516129032,727,355,372
653,568257,72.2587933425798,63.8149572649573,80.269027027027,721,351,370
654,568378,81.2602937062937,82.5857865168539,79.9458774373259,715,356,359
655,568466,75.4778434268833,83.6094444444444,66.2432176656151,677,360,317
656,568739,69.3131493943472,60.0612460063898,76.0476744186047,743,313,430
657,568954,75.2271230769231,68.9623510971787,81.2647734138973,650,319,331
658,569395,59.5639585870889,36.615,78.024,821,366,455
659,569716,82.796993006993,81.3370194986072,84.2692696629213,715,359,356
660,570233,73.9259240924092,77.9316201117318,68.1435080645161,606,358,248
661,571082,77.0937922403004,73.5125742574257,80.7566075949367,799,404,395
662,571789,73.6069186875892,70.2098936170213,77.5370153846154,701,376,325
663,573233,65.0096029776675,60.7771688311688,68.8801187648456,806,385,421
664,575659,72.5678597785978,66.8346075949367,77.9856459330144,813,395,418
665,576079,76.4917543859649,70.4324519230769,82.2335990888383,855,416,439
666,578283,77.3923760092272,74.8810465116279,79.8634782608696,867,430,437
667,578681,81.0055021834061,79.7496033402923,82.3821052631579,916,479,437
668,581700,86.9104936854191,84.245,89.6067667436489,871,438,433
669,582069,68.5665533980582,70.9712682926829,66.1850724637681,824,410,414
670,582090,66.1207201309329,68.791711409396,63.577731629393,611,298,313
671,582827,75.2876568501921,65.1738258575198,84.8228358208955,781,379,402
672,584678,67.9830346475508,61.7040898345154,74.3984782608696,837,423,414
673,584707,72.2374620390456,68.2843612334802,76.0723076923077,922,454,468
674,585733,73.5963775510204,67.3700938967136,81.0053072625698,784,426,358
675,586027,67.1988621151272,59.1405714285714,74.3031486146096,747,350,397
676,587567,72.6586891385768,69.2310256410256,75.3322666666667,801,351,450
677,587755,70.3747658079625,64.8357855361596,75.2779249448124,854,401,453
678,587831,52.7394657534247,67.0867341772152,35.8225373134328,730,395,335
679,588461,79.9130410654828,71.5971131639723,87.6070512820513,901,433,468
680,588975,78.7357827102804,76.7517324561404,80.9976,856,456,400
681,589210,52.3822380952381,43.6653,60.3067272727273,630,300,330
682,593598,67.1773199527745,68.6918468468468,65.5087096774194,847,444,403
683,595273,67.3871265678449,62.891686746988,71.4252380952381,877,415,462
684,595822,84.2184833538841,90.1142372881356,79.6515317286652,811,354,457
685,596050,78.4766978609626,80.9394778067885,75.8924657534247,748,383,365
686,596071,83.5604054054054,85.3375,81.9941525423729,888,416,472
687,596134,81.1466522210184,84.0750819672131,78.6256048387097,923,427,496
688,597418,67.0626159334126,73.8184788029925,60.9055681818182,841,401,440
689,597656,81.3211252900232,87.8625593667546,76.188198757764,862,379,483
690,597821,76.2474465558195,76.393925729443,76.128688172043,842,377,465
691,599718,81.2594316807739,74.8084061696658,86.9887671232877,827,389,438
692,600607,76.9335021097046,73.5012302839117,79.695,711,317,394
693,600914,66.4340699300699,67.7243650793651,64.9867952522255,715,378,337
694,601175,73.0015411355736,69.9287828162291,75.9012837837838,863,419,444
695,605358,86.874912891986,90.4642572062084,82.9266341463415,861,451,410
696,610842,83.47027100271,88.1697464788732,79.1143603133159,738,355,383
697,612261,73.5122403733956,75.0566666666667,71.875,857,441,416
698,612732,83.1870828182942,77.8917894736842,87.8775524475524,809,380,429
699,612916,87.8593290734824,82.2729639889197,95.4694339622642,626,361,265
700,613109,70.4763091922006,68.2600561797753,72.6558287292818,718,356,362
701,614126,75.3551184834123,75.2229910714286,75.504595959596,844,448,396
702,615791,73.4768401015228,69.087123655914,77.4022596153846,788,372,416
703,615847,65.458793911007,62.1141007194245,68.6504118993135,854,417,437
704,617649,81.1884724186704,77.3720489296636,84.4726052631579,707,327,380
705,618289,85.0472794117647,85.0917431192661,84.9962631578947,816,436,380
706,618669,78.9711764705882,65.9077922077922,89.7870967741936,680,308,372
707,619726,52.681072386059,50.9867605633803,54.2193861892583,746,355,391
708,621140,78.1628784119107,68.4783152173913,86.2996803652968,806,368,438
709,621620,81.2679456193354,72.9465349544073,89.4893993993994,662,329,333
710,622199,77.6100107642626,78.9833185840708,76.308679245283,929,452,477
711,623334,62.8179060913706,65.4166219839142,60.4821927710843,788,373,415
712,625739,76.0810409745293,68.6204215456674,82.7736554621849,903,427,476
713,625818,76.9997777777778,80.7125786163522,72.8130023640662,900,477,423
714,626625,2.22176015473888,3.00320641282565,1.49289719626168,1034,499,535
715,626956,71.5600667556742,77.283296398892,66.2351030927835,749,361,388
716,627043,76.3524284199364,80.680127388535,72.0338983050847,943,471,472
717,627714,83.5537363966143,83.0242440318302,83.9973333333333,827,377,450
718,627740,84.8125030376671,89.7410978520286,79.7009158415841,823,419,404
719,627768,79.193970917226,84.8754401805869,73.6132815964523,894,443,451
720,627933,77.6626844262295,77.7041041666667,77.6226008064516,976,480,496
721,628047,83.4623772609819,85.4708474576271,81.1645983379501,774,413,361
722,628067,78.4448840381992,69.185,86.6335732647815,733,344,389
723,629160,58.6060620155039,36.5702265372168,78.8711607142857,645,309,336
724,633244,83.2845389048991,77.6220718232044,89.4586746987952,694,362,332
725,633343,75.5890683962264,76.105,75.0001767676768,848,452,396
726,634009,71.686919592299,62.6188571428571,79.912807775378,883,420,463
727,634045,81.1913177470776,81.2380170575693,81.1449152542373,941,469,472
728,634366,81.9766583229036,82.3050769230769,81.6634963325183,799,390,409
729,634660,84.5837935656836,81.6945537757437,88.6698705501618,746,437,309
730,635025,81.8412413793103,76.4458666666667,87.622,870,450,420
731,635556,89.4246474358974,95.342298136646,83.1150993377483,624,322,302
732,635964,82.4934482758621,78.194962406015,87.3247042253521,754,399,355
733,637613,75.4341965471448,70.3061421319797,81.0622005571031,753,394,359
734,638686,83.5813432835821,83.9368950749465,83.0886350148368,804,467,337
735,639838,81.4602631578947,78.432091503268,85.1470822281167,836,459,377
736,640596,72.9918393480792,67.884715261959,78.33,859,439,420
737,641045,74.0334782608696,61.4272,83.2640167364017,828,350,478
738,641537,61.1724734042553,21.6663333333333,79.6909765625,752,240,512
739,642444,43.2303692307692,37.2898983050847,48.1668169014085,650,295,355
740,643951,78.2203169734151,76.3700632911392,79.9604365079365,978,474,504
741,645853,80.7029284750337,80.9554212454212,80.555641025641,741,273,468
742,646624,76.5293995633188,73.9979704016913,79.2322573363431,916,473,443
743,647048,87.2537132352941,88.2491574279379,86.0237260273973,816,451,365
744,647207,72.443285198556,71.5016030534351,73.2882191780822,831,393,438
745,647398,74.5647816593886,72.8419157894737,76.4204761904762,916,475,441
746,647597,78.0083698030634,81.5848822269807,74.2718344519016,914,467,447
747,647619,76.9155663430421,74.1144258872651,79.9105357142857,927,479,448
748,647666,73.4563055254605,73.63365234375,73.2353771289538,923,512,411
749,648323,76.4105643340858,74.6049662921348,78.2325396825397,886,445,441
750,648463,71.6169306930693,72.3258490566038,70.8341666666667,909,477,432
751,652762,66.3661726804124,48.9738709677419,80.0001379310345,776,341,435
752,655075,69.8912068965517,62.7528445747801,75.7851089588378,754,341,413
753,655780,78.5786245772266,76.0534146341463,81.1907110091743,887,451,436
754,656082,81.0894066749073,81.8682417582418,80.4523370786517,809,364,445
755,656352,80.8405180722892,77.033037037037,84.4688235294118,830,405,425
756,656812,70.6601622971286,61.1910746268657,77.467339055794,801,335,466
757,657276,76.4615084525358,77.3466850828729,75.6742014742015,769,362,407
758,658561,73.699794520548,74.1674936061381,73.1603539823009,730,391,339
759,658582,77.0569061413673,78.7337556561086,75.2964133016627,863,442,421
760,659014,77.6854532775453,75.5239104477612,79.5810471204188,717,335,382
761,659155,76.8220961775586,71.3663636363636,83.2925067385445,811,440,371
762,659320,79.8187917737789,74.9374701670644,85.5159331476323,778,419,359
763,659533,82.5156477987421,76.4193668122271,90.8008011869436,795,458,337
764,660586,72.9500863309353,64.2018934911243,81.2326890756302,695,338,357
765,661097,81.1850638792102,80.6890343347639,81.770253164557,861,466,395
766,662390,85.5561623108666,79.755,90.272319201995,727,326,401
767,662442,83.2731528279182,80.7941920374707,85.8932425742574,831,427,404
768,662577,86.6147384615385,80.6331428571429,92.239223880597,650,315,335
769,663806,88.1420618556701,89.9188888888889,86.3743701799486,776,387,389
770,664148,80.5043368700265,76.6951327433628,83.6159518072289,754,339,415
771,664994,78.9794012738854,83.5242105263158,73.2722701149425,785,437,348
772,665039,84.5252380952381,85.3729787234043,83.4483783783784,672,376,296
773,665846,37.6464705882353,33.6458411214953,41.703981042654,850,428,422
774,666152,68.9069887955182,73.7466371681416,64.5319466666667,714,339,375
775,667485,89.2522630834512,82.4644,95.027277486911,707,325,382
776,667662,79.123530927835,74.6232663316583,83.8619047619048,776,398,378
777,667879,79.6247826086957,78.5696551724138,80.6984210526316,805,406,399
778,668423,84.4954492753623,87.0412037037037,80.2327906976744,690,432,258
779,668638,82.7882914572864,77.0247519582245,88.1331719128329,796,383,413
780,670398,84.6375072463768,85.5755737704918,83.8943636363636,690,305,385
781,670512,76.3276086956522,80.7190582959641,71.2004188481675,828,446,382
782,671387,81.0649608763693,84.1740137614679,74.3873891625616,639,436,203
783,671495,78.5892443324937,80.6262303664922,76.7005825242718,794,382,412
784,672560,83.33125,80.8592452830189,85.79,744,371,373
785,672955,84.2181888745149,82.1984293193717,86.1914578005115,773,382,391
786,673019,72.6720679468242,70.3570658682635,74.9263265306122,677,334,343
787,673302,83.5954676258993,86.57,80.5778260869565,695,350,345
788,674344,77.50165,78.8537275985663,76.3264797507788,600,279,321
789,675948,80.2381785714286,84.2351058823529,76.1449397590361,840,425,415
790,677757,74.1086821705426,61.4856537102474,83.9769613259669,645,283,362
791,678715,73.3182526564345,69.8748148148148,76.4734389140271,847,405,442
792,678857,78.9158525345622,70.0216786570743,87.139512195122,868,417,451
793,679446,80.3542857142857,80.7108333333333,79.8680844155844,728,420,308
794,680223,75.3437729357798,74.0666593406593,76.7372661870504,872,455,417
795,680554,56.3593184796854,70.1898591549296,38.8762017804154,763,426,337
796,680766,62.1167548746518,68.5731168831169,54.6521921921922,718,385,333
797,680987,80.7028705882353,82.2522338204593,78.7024797843666,850,479,371
798,681050,74.1735218783351,76.3092427184466,71.5671327014218,937,515,422
799,681232,86.6161003861004,87.4353664921466,85.8237974683544,777,382,395
800,682179,86.1378196500673,84.711359223301,87.9133534743202,743,412,331
801,683005,77.5447904191617,77.8075280898876,77.245,668,356,312
802,683433,69.9459568733154,66.4116666666667,73.9909826589595,742,396,346
803,684619,64.1940513552069,67.258578680203,60.2610749185668,701,394,307
804,685708,83.0139518072289,86.6956652360515,78.3005494505495,830,466,364
805,686215,59.7708248914617,47.853553008596,71.9320175438596,691,349,342
806,686361,88.5766783216783,89.3817834394904,87.5968217054264,858,471,387
807,686515,82.9141577060932,86.343025210084,78.3929916897507,837,476,361
808,687054,74.6562947658402,77.7192307692308,71.3476217765043,726,377,349
809,687070,80.4481496062992,80.705,80.0653921568627,762,456,306
810,688393,83.0149315068493,87.5650259067357,77.9093023255814,730,386,344
811,689241,81.3669168900804,75.3814285714286,86.0892805755396,746,329,417
812,690470,79.4861277173913,72.4771559633027,85.0898777506113,736,327,409
813,691661,52.4292194403535,64.6,36.2987671232877,679,387,292
814,692418,86.1597557666214,83.4156783919598,89.3814159292035,737,398,339
815,692439,87.0202781456954,82.0116931216931,92.0421485411141,755,378,377
816,692542,77.1528225806452,73.4528039702233,81.5255718475073,744,403,341
817,692697,78.515867768595,78.2852941176471,78.7675061728395,847,442,405
818,692891,73.1506676342525,72.6286592178771,73.7152567975831,689,358,331
819,693483,75.33,71.590625,80.553253968254,604,352,252
820,694314,81.622527027027,79.3672222222222,83.9775138121547,740,378,362
821,694962,78.1004617414248,86.5168089887641,66.1347284345048,758,445,313
822,695022,80.7851909307876,82.9970469798658,78.256547314578,838,447,391
823,696932,75.0310167310167,66.12043715847,82.9659854014599,777,366,411
824,696974,71.9761916167665,62.23859375,80.2671840354767,835,384,451
825,698538,69.9851612903226,67.7798711340206,72.6179384615385,713,388,325
826,698772,68.9001896333755,52.0823214285714,81.3195384615385,791,336,455
827,699743,67.3471174863388,45.9679104477612,85.3875062972292,732,335,397
828,700384,82.8081364829396,85.5526666666667,80.3503482587065,762,360,402
829,703754,64.2934473324213,53.9270731707317,74.8602762430939,731,369,362
830,704075,74.156834625323,77.1806796116505,70.7153314917127,774,412,362
831,704799,83.2616309012875,82.2843243243243,84.1508196721311,699,333,366
832,707652,81.2938129496403,76.8541839762611,85.4730167597765,695,337,358
833,710127,76.401862244898,68.8742939481268,82.3791304347826,784,347,437
834,710419,68.8660686015831,69.5634782608696,68.208,758,368,390
835,711423,74.9390556900726,77.8063007159904,71.9872727272727,826,419,407
836,712957,63.4569331158238,62.8997177419355,63.8355342465753,613,248,365
837,713385,25.4579054779807,29.2598321342926,22.3734630350195,931,417,514
838,718891,81.1081107954546,74.3050464396285,86.8755380577428,704,323,381
839,720381,72.1190706806283,73.5399164345404,70.8596049382716,764,359,405
840,721324,72.6292105263158,70.5081233243968,74.6735658914729,760,373,387
841,721869,80.4272654155496,80.1629891304348,80.6845502645503,746,368,378
842,722003,81.071984036488,86.7557534246575,75.4011617312073,877,438,439
843,722684,85.1706299212598,86.0026717557252,84.2844715447154,762,393,369
844,723368,89.1950420168067,89.8959595959596,88.559885583524,833,396,437
845,725283,82.4900483091787,87.1073684210526,78.5735714285714,828,380,448
846,727957,84.588076433121,88.2894,81.61,785,350,435
847,729046,73.9503361344538,71.1466386554622,76.0531092436975,833,357,476
848,729124,77.9323724137931,85.1479310344828,70.1155172413793,725,377,348
849,729709,76.9031096774194,80.4264220183486,74.33140625,775,327,448
850,729997,73.6032790697674,71.786880733945,75.4710849056604,860,436,424
851,730787,80.5848175182482,78.6082216494845,83.167037037037,685,388,297
852,731802,73.1473902132999,75.5920379146919,70.3963466666667,797,422,375
853,731809,71.3885967302452,74.1748101265823,68.1421238938053,734,395,339
854,735153,54.6060301507538,38.401825095057,67.365628742515,597,263,334
855,735179,45.7461316211878,27.1679479768786,68.9520938628159,623,346,277
856,736514,69.1944736842105,72.1002194357367,66.3598165137615,646,319,327
857,736693,83.33150997151,87.7664220183486,79.4642666666667,702,327,375
858,738020,8.86771043771044,7.332,10.4347619047619,891,450,441
859,738031,3.32146620847652,3.92009216589862,2.7296583143508,873,434,439
860,741118,75.3479247910863,87.7238023952096,64.5834895833333,718,334,384
861,741753,59.8618027210884,70.1305369127517,49.3097931034483,588,298,290
862,741906,78.0685117493473,85.8495683453237,68.7713753581662,766,417,349
863,743965,85.2474098360656,86.1605250596659,84.4760483870968,915,419,496
864,745091,76.922736443884,76.8312765957447,77.0272972972973,793,423,370
865,746134,79.9475438596491,75.1166666666667,85.4796774193548,798,426,372
866,747067,77.7504987212276,75.1187209302326,80.9654545454545,782,430,352
867,747805,68.1509900990099,69.4908474576271,66.2688095238095,606,354,252
868,749155,74.3547965474723,74.3441726618705,74.3660406091371,811,417,394
869,749172,73.7968187744459,72.5799445983379,74.8788177339901,767,361,406
870,749476,85.4430204081633,87.0996774193548,84.2346352941177,735,310,425
871,751288,76.6470419161677,78.4474,74.5427272727273,835,450,385
872,751891,87.2236401098901,82.5197421203438,91.5551978891821,728,349,379
873,754362,72.3913804173355,66.875,78.2172607260726,623,320,303
874,754484,50.4608615384615,69.1907070707071,21.26,650,396,254
875,755730,77.0698816568047,77.6952941176471,76.1177611940298,676,408,268
876,756959,72.5118093922652,70.6380813953488,74.2080263157895,724,344,380
877,757038,56.5503448275862,47.869609929078,64.765,580,282,298
878,757217,66.0802055800294,73.9925077399381,58.9414525139665,681,323,358
879,757228,62.5540673211781,67.4634920634921,57.0144776119403,713,378,335
880,757246,47.6718259803922,44.4458628841608,51.1440458015267,816,423,393
881,757669,76.759856527977,83.3821126760563,69.8858771929824,697,355,342
882,757717,89.4649674902471,89.4829230769231,89.4464907651715,769,390,379
883,757751,82.5006666666667,82.19,82.8557142857143,600,320,280
884,757945,77.7803797468354,80.55875,74.9307692307692,711,360,351
885,758202,80.8665943012212,82.22,79.5742175066313,737,360,377
886,758455,55.3346951219512,53.8432891246684,57.3499641577061,656,377,279
887,760213,86.56103125,80.9525210084034,93.6360777385159,640,357,283
888,761057,79.6636302521008,76.2833333333333,83.3903180212014,595,312,283
889,762598,73.6716784452297,59.615,81.838687150838,566,208,358
890,762712,82.8323539823009,83.5774486803519,81.6980803571429,565,341,224
891,762938,81.3277314814815,83.1958536585366,78.8569892473118,648,369,279
892,765626,83.2805081967213,83.285896656535,83.2741992882562,610,329,281
893,766270,79.0243131462334,79.0309677419355,79.0161967213115,677,372,305
894,766321,80.1092729766804,81.3956330749354,78.6536549707602,729,387,342
895,766822,79.3499223602485,76.3508383233533,82.5811935483871,644,334,310
896,767518,51.8596900826446,63.2108695652174,33.5137297297297,484,299,185
897,767859,84.9689715189873,83.6818694362018,86.4393220338983,632,337,295
898,768570,85.4878053097345,81.2288737201365,90.0755514705883,565,293,272
899,770753,76.60032,79.8523880597015,72.8436206896552,500,268,232
900,770970,55.9417249417249,51.5240076335878,62.8725149700599,429,262,167
901,771013,62.2832009925558,57.1432653061225,67.15,403,196,207
902,771322,62.0100279329609,72.2456828193833,44.2734351145038,358,227,131
903,771612,60.9289069767442,56.8053521126761,64.9764516129032,430,213,217
904,772627,61.0192937853107,65.5593333333333,56.3227011494253,354,180,174
905,773991,57.1898630136986,46.3730434782609,66.8828571428571,292,138,154
906,774067,86.3474061433447,89.3414754098361,84.2112865497076,293,122,171
907,774787,89.5598653198653,95.4940540540541,86.0184946236559,297,111,186
908,775277,81.8183116883117,83.6165536723164,80.2880769230769,385,177,208
909,776273,57.8949373433584,58.9389371980676,56.769375,399,207,192
910,776478,81.4555112651646,85.3734693877551,77.3852650176678,577,294,283
911,777696,80.2822735346359,80.1763905325444,80.4413333333333,563,338,225
912,778179,78.7611842105263,83.2815737704918,72.6875330396476,532,305,227
913,780053,69.0406456953642,76.0511650485437,61.6974237288136,604,309,295
914,780171,83.0352212389381,83.4665840220386,82.538126984127,678,363,315
915,780940,59.237530224525,43.6485714285714,71.2510397553517,579,252,327
916,780947,72.8898538961039,75.1384357541899,69.7697286821705,616,358,258
917,781160,82.7033278418451,77.9820183486239,88.2171428571429,607,327,280
918,782319,80.5668338557994,77.7802564102564,83.9748083623693,638,351,287
919,784201,76.6933463541667,76.2961728395062,77.1364738292011,768,405,363
920,784470,83.3318413978495,81.9707451923077,85.0581097560976,744,416,328
921,785624,77.913922356091,79.0720930232558,76.6688888888889,747,387,360
922,785898,82.6654370370371,90.2340105540897,72.9745945945946,675,379,296
923,787055,80.5729898648649,74.2231366459627,88.1457777777778,592,322,270
924,789113,85.2981830790569,87.9360053619303,82.4708620689655,721,373,348
925,789401,82.6023505976096,83.284904109589,81.9602577319588,753,365,388
926,789706,78.0431367628607,79.5328837209302,76.2976566757493,797,430,367
927,789774,78.3758635703919,78.0170777479893,78.7993670886076,689,373,316
928,790529,81.5193190661479,87.1747813411079,70.1753216374269,514,343,171
929,792265,80.581177184466,78.8601425178147,82.3790818858561,824,421,403
930,792441,57.4477647058824,29.6765753424658,78.3477319587629,510,219,291
931,793226,79.2766844919786,81.3107766990291,76.7825,748,412,336
932,794728,72.4847928994083,75.5168041237113,68.4,676,388,288
933,795313,82.9250819672131,78.8141860465116,87.5364347826087,732,387,345
934,796714,80.3351324965132,75.871072386059,85.1755232558139,717,373,344
935,797645,79.3515044247788,77.6469411764706,81.0661538461539,678,340,338
936,799308,84.4969638242894,80.9765038560411,88.054,774,389,385
937,799964,84.666526458616,85.7985207100592,83.7075939849624,737,338,399
938,800870,79.3921044992743,83.9911516853932,74.4754054054054,689,356,333
939,800950,72.4295884773663,66.6668644067797,77.8696,729,354,375
940,801666,47.5043113772455,58.2430769230769,34.646052631579,501,273,228
941,801848,80.2874,82.9070967741935,78.2050769230769,700,310,390
942,804774,74.2190651558074,77.2067236467236,71.2650704225352,706,351,355
943,804878,78.3262469733656,83.9776213592233,72.7021739130435,826,412,414
944,804915,66.9859009628611,75.1465789473684,59.7366753246753,727,342,385
945,804998,52.688476702509,57.9931598513011,47.7508996539792,558,269,289
946,805499,86.7407987220447,91.5129090909091,81.4205405405405,626,330,296
947,808139,72.1443,73.8641761363636,70.4046551724138,700,352,348
948,808378,81.9910532276331,83.3295,80.7769114470842,883,420,463
949,808654,76.8578099173554,76.4682352941176,77.1700496277916,726,323,403
950,808783,78.1234926470588,74.7696960486322,83.2555813953488,544,329,215
951,808819,83.1813580246914,76.1231343283582,90.7356869009585,648,335,313
952,812511,76.6791632373114,81.325652173913,71.3040828402367,729,391,338
953,814689,86.0524407252441,81.9502366863905,89.710870712401,717,338,379
954,816492,80.4319298245614,81.045,79.84,741,364,377
955,816626,82.8871359223301,82.5059338061466,83.2892518703242,824,423,401
956,817082,80.0534087694484,81.8164675324675,77.9454037267081,707,385,322
957,818063,81.180504305043,83.7641176470588,78.3505154639175,813,425,388
958,818677,68.3205547445256,75.750825,57.8921052631579,685,400,285
959,819542,83.2058015267176,79.9338095238095,85.8705263157895,655,294,361
960,819778,80.6973004354137,81.9694647887324,79.3451497005988,689,355,334
961,820500,72.1979146919431,78.1043309002433,61.2630630630631,633,411,222
962,820547,75.4780970625798,75.4425,75.5267069486405,783,452,331
963,820617,62.4611987381704,74.2579702970297,41.7399130434783,634,404,230
964,821341,78.9399369482976,74.1404926108374,83.9750129198966,793,406,387
965,821731,75.9137831021438,75.6017391304348,76.2546437994723,793,414,379
966,821968,81.5330343007916,84.2667258883249,78.5740384615385,758,394,364
967,823998,82.3755125,84.3054430379747,80.4932345679012,800,395,405
968,824081,64.643557483731,74.5347191011236,51.0304639175258,461,267,194
969,824086,74.6962129144852,61.2385658914729,85.7186666666667,573,258,315
970,824190,72.4857122905028,64.337156626506,83.7204318936877,716,415,301
971,826442,77.6729559748428,82.1121700879765,72.5415254237288,636,341,295
972,826662,65.5746346153846,62.912875,67.8561428571429,520,240,280
973,826966,85.785605815832,91.4583544303797,79.8694719471947,619,316,303
974,827241,77.324626474443,80.9627664974619,73.44,763,394,369
975,827997,86.4364679582712,88.9465498652291,83.3323333333333,671,371,300
976,829133,72.8765424739195,69.7155142857143,76.3231464174455,671,350,321
977,835280,76.4119209039548,79.9970422535211,72.8064872521247,708,355,353
978,837708,84.8379607843137,84.5323756906077,85.1124565756824,765,362,403
979,838101,71.0039044481054,75.8774874371859,61.7231100478469,607,398,209
980,839617,83.2685585585586,85.9972,80.3734482758621,777,400,377
981,839652,82.544134762634,74.7676012461059,90.0630120481928,653,321,332
982,840222,75.4971209800919,75.74,75.2365079365079,653,338,315
983,840362,77.9952437417655,77.2954885057471,78.5877372262774,759,348,411
984,840698,76.2931880108992,80.0001728395062,71.7298784194529,734,405,329
985,840710,78.5338046272494,77.6385503685504,79.5159299191375,778,407,371
986,841282,93.5012995245642,95.3740462427746,91.2277192982456,631,346,285
987,841869,78.3928391167192,85.2104733727811,70.6078378378378,634,338,296
988,842444,85.5688087248322,85.7872654155496,85.2034080717489,596,373,223
989,843114,83.7734842767296,84.102,83.4571358024691,795,390,405
990,846324,95.9762485207101,92.1532843137255,99.5455148741419,845,408,437
991,847102,80.3395898161245,81.1241071428571,79.3633015873016,707,392,315
992,847524,83.9010641200546,86.5068783068783,81.1264225352113,733,378,355
993,848183,87.8201794871795,87.5653367875648,88.069847715736,780,386,394
994,850533,67.160014858841,69.68459375,64.8714447592068,673,320,353
995,853616,77.2688284518828,72.3115692307692,81.3788010204082,717,325,392
996,853989,84.5968181818182,82.7068421052631,86.5156488549618,792,399,393
997,855331,85.541796042618,91.4205898123325,77.8207042253521,657,373,284
998,856069,71.6566131907308,73.0444140625,70.4917704918033,561,256,305
999,856074,81.3994435612083,83.5672144846797,78.5171111111111,629,359,270
1000,856393,85.0125816023739,87.2120454545454,82.608198757764,674,352,322
1001,856795,84.2116559691913,83.7797336561743,84.699043715847,779,413,366
1002,857448,72.2067438692098,83.0533412887828,57.7790476190476,734,419,315
1003,859261,88.7153280839895,85.4290452261306,92.3085714285714,762,398,364
1004,859513,88.0526753246753,89.0215035799523,86.8961538461538,770,419,351
1005,859534,90.202048346056,93.2493,87.044274611399,786,400,386
1006,859616,85.3624870466321,86.6817232375979,84.0635989717224,772,383,389
1007,859662,85.8449315068493,84.394076433121,87.1731195335277,657,314,343
1008,860965,85.4030124223602,95.0771076923077,75.5469592476489,644,325,319
1009,861779,80.0823577235772,77.8078851174935,82.5362253521127,738,383,355
1010,862268,85.7314790575916,83.9583959899749,87.6697260273973,764,399,365
1011,862538,89.5220341047503,88.9112009237875,90.2037113402062,821,433,388
1012,862779,82.0284057971014,83.6422222222222,80.599781420765,690,324,366
1013,865787,89.2422919334187,89.4709736842105,89.0255860349127,781,380,401
1014,866463,82.5868073878628,80.8735593220339,84.6377391304348,758,413,345
1015,867842,78.2125264750378,75.3545,80.3129133858268,661,280,381
1016,868951,58.9888307155323,70.0310397553517,44.3107723577236,573,327,246
1017,870159,74.1037918215613,75.9720145631068,72.155164556962,807,412,395
1018,870389,80.4167555040556,79.5405517241379,81.3072897196262,863,435,428
1019,870786,82.4028276699029,79.683927765237,85.5641732283465,824,443,381
1020,870851,83.9455024509804,84.2734507042254,83.5872820512821,816,426,390
1021,871289,77.6593865740741,78.7066746411483,76.6778475336323,864,418,446
1022,872404,76.2768734793187,66.5784880636605,84.4932584269663,822,377,445
1023,872479,53.4013775510204,39.701872659176,64.796292834891,588,267,321
1024,875256,85.3155394883204,86.6328639618138,84.165625,899,419,480
1025,875280,84.437189384801,85.9764827586207,82.7377157360406,829,435,394
1026,875562,77.9640026075619,76.5430864197531,79.5537016574586,767,405,362
1027,876304,82.1328660049628,79.3477958236659,85.33384,806,431,375
1028,878009,88.2557379518072,85.952782369146,91.0330564784053,664,363,301
1029,880936,85.8115801614764,85.3155244755245,86.2974429223744,867,429,438
1030,881888,86.5411538461538,91.0574770642202,81.5686363636364,832,436,396
1031,882720,84.312614379085,83.5516976127321,85.0519587628866,765,377,388
1032,884438,73.364301994302,70.4357142857143,75.5625685785536,702,301,401
1033,884574,83.2704572803851,80.805,85.5148735632184,831,396,435
1034,884589,76.0017333333333,63.8665546218487,82.610823798627,675,238,437
1035,887750,84.0235520684736,86.247037037037,81.4214551083591,701,378,323
1036,888092,83.6539972527473,84.8043370165746,82.5162295081967,728,362,366
1037,888281,70.0670761245675,60.5433203125,77.6387577639751,578,256,322
1038,888764,80.7417777777778,85.9117127071823,74.7624920127795,675,362,313
1039,889058,86.4702122015915,85.6277586206896,87.192315270936,754,348,406
1040,889517,86.6070963704631,85.4618295739348,87.7495,799,399,400
1041,891251,79.7523647604328,72.4889219330855,84.9213227513228,647,269,378
1042,892163,70.4137278106509,79.4838461538462,62.6393406593407,507,234,273
1043,893927,83.8251219512195,86.757027027027,81.1727872860636,779,370,409
1044,896767,82.6212393162393,81.9225364431487,83.2888022284123,702,343,359
1045,897287,86.2312874251497,86.5708656716418,85.8896696696697,668,335,333
1046,899338,67.9572191528545,74.9139024390244,60.158125,543,287,256
1047,899378,79.7671310116086,82.5822580645161,76.7886689419795,603,310,293
1048,899431,82.5038674033149,83.2778260869565,81.5554508196721,543,299,244
1049,899861,86.6545580589255,94.3125752508361,78.4180575539568,577,299,278
1050,900014,77.3724270072993,88.3961092150171,64.706,548,293,255
1051,901233,81.1591847826087,92.7021167883212,69.7823381294964,552,274,278
1052,901386,84.3642909090909,88.76,80.4804109589041,550,258,292
1053,902058,50.7455223880597,47.7706477732794,53.288062283737,536,247,289
1054,902390,82.315652892562,90.9115584415585,73.4013804713805,605,308,297
1055,902543,85.4104804270463,92.606186770428,79.3472131147541,562,257,305
1056,903044,76.6315398550725,77.6289830508475,75.4866147859922,552,295,257
1057,904613,79.3087931034483,82.4889225589226,76.5390029325513,638,297,341
1058,906358,82.6502504472272,85.9314572864322,80.8364722222222,559,199,360
1059,907261,81.8066189111748,84.807679558011,78.5733333333333,698,362,336
1060,908536,83.8428769230769,87.7405292479109,79.0344329896907,650,359,291
1061,909114,85.5373846153846,86.8658249158249,84.4196883852691,650,297,353
1062,909420,81.7235809806835,79.492523659306,83.7102247191011,673,317,356
1063,909840,62.0704545454545,27.7587346938775,83.4607124681934,638,245,393
1064,911278,86.6553823088456,87.6290526315789,85.3662020905923,667,380,287
1065,912015,85.604003164557,83.0365703971119,87.607323943662,632,277,355
1066,913619,86.6862807525326,90.1860477453581,82.4843312101911,691,377,314
1067,915213,71.6061829652997,61.1086111111111,80.3440462427746,634,288,346
1068,915826,84.0287313432836,81.5846666666667,86.1974084507042,670,315,355
1069,917271,85.8611688311688,85.121875,86.556974789916,693,336,357
1070,921334,75.0926765799257,82.4822929936306,64.7340178571429,538,314,224
1071,921507,78.3458482758621,75.9105042016807,80.7083967391304,725,357,368
1072,922534,82.782735042735,79.0795918367347,86.1823419203747,819,392,427
1073,925304,82.1214302741359,82.2802912621359,81.968149882904,839,412,427
1074,927430,86.5392032967033,87.1067048710602,86.0166226912929,728,349,379
1075,927921,85.9489944903581,84.0837537537538,87.529465648855,726,333,393
1076,928929,86.9843804755945,87.0967741935484,86.87,799,403,396
1077,929783,79.7942330383481,89.275710723192,66.0683393501805,678,401,277
1078,929987,69.3472230652504,84.5445454545455,38.8137899543379,659,440,219
1079,930101,83.8310733695652,86.4787412587413,80.1312377850163,736,429,307
1080,931487,73.9616666666667,75.5051807228916,72.7863302752293,576,249,327
1081,935103,88.1111747851003,88.658654353562,87.4607210031348,698,379,319
1082,935202,81.7394347826087,78.5521739130435,84.9266956521739,690,345,345
1083,935505,92.9414864864865,94.0064984227129,91.9741260744986,666,317,349
1084,936909,86.2904139715395,87.8679126213592,84.490055401662,773,412,361
1085,937751,84.8269195751138,83.9381440443213,85.9035906040268,659,361,298
1086,938786,77.7429080118694,77.7759259259259,77.7070278637771,674,351,323
1087,939610,78.0044573082489,71.038,83.0425436408977,691,290,401
1088,941733,79.3890534351145,86.3130726256983,71.0429292929293,655,358,297
1089,942109,80.783024911032,68.3393969849246,87.604738292011,562,199,363
1090,943063,85.8393291925466,84.3149019607843,87.4059949622166,805,408,397
1091,943768,86.664679245283,84.4858171745152,88.4770506912442,795,361,434
1092,948060,68.8514037433155,61.0975504322767,75.5610972568578,748,347,401
1093,950394,71.1119594594595,73.1619209039548,68.0628571428571,592,354,238
1094,950854,79.7354227405248,78.2169938650307,81.1104444444445,686,326,360
1095,951337,82.9510284167794,87.7918181818182,77.6863276836158,739,385,354
1096,952015,82.436500655308,85.382,79.3567560321716,763,390,373
1097,954067,49.6931003039514,37.0593610223642,61.1550144927536,658,313,345
1098,955223,79.5647683923706,83.0791919191919,75.4472781065089,734,396,338
1099,956738,81.6446255506608,77.3412386706949,85.7144,681,331,350
1100,957968,81.2419047619048,81.7655801104972,80.6691842900302,693,362,331
1101,959159,73.8417630057804,73.2348823529412,74.4279545454545,692,340,352
1102,962840,79.4852797704448,81.7667521367521,77.170838150289,697,351,346
1103,964123,81.685026929982,74.6363768115942,88.608256227758,557,276,281
1104,964283,83.2019017432647,84.5622147651007,81.9845645645646,631,298,333
1105,964785,81.1230678466077,83.2343902439024,79.1444571428571,678,328,350
1106,965133,85.9931622746186,83.8813432835821,87.8259585492228,721,335,386
1107,967776,85.7164705882353,83.8514906832298,87.9161904761905,595,322,273
1108,967800,89.8362737127371,87.4046666666667,92.7936336336336,738,405,333
1109,969546,71.1780573248408,71.1655828220859,71.1915231788079,628,326,302
1110,972622,71.7593451568895,59.0919886363636,83.4625196850394,733,352,381
1111,973234,80.9424104234528,86.3610909090909,74.6460563380282,614,330,284
1112,973321,95.407719054242,96.7616981132075,93.9642528735632,719,371,348
1113,975387,74.0754106280193,77.8335714285714,66.9786046511628,621,406,215
1114,975468,84.4983127572016,82.5968445475638,87.2484228187919,729,431,298
1115,975727,66.238848,50.5206271777003,79.5853846153846,625,287,338
1116,976633,87.3945165238678,87.3582528735632,87.4358115183246,817,435,382
1117,977386,90.3615180722892,88.6399777282851,92.3903149606299,830,449,381
1118,978444,91.3729137199434,88.7083870967742,94.3317313432836,707,372,335
1119,978795,84.3816475644699,87.0087012987013,81.1502875399361,698,385,313
1120,979040,84.6933103448276,77.0337254901961,92.1239402173913,725,357,368
1121,980741,79.372425,82.534976076555,75.911832460733,800,418,382
1122,981339,78.9132981927711,77.9589256198347,80.0642524916944,664,363,301
1123,981610,79.4102807486631,86.2871631205674,70.4597538461539,748,423,325
1124,981710,73.0725575101488,72.3965625,73.8037746478873,739,384,355
1125,982242,76.4708021390374,74.485618556701,78.6103888888889,748,388,360
1126,982784,82.7218062827225,77.3254069767442,87.1417142857143,764,344,420
1127,985880,87.5147191011236,89.3874943566591,85.1972905027933,801,443,358
1128,988008,88.9172490221643,86.0343575418994,91.4406601466993,767,358,409
1129,989868,87.4818628912071,85.4457275541796,89.371724137931,671,323,348
1130,991876,79.6766935483871,80.604282115869,78.02533632287,620,397,223
1131,993214,87.7385312899106,86.4445268542199,89.0292346938776,783,391,392
1132,993924,90.0256186868687,92.6581265822785,87.4063727959698,792,395,397
1133,996026,72.6327810650888,83.4131707317073,56.0163909774436,676,410,266
1134,996217,68.6503465346535,82.8465951742627,45.9241630901288,606,373,233
1135,996561,82.5704060913706,85.9056097560976,77.0267567567568,591,369,222
1136,996728,89.1741595441596,89.6759239130435,88.6213173652695,702,368,334
1137,998457,86.1538709677419,86.9054038997214,85.4530909090909,744,359,385
1138,999814,84.7371798365123,85.4358241758242,84.0498648648649,734,364,370
1139,1002631,47.3505617977528,13.5403125,76.4172835820896,623,288,335
1140,1008609,85.0779782903663,80.3477886977887,90.9118787878788,737,407,330
1141,1012915,73.6356111929308,61.3220905923345,82.6508673469388,679,287,392
1142,1013841,74.1305424200278,68.9863291139241,78.1642183622829,719,316,403
1143,1014421,24.2814445828144,29.1740793201133,20.4434444444444,803,353,450
1144,1015064,71.8729375,65.8069117647059,76.3565217391304,640,272,368
1145,1018236,89.6712482065997,94.1726380368098,85.7158490566038,697,326,371
1146,1018335,85.4411062590975,74.3373684210526,94.2545169712794,687,304,383
1147,1019365,81.5919293078056,81.2356302521008,81.9869565217391,679,357,322
1148,1025105,88.2275076452599,92.8367912772586,83.7843243243243,654,321,333
1149,1025510,84.1576237623762,87.4326178010471,80.3082461538462,707,382,325
1150,1028605,87.0057197452229,86.1249738219895,87.840570719603,785,382,403
1151,1028638,84.7087406296852,85.3670460704607,83.8935906040269,667,369,298
1152,1032537,86.8347074468085,82.4431382978723,91.2262765957447,752,376,376
1153,1032823,89.816981595092,88.8647524752475,90.7529927007299,815,404,411
1154,1036986,82.5627758007117,72.1827464788732,93.1668345323741,562,284,278
1155,1037462,82.6859418282549,70.2860063897764,92.1753789731051,722,313,409
1156,1037726,80.6237054263566,74.3712635379061,85.3300271739131,645,277,368
1157,1038174,78.2486440677966,74.7261813186813,81.9759011627907,708,364,344
1158,1038564,79.3781085271318,86.3747043701799,68.7465625,645,389,256
1159,1038704,79.8091482649842,83.5948264984227,76.0234700315457,634,317,317
1160,1038885,83.4546971935007,75.4972185430464,89.86312,677,302,375
1161,1039600,58.2820860215054,69.3917142857143,45.91,465,245,220
1162,1039842,67.4520196078431,76.7457142857143,54.0673205741627,510,301,209
1163,1040627,82.9686064516129,73.7600828729282,91.04,775,362,413
1164,1040924,87.3868010403121,84.1450639386189,90.7400264550265,769,391,378
1165,1041070,85.1950139664805,81.6786335403727,88.068807106599,716,322,394
1166,1042273,87.5655897435898,83.6233250620347,91.7797347480106,780,403,377
1167,1042549,92.390173564753,93.907811634349,90.9781443298969,749,361,388
1168,1044056,70.2885024154589,75.5010441767068,62.422303030303,414,249,165
1169,1044158,83.2557077625571,82.2098113207547,84.6124475524475,657,371,286
1170,1045340,91.2096028368794,91.2825,91.1401385041551,705,344,361
1171,1050354,88.278649851632,89.0477233429395,87.4625382262997,674,347,327
1172,1050755,87.346492434663,84.3848648648649,89.8495939086294,727,333,394
1173,1051667,88.5355939226519,85.6395039164491,91.7883870967742,724,383,341
1174,1053939,82.1415857142857,82.9492111959288,81.1077198697068,700,393,307
1175,1055598,84.8679210526316,79.73272,89.8697402597403,760,375,385
1176,1056168,78.1886482334869,61.277030075188,89.8730389610389,651,266,385
1177,1056291,84.4590784044017,79.5673297002725,89.4459444444445,727,367,360
1178,1056324,80.9327023319616,71.3908092485549,89.5527937336815,729,346,383
1179,1057145,84.5470625798212,81.5919402985075,87.6650656167979,783,402,381
1180,1057256,71.5616906946265,64.6533953488372,80.4823123123123,763,430,333
1181,1057340,69.3667196531792,76.9665968586387,60.0017096774193,692,382,310
1182,1057349,69.1902237521515,57.1434749034749,78.88,581,259,322
1183,1057372,79.231906116643,75.6431232091691,82.77,703,349,354
1184,1057688,79.6988019966722,71.1677737226277,86.847125382263,601,274,327
1185,1059053,87.9360181582361,85.3277017114914,90.8829834254144,771,409,362
1186,1059624,85.4233819241983,75.9883890577508,94.1183753501401,686,329,357
1187,1061132,81.3299208860759,82.8653894080997,79.7450803858521,632,321,311
1188,1062571,83.6486131386861,84.6812612612613,82.6717045454545,685,333,352
1189,1063964,73.9255617198336,74.2005319148936,73.625884057971,721,376,345
1190,1064077,75.0418717504333,65.5282954545455,83.0661022364217,577,264,313
1191,1065918,89.0499124087591,87.6809090909091,90.4069767441861,685,341,344
1192,1067399,78.1771914132379,83.153152173913,68.59,559,368,191
1193,1067416,86.3486072423398,85.2778680203046,87.6506790123457,718,394,324
1194,1069311,89.3233203125,86.5832911392405,92.2249597855228,768,395,373
1195,1070867,74.5857791225416,78.6378635014837,70.3711111111111,661,337,324
1196,1071654,73.6356830601093,69.4,77.8713661202186,732,366,366
1197,1072086,78.6844200626959,73.1730894308943,82.1430612244898,638,246,392
1198,1072941,76.3332333333333,87.5380547112462,62.730332103321,600,329,271
1199,1073163,82.9500405953992,80.5307669616519,85.000375,739,339,400
1200,1076654,83.9516047745358,83.9484938271605,83.9552148997135,754,405,349
1201,1079799,62.2884078212291,68.1362745098039,54.5418831168831,358,204,154
1202,1080213,89.2917098445596,86.2411744966443,92.5267971530249,579,298,281
1203,1080510,85.9864359861592,87.1443428571429,84.2089473684211,578,350,228
1204,1081324,76.2072413793103,84.735015576324,65.6380694980695,580,321,259
1205,1081790,90.4027466666667,90.264947368421,90.5442702702703,750,380,370
1206,1081881,88.0752574525745,87.6500968523003,88.6155384615385,738,413,325
1207,1081893,87.3348306332842,88.0998734177215,86.2707746478873,679,395,284
1208,1081929,88.379725848564,87.157950617284,89.7504155124654,766,405,361
1209,1081951,80.0301436781609,82.2838285714286,77.7504046242775,696,350,346
1210,1081961,85.7744351464435,83.1985365853659,88.505775862069,717,369,348
1211,1081981,82.8556883116883,84.4771755725191,81.1653846153846,770,393,377
1212,1082467,85.0709712230216,80.282323943662,90.0708823529412,556,284,272
1213,1082690,56.4018166089965,73.0625589225589,38.7924199288256,578,297,281
1214,1082886,84.8946080305927,86.0448837209302,83.335,523,301,222
1215,1084010,81.100206185567,86.7822413793103,72.65,582,348,234
1216,1084982,89.1658857979502,86.4636923076923,91.6189944134078,683,325,358
1217,1085066,82.1562861736334,74.7141762452107,87.5368698060942,622,261,361
1218,1085488,79.679964028777,69.8146698113208,85.759738372093,556,212,344
1219,1085642,83.1181545064378,79.6616949152542,86.6647826086957,699,354,345
1220,1085965,91.3997817715019,90.6080710659898,92.21,779,394,385
1221,1086701,87.3279336349925,84.7401298701299,89.5731267605634,663,308,355
1222,1087132,82.1460251046025,70.2710810810811,92.443828125,717,333,384
1223,1087786,88.6310410958904,84.077374301676,93.0133333333333,730,358,372
1224,1089314,80.6102872531418,76.2528125,86.4937974683544,557,320,237
1225,1089837,87.7114132104455,89.6805405405405,84.4268442622951,651,407,244
1226,1092095,89.8649031296572,84.4844554455446,94.295,671,303,368
1227,1092361,80.3713367174281,84.7033994334278,73.9460504201681,591,353,238
1228,1093310,88.436037414966,92.545248447205,83.4617293233083,588,322,266
1229,1093321,88.6682294617564,88.6537203166227,88.6850458715596,706,379,327
1230,1094494,83.9221024734982,84.025910543131,83.7936758893281,566,313,253
1231,1095221,83.499125528914,83.142,83.8472980501393,709,350,359
1232,1096613,80.0657050243112,89.3393083573487,68.1474074074074,617,347,270
1233,1098080,82.4077629063098,84.0686283185841,81.1439393939394,523,226,297
1234,1101777,86.357417218543,83.6388654353562,89.0976595744681,755,379,376
1235,1102341,86.2027596439169,83.5966666666667,89.5308108108108,674,378,296
1236,1102794,87.535347826087,81.4714705882353,93.4259714285714,690,340,350
1237,1103010,80.2862285714286,80.5155873925501,80.0581766381766,700,349,351
1238,1103379,82.6513911620295,77.1607958477509,87.5792857142857,611,289,322
1239,1104858,78.9378441127695,75.5922033898305,82.1422727272727,603,295,308
1240,1105282,86.500253164557,88.2375630252101,84.748220338983,711,357,354
1241,1106104,81.3157847533632,76.72,84.2742506142506,669,262,407
1242,1107229,89.2600278940028,92.0718597560976,86.8891259640103,717,328,389
1243,1108484,82.8266897506925,79.8083713355049,85.0595180722892,722,307,415
1244,1109069,87.2573081924577,84.3676819407008,89.9509045226131,769,371,398
1245,1110035,85.5012995896033,79.6915384615385,90.1519704433497,731,325,406
1246,1110068,60.4822707423581,59.0769111969112,62.3113567839196,458,259,199
1247,1110944,73.9053872053872,64.3871942446043,82.2789873417722,594,278,316
1248,1111571,67.2159779614325,63.7858217270195,70.5713623978202,726,359,367
1249,1112084,83.5863253012048,84.9369230769231,82.3892045454545,664,312,352
1250,1112808,85.7135918367347,84.6934036939314,86.7996910112359,735,379,356
1251,1114443,88.645,88.4961917808219,88.8185303514377,678,365,313
1252,1115480,63.752131147541,54.7704564315353,70.78,549,241,308
1253,1118528,87.763488045007,91.7971428571429,83.1847447447447,711,378,333
1254,1118920,76.4901655629139,83.1105960264901,69.8697350993377,604,302,302
1255,1120932,87.4272953216374,83.2826268656716,91.4057020057307,684,335,349
1256,1121765,85.592239657632,83.6609577464789,87.5737572254335,701,355,346
1257,1123141,74.8380357142857,70.4927459016394,77.6881720430108,616,244,372
1258,1125011,84.927554438861,94.6933038348083,72.0958139534884,597,339,258
1259,1128546,82.5644351464435,78.1433532934132,86.4198955613577,717,334,383
1260,1128640,84.4751252086811,82.779335347432,86.569552238806,599,331,268
1261,1129089,67.2575967741935,73.447275862069,61.8181818181818,620,290,330
1262,1129165,77.8019348268839,80.6166960352423,75.3816666666667,491,227,264
1263,1132930,86.7022116689281,83.7665445026178,89.8611549295775,737,382,355
1264,1136925,88.2925155666252,85.1842328042328,91.0570588235294,803,378,425
1265,1137135,75.6840257648953,78.698875739645,72.0832508833922,621,338,283
1266,1137803,81.6483499288762,79.4339588688946,84.3916560509554,703,389,314
1267,1138121,84.8486787878788,84.161914893617,85.5713184079602,825,423,402
1268,1140916,88.9919565217391,87.8297922848665,89.9735338345865,736,337,399
1269,1141162,85.892102351314,83.1609183673469,89.1266163141994,723,392,331
1270,1141284,86.6106101694915,88.0577133105802,85.1829966329966,590,293,297
1271,1141972,72.0186920529801,71.7790410958904,72.3846861924686,604,365,239
1272,1142433,90.9418369987063,94.06,87.2124431818182,773,421,352
1273,1144188,85.7539633286319,85.0257627118644,86.4801126760563,709,354,355
1274,1144969,75.1451479289941,67.6062264150943,81.8417318435754,676,318,358
1275,1146160,75.8483184257603,79.0149180327869,72.045905511811,559,305,254
1276,1146192,83.7287202925046,89.5151612903226,71.4284,547,372,175
1277,1146884,77.707786377709,87.9438356164383,64.4118505338078,646,365,281
1278,1147505,87.1209833795014,90.9137165775401,83.0448850574713,722,374,348
1279,1147666,86.3274880763116,90.2453929539296,80.7670769230769,629,369,260
1280,1147830,90.1716551724138,91.9825190839695,88.6796855345912,580,262,318
1281,1147931,70.9946975088968,70.3938989169675,71.5786315789474,562,277,285
1282,1147949,78.9124489795918,88.5952631578947,65.4509756097561,588,342,246
1283,1148598,88.8245007451565,92.239552238806,85.4196130952381,671,335,336
1284,1149528,85.0853693181818,83.5817910447761,86.450406504065,704,335,369
1285,1149606,89.140467571644,95.7376136363636,81.6736012861736,663,352,311
1286,1152330,91.5747737909516,87.8880276816609,94.6016761363636,641,289,352
1287,1153446,82.1315987460815,69.8345454545454,89.6464646464647,638,242,396
1288,1153479,71.6627634660422,77.446,64.5843229166667,427,235,192
1289,1153923,81.393139158576,78.5954952076677,84.2641639344262,618,313,305
1290,1154340,83.3082563338301,87.6635989717224,77.3003546099291,671,389,282
1291,1154631,75.6543790849673,65.5826449275362,83.9275892857143,612,276,336
1292,1156929,84.6397193500738,78.0005333333334,89.9228912466843,677,300,377
1293,1157233,85.233581871345,87.3979356568365,82.6377491961415,684,373,311
1294,1157560,74.9138487972509,75.7706167400881,74.366,582,227,355
1295,1158289,84.4750170648464,79.4505533596838,88.2924024024024,586,253,333
1296,1159792,86.3643388429752,88.7023728813559,84.139435483871,726,354,372
1297,1159940,92.2831832797428,93.2511656441718,91.2170945945946,622,326,296
1298,1161140,90.2897444633731,97.4581920903955,79.3986266094421,587,354,233
1299,1161218,86.9266981132076,85.7136734693878,87.9694736842105,742,343,399
1300,1161359,88.7004237288136,92.2393103448276,85.2795,708,348,360
1301,1161605,79.7745224719101,74.9992857142857,84.0417553191489,712,336,376
1302,1162295,74.8089807692308,70.3374576271186,78.5247535211268,520,236,284
1303,1163332,89.619985380117,90.8830662983425,88.2,684,362,322
1304,1164310,86.0280588235294,89.0458213256484,82.8834234234234,680,347,333
1305,1164813,82.6298988195615,80.27723183391,84.8664802631579,593,289,304
1306,1166255,86.3364344262295,82.9387352941176,89.2834183673469,732,340,392
1307,1167842,91.1069587628866,89.4882479784367,92.5897777777778,776,371,405
1308,1169848,88.0152066115702,90.0267313019391,86.0257260273973,726,361,365
1309,1170899,88.6137846153846,88.1225,89.0901818181818,650,320,330
1310,1173399,93.2193990755008,92.4317837837838,94.2639068100358,649,370,279
1311,1176137,81.711673151751,88.6022426470588,73.9669008264463,514,272,242
1312,1176197,78.420692431562,74.2128571428572,82.0364071856287,621,287,334
1313,1177283,79.2684210526316,77.5843416370107,80.6361271676301,627,281,346
1314,1177407,84.8511746522411,87.8852795031056,81.8450769230769,647,322,325
1315,1178838,87.7457103064067,85.3251376146789,89.7700767263427,718,327,391
1316,1179047,84.6598579545455,90.0576704545455,79.2620454545454,704,352,352
1317,1181783,86.3376728499157,85.0143973941368,87.7581118881119,593,307,286
1318,1184873,78.5087104072398,73.2928571428571,81.497153024911,442,161,281
1319,1186638,87.6715904572565,84.7996,90.5095256916996,503,250,253
1320,1187326,73.672306122449,72.6470512820513,74.609453125,490,234,256
1321,1187707,61.7535856573705,50.9193577981651,70.07,502,218,284
1322,1187837,4.72295454545455,3.82239583333333,5.63619718309859,572,288,284
1323,1187860,6.61937282229965,6.64202797202797,6.596875,574,286,288
1324,1188094,79.5672355769231,87.8342585551331,65.3566013071895,416,263,153
1325,1188431,11.0734285714286,13.0139405204461,9.27962199312715,560,269,291
1326,1189267,79.8430039525692,82.8360447761194,76.4726890756303,506,268,238
1327,1189808,54.7768828828829,36.2912903225806,69.7098697068404,555,248,307
1328,1190587,81.7846096654275,80.5153676470588,83.0824812030075,538,272,266
1329,1191148,87.9167250437828,92.058916967509,84.0140476190476,571,277,294
1330,1191256,90.4196103896104,89.3306666666667,91.453417721519,616,300,316
1331,1192111,87.6966876971609,86.5564918032787,88.7537082066869,634,305,329
1332,1196519,90.3959259259259,91.7115976331361,89.2585933503836,729,338,391
1333,1197710,83.0482881355932,77.3488461538462,86.7945505617977,590,234,356
1334,1204087,84.551847133758,86.0528571428571,83.2305988023952,628,294,334
1335,1204676,66.2825433526012,78.3589552238806,53.3882071713147,519,268,251
1336,1205570,90.3633965244866,88.5878978978979,92.3342,633,333,300
1337,1206259,90.2976056338028,88.1576315789474,92.239552238806,639,304,335
1338,1206895,80.3567793880837,82.84418230563,76.6156451612903,621,373,248
1339,1208213,87.2587258064516,89.9724791086351,83.5260153256705,620,359,261
1340,1211116,90.4474776119403,86.7216101694915,94.6213924050633,670,354,316
1341,1211175,71.49775,60.0671527777778,82.0490705128205,600,288,312
1342,1211367,88.2031316187595,87.608985915493,88.8924183006536,661,355,306
1343,1212152,83.6388226299694,87.7245209580838,79.374375,654,334,320
1344,1212322,87.883957996769,89.6437216828479,86.1298709677419,619,309,310
1345,1212357,91.6450586510264,91.8250659630607,91.419900990099,682,379,303
1346,1213271,86.2948900169205,88.1873417721519,85.0279096045198,591,237,354
1347,1213381,90.2848073701843,85.4213220338983,95.0355629139073,597,295,302
1348,1213739,81.2969381598793,71.9657225433526,91.4817981072555,663,346,317
1349,1213864,82.3447184170472,75.4161878453039,90.8468474576271,657,362,295
1350,1213937,84.4733333333333,75.911496350365,90.5985117493473,657,274,383
1351,1213984,92.8763532763533,94.5229971181556,91.2668169014084,702,347,355
1352,1214144,93.6803389830508,90.1357142857143,96.6158873239437,649,294,355
1353,1216821,80.7278181818182,76.9772164948454,84.9418146718147,550,291,259
1354,1217739,84.8300598802395,88.4328571428571,79.7130434782609,501,294,207
1355,1218045,92.3547976011994,90.7610828025478,93.7724362606232,667,314,353
1356,1219993,86.8201146131805,82.1214545454546,91.0335869565217,698,330,368
1357,1220368,86.5420113314448,84.927652173913,88.0848199445984,706,345,361
1358,1220402,84.5919903691814,80.325935483871,88.8171565495208,623,310,313
1359,1220671,88.1946388888889,86.5589784946237,89.9431034482759,720,372,348
1360,1222572,93.3043231441048,90.0278947368421,96.9325153374233,687,361,326
1361,1222892,86.8140888888889,86.4475067750678,87.2561437908497,675,369,306
1362,1223586,86.4863593004769,83.496798679868,89.265,629,303,326
1363,1224022,88.1972567783094,88.4948219178082,87.7827099236641,627,365,262
1364,1224289,81.785674796748,73.5482608695652,88.4922418879056,615,276,339
1365,1224384,59.5303956834532,53.2310266159696,65.1847781569966,556,263,293
1366,1224550,86.8577564102564,82.7392857142857,91.6626388888889,624,336,288
1367,1224800,93.7760264900662,93.0011,94.6491830985916,755,400,355
1368,1225692,88.8168690095847,84.639180887372,92.4927327327327,626,293,333
1369,1226789,88.5943115438108,88.9958679706601,88.0645161290323,719,409,310
1370,1227248,80.5834364261168,75.5151379310345,85.6170205479452,582,290,292
1371,1231240,80.0017818181818,84.4848275862069,72.2785148514852,550,348,202
1372,1232529,91.7137359550562,94.3655211267606,89.0768067226891,712,355,357
1373,1233466,87.7373989218329,88.3529368932039,86.9689090909091,742,412,330
1374,1233489,85.8107988980716,87.0512182741117,84.338734939759,726,394,332
1375,1233887,79.4815689655172,70.9803529411765,86.1517538461539,580,255,325
1376,1234184,87.5848,93.6015565031983,76.5619140625,725,469,256
1377,1234572,67.7325328330206,83.0895588235294,51.728275862069,533,272,261
1378,1235700,79.9713725490196,86.2422222222222,72.9166666666667,714,378,336
1379,1237307,89.7302114803625,94.2296850393701,83.6295017793594,662,381,281
1380,1240699,89.8387484510533,88.755,91.0032904884319,807,418,389
1381,1240873,95.3348422496571,95.020663507109,95.7667100977199,729,422,307
1382,1244518,92.3741205412054,92.583631713555,92.18,813,391,422
1383,1244600,94.9297789336801,93.0771794871795,96.8361477572559,769,390,379
1384,1245136,83.2018973561431,79.4686092715232,86.508211143695,643,302,341
1385,1245308,90.5461651131824,91.7113368983957,89.3902652519894,751,374,377
1386,1245626,86.7572027027027,86.6875920679887,86.8206976744186,740,353,387
1387,1246521,65.7691039426523,62.7994197952218,69.0525660377358,558,293,265
1388,1246672,65.3534318555008,74.2200520833333,50.2210666666667,609,384,225
1389,1247550,67.5063468013468,33.4852093023256,86.8059366754617,594,215,379
1390,1247635,77.7773839662447,80.3825613079019,74.9980232558139,711,367,344
1391,1248734,87.0242214532872,83.9627672955975,90.7686153846154,578,318,260
1392,1250513,80.9199721448468,76.5864462809917,85.3511549295774,718,363,355
1393,1251203,72.2566144200627,75.306450617284,69.1096496815287,638,324,314
1394,1251460,88.4783264746228,81.0406727828746,94.5283582089552,729,327,402
1395,1251871,90.6719418960245,84.2760691823899,96.7251785714286,654,318,336
1396,1252393,91.402427184466,91.8367638483965,91.0083068783069,721,343,378
1397,1252756,92.6093238993711,92.5688571428571,92.6588461538462,636,350,286
1398,1253797,88.037208588957,88.9523229461756,86.9568227424749,652,353,299
1399,1253815,86.5675373134329,73.8078095238095,94.7869938650307,536,210,326
1400,1253987,6.19166007905138,3.18698529411765,9.6842735042735,759,408,351
1401,1254029,12.0633463035019,13.5270048309179,10.3659943977591,771,414,357
1402,1254378,93.6824731182796,93.8128350515464,93.540393258427,744,388,356
1403,1254988,93.6572826086957,95.8641860465116,88.4810909090909,552,387,165
1404,1257178,80.1802321428572,83.8154913294798,74.3026635514019,560,346,214
1405,1258517,90.7513439306358,91.6420754716981,89.7218691588785,692,371,321
1406,1258614,89.0533727810651,88.4494832826748,89.6259365994236,676,329,347
1407,1260116,91.3373121019108,91.9906310679612,90.6156836461126,785,412,373
1408,1260288,83.9824550898204,89.5331404958678,77.3762295081967,668,363,305
1409,1260555,91.9516219512195,93.364942791762,90.3390339425587,820,437,383
1410,1260926,89.9491433278419,93.1102994011976,86.0816483516484,607,334,273
1411,1261046,80.038280961183,75.7688986784141,83.1247452229299,541,227,314
1412,1261221,92.3791844919786,97.09961352657,86.5281137724551,748,414,334
1413,1264796,92.3924481327801,91.1541277641278,93.9873734177215,723,407,316
1414,1266750,95.2720305980529,94.6285074626866,95.8334375,719,335,384
1415,1267158,91.1654558204769,90.9595348837209,91.4099079754601,713,387,326
1416,1267382,90.7921671388102,90.9537984496124,90.5960815047022,706,387,319
1417,1268080,83.049604519774,83.8039331619537,82.1297492163009,708,389,319
1418,1269660,92.6944113667118,90.4403359173127,95.1726136363636,739,387,352
1419,1269720,92.8174281609195,91.8886910994764,93.9472929936306,696,382,314
1420,1269933,82.3534775086505,71.8734375,92.7612413793103,578,288,290
1421,1270954,91.0644809461235,91.4801754385965,90.6062983425414,761,399,362
1422,1271145,94.7212222222222,91.964487534626,97.4933147632312,720,361,359
1423,1272023,76.5045406360424,69.5064539007092,83.4533450704225,566,282,284
1424,1272248,89.169476534296,88.9275895765472,89.4701214574899,554,307,247
1425,1272811,85.4161052631579,91.1794117647059,79.3868,665,340,325
1426,1273909,93.9077563150074,93.806017699115,94.0110179640719,673,339,334
1427,1274041,87.5233389544688,84.00324,90.0890087463557,593,250,343
1428,1274269,84.1958662613982,88.7709090909091,78.170985915493,658,374,284
1429,1274296,77.8565051903114,71.6786013986014,83.9074657534247,578,286,292
1430,1274785,90.5523255813954,90.353216374269,90.7491329479769,688,342,346
1431,1276857,89.3335333333333,91.8159590792839,86.6298328690808,750,391,359
1432,1280127,92.8584,93.75375,91.9527586206897,700,352,348
1433,1280566,88.8098016997167,92.70734375,84.161801242236,706,384,322
1434,1281054,92.0833377308707,91.3476216216216,92.7849226804124,758,370,388
1435,1281359,90.1650075642965,94.7623966942149,84.5648322147651,661,363,298
1436,1281512,91.1338335607094,93.9395041322314,88.3812432432432,733,363,370
1437,1284130,88.5508108108108,93.2390747330961,84.7651724137931,629,281,348
1438,1284451,85.3592063492063,88.323880126183,81.6,567,317,250
1439,1287300,87.9143806646526,81.1225165562914,93.612,662,302,360
1440,1287655,90.264568288854,92.3636641221374,88.798,637,262,375
1441,1288609,92.139748427673,88.7931034482759,96.1836111111111,636,348,288
1442,1291609,75.3798819561551,82.9254065040651,70.0306051873199,593,246,347
1443,1291636,81.8717847025496,81.1054651162791,82.6,706,344,362
1444,1292541,91.6792826398852,88.285,95.1029106628242,697,350,347
1445,1293496,88.3217964071856,85.0688450704225,92.0112460063898,668,355,313
1446,1293561,83.6470912547528,83.3302592592593,83.98125,526,270,256
1447,1293749,87.8782106782107,84.1784745762712,91.7416519174041,693,354,339
1448,1294904,93.2305475504323,91.204633431085,95.1875920679887,694,341,353
1449,1298294,78.2753067993366,69.9697359735974,86.6639333333333,603,303,300
1450,1301565,85.3705851979346,85.1003311258278,85.6631182795699,581,302,279
1451,1301712,85.8336482084691,74.0771851851852,95.0611046511628,614,270,344
1452,1301878,88.8862426900585,87.53388101983,90.3284894259819,684,353,331
1453,1301929,83.6547275405007,72.0555555555556,92.6729319371728,679,297,382
1454,1301959,76.1750682852807,78.7414670658683,73.5376,659,334,325
1455,1302021,91.1925223880597,90.0845325779037,92.4263406940063,670,353,317
1456,1302846,85.8521864951769,87.9877272727273,83.7574522292993,622,308,314
1457,1303587,83.4911904761905,67.9147916666667,93.0766666666667,630,240,390
1458,1303937,77.9442242990654,87.8183333333333,64.1293273542601,535,312,223
1459,1306567,93.2033685800604,90.62396875,95.6168421052632,662,320,342
1460,1307063,94.6734094368341,92.6131534090909,97.0511475409836,657,352,305
1461,1307356,87.4777280858676,86.101186440678,89.0159090909091,559,295,264
1462,1309787,82.5441272727273,81.3256329113924,84.1896153846154,550,316,234
1463,1310664,79.0849509803922,84.4549222797927,69.9132300884956,612,386,226
1464,1310712,86.526524822695,88.8918024691358,83.3334,705,405,300
1465,1312465,90.4372908366534,88.5474809160305,92.5003333333333,753,393,360
1466,1312869,92.443362962963,94.4267688022284,90.1900632911392,675,359,316
1467,1313114,90.6642219215156,87.7793266832918,94.0868343195266,739,401,338
1468,1314305,90.563196347032,91.6903376623377,88.967794117647,657,385,272
1469,1315208,93.3235392320534,91.7510231023102,94.9332432432432,599,303,296
1470,1315412,87.4074222222222,90.4494694960212,83.5589261744966,675,377,298
1471,1317512,93.0747645429363,92.1184782608696,94.0688700564972,722,368,354
1472,1318145,90.2496226415094,90.0540883977901,90.5079562043796,636,362,274
1473,1318418,89.5874046920821,88.7314929577465,90.5166055045872,682,355,327
1474,1319124,81.1319245283019,70.6114503816794,91.4168656716418,530,262,268
1475,1319196,81.8189356984479,76.1743682310469,90.8048275862069,451,277,174
1476,1321289,92.8341520467836,92.9860975609756,92.6941573033708,684,328,356
1477,1321968,83.0848327137547,81.6838461538462,84.5281132075472,538,273,265
1478,1322702,92.6747746478873,92.522271468144,92.8325214899714,710,361,349
1479,1323437,92.8335333333333,92.5204421768707,93.1343464052288,600,294,306
1480,1324241,88.4916402877698,82.7386011904762,93.8761002785515,695,336,359
1481,1324897,93.5005071521456,91.4221179624665,95.4581818181818,769,373,396
1482,1326021,85.2596531791907,80.4124035608309,89.8611267605634,692,337,355
1483,1326871,95.7813642756681,92.1203636363636,98.9523097112861,711,330,381
1484,1327030,90.5259539918809,92.6622249388753,87.8782727272727,739,409,330
1485,1327201,90.0004814814815,89.5375182481752,90.4773684210526,810,411,399
1486,1328362,87.3510416666667,90.3745454545455,83.5564429530201,672,374,298
1487,1328398,91.8145591939547,90.500875,93.1482487309645,794,400,394
1488,1329337,87.4373684210526,94.8753846153846,76.4678571428571,589,351,238
1489,1330087,88.6786981132075,86.1218775510204,90.8766666666667,530,245,285
1490,1331822,91.2163328197227,96.2771276595745,84.2461538461538,649,376,273
1491,1331849,87.7875575221239,87.0362222222222,88.4752203389831,565,270,295
1492,1331859,88.317476635514,94.271875,79.4551162790698,642,384,258
1493,1336813,92.2719165378671,94.5133548387097,90.210059347181,647,310,337
1494,1336840,90.4604307692308,90.4191317365269,90.504082278481,650,334,316
1495,1336851,90.4139675516224,87.8509375,92.3066666666667,678,288,390
1496,1337369,86.7417630465444,92.8416397228637,77.1720289855073,709,433,276
1497,1337497,90.3511403508772,88.6865137614679,91.8758823529412,684,327,357
1498,1339708,83.5639212328767,72.1538396624473,91.3569740634006,584,237,347
1499,1339812,92.9350988700565,96.4634510869565,89.1161764705882,708,368,340
1500,1340064,91.6412379421222,90.5433108108108,92.6381288343558,622,296,326
1501,1342280,88.1927696793003,94.1035897435898,80.4048648648649,686,390,296
1502,1343511,83.3111697574893,80.5227906976744,85.9980112044818,701,344,357
1503,1343716,94.1338,90.0539267015707,98.3688858695652,750,382,368
1504,1344231,88.8348867313916,91.4933724340176,85.562166064982,618,341,277
1505,1345979,92.1301664145234,92.3253125,91.9078640776699,661,352,309
1506,1347467,88.6716542473919,94.5571502590674,80.7004210526316,671,386,285
1507,1347869,79.7887521968366,92.4007294832827,62.4998333333333,569,329,240
1508,1347899,89.2373417721519,91.8886486486487,86.9016666666667,632,296,336
1509,1348035,73.9715917602996,84.0001538461539,58.3769377990431,534,325,209
1510,1349152,95.0830327868852,96.3070712401056,93.7688385269122,732,379,353
1511,1350766,89.3718357487923,88.8204531722054,90.0011724137931,621,331,290
1512,1352142,69.3852721088435,43.2597872340426,93.4616993464052,588,282,306
1513,1352221,88.4557181208054,87.0780361757106,89.945,745,387,358
1514,1354204,94.0289925373134,93.0687128712871,94.998875,804,404,400
1515,1354314,93.5347904191617,94.018995215311,93.0494244604317,835,418,417
1516,1354405,90.4629955290611,93.8953488372093,86.8522018348624,671,344,327
1517,1355262,92.2843116490166,85.5264144736842,98.0389355742297,661,304,357
1518,1355939,75.507027027027,51.3396428571429,90.2176086956522,592,224,368
1519,1356596,89.6214866760168,90.8414356435644,88.0264724919094,713,404,309
1520,1356694,93.699094488189,96.2168085106383,90.5575221238938,762,423,339
1521,1356762,89.5160806451613,84.6735401459854,93.3509248554913,620,274,346
1522,1357381,93.4288961892247,92.665,94.1441984732824,761,368,393
1523,1357807,86.2496875,70.6638016528926,95.7265326633166,640,242,398
1524,1359821,93.7035732647815,91.7938717948718,95.623118556701,778,390,388
1525,1361274,85.9620970537262,83.3344230769231,89.0558113207547,577,312,265
1526,1361507,87.6607547169811,89.0098591549296,86.2268263473054,689,355,334
1527,1364051,91.1622853535354,92.3274100719424,89.8666666666667,792,417,375
1528,1366935,66.7241509433962,82.0350169491525,51.0411458333333,583,295,288
1529,1368602,93.731776119403,96.8542130750605,88.7140077821012,670,413,257
1530,1369549,92.5364507042253,87.925479876161,96.3848837209302,710,323,387
1531,1369650,92.9784837092732,92.5717865429234,93.4561035422343,798,431,367
1532,1371776,83.1237023593467,84.8729151291513,81.4307142857143,551,271,280
1533,1373931,84.257736131934,73.2153571428571,92.2470542635659,667,280,387
1534,1375838,3.14380894800484,4.39615740740741,1.77415189873418,827,432,395
1535,1375946,89.3282748538012,84.7823602484472,93.3718784530387,684,322,362
1536,1376724,96.2171033478894,94.5452467532467,98.3484437086093,687,385,302
1537,1380260,93.0472781065089,91.8606976744186,94.2767469879518,676,344,332
1538,1380491,93.3954447439353,91.0692857142857,96.0007428571428,742,392,350
1539,1381115,93.8540782122905,92.4985,95.57,716,400,316
1540,1381344,66.1389715189873,38.7653985507246,87.3611797752809,632,276,356
1541,1382279,86.5422316865417,91.3742587601078,78.2427777777778,587,371,216
1542,1382548,92.4391767881241,90.4116062176166,94.6438028169014,741,386,355
1543,1382624,93.9860601503759,95.805,92.3976901408451,665,310,355
1544,1382954,75.2833602584814,65.2753376205788,85.3888636363636,619,311,308
1545,1383138,83.7341438356164,87.6034770889488,76.9946009389671,584,371,213
1546,1383657,89.5440809443508,89.3903787878788,89.6674164133739,593,264,329
1547,1386180,83.5749758454106,86.7472289156627,79.9307266435986,621,332,289
1548,1386288,87.1107734056988,88.685,85.4351260504202,737,380,357
1549,1387077,95.5199019607843,97.1077631578947,93.7133532934132,714,380,334
1550,1387262,68.5746349206349,55.9360677966102,79.7041194029851,630,295,335
1551,1387745,89.2591197183099,89.8961616161616,88.5609594095941,568,297,271
1552,1388009,82.3525490196078,84.4185269121813,80,663,353,310
1553,1388469,88.9083272727273,92.9026351351351,84.2535433070866,550,296,254
1554,1392346,92.5812759643917,94.4748421052632,90.1338095238095,674,380,294
1555,1393483,93.1246875,93.3559040590406,92.9548780487805,640,271,369
1556,1393663,86.6542629482072,86.4267880794702,86.99775,502,302,200
1557,1395552,83.8369696969697,89.215,78.1228125,594,306,288
1558,1395575,82.316165884194,85.4054324324324,78.0669888475836,639,370,269
1559,1396676,94.736826625387,92.9221538461539,96.5741121495327,646,325,321
1560,1397424,92.5723,93.1639601139601,91.9772492836676,700,351,349
1561,1400367,92.1298148148148,87.9642592592593,96.2953703703704,648,324,324
1562,1401588,89.6139698492462,83.9861437908497,95.5318900343643,597,306,291
1563,1401671,91.1239053254438,92.9582394366197,88.787802690583,507,284,223
1564,1402956,87.0399419729207,79.1025373134328,92.0887341772152,517,201,316
1565,1403305,92.0239886039886,92.6117941952507,91.3342724458204,702,379,323
1566,1405164,96.5679253731343,96.4844281524927,96.6544680851064,670,341,329
1567,1405755,96.5951914893617,95.7008309455587,97.4719662921348,705,349,356
1568,1405976,92.7292892561983,91.7513861386139,93.7104304635762,605,303,302
1569,1406148,85.3597113402062,89.3132824427481,80.7147085201794,485,262,223
1570,1406536,72.8202028397566,57.9372532188841,86.1576153846154,493,233,260
1571,1406941,82.3428598848368,78.8483076923077,85.8240229885057,521,260,261
1572,1408020,95.5233734939759,93.6637333333333,97.5087544483986,581,300,281
1573,1410377,89.6151277955272,85.9526086956522,92.9640366972477,626,299,327
1574,1412682,88.7964480874317,90.1025,87.3552873563218,366,192,174
1575,1412688,75.710645994832,55.1343783783784,94.5552475247525,387,185,202
1576,1413709,92.50055,92.6410702341137,92.3609634551495,600,299,301
1577,1414566,89.1608092485549,94.79140625,82.1408441558441,692,384,308
1578,1414621,95.0329347826087,95.8921917808219,93.9088172043011,644,365,279
1579,1415256,88.5783895131086,87.60184,89.4380281690141,534,250,284
1580,1416484,94.5580241935484,93.2044,95.9336585365854,496,250,246
1581,1417062,90.558832,91.9964857142857,88.7290909090909,625,350,275
1582,1417759,93.6570450751252,93.8314285714286,93.4724742268041,599,308,291
1583,1418220,95.5764965986395,94.8696153846154,96.3755797101449,588,312,276
1584,1418368,86.9053027823241,90.1484179104478,82.9689130434783,611,335,276
1585,1418414,86.2177385159011,82.6898461538462,89.215294117647,566,260,306
1586,1418437,82.6835992217899,78.741220472441,86.535,514,254,260
1587,1422152,91.8634538878843,89.6829761904762,93.6889700996678,553,252,301
1588,1422776,93.5885648854962,94.7087186629526,92.23,655,359,296
1589,1422859,80.0363427561837,57.0811504424779,95.2947941176471,566,226,340
1590,1423231,83.903616636528,84.4633980582524,83.1947131147541,553,309,244
1591,1423415,83.4906279069767,78.4342352941176,90.8585142857143,430,255,175
1592,1425053,91.3201265822785,83.6479439252336,96.1633333333333,553,214,339
1593,1427044,87.6524162257496,85.0680555555555,90.3201433691756,567,288,279
1594,1427731,93.5060714285714,97.5446012269939,88.9662068965517,616,326,290
1595,1428040,95.8043778110945,94.5280691642651,97.188375,667,347,320
1596,1431040,91.7605229793978,91.1407594936709,92.382253968254,631,316,315
1597,1431091,91.504477124183,90.7061538461538,92.3347333333333,612,312,300
1598,1431580,90.0179862306368,92.1688855421687,87.1501204819277,581,332,249
1599,1431668,92.1742175572519,93.5334980988593,90.8045210727969,524,263,261
1600,1432582,85.3653095684803,85.9326235741445,84.8127037037037,533,263,270
1601,1434581,87.4489271255061,86.7135424354244,88.342600896861,494,271,223
1602,1434729,86.8747874306839,88.8098305084746,84.5543089430894,541,295,246
1603,1435226,95.0327226027397,92.5405084745763,97.5766782006921,584,295,289
1604,1435538,89.573829787234,89.6386055776892,89.4995890410959,470,251,219
1605,1436731,93.7020610687023,90.9442264150943,96.5237837837838,524,265,259
1606,1437124,92.4234431630972,90.5525407166124,94.338,607,307,300
1607,1437365,82.6574566473988,90.5997744360902,74.3070355731225,519,266,253
1608,1439079,93.737461928934,95.0632894736842,92.3331010452962,591,304,287
1609,1439713,91.6220677361854,90.3555,92.884128113879,561,280,281
1610,1440343,87.3199456521739,79.0248314606742,95.0911578947368,552,267,285
1611,1441077,70.7459958506224,43.9818518518519,92.4792857142857,482,216,266
1612,1442557,94.3572486772487,93.9036585365854,94.7048598130841,567,246,321
1613,1442586,86.3814837398374,88.8860493827161,83.9372690763052,492,243,249
1614,1442918,89.3539965095986,92.7442271293375,85.1559375,573,317,256
1615,1443009,92.675127388535,94.5887464387464,90.2502888086643,628,351,277
1616,1443180,90.8008695652174,90.4609846153846,91.2054945054945,598,325,273
1617,1443262,85.9332562620424,93.1452336448598,74.2411111111111,519,321,198
1618,1444067,94.4353280318091,95.3918085106383,93.2148416289593,503,282,221
1619,1444323,88.090359168242,86.7787190082645,89.1963414634146,529,242,287
1620,1444981,89.5615384615385,93.0712211221122,85.1852674897119,546,303,243
1621,1445851,92.6620307167235,93.1655755395683,92.2075324675325,586,278,308
1622,1446133,90.6553287197232,92.2541750841751,88.9654448398577,578,297,281
1623,1446212,74.2006392694064,68.9992,78.5715966386555,438,200,238
1624,1447359,94.1381501831502,89.3973232323232,96.8355172413793,546,198,348
1625,1448663,82.7285236768802,87.3090862944162,77.1583333333333,359,197,162
1626,1448668,86.6829918032787,76.0438541666667,93.5840540540541,488,192,296
1627,1449411,91.0385061511423,93.1456074766355,88.3111693548387,569,321,248
1628,1450124,87.344385026738,82.8338059701493,91.4701023890785,561,268,293
1629,1451391,92.6334736842105,90.5568078175896,94.4143016759777,665,307,358
1630,1451721,84.0555708661417,89.0474204946996,77.7769333333333,508,283,225
1631,1451982,90.0169868173258,87.5455252918288,92.3351094890511,531,257,274
1632,1453645,94.00184,98.2265680473373,85.1872839506173,500,338,162
1633,1454364,92.8816666666667,89.670110701107,95.3898270893372,618,271,347
1634,1454406,97.1951612903226,97.7070200573066,96.7043956043956,713,349,364
1635,1455945,86.6328819444444,80.0843089430894,91.5145454545455,576,246,330
1636,1455981,90.7357118353345,93.6902702702703,86.80024,583,333,250
1637,1456459,96.6868222891566,96.3750453172205,96.9967267267267,664,331,333
1638,1456623,91.3122316865417,95.5692405063291,86.3483394833948,587,316,271
1639,1456854,94.0443260188088,93.7513068181818,94.404965034965,638,352,286
1640,1457667,93.0756927710843,89.6908125,96.2244186046511,664,320,344
1641,1457924,89.9643367346939,80.9972666666667,99.3050347222222,588,300,288
1642,1460904,93.566452173913,89.7543462897527,97.2610616438356,575,283,292
1643,1461876,93.7483639705882,96.4509219858156,90.8395038167939,544,282,262
1644,1462278,66.2483214285714,79.9253046594982,52.6686832740213,560,279,281
1645,1462287,75.5046516853933,76.1896825396825,74.99890625,445,189,256
1646,1462310,88.9684086799277,89.4315849056604,88.5422222222222,553,265,288
1647,1462626,85.3482802547771,83.4160975609756,86.8373684210526,471,205,266
1648,1463138,89.1961111111111,86.3317333333333,91.6654022988506,648,300,348
1649,1465037,83.1695694716243,91.2128870292887,76.1020955882353,511,239,272
1650,1465246,94.8462116991643,96.447650273224,93.1810795454545,718,366,352
1651,1465719,92.1786033519553,89.5830952380952,94.4735789473684,716,336,380
1652,1466016,92.6324058919804,92.8545341614907,92.3849134948097,611,322,289
1653,1466807,86.1710621242485,77.3558490566038,96.1541025641026,499,265,234
1654,1469218,88.2069628432956,82.3350883392226,93.152619047619,619,283,336
1655,1469442,92.7127966101695,89.0988721804511,95.6797839506173,590,266,324
1656,1470123,96.4020431654676,93.9195136778116,98.633606557377,695,329,366
1657,1471018,91.38375,89.1763432835821,93.2096296296296,592,268,324
1658,1471138,93.967294332724,92.2437142857143,95.3655629139073,547,245,302
1659,1477561,93.0992024539877,90.8197049180328,95.102795389049,652,305,347
1660,1481790,69.1465957446809,57.73,77.1713043478261,470,194,276
1661,1483376,88.0086847195358,86.0690163934426,89.7423076923077,517,244,273
1662,1483928,87.8779425837321,94.303487544484,82.6595086705202,627,281,346
1663,1484334,94.1772431506849,91.1973591549296,96.9982,584,284,300
1664,1484754,94.4993666666667,97.1402222222222,91.5805263157895,600,315,285
1665,1485825,93.2886577181208,93.8589473684211,92.5207874015748,596,342,254
1666,1486060,87.3889347826087,79.9038755980861,93.6215139442231,460,209,251
1667,1486618,96.5230060422961,95.5182985074627,97.5522935779816,662,335,327
1668,1487427,75.1310582010582,69.7178169014085,80.5634275618375,567,284,283
1669,1487521,92.5346590909091,92.8169760479042,92.2002836879433,616,334,282
1670,1488015,93.5479127134725,89.907003058104,99.5008,527,327,200
1671,1488597,95.8722018348624,94.2619672131148,97.9185416666667,654,366,288
1672,1489158,92.856801948052,92.9016975308642,92.8069863013699,616,324,292
1673,1491048,94.0586587436333,93.3576223776224,94.7203630363036,589,286,303
1674,1491319,95.7705691056911,95.4649575070822,96.1823282442748,615,353,262
1675,1491540,96.2442410015649,93.7302507836991,98.750375,639,319,320
1676,1491832,89.0989473684211,85.94303514377,93.6094520547945,532,313,219
1677,1491940,96.3397364568082,93.7147428571429,99.0987387387387,683,350,333
1678,1492042,96.0654740608229,93.9105128205128,98.7875303643725,559,312,247
1679,1492381,88.955484496124,94.2405423728814,81.9007692307692,516,295,221
1680,1492530,90.6467446043165,90.7761623616236,90.5236842105263,556,271,285
1681,1492583,98.7832,99.3525324675325,98.1264419475656,575,308,267
1682,1493325,97.1865026362039,95.8998360655738,98.1524923076923,569,244,325
1683,1493746,93.7847080979284,98.124,87.2037914691943,531,320,211
1684,1494699,89.2105035971223,85.5158878504673,93.1053201970443,417,214,203
1685,1494783,93.8988813559322,91.6390909090909,95.8717142857143,590,275,315
1686,1495062,96.1320672268908,95.6153784860558,96.5090697674419,595,251,344
1687,1496768,86.1924276169265,71.6648888888889,95.9134572490706,449,180,269
1688,1498610,90.2722957198444,85.0274251497006,92.7964841498559,514,167,347
1689,1498761,92.1415913555992,91.0576422764228,93.1554752851711,509,246,263
1690,1498917,64.3209389671362,33.9558139534884,95.2617061611374,426,215,211
1691,1499058,94.7716923076923,92.0731034482759,96.9455555555556,650,290,360
1692,1499432,96.239007518797,95.3919503546099,96.8626892950392,665,282,383
1693,1500035,96.8516377952756,93.9643396226415,98.9195675675676,635,265,370
1694,1501448,97.8021840659341,97.0517699115044,98.4561439588689,728,339,389
1695,1501961,88.0035273368607,84.8665682656827,90.8755405405405,567,271,296
1696,1502709,94.2119561815337,94.8829819277108,93.4862866449511,639,332,307
1697,1502811,94.250015128593,93.2289230769231,95.2376785714286,661,325,336
1698,1503135,96.16598820059,96.8380696202532,95.5793093922652,678,316,362
1699,1503661,87.358210180624,85.9079194630872,88.7478778135048,609,298,311
1700,1504089,91.6029618320611,91.6174850299401,91.5878504672897,655,334,321
1701,1504127,95.8646676514033,95.7698677248677,95.9845150501672,677,378,299
1702,1504325,92.3486956521739,89.2477777777778,95.2715202702703,575,279,296
1703,1505162,92.9908878504673,89.8373114754098,95.8450148367953,642,305,337
1704,1506055,97.1331674208145,95.1375987841945,99.0988622754491,663,329,334
1705,1506668,96.1177795031056,94.7513888888889,97.50125,644,324,320
1706,1507649,94.6918296089386,90.4170658682635,98.4294502617801,716,334,382
1707,1508562,84.1361275272162,86.2386850152905,81.9603797468354,643,327,316
1708,1509140,86.9832618683001,77.0273648648649,95.2380112044818,653,296,357
1709,1509199,93.0512203389831,90.1737894736842,95.7399672131148,590,285,305
1710,1510995,87.6961516452074,81.399756097561,93.2627762803235,699,328,371
1711,1511468,91.2981937602627,92.1576470588235,90.4302310231023,609,306,303
1712,1511591,97.6561639824304,97.5502173913043,97.7799365079365,683,368,315
1713,1512251,94.5971254355401,93.593993902439,95.9346341463415,574,328,246
1714,1513390,90.6741450777202,93.5708571428572,87.9615050167224,579,280,299
1715,1513459,97.3378151260504,97.4596610169492,97.218,714,354,360
1716,1516368,95.9886419753086,93.3791390728477,98.2663005780347,648,302,346
1717,1516641,86.3086464968153,91.6949230769231,80.5312871287129,628,325,303
1718,1516845,95.9505247376312,96.9418348623853,94.9971176470588,667,327,340
1719,1516948,93.3554113924051,89.0438869257951,96.8515759312321,632,283,349
1720,1517140,86.684046997389,72.501125,96.860134529148,383,160,223
1721,1519158,93.7106953642384,91.9586713286713,95.2864150943396,604,286,318
1722,1521499,95.0858959537572,97.1344791666667,92.5318181818182,692,384,308
1723,1528311,95.4756990679095,94.0904370179949,96.9642817679558,751,389,362
1724,1528386,92.2987915407855,86.3507508532423,97.0217615176152,662,293,369
1725,1529595,93.4186837294333,95.0443962848297,91.0744642857143,547,323,224
1726,1529811,86.4209105960265,84.9383397683398,87.5339130434783,604,259,345
1727,1531195,90.2450762195122,82.625,95.9906951871658,656,282,374
1728,1531437,93.8281790123457,91.7722784810127,95.785,648,316,332
1729,1532039,94.716495132128,93.3342608695652,95.991550802139,719,345,374
1730,1532475,84.6037601296596,84.2984615384616,84.9160655737705,617,312,305
1731,1534612,95.4982958199357,92.3967300380228,97.7704735376045,622,263,359
1732,1534971,93.7897826086956,92.0004,95.1233333333333,644,275,369
1733,1535172,88.2642458100559,86.7666926070039,89.6387857142857,537,257,280
1734,1536494,93.0055643879173,88.190157480315,96.2672,629,254,375
1735,1536697,78.4197687861272,71.8790625,83.3862711864407,519,224,295
1736,1537315,86.8119365609349,87.3258904109589,86.3230944625407,599,292,307
1737,1538725,93.2233223140496,88.4247368421053,97.4970625,605,285,320
1738,1538904,91.6815551537071,85.1848971193416,96.7740967741936,553,243,310
1739,1539133,85.1124618320611,72.9697297297297,94.0385761589404,524,222,302
1740,1539436,83.6017845659164,84.7571036585366,82.3128571428571,622,328,294
1741,1540597,86.2248809523809,80.7269090909091,91.0553674121406,588,275,313
1742,1540907,90.1836196319018,83.3355102040816,95.8074860335196,652,294,358
1743,1540966,94.6896460176991,91.4270476190476,96.6196338028169,565,210,355
1744,1541412,80.0698412698413,66.2733333333333,91.3458333333333,567,255,312
1745,1541481,77.4351794871795,73.7378417266187,80.7832573289902,585,278,307
1746,1541893,86.0287225548902,85.9738848920863,86.0970852017937,501,278,223
1747,1542565,88.1470689655172,94.3675704225352,78.3325,464,284,180
1748,1543048,97.7079816513762,96.1798089171974,99.1192941176471,654,314,340
1749,1544245,34.0863661971831,29.9155555555556,38.1642339832869,710,351,359
1750,1544275,50.7437053571429,51.1909821428571,50.2964285714286,672,336,336
1751,1544316,53.0481219110379,55.9119808306709,49.9991836734694,607,313,294
1752,1545018,92.7177317880795,90.0027777777778,94.9124550898204,604,270,334
1753,1545180,95.7397664835165,95.9984,95.500291005291,728,350,378
1754,1545775,78.8374402730375,92.512994011976,60.7119047619048,586,334,252
1755,1546205,92.1723787167449,95.6990544412607,87.9282068965517,639,349,290
1756,1548064,92.8455178907721,94.3781124497992,91.4922695035461,531,249,282
1757,1548411,84.5732571428571,80.4990425531915,89.3013580246914,525,282,243
1758,1549012,52.5808353808354,21.0769506726457,90.7621739130435,407,223,184
1759,1549163,92.348231292517,90.9380362537764,94.1644747081712,588,331,257
1760,1549425,89.1355517241379,85.1047416413374,94.4189641434263,580,329,251
1761,1549799,91.4146632996633,95.6368456375839,87.1639527027027,594,298,296
1762,1549992,90.8772117039587,86.3821276595745,93.9302312138728,581,235,346
1763,1550271,93.3424508320726,92.0246012269939,94.6248955223881,661,326,335
1764,1553900,95.1629618768328,94.2253191489362,96.0368555240793,682,329,353
1765,1553965,94.9829773462783,91.01609375,97.7882872928177,618,256,362
1766,1556837,95.2399470899471,93.3799337748344,97.3596603773585,567,302,265
1767,1557329,97.5089580093313,95.939557195572,98.6522580645161,643,271,372
1768,1557379,94.844796875,95.5401910828026,94.175,640,314,326
1769,1557445,97.0982442748092,94.2925503355705,99.4402521008403,655,298,357
1770,1557623,93.8228987993139,92.3885144927536,95.1124429967427,583,276,307
1771,1557910,97.9393621013133,98.2074439461883,97.7465161290323,533,223,310
1772,1557992,86.371465076661,95.6087162162162,76.975498281787,587,296,291
1773,1559423,92.3337757009346,91.8410638297872,92.8829644268775,535,282,253
1774,1559495,94.4429032258064,95.8845679012346,93.3307619047619,558,243,315
1775,1560704,95.195988909427,92.7682978723404,97.0603921568627,541,235,306
1776,1562898,91.3353971119134,87.4575609756098,95.5037078651686,554,287,267
1777,1564297,94.5782530120482,89.4982648401827,98.565770609319,498,219,279
1778,1564312,93.8639711191336,86.3266666666667,99.375625,554,234,320
1779,1564932,72.5414549180328,83.562397260274,56.1225,488,292,196
1780,1565052,68.0671428571429,75.5312765957447,57.2172164948454,476,282,194
1781,1565371,94.3039679715303,94.2159523809524,94.4005223880597,562,294,268
1782,1566821,95.2395809523809,97.0355192878338,92.0202659574468,525,337,188
1783,1566916,96.7270545454545,96.2131230283912,97.4262660944206,550,317,233
1784,1567545,12.586719858156,13.0433110367893,12.0715471698113,564,299,265
1785,1567935,92.534047151277,93.7487867647059,91.1399156118143,509,272,237
1786,1568694,88.0960173160173,94.1403448275862,77.905,462,290,172
1787,1569527,87.3010582010582,90.3755614973262,84.290942408377,378,187,191
1788,1570585,78.9749065420561,54.3877777777778,95.3344357976654,428,171,257
1789,1571231,88.6845858585858,88.4756505576208,88.9332743362832,495,269,226
1790,1571784,97.0937606837607,97.5252650176678,96.6894039735099,585,283,302
1791,1571977,92.2153293413174,93.41670781893,91.0837984496124,501,243,258
1792,1572589,86.975023255814,79.3980904522613,93.5023376623377,430,199,231
1793,1572740,94.103711790393,91.5555555555556,96.5643776824034,458,225,233
1794,1573266,96.1015593220339,95.8637931034483,96.3314,590,290,300
1795,1573783,96.3467130434783,94.2622222222222,98.3114864864865,575,279,296
1796,1573866,95.0336130136986,94.6480602006689,95.4381052631579,584,299,285
1797,1574665,81.9264788732394,75.3850769230769,87.4484415584416,426,195,231
1798,1574705,87.1877669902913,74.774495412844,96.2991919191919,515,218,297
1799,1576776,93.5999480968858,91.250625,96.5138372093023,578,320,258
1800,1581118,95.2186602870813,96.8592452830189,93.5302912621359,627,318,309
1801,1582105,90.7750733752621,90.9705902777778,90.4771428571429,477,288,189
1802,1583636,79.6792629482072,91.1215358361775,63.6381818181818,502,293,209
1803,1584016,92.1914095238095,90.3005223880597,94.1632295719844,525,268,257
1804,1585120,94.6736605657238,98.170243902439,90.4726373626374,601,328,273
1805,1586069,89.7804562043796,96.627208588957,79.7262162162162,548,326,222
1806,1586333,92.8584551495017,84.9368619246862,98.0740495867769,602,239,363
1807,1587403,95.7326901669759,94.7154716981132,96.716496350365,539,265,274
1808,1587618,95.340248447205,95.6654666666667,95.0566279069767,644,300,344
1809,1587998,95.7806329113924,95.652463768116,95.9592929292929,474,276,198
1810,1588401,97.2316307692308,96.3792105263158,97.9805780346821,650,304,346
1811,1588784,93.9146177847114,95.5120833333333,92.3996960486322,641,312,329
1812,1589714,96.8421804511278,95.5390445859873,98.0079487179487,665,314,351
1813,1590108,95.2460511882998,95.2049315068493,95.293137254902,547,292,255
1814,1590133,94.0196179401993,89.5914126394052,97.5967567567568,602,269,333
1815,1590202,96.3069076923077,93.9613758389262,98.2926136363636,650,298,352
1816,1591120,81.692152917505,91.2123076923077,70.0894642857143,497,273,224
1817,1591237,96.7201727115717,96.4682685512367,96.9610135135135,579,283,296
1818,1591332,94.0210299003322,91.1775735294118,96.3647272727273,602,272,330
1819,1591442,94.1119312602291,94.9444047619048,93.0948,611,336,275
1820,1591976,94.3980560420315,92.5677695167286,96.0283443708609,571,269,302
1821,1592199,95.694322169059,95.7646892655367,95.6030769230769,627,354,273
1822,1593360,94.8439594843462,95.0865606936416,94.4178680203046,543,346,197
1823,1593710,89.130652173913,95.746990881459,79.3693273542601,552,329,223
1824,1593842,95.496599378882,93.5154012345679,97.5025625,644,324,320
1825,1594128,94.2204203152364,93.2797899159664,94.8927027027027,571,238,333
1826,1594210,94.1267319277108,90.4017956656347,97.6550439882698,664,323,341
1827,1594225,93.7057247437774,89.8219760479042,97.4225501432665,683,334,349
1828,1594602,96.1313356766257,95.0644078947368,97.3552830188679,569,304,265
1829,1596253,82.9733722871452,83.4431818181818,82.476116838488,599,308,291
1830,1596918,92.2602928870293,89.3614468085106,95.0637037037037,478,235,243
1831,1596926,96.3233272058824,95.1426315789474,97.3052525252525,544,247,297
1832,1596983,99.1270451237263,98.7453918495298,99.4578804347826,687,319,368
1833,1597932,91.8414048338369,94.1010112359551,89.2125816993464,662,356,306
1834,1598800,91.7890328467153,89.4124705882353,93.8573720136519,548,255,293
1835,1601014,95.7906634304207,93.6499365079365,98.0161716171617,618,315,303
1836,1601746,96.8327,98.1558153846154,95.2690181818182,600,325,275
1837,1601855,91.4644880546075,92.8302389078498,90.0987372013652,586,293,293
1838,1602062,88.1606907894737,95.8945205479452,76.5440329218107,608,365,243
1839,1606008,96.8394944707741,96.0843373493976,97.6724252491694,633,332,301
1840,1606136,93.4631625441696,96.9618243243243,89.6275925925926,566,296,270
1841,1606463,96.1346890756302,95.2040590405904,96.9130864197531,595,271,324
1842,1611650,83.4844144144144,88.6409090909091,77.7038853503185,333,176,157
1843,1612164,97.5332665639445,98.3311,96.8474498567335,649,300,349
1844,1614915,88.348007518797,76.9595852534562,96.1933650793651,532,217,315
1845,1616380,95.0635350318471,96.8285915492958,93.6063372093023,628,284,344
1846,1618429,84.5419765166341,80.6461751152074,87.4174489795918,511,217,294
1847,1618706,92.2825779967159,93.4904437869823,90.7760885608856,609,338,271
1848,1618984,93.4076459510358,97.025873605948,89.6927480916031,531,269,262
1849,1620501,96.0266225165563,95.8614649681529,96.2054482758621,604,314,290
1850,1623113,90.108064516129,92.3082307692308,87.3176097560976,465,260,205
1851,1623276,94.8751802656546,95.8323958333333,93.7217154811715,527,288,239
1852,1623912,94.5698127340824,93.96,95.3398305084746,534,298,236
1853,1624575,95.383264957265,94.4063157894737,96.4401779359431,585,304,281
1854,1625831,94.7468888888889,90.8221256038647,97.5678125,495,207,288
1855,1627571,96.6653148148148,95.7988167938931,97.4819424460432,540,262,278
1856,1627697,96.1834340222576,97.0578823529412,95.1546712802768,629,340,289
1857,1628573,96.6556382978723,97.290162601626,95.8454671280277,658,369,289
1858,1628669,95.8134505862647,93.795802919708,97.5250154798762,597,274,323
1859,1630138,74.1411345646438,92.1550980392157,53.142,379,204,175
1860,1630144,91.3875210084034,95.1568512110727,85.562192513369,476,289,187
1861,1631442,88.221673553719,94.6024761904762,76.3284615384616,484,315,169
1862,1632093,90.3440241448692,90.4626148409894,90.1871962616822,497,283,214
1863,1633159,76.0824829157175,91.5528169014084,61.5020353982301,439,213,226
1864,1633203,89.2408227848101,90.9415849056604,87.0843540669857,474,265,209
1865,1633249,95.7064387917329,96.9207692307692,94.4082236842105,629,325,304
1866,1633413,96.989381270903,96.9711818181818,97.0117910447761,598,330,268
1867,1633930,98.8592345276873,98.3593114754098,99.3526860841424,614,305,309
1868,1633962,96.2123106060606,95.9278518518519,96.51,528,270,258
1869,1634043,95.2247281713344,93.73036900369,96.43,607,271,336
1870,1634123,88.677033492823,82.6794117647059,94.3943925233645,627,306,321
1871,1634693,95.3153693693694,93.1808333333333,97.2518556701031,555,264,291
1872,1635013,91.186523929471,89.0193181818182,95.4883458646617,397,264,133
1873,1635457,92.4277816901408,94.4091304347826,89.8343089430894,568,322,246
1874,1635610,89.8179022403259,94.2032246376812,84.1883720930233,491,276,215
1875,1636348,92.477474916388,96.3542553191489,87.7359851301115,598,329,269
1876,1636558,96.9637936267071,99.4371428571428,94.04,659,357,302
1877,1636711,96.7207488299532,98.2729885057471,94.877133105802,641,348,293
1878,1637199,62.7438725490196,45.5471727748691,77.8801382488479,408,191,217
1879,1637791,96.6049101796407,97.1652631578947,96.06,501,247,254
1880,1637889,96.0386037735849,97.6620093457944,94.9392088607595,530,214,316
1881,1638088,90.5368392857143,84.8385245901639,94.9368037974684,560,244,316
1882,1638210,93.4040439932318,94.588949044586,92.0608664259928,591,314,277
1883,1638729,84.77,83.1685148514852,86.0588446215139,453,202,251
1884,1639313,94.171472392638,96.3469662921348,91.555,652,356,296
1885,1639352,93.3049460043197,89.443850931677,95.3633443708609,463,161,302
1886,1639370,96.661175616836,97.7465070422535,95.5076047904192,689,355,334
1887,1639390,97.376393442623,96.5395597484277,98.2877397260274,610,318,292
1888,1640173,95.126119133574,96.0005,94.0933858267717,554,300,254
1889,1640968,94.1634463276836,92.0353982300885,95.7402950819672,531,226,305
1890,1642788,97.5507344632768,96.0970731707317,98.4648466257669,531,205,326
1891,1643098,88.4876258992806,84.5576470588235,92.2515492957747,556,272,284
1892,1643623,94.2808686440678,90.699488372093,97.2769649805447,472,215,257
1893,1644915,97.3732183908046,98.7220766773163,95.9468918918919,609,313,296
1894,1645085,45.0382442748092,37.0916913946588,53.4595911949686,655,337,318
1895,1645108,93.0472847682119,96.4423624595469,89.4910847457627,604,309,295
1896,1645217,95.3383870967742,95.4846992481203,95.205102739726,558,266,292
1897,1645868,96.9526095238095,96.7121897810219,97.2150597609562,525,274,251
1898,1647536,95.0438230088496,93.7226778242678,96.0123926380368,565,239,326
1899,1647895,94.7798042414356,96.2490443686007,93.43453125,613,293,320
1900,1652823,89.6838269550749,85.2220618556701,93.8721290322581,601,291,310
1901,1653255,95.4840798611111,96.2023101265823,94.6111538461539,576,316,260
1902,1653335,97.7238975817923,97.5457765667575,97.9184523809524,703,367,336
1903,1653459,95.3579491017964,97.615,92.416,668,378,290
1904,1653487,97.2579942279942,98.6398097826087,95.6933538461538,693,368,325
1905,1653616,91.7217052980132,96.8063897763578,86.2526116838488,604,313,291
1906,1656084,94.6577448071217,94.7959537572254,94.5119512195122,674,346,328
1907,1656645,95.7985783521809,92.3650909090909,98.5433720930233,619,275,344
1908,1656831,98.3324333333333,96.7302614379085,100,600,306,294
1909,1657452,96.5615994020927,98.3908042895442,94.2565540540541,669,373,296
1910,1659411,88.9607726269316,92.5928042328042,86.3605681818182,453,189,264
1911,1661566,97.0596323529412,97.8672,96.0667213114754,680,375,305
1912,1662475,58.4343827160494,51.68,64.9164112903226,486,238,248
1913,1664095,87.560756302521,91.2157223796034,82.2293388429752,595,353,242
1914,1665169,93.0372325976231,88.6856934306569,96.822380952381,589,274,315
1915,1665962,92.255202020202,93.9009146341463,90.2259022556391,594,328,266
1916,1666709,93.8660817717206,88.5020689655172,98.1605828220859,587,261,326
1917,1667350,96.5263241678727,95.6408991825613,97.5292592592593,691,367,324
1918,1667513,97.9717101449275,97.2606849315069,98.7702461538462,690,365,325
1919,1667603,96.0906766917293,98.0192067988668,93.9087179487179,665,353,312
1920,1669168,96.5242447129909,95.0746153846154,97.9222551928784,662,325,337
1921,1669894,96.71790625,93.3096478873239,99.4368539325843,640,284,356
1922,1671220,97.5056386292835,99.4630933333333,94.756404494382,642,375,267
1923,1672038,97.6565585585586,97.5833333333333,97.7001149425287,555,207,348
1924,1672104,90.185037037037,74.4682978723404,98.5792045454546,540,188,352
1925,1673034,98.2868571428571,97.1435428571428,99.4301714285714,700,350,350
1926,1676255,97.0081770833333,96.9903287671233,97.0243424317618,768,365,403
1927,1676905,97.7046275071633,98.5567435158501,96.8622222222222,698,347,351
1928,1679486,99.0573180592992,99.1870189701897,98.9290080428954,742,369,373
1929,1679593,94.8073469387755,91.5161623616236,98.1353731343283,539,271,268
1930,1679680,69.0554885993485,62.0077419354839,74.9251044776119,614,279,335
1931,1679892,93.0180566037736,85.4481690140845,98.1044479495268,530,213,317
1932,1683559,87.497676056338,94.9082035928144,76.9202564102564,568,334,234
1933,1684747,93.703345323741,97.9514035087719,86.9143925233645,556,342,214
1934,1685680,95.6014719271624,98.2495488721805,91.5376923076923,659,399,260
1935,1690112,31.5796240601504,19.5977809798271,44.6541509433962,665,347,318
1936,1692090,99.2689619883041,98.6910209424084,100,684,382,302
1937,1692605,97.6644093406593,96.3457303370787,98.9263709677419,728,356,372
1938,1694337,97.2557012195122,97.45,97.0293399339934,656,353,303
1939,1694469,97.8137026239067,97.3979768786127,98.2367647058824,686,346,340
1940,1698455,94.8645817490494,99.0038410596026,89.2839732142857,526,302,224
1941,1700599,93.27925,90.4738461538462,95.3661035422343,640,273,367
1942,1701716,93.8592673267327,92.6729299363057,95.8095811518325,505,314,191
1943,1701861,96.1541730769231,95.9239498432602,96.519552238806,520,319,201
1944,1703232,98.0333836858006,98.568,97.4336538461538,662,350,312
1945,1707626,97.4105825242719,95.6870503597122,98.8198235294118,618,278,340
1946,1709254,96.9640134907251,96.0439568345324,97.776,593,278,315
1947,1709319,97.0666340508806,96.5674248927039,97.485035971223,511,233,278
1948,1709372,94.4253531598513,92.5010714285714,96.5137209302326,538,280,258
1949,1710696,97.5336184210526,96.2976430976431,98.7139549839228,608,297,311
1950,1712873,91.9111764705882,88.308064516129,94.93,544,248,296
1951,1714297,97.9815062111801,98.1345652173913,97.828447204969,644,322,322
1952,1714810,89.7413214990138,79.7086956521739,96.6638333333333,507,207,300
1953,1716147,94.5753579175705,91.5863551401869,97.165020242915,461,214,247
1954,1718626,98.440294627383,97.2579794520548,99.651649122807,577,292,285
1955,1718877,97.6682653061224,97.9414705882353,97.3997976878613,686,340,346
1956,1719115,97.2870169491525,96.2284150943396,98.1501846153846,590,265,325
1957,1719344,93.7621100917431,91.2064814814815,95.4399696048632,545,216,329
1958,1719360,91.0329272419628,78.0700877192982,99.1748760330578,591,228,363
1959,1719460,91.6507282415631,84.7832173913043,96.3940540540541,563,230,333
1960,1720372,90.8017221135029,85.5936440677966,95.2712,511,236,275
1961,1720734,95.372,93.3591362126246,97.365,605,301,304
1962,1721181,96.6217323943662,98.3520054945055,94.8014450867052,710,364,346
1963,1722147,85.2944117647059,89.9993333333333,80.6581751824817,544,270,274
1964,1724484,94.8928665568369,88.4115021459227,98.9307219251337,607,233,374
1965,1726292,92.986590538336,95.211377245509,90.3232258064516,613,334,279
1966,1726570,94.5578796561605,95.316875,93.6296815286624,698,384,314
1967,1726664,93.0841843971631,99.372875,84.8367213114754,564,320,244
1968,1727867,93.1687666034155,85.8808235294118,96.6392156862745,527,170,357
1969,1729039,90.7530136986301,95.00021875,85.6048863636364,584,320,264
1970,1729111,90.0771181102362,95.6392098092643,82.4603731343283,635,367,268
1971,1729493,81.9994363636364,91.3496885813149,71.646091954023,550,289,261
1972,1729997,93.1267430441899,93.3345,92.828764940239,611,360,251
1973,1730211,39.254404973357,28.1712676056338,50.536164874552,563,284,279
1974,1732094,96.5899461400359,95.5932881355932,97.7121374045802,557,295,262
1975,1732964,87.3953925619835,71.0531578947369,97.9567006802721,484,190,294
1976,1733168,93.0551857835218,91.1550442477876,95.3557142857143,619,339,280
1977,1734344,91.9916524701874,95.0948228882834,86.815,587,367,220
1978,1736404,82.3083886255924,95.4816101694915,65.5939784946237,633,354,279
1979,1736667,95.7512291350531,97.222037037037,94.3287164179104,659,324,335
1980,1739583,92.3359252336449,84.7830434782609,98.0315409836066,535,230,305
1981,1739645,94.7493216630197,91.1395780590717,98.638,457,237,220
1982,1740100,98.1288776978417,96.7813450292398,99.4344192634561,695,342,353
1983,1741106,96.5094233687405,94.040761589404,98.5977591036415,659,302,357
1984,1741466,95.8679504132231,96.4081437125749,95.2021771217712,605,334,271
1985,1742116,92.2389241622575,97.7557983193277,82.8602380952381,567,357,210
1986,1742137,96.0794117647059,98.6037430167598,93.1164262295082,663,358,305
1987,1742881,94.7032710280374,94.9642953020134,94.4771511627907,642,298,344
1988,1743859,98.0056837606838,98.8920221606648,97.0673607038123,702,361,341
1989,1744983,92.5854308617235,86.9573429951691,96.5752054794521,499,207,292
1990,1745994,96.7679588839941,96.3894444444444,97.19246105919,681,360,321
1991,1746696,95.6429616724739,92.4893675889328,98.1285046728972,574,253,321
1992,1747514,75.3795454545455,74.4876543209877,76.14,528,243,285
1993,1749416,95.030707456979,95.181686746988,94.893503649635,523,249,274
1994,1749885,96.1159179265659,98.1630061349693,91.2447445255474,463,326,137
1995,1750372,92.5662025316456,90.407306501548,94.8229126213592,632,323,309
1996,1750753,92.6975862068966,91.6653787878788,93.8875545851528,493,264,229
1997,1750858,70.1304155844156,61.4457831325301,76.7132876712329,385,166,219
1998,1751001,90.9285340314136,88.2157794676806,93.23,573,263,310
1999,1751092,94.37559375,97.5240866873065,91.1675078864353,640,323,317
2000,1755299,95.9374020319303,92.6162769230769,98.9026923076923,689,325,364
2001,1755389,98.3434841628959,98.4689877300613,98.2220771513353,663,326,337
2002,1755751,96.1042857142857,92.033187250996,98.9038630136986,616,251,365
2003,1755812,94.8439518900344,92.9827368421053,96.6299663299663,582,285,297
2004,1755856,95.4331050228311,95.8489776357827,95.0547093023256,657,313,344
2005,1756569,98.658,97.7632587859425,99.4424649859944,670,313,357
2006,1756685,99.0405342465753,99.208654353562,98.8590028490028,730,379,351
2007,1756936,98.5131352154532,98.1932831325301,98.8245454545454,673,332,341
2008,1758217,97.2802416918429,94.442962962963,100,662,324,338
2009,1758520,87.802,96.5833333333333,67.1157718120805,500,351,149
2010,1759123,92.5732789855072,92.7500604229607,92.3085067873303,552,331,221
2011,1760251,96.9124228395062,96.3475280898876,97.6011301369863,648,356,292
2012,1761641,95.7469606299213,91.560375,100,635,320,315
2013,1765189,96.1708100147276,92.6027810650887,99.7074486803519,679,338,341
2014,1768384,82.0419769357496,79.8562589928058,83.8888753799392,607,278,329
2015,1770192,94.3801872659176,89.8219469026549,97.7248701298701,534,226,308
2016,1771195,96.4544962686567,97.6665666666667,94.9137288135593,536,300,236
2017,1771282,94.2396858638743,93.1888172043011,95.2369387755102,573,279,294
2018,1771817,96.6792879746835,97.7882278481013,95.5703481012658,632,316,316
2019,1773465,99.6903421461897,100,99.3758307210031,643,324,319
2020,1774008,97.3154186413902,96.4851757188498,98.1275,633,313,320
2021,1775124,96.1926986754967,94.484275862069,97.7705414012739,604,290,314
2022,1775690,85.9011496746204,85.9918287937743,85.7869117647059,461,257,204
2023,1776753,98.6274226804124,98.8133333333333,98.3734959349594,582,336,246
2024,1776801,98.7665485362096,99.0654658385093,98.4722018348624,649,322,327
2025,1777688,83.150088691796,82.2724545454545,83.9859307359307,451,220,231
2026,1778963,97.873977086743,99.4302005730659,95.8009923664122,611,349,262
2027,1780591,98.561472,98.4953915662651,98.6363481228669,625,332,293
2028,1781129,90.3829020979021,83.1381176470588,96.2107255520505,572,255,317
2029,1781271,88.1166910420475,97.3682706766917,79.3589679715302,547,266,281
2030,1781501,98.4692190152801,98.5157777777778,98.4298119122257,589,270,319
2031,1781775,95.1898969072165,90.5110218978102,99.3522727272727,582,274,308
2032,1781913,98.6990148698885,98.537032967033,98.8658867924528,538,273,265
2033,1782095,93.2062369337979,89.4743319838057,96.0251376146789,574,247,327
2034,1782828,96.9544292237443,99.3624126984127,94.7365497076024,657,315,342
2035,1784112,98.0265553869499,98.1902409638554,97.8603669724771,659,332,327
2036,1785182,99.5371251931994,100,99.0017333333333,647,347,300
2037,1786452,95.0247684391081,95.2734545454545,94.8027272727273,583,275,308
2038,1786742,98.6991774891775,99.1573949579832,98.2123214285714,693,357,336
2039,1786790,98.5514814814815,99.3101730103806,97.8910542168675,621,289,332
2040,1789660,99.2643004418262,99.4422969187675,99.0669565217391,679,357,322
2041,1789684,97.0805837173579,96.75598820059,97.4332692307692,651,339,312
2042,1790290,90.2952871287129,95.1352430555555,83.8717511520737,505,288,217
2043,1790370,90.896523178808,87.0081588447653,94.1903363914373,604,277,327
2044,1790818,72.0333451327434,47.0757388316151,98.5394160583942,565,291,274
2045,1792368,97.474439178515,98.0154545454545,96.7967259786477,633,352,281
2046,1793029,97.5365230769231,99.4206896551724,95.3653642384106,650,348,302
2047,1793551,96.7063108320251,96.2860810810811,97.0710850439883,637,296,341
2048,1794016,92.1518697829716,95.620101010101,88.741059602649,599,297,302
2049,1794757,97.6977138157895,96.78425,98.4775,608,280,328
2050,1795079,89.9986595744681,84.649702970297,94.0303358208955,470,202,268
2051,1795428,95.7804042179262,96.1383783783784,95.4813225806452,569,259,310
2052,1797539,95.191002004008,96.0577419354839,94.0918181818182,499,279,220
2053,1797572,95.599014084507,96.6266871165644,94.2146280991736,568,326,242
2054,1797877,98.6902454991817,98.4420560747664,98.9649655172414,611,321,290
2055,1798456,96.8488538681948,96.3410975609756,97.298972972973,698,328,370
2056,1798914,91.6808133086876,88.4877697841727,95.0559695817491,541,278,263
2057,1800533,94.7094890510949,97.1450793650794,91.4167381974249,548,315,233
2058,1803629,95.0109803921569,88.6808018867925,98.8562464183381,561,212,349
2059,1803638,97.775453100159,97.4879245283019,98.0694533762058,629,318,311
2060,1803952,94.8343388429752,98.658255033557,88.7078494623656,484,298,186
2061,1803997,98.234342948718,97.519907120743,99.0009966777409,624,323,301
2062,1805802,95.8463099041534,92.2566666666667,99.0868085106383,626,297,329
2063,1807288,88.8474223034735,85.0586206896552,92.305034965035,547,261,286
2064,1809152,95.7670376175548,92.1033552631579,99.1016467065868,638,304,334
2065,1810055,98.2216888888889,97.5747272727273,98.8405217391304,675,330,345
2066,1810336,96.8846573208723,96.9480677966102,96.8307492795389,642,295,347
2067,1811642,96.4986880466472,95.9518497109826,97.0551764705882,686,346,340
2068,1811756,97.9246074074074,98.8,97.0671847507331,675,334,341
2069,1812525,98.7679815100154,99.3548387096774,98.2313274336283,649,310,339
2070,1812562,99.3290420168067,99.2315384615384,99.4047164179104,595,260,335
2071,1812875,96.1777070063694,96.9100617283951,95.3971710526316,628,324,304
2072,1812931,95.4430699088146,98.8397674418605,91.721847133758,658,344,314
2073,1812949,94.7610476190476,94.9358227848101,94.5851592356688,630,316,314
2074,1813143,99.0830474732006,98.4733027522936,99.6946625766871,653,327,326
2075,1813827,98.6392598187311,98.5298826979472,98.7554517133956,662,341,321
2076,1814804,94.2674198988196,94.1854545454545,94.3383018867925,593,275,318
2077,1815871,95.415796812749,96.7378260869565,93.8012831858407,502,276,226
2078,1815946,96.8752604166667,94.6269421487603,98.5042814371258,576,242,334
2079,1815958,98.4420249221184,98.3687947882736,98.5091343283582,642,307,335
2080,1816345,98.6669384359401,98.8219411764706,98.4650191570881,601,340,261
2081,1819127,85.5832481751825,97.7876014760148,73.6432490974729,548,271,277
2082,1820791,81.8654058721934,93.2939634146341,66.9308764940239,579,328,251
2083,1821329,99.105447761194,99.4554076086956,98.6790066225166,670,368,302
2084,1823115,98.4819452887538,99.6842857142857,97.3777551020408,658,315,343
2085,1824283,95.812962962963,98.4734756097561,92.8346416382253,621,328,293
2086,1825044,97.6260126582279,95.8483044982699,99.1238483965015,632,289,343
2087,1827033,91.5760175438596,97.6922190201729,82.0588789237668,570,347,223
2088,1827988,91.1863728813559,96.7045508982036,83.986875,590,334,256
2089,1830157,97.4966273932253,97.6456902356902,97.3807329842932,679,297,382
2090,1830851,96.7288785046729,96.9161643835616,96.5726285714286,642,292,350
2091,1831869,96.9473967684021,98.7986486486486,94.1953125,557,333,224
2092,1832350,97.0276682316119,94.4233457249071,98.9210810810811,639,269,370
2093,1832902,94.7833333333333,92.517619047619,97.0037333333333,594,294,300
2094,1833880,97.1573393124066,97.6226112759644,96.6850602409639,669,337,332
2095,1835195,94.2332612612613,93.184356060606,95.1848453608247,555,264,291
2096,1836360,97.2928820116054,98.9794539249147,95.0867857142857,517,293,224
2097,1838155,96.979666136725,99.4150146627566,94.0961458333333,629,341,288
2098,1838591,95.8203715170279,93.9286900958466,97.5984384384384,646,313,333
2099,1840554,98.1606688963211,96.5764258555133,99.4044179104477,598,263,335
2100,1840980,98.9565625,98.4501857585139,99.4252148997135,672,323,349
2101,1840992,94.6860721062619,89.4206349206349,97.6303550295858,527,189,338
2102,1841428,96.8558609271523,97.501,96.2983333333333,604,280,324
2103,1842989,89.0989965397924,95.3620529801324,82.2459420289855,578,302,276
2104,1844388,86.8827768313458,89.2522149837134,84.2848571428571,587,307,280
2105,1844744,91.4710426540284,93.3333333333333,90.085867768595,422,180,242
2106,1844789,91.1292017738359,88.4098283261802,94.0356880733945,451,233,218
2107,1845103,93.6301486199575,92.0359734513274,95.100693877551,471,226,245
2108,1845402,87.9775683060109,92.9405294117647,83.6729591836735,366,170,196
2109,1845429,90.6697565922921,97.7440601503759,82.3800440528634,493,266,227
2110,1845536,96.5118139534884,96.8137450199203,96.08843575419,430,251,179
2111,1846902,97.909115755627,98.7116398713826,97.1065916398714,622,311,311
2112,1847564,94.8198207171315,91.6333466135458,98.0062948207171,502,251,251
2113,1848245,97.483034591195,96.6855960264901,98.2040718562874,636,302,334
2114,1849750,97.8912951807229,96.2379310344828,99.4200579710145,664,319,345
2115,1850200,98.9979971387697,98.5341642228739,99.4398044692737,699,341,358
2116,1850900,66.6007444668008,45.5882843137255,81.2305802047782,497,204,293
2117,1851219,95.1781364392679,98.0733440514469,92.073275862069,601,311,290
2118,1851518,85.9327966101695,83.1093243243243,88.7754761904762,590,296,294
2119,1852508,92.3946278317152,84.7025373134328,98.2845714285714,618,268,350
2120,1853077,96.2266509433962,98.4283018867925,94.025,636,318,318
2121,1853527,97.0911470113086,95.1140716612378,99.0365384615385,619,307,312
2122,1854799,97.6596942446043,95.6662093862816,99.6388888888889,556,277,279
2123,1855046,96.5901702786378,93.6406688963211,99.1316714697406,646,299,347
2124,1856346,92.428926056338,96.0016,88.4296641791045,568,300,268
2125,1856414,78.7880404040404,92.6826422764228,65.060843373494,495,246,249
2126,1856440,90.1956862745098,84.5531300813008,95.4535227272727,510,246,264
2127,1857163,86.2814823008849,81.4278571428571,88.459391025641,452,140,312
2128,1857712,92.9099636363636,97.5289752650177,88.0141573033708,550,283,267
2129,1858445,92.9222654867257,91.7003773584906,94.0016,565,265,300
2130,1858640,97.4889481946625,94.3278723404255,100,637,282,355
2131,1859297,96.0811073253833,91.4377821011673,99.6972727272727,587,257,330
2132,1859824,95.864964028777,92.7473282442748,98.6432653061224,556,262,294
2133,1859965,92.1728647686833,83.4042794759825,98.2029129129129,562,229,333
2134,1860765,98.6311130136986,97.1428571428571,99.7066961651917,584,245,339
2135,1861236,97.6479411764706,97.5367123287671,97.7768253968254,680,365,315
2136,1861764,93.9820530973451,96.1409198813056,90.7910964912281,565,337,228
2137,1863293,95.4132627865961,98.0170297029703,92.4248484848485,567,303,264
2138,1863304,97.9963939899833,97.9053293413174,98.1111698113207,599,334,265
2139,1863650,92.4136684303351,91.3330324909747,93.4458620689655,567,277,290
2140,1864339,97.7117483660131,98.4850303030303,96.8068439716312,612,330,282
2141,1864374,94.3711262135922,90.3376579925651,98.7817073170732,515,269,246
2142,1865179,97.7044169611307,96.5298263888889,98.9212589928058,566,288,278
2143,1867674,97.702667844523,95.4003347280335,99.3854128440367,566,239,327
2144,1868082,95.8485548172758,91.5454411764706,99.3953636363636,602,272,330
2145,1869663,99.3369205298013,98.9026277372263,99.6975151515151,604,274,330
2146,1872845,97.3681052631579,98.5753736654804,96.1942560553633,570,281,289
2147,1873490,93.2519759036145,89.2206586826347,95.9666129032258,415,167,248
2148,1874049,98.1127044025157,98.6974918566775,97.5670212765958,636,307,329
2149,1874182,92.0258139534884,97.5524770642202,85.4541090909091,602,327,275
2150,1875291,97.7998717948718,97.9135069444444,97.6730232558139,546,288,258
2151,1876084,95.4697651006711,97.9862416107383,92.953288590604,596,298,298
2152,1876238,98.4543298969072,99.2976842105263,97.6450505050505,582,285,297
2153,1876484,94.4443869731801,92.963,96.0315873015873,522,270,252
2154,1876858,91.1181853281853,95.4527272727273,85.7747413793103,518,286,232
2155,1877363,98.327249070632,98.3503719008264,98.3083445945946,538,242,296
2156,1877440,94.3741458333333,90.8642639593909,96.8174204946996,480,197,283
2157,1877730,98.7643816254417,99.1941532258065,98.429213836478,566,248,318
2158,1878605,93.7160952380952,97.9,90.2465156794425,525,238,287
2159,1880585,95.0850819672131,94.2218367346939,95.8882278481013,610,294,316
2160,1881632,88.9506702898551,92.2577777777778,85.098862745098,552,297,255
2161,1882560,97.1271451355662,97.24,97.0300296735905,627,290,337
2162,1886433,97.2844408945687,99.41,94.7737630662021,626,339,287
2163,1886471,96.4676951672863,97.084854368932,95.6349344978166,538,309,229
2164,1887479,97.2783073929961,97.5820069204152,96.8882222222222,514,289,225
2165,1887487,97.4557338551859,96.4776056338028,98.6794713656388,511,284,227
2166,1888111,73.199514237856,54.3038410596027,92.5435593220339,597,302,295
2167,1888171,88.3848653198653,87.6412734082397,88.9920183486239,594,267,327
2168,1889079,98.1113700787402,97.7794285714286,98.438125,635,315,320
2169,1889320,96.2063187855788,96.8413043478261,95.62,527,253,274
2170,1889527,84.4450666666667,72.6374626865672,93.9765060240964,450,201,249
2171,1891487,98.1302040816327,99.32,96.9564864864865,588,292,296
2172,1891538,96.6786188811189,95.2163043478261,97.6620467836257,572,230,342
2173,1891796,92.3951843317972,93.575,91.2044444444444,434,218,216
2174,1894541,97.0086046511628,96.2441296928328,97.7334951456311,602,293,309
2175,1895443,90.2515523465704,91.073,89.4121167883212,554,280,274
2176,1896892,93.778153526971,87.9615183246073,97.5959450171821,482,191,291
2177,1897818,76.2065662650602,78.9858695652174,74.2295360824742,332,138,194
2178,1897824,87.5645273631841,85.1866666666667,90.3259139784946,402,216,186
2179,1898763,97.4741473684211,98.3316,96.0042285714286,475,300,175
2180,1900009,97.46025390625,97.2109561752988,97.7,512,251,261
2181,1900778,98.156106557377,98.2455263157895,98.0776923076923,488,228,260
2182,1901372,96.9400235294118,98.4031914893617,95.7793670886076,425,188,237
2183,1901967,94.1420824295011,92.6977528089888,95.0505300353357,461,178,283
2184,1904409,97.3214814814815,95.5423762376238,98.5869014084507,486,202,284
2185,1904803,97.802347972973,97.3043771043771,98.3036949152542,592,297,295
2186,1905160,98.6855098684211,99.0620376175549,98.2698961937716,608,319,289
2187,1906979,50.7163440860215,28.5697619047619,68.9547058823529,558,252,306
2188,1907188,95.167936802974,93.8216602316602,96.41770609319,538,259,279
2189,1910378,92.6457352941177,86.4035087719298,98.3845564516129,476,228,248
2190,1911155,96.8577996070727,97.111046931408,96.5554310344828,509,277,232
2191,1912651,88.1013729977117,83.123164556962,94.00055,437,237,200
2192,1912909,96.5703429602888,97.7132026143791,95.1602016129032,554,306,248
2193,1913086,78.9188850174216,86.3341333333333,70.8,574,300,274
2194,1913384,69.7795577395577,92.3409677419355,34.5894339622641,407,248,159
2195,1913999,69.7002772277228,94.2732323232323,34.6129326923077,505,297,208
2196,1917019,95.4642886597938,90.5490547263682,98.9430281690141,485,201,284
2197,1917864,97.8622994652406,98.6115972222222,97.0718315018315,561,288,273
2198,1918620,95.3700462962963,95.1293805309734,95.6340776699029,432,226,206
2199,1919564,93.5557555555555,91.428,94.9097818181818,450,175,275
2200,1919644,94.8388468158348,91.2555513307985,97.8023899371069,581,263,318
2201,1919857,90.5572397094431,95.3581434599156,84.0923863636364,413,237,176
2202,1920068,94.1779365079365,95.5459246575342,92.7253818181818,567,292,275
2203,1920531,95.3503756708408,93.4136434108527,97.0104318936877,559,258,301
2204,1920600,97.1265371621622,97.5779930795848,96.6959405940594,592,289,303
2205,1920868,93.9834690265487,87.7895419847328,99.3392739273927,565,262,303
2206,1922225,96.5044230769231,98.1660550458716,94.2866530612245,572,327,245
2207,1923203,96.9053384912959,96.6531970260223,97.1788306451613,517,269,248
2208,1923467,92.5576335877863,93.5380272108844,91.3044347826087,524,294,230
2209,1925728,75.8338611111111,72.5124170616114,80.5373825503356,360,211,149
2210,1926525,92.0101141552511,96.6577926421405,82.0125899280576,438,299,139
2211,1926761,93.8959842519685,96.3310333333333,90.3838942307692,508,300,208
2212,1927485,0.6260625,0.6260625,NA,160,160,NA
2213,1928899,94.4536137667304,98.2271276595745,90.038132780083,523,282,241
2214,1930204,86.8480273972603,90.2148369565217,83.4254143646409,365,184,181
2215,1931535,98.5812943262411,97.3262595419847,99.6700993377483,564,262,302
2216,1931794,98.43708984375,97.3222767857143,99.3041666666667,512,224,288
2217,1932405,98.1470555555556,100,96.0450988142292,540,287,253
2218,1933307,93.6524945295405,97.6998850574713,88.2628571428571,457,261,196
2219,1933341,83.8363721804511,71.2416814159292,93.1383333333333,532,226,306
2220,1933447,96.5635081374322,94.8380158730159,98.0081063122924,553,252,301
2221,1934321,94.9451648351648,96.5403846153846,92.8182051282051,455,260,195
2222,1935040,89.8060961538462,84.3604739336493,93.5246278317152,520,211,309
2223,1936576,98.0804606525912,97.49975,98.5764412811388,521,240,281
2224,1937371,98.8540327868852,99.384012345679,98.2536363636364,610,324,286
2225,1937386,98.0377450980392,97.3746885245902,98.6964820846906,612,305,307
2226,1939750,93.9260303687636,95.793691588785,92.3078947368421,461,214,247
2227,1940855,83.5377572016461,90.9630841121495,69.0921212121212,486,321,165
2228,1941092,91.0372068965517,95.2568987341772,85.9863636363636,580,316,264
2229,1941481,93.0174275979557,94.3601567398119,91.4191791044776,587,319,268
2230,1941951,97.1164807692308,97.0151119402985,97.2242857142857,520,268,252
2231,1943652,96.6590569744597,98.1359937888199,94.1158823529412,509,322,187
2232,1947367,93.9005545286506,89.272030651341,98.215,541,261,280
2233,1947876,98.811837944664,98.8264453125,98.79688,506,256,250
2234,1948391,97.9074524714829,96.7832530120482,98.9180144404332,526,249,277
2235,1949280,97.358,97.8723404255319,96.9482711864407,530,235,295
2236,1950253,88.2730277185501,73.1211290322581,98.231519434629,469,186,283
2237,1950717,68.0134343434343,76.1898214285714,57.3651162790698,297,168,129
2238,1955337,96.9787248322148,96.2073448275862,97.7097712418301,596,290,306
2239,1955740,98.3705048859935,99.6784466019417,97.0454098360656,614,309,305
2240,1956062,95.5774615384615,91.3471153846154,98.3976923076923,520,208,312
2241,1956718,95.6198476190476,94.3128909952607,96.4980891719745,525,211,314
2242,1956957,95.5441472868217,94.6942857142857,96.3124723247232,516,245,271
2243,1957386,95.1600421052632,97.0505535055351,92.6486274509804,475,271,204
2244,1957916,98.5972854640981,98.8481609195402,98.386064516129,571,261,310
2245,1959506,97.7099509001637,97.6847682119205,97.7345631067961,611,302,309
2246,1959668,98.4951879699248,98.6959130434783,98.3423178807947,532,230,302
2247,1959759,96.1936678200692,92.0486192468619,99.11598820059,578,239,339
2248,1960092,95.966935483871,98.00128,93.8995121951219,496,250,246
2249,1960674,77.6733488372093,95.5747787610619,57.8413725490196,430,226,204
2250,1964896,94.6035838150289,93.9392045454545,95.2914117647059,519,264,255
2251,1965419,95.7241239316239,97.6062948207171,93.5470506912442,468,251,217
2252,1965978,98.0680667838313,97.1625531914894,98.9578048780488,569,282,287
2253,1966826,98.2157305194805,98.3820388349515,98.048338762215,616,309,307
2254,1968384,96.8639803921569,95.1628225806452,98.4742366412214,510,248,262
2255,1969950,97.1739222614841,95.9414022140221,98.3061694915254,566,271,295
2256,1970141,92.3773977695167,92.9116535433071,91.8995774647887,538,254,284
2257,1971802,97.8466059602649,96.4386832740213,99.0714551083591,604,281,323
2258,1971966,94.4646442687747,95.0873660714286,93.97,506,224,282
2259,1974389,88.2478486055777,65.5191034482759,97.4794117647059,502,145,357
2260,1976005,80.8013713080169,77.5897095435685,84.12330472103,474,241,233
2261,1976880,62.4458798283262,87.2173684210526,29.4998,466,266,200
2262,1977436,97.143746031746,98.4584259259259,95.7517320261438,630,324,306
2263,1977941,91.9361420345489,92.1131950207469,91.78375,521,241,280
2264,1979610,94.7667002012072,95.3680092592593,94.3044839857651,497,216,281
2265,1979984,96.6021141975309,94.3879867986799,98.5466956521739,648,303,345
2266,1982941,91.7701851851852,98.6098958333333,81.8215151515152,486,288,198
2267,1984732,98.9261503067485,98.0252631578947,99.713132183908,652,304,348
2268,1984964,97.2422402597403,94.388,99.6998187311178,616,285,331
2269,1985075,97.5680713128039,97.0407236842105,98.0802555910543,617,304,313
2270,1985382,84.147243902439,93.3079133858268,69.2317948717949,410,254,156
2271,1985506,98.2068637992832,98.1565682656827,98.2543554006969,558,271,287
2272,1985743,99.1368103448276,99.2452830188679,99.0455555555556,580,265,315
2273,1986137,96.7454597701149,91.6256020942408,99.6998187311178,522,191,331
2274,1986817,95.0777589134126,94.5466909090909,95.5428662420382,589,275,314
2275,1987192,82.9601793721973,95.24,59.2084210526316,446,294,152
2276,1990059,94.1458695652174,91.4089003436426,96.7401954397394,598,291,307
2277,1990997,91.7496801346801,95.4525974025974,87.7619230769231,594,308,286
2278,1991599,95.1728370221328,93.362109375,97.096265560166,497,256,241
2279,1991822,87.3516342412452,84.37109375,90.3090697674419,514,256,258
2280,1993873,96.9685007974482,95.4240196078431,98.4408099688473,627,306,321
2281,1994555,92.9344753747323,96.2965843621399,89.2871875,467,243,224
2282,1998654,80.7776025917927,88.5067816091954,70.7908910891089,463,261,202
2283,1998910,88.6335701598579,98.5058083832335,74.2347598253275,563,334,229
2284,1999281,93.128842676311,95.131797752809,91.258951048951,553,267,286
2285,1999302,92.7899260628466,94.4615224913495,90.8728968253968,541,289,252
2286,2001785,96.9166267123288,96.4168817204301,97.3737704918033,584,279,305
2287,2002425,97.8870081300813,99.7116860465116,95.5708118081181,615,344,271
2288,2005059,97.7178466557912,99.1808219178082,95.5646774193548,613,365,248
2289,2008138,94.4829655172414,93.3365079365079,95.8457358490566,580,315,265
2290,2008939,96.7973634651601,97.5419298245614,95.934756097561,531,285,246
2291,2010624,91.6660069444444,85.8255118110236,96.2731055900621,576,254,322
2292,2010695,89.8213373253493,82.7579802955665,94.6329530201342,501,203,298
2293,2012240,93.2768739495798,96.7554867256637,88.6704296875,595,339,256
2294,2012612,98.2592405063291,99.1686426592798,97.0478228782288,632,361,271
2295,2014882,95.2457975460123,95.059011627907,95.4544155844156,652,344,308
2296,2015844,90.8457989228007,82.5094676806084,98.3031292517007,557,263,294
2297,2016005,96.4545149253731,95.8350694444444,97.1738709677419,536,288,248
2298,2017566,99.0547401574803,99.6908978328173,98.3961538461538,635,323,312
2299,2017789,89.0557725321888,68.2101324503311,99.0484444444445,466,151,315
2300,2018201,97.368649122807,98.201618705036,96.5756164383562,570,278,292
2301,2018226,97.2370292207792,95.4516433566433,98.7843636363636,616,286,330
2302,2018592,96.8549006622517,97.811375,95.7771830985915,604,320,284
2303,2018678,97.620347985348,97.5099644128114,97.7373962264151,546,281,265
2304,2020577,96.151889632107,94.2448561151079,97.808625,598,278,320
2305,2020668,96.480144,98.8633903133903,93.4271532846715,625,351,274
2306,2021204,91.7842661448141,93.1547260273973,89.9569863013699,511,292,219
2307,2022053,96.3217463235294,97.3043434343434,95.1402429149798,544,297,247
2308,2022126,98.9772807017544,98.8919113573407,99.072693498452,684,361,323
2309,2022984,79.5895257731959,93.2583520599251,62.8483486238532,485,267,218
2310,2024378,70.2923012552301,91.8906081081081,35.1653846153846,478,296,182
2311,2024914,96.794,92.9705945945946,98.844231884058,530,185,345
2312,2025665,94.3215318416523,95.035,93.549247311828,581,302,279
2313,2026031,96.1607155322862,94.5609623430962,97.3054491017964,573,239,334
2314,2026607,95.2400952380953,94.2553639846743,96.2136363636364,525,261,264
2315,2027123,96.8067899159664,96.0873493975904,97.7149809885932,595,332,263
2316,2027520,96.5767979452055,99.6908978328173,92.7229501915709,584,323,261
2317,2027853,97.9647689463956,97.6233898305085,98.3741463414634,541,295,246
2318,2027904,98.4333137254902,99.3460655737705,97.0753170731707,510,305,205
2319,2029359,98.0201081081081,96.9986266094421,98.7592546583851,555,233,322
2320,2030802,97.34565625,94.520064516129,100,640,310,330
2321,2031411,97.246678141136,98.2997959183674,96.1678745644599,581,294,287
2322,2033615,97.8609803921569,97.9934448160535,97.7098091603054,561,299,262
2323,2035617,95.1035714285714,94.8004,95.419375,490,250,240
2324,2038839,91.5913595706619,86.9712676056338,96.3626545454546,559,284,275
2325,2039219,98.2365544871795,96.9618243243243,99.3869207317073,624,296,328
2326,2039568,96.4262103174603,96.9813793103448,95.9526838235294,504,232,272
2327,2039795,96.5884982935154,92.7517557251908,99.6910493827161,586,262,324
2328,2039808,89.1960314341847,97.3066167664671,73.7164,509,334,175
2329,2039875,97.413,97.9700675675676,96.8323943661972,580,296,284
2330,2041935,98.5787658227848,98.0748231511254,99.0670093457944,632,311,321
2331,2042797,87.5254126679463,98.9318149466192,74.1704166666667,521,281,240
2332,2042968,88.1782364729459,90,86.620594795539,499,230,269
2333,2044039,94.1196274509804,91.2446543778802,96.2488737201365,510,217,293
2334,2044540,92.0150190114068,90.0333554817276,94.6660444444445,526,301,225
2335,2044585,58.1916385911179,58.735,57.6296573208723,653,332,321
2336,2044685,92.1010233393178,88.4143243243243,95.3052348993289,557,259,298
2337,2045399,96.3678892733564,98.1810545454545,94.7222772277228,578,275,303
2338,2045489,80.595,96.6237974683544,61.6953731343284,438,237,201
2339,2045494,94.0074531835206,95.1128571428571,92.9102985074627,534,266,268
2340,2046175,98.7569875776397,98.2195548961424,99.3469381107492,644,337,307
2341,2047483,94.60184,91.2918181818182,98.3045762711864,500,264,236
2342,2048144,96.813984063745,96.6905960264901,97.0003,502,302,200
2343,2050574,98.8633333333333,99.0147368421053,98.7153376205788,615,304,311
2344,2050583,95.4537351778656,88.5971502590674,99.6815974440895,506,193,313
2345,2051290,91.5899772727273,84.3133986928105,95.4691289198606,440,153,287
2346,2051330,97.7850632911393,96.4067320261438,99.0788343558282,632,306,326
2347,2051553,96.7841961414791,93.3328235294118,99.1822888283379,622,255,367
2348,2052303,91.9935009310987,89.0431506849315,94.0253459119497,537,219,318
2349,2052908,93.1578145695364,86.4327135678392,98.4266929133858,453,199,254
2350,2053335,93.8601777059774,96.141768488746,91.5563636363636,619,311,308
2351,2053405,91.0291528239203,97.7755555555556,83.6245644599303,602,315,287
2352,2054321,92.1741784037559,95.2516913946587,88.74,639,337,302
2353,2054405,98.4536166924266,98.4593538461538,98.4478260869565,647,325,322
2354,2054480,96.6624960254372,95.0998039215686,98.1429411764706,629,306,323
2355,2054821,96.8065210084034,99.6981927710844,93.1561977186312,595,332,263
2356,2055872,96.813982300885,96.2179831932773,97.2477675840979,565,238,327
2357,2055904,97.4885086342229,97.3507947019868,97.6126567164179,637,302,335
2358,2055976,81.6611714770798,75.3639705882353,87.0644479495268,589,272,317
2359,2056079,88.4547113594041,98.6002797202797,76.894422310757,537,286,251
2360,2056121,97.605282051282,97.1507829181495,98.0253947368421,585,281,304
2361,2056275,96.981243339254,96.0785882352941,97.7285714285714,563,255,308
2362,2056538,33.9412913907285,29.4861538461538,38.7015753424658,604,312,292
2363,2056626,97.3989948006932,97.5954954954955,97.1308196721311,577,333,244
2364,2056947,85.6842290748899,98.3067457627119,62.2650943396226,454,295,159
2365,2058865,76.9415510204082,87.8479005524862,70.5530420711974,490,181,309
2366,2058871,60.1513533834586,81.7394520547945,33.8858333333333,399,219,180
2367,2059553,97.3449003322259,96.7979715302491,97.8236760124611,602,281,321
2368,2059628,85.1474058577406,98.0237154150198,70.6687111111111,478,253,225
2369,2059985,72.8670930232558,86.4665037593985,58.39732,516,266,250
2370,2060916,94.8122155688623,98.572,92.0989690721649,501,210,291
2371,2060923,95.9634862385321,98.8333527696793,91.090396039604,545,343,202
2372,2061222,86.2730532786885,76.9263800904977,94.0094382022472,488,221,267
2373,2061289,97.0238512396694,94.6112121212121,99.3503246753247,605,297,308
2374,2061360,98.3765584415584,96.6100338983051,100,616,295,321
2375,2061683,97.5044199706314,98.2440643274854,96.7582300884956,681,342,339
2376,2061926,98.6015406162465,99.1473219373219,98.0738016528926,714,351,363
2377,2062163,97.7322862129145,97.06,98.71330472103,573,340,233
2378,2063345,96.5121594684385,96.2077931034483,96.7950641025641,602,290,312
2379,2065471,96.3587658227848,95.9978153846154,96.7408794788274,632,325,307
2380,2067262,95.1391085899514,92.62,97.4923824451411,617,298,319
2381,2067403,86.1656042031524,67.695221238938,98.2650434782609,571,226,345
2382,2068104,92.0725045045045,99.3397682119205,83.3977470355731,555,302,253
2383,2069980,94.5422909090909,94.5275,94.5551700680272,550,256,294
2384,2071404,93.859801980198,91.9837974683544,95.5188059701493,505,237,268
2385,2072244,93.7480714285714,94.4626297577855,92.9860516605166,560,289,271
2386,2072311,96.3422408536585,96.7653823529412,95.8869620253164,656,340,316
2387,2073101,92.8018287937743,98.7916012084592,81.967868852459,514,331,183
2388,2073566,98.5619488817891,97.4457664233577,99.4307954545454,626,274,352
2389,2073650,88.1292446043166,77.4452340425532,95.9508722741433,556,235,321
2390,2073785,70.8441252699784,51.5155555555556,85.2858490566038,463,198,265
2391,2076087,84.1086240310078,83.9992363636364,84.2334439834025,516,275,241
2392,2078767,95.7058077709611,95.7111587982833,95.7009375,489,233,256
2393,2082432,97.5657116104869,98.28,96.710329218107,534,291,243
2394,2082585,97.0949612403101,95.5127346938776,98.5253874538745,516,245,271
2395,2083116,95.9259470468432,92.9410980392157,99.1511016949153,491,255,236
2396,2085416,97.6784454756381,97.3108064516129,97.9575510204082,431,186,245
2397,2086430,69.8983673469388,74.1467804878049,65.2410160427807,392,205,187
2398,2086467,33.2591685393258,29.4925806451613,36.8440350877193,445,217,228
2399,2086644,86.5301813471503,91.6218994413408,82.1271980676329,386,179,207
2400,2086797,86.4024645892351,94.0639726027397,73.8810447761194,353,219,134
2401,2086904,90.6309133489461,94.37329004329,86.2202551020408,427,231,196
2402,2088008,92.0099315068493,88.7614606741573,94.2338846153846,438,178,260
2403,2088207,93.9197072072072,97.6375984251969,88.9494736842105,444,254,190
2404,2088272,91.6130752688172,91.1788725490196,91.9524521072797,465,204,261
2405,2088759,98.7369133574007,98.8965073529412,98.5829787234043,554,272,282
2406,2089594,85.2370473537604,85.8235820895522,84.8877333333333,359,134,225
2407,2089960,95.3237769784173,91.2568821292776,98.9742662116041,556,263,293
2408,2090271,86.6685057471264,93.8362114537445,78.8460576923077,435,227,208
2409,2092414,94.4350927487352,92.7809621993127,96.0289735099338,593,291,302
2410,2092768,91.9470411985019,95.5033707865169,88.3907116104869,534,267,267
2411,2092906,94.5898360655738,88.9278571428571,99.3939393939394,610,280,330
2412,2092918,96.7687612208259,98.4488819875776,94.4666382978723,557,322,235
2413,2094380,88.1925092250923,98.0001666666667,76.0342561983471,542,300,242
2414,2095545,99.19968,99.6849056603774,98.6970684039088,625,318,307
2415,2095823,91.4643599257885,90.9079841897233,91.9565384615385,539,253,286
2416,2096213,97.457440381558,96.4403883495146,98.43953125,629,309,320
2417,2096273,99.1432246998285,99.2516853932584,99.051582278481,583,267,316
2418,2096411,82.2087837837838,68.8377209302326,94.7624017467249,444,215,229
2419,2096898,98.0747206165703,98.7883805668016,97.4266544117647,519,247,272
2420,2097124,95.1053107344633,98.3998076923077,90.4117808219178,531,312,219
2421,2097757,97.5559168704157,98.5814184397163,97.0163805970149,409,141,268
2422,2098900,95.9838554216867,94.3745454545454,97.3761797752809,498,231,267
2423,2099380,98.0946273830156,96.0453237410072,100,577,278,299
2424,2099614,95.5922988505747,91.1736974789916,99.2952112676056,522,238,284
2425,2100479,95.5971009174312,99.3144329896907,91.3382677165354,545,291,254
2426,2100529,97.7654003724395,97.9034965034965,97.608047808765,537,286,251
2427,2100625,97.9438878504673,99.3281879194631,96.2032911392405,535,298,237
2428,2100848,84.701301369863,94.1139705882353,76.4953846153846,438,204,234
2429,2102221,90.1380657640232,91.6,88.8909677419355,517,238,279
2430,2102295,96.3101553398058,93.5790366972477,98.3148148148148,515,218,297
2431,2103401,94.2537234042553,86.9814201183432,98.3368438538206,470,169,301
2432,2103831,81.9118085106383,97.3646381578947,53.6126506024096,470,304,166
2433,2104048,97.9355347091932,94.8820465116279,100,533,215,318
2434,2105967,96.0813190730838,95.6856115107914,96.470035335689,561,278,283
2435,2106116,90.4557676348548,84.16525,96.6942975206611,482,240,242
2436,2107098,98.3447272727273,99.0579310344828,97.5492307692308,605,319,286
2437,2107303,98.2548062015504,98.6562416107383,97.7060550458716,516,298,218
2438,2107438,97.2012587412587,96.8488188976378,97.7128,429,254,175
2439,2108163,97.9956260434057,98.7423270440251,97.1506049822064,599,318,281
2440,2108912,97.5480377358491,96.5410380622837,98.755601659751,530,289,241
2441,2110542,97.8747433628319,98.5866077738516,97.1603546099291,565,283,282
2442,2111185,91.7372245762712,99.3368543046358,78.236705882353,472,302,170
2443,2111382,98.9567708333333,98.3999361022364,99.6194676806084,576,313,263
2444,2111440,99.4876279863481,99.3214285714286,99.6549657534247,586,294,292
2445,2111468,98.6140830449827,98.6773597359736,98.5443636363636,578,303,275
2446,2111981,96.3791896551724,96.6102033898305,96.1400701754386,580,295,285
2447,2112206,97.3099038461538,99.3010526315789,94.8951063829787,520,285,235
2448,2113182,84.2689513108614,68.00048,98.5897887323944,534,250,284
2449,2114462,82.5281473684211,95.6705054151625,64.1421212121212,475,277,198
2450,2114812,95.8091816367265,92.7903846153846,97.9522184300341,501,208,293
2451,2115639,96.754237012987,97.8864350453172,95.439298245614,616,331,285
2452,2115703,95.1520264317181,98.279587628866,89.5684662576687,454,291,163
2453,2115835,94.2456637168142,94.1158823529412,94.39,452,238,214
2454,2117424,96.37402417962,97.8955789473684,94.8990476190476,579,285,294
2455,2117582,96.436394129979,96.7758525345622,96.1530769230769,477,217,260
2456,2118269,98.7215722120658,99.6375272727273,97.7955147058823,547,275,272
2457,2118913,92.9174291497976,91.1911013215859,94.3851310861423,494,227,267
2458,2119139,97.1126353790614,95.1446153846154,98.6960260586319,554,247,307
2459,2119778,85.917693877551,96.2854179566563,65.8651497005988,490,323,167
2460,2121798,98.8003892215569,98.825219941349,98.774495412844,668,341,327
2461,2122416,84.9295547945206,96.1227464788732,74.3333333333333,584,284,300
2462,2123294,88.5701523809524,76.991017699115,97.3222742474916,525,226,299
2463,2123904,90.8391221374046,96.7830357142857,84.018237704918,524,280,244
2464,2124868,87.659056261343,77.4934686346864,97.4978928571429,551,271,280
2465,2125929,91.863488372093,95.5264179104478,87.9051612903226,516,268,248
2466,2125973,82.3498949579832,91.4500854700855,73.5505371900827,476,234,242
2467,2126576,96.519358974359,99.2501492537314,93.8867985611511,546,268,278
2468,2128050,86.3506088560886,91.9658520900321,78.7906926406926,542,311,231
2469,2128612,87.0441423357664,86.306887966805,87.6228990228013,548,241,307
2470,2128658,94.721184,89.9654368932039,99.371582278481,625,309,316
2471,2132132,96.208978583196,95.4241503267974,97.0068438538206,607,306,301
2472,2132209,95.5191896551724,92.0190114068441,98.4231230283912,580,263,317
2473,2134171,93.9943064182195,96.1815267175573,91.4013122171946,483,262,221
2474,2135684,98.5830566801619,98.172602739726,98.9099272727273,494,219,275
2475,2136669,89.2587828162291,77.8487974683544,96.1659770114942,419,158,261
2476,2138074,98.6507925801012,100,97.1527402135231,593,312,281
2477,2139460,88.9724561403509,87.9821634615385,90.050890052356,399,208,191
2478,2139889,93.6079381443299,97.085,90.2018367346939,485,240,245
2479,2141212,96.2490416666667,92.6452941176471,98.9126811594203,480,204,276
2480,2141387,97.4638477801269,97.4676793248945,97.46,473,237,236
2481,2141473,93.5336161616162,98.244,87.1409523809524,495,285,210
2482,2141656,96.7799431818182,97.8551071428572,95.5660483870968,528,280,248
2483,2142028,98.0505847953216,96.8712890625,99.2252918287938,513,256,257
2484,2142252,96.8680039138943,98.0459375,95.6854509803922,511,256,255
2485,2143393,96.7308846153846,94.6570229007634,98.8368992248062,520,262,258
2486,2143448,94.8177159309021,96.565,93.050193050193,521,262,259
2487,2143499,89.9136480686695,96.8391304347826,81.6876056338028,466,253,213
2488,2145089,90.5248877805486,95.4567045454545,81.0212408759124,401,264,137
2489,2145507,94.4110752688172,97.1353278688525,91.4033031674208,465,244,221
2490,2145657,97.0719369369369,97.32,96.8193636363636,444,224,220
2491,2146202,84.8272873563218,90.4754545454546,78.431568627451,435,231,204
2492,2146342,94.2394238683128,92.9165,95.530081300813,486,240,246
2493,2147490,94.0819387755102,86.2044827586207,99.6537979094077,490,203,287
2494,2147773,97.4743789473684,97.3575471698113,97.6218095238095,475,265,210
2495,2149269,92.3262829736211,92.4433139534884,92.2441224489796,417,172,245
2496,2149695,95.0634334763948,95.0358865248227,95.1056521739131,466,282,184
2497,2151263,87.6992513368984,88.7067741935484,86.7024468085106,374,186,188
2498,2152372,89.1247281323877,93.6824210526316,85.4081545064378,423,190,233
2499,2152442,90.1019796954315,86.6689696969697,92.5755458515284,394,165,229
2500,2152610,95.9638954869359,96.415067264574,95.4557575757576,421,223,198
2501,2155582,95.6765225933202,93.9026829268293,97.3357034220532,509,246,263
2502,2156327,97.102049689441,97.5617886178862,96.6248523206751,483,246,237
2503,2157424,97.5483265306122,99.578487394958,95.6309523809524,490,238,252
2504,2157938,97.6970249520154,99.675,94.8818604651163,521,306,215
2505,2159782,94.4430740740741,94.31,94.5544217687075,540,246,294
2506,2159839,95.1485447761194,93.3085774058577,96.6291919191919,536,239,297
2507,2160945,67.4703132530121,49.6920245398773,78.9697619047619,415,163,252
2508,2161254,85.3040157480315,91.1561538461538,72.729173553719,381,260,121
2509,2162057,84.2217270788912,78.2425,89.3265217391304,469,216,253
2510,2167322,95.9230873786408,96.8871984435798,94.9627131782946,515,257,258
2511,2167363,92.7026627218935,85.2549769585253,98.2755862068965,507,217,290
2512,2168666,92.9149190283401,93.9632075471698,91.7018340611354,494,265,229
2513,2171203,94.8005199306759,92.2797986577181,97.4929032258065,577,298,279
2514,2172488,93.2924318658281,94.573023255814,91.7837899543379,477,258,219
2515,2172760,82.1822271714922,99.2665934065934,55.6820454545455,449,273,176
2516,2174643,95.7387037037037,95.3643243243243,96.0837722419929,540,259,281
2517,2175913,81.7965291262136,84.9995,79.3114655172414,412,180,232
2518,2176132,93.6743409490334,98.323422818792,88.5620664206642,569,298,271
2519,2176550,96.7069135802469,98.7496875,92.7690361445783,486,320,166
2520,2177489,89.105719844358,87.8518691588785,90.0001333333333,514,214,300
2521,2177601,93.9936397748593,96.0229139072848,91.3406493506494,533,302,231
2522,2178130,97.1235251798561,100,93.8487692307692,556,296,260
2523,2178188,99.8305743243243,100,99.7109510086455,592,245,347
2524,2178363,98.1538729508197,96.7542162162162,99.0084488448845,488,185,303
2525,2178470,94.835553505535,95.890205479452,93.60372,542,292,250
2526,2178689,93.4518363636364,92.5905925925926,94.2823214285714,550,270,280
2527,2179188,98.1998036006547,100,96.3336,611,311,300
2528,2179196,92.1233174224344,99.6548275862069,75.192015503876,419,290,129
2529,2180140,97.3021585160202,98.5492753623188,96.2163406940063,593,276,317
2530,2180171,90.1085251798561,91.7775328947368,88.0951190476191,556,304,252
2531,2180823,93.3797283531409,87.7957086614173,97.6135820895523,589,254,335
2532,2181578,97.5078291814947,94.6248760330579,99.6880625,562,242,320
2533,2183162,95.6345302013423,96.1655555555556,95.2208059701493,596,261,335
2534,2183548,74.4761252900232,92.8557142857143,44.846,431,266,165
2535,2184728,98.4547512864494,98.6057142857143,98.3083783783784,583,287,296
2536,2185419,95.9559061488673,95.3305058365759,96.401135734072,618,257,361
2537,2185898,85.3814619883041,78.1911111111111,91.8527777777778,513,243,270
2538,2186660,94.7768202764977,95.6682310469314,94.1166042780749,651,277,374
2539,2186884,91.9343369175627,98.2246808510638,85.5072463768116,558,282,276
2540,2188580,86.216487394958,95.9852554744526,77.8780373831776,595,274,321
2541,2189280,94.9474915824916,98.4589615384616,92.2140119760479,594,260,334
2542,2190130,94.2337477477477,93.3063568773234,95.106013986014,555,269,286
2543,2190804,97.0247887323944,96.8120382165605,97.2303384615385,639,314,325
2544,2191773,94.8409608540925,94.5181290322581,95.2380952380952,562,310,252
2545,2191913,97.685593220339,98.5920224719101,96.5842662116041,649,356,293
2546,2192359,73.6698,85.1104559270517,59.7805904059041,600,329,271
2547,2192402,92.4585737704918,90.1586666666667,94.914406779661,610,315,295
2548,2193088,97.9891190108192,99.0190196078431,97.064926686217,647,306,341
2549,2193358,96.6414925373134,97.8,95.4389353612167,536,273,263
2550,2193946,97.379262295082,96.8210600706714,97.8623547400612,610,283,327
2551,2194544,88.8630909090909,98.8768539325843,73.408323699422,440,267,173
2552,2194870,96.8678086956522,97.5589198606272,96.1790972222222,575,287,288
2553,2195965,92.0873552123552,91.7606741573034,92.4348605577689,518,267,251
2554,2196577,91.6790322580645,97.7125163398693,85.1551943462897,589,306,283
2555,2197411,93.7966353383459,97.5164893617021,89.60064,532,282,250
2556,2200247,66.2790988372093,64.0509803921569,68.0639267015707,344,153,191
2557,2200425,67.4159550561798,72.9321052631579,59.2187709497207,445,266,179
2558,2206838,95.7735814889336,98.2123571428571,92.6267741935484,497,280,217
2559,2210800,93.9373376623377,92.3402702702703,95.414625,462,222,240
2560,2210889,95.2992094017094,98.8671698113207,90.6415270935961,468,265,203
2561,2210934,96.1809785202864,98.1579262672811,94.0572277227723,419,217,202
2562,2211141,97.682798573975,98.6714285714286,96.5382692307692,561,301,260
2563,2211688,82.0664522417154,90.119209486166,74.2305,513,253,260
2564,2212431,95.6085774058577,90.004,99.6406474820144,478,200,278
2565,2213414,94.3272589792061,95.399540229885,93.2829850746269,529,261,268
2566,2213504,93.7618532110092,92.5948148148148,94.7008940397351,545,243,302
2567,2214487,94.0797040169133,96.0267549668874,90.641052631579,473,302,171
2568,2214944,95.1421052631579,92.207619047619,97.7195437262357,494,231,263
2569,2215083,92.9154506437768,86.4094565217391,97.1604964539007,466,184,282
2570,2215520,89.7083106796116,97.5677777777778,79.7368281938326,515,288,227
2571,2216477,96.5519782214156,96.3562753036437,96.7109868421053,551,247,304
2572,2216724,98.1640734557596,98.3411295681063,97.9852348993289,599,301,298
2573,2216984,96.3149246231156,95.423838028169,97.1234504792332,597,284,313
2574,2217247,95.4792224231465,98.6158477508651,92.0455681818182,553,289,264
2575,2217332,96.7493170731707,97.2298269896194,96.3233435582822,615,289,326
2576,2218760,98.7019448946515,97.8238043478261,99.4126979472141,617,276,341
2577,2219470,83.1348412698413,88.8904273504274,78.1466666666667,504,234,270
2578,2220684,98.2997448979592,99.3036585365854,97.3425249169435,588,287,301
2579,2220729,98.8379235880399,98.5609712230216,99.0755555555556,602,278,324
2580,2221640,97.9516387337058,99.625,96.3091512915129,537,266,271
2581,2221772,95.8031204379562,96.4135483870968,95.17,548,279,269
2582,2223226,99.3571819645733,98.5484,100,621,275,346
2583,2223510,85.3204986149585,95.761696969697,76.5307142857143,361,165,196
2584,2226189,97.4491326530612,96.5213291139241,98.5270220588235,588,316,272
2585,2226503,98.0144462809917,98.6108680555556,97.4725867507887,605,288,317
2586,2227028,97.5181382978723,97.7557399103139,97.3627565982405,564,223,341
2587,2227471,95.0883760683761,93.1947643979058,96.3940794223827,468,191,277
2588,2228256,98.88032,98.7315555555556,99.0314838709677,625,315,310
2589,2228422,97.1450285714286,97.8822033898305,96.543044982699,525,236,289
2590,2229641,96.6444630872483,96.282972972973,97.0011333333333,596,296,300
2591,2230103,78.3550649350649,94.7370445344129,59.5348372093023,462,247,215
2592,2231851,94.3005700712589,92.6813658536585,95.8373148148148,421,205,216
2593,2232595,97.5017333333333,96.0678032786885,98.9842711864407,600,305,295
2594,2232716,96.6996540880503,98.7292993630573,94.7204347826087,636,314,322
2595,2232842,95.6058108108108,95.2858585858586,95.9279322033898,592,297,295
2596,2233039,97.7253321678322,96.9352107279693,98.3884244372991,572,261,311
2597,2234646,94.8705629139073,90.1196442687747,98.2950142450143,604,253,351
2598,2235758,97.2817028985507,94.9248550724638,99.6385507246377,552,276,276
2599,2236237,96.699247706422,97.1039130434783,96.2840520446097,545,276,269
2600,2237906,95.4805133470226,96.5,94.0299004975124,487,286,201
2601,2238408,97.7264393939394,98.7688524590164,96.8308450704225,528,244,284
2602,2239148,71.3784827586207,70.1747368421053,72.1581818181818,290,114,176
2603,2239155,86.8811881188119,95.3271339563863,54.2167469879518,404,321,83
2604,2239974,80.5771653543307,94.40016,54.1974045801527,381,250,131
2605,2240532,95.1164195298372,96.7845,93.4055677655678,553,280,273
2606,2240749,95.8564971751412,93.4492139737991,97.6818874172185,531,229,302
2607,2241341,95.643362369338,97.1526334519573,94.1959044368601,574,281,293
2608,2241879,98.1020253164557,99.4019701492537,96.6357575757576,632,335,297
2609,2243631,95.8250401284109,95.951098265896,95.6675812274368,623,346,277
2610,2243816,97.4196557659208,96.764008097166,97.9045209580838,581,247,334
2611,2245054,97.3359325044405,97.749807073955,96.8251587301587,563,311,252
2612,2245089,97.8456153846154,97.1338108882521,98.6709302325581,650,349,301
2613,2245161,89.8565566037736,94.8883941605839,80.6650666666667,424,274,150
2614,2245592,96.6480063795853,94.3853795379538,98.7639814814815,627,303,324
2615,2246398,96.6057835218094,95.4931531531532,97.9012587412587,619,333,286
2616,2246960,89.6353818181818,88.6521276595745,90.67,550,282,268
2617,2247658,97.1754977711738,96.3358591549296,98.1128301886792,673,355,318
2618,2250234,94.3297422680412,92.3575477707006,96.640447761194,582,314,268
2619,2250601,96.4341935483871,97.9179761904762,94.4636363636364,589,336,253
2620,2250884,97.3258333333333,94.9967666666667,99.4053571428571,636,300,336
2621,2251013,96.3056179775281,94.8775903614458,97.9348453608247,623,332,291
2622,2251222,96.674335347432,99.1738461538462,93.6212416107383,662,364,298
2623,2252687,96.4724386503067,95.2520771513353,97.7780317460318,652,337,315
2624,2253950,91.8991021126761,88.0120661157025,94.7845705521472,568,242,326
2625,2254982,96.9402415458937,94.77,98.8050898203593,621,287,334
2626,2256045,94.1169518716578,91.9015789473684,95.8596178343949,561,247,314
2627,2256798,95.90062215478,97.6878877887789,94.3794382022472,659,303,356
2628,2256819,97.0845043731779,96.4739743589744,97.5938235294118,686,312,374
2629,2256996,96.6553039513678,94.4031468531469,98.3868010752688,658,286,372
2630,2257592,90.0618269230769,78.5404048582996,97.6103448275862,624,247,377
2631,2257725,97.6202080237741,95.706600660066,99.1872972972973,673,303,370
2632,2257893,95.9775312066574,92.9864329268293,98.4739185750636,721,328,393
2633,2258187,85.161311827957,79.8798170731707,88.0389368770764,465,164,301
2634,2260136,92.0209461966605,90.9826229508197,92.8797627118644,539,244,295
2635,2260713,91.7800391389433,96.903470790378,85.0031363636364,511,291,220
2636,2261099,98.1890332326284,98.1778419452888,98.2000900900901,662,329,333
2637,2261203,94.9214010507881,90.6658666666667,97.6887283236994,571,225,346
2638,2261359,71.8135185185185,82.0527838827839,58.6899530516432,486,273,213
2639,2261517,95.6856834532374,97.6305762711864,93.4874329501916,556,295,261
2640,2262708,93.4297627737226,90.7750922509225,96.0269314079422,548,271,277
2641,2262756,92.6002527075812,94.2365762711865,90.7364864864865,554,295,259
2642,2265236,97.9762861271676,99.7265940054496,95.9997846153846,692,367,325
2643,2265707,67.358358490566,83.3343410852713,52.2046691176471,530,258,272
2644,2265943,96.6770664739884,98.0717906336088,95.1382066869301,692,363,329
2645,2266171,94.0578217821782,90.5408,96.9798187311178,606,275,331
2646,2266661,50.6741610738255,53.7200675675676,47.6688666666667,596,296,300
2647,2270121,96.134847020934,97.4012987012987,94.8886261980831,621,308,313
2648,2270542,94.4412777777778,89.1491509433962,97.8617987804878,540,212,328
2649,2270903,97.0739853747715,95.7431914893617,98.0763461538462,547,235,312
2650,2271109,97.9983636363636,99.0147540983607,96.7330612244898,550,305,245
2651,2274612,89.8398930481283,85.5403614457831,93.27125,561,249,312
2652,2274635,88.1580263157895,85.1590459363958,91.5665060240964,532,283,249
2653,2275531,79.439214953271,73.3596138996139,85.144347826087,535,259,276
2654,2276019,95.8904265402844,95.5249840255591,96.247875,633,313,320
2655,2276503,95.6057817589577,93.106802507837,98.3080677966102,614,319,295
2656,2276601,97.3432389380531,97.793125,96.9255972696246,565,272,293
2657,2276650,90.3099587628866,95.5707594936709,80.4731952662722,485,316,169
2658,2276982,95.4279619047619,97.8226086956522,91.6295566502463,525,322,203
2659,2279200,96.7116435986159,96.4148534201954,97.0478597785978,578,307,271
2660,2279239,96.7742903225806,95.5620136518771,97.8605198776758,620,293,327
2661,2279288,96.6835253054101,93.4791304347826,98.8322448979592,573,230,343
2662,2279302,92.4090021691974,91.22,92.971214057508,461,148,313
2663,2279313,93.4934796747967,88.8480575539568,97.3256083086053,615,278,337
2664,2280162,94.4228066914498,91.7718518518518,96.6064745762712,538,243,295
2665,2281297,96.1508862876254,96.882214532872,95.4668932038835,598,289,309
2666,2281381,78.7378198198198,72.3460128617363,86.8847540983607,555,311,244
2667,2282393,98.1884184514003,97.8822033898305,98.3832075471698,607,236,371
2668,2283338,98.8606107954545,99.1877358490566,98.4961561561562,704,371,333
2669,2283858,97.1324203821656,99.1992553191489,94.0485714285714,628,376,252
2670,2284399,93.8979342723005,92.8356313993174,94.7975144508671,639,293,346
2671,2284426,92.1754421768708,96.0482978723404,87.2558687258687,588,329,259
2672,2284522,94.2172700296736,90.2242902208202,97.7628571428571,674,317,357
2673,2285597,92.9330591630592,97.3867441860465,88.5431805157593,693,344,349
2674,2286679,93.9703786816269,91.9626785714286,95.7597347480106,713,336,377
2675,2287209,97.5073364485981,98.1259625668449,96.6440298507463,642,374,268
2676,2287247,97.6251582278481,99.6855,95.5119871794872,632,320,312
2677,2288165,93.6186896551724,94.4642804428044,92.8770873786408,580,271,309
2678,2288858,94.9088505747127,96.7437278106509,92.620332103321,609,338,271
2679,2289084,96.6412671755725,98.5703428571428,94.4275737704918,655,350,305
2680,2289115,98.1672112676056,99.4601347708895,96.7522418879056,710,371,339
2681,2289183,97.2606678082192,98.2097611940298,95.9837751004016,584,335,249
2682,2290857,97.0883980582524,96.5156445993031,97.5850151057402,618,287,331
2683,2291279,95.3566169154229,92.636976744186,97.3904347826087,603,258,345
2684,2291621,98.0840766073871,99.22,96.8201156069364,731,385,346
2685,2292054,99.1292576419214,98.8468208092486,99.4158357771261,687,346,341
2686,2293994,89.99964,83.1669306930693,94.6312080536913,500,202,298
2687,2294399,87.4548305084746,90.9648387096774,83.56875,590,310,280
2688,2299426,94.5741395348837,94.2085365853659,94.952429022082,645,328,317
2689,2300102,94.66715,98.1692307692308,91.7433944954128,600,273,327
2690,2300258,93.021488372093,86.8102197802198,97.5797580645161,645,273,372
2691,2300562,93.5548432055749,97.8003144654088,88.281171875,574,318,256
2692,2300632,95.6219912472648,95.2132057416268,95.9664919354839,457,209,248
2693,2300646,95.8906678082192,92.2754506437768,98.2905128205128,584,233,351
2694,2301245,92.0077723970944,92.8539285714286,91.5738461538461,413,140,273
2695,2302933,92.5147216890595,92.5187401574803,92.5108988764045,521,254,267
2696,2303487,94.5646010186757,97.5664133738602,90.7661538461539,589,329,260
2697,2304333,95.238801843318,93.6040404040404,96.6103389830508,651,297,354
2698,2307561,96.8060087082729,96.6228831168831,97.0379276315789,689,385,304
2699,2308357,92.0681818181818,87.8226086956522,95.4705574912892,517,230,287
2700,2309463,95.2202389078498,97.7645251396648,91.2252631578947,586,358,228
2701,2309576,94.8052307692308,93.4659591836735,95.9984,520,245,275
2702,2310008,98.329817905918,98.6346075085324,98.0858196721312,659,293,366
2703,2310130,96.3495620437956,95.9114545454545,96.6434146341463,548,220,328
2704,2310677,64.0440449438202,40.7563033175355,85.0428205128205,445,211,234
2705,2312815,98.5234098360656,98.9803389830509,98.0954920634921,610,295,315
2706,2313313,96.5374464579901,96.2286301369863,96.8237142857143,607,292,315
2707,2313790,95.0861814744801,95.4175,94.8110380622837,529,240,289
2708,2315149,82.6507551020408,72.7709900990099,89.5803125,490,202,288
2709,2315496,89.4264644714038,85.145,93.3523255813954,577,276,301
2710,2316005,97.4905965463108,96.847287066246,98.127875,637,317,320
2711,2316219,87.367408993576,96.9313596491228,78.243640167364,467,228,239
2712,2316230,95.2627868852459,96.0719650655022,94.68371875,549,229,320
2713,2316386,95.0431034482759,94.2964765100671,96.3834337349398,464,298,166
2714,2316644,98.6478045112782,99.6873270440252,97.6951585014409,665,318,347
2715,2316992,96.1436816720257,95.6538127090301,96.5971517027864,622,299,323
2716,2317055,98.0317531305903,99.2849285714286,96.7740860215054,559,280,279
2717,2317311,71.6298390342052,39.8200442477876,98.1575645756458,497,226,271
2718,2317776,97.1937368421053,97.9304137931034,96.43075,570,290,280
2719,2319188,86.7389782608696,93.4595769230769,78.0022,460,260,200
2720,2319612,95.4905639097744,93.0780952380952,97.3419933554817,532,231,301
2721,2319906,97.3268447412354,96.401726618705,98.1280373831776,599,278,321
2722,2320319,97.2877757685353,95.8167782426778,98.4074203821656,553,239,314
2723,2321290,94.5313846153846,90.2173913043478,98.3846601941748,585,276,309
2724,2321398,96.0135701906412,93.1466129032258,98.1746808510638,577,248,329
2725,2321435,97.4419931856899,96.7040119760479,98.4162450592885,587,334,253
2726,2321619,11.7919386106624,14.9484717607973,8.80415094339623,619,301,318
2727,2323039,97.9664945226917,98.7212460063898,97.2418404907975,639,313,326
2728,2324206,96.4689085072231,97.0072093023256,95.9657142857143,623,301,322
2729,2324503,96.3353184713376,93.8759183673469,98.5001796407186,628,294,334
2730,2324881,93.5832085561497,88.79992,97.4282958199357,561,250,311
2731,2326510,95.3223381294964,92.992140077821,97.3252173913043,556,257,299
2732,2327171,95.9217487266554,94.1989855072464,97.4408626198083,589,276,313
2733,2328030,77.3444921875,66.669512195122,87.2168421052632,512,246,266
2734,2332893,98.377012987013,96.9074226804124,99.6928615384615,616,291,325
2735,2333113,97.402987012987,97.169748427673,97.6518791946309,616,318,298
2736,2334026,95.4327072758037,97.2998498498498,93.0227906976744,591,333,258
2737,2334383,97.7965511811024,96.9909030100334,98.5134821428571,635,299,336
2738,2335213,97.9147023809524,96.8465042979943,99.0688854489164,672,349,323
2739,2335521,96.754018018018,96.7392833876222,96.7722580645161,555,307,248
2740,2335870,27.0757142857143,28.5725563909774,25.8907142857143,602,266,336
2741,2336127,82.2654844606947,72.6462393162393,89.4568690095847,547,234,313
2742,2336348,96.0457540263543,97.6186011904762,94.5227665706052,683,336,347
2743,2337182,98.1683497884344,99.1399425287356,97.2317451523546,709,348,361
2744,2338566,96.346747826087,95.0209128630705,97.3034131736527,575,241,334
2745,2338816,74.8573904761905,57.2071179039301,88.5125,525,229,296
2746,2338893,81.6944488188976,69.8221621621622,90.91,508,222,286
2747,2339007,93.4573052959501,98.4189240506329,88.6478834355828,642,316,326
2748,2339056,97.8215843023256,97.1342979942693,98.5291445427729,688,349,339
2749,2339857,94.0523954983923,88.6531914893617,98.5305588235294,622,282,340
2750,2340180,91.8228016359918,89.2890625,93.9645283018868,489,224,265
2751,2340422,80.7012670565302,55.0282010582011,95.6772222222222,513,189,324
2752,2341529,74.2187845303867,83.4350602409638,59.717345971564,543,332,211
2753,2342323,95.993056379822,96.085,95.9038011695906,674,332,342
2754,2343877,90.9087747035573,93.4004290429043,87.1897044334976,506,303,203
2755,2343980,87.4790876565295,92.8590178571429,79.3730044843049,559,336,223
2756,2344407,85.1928640776699,78.9432057416268,91.6272413793103,412,209,203
2757,2346842,92.0065742251223,93.8718387096774,90.0982178217822,613,310,303
2758,2346940,95.8879440789474,94.0080149812734,97.3599120234604,608,267,341
2759,2347968,94.9662080536913,94.5211301369863,95.3937171052631,596,292,304
2760,2348756,75.9186009174312,72.8057740585774,79.695076142132,436,239,197
2761,2349137,91.7235632183908,92.31,90.8522857142857,435,260,175
2762,2349375,90.3618244406196,90.6669666666667,90.0360498220641,581,300,281
2763,2349693,93.8398262243286,94.935,92.7481072555205,633,316,317
2764,2349956,95.3660862619808,92.9052482269503,97.3834011627907,626,282,344
2765,2350249,92.8117320261438,93.8904180064309,91.6972093023256,612,311,301
2766,2350375,91.213902027027,85.9185198555957,95.8704761904762,592,277,315
2767,2351699,96.562651391162,95.8200643086817,97.3324666666667,611,311,300
2768,2352839,97.6622741433022,97.2892771084337,98.0617419354839,642,332,310
2769,2353702,89.3513361169102,85.3157142857143,93.83140969163,479,252,227
2770,2354247,94.3224725274725,92.5799609375,95.8606896551724,546,256,290
2771,2354433,92.8968971962617,94.2668817204301,91.403828125,535,279,256
2772,2354609,96.0800713012478,94.6826595744681,97.4925089605735,561,282,279
2773,2354638,95.00225,97.6840397350993,90.4522471910112,480,302,178
2774,2354707,95.8272,97.1361290322581,94.5934459459459,575,279,296
2775,2355095,94.8823622047244,91.7328346456693,98.0318897637795,508,254,254
2776,2355534,97.5387192118227,97.6067664670659,97.4560727272727,609,334,275
2777,2355884,87.5938721804511,76.0180090497738,95.819807073955,532,221,311
2778,2355967,94.4800811688312,93.4685910652921,95.3857538461539,616,291,325
2779,2358373,95.0586820428336,96.8371202531646,93.1274570446735,607,316,291
2780,2359437,84.8270344827586,83.1666336633663,86.643285198556,580,303,277
2781,2359654,94.7208858603066,96.2420062695925,92.9102985074627,587,319,268
2782,2364770,93.2963218390805,94.40144,92.2805882352941,522,250,272
2783,2367002,92.1026382306477,92.7465299684543,91.4567088607595,633,317,316
2784,2367341,95.284243902439,93.7483088235294,96.5022448979592,615,272,343
2785,2370410,88.0200998336107,79.0767782426778,93.9246685082873,601,239,362
2786,2371490,93.5846381578947,95.8940469208211,90.6351685393258,608,341,267
2787,2373582,92.1377201257862,95.00146875,89.2377215189873,636,320,316
2788,2374606,95.0515051546392,92.2530985915493,96.2100291545189,485,142,343
2789,2374712,82.2208412698413,86.3782352941176,77.8467752442997,630,323,307
2790,2375908,95.8459634551495,93.0617959183673,97.7566666666667,602,245,357
2791,2377191,88.2370588235294,81.8209090909091,92.7283636363636,374,154,220
2792,2378859,96.5310763888889,95.1069230769231,97.9355862068965,576,286,290
2793,2379054,97.6754263565891,97.6413385826772,97.7084732824428,774,381,393
2794,2379219,94.3093868613139,90.097213622291,98.0677624309392,685,323,362
2795,2381769,96.0910709117222,95.3560061919505,96.73625,691,323,368
2796,2382708,96.5568562874251,95.3785148514851,97.5350410958904,668,303,365
2797,2383635,94.311871257485,91.9717391304348,96.2080758807588,668,299,369
2798,2385227,93.9907679465776,95.0811475409836,92.8595918367347,599,305,294
2799,2386645,96.9806330935252,98.5792022792023,95.3495348837209,695,351,344
2800,2390674,98.2710062893082,99.0540063091483,97.4929153605016,636,317,319
2801,2391188,94.253649068323,90.0930990415335,98.1879456193353,644,313,331
2802,2391565,79.5206382978724,77.4009615384615,82.145,376,208,168
2803,2392302,95.7671075837743,93.145,97.8056112852665,567,248,319
2804,2394843,94.0890608695652,98.1139622641509,89.1088326848249,575,318,257
2805,2396040,95.7509559939302,96.0339376770538,95.4245098039216,659,353,306
2806,2396048,56.1046986089644,54.189469273743,58.4771972318339,647,358,289
2807,2397011,93.2694423076923,92.0968728522337,94.7594759825327,520,291,229
2808,2397399,94.305401459854,93.6095,95.0762461538462,685,360,325
2809,2400726,85.6274089068826,90.5647169811321,76.7065909090909,494,318,176
2810,2401218,93.4002475247525,92.9683486238532,93.9064516129032,606,327,279
2811,2401917,92.8559966777409,91.9701003344481,93.730198019802,602,299,303
2812,2402387,79.1735727109515,92.9634814814815,66.2004878048781,557,270,287
2813,2402514,97.540393442623,99.3616878980892,95.6083445945946,610,314,296
2814,2402993,83.9085057471264,95.4291463414634,64.4303092783505,522,328,194
2815,2403027,67.7600410677618,91.7203311258278,28.6464864864865,487,302,185
2816,2403971,94.1064157119476,97.14,90.0383908045977,611,350,261
2817,2404433,95.3887797619048,94.6477464788732,96.218643533123,672,355,317
2818,2406741,96.7217213114754,97.5106230529595,95.8454671280277,610,321,289
2819,2407123,93.6270805369127,95.4950704225352,90.8754771784232,596,355,241
2820,2408144,94.3198674242424,91.9648214285714,96.0551644736842,528,224,304
2821,2408854,94.1089577039275,93.8154909090909,94.3174935400517,662,275,387
2822,2408915,91.9597152428811,93.5361216730038,90.7184131736527,597,263,334
2823,2409014,92.3739469320066,90.8504406779661,93.8331493506494,603,295,308
2824,2409183,93.4585046728972,92.0700344827586,94.6024147727273,642,290,352
2825,2409219,97.5275872093023,97.5737878787879,97.485,688,330,358
2826,2411344,95.236712749616,97.7625139664804,92.1505802047782,651,358,293
2827,2411953,96.6293258426966,97.4050974025974,95.8707936507937,623,308,315
2828,2412616,81.2502734375,76.5186639676113,85.6604905660377,512,247,265
2829,2417554,90.2755208333333,79.5745106382979,97.6501173020528,576,235,341
2830,2419427,95.2295230263158,96.3680198019802,94.0984918032787,608,303,305
2831,2420860,82.4388909426987,85.4994795539033,79.4120588235294,541,269,272
2832,2421851,91.9842685370742,85.1275384615384,96.3825,499,195,304
2833,2421979,96.6344871794872,95.8637931034483,97.3036526946108,624,290,334
2834,2422668,92.5936574074074,94.4978899082569,90.6538317757009,648,327,321
2835,2422999,89.872540192926,86.332,93.1711801242236,622,300,322
2836,2423932,93.2670202020202,86.3434136546185,98.2640579710145,594,249,345
2837,2424329,93.8341040462428,90.7183966244726,96.4526241134752,519,237,282
2838,2424867,95.9096666666667,94.5864331210191,97.1105202312139,660,314,346
2839,2424978,94.0699198717949,93.5013718411552,94.5237752161383,624,277,347
2840,2425283,95.5097236614853,91.2509583333333,98.524778761062,579,240,339
2841,2425450,95.9780842911877,96.5644375,95.0492079207921,522,320,202
2842,2425831,94.7457805255023,93.8899678456592,95.5379166666667,647,311,336
2843,2426660,1.12927318295739,0.994405940594059,1.26756345177665,798,404,394
2844,2426668,1.01445431472081,1.48017283950617,0.521984334203655,788,405,383
2845,2427990,97.9177392510402,98.086174863388,97.7440845070423,721,366,355
2846,2428164,96.1440142857143,94.5961148648649,97.2781188118812,700,296,404
2847,2429516,68.9285185185185,42.9794736842105,91.8602325581395,486,228,258
2848,2430550,97.621616481775,98.2362720403023,96.5788034188034,631,397,234
2849,2430888,92.3759219858156,87.360594795539,96.949220338983,564,269,295
2850,2430965,93.1618632478633,93.0286666666667,93.3342352941176,585,330,255
2851,2431240,96.1110264385692,96.3795264623955,95.7716197183099,643,359,284
2852,2434047,79.2775315315315,97.8501226993865,52.8379475982533,555,326,229
2853,2434087,87.11653784219,86.3342857142857,87.9589632107024,621,322,299
2854,2434433,88.2440325497287,70.8328125,97.5042936288089,553,192,361
2855,2435773,93.7833613445378,91.9129411764706,95.3584520123839,595,272,323
2856,2435832,87.9541058394161,81.2736170212766,92.9698083067093,548,235,313
2857,2437322,83.1177272727273,87.3674729241877,76.7545945945946,462,277,185
2858,2438358,94.549305785124,94.7028621908127,94.414347826087,605,283,322
2859,2438770,94.261868852459,97.348940397351,91.2349350649351,610,302,308
2860,2439575,70.1120674157303,50.2276255707762,89.3806194690265,445,219,226
2861,2439726,72.185966029724,59.4239344262295,85.9037444933921,471,244,227
2862,2440080,84.7076274509804,83.3358333333333,86.1797967479675,510,264,246
2863,2440544,78.3451181102362,68.5366292134831,89.2117842323651,508,267,241
2864,2441633,96.1979173553719,97.6621818181818,93.6354545454546,605,385,220
2865,2442469,94.0101941747573,98.1436507936508,87.5,618,378,240
2866,2442879,90.9391244239631,88.9562209302326,93.161009771987,651,344,307
2867,2443258,96.5267975830816,96.3592717086835,96.7228852459017,662,357,305
2868,2444829,77.5909039548023,85.5664948453608,67.9205,531,291,240
2869,2445690,96.4070958083832,96.9786404833837,95.8457270029674,668,331,337
2870,2445746,89.4728947368421,94.096875,81.5460714285714,456,288,168
2871,2446175,98.0622950819672,98.370243902439,97.6860264900662,671,369,302
2872,2447577,96.8360158311346,97.1281984334204,96.5376,758,383,375
2873,2447958,91.9539901477833,86.3812903225807,96.6654545454545,609,279,330
2874,2448131,97.0823500810373,95.4255182926829,98.96276816609,617,328,289
2875,2448697,95.302303030303,97.866,91.9290175438596,660,375,285
2876,2449686,97.5746763754045,97.6018,97.55625,618,250,368
2877,2449964,93.8484769230769,93.0186666666667,94.6287462686567,650,315,335
2878,2450127,93.8238421955403,96.6324770642202,90.23625,583,327,256
2879,2450272,89.6164663023679,82.7330120481928,95.3297333333333,549,249,300
2880,2451042,91.1549097472924,98.4559567901235,80.8699565217391,554,324,230
2881,2453563,92.5705615942029,89.9191129032258,94.7335855263158,552,248,304
2882,2453777,94.6017777777778,93.7463235294118,95.2517318435754,630,272,358
2883,2454401,91.7491549295775,97.6610505836576,85.4185,497,257,240
2884,2454509,88.236339869281,100,74.3795017793594,612,331,281
2885,2455188,95.2609952606635,98.9356,89.92,633,375,258
2886,2456221,82.9007359307359,97.1428571428571,52.3819047619048,462,315,147
2887,2456913,86.6993883792049,72.8887323943662,97.3,654,284,370
2888,2457008,85.1361261261261,71.6359615384615,97.0345762711864,444,208,236
2889,2458261,93.36407239819,89.7271903323263,96.99,663,331,332
2890,2459927,86.5001840490797,91.5830097087379,77.7746666666667,489,309,180
2891,2460259,92.2268140243903,94.0502083333333,90.31225,656,336,320
2892,2461774,92.4248148148148,100,80.09,594,368,226
2893,2461926,89.1846631205674,95.9119182389937,80.4884552845528,564,318,246
2894,2462050,93.6877133105802,88.3569076305221,97.6264985163205,586,249,337
2895,2463334,95.6177151799687,96.9893311036789,94.4115,639,299,340
2896,2463808,91.2601848739496,90.233569023569,92.283355704698,595,297,298
2897,2465930,94.0551829268293,94.0782236842105,94.0352840909091,656,304,352
2898,2466860,84.001,90.7694871794872,77.5626829268293,400,195,205
2899,2466866,62.2399705014749,71.6378606965174,48.5517391304348,339,201,138
2900,2467879,87.2299820143885,84.1893162393162,89.4396583850932,556,234,322
2901,2467930,79.3213012477718,54.1036231884058,94.0672316384181,561,207,354
2902,2468980,94.799985141159,95.5972327044025,94.0858309859155,673,318,355
2903,2470266,87.4985273972603,84.1706060606061,90.9424041811847,584,297,287
2904,2470292,73.2981632653061,76.8487781350482,69.3117328519856,588,311,277
2905,2471253,96.7836600306279,96.2862285714286,97.3582508250825,653,350,303
2906,2473425,95.1377309562399,95.0736231884058,95.2190441176471,617,345,272
2907,2473480,93.3478597122302,94.3859831460674,91.5,556,356,200
2908,2474489,92.1132382550336,97.8551474530831,82.5090582959641,596,373,223
2909,2475132,96.3915979381443,98.7431132075472,93.5590909090909,582,318,264
2910,2475462,97.4736363636364,98.1800606060606,96.590606060606,594,330,264
2911,2475790,96.6374923547401,95.9906172839506,97.2726060606061,654,324,330
2912,2476917,97.0234710743802,96.0314079422383,97.8612804878049,605,277,328
2913,2476979,96.5811237785016,98.1612883435583,94.7924652777778,614,326,288
2914,2476985,96.4689579831933,95.8978233438486,97.1202158273381,595,317,278
2915,2477037,97.7859651898734,98.3630601092896,96.9919172932331,632,366,266
2916,2477760,81.7086788617886,84.6759003831418,78.3561038961039,492,261,231
2917,2478429,96.8421926910299,97.0652768729642,96.6100338983051,602,307,295
2918,2479752,80.8558438287154,81.2774885844749,80.3370786516854,397,219,178
2919,2480712,75.9201337792642,58.7457425742574,93.5602711864407,598,303,295
2920,2482723,88.2985106382979,93.5093805309735,80.4474666666667,564,339,225
2921,2482940,95.651231884058,96.6650666666667,94.4442857142857,552,300,252
2922,2483204,91.7488531187123,92.398,91.0918218623482,497,250,247
2923,2484241,96.5157048092869,97.9292603550296,94.7127547169811,603,338,265
2924,2485024,94.5196740740741,96.5994240837696,91.8081911262799,675,382,293
2925,2485142,84.4045321100918,93.3099212598425,76.6314432989691,545,254,291
2926,2485158,92.33215,93.6779182156134,91.2384592145015,600,269,331
2927,2485298,96.2141009463722,94.1998293515358,97.9448387096774,634,293,341
2928,2488410,85.4275227686703,93.20088,78.9280602006689,549,250,299
2929,2489420,93.4341194029851,97.4227220630372,89.0976012461059,670,349,321
2930,2489748,87.4425274725275,83.8815789473684,90.6933633633634,637,304,333
2931,2489927,88.1573903508772,89.0416438356164,87.3402953586498,456,219,237
2932,2491678,90.9104545454545,92.9677064220184,88.1646530612245,572,327,245
2933,2493473,95.2899088145897,95.3168125,95.2644378698225,658,320,338
2934,2493571,96.3254852941177,95.1174918566775,97.3197319034853,680,307,373
2935,2494034,93.8623538011696,96.6702121212121,91.2448587570621,684,330,354
2936,2495028,94.7990825688073,94.3572727272727,95.2197910447761,654,319,335
2937,2496529,87.3532295719844,89.208713692946,85.7152380952381,514,241,273
2938,2500635,94.6483110367893,94.5296875,94.7371052631579,598,256,342
2939,2501743,91.5551111111111,90.3007023411371,92.5526329787234,675,299,376
2940,2501796,90.4769488536155,88.4598557692308,91.6456267409471,567,208,359
2941,2502350,92.484710982659,93.4076790830945,91.5455976676385,692,349,343
2942,2502561,96.2642816091954,97.6883815028902,94.8564571428571,696,346,350
2943,2505014,95.2795,93.0485761589404,96.8913157894737,720,302,418
2944,2505318,88.1633469387755,90.5748360655738,85.7714634146341,490,244,246
2945,2508531,96.0238733431517,96.97,95.1292550143266,679,330,349
2946,2509004,91.9883973288815,92.6597202797203,91.3749840255591,599,286,313
2947,2509257,8.65060698027314,6.64772151898734,10.4958309037901,659,316,343
2948,2510078,92.0032,95.31653125,87.8452941176471,575,320,255
2949,2511914,94.8677859237537,93.0811320754717,96.4286538461538,682,318,364
2950,2513458,90.5005152979066,82.0534065934066,97.1271264367816,621,273,348
2951,2514402,96.5707428571429,98.8367441860465,94.3811235955056,700,344,356
2952,2515287,96.1372333848532,97.6260830860534,94.5187096774194,647,337,310
2953,2515860,96.2693468118196,95.7752112676056,96.6602506963788,643,284,359
2954,2516715,96.2027445255475,96.4948089171974,95.9555525606469,685,314,371
2955,2517021,84.2198228663446,63.4447058823529,97.1296866840731,621,238,383
2956,2517207,94.6803442879499,91.3352346570397,97.24,639,277,362
2957,2517553,95.0436880466472,95.9231034482759,94.2792915531335,686,319,367
2958,2518119,87.2912897196262,91.1331451612903,83.9714982578397,535,248,287
2959,2518766,95.1309737827715,94.3545161290322,95.8042657342657,534,248,286
2960,2519956,89.7380347826087,90.4461146496815,88.8861685823755,575,314,261
2961,2520341,89.9996470588235,92.9734710743802,87.314328358209,510,242,268
2962,2521484,77.3329423459245,82.5091928251121,73.2104285714286,503,223,280
2963,2523381,75.9115282392027,90.9331419939577,57.5640959409594,602,331,271
2964,2524061,97.9765363881402,96.925,98.956875,742,358,384
2965,2524314,94.5920943134535,96.2753008595989,93.0129569892473,721,349,372
2966,2525989,92.8322902097902,90.3630120481928,94.7358513931889,572,249,323
2967,2527920,91.1043902439024,90.5878823529412,91.5963025210084,697,340,357
2968,2528271,92.3065747460087,94.2913813813814,90.45,689,333,356
2969,2528528,94.5261095100864,94.3996,94.6748275862069,694,375,319
2970,2529985,93.1964965986395,98.8126409495549,85.6560956175299,588,337,251
2971,2530160,92.3984297520661,94.8539705882353,90.3927027027027,605,272,333
2972,2530492,93.2157013574661,94.4830674846626,91.989703264095,663,326,337
2973,2530528,96.102582972583,97.5530886850153,94.8066393442623,693,327,366
2974,2530811,92.5975905511811,92.6314736842105,92.57,635,285,350
2975,2530877,89.9118584070796,94.6633451957295,85.2105633802817,565,281,284
2976,2534224,96.0933751743375,95.9448648648649,96.2517291066282,717,370,347
2977,2534244,92.6824695121951,91.4878419452887,93.8844036697248,656,329,327
2978,2534415,94.5267993366501,96.2631034482759,92.1572549019608,603,348,255
2979,2536423,94.8708097165992,95.2251193633952,94.5038461538462,741,377,364
2980,2536464,85.9712949640288,92.5144311377245,76.1271171171171,556,334,222
2981,2537833,77.8802180685358,95.4034054054054,54.0435294117647,642,370,272
2982,2538228,93.1276900584795,91.5675,94.7062352941177,684,344,340
2983,2538502,91.7238068965517,94.3861734693878,88.5897297297297,725,392,333
2984,2538771,97.1060781476122,96.3746223564955,97.7786111111111,691,331,360
2985,2539206,89.8139444444444,87.6708219178082,92.3372983870968,540,292,248
2986,2539673,93.546960950764,94.8524115755627,92.0865467625899,589,311,278
2987,2541132,91.2846052631579,86.0972197309417,94.2892467532468,608,223,385
2988,2541176,80.4535419847328,74.652602739726,85.1198622589532,655,292,363
2989,2541217,92.3382392473118,95.2772703412073,89.2534710743802,744,381,363
2990,2541317,96.6413172043011,97.3060107816712,95.9801876675603,744,371,373
2991,2541509,96.8936248236953,98.5710256410256,95.2490223463687,709,351,358
2992,2541769,97.2284985422741,97.0637243401759,97.3913623188406,686,341,345
2993,2543485,86.2175462184874,95.568164556962,75.6268817204301,595,316,279
2994,2544661,96.8161649782923,95.2788333333333,98.4881873111783,691,360,331
2995,2545083,92.8908562197092,99.2036604774536,83.0564462809917,619,377,242
2996,2546160,85.8573306772908,77.9837155963303,91.901161971831,502,218,284
2997,2546166,79.3223496240602,68.8160215053764,90.9083794466403,532,279,253
2998,2546205,69.2049542682927,67.864024024024,70.587399380805,656,333,323
2999,2547378,92.3184194977843,93.9225690607735,90.4749206349206,677,362,315
3000,2549161,95.8152316890882,95.3440821917808,96.3809210526316,669,365,304
3001,2550395,95.568210180624,94.2458992805755,96.6787915407855,609,278,331
3002,2550651,76.4491036906854,73.3824460431655,79.3787628865979,569,278,291
3003,2550729,87.8153299492386,94.7878472222222,81.1879867986799,591,288,303
3004,2551892,92.1811647254576,91.6667948717949,92.7364705882353,601,312,289
3005,2552243,91.8964827586207,93.826,89.163,580,340,240
3006,2552844,90.7220206185567,93.2548809523809,87.9826180257511,485,252,233
3007,2552859,94.6034716459198,93.7653541076487,95.4030810810811,723,353,370
3008,2554057,93.8589133858268,91.9868545994065,95.9759731543624,635,337,298
3009,2555885,90.534810725552,91.7445259938838,89.2462866449511,634,327,307
3010,2555964,97.0668854748603,97.1340687679083,97.0029972752044,716,349,367
3011,2556010,94.5935435435435,93.969619047619,95.1534757834758,666,315,351
3012,2556208,83.7519262981575,83.5595890410959,83.9360655737705,597,292,305
3013,2556646,93.2789836065574,94.0322105263158,92.6184615384615,610,285,325
3014,2556776,95.9117035775128,94.8746153846154,96.8133757961783,587,273,314
3015,2557817,96.192581100141,97.2504587155963,95.2870157068063,709,327,382
3016,2558153,88.336357827476,85.5344628099174,90.1021354166667,626,242,384
3017,2559557,88.6211664295875,86.5801277955272,90.2592307692308,703,313,390
3018,2559655,84.4406930693069,90.1439130434783,79.0053038674033,707,345,362
3019,2559916,84.8170858895706,94.004858044164,76.1229850746269,652,317,335
3020,2560044,91.5008333333333,90.9384668989547,92.0164856230032,600,287,313
3021,2560112,86.2458252427184,88.9905504587156,83.1615463917526,618,327,291
3022,2561639,92.7659189580318,90.7586834733894,94.911377245509,691,357,334
3023,2561853,93.9450409165303,91.3457313432836,97.1,611,335,276
3024,2562668,83.6804861111111,70.8137768240343,92.4208454810496,576,233,343
3025,2563504,78.5151953125,81.602,75.5697709923664,512,250,262
3026,2563687,93.1089243697479,95.1327715355805,91.4614634146342,595,267,328
3027,2565103,96.5547730829421,96.7290522875817,96.3946246246246,639,306,333
3028,2566178,85.2096302816901,85.0211894273128,85.335073313783,568,227,341
3029,2566417,86.3088492063492,88.3737209302326,84.7726989619377,504,215,289
3030,2568674,88.3097402597403,91.8613559322034,85.0457943925234,616,295,321
3031,2568967,87.5504489795918,85.0538144329897,89.1867567567568,490,194,296
3032,2569252,92.4408987161198,96.0126063829787,88.3087076923077,701,376,325
3033,2569313,92.7835567010309,91.8837987012987,93.7949635036496,582,308,274
3034,2569409,88.4939222042139,90.6361204013378,86.4797169811321,617,299,318
3035,2569491,83.8368621236133,82.4630153846154,85.2960130718954,631,325,306
3036,2569543,95.9202105263158,94.747,97.2237777777778,760,400,360
3037,2570155,86.8916638655462,96.7927113702624,73.4152380952381,595,343,252
3038,2570334,90.9085227272727,91.8051535836178,90.0951702786378,616,293,323
3039,2570488,94.5104573170732,95.6482608695652,93.0565972222222,656,368,288
3040,2570912,63.7816987179487,93.9400550964187,21.8373180076628,624,363,261
3041,2571112,89.9664802631579,85.7123308270677,93.2752631578947,608,266,342
3042,2571333,77.5424279210926,93.57,60.2508517350158,659,342,317
3043,2571359,90.4521909233177,96.639354005168,80.9504761904762,639,387,252
3044,2572440,95.6643916083916,95.9593181818182,95.298275862069,715,396,319
3045,2573587,91.4502258064516,94.1733009708738,88.7446623794212,620,309,311
3046,2575168,54.717027972028,52.8753237410072,56.4585034013605,572,278,294
3047,2577136,93.6022172619048,93.632898089172,93.5753072625698,672,314,358
3048,2577295,93.6583923303835,94.1756310679612,93.2252574525745,678,309,369
3049,2577592,94.1731484049931,92.2230294906166,96.2633620689655,721,373,348
3050,2577776,90.4326234567901,95.4800531914894,83.4552941176471,648,376,272
3051,2578514,94.5564217687075,95.3891869918699,93.7168306010929,735,369,366
3052,2578687,94.0093413173653,92.8798305084746,94.902654155496,668,295,373
3053,2579623,92.0002142857143,87.1973475609756,96.235,700,328,372
3054,2580967,89.9058974358974,85.4409195402299,93.1162534435262,624,261,363
3055,2581245,87.4523985239852,84.9983461538462,89.715,542,260,282
3056,2581842,88.0184946236559,87.2130491803279,88.7284971098266,651,305,346
3057,2582295,90.7428224582701,91.5884684684685,89.879018404908,659,333,326
3058,2582341,90.8146442432083,87.73072,93.720351758794,773,375,398
3059,2582375,90.6385045513654,88.3892917847026,92.5470913461538,769,353,416
3060,2582897,85.3101694915254,74.2395454545454,91.8927027027027,531,198,333
3061,2582907,89.3918252730109,86.4418983050847,91.906936416185,641,295,346
3062,2584655,89.2196351575456,88.5689142857143,90.1198418972332,603,350,253
3063,2585164,91.9668540829987,87.0987096774194,96.0556157635468,747,341,406
3064,2585907,92.7919492656876,93.366887755102,92.1606442577031,749,392,357
3065,2585992,93.3518559556787,94.1819944598338,92.5217174515235,722,361,361
3066,2586370,91.4783258594918,95.2496927374302,87.1370096463022,669,358,311
3067,2586404,90.6091137566138,91.9468571428571,89.2208894878706,756,385,371
3068,2588514,90.5253571428571,88.8858950617284,92.1853125,644,324,320
3069,2588764,88.3091692307692,83.1286503067485,93.5216666666667,650,326,324
3070,2588865,96.883029925187,95.5313399503722,98.2482706766917,802,403,399
3071,2588998,93.96,93.1147933884297,94.763167539267,745,363,382
3072,2589143,92.8361657303371,93.33072,92.2858456973294,712,375,337
3073,2589563,88.8899866131191,79.5276854599407,96.5853414634146,747,337,410
3074,2589626,92.2099858356941,93.8163659793814,90.25,706,388,318
3075,2589915,92.6645563139932,90.0895945945946,94.235,586,222,364
3076,2590279,91.8640963855422,89.37275,94.1816279069767,664,320,344
3077,2590635,40.0330757341577,44.2328205128205,36.1216716417911,647,312,335
3078,2590672,85.4406686478455,86.3257264957265,84.475900621118,673,351,322
3079,2591862,36.743530259366,39.8893074792244,33.3332432432432,694,361,333
3080,2592751,96.3662987886945,96.995,95.7559416445623,743,366,377
3081,2596445,91.2162957540263,92.8571957671958,89.1826557377049,683,378,305
3082,2597927,92.0069476744186,90.7223952095808,93.2189265536723,688,334,354
3083,2598161,89.4741473684211,88.3548630136986,89.9708510638298,475,146,329
3084,2599079,91.5263237518911,89.1026602564102,93.6930372492837,661,312,349
3085,2600452,93.267684729064,94.7921875,91.8999065420561,609,288,321
3086,2600953,90.7554545454545,94.6488732394366,86.0542176870748,649,355,294
3087,2601320,93.8682627737226,94.1170897832817,93.6462430939227,685,323,362
3088,2601461,91.0852005943537,85.8089108910891,95.4060540540541,673,303,370
3089,2603901,95.3935215453195,93.1000689655173,97.1300783289817,673,290,383
3090,2604036,93.4523398328691,92.1026315789474,94.68,718,342,376
3091,2604243,85.9230555555555,80.5329389312977,91.0029496402878,540,262,278
3092,2604346,94.0152260638298,96.7577805486284,90.8819943019943,752,401,351
3093,2607183,92.6219126506024,95.3980051150895,88.6458974358974,664,391,273
3094,2607604,88.0733009708738,89.4168245125348,86.7409116022099,721,359,362
3095,2608046,89.8307966101695,89.2212639405204,90.3415887850467,590,269,321
3096,2608105,90.805094890511,91.3844,90.2821111111111,685,325,360
3097,2609759,92.1164605873261,95.0803551912568,88.2560142348755,647,366,281
3098,2610184,92.4730107526882,92.9824561403509,92.0396019900497,744,342,402
3099,2610341,89.4586046511628,93.6823626373626,83.9872597864769,645,364,281
3100,2610362,92.2048305084746,93.8316883116883,90.4279787234043,590,308,282
3101,2610682,95.6408174386921,96.61390625,94.5732,734,384,350
3102,2611452,88.8884704184704,91.2683068783069,86.0326666666667,693,378,315
3103,2612022,50.4275213675214,14.4172558139535,81.0291304347826,468,215,253
3104,2612743,81.1745768566494,90.9902402402402,67.8875203252033,579,333,246
3105,2613263,94.685272479564,92.7328779069767,96.4073846153846,734,344,390
3106,2613423,94.3228966521106,96.0607878787879,92.7164425770308,687,330,357
3107,2613658,90.9341655716163,88.7397802197802,92.9461460957179,761,364,397
3108,2614634,86.4549269588313,82.6353892215569,89.4996181384248,753,334,419
3109,2614917,91.6780980683507,92.2829476584022,90.9698387096774,673,363,310
3110,2615594,91.7412649800266,85.8008641975309,96.2487353629976,751,324,427
3111,2619459,89.8483076923077,94.4920110192837,83.9749128919861,650,363,287
3112,2620625,93.1833925925926,95.6731123919308,90.5494512195122,675,347,328
3113,2620790,91.4783355886333,89.34269035533,93.9173043478261,739,394,345
3114,2622805,96.437602739726,98.5806382978723,93.4848208469055,730,423,307
3115,2623108,92.3936514522822,92.6595696202532,92.0734146341463,723,395,328
3116,2623347,93.1676955903272,88.1920983606557,96.9806532663317,703,305,398
3117,2628468,95.6289845758355,94.586469072165,96.6661538461538,778,388,390
3118,2628499,93.8440082079343,94.2255118110236,93.4287142857143,731,381,350
3119,2629957,85.020243902439,85.0635269709544,84.9889189189189,574,241,333
3120,2632313,95.413974522293,96.3073614775726,94.58,785,379,406
3121,2637891,93.7578900445765,92.4642337662338,95.4872569444444,673,385,288
3122,2638246,93.0893855606759,94.3444047619048,91.7506984126984,651,336,315
3123,2641865,89.6392661870504,89.9976756756757,89.2312307692308,695,370,325
3124,2644257,93.3956038647343,95.5462611275965,90.8435915492958,621,337,284
3125,2644380,93.5729153605016,96.0936936936937,90.8207213114754,638,333,305
3126,2645724,97.1166919575114,96.3313149847095,97.8902409638554,659,327,332
3127,2646465,86.9070977917981,89.9408620689655,83.2156643356643,634,348,286
3128,2647919,90.2163349917081,91.8476175548589,88.384014084507,603,319,284
3129,2648366,93.9979648609078,95.0654320987654,93.0345682451254,683,324,359
3130,2649668,89.9403095975232,93.2793277310924,85.8156401384083,646,357,289
3131,2650781,93.2830285714286,94.3374123989218,92.0940425531915,700,371,329
3132,2651161,93.461426448737,93.6498412698413,93.22,673,378,295
3133,2653586,89.743197586727,89.4911956521739,89.9229198966408,663,276,387
3134,2654221,91.4884194528875,88.4728474576271,93.9390909090909,658,295,363
3135,2655825,69.819054054054,54.0940213523132,81.2962857142857,666,281,385
3136,2656175,77.0473996789727,90.832664756447,59.488795620438,623,349,274
3137,2656315,79.8006446991404,79.1821407624633,80.3914285714286,698,341,357
3138,2656434,82.5480704697987,80.1584523809524,84.2986046511628,596,252,344
3139,2657708,93.4129907773386,94.3806741573034,92.5581637717122,759,356,403
3140,2657925,90.8813851351351,95.3046308724832,86.3979591836735,592,298,294
3141,2659627,95.1031608391608,95.985,94.3724296675192,715,324,391
3142,2661741,94.8711463046757,94.6613879003559,95.025445026178,663,281,382
3143,2663273,70.5129487179487,95.0663896103896,30.9603347280335,624,385,239
3144,2663404,85.8295209580838,93.6635563380282,75.5766820276498,501,284,217
3145,2664394,82.431214953271,86.7359523809524,77.1797925311203,535,294,241
3146,2664723,86.4844444444444,95.6147123287671,75.4128571428571,666,365,301
3147,2664811,95.5687001477105,95.9181292517007,95.3004699738903,677,294,383
3148,2664851,90.1829447852761,87.9175503355705,92.0899717514124,652,298,354
3149,2665353,97.7133993902439,97.6637,97.7552808988764,656,300,356
3150,2665934,92.1063777089783,89.770297029703,94.170029154519,646,303,343
3151,2666192,80.2635051546392,89.8308474576271,69.8424615384615,679,354,325
3152,2666673,92.2010091743119,92.7872786885246,91.6886532951289,654,305,349
3153,2669930,87.2737272727273,77.304572368421,95.7867134831461,660,304,356
3154,2670344,88.9400975609756,83.573102189781,93.2525806451613,615,274,341
3155,2672321,81.3398007246377,85.6725373134328,74.6510138248848,552,335,217
3156,2672349,86.5573559822747,81.6454746835443,90.8569529085873,677,316,361
3157,2672631,94.6890855457227,91.5391238670695,97.6938040345821,678,331,347
3158,2673043,91.628467614534,90.3011371237458,92.8167065868263,633,299,334
3159,2674486,87.3851801801802,91.1016871165644,83.8217058823529,666,326,340
3160,2676495,85.5126635514019,93.33025,75.5327659574468,642,360,282
3161,2678383,91.7863123993559,89.6424302788845,93.2406756756757,621,251,370
3162,2680515,71.5550574712644,60.7622784810127,80.5301052631579,348,158,190
3163,2681305,87.78942812983,92.0480733944954,83.437625,647,327,320
3164,2682309,93.6635352112676,93.5476344086021,93.7910946745562,710,372,338
3165,2684526,73.3025339366516,72.5306008583691,74.1631100478469,442,233,209
3166,2686150,92.2966106442577,93.1401055408971,91.342328358209,714,379,335
3167,2686309,91.4422818791946,94.7827607361963,87.408962962963,596,326,270
3168,2687359,91.4425375375375,93.8508414239482,89.3580392156863,666,309,357
3169,2687367,89.2070489038786,93.77,83.8220955882353,593,321,272
3170,2687622,91.3340288924559,90.4216766467066,92.3884429065744,623,334,289
3171,2687891,90.1516977928693,88.1181188118812,92.3061538461538,589,303,286
3172,2688082,91.4291127819549,91.39,91.461652892562,665,302,363
3173,2689090,91.7042396313364,95.6775504322767,87.1689144736842,651,347,304
3174,2691466,90.8483898305085,89.4462756598241,92.7685542168675,590,341,249
3175,2691942,89.4185123966942,80.3468421052631,97.49796875,605,285,320
3176,2692038,91.3675386597938,89.2463569682152,93.7314713896458,776,409,367
3177,2692225,92.8686511627907,94.5112427745665,90.9678595317726,645,346,299
3178,2693162,48.3536741767764,44.5917704918033,52.5719852941176,577,305,272
3179,2693284,90.8708701854493,89.6173770491803,92.2403582089552,701,366,335
3180,2695020,91.9524712643678,89.4554985754986,94.4928695652174,696,351,345
3181,2695656,92.4213075780089,92.3285795454545,92.5229906542056,673,352,321
3182,2696169,88.6765294117647,85.0461682242991,91.9226183844011,680,321,359
3183,2696358,89.1243993506494,88.0808278145695,90.1280891719745,616,302,314
3184,2696933,92.3630543318649,92.0578529411765,92.6673607038123,681,340,341
3185,2697235,88.8457809330629,77.9761674008811,98.1217293233083,493,227,266
3186,2699559,90.9489614243323,90.6725388601036,91.3194444444444,674,386,288
3187,2699734,92.7659716312057,90.4769047619048,94.850325203252,705,336,369
3188,2699828,93.7674492753623,94.7075294117647,92.8542285714286,690,340,350
3189,2702069,94.2670735294118,93.5411235955056,95.0647222222222,680,356,324
3190,2703732,52.7333984375,28.4129151291513,80.0813278008299,512,271,241
3191,2704717,92.9951302931596,90.302696969697,96.123661971831,614,330,284
3192,2705911,83.202032,90.5996551724138,75.4901307189542,625,319,306
3193,2708532,85.1638575667656,81.2172543352601,89.3270426829268,674,346,328
3194,2709501,93.7125660377359,95.3863076923077,92.1008148148148,795,390,405
3195,2709549,92.340560875513,92.7613091922006,91.9345161290323,731,359,372
3196,2709600,83.8127318718381,69.2674634146342,91.4977319587629,593,205,388
3197,2709609,90.7820992907802,88.3479141104295,92.8758839050132,705,326,379
3198,2709637,91.0239410939691,88.450547112462,93.22875,713,329,384
3199,2710074,95.433963494133,93.9763089005236,96.8802597402597,767,382,385
3200,2710387,93.5663888888889,93.1878947368421,93.9050415512465,684,323,361
3201,2710517,90.7681064162754,89.5970805369128,91.7914662756598,639,298,341
3202,2710740,90.7331462140992,90.5550656167979,90.9093766233766,766,381,385
3203,2710767,90.9227070063694,93.0252325581395,88.3759859154929,628,344,284
3204,2711986,84.9152295081967,87.9217647058824,81.5315679442509,610,323,287
3205,2712456,93.6776685393258,96.11,91.1900568181818,712,360,352
3206,2713792,72.2728465804067,85.273698630137,57.0268674698795,541,292,249
3207,2716036,87.2094383775351,92.2240277777778,80.7850533807829,641,360,281
3208,2716504,84.2650378214826,87.6150755287009,80.9048484848485,661,331,330
3209,2716604,91.1062751677852,86.7828193832599,93.7659620596206,596,227,369
3210,2716624,92.0458279009127,93.0146368715084,91.1978239608802,767,358,409
3211,2716646,93.5139948119325,93.1398153034301,93.8757653061224,771,379,392
3212,2718695,88.9915353260869,90.0246153846154,88.0496883116883,736,351,385
3213,2719432,95.5218317503392,96.8381034482759,94.344293059126,737,348,389
3214,2720511,85.6718955223881,91.3594135802469,80.3460115606936,670,324,346
3215,2720999,89.2707776049767,85.7752964426877,91.538358974359,643,253,390
3216,2721300,82.1503225806452,50.9225,91.5973949579832,465,108,357
3217,2722301,93.1613981762918,95.1602688172043,90.5614685314685,658,372,286
3218,2723043,73.259304029304,77,68.6974796747968,546,300,246
3219,2724504,70.3538248847926,94.168221574344,43.8332467532468,651,343,308
3220,2724650,87.460192926045,87.8040853658537,87.0765306122449,622,328,294
3221,2727559,77.0346511627907,61.667,88.9168556701031,688,300,388
3222,2727814,84.9112807017544,90.7326517571885,77.821439688716,570,313,257
3223,2727891,91.1956904400607,87.7708463949843,94.409,659,319,340
3224,2728095,89.4395747599451,95.5168865435356,82.8587142857143,729,379,350
3225,2728143,86.1837205651491,91.5098938992042,78.4607692307692,637,377,260
3226,2730833,91.5361836441894,93.4119197707737,89.6550574712644,697,349,348
3227,2734063,85.9689165186501,87.7383141762452,84.4397350993378,563,261,302
3228,2734794,85.978998459168,89.4230769230769,82.7904154302671,649,312,337
3229,2735882,90.0277427821522,89.167,90.7985572139303,762,360,402
3230,2738135,87.3561494252874,91.0236923076923,82.6818300653595,696,390,306
3231,2738181,89.2845652173913,87.1049685534591,91.4106748466258,644,318,326
3232,2738666,93.5147511312217,92.1156989247312,94.53125,663,279,384
3233,2738928,88.9709188361409,91.0936643835616,87.2539058171745,653,292,361
3234,2739180,84.161856,77.5435169491525,88.1770951156812,625,236,389
3235,2739322,86.0970053475936,84.3579141104294,87.4404739336493,748,326,422
3236,2739418,89.7271268057785,87.3815384615385,92.2852348993289,623,325,298
3237,2739473,87.1078773584906,90.856814159292,82.8287878787879,636,339,297
3238,2739983,87.1593580599144,79.8184939759036,93.7641463414634,701,332,369
3239,2741432,60.0942992874109,42.61125,72.6535510204082,421,176,245
3240,2742456,84.5356533333333,88.2775862068966,82.1766086956522,375,145,230
3241,2742462,93.8156082474227,93.2104320987654,94.119133126935,485,162,323
3242,2744061,91.8162787723785,90.3764973262032,93.1360784313726,782,374,408
3243,2744487,91.5010126582279,90.0375276752767,92.9074113475177,553,271,282
3244,2746176,87.4052888888889,87.7603582089552,87.0554411764706,675,335,340
3245,2746537,80.9611754966888,73.8317445482866,89.0479151943463,604,321,283
3246,2752131,89.4819407407407,91.9787967914439,86.3795348837209,675,374,301
3247,2752937,90.5885735294118,88.9553134328358,92.1744927536232,680,335,345
3248,2753486,92.7430555555556,92.6090909090909,92.9023648648649,648,352,296
3249,2754475,94.0462787550744,94.8311111111111,93.1834090909091,739,387,352
3250,2755292,89.6225666199158,91.0312664907652,88.0240718562874,713,379,334
3251,2756418,91.6648302469136,85.9730487804878,97.49890625,648,328,320
3252,2757066,89.1294927536232,91.5695058139535,86.7035838150289,690,344,346
3253,2757723,81.387461928934,70.79968,89.1497653958944,591,250,341
3254,2758231,84.430176565008,69.9608695652174,94.324054054054,623,253,370
3255,2761202,90.9878581979321,90.0239622641509,92.1565032679739,677,371,306
3256,2762309,82.67925,81.4643902439024,83.3807887323944,560,205,355
3257,2762867,88.7334929577465,89.4586486486486,87.9443529411765,710,370,340
3258,2763786,94.6175504710633,93.0552222222222,96.0860574412533,743,360,383
3259,2766105,91.6110629370629,96.2090243902439,86.7074566473989,715,369,346
3260,2767041,84.7849286846276,87.6773638968481,81.2052836879433,631,349,282
3261,2767674,94.6622982216142,95.0903738317757,94.0576237623762,731,428,303
3262,2767981,89.7214355628059,90.710959752322,88.6193103448276,613,323,290
3263,2771504,92.0429766803841,94.8,88.6157846153846,729,404,325
3264,2773235,77.46228980322,75.0038732394366,80.0011636363636,559,284,275
3265,2773287,69.3653345070422,60.362,77.8155631399317,568,275,293
3266,2774939,89.0006194690265,89.6894329896907,88.3374441687345,791,388,403
3267,2774971,88.3592191780822,87.0720114942529,89.5318586387435,730,348,382
3268,2774982,88.5957579972184,86.761661971831,90.3845054945055,719,355,364
3269,2776087,81.5666973886329,71.8234020618557,89.4425277777778,651,291,360
3270,2776695,83.9021788617886,83.0463667820069,84.6608588957055,615,289,326
3271,2777575,89.4834149855908,89.9730699088146,89.0420547945205,694,329,365
3272,2777719,90.9561976549414,88.0667901234568,92.939604519774,597,243,354
3273,2778333,89.923850129199,87.8052195121951,92.3102197802198,774,410,364
3274,2778361,78.9234231378764,64.8723655913979,90.0604829545455,631,279,352
3275,2779790,90.8345148247978,92.3066004962779,89.0845132743363,742,403,339
3276,2780004,91.8112080536913,89.8379144385027,93.8004582210243,745,374,371
3277,2781758,82.7746715328467,83.9291836734694,81.2300682593857,685,392,293
3278,2781837,79.7566435986159,61.36,91.061843575419,578,220,358
3279,2783698,77.2421262458472,72.3532423208191,81.8778640776699,602,293,309
3280,2783835,86.5916262482168,85.8352974504249,87.3588218390805,701,353,348
3281,2785481,89.8781268882175,84.1694964028777,94.0109375,662,278,384
3282,2787510,89.6456170212766,85.4268221574344,93.6429834254144,705,343,362
3283,2788303,93.750585106383,96.1240051679587,91.2341095890411,752,387,365
3284,2788423,94.1860237780713,95.19576,93.1947905759162,757,375,382
3285,2790373,87.0077810218978,88.4719937694704,85.7165384615385,685,321,364
3286,2790936,88.9031804733728,90.62325,87.3570505617977,676,320,356
3287,2792480,83.4137520128825,84.8588732394366,82.1959050445104,621,284,337
3288,2793674,90.3445931034483,94.7625685785536,84.8766666666667,725,401,324
3289,2796964,88.3360223642173,85.3942857142857,91.3155948553055,626,315,311
3290,2797019,92.3734676258993,95.990935828877,88.158722741433,695,374,321
3291,2798851,90.7386541244573,90.8544207317073,90.6340495867769,691,328,363
3292,2799646,89.9728125,93.055,86.01,768,432,336
3293,2803373,81.8182920110193,74.7809677419355,88.0513506493506,726,341,385
3294,2803517,87.7866892808684,90.0979455445544,84.9826426426426,737,404,333
3295,2804559,76.4218860510805,81.2027659574468,70.4826431718062,509,282,227
3296,2811536,81.5545792880259,78.6405501618123,84.4686084142395,618,309,309
3297,2812432,91.2780450070323,88.945795148248,93.8229411764706,711,371,340
3298,2814551,88.8313607188704,88.9158620689655,88.7393833780161,779,406,373
3299,2815299,90.1555696202532,93.9354089709763,85.8406325301205,711,379,332
3300,2816088,76.8508888888889,67.611012145749,84.6401365187713,540,247,293
3301,2816713,85.0834268833087,84.7546041055718,85.4171428571429,677,341,336
3302,2816775,93.6586129458388,95.2342016806723,92.2524,757,357,400
3303,2817711,85.4037837837838,82.55125,88.4806741573034,740,384,356
3304,2817752,84.1658059914408,80.5662695924765,87.1717015706806,701,319,382
3305,2818558,90.5610807453416,90.2117948717949,90.9596010638298,805,429,376
3306,2818625,73.7353535353535,69.491186440678,77.9227424749164,594,295,299
3307,2818666,79.3581171548117,83.7686387434555,74.3288059701493,717,382,335
3308,2818675,82.6657466666667,83.690071942446,81.383033033033,750,417,333
3309,2820385,90.0255889423077,90.7621016166282,89.2263157894737,832,433,399
3310,2821778,91.7474828060523,93.8726470588235,89.0294043887147,727,408,319
3311,2822601,86.118843537415,86.595206185567,85.5861959654179,735,388,347
3312,2824218,79.8313949579832,60.6051948051948,92.0326373626374,595,231,364
3313,2826029,89.6198830409357,90.5006332453826,88.5254426229508,684,379,305
3314,2827147,82.7350256410256,93.3835114503817,60.93890625,585,393,192
3315,2828317,78.1269616026711,74.2439130434783,81.9970666666667,599,299,300
3316,2828384,81.6389074355083,85.4406593406594,76.9479322033898,659,364,295
3317,2828430,81.3381335616438,80.2219047619048,82.3179742765273,584,273,311
3318,2828453,75.9578142076503,73.3834532374101,78.5986715867159,549,278,271
3319,2830079,86.7434438040346,88.7129658792651,84.3460383386581,694,381,313
3320,2830096,89.2072661870504,88.7407238605898,89.747701863354,695,373,322
3321,2830718,77.8801486988848,71.66625,82.8846308724832,538,240,298
3322,2831184,91.2347277556441,93.7320512820513,89.0542288557214,753,351,402
3323,2831481,84.4391786743516,88.2352380952381,80.4178338278932,694,357,337
3324,2831616,90.1540941512126,93.0899099099099,87.4975,701,333,368
3325,2832568,86.628009118541,88.4505940594059,85.0723943661972,658,303,355
3326,2832635,84.4811755485893,85.0837288135593,83.962944606414,638,295,343
3327,2833062,75.6721011058452,84.1244594594595,68.2480712166172,633,296,337
3328,2834338,77.8228027210884,65.672776119403,87.99845,735,335,400
3329,2834736,87.9109208633093,89.8522608695652,85.9973142857143,695,345,350
3330,2835763,89.7629122340425,90.1082887700535,89.4211904761905,752,374,378
3331,2837314,88.3179750778816,91.5636875,85.0924223602484,642,320,322
3332,2840341,58.5620034246575,61.3924683544304,55.2245895522388,584,316,268
3333,2844320,84.4555440414508,87.3735548172758,81.2961151079137,579,301,278
3334,2846380,94.1912322946176,92.3511764705882,95.9005737704918,706,340,366
3335,2847177,89.5763444108761,92.3722598870056,86.3628571428572,662,354,308
3336,2849085,91.3646632124352,92.8272830188679,90.1302866242038,579,265,314
3337,2849448,73.5171589085072,80.8169182389937,65.906262295082,623,318,305
3338,2857312,73.2474734607219,58.1086486486486,86.7447389558233,471,222,249
3339,2861360,90.9237366548043,91.3513533834586,90.5394594594595,562,266,296
3340,2861582,85.6303393213573,79.1066666666667,90.0012,501,201,300
3341,2861689,91.7351968503937,88.025,93.9894936708861,508,192,316
3342,2863070,42.3849912434326,42.661013986014,42.108,571,286,285
3343,2863808,63.6965180467091,70.7041015625,55.3526046511628,471,256,215
3344,2864028,76.0823917525773,81.0796525096525,70.3554424778761,485,259,226
3345,2864772,64.349,77.4198617511521,52.6766666666667,460,217,243
3346,2865043,51.049243697479,53.0122891566265,48.8959471365639,476,249,227
3347,2865163,71.4595,66.9328685258964,76.4210043668122,480,251,229
3348,2865758,68.7069387755102,71.9580952380953,66.2685714285714,441,189,252
3349,2865901,58.5059278350515,65.6836686390533,52.9669406392694,388,169,219
3350,2866335,68.896241900648,49.0463333333333,85.3724505928854,463,210,253
3351,2867285,71.7502642276423,64.6626506024096,79.0128806584362,492,249,243
3352,2868253,79.5471818181818,77.4849738219895,81.1290361445783,440,191,249
3353,2869983,73.3467768595041,76.5155060728745,70.0443459915612,484,247,237
3354,2870069,82.49,82.6267953667953,82.3698983050847,554,259,295
3355,2870300,79.873813559322,75.4907843137255,83.2101492537313,472,204,268
3356,2871106,78.8274911032028,63.185,88.8899122807018,562,220,342
3357,2873783,72.5136647173489,70.4835242290749,74.125,513,227,286
3358,2873978,88.8554367469879,87.8205128205128,89.7727556818182,664,312,352
3359,2874278,86.8385690789474,92.5393220338983,81.4656549520767,608,295,313
3360,2874967,69.4185928705441,85.8291666666667,55.9764846416382,533,240,293
3361,2879125,88.1279598662207,74.1385344827586,96.9955737704918,598,232,366
3362,2879737,68.2691185897436,74.83,62.4239696969697,624,294,330
3363,2879745,79.6962878787879,81.7323652694611,77.610245398773,660,334,326
3364,2879907,77.8335833333333,70.2222222222222,82.4004,600,225,375
3365,2879918,78.7875589225589,86.0169300911854,69.8122264150943,594,329,265
3366,2880756,89.8931415241058,92.9034193548387,87.0907807807808,643,310,333
3367,2881313,90.076976744186,88.5177777777778,91.1996,645,270,375
3368,2881406,90.2870142857143,91.4669512195122,89.2466397849462,700,328,372
3369,2881569,90.2714194577352,92.9301413427562,88.0841569767442,627,283,344
3370,2881726,92.2127677329625,91.8093220338983,92.6040547945206,719,354,365
3371,2881859,88.8709165302782,88.5481057268722,89.0617447916667,611,227,384
3372,2885702,77.8418862275449,81.9014285714286,74.2193484419263,668,315,353
3373,2886993,78.6481672597865,75.204214876033,81.25265625,562,242,320
3374,2887125,82.4435119047619,89.9738108882521,74.3070588235294,672,349,323
3375,2888134,78.4597962154294,75.2349226006192,81.3214285714286,687,323,364
3376,2888539,91.2670845070423,94.3576666666667,87.5004375,710,390,320
3377,2889722,43.5918245125348,45.5879705882353,41.7963492063492,718,340,378
3378,2889894,82.9880351906158,80.8685906040268,84.6328125,682,298,384
3379,2889922,84.5442007926024,83.2457216494845,85.9095392953929,757,388,369
3380,2889993,88.2439762219287,90.3553299492386,85.9523140495868,757,394,363
3381,2890507,87.6872021419009,88.3157922077922,87.0186740331492,747,385,362
3382,2892968,82.0099189627228,77.1765765765766,87.6771830985915,617,333,284
3383,2893669,83.5305046480744,84.2747164948454,82.739397260274,753,388,365
3384,2893707,83.871797235023,83.9024148606811,83.8416463414634,651,323,328
3385,2894123,85.4434497816594,86.8132142857143,83.8998142414861,687,364,323
3386,2894179,83.5929102167183,87.1416077170418,80.298447761194,646,311,335
3387,2894220,86.1282722513089,87.3373878627968,84.938,764,379,385
3388,2894779,78.775071942446,76.5337545126354,81.0003225806451,556,277,279
3389,2895073,86.7787012987013,85.0149180327869,88.571880952381,847,427,420
3390,2895954,81.5446638054363,82.4839548022599,80.5808695652174,699,354,345
3391,2899638,85.0744925373134,92.4746844660194,73.2571317829457,670,412,258
3392,2899836,84.7094821208385,89.7901160092808,78.9469736842105,811,431,380
3393,2901039,86.8905213270142,82.4718181818182,91.0780923076923,633,308,325
3394,2902889,80.4264491654021,79.3329787234043,81.5166060606061,659,329,330
3395,2903469,91.2062052117264,98.2372941176471,82.481496350365,614,340,274
3396,2905488,91.4026751592357,87.8321710526316,94.7527777777778,628,304,324
3397,2906502,85.0028125,92.5263862928349,77.4320689655172,640,321,319
3398,2907187,90.4101678657074,92.1780684596577,88.7088235294118,834,409,425
3399,2907340,85.6627648578811,82.5723241590214,87.9235570469799,774,327,447
3400,2908304,78.2862631578947,84.5386182669789,70.268978978979,760,427,333
3401,2910837,83.7724269005848,82.1719498607242,85.5403384615385,684,359,325
3402,2913936,93.7309475218659,92.2870571428572,95.235,686,350,336
3403,2914799,84.3172006745363,84.0681016949153,84.5637919463087,593,295,298
3404,2915092,78.3712146422629,75.6442066420664,80.6106666666667,601,271,330
3405,2916838,87.8165461847389,85.8867153284672,90.1771428571429,747,411,336
3406,2917776,76.3444535073409,76.13375,76.5038395415473,613,264,349
3407,2918735,68.8206300484653,78.6662933333333,53.6889754098361,619,375,244
3408,2919431,80.2405743243243,76.3398473282443,83.3375151515151,592,262,330
3409,2919484,80.9258991825613,75.2925588235294,85.7871573604061,734,340,394
3410,2919590,64.9944211994421,61.4517101449275,68.28,717,345,372
3411,2920008,91.6258612440191,88.8059701492537,94.2378341013825,836,402,434
3412,2920582,87.6133860342556,79.5723170731707,93.732807424594,759,328,431
3413,2923376,83.3886677631579,84.1560726072607,82.6262950819672,608,303,305
3414,2924111,69.377687400319,68.0269047619048,70.5702702702703,627,294,333
3415,2924581,93.2359945872801,90.5521951219512,95.3778102189781,739,328,411
3416,2925837,69.5253445635528,71.6371052631579,67.2030868167203,653,342,311
3417,2926440,90.1037055837564,90.569730458221,89.6890887290168,788,371,417
3418,2926457,88.5479537149817,91.3440203562341,85.9805373831776,821,393,428
3419,2926472,88.5452677459527,85.83725,90.745914221219,803,360,443
3420,2927200,79.6363741721854,70.7351219512195,84.2096992481203,604,205,399
3421,2927614,81.7592508143322,84.7846376811594,79.2888165680474,614,276,338
3422,2928449,86.6289495225102,90.1831830238727,82.8650561797753,733,377,356
3423,2928523,86.3002241594022,86.4519704433498,86.1450377833753,803,406,397
3424,2928728,91.1640696117804,91.4685308056872,90.7687384615385,747,422,325
3425,2929490,84.7169430894309,82.7055031446541,86.8706060606061,615,318,297
3426,2929586,88.5425386996904,91.2339274924471,85.7144444444445,646,331,315
3427,2929592,85.2293413173653,89.9339285714286,77.7215025906736,501,308,193
3428,2929622,89.9849637155298,89.1814035087719,90.7769452449568,689,342,347
3429,2931526,81.292866756393,81.3565254237288,81.2349357326478,743,354,389
3430,2932716,86.1669884726225,86.4719411764706,85.8740960451977,694,340,354
3431,2933219,86.2180565371025,88.9960765550239,83.5238283062645,849,418,431
3432,2936766,85.5516300578035,91.7102369668247,79.6849661399549,865,422,443
3433,2936779,86.9745753114383,90.2493197278911,83.7072398190045,883,441,442
3434,2936881,80.2147425474255,78.7859504132231,81.5978133333333,738,363,375
3435,2937522,50.154,22.0156918238994,76.3176900584795,660,318,342
3436,2937681,81.5243775100402,82.8142535211268,80.35625,747,355,392
3437,2937918,65.900035335689,56.917233201581,73.1608945686901,566,253,313
3438,2938846,81.9953613666229,77.8418367346939,85.4036363636364,761,343,418
3439,2939016,81.8062059238364,85.1573109243697,78.4075,709,357,352
3440,2939026,73.3323401360544,66.666036036036,78.8544278606965,735,333,402
3441,2939128,85.2579230769231,85.4004132231405,85.1338848920863,780,363,417
3442,2939512,84.6736309523809,84.564899328859,84.7602673796791,672,298,374
3443,2939589,81.1599109792285,87.0451549295775,74.6105015673981,674,355,319
3444,2939761,86.7478915662651,86.3368944099379,87.1348538011696,664,322,342
3445,2939960,75.1430172413793,77.567476635514,73.06768,696,321,375
3446,2940064,70.1799464285714,72.0283566433566,68.2505839416058,560,286,274
3447,2940422,81.6451604621309,82.211590296496,81.1300980392157,779,371,408
3448,2940469,82.643044058745,85.6418015665796,79.505,749,383,366
3449,2940657,84.5033245033112,89.6640826873385,79.0761141304348,755,387,368
3450,2944160,83.456780923994,80.3806962025317,86.1949295774648,671,316,355
3451,2944934,83.2876104972376,80.3668062827225,86.5500292397661,724,382,342
3452,2945268,73.0656060606061,74.3291641791045,71.4312741312741,594,335,259
3453,2945312,82.3203591160221,78.965,85.0995454545454,724,328,396
3454,2945629,80.823058637084,85.443164556962,76.1882857142857,631,316,315
3455,2946129,77.0214721723519,84.1196470588235,65.8999078341014,557,340,217
3456,2947529,73.6380117820324,75.4369590643275,71.8123738872403,679,342,337
3457,2950770,85.5213804713805,88.1295323741007,83.2268670886076,594,278,316
3458,2950892,84.897962962963,88.4218006430868,82.0951150895141,702,311,391
3459,2951144,73.7674358974359,73.8920796460177,73.6671886120997,507,226,281
3460,2952930,86.6734010152284,84.0798198198198,88.5715604395604,788,333,455
3461,2954517,83.1613114754098,79.5463636363636,85.5061425061425,671,264,407
3462,2955286,86.9407519788918,88.589039039039,85.6492705882353,758,333,425
3463,2955317,86.6568775790922,88.6671104815864,84.7595187165775,727,353,374
3464,2955717,73.2085283018868,53.1419428571429,83.1005070422535,530,175,355
3465,2956312,71.2425777202073,54.1277675840979,83.8190786516854,772,327,445
3466,2957047,81.937054973822,79.7108115942029,83.7701193317423,764,345,419
3467,2957634,82.1602973395931,82.8705594405594,81.5848441926345,639,286,353
3468,2960682,82.5844382022472,79.2008,85.5629929577465,534,250,284
3469,2960703,84.0562848297214,79.1634722222222,87.9924022346369,646,288,358
3470,2961360,81.9053510140406,94.7247214076246,67.334,641,341,300
3471,2964601,86.3247521367521,79.6086666666667,91.5144545454546,585,255,330
3472,2964983,71.9703806228374,57.5224778761062,81.2465909090909,578,226,352
3473,2968686,53.9888624787776,67.6652,39.7919723183391,589,300,289
3474,2970443,84.6891706539075,89.149706744868,79.3708391608392,627,341,286
3475,2971597,68.1806168831169,64.8830534351145,70.621186440678,616,262,354
3476,2972983,78.5711904761905,72.4929773462783,83.7452066115702,672,309,363
3477,2973948,70.2562379421222,78.2315457413249,61.9671475409836,622,317,305
3478,2973961,75.1473795761079,82.0727586206897,66.3772489082969,519,290,229
3479,2974810,80.0358657243816,72.9243231441048,84.8683382789317,566,229,337
3480,2975118,85.4452582159624,88.6649291784703,81.4713286713287,639,353,286
3481,2976221,83.3103646563815,83.379436997319,83.2345882352941,713,373,340
3482,2976680,83.334142394822,88.2918987341772,78.1465562913907,618,316,302
3483,2977157,85.6545767575323,86.4115897435897,84.6928990228013,697,390,307
3484,2977799,75.2456600660066,65.4876470588235,82.3348148148148,606,255,351
3485,2977838,85.1563621533442,87.236170212766,83.3844410876133,613,282,331
3486,2978340,81.624221598878,85.2512332439678,77.6451764705882,713,373,340
3487,2979892,69.5320747663552,68.0740845070423,70.4965217391304,535,213,322
3488,2980820,73.280304,80.5465529010239,66.8676204819277,625,293,332
3489,2980978,77.3045065789474,81.1725974025974,73.3332666666667,608,308,300
3490,2982232,75.8882173174873,72.5899259259259,78.6798746081505,589,270,319
3491,2983422,83.968877755511,84.084693877551,83.8571653543307,499,245,254
3492,2984661,74.2231026252983,72.0659776536313,75.8319583333333,419,179,240
3493,2984830,15.069024822695,9.99722222222222,19.7268027210884,564,270,294
3494,2985631,68.2261822660098,69.5639751552795,67.3470612244898,406,161,245
3495,2985676,86.9985237258348,89.9671375464684,84.3366666666667,569,269,300
3496,2986159,81.4053889943074,78.898623853211,83.1739158576052,527,218,309
3497,2987901,63.2995212765957,75.1151612903226,47.1737735849057,376,217,159
3498,2989463,83.2319191919192,73.2386854460094,90.78,495,213,282
3499,2989562,80.9422830188679,74.0327624309392,84.5257306590258,530,181,349
3500,2989578,77.7379826086956,69.0273451327434,83.3786819484241,575,226,349
3501,2990342,88.067284144427,87.6908846153846,88.3268700265252,637,260,377
3502,2990624,81.0091764705882,80.9551700680272,81.061926910299,595,294,301
3503,2992942,84.0528648648649,83.4829129129129,84.5191891891892,740,333,407
3504,2996645,79.8464496124031,72.7289454545455,85.1364864864865,645,275,370
3505,2998242,83.5683215547703,84.0965443425076,82.8456066945607,566,327,239
3506,3000689,83.9381186685962,82.728,85.0443213296399,691,330,361
3507,3000701,86.5204126547455,86.9923577235772,86.0339664804469,727,369,358
3508,3002213,75.2729636363636,79.0498418972332,72.0556228956229,550,253,297
3509,3002901,86.4345217391304,80.0961137440758,90.1087087912088,575,211,364
3510,3003793,83.6823652694611,83.6009003215434,83.7533333333333,668,311,357
3511,3004387,89.2001683029453,83.3310909090909,94.2570757180157,713,330,383
3512,3005491,85.7664879852126,90.285035971223,80.9902281368821,541,278,263
3513,3005950,87.9076643192488,87.1866292134832,88.6960196560197,852,445,407
3514,3006907,79.315598755832,81.1139484978541,78.2936097560976,643,233,410
3515,3006914,81.1833232169954,89.4433431085044,72.3258805031446,659,341,318
3516,3006962,83.1818829981719,83.5092553191489,83.0104456824512,547,188,359
3517,3009366,70.2534678624813,59.308275862069,78.6284168865435,669,290,379
3518,3010860,88.4984291725105,91.998,84.6157692307692,713,375,338
3519,3010876,88.6720353982301,86.6910646387833,90.3971854304636,565,263,302
3520,3011482,83.7988940809969,83.8569740634006,83.7305762711864,642,347,295
3521,3011941,50.1678260869565,44.3234065934066,55.0771384615385,598,273,325
3522,3013193,77.2202148997135,79.0191825613079,75.2255891238671,698,367,331
3523,3017252,87.9945340501792,96.4896166134185,77.1416326530612,558,313,245
3524,3018079,90.0306595092025,93.1511780821918,86.0620557491289,652,365,287
3525,3019670,65.3269978858351,74.608125,54.3778341013825,473,256,217
3526,3020084,89.2460035842294,87.718947368421,90.3010606060606,558,228,330
3527,3020617,78.5630485762144,83.4305898876405,71.3728215767635,597,356,241
3528,3022379,86.508511821975,82.0112698412699,91.493724340176,719,378,341
3529,3025701,85.2495132743363,76.2010843373494,93.9318208092485,678,332,346
3530,3026190,81.5236548913043,76.8209973045822,86.3036164383562,736,371,365
3531,3027879,88.1648764629389,91.3857777777778,85.3298533007335,769,360,409
3532,3028920,87.8555735492578,88.4878787878788,87.3478832116788,741,330,411
3533,3029084,85.1198835705045,87.7163157894737,82.3498930481284,773,399,374
3534,3029650,87.6603856041131,87.4319786096257,87.8718316831683,778,374,404
3535,3031007,87.9776320582878,90.6108303249098,85.2960294117647,549,277,272
3536,3031646,79.4142280945758,78.7886195286195,79.8545260663507,719,297,422
3537,3032751,77.3459392265193,66.0324444444445,86.0592665036675,724,315,409
3538,3032903,89.1241375,88.0301995012469,90.2235588972431,800,401,399
3539,3034267,86.9858493150685,84.5968108108108,89.44125,730,370,360
3540,3036498,83.4031063829787,82.3712121212121,84.4983625730994,705,363,342
3541,3037062,79.0550945945946,83.6665829145729,73.6885087719298,740,398,342
3542,3037665,84.5134660766962,76.6106101694915,90.6005221932115,678,295,383
3543,3037972,74.0903221288515,82.2160567010309,64.4192024539877,714,388,326
3544,3038149,51.4707972270364,68.1282417582418,36.5119736842105,577,273,304
3545,3040177,54.5199726027397,66.0423529411765,42.415,730,374,356
3546,3045184,83.6442810098793,83.0518220338983,84.2812756264237,911,472,439
3547,3045490,72.9373371924747,68.5712,77.4187096774194,691,350,341
3548,3045742,91.1069504447268,86.5101322751323,95.3553545232274,787,378,409
3549,3046525,79.021181938911,77.25425,81.0233711048159,753,400,353
3550,3047010,77.5889787234043,79.7010526315789,74.835,705,399,306
3551,3047326,86.0183520599251,84.5967624020888,87.3209090909091,801,383,418
3552,3048409,84.8712708018154,80.6448387096774,87.9581151832461,661,279,382
3553,3050127,88.1932971506106,89.1867567567568,87.3744306930693,737,333,404
3554,3051659,85.4847111111111,80.3368,89.60304,675,300,375
3555,3051692,79.1902828282828,74.365523465704,85.3208256880734,495,277,218
3556,3054508,78.6993682310469,86.6428424657534,69.8463358778626,554,292,262
3557,3055531,83.9490672451193,88.7804390243902,80.0801953125,461,205,256
3558,3056349,1.22122164048866,1.04944055944056,1.39240418118467,573,286,287
3559,3056446,10.320871886121,11.7871428571429,8.865,562,280,282
3560,3058818,57.1427305605787,57.5736363636364,56.7491003460208,553,264,289
3561,3060345,75.8581076672104,87.3832807570978,63.5152702702703,613,317,296
3562,3061140,82.3884226646248,85.752602739726,78.1247916666667,653,365,288
3563,3061337,84.8658243243243,86.54,83.245079787234,740,364,376
3564,3061649,75.2663358778626,82.6310924369748,66.4434563758389,655,357,298
3565,3065226,83.8275964391691,83.9379792746114,83.6796527777778,674,386,288
3566,3068497,83.4291642651297,82.5947151898734,84.126746031746,694,316,378
3567,3069948,81.1597826086957,87.5990697674418,72.9353465346535,690,387,303
3568,3070012,86.0600568990043,86.5440366972477,85.6391489361702,703,327,376
3569,3070983,81.4718401015228,84.5182063882064,78.2175853018373,788,407,381
3570,3071579,80.4084012539185,76.6786219081272,83.3817183098592,638,283,355
3571,3071895,89.0746437054632,88.4829901960784,89.6308525345622,842,408,434
3572,3071970,86.4296231155779,86.0457881136951,86.7928117359413,796,387,409
3573,3072558,86.518202247191,95.9393401015229,74.8454716981132,712,394,318
3574,3072858,91.2696452933151,90.1035416666667,92.5526934097421,733,384,349
3575,3073875,90.1556726768377,93.4821739130435,86.6878186968839,721,368,353
3576,3074487,85.2076164383562,88.9494736842105,81.1450285714286,730,380,350
3577,3080085,86.0573726541555,92.573474801061,79.4,746,377,369
3578,3082358,79.3897099236641,87.0587058823529,71.1120634920635,655,340,315
3579,3082515,72.9093498452012,69.9609881422925,74.8074045801527,646,253,393
3580,3082857,82.1800897435897,77.6895316804408,86.0891366906475,780,363,417
3581,3083934,80.9559387483355,81.906432160804,79.8842776203966,751,398,353
3582,3085578,87.5472353673724,84.740136239782,89.9100917431193,803,367,436
3583,3085593,77.3199543378995,54.8127615062762,90.1888995215311,657,239,418
3584,3086419,80.7421621621622,81.6395081967213,79.7885365853658,592,305,287
3585,3086560,79.3588627935723,65.4523033707865,90.2876379690949,809,356,453
3586,3086609,80.5776357056695,75.2778651685393,84.5664693446089,829,356,473
3587,3086722,74.2914346590909,83.6635492957747,64.7581948424069,704,355,349
3588,3091524,78.2768039950062,79.1637254901961,77.3560305343512,801,408,393
3589,3092119,52.0439405204461,53.5823208191126,50.2041632653061,538,293,245
3590,3094151,64.6665866209263,62.0222996515679,67.230472972973,583,287,296
3591,3094935,76.2397718120805,79.0416445623342,73.369375,745,377,368
3592,3095155,93.2850510948905,86.9104727272727,97.5606829268293,685,275,410
3593,3095240,81.7913865546218,72.6365146579804,88.6969041769042,714,307,407
3594,3095269,81.8546074646075,78.3503703703704,84.7419014084507,777,351,426
3595,3095302,82.2094117647059,76.7004659498208,85.8864354066986,697,279,418
3596,3098991,82.364765478424,83.6638247011952,81.2085106382979,533,251,282
3597,3100862,87.9205603985056,86.4072815533981,89.5151150895141,803,412,391
3598,3102920,86.0978387850467,91.1395804195804,81.0324824355972,856,429,427
3599,3103876,84.0084146341463,82.1511023622047,85.9905882352941,738,381,357
3600,3103945,86.3880515759312,83.9001547987616,88.53096,698,323,375
3601,3104386,93.2233877038896,91.1075471698113,95.0660563380282,797,371,426
3602,3106130,85.1986173184357,76.2786486486487,92.9540992167102,716,333,383
3603,3108885,82.086065128901,89.1653652392947,73.8199411764706,737,397,340
3604,3109231,83.583648424544,81.0945454545455,85.6705487804878,603,275,328
3605,3114052,75.3059969325153,84.3036202531646,61.4769649805448,652,395,257
3606,3115899,79.7248818897638,79.5182730923695,79.9235135135135,508,249,259
3607,3116438,77.8740902474527,83.8085476190476,68.5389887640449,687,420,267
3608,3117155,86.5401749663526,89.8811764705882,82.075,743,425,318
3609,3117379,82.5726397919376,84.951592920354,79.1805678233438,769,452,317
3610,3117558,78.748852672751,82.8832432432432,73.0656656346749,767,444,323
3611,3119048,71.9308282208589,71.8027540983607,72.0434005763689,652,305,347
3612,3119214,76.413957996769,80.457328990228,72.4353846153846,619,307,312
3613,3119300,86.4817915309446,91.9759885386819,79.2460377358491,614,349,265
3614,3119829,79.8867932489452,82.196587537092,77.8055080213904,711,337,374
3615,3121011,77.6925898203593,69.7378966789668,83.1226196473552,668,271,397
3616,3121134,89.0190356083086,87.5784967320261,90.216875,674,306,368
3617,3124494,87.847835443038,85.8679733333333,89.6368674698795,790,375,415
3618,3129386,86.3205520702635,88.6842307692308,83.3776056338028,797,442,355
3619,3132075,53.2541035856574,31.7615094339623,68.9659310344828,753,318,435
3620,3133183,75.882862745098,51.8548677248677,90.0301869158879,510,189,321
3621,3133916,71.0364395229983,78.2739655172414,63.969494949495,587,290,297
3622,3135212,81.6933131618759,75.6725,86.5759452054795,661,296,365
3623,3135937,83.4000984528833,74.8358064516129,90.0208728179551,711,310,401
3624,3136942,85.2571403197158,89.389387755102,82.0734905660377,563,245,318
3625,3139965,86.0865211459754,85.5554107648725,86.5798947368421,733,353,380
3626,3142435,82.2975621118012,88.4501650165017,76.8305865102639,644,303,341
3627,3142819,78.0114373464373,76.9046456692913,78.985311778291,814,381,433
3628,3142886,80.2344473342003,78.3223699421965,81.798463356974,769,346,423
3629,3143742,84.2119814241486,82.7922077922078,85.5057396449704,646,308,338
3630,3144088,75.0996500672947,74.6337026239067,75.4992,743,343,400
3631,3144111,74.0574811463047,73.5745045045045,74.5448484848485,663,333,330
3632,3145079,75.5554126984127,85.370328358209,64.4096610169491,630,335,295
3633,3147747,87.46464,90.9990231362468,83.6561218836565,750,389,361
3634,3148347,88.2879210526316,85.3482535211268,90.8646666666667,760,355,405
3635,3149418,86.7418918918919,88.1256849315069,84.953982300885,777,438,339
3636,3149730,83.2071145038168,68.1973180076628,93.150152284264,655,261,394
3637,3150243,66.6688579017264,63.5866184971098,69.28914004914,753,346,407
3638,3150728,88.7088833124216,84.7713959390863,92.5584367245658,797,394,403
3639,3153131,41.0890181268882,37.2319293478261,45.9169387755102,662,368,294
3640,3153367,78.0616239316239,80.1601086956522,75.7495209580838,702,368,334
3641,3153877,80.1630095759234,76.6339252336449,82.9260243902439,731,321,410
3642,3154440,83.269840098401,86.1316818181818,79.8939410187668,813,440,373
3643,3155116,83.2487657430731,79.5183132530121,87.333562005277,794,415,379
3644,3156420,88.2506675567423,89.8049514563107,86.3504747774481,749,412,337
3645,3156623,88.876726342711,88.5887096774194,89.182981530343,782,403,379
3646,3157011,75.9070055710307,66.5701194029851,84.0737336814621,718,335,383
3647,3157186,80.1945756457565,80.8135971223022,79.5427272727273,813,417,396
3648,3157466,71.7169551777434,68.8516492146597,75.847320754717,647,382,265
3649,3159380,87.6373214285714,91.4140139211137,82.1566666666667,728,431,297
3650,3160833,62.5198937784522,69.2100263157895,53.4078853046595,659,380,279
3651,3161095,91.4274761904762,95.8814411764706,86.2055862068966,630,340,290
3652,3163005,82.468038961039,82.6186666666667,82.2872857142857,770,420,350
3653,3164402,78.2483023872679,84.1389655172414,70.2155799373041,754,435,319
3654,3166049,86.4068608414239,86.2668059701492,86.5726501766785,618,335,283
3655,3167339,86.4884041184041,89.1156202531646,83.771780104712,777,395,382
3656,3168056,82.214793814433,86.8900970873786,76.922967032967,776,412,364
3657,3168265,78.7137,80.5143266475645,76.9233333333333,700,349,351
3658,3169400,85.2141212121212,87.5840740740741,82.2419672131147,825,459,366
3659,3170200,73.7098176291793,75.4001916932907,72.176231884058,658,313,345
3660,3171427,46.643535188216,32.4245733788396,59.7446540880503,611,293,318
3661,3173301,82.7145524691358,86.1512307692308,79.2565944272446,648,325,323
3662,3173912,83.2508045977011,86.004427480916,78.2407407407407,609,393,216
3663,3174044,86.2040682788051,81.7388622754491,90.2457452574526,703,334,369
3664,3174504,76.7684848484849,83.8827868852459,68.8056880733945,693,366,327
3665,3174517,83.5690453834116,89.7826795580111,75.4487003610108,639,362,277
3666,3178039,84.9743233944954,80.8770549450549,89.444964028777,872,455,417
3667,3178436,88.1351771956857,87.8884775086505,88.3332222222222,649,289,360
3668,3180268,80.8631621936989,79.6133905579399,82.3526598465473,857,466,391
3669,3184459,84.807182320442,88.8190634441088,81.4282188295165,724,331,393
3670,3184776,84.820579029734,76.7276727272727,90.9347252747253,639,275,364
3671,3184789,88.8288684582744,85.6775675675676,92.2887537091988,707,370,337
3672,3187686,88.7633086419753,90.8107027027027,87.0416363636364,810,370,440
3673,3187916,84.6564204545455,90.460782396088,76.6090169491525,704,409,295
3674,3188019,31.0158436724566,24.5853427895981,38.1179373368146,806,423,383
3675,3189630,80.2024137931034,75.4391812865497,83.8963492063492,783,342,441
3676,3190284,37.0819132149901,53.2256451612903,21.6238223938224,507,248,259
3677,3192815,66.4604923076923,56.9017508417508,74.5028328611898,650,297,353
3678,3195346,82.3302945113789,79.1317886178862,85.4526455026455,747,369,378
3679,3195682,81.0196596858639,83.7309866666667,78.405912596401,764,375,389
3680,3196809,88.189219047619,84.189604743083,91.9094485294118,525,253,272
3681,3197406,91.359985835694,91.1703896103896,91.5873831775701,706,385,321
3682,3197704,89.3460719041278,85.2084023668639,92.7323486682809,751,338,413
3683,3197817,79.899058524173,73.524338028169,85.1496983758701,786,355,431
3684,3197846,71.9531864904552,60.7630555555556,80.1535877862595,681,288,393
3685,3198666,55.8077419354839,66.4527361563518,45.3668051118211,620,307,313
3686,3198909,64.8992925170068,68.3168604651163,61.8925319693095,735,344,391
3687,3199006,77.6400918836141,83.3914487632509,73.2410810810811,653,283,370
3688,3201552,80.6374277456647,87.8525988700565,73.0807100591716,692,354,338
3689,3203017,38.0604498269896,48.0170484581498,31.6212820512821,578,227,351
3690,3205079,82.4356707317073,81.855306122449,83.1109762532982,820,441,379
3691,3205097,79.4924840764331,72.211948051948,86.5,785,385,400
3692,3206072,68.5129238754325,51.5986757990868,78.8310863509749,578,219,359
3693,3206898,82.812890625,84.2914136125654,81.349689119171,768,382,386
3694,3207324,80.037433460076,80.7811726384365,78.9948401826484,526,307,219
3695,3208235,44.5237408759124,54.9056134969325,29.2782882882883,548,326,222
3696,3209090,82.3848288973384,85.9314572864322,78.7747058823529,789,398,391
3697,3211036,69.7316957210777,52.3598113207547,78.5212887828162,631,212,419
3698,3212580,93.2130410183875,92.1440650406504,94.3800591715976,707,369,338
3699,3212864,74.3421276595745,85.1499303944315,61.6840760869565,799,431,368
3700,3213646,84.9886132315522,82.8407322654462,87.6780802292263,786,437,349
3701,3214988,79.3924438573316,79.2906811989101,79.4882051282051,757,367,390
3702,3215069,86.1779452054794,92.04,80.3012718204489,803,402,401
3703,3215143,83.8302985074627,81.2619708029197,86.5162595419847,804,411,393
3704,3215232,82.4320870870871,83.4933333333333,81.5135294117647,666,309,357
3705,3215298,82.9689116517286,85.0220812182741,80.8786046511628,781,394,387
3706,3216739,66.5533277027027,54.79684,75.1472514619883,592,250,342
3707,3218091,84.3785355648536,80.965,86.9785257985258,717,310,407
3708,3218300,82.7027958387516,84.3128571428571,81.3076699029126,769,357,412
3709,3218318,82.013534591195,84.6944387755102,79.4058064516129,795,392,403
3710,3219589,78.9808447937132,83.6603501945525,74.2084920634921,509,257,252
3711,3221617,92.5771363636364,92.2847266881029,92.8377077363897,660,311,349
3712,3222512,79.1749569707401,71.8347887323944,83.4234782608696,581,213,368
3713,3222520,84.0539493293592,84.5038888888889,83.5862310030395,671,342,329
3714,3222676,80.6686301369863,77.9376470588235,83.5977602523659,657,340,317
3715,3224341,81.5424508320726,91.144765625,68.2309386281589,661,384,277
3716,3225990,81.2813507109005,83.4120454545455,78.9607920792079,844,440,404
3717,3228622,84.3801167883212,88.9850724637681,79.7074411764706,685,345,340
3718,3230715,56.2396570644719,62.6338978494624,49.5767507002801,729,372,357
3719,3233779,76.4028057553957,85.7123626373626,66.1651057401813,695,364,331
3720,3236127,80.375015576324,85.93890625,72.0938759689923,642,384,258
3721,3238390,84.8720868347339,82.93072,87.0196165191741,714,375,339
3722,3238824,62.4063759398496,47.5752750809061,75.2794382022472,665,309,356
3723,3240223,75.1362096774194,75.6063768115942,74.5463636363637,744,414,330
3724,3240353,56.6231558441558,57.5752272727273,55.6150802139037,770,396,374
3725,3240360,51.6794513274336,63.0627927927928,35.3404310344828,565,333,232
3726,3240367,59.478956043956,67.0628909952607,49.0200653594771,728,422,306
3727,3240384,68.738986975398,70.2701081081081,66.9741433021807,691,370,321
3728,3240397,74.5276658767772,71.5317942583732,77.4672769953052,844,418,426
3729,3240528,79.2197229219144,79.211052631579,79.2276811594203,794,380,414
3730,3240775,72.8009466666667,73.4025369458128,72.0909302325582,750,406,344
3731,3242851,49.4369983948636,24.3886991869919,65.7815119363395,623,246,377
3732,3244211,86.3243824701195,88.6871842105263,83.9172386058981,753,380,373
3733,3244996,76.3245869297164,82.2321867881549,69.3529838709677,811,439,372
3734,3245986,74.9077715355805,74.1030575539568,75.781640625,534,278,256
3735,3246448,87.4079095354523,89.6311059907834,84.895234375,818,434,384
3736,3246691,80.289185282523,80.1475,80.4529461756374,761,408,353
3737,3246805,80.9514285714286,72.3088709677419,89.8082644628099,735,372,363
3738,3246924,79.9734356725146,78.3309921671018,82.0633222591362,684,383,301
3739,3247222,57.8640388349515,62.1610424710425,53.5166796875,515,259,256
3740,3247399,88.3458848920863,89.6344257703081,86.9849112426036,695,357,338
3741,3247997,51.25221875,71.231843575419,25.8880141843972,640,358,282
3742,3251334,78.5915331491713,72.5791935483871,84.9454829545455,724,372,352
3743,3255278,83.2836918604651,79.0361473087819,87.7594626865672,688,353,335
3744,3256683,87.4349111675127,89.24855,85.5651804123711,788,400,388
3745,3256901,78.498125,82.2203555555556,73.7124,800,450,350
3746,3256950,78.5228762135922,85.5275501113586,70.1359466666667,824,449,375
3747,3258366,76.2925143678161,60.6609926470588,86.3202830188679,696,272,424
3748,3259024,82.4465830721003,73.9943956043956,88.7683561643835,638,273,365
3749,3261049,19.668807106599,15.6141057934509,23.7857289002558,788,397,391
3750,3261893,85.6081305637982,85.6711111111111,85.5432530120482,674,342,332
3751,3263534,82.0178561549101,80.2086979166667,84.0671681415929,723,384,339
3752,3264474,82.7641176470588,87.0514876033058,78.535,731,363,368
3753,3264646,86.0655612903226,86.1552564102564,85.9747012987013,775,390,385
3754,3266100,62.7840340909091,72.4043715846994,52.3667455621302,704,366,338
3755,3266330,83.4610026041667,95.497625,70.3777173913043,768,400,368
3756,3267340,75.7550216450217,76.9620325203252,74.3803703703704,693,369,324
3757,3267345,71.9856482861401,62.0522891566265,81.7138938053097,671,332,339
3758,3267789,93.2785349462365,90.6032530120482,96.6531306990882,744,415,329
3759,3268397,86.3624938574938,88.859151193634,84.2086270022883,814,377,437
3760,3268442,83.3353755868545,89.5837037037037,76.9085238095238,852,432,420
3761,3272452,76.5382699868938,78.132,74.9979381443299,763,375,388
3762,3273098,74.7668090787717,79.7769101123596,70.2283969465649,749,356,393
3763,3273359,79.7768088033012,88.7216911764706,68.3363322884013,727,408,319
3764,3274472,78.9081212121212,76.095,81.6873493975904,825,410,415
3765,3274723,87.3571964956195,91.8367857142857,83.0427027027027,799,392,407
3766,3275861,77.1636351706037,80.7202570694087,73.4544504021448,762,389,373
3767,3278950,80.2683513513514,85.1745552560647,75.3355555555556,740,371,369
3768,3279694,72.6148824343015,70.4475725593668,75.0027034883721,723,379,344
3769,3279795,78.0049616368286,83.6060655737705,71.2678591549296,782,427,355
3770,3280780,84.2762628865979,92.1748603351955,77.5114354066986,776,358,418
3771,3280980,74.783807890223,63.3500523560209,80.3548469387755,583,191,392
3772,3281240,75.5707382550335,68.4884887459807,80.6458064516129,745,311,434
3773,3282780,58.8590292758089,74.3447120418848,36.7034831460674,649,382,267
3774,3283570,82.3834326424871,82.7578779840849,82.0260506329114,772,377,395
3775,3284101,64.218611481976,79.1468720379147,44.9533944954128,749,422,327
3776,3285511,90.0878271918678,89.3852594339623,90.9084573002755,787,424,363
3777,3286518,84.5276470588235,81.8876020408163,87.1812307692308,782,392,390
3778,3286647,83.1651275510204,84.7842995169082,81.3534054054054,784,414,370
3779,3288135,80.6599882075472,80.534501216545,80.7780091533181,848,411,437
3780,3288323,75.2113718411552,72.9050119904077,77.5344444444444,831,417,414
3781,3288993,74.535328836425,70.2134893617021,77.3722905027933,593,235,358
3782,3289513,83.4655376344086,83.78,83.0857566765579,744,407,337
3783,3291794,81.882683264177,84.2003456790123,78.9309433962264,723,405,318
3784,3292255,72.1411143695015,77.5432085561497,65.5814285714286,682,374,308
3785,3293749,78.6091310160428,83.9566165413534,72.4955300859599,748,399,349
3786,3294540,76.8157707006369,71.720822622108,81.8206565656566,785,389,396
3787,3296394,77.8904685212299,75.7819658119658,80.1196385542169,683,351,332
3788,3296420,79.3161232876712,85.8965384615385,71.768,730,390,340
3789,3298523,72.7033333333333,70.8319117647059,74.8602259887006,762,408,354
3790,3298948,80.3283175033921,87.0487305699482,72.9377777777778,737,386,351
3791,3300007,82.0004666666667,87.1351699029126,75.7415976331361,750,412,338
3792,3300456,80.3518523153942,85.7902493765586,74.8724623115578,799,401,398
3793,3301184,79.8529927007299,79.1198529411765,80.5755072463768,685,340,345
3794,3301295,64.7227237354086,39.8134169278997,82.3025221238938,771,319,452
3795,3301683,83.5543935309973,92.6151428571429,71.7360248447205,742,420,322
3796,3303745,81.3004482225657,86.6345544554456,72.4322222222222,647,404,243
3797,3308449,78.586,79.3875063613232,77.8967396061269,850,393,457
3798,3311074,77.4053556485356,74.6039682539682,80.5290265486726,717,378,339
3799,3311551,76.0709068010076,76.4712705882353,75.609783197832,794,425,369
3800,3312092,64.2751390922401,83.965,41.2723809523809,683,368,315
3801,3314897,83.8279207920792,78.1348553054662,89.8297627118644,606,311,295
3802,3315809,83.088177014531,83.5873076923077,82.5577656675749,757,390,367
3803,3316692,76.1999041533546,71.784979253112,78.9635324675325,626,241,385
3804,3317118,81.593864229765,79.1678431372549,84.3587150837989,766,408,358
3805,3317730,81.1054344827586,79.004094488189,83.4327906976744,725,381,344
3806,3317866,68.0494991364422,74.7690965732087,59.6890697674419,579,321,258
3807,3317955,33.5135869565217,31.1087111111111,35.1683180428135,552,225,327
3808,3319252,86.1867117117117,81.4247368421053,90.6710204081633,666,323,343
3809,3321324,80.6986010362694,80.8311111111111,80.5828155339806,772,360,412
3810,3321543,79.7922288261516,87.6174922600619,72.5706285714286,673,323,350
3811,3322731,79.4876638176638,79.3879076923077,79.5736604774536,702,325,377
3812,3326171,73.7006575342466,70.2212539184953,76.4012165450122,730,319,411
3813,3326664,77.4110406091371,79.4474937343359,75.322236503856,788,399,389
3814,3326730,69.8237426035503,77.0912129380054,60.9836393442623,676,371,305
3815,3326776,77.1382412060301,77.1609137055838,77.1160199004975,796,394,402
3816,3326842,72.8968695652174,77.1273936170213,67.8310191082803,690,376,314
3817,3326877,78.4309103641457,74.9208157099698,81.4644386422977,714,331,383
3818,3328409,82.7931048387097,83.6172413793103,82.0688636363636,744,348,396
3819,3328735,78.9548766328012,74.8427044025157,82.4795956873315,689,318,371
3820,3328742,77.0158208955224,74.7094117647059,79.3921212121212,670,340,330
3821,3329755,66.1033726812816,70.9857098765432,60.2227881040892,593,324,269
3822,3331628,84.8238261997406,84.1698081534772,85.5942372881356,771,417,354
3823,3331862,78.7686890951276,78.0719277108434,79.4155704697987,862,415,447
3824,3331893,77.8795629139073,78.3324285714286,77.3117910447761,755,420,335
3825,3332495,77.4105323741007,65.1360526315789,86.9538618925831,695,304,391
3826,3335003,76.3909769335143,84.00056,68.5081215469613,737,375,362
3827,3336373,85.2022564734895,86.7179947916667,83.8391569086651,811,384,427
3828,3339952,85.736589673913,81.7125368731563,89.1727455919395,736,339,397
3829,3340226,59.9738888888889,61.6279069767442,58.0091712707182,792,430,362
3830,3340430,70.9807332293292,60.0710256410256,79.0740760869565,641,273,368
3831,3342003,58.6655584082157,51.4352219321149,65.6585353535354,779,383,396
3832,3343906,56.928912071535,36.1008945686901,75.1388826815643,671,313,358
3833,3345878,78.934167610419,81.9378414096916,75.7554545454545,883,454,429
3834,3346046,88.279102244389,89.278029925187,87.280174563591,802,401,401
3835,3347055,79.9468292682927,77.04654353562,83.0086908077995,738,379,359
3836,3351945,81.3945219638243,82.2649541284404,80.7577628635347,774,327,447
3837,3353016,80.9659249329759,88.8279521276596,72.9764054054054,746,376,370
3838,3353981,75.0325877763329,78.3567671232877,72.0293069306931,769,365,404
3839,3356694,48.9778717598909,38.3054385964912,58.3128388746803,733,342,391
3840,3357705,75.9616102683781,78.3900502512563,73.8559041394335,857,398,459
3841,3357992,78.1730158730159,83.2485279187817,72.6488397790055,756,394,362
3842,3358516,75.1970982839314,68.9083613445378,78.9110421836228,641,238,403
3843,3358593,76.3775299760192,77.7014189189189,74.8703333333333,834,444,390
3844,3358817,59.9425966850829,54.6325496688742,63.7426777251185,724,302,422
3845,3359883,17.3389516129032,19.555,14.7057647058824,744,404,340
3846,3360669,72.3356545209177,75.1597770700637,70.2588992974239,741,314,427
3847,3362091,84.1816425120773,88.4200945626477,79.7548148148148,828,423,405
3848,3363073,74.2633162612036,74.3776033057851,74.1640669856459,781,363,418
3849,3364166,87.1663040446304,82.4262273901809,92.7251212121212,717,387,330
3850,3366136,74.2599356499357,72.1577272727273,76.0010588235294,777,352,425
3851,3366243,79.7375294117647,80.4627763496144,78.9872074468085,765,389,376
3852,3368127,55.9525396825397,49.9976237623762,59.9356291390729,504,202,302
3853,3370092,68.0445272969374,60.6246458923513,74.6254773869347,751,353,398
3854,3370204,49.9994642857143,48.2287121212121,51.8067268041237,784,396,388
3855,3370579,42.6587564766839,55.4608196721312,20.6608450704225,579,366,213
3856,3370651,50.0944359464627,56.0749411764706,44.4040298507463,523,255,268
3857,3372961,82.6417735849056,86.3291420911528,79.3825592417062,795,373,422
3858,3372985,83.627401894452,88.8185623003195,79.8132394366197,739,313,426
3859,3373311,81.4736564417178,82.758645320197,80.1980929095355,815,406,409
3860,3373959,44.7033277310924,51.1778477690289,33.176261682243,595,381,214
3861,3374773,85.6909104046243,80.0509164420485,92.2094080996885,692,371,321
3862,3375137,79.0525681492109,84.7121502590674,72.0281350482315,697,386,311
3863,3375434,74.7849938499385,72.4056962025316,77.0333732057416,813,395,418
3864,3375770,79.1551319261214,82.1332714617169,75.2298165137615,758,431,327
3865,3376258,69.1628143712575,74.4948484848485,61.4,668,396,272
3866,3376573,75.2287082066869,82.205,67.105,658,354,304
3867,3377690,82.2391505791506,78.8104651162791,85.6414615384615,777,387,390
3868,3377915,71.4129050925926,69.2857967667436,73.5498839907193,864,433,431
3869,3378519,77.5157869822485,77.3719612068965,77.6909448818898,845,464,381
3870,3378877,86.7512762520194,82.6194301994302,92.1627611940299,619,351,268
3871,3379992,79.7005513784461,79.950152284264,79.4571287128713,798,394,404
3872,3384672,73.6593452380952,79.9988421052632,65.4093150684932,672,380,292
3873,3384779,57.5044621513944,37.6447126436782,74.5691358024691,753,348,405
3874,3386893,71.8152483221477,69.5689673913043,74.0079045092838,745,368,377
3875,3391549,79.2810220994475,79.6924935732648,78.803223880597,724,389,335
3876,3392327,70.0168188736682,49.7987148594378,82.3558088235294,657,249,408
3877,3392864,73.1517202572347,77.2611838006231,68.7692026578073,622,321,301
3878,3393264,82.2538848920863,80.6083177570093,83.9886206896552,834,428,406
3879,3393318,65.2164751552795,65.2392877492877,65.1891467576792,644,351,293
3880,3393339,78.2496453900709,79.6707476635514,76.7945454545455,846,428,418
3881,3394391,77.6298518518519,83.5501935483871,72.6016164383562,675,310,365
3882,3395877,82.2550388601036,79.6785094850949,84.6141935483871,772,369,403
3883,3396231,49.101837398374,67.4308645533141,25.3698507462687,615,347,268
3884,3400966,72.2111887072808,57.720243902439,80.5596018735363,673,246,427
3885,3402083,50.9519064124783,64.041797752809,29.86592760181,577,356,221
3886,3407352,76.7803967327888,78.6382727272727,74.8200479616307,857,440,417
3887,3407360,64.7392631578947,82.6569593147752,36.181023890785,760,467,293
3888,3410919,77.4463015463918,78.7152631578947,75.8105014749263,776,437,339
3889,3411364,82.2571082949309,84.2790432801822,80.1880419580419,868,439,429
3890,3411708,77.5972035139092,67.8845352112676,88.1093902439024,683,355,328
3891,3412847,81.4912422360248,84.4681067961165,78.3704580152672,805,412,393
3892,3414106,76.3437595907928,75.4159668508287,77.1434285714286,782,362,420
3893,3414420,83.7968282548476,87.0062068965517,80.289768115942,722,377,345
3894,3415859,17.8288914285714,15.0647379912664,20.8648201438849,875,458,417
3895,3416745,77.7164786795048,90.9719675925926,58.3050508474576,727,432,295
3896,3416859,76.6865094339623,80.874406779661,71.4293617021277,742,413,329
3897,3417216,73.8502586206897,85.3980165289256,61.2621621621622,696,363,333
3898,3418040,78.7289069423929,85.9312844036697,71.9998285714286,677,327,350
3899,3418287,75.8814341590613,83.6303274559194,67.5670810810811,767,397,370
3900,3418397,76.47418767507,75.475534591195,77.2761363636364,714,318,396
3901,3419629,77.2190771028037,84.4365458422175,68.4723255813954,856,469,387
3902,3421168,80.122243902439,85.4010705596107,74.8176039119804,820,411,409
3903,3422613,71.926,75.5212552301255,67.0438068181818,830,478,352
3904,3423548,80.2693378378378,81.6560850111857,78.1537201365188,740,447,293
3905,3424744,72.868850129199,77.0602319587629,68.6557512953368,774,388,386
3906,3425297,82.9841126070991,84.3716826923077,81.54463840399,817,416,401
3907,3428021,78.1252473958333,81.6388833746898,74.2458082191781,768,403,365
3908,3429703,77.153350449294,84.5951572327044,72.0199566160521,779,318,461
3909,3431586,25.2185393258427,26.1473854447439,24.4171395348837,801,371,430
3910,3432201,73.4320293724967,73.5327647058824,73.3482885085575,749,340,409
3911,3434023,66.9400409836066,80.1713219616205,43.3450950570342,732,469,263
3912,3434897,73.7468611435239,75.7168809523809,71.8534782608696,857,420,437
3913,3437183,82.8912955974843,81.4541314553991,84.550460704607,795,426,369
3914,3437213,77.9378657074341,79.0486592178771,77.1024369747899,834,358,476
3915,3437438,74.3593006993007,75.1713769751693,73.4924337349398,858,443,415
3916,3439488,74.3510103626943,70.9263662790698,77.1035280373832,772,344,428
3917,3440673,44.0330477223427,38.6932167832168,48.6796754563895,922,429,493
3918,3442746,80.6619470198676,84.6562376237624,76.0645299145299,755,404,351
3919,3443914,75.6298611111111,82.126038647343,68.515,792,414,378
3920,3445047,69.0161964735516,67.4732795698925,70.3763033175356,794,372,422
3921,3445591,70.6113658536585,78.7501342281879,60.8579356568365,820,447,373
3922,3447037,72.8125381414702,72.4970555555555,73.1271468144044,721,360,361
3923,3448825,71.312345844504,60.1760479041916,80.3403155339806,746,334,412
3924,3450322,79.9300928074246,80.2975423728814,79.4853846153846,862,472,390
3925,3451028,75.3073279352227,76.738322147651,73.1316326530612,741,447,294
3926,3451119,70.4432658569501,78.2259240506329,61.5584393063584,741,395,346
3927,3453677,72.8203545051699,78.145,67.6354227405248,677,334,343
3928,3456784,66.3656097560976,70.4755714285714,61.5572980501393,779,420,359
3929,3457842,59.8414173228346,49.6685333333333,68.9514626865672,635,300,335
3930,3459022,73.3908367626886,79.2804819277109,65.6067515923567,729,415,314
3931,3459101,76.6034968553459,79.1885945945946,74.3529411764706,795,370,425
3932,3459175,74.4136553524804,79.2462264150943,66.4374048442907,766,477,289
3933,3460328,71.7631606217617,74.1858604651163,68.7170760233918,772,430,342
3934,3461297,79.6624719101124,82.8828828828829,76.4565022421525,890,444,446
3935,3464088,80.893523573201,81.2528571428571,80.4438547486033,806,448,358
3936,3464494,71.6501428571429,85.5827231121281,58.7779704016913,910,437,473
3937,3464607,44.2521739130435,43.213,45.0515384615385,644,280,364
3938,3466628,68.0048834196891,81.922676056338,50.8691040462428,772,426,346
3939,3467106,81.6647594278283,87.9335960591133,74.6533333333333,769,406,363
3940,3467305,87.8129224376731,88.6095443037975,86.8506422018349,722,395,327
3941,3467990,68.3146727898967,76.8073960612692,58.9398550724638,871,457,414
3942,3468198,82.0918823529412,82.8625,81.4211246943765,765,356,409
3943,3470085,79.2799401197605,79.097648456057,79.4653140096618,835,421,414
3944,3470682,87.7752444987775,86.2478165938865,89.7184722222222,818,458,360
3945,3475081,81.5755263157895,81.6549497487437,81.465,684,398,286
3946,3476202,76.734087403599,81.7000425531915,69.1561688311688,778,470,308
3947,3476492,79.1046957671958,80.5845982142857,76.9521103896104,756,448,308
3948,3481340,77.4605937921727,78.1822058823529,76.5764564564565,741,408,333
3949,3481427,75.2525253807107,70.4243609022556,80.2048071979434,788,399,389
3950,3481613,73.175746031746,63.6675666666667,81.8195454545455,630,300,330
3951,3482561,67.0984903225806,71.2875314861461,62.6988888888889,775,397,378
3952,3482621,62.3524702774108,65.6009090909091,58.575,757,407,350
3953,3485102,78.0919974226804,73.129972299169,82.4083614457831,776,361,415
3954,3485190,80.1721305418719,79.2449056603774,81.1853865979381,812,424,388
3955,3487449,56.5526923076923,50.4404105571847,62.3263434903047,702,341,361
3956,3487785,85.2016988416988,90.6333164556962,79.5852356020942,777,395,382
3957,3489783,73.9490657894737,69.294972826087,78.3182142857143,760,368,392
3958,3490858,82.9254268292683,84.899715536105,78.3915075376884,656,457,199
3959,3490887,79.3402200488998,81.1542128603104,77.1110354223433,818,451,367
3960,3491470,87.1804415954416,83.0286161879896,92.1652351097179,702,383,319
3961,3495733,83.2824767801857,81.7566891891892,84.5728571428571,646,296,350
3962,3495846,78.6865839416058,74.9997802197802,82.8672585669782,685,364,321
3963,3497821,50.6206371681416,66.0828070175439,26.9073542600897,565,342,223
3964,3498640,52.5028224582701,75.2651236749117,35.3705585106383,659,283,376
3965,3498646,59.4215942028985,73.8421518987342,45.5286178861789,483,237,246
3966,3498652,70.9958912386707,73.18738170347,68.9822608695652,662,317,345
3967,3498767,68.7061870503597,76.5506896551724,60.1539097744361,834,435,399
3968,3498782,74.184962406015,79.9033492822967,67.8947368421053,798,418,380
3969,3501622,82.2927556109726,87.497675,77.1137313432836,802,400,402
3970,3502674,69.4868515950069,72.4651449275362,65.4705211726384,721,414,307
3971,3505251,83.999275,91.1536193029491,77.7496955503513,800,373,427
3972,3506738,83.2828846153846,83.2843287671233,83.2811897106109,676,365,311
3973,3507111,81.8419359145527,77.7772672672673,85.095625,749,333,416
3974,3507553,80.5814123581337,75.2666842105263,85.4714769975787,793,380,413
3975,3507915,75.6674777448071,76.9448888888889,74.2029299363057,674,360,314
3976,3508440,66.807229254571,73.9915151515151,57.7755555555556,711,396,315
3977,3509995,77.7900581395349,83.9619599109131,71.0475182481752,860,449,411
3978,3510084,76.307035236938,74.9343478260869,77.5494444444444,823,391,432
3979,3511333,76.5122419928826,78.5681773399015,74.6021510297483,843,406,437
3980,3511400,78.2231289111389,82.2138144329897,74.4557664233577,799,388,411
3981,3511595,65.2922193548387,63.4187804878049,66.9949261083744,775,369,406
3982,3512519,54.6766666666667,65.2274111675127,43.2876438356164,759,394,365
3983,3513831,69.7448480845443,77.3452289156627,60.5221637426901,757,415,342
3984,3516502,78.0084643734644,77.5166042154567,78.5511627906977,814,427,387
3985,3517075,79.0043806646526,79.9432378223496,77.9575399361022,662,349,313
3986,3517624,77.7171875,87.4386683417085,66.27,736,398,338
3987,3518274,83.5029028132992,81.0551079136691,86.2994246575342,782,417,365
3988,3519314,69.6197547683924,71.4277358490566,67.7719283746556,734,371,363
3989,3520889,84.0422254758419,88.0830813953488,79.9417699115044,683,344,339
3990,3521414,78.0243671766342,66.7667371601209,87.6281701030928,719,331,388
3991,3521520,77.4828038674033,86.1210994764398,67.8341812865497,724,382,342
3992,3521779,45.8304710144928,30.9936162361624,60.1393238434164,552,271,281
3993,3522617,78.6610041841004,74.3054179566564,82.2317005076142,717,323,394
3994,3523356,67.879746835443,53.5389230769231,83.0614006514658,632,325,307
3995,3523702,73.7792747559275,92.99895,49.5273186119874,717,400,317
3996,3526329,73.1429074315515,70.2635620915033,75.0541431670282,767,306,461
3997,3526844,78.755414507772,79.5845562130178,78.1096774193548,772,338,434
3998,3528267,77.6977083333333,75.3202570694087,79.8635831381733,816,389,427
3999,3528377,75.0952718078382,79.5926275510204,70.6768170426065,791,392,399
4000,3528523,67.7777530864198,57.9985142857143,75.2184782608696,810,350,460
4001,3528911,76.4549935316947,75.1461403508772,77.4935730858469,773,342,431
4002,3528968,70.9506798516687,60.2997611940298,78.4782278481013,809,335,474
4003,3529104,79.8531449275362,80.3691851851852,79.5214047619048,690,270,420
4004,3529237,75.3391368680641,77.6958088235294,72.9532258064516,811,408,403
4005,3529576,76.3988077858881,77.8331234256927,75.0589882352941,822,397,425
4006,3531795,80.6796267837541,81.0904783599089,80.2975,911,439,472
4007,3533284,75.8026949541285,76.2957777777778,75.3750749464668,872,405,467
4008,3533503,74.3074305555556,74.3108564231738,74.3045182012848,864,397,467
4009,3533807,75.3458077994429,72.2994852941177,79.3551612903226,718,408,310
4010,3534019,75.9117838541667,71.3876307692308,79.2308577878104,768,325,443
4011,3534362,80.0475653206651,83.6846153846154,76.269612590799,842,429,413
4012,3535531,74.9684294478528,74.5279481132075,75.4460869565217,815,424,391
4013,3537515,76.4452043269231,76.2538,76.6224305555556,832,400,432
4014,3538485,71.6014350453172,60.4372897196262,82.1107917888563,662,321,341
4015,3540418,72.4714401858304,63.2568232044199,79.1561923847695,861,362,499
4016,3540597,72.0514161490683,68.5741142857143,74.7262637362637,805,350,455
4017,3541993,68.6930798479087,81.0388571428571,56.9279207920792,789,385,404
4018,3542896,78.2656532663317,80.444217877095,76.485,796,358,438
4019,3544621,69.1045644599303,70.3429655172414,67.84,861,435,426
4020,3545072,67.9091410048622,75.2749077490775,62.14,617,271,346
4021,3545323,69.2670803782506,73.87432304038,64.7032,846,421,425
4022,3547063,65.9271728395062,60.4025722543353,70.0468103448276,810,346,464
4023,3547228,82.6609942196532,82.2602304147465,83.0645475638051,865,434,431
4024,3547609,67.7081231079717,70.6855509355509,64.9,991,481,510
4025,3549554,70.6349120433018,82.780332326284,60.7816421568627,739,331,408
4026,3550711,74.5035192563081,79.7126086956522,70.0987745098039,753,345,408
4027,3551520,85.7967926689576,88.1046075949367,83.8897071129707,873,395,478
4028,3553638,74.7216073619632,75.2684677419355,74.2623927765237,815,372,443
4029,3554007,73.375025,78.053665158371,67.5986033519553,800,442,358
4030,3555714,84.1328196347032,83.8207415730337,84.4550348027842,876,445,431
4031,3556332,82.2342569832402,87.5852459016394,77.3520512820513,895,427,468
4032,3557312,63.5417559523809,88.8265395095368,33.1171147540984,672,367,305
4033,3558234,74.8388250319285,70.3577524429968,77.7289285714286,783,307,476
4034,3558900,69.4186279069768,64.7035049019608,73.6747566371682,860,408,452
4035,3559870,74.2519161676647,79.766,68.5360975609756,835,425,410
4036,3560477,57.7680218446602,57.0358518518519,58.4757279236277,824,405,419
4037,3561057,83.5058596491228,87.5288528678304,79.9525110132159,855,401,454
4038,3563002,65.0686849315069,52.3089230769231,72.1272765957447,730,260,470
4039,3563107,78.1849754901961,77.3666050808314,79.110182767624,816,433,383
4040,3564131,75.5934404761905,71.071970074813,79.7235307517084,840,401,439
4041,3564357,72.7162934362934,71.9329481132076,73.6571954674221,777,424,353
4042,3565492,49.8585793871866,56.8378537735849,39.793231292517,718,424,294
4043,3565557,53.212374301676,41.06,65.364748603352,716,358,358
4044,3566122,72.1765725806452,74.9389125295508,68.5364797507788,744,423,321
4045,3566362,60.6723475609756,71.6857142857143,44.3191666666667,656,392,264
4046,3566503,52.9910339256866,39.0713620071685,64.4133529411765,619,279,340
4047,3567764,77.1679473106476,82.928243902439,72.4539321357285,911,410,501
4048,3568741,75.3436697247706,71.8226327944573,78.816583143508,872,433,439
4049,3570134,72.0291698595147,81.519746835443,62.3673711340206,783,395,388
4050,3570912,75.0946683354193,71.0186422976501,78.8473557692308,799,383,416
4051,3571746,66.9648740740741,65.0590340909091,69.041826625387,675,352,323
4052,3571877,79.5393089430894,85.3002305475504,74.4266751918159,738,347,391
4053,3572072,77.630183639399,74.7244237918216,79.9988181818182,599,269,330
4054,3573106,82.0015971394517,80.497325,83.3722323462415,839,400,439
4055,3573447,81.100249343832,76.7485154061625,84.9362222222222,762,357,405
4056,3573569,80.86825,82.4988181818182,79.3735625,920,440,480
4057,3573869,66.8745,54.1686666666667,74.498,640,240,400
4058,3573875,68.436703125,64.3399731903485,74.1598501872659,640,373,267
4059,3574586,64.8636036036036,72.3995698924731,59.4306976744186,666,279,387
4060,3574594,67.3789705882353,62.1008163265306,71.8491111111111,748,343,405
4061,3574887,69.3793410852713,71.668,67.3892028985507,774,360,414
4062,3575299,75.3355771567436,77.6933858267717,73.3031674208145,823,381,442
4063,3575907,83.6655539772727,86.3345930232558,81.1151388888889,704,344,360
4064,3576716,61.0289883913764,72.5547282608696,42.980170212766,603,368,235
4065,3578663,67.4218815331011,78.9827118644068,55.198064516129,574,295,279
4066,3581204,64.2145986394558,61.9154246575342,66.4827027027027,735,365,370
4067,3581725,59.782785326087,62.1400578034682,57.6914615384615,736,346,390
4068,3582112,76.2014572192513,74.4857908163265,78.0906179775281,748,392,356
4069,3582968,71.9888795518207,69.2112146892655,74.72025,714,354,360
4070,3583513,77.1441224489796,79.5662397820164,74.7285869565217,735,367,368
4071,3584216,56.1485828877005,68.1037931034483,45.74755,748,348,400
4072,3585203,66.667012987013,74.9444646924829,52.3607086614173,693,439,254
4073,3585785,74.5082492997199,72.7545820433436,75.9569309462916,714,323,391
4074,3587910,82.8042049469965,91.950487804878,74.2621184510251,849,410,439
4075,3588335,78.8167692307692,78.6034279475983,79.0692506459948,845,458,387
4076,3589102,79.9996428571429,82.7819339622641,77.1638461538462,840,424,416
4077,3589144,75.5847897196262,82.6794457274827,68.3224113475177,856,433,423
4078,3589348,76.3522470588235,72.2843714285714,79.19976,850,350,500
4079,3590305,67.6718390804598,72.0589411764706,63.4819101123596,696,340,356
4080,3590882,78.4882056663169,79.3338204592902,77.6336708860759,953,479,474
4081,3592004,66.7491875,68.1703837471783,64.9856302521008,800,443,357
4082,3592390,74.7149857142857,79.187,69.7009090909091,700,370,330
4083,3592408,85.4497175141243,79.7185555555556,91.3785057471264,708,360,348
4084,3592546,46.8806360424028,45.8227341772152,47.8010572687225,849,395,454
4085,3593338,77.2667050359712,77.813729903537,76.823671875,695,311,384
4086,3593711,72.2018623481781,72.4083606557377,72.00032,741,366,375
4087,3594215,78.9858379120879,74.9422556390977,83.8897568389058,728,399,329
4088,3594579,68.4502529761905,63.8859375,71.8734895833333,672,288,384
4089,3594727,75.7326188068756,73.1493023255814,78.1006589147287,989,473,516
4090,3594778,83.2203356481481,78.8858252427184,87.1712610619469,864,412,452
4091,3594901,76.6327652733119,75.9194143167028,77.3294915254237,933,461,472
4092,3596284,75.2592750287687,78.2706542056075,72.3366666666667,869,428,441
4093,3596709,75.4708385744235,74.0339484978541,76.8429508196721,954,466,488
4094,3597636,79.8664317673378,77.2320535714286,82.5126233183857,894,448,446
4095,3597898,75.6636375661376,85.7969318181818,66.8346287128713,756,352,404
4096,3598031,80.7699131513648,84.7861845386534,76.7933086419753,806,401,405
4097,3600179,66.1166705882353,77.28925,51.6225135135135,850,480,370
4098,3600553,60.9299094437258,71.353273657289,50.2609685863874,773,391,382
4099,3602359,75.9513578826237,85.012591006424,65.425,869,467,402
4100,3603015,70.7980278128951,78.3617995444191,61.3648011363636,791,439,352
4101,3604266,78.490427672956,78.2503389830509,78.6831519274376,795,354,441
4102,3604961,66.1385714285714,70.7081060606061,61.1120833333333,756,396,360
4103,3605277,66.7803754266212,66.5193260869565,67.066968973747,879,460,419
4104,3605300,54.3035620437956,62.6940740740741,43.9725732899023,685,378,307
4105,3605309,60.9071752085816,55.9237279596977,65.383257918552,839,397,442
4106,3605365,76.4698352941177,81.2624590163935,71.6318912529551,850,427,423
4107,3606854,78.6841343669251,81.8403773584906,74.8605714285714,774,424,350
4108,3607044,82.2522980659841,90.508199513382,75.0019230769231,879,411,468
4109,3608679,76.4703431372549,76.6005518763797,76.3078512396694,816,453,363
4110,3608729,74.9166015200869,76.1187755102041,73.5498607888631,921,490,431
4111,3609088,86.5239637599094,91.6283732057416,81.9354838709677,883,418,465
4112,3613323,59.5391280653951,67.409975308642,49.8500911854103,734,405,329
4113,3613877,71.5486924939467,69.5965083135392,73.578,826,421,405
4114,3614212,74.6017154255319,75.7894473684211,73.3884408602151,752,380,372
4115,3615486,75.3710068027211,71.8703571428571,80.8354355400697,735,448,287
4116,3615989,75.614025974026,69.4685358255452,80.9169892473118,693,321,372
4117,3616035,75.0003245192308,72.9916058394161,76.9613301662708,832,411,421
4118,3616613,55.5000625,60.9851851851852,49.8760759493671,800,405,395
4119,3617282,80.7308510638298,76.85125,84.7791304347826,846,432,414
4120,3617625,82.7997084548105,84.4635310734463,81.0256325301205,686,354,332
4121,3618098,58.6270619946092,71.2306132075472,41.8223270440252,742,424,318
4122,3621414,77.7914846625767,75.4003703703704,79.8597711670481,815,378,437
4123,3622264,77.4360480640855,78.0888578088578,76.560875,749,429,320
4124,3623072,79.6919537275064,80.5083544303797,78.8499738903394,778,395,383
4125,3624067,81.3909003601441,81.5068856447689,81.2779383886256,833,411,422
4126,3625589,78.2989889025894,72.6204285714286,84.3987212276215,811,420,391
4127,3627293,71.5292998833139,68.9428,74.0738888888889,857,425,432
4128,3628111,66.3999866131191,61.1267323943662,71.1755102040816,747,355,392
4129,3629235,71.772417721519,73.1865942028985,70.2153191489362,790,414,376
4130,3629333,69.6661128048781,62.3072897196262,76.7174029850746,656,321,335
4131,3629483,69.7053436185133,55.9172189349112,82.13304,713,338,375
4132,3629537,70.041997105644,72.2211403508772,67.9065616045845,691,342,349
4133,3631896,85.5542067988669,81.2010626702997,90.2669026548673,706,367,339
4134,3632524,74.2242857142857,70.8055474452555,76.756,644,274,370
4135,3632669,75.4106730769231,71.9520396600567,78.6664,728,353,375
4136,3633667,76.758379204893,76.7732258064516,76.745,654,310,344
4137,3634126,82.7810969387755,82.5208997429306,83.0373417721519,784,389,395
4138,3635273,83.3585129604366,88.0241504178273,78.88,733,359,374
4139,3636382,81.873981042654,80.6181560283688,83.1357719714964,844,423,421
4140,3637266,74.1486380832282,69.6797799511002,78.9084375,793,409,384
4141,3637625,73.3590934449093,61.2080071174377,81.1904128440367,717,281,436
4142,3638672,74.6352910602911,74.9528516377649,74.2632505643341,962,519,443
4143,3639401,74.6132772020725,62.5385950413223,85.3299266503668,772,363,409
4144,3639424,74.8397445721584,74.1920430107527,75.4259854014599,783,372,411
4145,3640842,49.9991713483146,38.7628338762215,58.5165925925926,712,307,405
4146,3641249,65.73253894081,71.9313684210526,60.783893557423,642,285,357
4147,3642422,80.4490083798883,81.9112311557789,78.6189308176101,716,398,318
4148,3642789,73.5667848970252,73.4624324324324,73.6577301927195,874,407,467
4149,3643713,74.6160641025641,81.6219331742243,66.4845983379501,780,419,361
4150,3644181,76.6997919556172,76.2916901408451,77.2891186440678,721,426,295
4151,3648125,65.4168888888889,61.7721606648199,69.081922005571,720,361,359
4152,3649542,78.2170119047619,80.7219058295964,75.3815228426396,840,446,394
4153,3650203,71.0547900113507,71.0138647342995,71.0910706638116,881,414,467
4154,3650853,53.0792049272116,53.4415137614679,52.7335448577681,893,436,457
4155,3652525,63.3654002713704,60.3287603305785,66.3127272727273,737,363,374
4156,3652702,45.2636447368421,34.8906853582555,52.8484282460137,760,321,439
4157,3653957,82.2610539845758,87.5322946175637,77.8828235294118,778,353,425
4158,3654141,52.8671472868217,54.4457777777778,50.8730877192983,645,360,285
4159,3654183,67.2066708074534,64.6884569732938,69.02,805,337,468
4160,3656628,70.1483252427184,67.1731818181818,72.9010280373832,824,396,428
4161,3657051,67.0373435326843,69.9453367875648,63.6665165165165,719,386,333
4162,3658268,73.7053542234332,79.7206993006993,65.2444262295082,734,429,305
4163,3658313,71.804468412943,77.0034625322997,64.1250381679389,649,387,262
4164,3659001,70.8272230014025,73.4491379310345,69.0296926713948,713,290,423
4165,3660258,60.8093931731985,73.4465071770335,46.6476943699732,791,418,373
4166,3660783,63.5563848396501,45.4545454545455,77.3770694087404,686,297,389
4167,3661839,80.5293184979138,81.4478350515464,79.9048130841121,719,291,428
4168,3663751,69.0629354445798,67.7095052083333,70.2522196796339,821,384,437
4169,3663999,72.9217246596067,70.0306727828746,75.7521856287425,661,327,334
4170,3664391,77.4050992366412,83.5971957671958,68.9552346570397,655,378,277
4171,3664432,86.8126648351648,91.5563324538259,81.6612320916906,728,379,349
4172,3666385,68.3064237288136,58.9836328125,75.4520359281437,590,256,334
4173,3667000,76.6654782608696,91.3328,65.3829230769231,690,300,390
4174,3671630,77.034370015949,72.241921708185,80.9265028901734,627,281,346
4175,3672334,77.4478350515464,74.8765217391304,80.3885082872928,776,414,362
4176,3672700,76.8641738066095,74.0016159250585,79.9983076923077,817,427,390
4177,3672780,71.9106537530266,73.8585131894484,69.9246943765281,826,417,409
4178,3673664,76.0545905707196,75.5160869565217,76.6923306233062,806,437,369
4179,3673898,66.4755529953917,63.2514922048998,69.9304534606205,868,449,419
4180,3675793,81.1270218228498,83.5484210526316,77.7085758513932,779,456,323
4181,3676174,75.475355450237,76.5371929824561,74.2274226804124,844,456,388
4182,3676420,68.9696945337621,62.8457585139319,75.5851839464883,622,323,299
4183,3676557,70.6356509695291,69.4618562874251,71.6460824742268,722,334,388
4184,3678919,74.3246068796069,79.4093382352941,69.2148275862069,814,408,406
4185,3679018,85.1456808803301,89.4147058823529,81.3951162790698,727,340,387
4186,3679431,70.0635690789474,63.7104857142857,78.6820930232558,608,350,258
4187,3683434,71.2951347708895,61.4327548209366,80.7411609498681,742,363,379
4188,3687273,76.5762837837838,80.4437777777778,72.6028310502283,888,450,438
4189,3688740,77.2272289156626,84.2842857142857,69.9980487804878,830,420,410
4190,3691230,77.5586421173763,78.76,76.2564508393285,869,452,417
4191,3691529,75.6858745874587,77.2376271186441,74.3937903225806,909,413,496
4192,3694035,68.9785340314136,70.4578861788618,67.5965569620253,764,369,395
4193,3695726,67.5009875,78.0412153518124,52.5663444108761,800,469,331
4194,3696186,75.6455473554736,72.8415228426396,78.2822673031026,813,394,419
4195,3696218,68.5873216520651,64.556835443038,72.5280198019802,799,395,404
4196,3697403,75.260942408377,76.6045244215938,73.8672,764,389,375
4197,3701329,62.7850572519084,61.2489583333333,64.0831690140845,524,240,284
4198,3702126,54.4857529610829,61.112908496732,47.3702807017544,591,306,285
4199,3702138,46.306223316913,45.7335494880546,46.8372151898734,609,293,316
4200,3702152,65.7903931847969,68.109056122449,63.3404851752022,763,392,371
4201,3703108,75.9675166889186,78.5734101382488,72.3771746031746,749,434,315
4202,3704139,72.439235095613,73.3007692307692,71.5873378076063,889,442,447
4203,3708009,76.80536121673,73.9960047281324,80.0522404371585,789,423,366
4204,3708440,55.0865254237288,59.8915254237288,50.2815254237288,708,354,354
4205,3708999,79.7515117891817,81.6731266846361,77.7146,721,371,350
4206,3710342,72.7267164179104,74.5963022508039,71.3618309859155,737,311,426
4207,3710492,79.8074104234528,77.2074164133738,82.8088070175439,614,329,285
4208,3711098,65.1149612403101,68.4715605095541,61.9307552870091,645,314,331
4209,3711863,66.9474788902292,72.2106150341686,61.0230769230769,829,439,390
4210,3712175,72.7129337539432,75.5618834080718,65.9542553191489,634,446,188
4211,3712556,74.0318805970149,72.2085286103542,76.2403630363036,670,367,303
4212,3714416,75.7909632446134,79.497,71.9801285347044,789,400,389
4213,3714906,65.6455214723926,47.6182993197279,80.45,652,294,358
4214,3715374,74.4791816920943,68.61,80.3321052631579,721,360,361
4215,3716951,68.9397394789579,57.0405776173285,83.7868918918919,499,277,222
4216,3718720,66.5660569715142,78.201961852861,52.3314666666667,667,367,300
4217,3719647,73.2891483870968,71.4262244897959,75.1958485639687,775,392,383
4218,3720348,76.336577540107,75.7809375,76.9227472527473,748,384,364
4219,3720388,59.7591267123288,54.0984016393443,63.8215294117647,584,244,340
4220,3725818,75.4,73.6744680851064,77.1073684210526,756,376,380
4221,3728207,75.4344044665012,78.13216,73.0871693735499,806,375,431
4222,3728810,80.9606892523365,75.8749419953596,86.1182352941177,856,431,425
4223,3729752,75.9588153310105,78.4445333333333,73.2372262773723,861,450,411
4224,3730248,67.4758680555556,63.6367567567567,70.8949452954048,864,407,457
4225,3730760,78.3005525606469,75.8683646112601,80.7591056910569,742,373,369
4226,3731033,68.4386046511628,63.85,72.5366037735849,903,426,477
4227,3735021,63.5833670520231,76.23,49.385,692,366,326
4228,3737362,68.6928072445019,59.4403715170279,75.334,773,323,450
4229,3737613,71.0997211660329,70.1729824561403,71.8087695749441,789,342,447
4230,3739416,75.9104772727273,77.9084798099763,74.0778867102397,880,421,459
4231,3740276,62.1411899038462,50.9865915492958,70.4428301886792,832,355,477
4232,3740824,76.2787347931873,64.6331297709924,86.9470862470862,822,393,429
4233,3741257,75.5820413436692,78.2511111111111,72.3654700854701,774,423,351
4234,3743353,67.0740680272109,76.0477530864198,56.0609090909091,735,405,330
4235,3743597,81.3129065743945,82.1885753424658,79.8123474178404,578,365,213
4236,3744960,61.4057718894009,62.6240594059406,60.3450215517241,868,404,464
4237,3744977,49.8148098159509,66.1575545851528,28.848487394958,815,458,357
4238,3747706,63.1221375,58.7605927835052,67.2296116504854,800,388,412
4239,3750257,50.165780730897,58.8243343653251,40.1417204301075,602,323,279
4240,3750263,45.4231028037383,50.3581428571429,40.0042352941176,535,280,255
4241,3750756,70.4387644341801,70.1838786279683,70.6371252566735,866,379,487
4242,3754493,71.2980211480363,62.6989067524116,78.9171794871795,662,311,351
4243,3754776,74.626,71.1425279642058,79.0370821529745,800,447,353
4244,3756211,74.9988913043478,73.4077362637363,76.5558279569893,920,455,465
4245,3758579,81.4347398030942,80.5695336787565,82.4623384615385,711,386,325
4246,3760195,67.378887195122,71.9988615384615,62.8426586102719,656,325,331
4247,3761714,73.3892720763723,71.1915,75.5975598086124,838,420,418
4248,3762349,60.9598767123288,73.9926262626263,45.507874251497,730,396,334
4249,3762719,65.9101515151515,62.4402030456853,69.3452261306533,792,394,398
4250,3763500,64.4606225680934,72.3206266318538,56.7019072164948,771,383,388
4251,3763545,70.8619867549669,79.7958056265985,61.2654945054945,755,391,364
4252,3763800,67.3537403598972,62.3180869565217,71.3659815242494,778,345,433
4253,3764090,66.2801679586563,66.9538461538462,65.721158392435,774,351,423
4254,3764469,74.3375871687587,74.5765536723164,74.1045454545455,717,354,363
4255,3768931,61.7572257053292,74.9253172205438,47.5597068403909,638,331,307
4256,3769810,60.6514792899408,77.1541935483871,40.4573684210526,676,372,304
4257,3771189,77.218622100955,79.0207356948229,75.4115846994536,733,367,366
4258,3773656,68.7904840764331,67.6001396648045,69.7884777517564,785,358,427
4259,3774694,69.6047642679901,68.8380465116279,70.4815957446809,806,430,376
4260,3781337,10.2079585798817,8.44480211081794,12.4579124579125,676,379,297
4261,3781623,70.2447690217391,71.5058870967742,68.9559340659341,736,372,364
4262,3781703,77.379475862069,83.0943266475645,72.075,725,349,376
4263,3785219,69.9353376205788,60.8960897435897,79.0329032258065,622,312,310
4264,3785811,61.3381226765799,61.5698760330579,61.1486486486486,538,242,296
4265,3786291,37.2194683026585,54.0186160714286,23.0194339622641,489,224,265
4266,3786297,43.2543452380952,55.5554838709677,28.0009333333333,504,279,225
4267,3786776,63.4654545454545,60.8251546391753,66.0967123287671,583,291,292
4268,3786792,62.32,61.8664388489209,62.7671276595745,560,278,282
4269,3786849,62.7958241758242,66.8752760736196,58.51961414791,637,326,311
4270,3788079,70.3462068965517,66.6689964157706,73.7546511627907,580,279,301
4271,3788856,25.8243801652893,26.7184210526316,24.8926160337553,484,247,237
4272,3793103,41.8190743801653,38.328362369338,44.9694968553459,605,287,318
4273,3793841,51.5806719367589,53.6224637681159,49.1305217391304,506,276,230
4274,3794061,61.498261682243,65.9610638297872,56.5239130434783,535,282,253
4275,3794805,53.0353424657534,59.6927906976744,46.2463241106719,511,258,253
4276,3795076,38.3164559386973,41.8254752851711,34.7532432432432,522,263,259
4277,3795196,53.9975843694494,51.8776109215017,56.2981481481482,563,293,270
4278,3795791,53.4581495327103,53.7209917355372,53.2410580204778,535,242,293
4279,3795934,46.1828813559322,52.5068949771689,40.7087351778656,472,219,253
4280,3796368,55.9717537313433,39.8375933609959,69.1525423728814,536,241,295
4281,3797318,54.0977137870855,44.3646757679181,64.2826428571429,573,293,280
4282,3798290,59.2602645502646,53.0782692307692,64.4958306188925,567,260,307
4283,3798621,68.1973529411765,62.8354054054054,74.5970967741936,544,296,248
4284,3799166,71.8625506072874,64.6787064676617,76.7907167235495,494,201,293
4285,3799918,71.8726758147513,64.6276190476191,79.2430795847751,583,294,289
4286,3800641,73.1448341232228,67.9352063492064,78.3053144654088,633,315,318
4287,3800907,70.8889592760181,67.9893650793651,74.7347368421053,663,378,285
4288,3801548,66.0539718309859,67.809875,64.6132307692308,710,320,390
4289,3804424,69.9846248294679,72.7001949860724,67.3779679144385,733,359,374
4290,3804777,78.387378516624,81.1286253369272,75.9129197080292,782,371,411
4291,3805071,75.9202300613497,72.6088695652174,77.725,652,230,422
4292,3805837,76.4239896373057,76.0396875,76.8043298969072,772,384,388
4293,3806836,81.838855721393,84.7998666666667,79.2505594405594,804,375,429
4294,3806991,84.7860052910053,81.3291560102302,88.489095890411,756,391,365
4295,3808346,64.6212402088773,52.1597009966777,72.6877419354839,766,301,465
4296,3808448,76.8769249394673,78.3706615776081,75.5211778290993,826,393,433
4297,3809022,72.2046268656716,74.2179245283019,69.2677981651376,536,318,218
4298,3810280,75.4089711417817,72.5275247524752,78.3710687022901,797,404,393
4299,3810718,83.6531456043956,72.6551474530831,95.2087887323944,728,373,355
4300,3814060,61.6490045248869,63.046766743649,60.3070288248337,884,433,451
4301,3814471,75.2324311926606,86.7402387267905,59.5701805054152,654,377,277
4302,3814641,88.3088923076923,96.0281957186544,80.4939938080495,650,327,323
4303,3815064,57.0507131537242,65.5651239669422,45.5181343283582,631,363,268
4304,3816294,78.598463648834,83.925,74.0444783715013,729,336,393
4305,3816926,78.6707582938389,72.0902325581395,86.5036332179931,633,344,289
4306,3817043,72.487100591716,74.14,70.7334146341463,676,348,328
4307,3818444,74.3076196473552,81.4139267015707,67.7187621359223,794,382,412
4308,3818529,79.9739018087855,84.7160103626943,75.2562371134021,774,386,388
4309,3818800,79.7076204379562,75.2712727272727,82.6832195121951,685,275,410
4310,3819334,70.8620264900662,63.6103481012658,76.0819134396355,755,316,439
4311,3820213,71.1376558265583,71.0320334261838,71.2377044854881,738,359,379
4312,3821433,66.060864516129,68.0866331658291,63.9222546419098,775,398,377
4313,3821545,66.9713990825688,68.6519646799117,65.1544630071599,872,453,419
4314,3822088,69.4170332187858,72.6009133489461,66.3687892376682,873,427,446
4315,3824070,74.9712515337423,80.678115942029,69.0793765586035,815,414,401
4316,3824415,64.8412038303694,72.7446926229508,48.9691769547325,731,488,243
4317,3824992,64.6628485576923,64.0980837004405,65.341164021164,832,454,378
4318,3826002,80.0758047493404,76.6426751592357,85.7099651567944,758,471,287
4319,3828324,64.9025487465181,60.6642105263158,69.18837535014,718,361,357
4320,3828351,65.4906171284635,57.4730154639175,73.1527586206897,794,388,406
4321,3831789,63.7001412429378,60.2591948051948,67.8015789473684,708,385,323
4322,3834248,73.1866968911917,82.5847229551451,64.1234605597964,772,379,393
4323,3834292,71.6149423631124,67.8359356725146,75.2865909090909,694,342,352
4324,3834851,70.2136545682103,72.439343832021,68.184976076555,799,381,418
4325,3835667,55.6734168865435,65.6314319809069,43.3654277286136,758,419,339
4326,3835815,67.8433149171271,72.6132365145228,62.408085106383,905,482,423
4327,3836149,79.7096929238985,81.3929166666667,78.1519537275064,749,360,389
4328,3836794,78.07314171123,72.8031444759207,82.7827848101266,748,353,395
4329,3840318,73.8870125427594,65.7253579175705,82.9315384615385,877,461,416
4330,3840772,72.9819926650367,67.3638461538462,79.1778406169666,818,429,389
4331,3842863,74.5668398268398,74.4419675456389,74.7096751740139,924,493,431
4332,3843290,74.4281506849315,76.572885032538,72.045686746988,876,461,415
4333,3843629,71.5792111368909,70.9450847457627,72.1624944320713,862,413,449
4334,3843801,70.6014982973893,73.2548837209302,68.0716629711752,881,430,451
4335,3843884,64.5192297979798,55.3904491017964,71.1764628820961,792,334,458
4336,3847615,70.4018514007308,71.1470904645477,69.6620388349515,821,409,412
4337,3847656,77.4404826038159,79.7386274509804,74.9987037037037,891,459,432
4338,3847906,84.9141789052069,91.0147752808989,79.3879389312977,749,356,393
4339,3848998,82.047,85.7135593220339,78.4156115107914,830,413,417
4340,3850200,77.6604993429698,77.1433766233766,78.19,761,385,376
4341,3851632,75.9953395784543,74.3594871794872,77.9787046632124,854,468,386
4342,3852190,82.8757788347206,88.0933333333333,77.6706175771971,841,420,421
4343,3852526,77.0317103620474,74.5630730478589,79.4575742574257,801,397,404
4344,3852673,80.2255193992491,84.8085034013606,74.58,799,441,358
4345,3853020,77.8572355430183,83.0179952830189,70.1794736842105,709,424,285
4346,3853087,84.0995279503106,92.6281818181818,75.3780150753769,805,407,398
4347,3854651,79.1053140096618,83.5621296296296,74.2433333333333,828,432,396
4348,3854787,43.8563577586207,44.6348068669528,43.0711688311688,928,466,462
4349,3856852,57.2230867052023,57.0010144927536,57.4269401330377,865,414,451
4350,3856950,71.2563973509934,68.9940223463687,73.296523929471,755,358,397
4351,3857547,83.3581491344873,77.1029770992366,90.2248603351955,751,393,358
4352,3857953,48.5742357512953,70.7578132678133,23.8380273972603,772,407,365
4353,3861120,73.8482940516274,79.5316744186046,68.5470932754881,891,430,461
4354,3862029,64.3814911242604,64.8302362204724,64.0130172413793,845,381,464
4355,3865762,70.8573756906077,76.085,66.6700746268657,724,322,402
4356,3866906,77.5672911694511,79.6604496788009,74.9325067385445,838,467,371
4357,3869167,67.7620146520147,68.7166502463054,66.8235593220339,819,406,413
4358,3869553,61.4849419953596,63.3713707865169,59.4718465227818,862,445,417
4359,3869753,69.7823303457106,69.3166761363636,70.1644055944056,781,352,429
4360,3871340,66.9911693057247,65.551052631579,68.484888337469,821,418,403
4361,3871468,65.2803250975293,67.4266287015945,62.4250909090909,769,439,330
4362,3874067,39.8648911222781,39.9267164179104,39.8145288753799,597,268,329
4363,3874498,53.0437101449275,56.9774643874644,48.9707079646018,690,351,339
4364,3875955,60.0546089385475,68.4310606060606,49.68875,716,396,320
4365,3876271,61.7573277909739,64.2854047619048,59.2412322274882,842,420,422
4366,3876294,45.6347042253521,54.8473469387755,34.2782389937107,710,392,318
4367,3876303,42.7559835100118,32.2162886597938,51.6267028199566,849,388,461
4368,3877559,72.6419540229885,78.710297029703,67.3809871244635,870,404,466
4369,3877799,67.5746562905318,82.2458224543081,53.0925515463918,771,383,388
4370,3877870,70.6672921615202,68.8516199376947,71.7859692898272,842,321,521
4371,3878456,71.930269005848,78.5224018475751,65.1663033175356,855,433,422
4372,3879032,76.0348905109489,76.4996605744125,75.6294077448747,822,383,439
4373,3880693,67.4087874837027,77.003175,56.951689373297,767,400,367
4374,3880845,76.3129362880886,73.3303076923077,79.8166265060241,722,390,332
4375,3881521,77.2076849642005,75.1810705596107,79.1583606557377,838,411,427
4376,3882400,68.9188820638821,76.0001647058824,61.1822622107969,814,425,389
4377,3882421,75.295756501182,79.8922520107239,71.6710359408034,846,373,473
4378,3882537,78.4070438799076,81.8968965517241,74.3789552238806,866,464,402
4379,3882781,31.0104529616725,52.1181481481482,14.4913871635611,861,378,483
4380,3884001,62.4159645232816,58.9020547945205,65.732974137931,902,438,464
4381,3884730,72.8463973509934,72.2233333333333,73.2710244988864,755,306,449
4382,3885153,31.8820565832427,20.5677242888403,43.0739393939394,919,457,462
4383,3886053,78.6051279069767,79.7926165803109,77.6381012658228,860,386,474
4384,3891174,86.6406573275862,90.9318358531318,82.367935483871,928,463,465
4385,3892389,75.5942654028436,81.0870869565217,69.0143229166667,844,460,384
4386,3895773,73.1674050632911,75.1678681318681,70.4503582089552,790,455,335
4387,3895884,77.2383034773446,74.2990496760259,80.0384567901235,949,463,486
4388,3896482,77.6710558252427,84.5601225490196,70.9144711538462,824,408,416
4389,3897385,76.1780782508631,70.7163774403471,82.3492647058823,869,461,408
4390,3899322,70.9389401709402,86.4392881355932,55.1713448275862,585,295,290
4391,3900592,78.8068384074941,74.2175903614458,83.1451936218679,854,415,439
4392,3902852,59.1539754098361,53.9379393939394,63.4357960199005,732,330,402
4393,3905542,68.9771327849589,76.8359465478842,60.1995024875622,851,449,402
4394,3906157,64.1437821482602,46.9497132616487,76.7017539267016,661,279,382
4395,3906353,71.9109213483146,73.8312340425532,69.762,890,470,420
4396,3906400,64.0544721233689,51.8583622828784,75.225,843,403,440
4397,3906466,60.2132469512195,59.0102473498233,61.1259785522788,656,283,373
4398,3907121,68.7241342281879,70.12,66.9687272727273,745,415,330
4399,3907709,66.4966624040921,68.2758850574713,64.2662247838617,782,435,347
4400,3907719,61.3918512658228,43.2073170731707,76.5192753623189,632,287,345
4401,3908596,78.2159029345372,76.0095961995249,80.2134408602151,886,421,465
4402,3908875,70.4127337278106,65.0771882086168,76.2369306930693,845,441,404
4403,3910372,74.8945693277311,77.3530661322645,72.1864238410596,952,499,453
4404,3910522,75.659024122807,71.733704496788,79.778404494382,912,467,445
4405,3911778,72.8744512946979,75.945,68.4668768768769,811,478,333
4406,3911792,72.5120379146919,74.680253164557,69.7343783783784,844,474,370
4407,3912589,77.4267611777535,82.1921917808219,73.0692275574113,917,438,479
4408,3913851,84.1813163972286,76.5292346938776,90.5096202531646,866,392,474
4409,3915995,67.9587378640777,50.2496984924623,84.5038028169014,824,398,426
4410,3918270,82.0731186868687,81.5449862258953,82.52,792,363,429
4411,3918472,79.4345035460993,81.3140656565657,77.7804888888889,846,396,450
4412,3920794,80.9802333722287,75.1145739910314,87.345401459854,857,446,411
4413,3920876,67.0346553446553,62.0315904572565,72.0879518072289,1001,503,498
4414,3921275,81.7633492252682,82.5991879350348,80.8803921568627,839,431,408
4415,3922407,62.7987979274611,57.5336529680365,67.1747628083491,965,438,527
4416,3924158,79.3105926724138,79.8294849785408,78.7872077922078,928,466,462
4417,3926789,80.3625696969697,84.5167005076142,76.5650580046404,825,394,431
4418,3926808,75.5083418367347,87.0209160305344,63.9368797953964,784,393,391
4419,3927763,78.9291967403958,85.6462773722628,72.766875,859,411,448
4420,3930868,72.6487089715536,80.8242465753425,65.1258403361345,914,438,476
4421,3930984,70.4043333333333,71.2239130434783,69.623550295858,990,483,507
4422,3933629,82.3661776581427,79.7442278481013,85.3422413793103,743,395,348
4423,3933742,74.4713762486127,72.3045494505494,76.6819282511211,901,455,446
4424,3934309,72.7921703011423,75.7813004484305,70.2135396518375,963,446,517
4425,3934796,74.0113652694611,82.5709174311927,64.6580701754386,835,436,399
4426,3935170,64.5765970149254,68.0150867052023,60.9046296296296,1005,519,486
4427,3936008,74.9695646916566,81.2533333333333,69.5226862302483,827,384,443
4428,3936291,75.3284801762115,72.1439726027397,78.296170212766,908,438,470
4429,3937074,52.8222569027611,65.54,38.3063753213368,833,444,389
4430,3937924,72.3479552093476,75.9859842519685,68.7870327552987,1027,508,519
4431,3938386,73.8761820330969,71.9015,75.8230516431925,846,420,426
4432,3938863,64.1943568945539,70.1666825775656,58.5583108108108,863,419,444
4433,3939259,36.6602331606218,17.0951020408163,56.8432105263158,772,392,380
4434,3940697,50.1202427184466,29.8904347826087,66.446052631579,824,368,456
4435,3941406,74.2214518518519,85.6818791946309,51.7529824561404,675,447,228
4436,3944999,77.7494504021448,75.0665040650406,80.3754641909814,746,369,377
4437,3945093,81.7764464692483,78.5850110375276,85.1781411764706,878,453,425
4438,3945874,72.0715334063527,69.3047441860465,74.5347204968944,913,430,483
4439,3945893,68.7945592705167,75.8549809885932,60.7386334056399,987,526,461
4440,3947991,78.9084635416667,81.0160759493671,76.6765415549598,768,395,373
4441,3948093,67.2386073059361,63.3078326180257,71.7062682926829,876,466,410
4442,3948813,78.8516726403823,80.1100544959128,77.8690638297872,837,367,470
4443,3950055,72.8120803295572,78.6295294117647,66.3762906724512,971,510,461
4444,3950547,65.3757471264368,56.0925461254613,71.2951529411765,696,271,425
4445,3950816,75.6267125,70.8628092243187,82.6619504643963,800,477,323
4446,3952341,74.5794648829431,73.0967005076142,75.7409145129225,897,394,503
4447,3952724,48.418280605227,37.535558739255,58.4660846560847,727,349,378
4448,3954863,78.4218193224592,76.2936778115502,79.9178846153846,797,329,468
4449,3955320,80.2317341040462,81.755,78.7806772009029,865,422,443
4450,3955821,72.0762857142857,86.3094039735099,51.7368454258675,770,453,317
4451,3959260,75.9828589580686,74.1521148825065,77.7184405940594,787,383,404
4452,3960232,79.4505230386052,82.0492564102564,76.9965133171913,803,390,413
4453,3960670,63.5570273631841,66.3385236220472,58.7833783783784,804,508,296
4454,3964666,70.423203125,63.9491845493562,77.4392325581395,896,466,430
4455,3966507,71.774902676399,83.0208604651163,59.4387755102041,822,430,392
4456,3966724,70.0489492753623,63.1752685421995,76.1990846681922,828,391,437
4457,3968734,64.0782483370288,65.9464383561644,61.6367007672634,902,511,391
4458,3968846,73.0792075471698,65.8882428940568,79.9000490196078,795,387,408
4459,3970171,75.1384818481848,68.3846370023419,81.1216597510373,909,427,482
4460,3971046,84.379305740988,77.4316,90.4737844611529,749,350,399
4461,3971823,77.9876674641148,80.6538095238095,76.19602,836,336,500
4462,3972543,63.7098369011213,74.2570891089109,52.52,981,505,476
4463,3972971,64.6727848101266,76.171466395112,49.7366666666667,869,491,378
4464,3976229,75.6996648044693,82.2213333333333,69.1047191011236,716,360,356
4465,3976547,54.0894141689373,55.8867058823529,52.5384517766498,734,340,394
4466,3976589,71.2853685368537,75.8352125279642,66.8832467532468,909,447,462
4467,3976712,68.8891656734207,72.6994054054054,65.8832196162047,839,370,469
4468,3976985,83.2302836004932,91.1027486910995,76.220303030303,811,382,429
4469,3977543,72.6850338600452,77.3246258503401,68.0871460674157,886,441,445
4470,3979208,68.7980695847363,78.2786877828054,59.4652561247216,891,442,449
4471,3981043,79.2398549107143,74.1545617977528,84.2574944567628,896,445,451
4472,3981953,75.5320111731843,71.3681052631579,80.2411904761905,895,475,420
4473,3982863,45.8957341040462,34.6672222222222,58.0712289156626,865,450,415
4474,3984340,70.3821756225426,75.4802857142857,64.1395918367347,763,420,343
4475,3984787,73.7470920502092,79.1154430379747,68.4678423236515,956,474,482
4476,3986462,69.3896097560976,62.8421857923497,74.6679295154185,820,366,454
4477,3987164,21.4447035573123,22.0864583333333,20.8656766917293,1012,480,532
4478,3988103,78.9096913580247,78.6163136456212,79.2091683991684,972,491,481
4479,3988416,55.800317679558,34.845,73.3517258883249,724,330,394
4480,3989823,80.8458797327394,86.1246255506608,75.4482432432433,898,454,444
4481,3992382,15.0110147991543,9.73221532091097,20.5178401727862,946,483,463
4482,3992387,53.9759156626506,33.922835443038,72.1850344827586,830,395,435
4483,3992886,72.7620554984584,73.7833786407767,71.6136244541485,973,515,458
4484,3993384,76.648592178771,73.3194300518135,79.1732612966601,895,386,509
4485,3994192,73.7978163493841,73.0338779527559,74.8058181818182,893,508,385
4486,3994441,76.3588521400778,72.7075954198473,80.155,1028,524,504
4487,3994486,75.774045346062,73.2865783664459,78.7008571428571,838,453,385
4488,3997359,66.1630805134189,68.8160563380282,62.5005,857,497,360
4489,3999646,78.4562057877813,77.7543793911007,79.0484584980237,933,427,506
4490,3999740,72.4738211382114,72.7266200466201,72.2227777777778,861,429,432
4491,4001634,66.4418281036835,66.3215665796345,66.5734285714286,733,383,350
4492,4003342,65.8841712707182,57.4356268221574,73.4900787401575,724,343,381
4493,4004442,70.0201736111111,74.0032360742705,66.9367761806981,864,377,487
4494,4004600,75.4049769053118,87.3398927038627,61.5008,866,466,400
4495,4005264,76.705,80.3703680981595,73.3672625698324,1026,489,537
4496,4005903,64.9628944504897,63.6348717948718,66.1255918367347,919,429,490
4497,4005939,65.9532977461447,65.2044700460829,66.7478973105135,843,434,409
4498,4006102,77.1476072961374,74.4125591397849,79.8709421841542,932,465,467
4499,4006196,79.1021251475797,83.2172340425532,74.9967216981132,847,423,424
4500,4006337,78.4100447427293,78.0245291479821,78.7938392857143,894,446,448
4501,4006850,77.5473611111111,80.1849658314351,74.8228705882353,864,439,425
4502,4008674,79.6894196891192,77.7314989293362,81.5254618473896,965,467,498
4503,4010639,82.3650791974657,83.7490970654628,81.1485714285714,947,443,504
4504,4011842,74.250577136515,76.3945434298441,72.1208407079646,901,449,452
4505,4012295,75.2840353089533,81.49,66.2536842105263,793,470,323
4506,4013088,68.3737364341085,54.6597975708502,76.884648241206,645,247,398
4507,4013121,81.9470665083135,80.9748292682927,82.8697916666667,842,410,432
4508,4014423,75.6017525773196,85.0744075829384,66.7382039911308,873,422,451
4509,4016892,79.2429652351738,81.3283690987124,77.344921875,978,466,512
4510,4017414,66.3767692307692,73.728862745098,57.00285,910,510,400
4511,4020105,80.06320471597,79.6355377574371,80.44,933,437,496
4512,4021590,64.9944827586207,62.2954508196721,67.8028571428571,957,488,469
4513,4021815,72.3775742574257,72.9525409836066,71.8400574712644,1010,488,522
4514,4022661,64.3115963511973,64.1213740458015,64.4660537190083,877,393,484
4515,4023015,66.039776733255,75.4043387470998,56.4299523809524,851,431,420
4516,4023521,81.9966947960619,74.3604029304029,86.756301369863,711,273,438
4517,4024788,82.91426067908,83.632197309417,82.228608137045,913,446,467
4518,4025366,69.3676877234803,63.3063585434174,73.8570954356846,839,357,482
4519,4025375,71.1378455284553,64.7494851485149,77.8729645093946,984,505,479
4520,4025400,75.3313353720693,70.5140170940171,79.726081871345,981,468,513
4521,4025801,73.5454329774614,63.201797752809,81.1066940451745,843,356,487
4522,4027669,75.6856838905775,76.9083050847458,74.565145631068,987,472,515
4523,4029126,69.8142060085837,78.142131147541,60.660990990991,699,366,333
4524,4029206,76.3819858989424,78.3010141509434,74.4764402810304,851,424,427
4525,4029641,80.8893193717278,83.8358082191781,78.1939097744361,764,365,399
4526,4030680,59.5220524515393,47.2386740331492,68.1561941747573,877,362,515
4527,4031457,64.9648380765456,67.774375,62.1275936883629,1019,512,507
4528,4032621,63.0267243243243,71.2068080357143,55.3439622641509,925,448,477
4529,4033132,74.0543628013777,74.6046031746032,73.4900465116279,871,441,430
4530,4034017,70.3557522123894,67.1706015037594,72.8723366336634,904,399,505
4531,4034840,65.8755125,73.2109814323607,59.3377541371158,800,377,423
4532,4034879,64.1001788170564,74.8762311557789,51.064103343465,727,398,329
4533,4036375,53.8735196950445,35.9079052369077,72.5372797927461,787,401,386
4534,4037588,77.8017803468208,71.2993377483444,84.9513106796117,865,453,412
4535,4038420,58.1713180827887,57.527393258427,58.7771247357294,918,445,473
4536,4038431,58.6045781777278,59.3488211382114,57.682241813602,889,492,397
4537,4038894,77.5790134529148,73.8474285714286,81.4643020594966,892,455,437
4538,4039873,71.5569137670197,77.4111144578313,65.6493313069909,661,332,329
4539,4040687,71.4111562897077,72.0480481927711,70.7006451612903,787,415,372
4540,4041107,74.7730401034929,82.58327176781,67.260152284264,773,379,394
4541,4042351,73.1406081081081,78.3918518518519,66.7920895522388,592,324,268
4542,4042830,65.3323428571428,76.173357400722,53.2236290322581,525,277,248
