"MotifID","Position","Frm","FrmP","FrmN","Total_Coverage","CoverageP","CoverageN"
1,43,68.9593298059965,75.6349367088608,60.5549800796813,567,316,251
2,71,69.7904375,66.2113698630137,72.7935632183908,480,219,261
3,238,70.7718290598291,73.4014814814815,68.06,585,297,288
4,311,69.1777397260274,70.7625581395349,67.4921201413428,584,301,283
5,1226,77.0374622356496,73.8982389937107,79.9394186046512,662,318,344
6,3129,63.0451222826087,68.6660762942779,57.4546341463415,736,367,369
7,3966,56.5148977395048,56.5895896328294,56.440686695279,929,463,466
8,4848,71.0817737789203,74.7767567567568,66.1698802395209,778,444,334
9,5241,48.337892325315,47.3049882903981,49.3267937219731,873,427,446
10,5322,52.0087079261672,35.6234605597964,64.2045454545455,921,393,528
11,5407,64.9421513944223,64.7955625,65.0764312977099,1004,480,524
12,5852,67.1945434047351,62.5923690773067,70.9918106995885,887,401,486
13,7194,73.9788172043011,71.9488051948052,75.4128623853211,930,385,545
14,7245,69.3923590333717,73.3181132075472,66.4677510040161,869,371,498
15,7475,70.6165360824742,69.7105288461538,71.2968592057762,970,416,554
16,7904,51.176030428769,37.8214899713467,63.6378877005348,723,349,374
17,7911,45.5061825726141,27.7773333333333,63.0885123966942,723,360,363
18,10064,70.3487412587413,59.9327397260274,77.5389834515366,715,292,423
19,11437,76.6290038314176,78.6419029126214,74.6693761814745,1044,515,529
20,12908,68.4346666666667,63.6130434782609,72.4634416826004,960,437,523
21,14284,70.8183365758755,67.7067483296214,73.2312953367876,1028,449,579
22,16578,77.2066781214204,76.4553398058252,77.8781561822126,873,412,461
23,18392,69.573507751938,67.2412205567452,71.5012566371681,1032,467,565
24,19046,65.1887372013652,44.4839145907473,74.9179264214047,879,281,598
25,20674,67.022636072572,61.1126086956522,71.7009369024857,937,414,523
26,20704,72.776388384755,71.4273412698413,73.9133779264214,1102,504,598
27,21529,67.2175291828794,70.6547476635514,63.4874847870183,1028,535,493
28,21556,67.1577368421053,72.9212826603325,62.5708695652174,950,421,529
29,22402,76.2886394557823,70.0978058252427,82.4915175097276,1029,515,514
30,24095,57.8609141583055,61.0825325884544,53.0553333333333,897,537,360
31,26062,69.0618479408659,76.1693318485523,62.6536947791165,947,449,498
32,26741,67.1447492323439,72.060732177264,61.5740174672489,977,519,458
33,26896,77.8134939759036,77.72,77.9215584415584,996,534,462
34,27796,52.3034356552538,55.7422338204593,47.8273913043478,847,479,368
35,30082,67.2898952270081,68.2793103448276,66.2748113207547,859,435,424
36,30171,63.7379338842975,70.8317391304348,54.325,968,552,416
37,32229,75.943374108053,75.3313215859031,76.4706451612903,981,454,527
38,32904,66.3237335834897,68.359375,64.4424187725632,1066,512,554
39,33599,77.6844988066826,73.1658490566038,83.6551246537396,838,477,361
40,33824,72.0945228215768,67.7555102040816,76.58,964,490,474
41,34446,74.5075544041451,81.2616962524655,67.030807860262,965,507,458
42,34738,71.3842214912281,73.2562874251497,69.1022141119221,912,501,411
43,34768,78.7060751565762,85.0291554702495,71.1675743707094,958,521,437
44,35584,62.4133758700696,71.5495606694561,51.0407291666667,862,478,384
45,36834,72.7358614564831,74.8242907801418,70.64,1126,564,562
46,37392,60.3805338078292,71.7536701030928,44.9727932960894,843,485,358
47,37465,69.4552140818268,75.6867955801105,62.7942913385827,1051,543,508
48,37990,72.4488936170213,69.1346956521739,75.625,940,460,480
49,39065,65.0876152832675,67.4323428571429,63.0811246943765,759,350,409
50,40070,69.4959398496241,56.6233766233766,78.5727472527472,931,385,546
51,42340,68.576581027668,70.9805803571429,66.6670212765957,1012,448,564
52,44444,64.4760199714693,77.2813019390582,50.8798235294118,701,361,340
53,45003,78.8211805555556,71.952743902439,87.9052419354839,864,492,372
54,45762,25.3094887780549,42.1736339522546,10.35,802,377,425
55,46357,74.0703501094092,77.6562670299728,71.6644424131627,914,367,547
56,46669,67.1384475806452,76.9729090909091,57.3435613682093,992,495,497
57,48309,75.7373628691983,76.5461407249467,74.9454697286013,948,469,479
58,48995,72.8989159292035,65.7724938875306,78.7872121212121,904,409,495
59,49018,69.1952528735632,70.453367768595,67.6177202072539,870,484,386
60,49098,68.9114918190568,65.7895454545454,71.0128985507246,1039,418,621
61,52192,59.9814923954373,58.5578969072165,61.1992063492063,1052,485,567
62,52303,59.9560726072607,66.6663636363636,53.95875,909,429,480
63,52591,67.4789970788705,74.3141684210526,61.5972826086957,1027,475,552
64,52664,65.4687581699346,69.5128358208955,61.2445434298441,918,469,449
65,53847,62.0182297772567,56.0683815028902,66.0786785009862,853,346,507
66,53986,67.8476440849343,76.9573361522199,59.4970930232558,989,473,516
67,55873,68.8235588235294,69.5544,68.2465789473684,1020,450,570
68,58598,64.6645675105485,64.2262068965517,65.0848140495868,948,464,484
69,58626,60.2337327677625,57.0140979955457,63.1600809716599,943,449,494
70,63477,42.7672335025381,32.5341333333333,52.058789346247,788,375,413
71,65879,69.4510042283298,73.1850651769088,64.548337408313,946,537,409
72,67774,69.8168202764977,63.1502687140115,79.8262536023055,868,521,347
73,67898,64.2151311647429,68.9943856332703,58.2523349056604,953,529,424
74,68025,48.1622603550296,31.3090909090909,63.0260801781737,845,396,449
75,71356,61.6285131894484,49.848,69.5372745490982,834,335,499
76,71709,72.74,67.3670526315789,77.4014611872146,818,380,438
77,73605,70.6326355421687,76.4686189258312,62.2741391941392,664,391,273
78,73988,69.1763926940639,77.8914462809917,58.4159693877551,876,484,392
79,74000,67.4035171568627,70.9514285714286,63.6405808080808,816,420,396
80,74434,76.6342979635584,78.1454304635761,75.2081666666667,933,453,480
81,75933,75.8834285714286,80.8263989637306,71.9816155419223,875,386,489
82,76207,62.9255303810505,60.0021855670103,65.8428600823045,971,485,486
83,76316,59.6760320855615,61.9006493506493,57.5031501057082,935,462,473
84,77539,69.1902593360996,68.8824273858921,69.4980912863071,964,482,482
85,78651,57.3338111111111,48.0343418013857,65.9562312633833,900,433,467
86,81886,61.6855542168675,47.9882183908046,71.5749170124481,830,348,482
87,84927,65.3522688039457,61.9421393034826,68.7040342298288,811,402,409
88,85021,52.9776670716889,49.9966850828729,55.3184815618221,823,362,461
89,85101,69.4315025906736,61.7504,77.6907526881721,772,400,372
90,85149,51.8300985915493,39.7016421568627,68.2155629139073,710,408,302
91,85648,64.791557591623,58.6105494505494,68.2282484725051,764,273,491
92,86016,67.6460675381264,70.9457894736842,64.1079909706546,918,475,443
93,87120,65.438691206544,63.0541150442478,67.4877946768061,978,452,526
94,87507,70.776416772554,77.0689361702128,63.463956043956,787,423,364
95,88350,78.5895079787234,76.9648780487805,80.1547519582245,752,369,383
96,88919,57.036817625459,55.4467796610169,58.6622772277228,817,413,404
97,89045,63.8241359447005,75.262578125,54.7490082644628,868,384,484
98,90836,71.7079827798278,64.4391885441527,79.4379949238579,813,419,394
99,91434,56.2361330561331,42.556855345912,69.6897731958763,962,477,485
100,94707,71.8148596112311,69.3966379310345,74.2435497835498,926,464,462
101,95284,63.4170902612827,67.116462585034,59.3487032418953,842,441,401
102,95558,55.0673466666667,71.4903239740821,28.5731358885017,750,463,287
103,95731,63.0362596259626,71.5506369426752,53.8803881278539,909,471,438
104,95849,69.5353056994819,70.776012526096,68.3124691358025,965,479,486
105,97868,64.5353884711779,71.4005,53.0167449664429,798,500,298
106,98756,66.0074703557312,65.2089264413519,66.7966011787819,1012,503,509
107,99093,75.6916129032258,80.2282068965517,71.134064665127,868,435,433
108,101160,70.7562431544359,74.5399389002037,66.3538862559242,913,491,422
109,102700,68.1777049180328,77.3707736943907,59.0376730769231,1037,517,520
110,104202,75.3514252336449,76.6254545454546,73.8575126903553,856,462,394
111,104209,73.7024379232506,68.085,80.0490625,886,470,416
112,104993,62.5713733075435,59.0160655737705,65.749010989011,1034,488,546
113,105300,54.2707020872865,55.5979850746269,52.8972972972973,1054,536,518
114,105372,81.6212,83.8569506726457,79.5394780793319,925,446,479
115,105951,64.0766633858268,65.5960680529301,62.4262217659138,1016,529,487
116,106239,52.011919504644,64.3118620689655,33.6726735218509,969,580,389
117,113029,70.2541354292624,66.3259640102828,73.7428538812785,827,389,438
118,115678,73.2759051724138,79.8751452282158,66.1439910313901,928,482,446
119,115994,78.0207802197802,73.6379879275654,83.2949878934625,910,497,413
120,117159,71.1933911368015,72.2725430210325,70.0974757281553,1038,523,515
121,117788,65.3525260718424,65.5576959619953,65.1571040723982,863,421,442
122,118460,65.6191987829615,74.1022306238185,55.7996717724289,986,529,457
123,119642,65.6396138996139,64.5768634686347,66.8056275303644,1036,542,494
124,122554,71.6172057205721,70.8327777777778,72.3276310272537,909,432,477
125,123645,67.1557620452311,70.5859837728195,63.9284732824428,1017,493,524
126,128003,66.6029223300971,68.7382632541133,64.1846376811594,1030,547,483
127,128398,68.6212714156898,68.9924738675958,68.2230093457944,1109,574,535
128,129035,63.575298013245,74.1428136882129,48.9476315789474,906,526,380
129,129898,55.0581576144835,46.2753724604966,62.9024596774194,939,443,496
130,130128,69.1486190009794,69.3168181818182,68.9684787018256,1021,528,493
131,130269,71.6040404040404,78.9031643002028,62.5626633165829,891,493,398
132,130331,64.2475094339623,65.8677859778598,62.5521621621622,1060,542,518
133,130610,60.5379920477137,58.568813559322,62.7393263157895,1006,531,475
134,131450,71.8060780487805,71.8190545454545,71.7910526315789,1025,550,475
135,131469,72.1627836034318,72.3173875432526,71.9730573248408,1049,578,471
136,131731,70.1291774891775,72.6795952782462,67.4380782918149,1155,593,562
137,131739,66.0346993318485,68.7752873563218,62.2299468085106,898,522,376
138,135295,69.5527860696517,68.3523300970874,70.8144897959184,1005,515,490
139,135433,67.0312295081967,56.2874251497006,76.0473869346734,1098,501,597
140,136821,73.0928041237113,77.585,68.9734782608696,970,464,506
141,141622,68.2843142857143,67.8239344262295,68.6840747330961,1050,488,562
142,145337,68.4017726396917,70.209125,66.8470609318996,1038,480,558
143,147992,76.660663507109,78.8139534883721,74.8371991247265,844,387,457
144,148135,66.9044522968198,62.7492156862745,70.7487528344671,849,408,441
145,148744,56.4776683937824,59.2130641821946,53.7365975103734,965,483,482
146,149070,68.0755492957746,70.2796330275229,65.7655,1065,545,520
147,149103,59.7078341463415,65.7658220502901,53.5425196850394,1025,517,508
148,149653,64.8402988047809,62.0245569620253,67.3585283018868,1004,474,530
149,150066,66.6664656084656,58.3333333333333,72.9977839851024,945,408,537
150,150153,69.3864897959184,63.6978841870824,74.1966290018833,980,449,531
151,151057,61.7294197530864,70.8957549234136,49.8625212464589,810,457,353
152,152742,67.4669369369369,62.8326436781609,72.538427672956,999,522,477
153,153649,64.0945436308927,64.5937354085603,63.5633126293996,997,514,483
154,153784,71.385396039604,67.9525152129817,74.658916827853,1010,493,517
155,154350,73.5096799116998,78.5119361702128,68.1173394495413,906,470,436
156,155540,73.6268571428571,75.5751152073733,71.8505042016807,910,434,476
157,155779,66.7753548387097,67.8288695652174,65.7442553191489,930,460,470
158,155806,71.9846228448276,72.9736936936937,71.0772933884298,928,444,484
159,156912,67.348137755102,68.7006631299735,66.0953071253071,784,377,407
160,157343,69.0823448275862,73.0791902834008,63.8311702127659,870,494,376
161,157780,66.6668524970964,68.0322950819672,64.8804289544236,861,488,373
162,157830,72.7970350690754,75.5001992031873,69.7059453302961,941,502,439
163,160303,70.9288350515464,68.3995754716981,72.8929487179487,970,424,546
164,160331,64.0055680539932,63.7375675675676,64.2729662921348,889,444,445
165,160425,52.7386466165414,59.7804175824176,46.0075420168067,931,455,476
166,160716,71.9188282828283,79.6580942184154,65.008240917782,990,467,523
167,161411,69.9989431818182,72.160289532294,67.7473317865429,880,449,431
168,162665,53.2232655367232,75.9404930966469,22.7533333333333,885,507,378
169,163280,61.6662457722661,66.8787261146497,55.7646153846154,887,471,416
170,163371,67.3087575392039,68.2929268292683,66.1345238095238,829,451,378
171,164053,70.4347835269271,70.4764870689655,70.3947204968944,947,464,483
172,164979,64.9727182320442,69.7759229208925,59.2251941747573,905,493,412
173,165412,53.4843227091634,58.8570468431772,48.342007797271,1004,491,513
174,166576,68.2830295857988,65.8157908163265,70.4180353200883,845,392,453
175,166587,67.2007568807339,65.0181974248927,69.7058620689655,872,466,406
176,166702,61.4377122641509,63.0028400954654,59.9090675990676,848,419,429
177,166866,69.6525320197044,71.9718951612903,67.4359537572254,1015,496,519
178,167319,72.6306896551724,72.5568510638298,72.7064628820961,928,470,458
179,168156,73.7339662447257,74.8316179775281,72.7628827037773,948,445,503
180,168726,72.814251497006,75.5540444444444,69.6118961038961,835,450,385
181,169421,56.2417799752781,51.8990379746836,60.3852173913043,809,395,414
182,169856,69.2774798619102,65.6211460674157,73.1149056603774,869,445,424
183,170460,68.3696796796797,70.2627744510978,66.4651807228916,999,501,498
184,170690,58.4865297297297,60.1716666666667,56.8050323974082,925,462,463
185,171383,59.5561159062885,75.3847948717949,44.8929691211401,811,390,421
186,172844,54.1646412037037,69.227841191067,40.9965943600868,864,403,461
187,173223,64.8797073170732,56.2046329113924,72.9424235294118,820,395,425
188,173403,65.4099622641509,62.6347894736842,67.9510843373494,795,380,415
189,173687,70.6785557986871,70.8824105011933,70.506,914,419,495
190,173856,71.4437997724687,70.7776255707763,72.1054421768708,879,438,441
191,174218,66.183103030303,66.4028266666667,66,825,375,450
192,174269,60.1882464454976,61.0746835443038,59.3046056782334,633,316,317
193,174465,54.2127295597484,45.9600557103064,61.0079357798165,795,359,436
194,175137,54.7984217171717,45.3809510869565,62.9720754716981,792,368,424
195,175560,69.3119635890767,72.069829424307,65.0005,769,469,300
196,177303,70.405149934811,71.3464619883041,69.6476705882353,767,342,425
197,177577,62.0972861356932,64.9344444444445,60.0021538461538,678,288,390
198,177981,66.9831595576619,74.9369509043928,54.4704878048781,633,387,246
199,178440,76.3281487101669,83.3355555555556,69.5508358208955,659,324,335
200,178800,68.2590953947368,71.7003773584906,64.4855517241379,608,318,290
201,180398,71.7612292358804,74.3698101265823,68.879020979021,602,316,286
202,180973,19.3914242424242,21.3819811320755,17.5405555555556,660,318,342
203,181127,10.1316005873715,10.0931498470948,10.1671186440678,681,327,354
204,181197,4.15406876790831,4.73177514792899,3.61166666666667,698,338,360
205,181215,4.76213564213564,6.01948424068768,3.48651162790698,693,349,344
206,181231,8.41750369276219,7.33064516129032,9.52053571428571,677,341,336
207,183156,73.3323401360544,73.1771875,73.5020797720798,735,384,351
208,183844,68.2338073394495,62.5334625322997,72.7823298969072,872,387,485
209,183949,66.4551702395965,70.8681102362205,62.3742718446602,793,381,412
210,185417,69.3759275521405,69.2325641025641,69.5035269709544,911,429,482
211,187002,69.6158076923077,68.8347154471545,70.3170802919708,780,369,411
212,187059,74.4103058103975,73.1674279379157,75.4679245283019,981,451,530
213,187806,68.4205137844611,77.1510810810811,59.3326854219949,798,407,391
214,189314,61.5755272727273,68.00312,56.2192,825,375,450
215,190221,60.3629384965831,66.4624899598394,52.3693157894737,878,498,380
216,190401,69.3272527472527,63.9471486761711,74.5069215686274,1001,491,510
217,191667,73.4100568181818,73.8796101364522,72.7537057220708,880,513,367
218,192544,73.1710710498409,67.200728929385,78.3714285714286,943,439,504
219,192602,77.6762264150943,79.6977664974619,76.2539285714286,954,394,560
220,194752,57.0994474539545,48.56022172949,65.25875,923,451,472
221,195294,54.764440333025,34.3115481171548,70.9775124378109,1081,478,603
222,195949,78.8297771587744,69.0718556701031,90.3027272727273,1077,582,495
223,197112,70.8569945355191,69.1453903345725,72.5013571428571,1098,538,560
224,197131,76.2898087954111,76.2182456140351,76.3586866791745,1046,513,533
225,197833,76.0954418604651,74.0831334622824,77.9598924731183,1075,517,558
226,198577,47.4806654676259,15.5687719298246,69.6633231707317,1112,456,656
227,199624,67.801091234347,65.4858955223881,69.9332989690722,1118,536,582
228,199945,65.6969670542636,56.0179460580913,74.1793090909091,1032,482,550
229,200141,64.6835728952772,60.4141443298969,68.9180777096115,974,485,489
230,200729,60.3996017699115,33.6014285714286,79.6576045627377,904,378,526
231,201706,69.934738771769,70.9275481611209,68.8445576923077,1091,571,520
232,202070,62.8212652608213,65.4256107660456,59.8119377990431,901,483,418
233,203410,74.5164013547841,76.9672577696527,72.4018611987382,1181,547,634
234,203618,64.7636865942029,58.4128239845261,70.357206132879,1104,517,587
235,204690,65.7389210233593,68.6608041237113,62.3159420289855,899,485,414
236,207465,72.0147574626866,69.9010666666667,74.043436928702,1072,525,547
237,208033,56.8806257110353,41.7674390243902,65.87722323049,879,328,551
238,211477,58.8079074889868,54.7395256916996,63.9288059701492,908,506,402
239,212286,67.4348245614035,61.9248140043764,72.9690549450549,912,457,455
240,213465,65.763172690763,59.235045045045,71.0140579710145,996,444,552
241,213937,64.0225139664804,65.9001781170483,62.5525498007968,895,393,502
242,214068,72.762472361809,74.0162663755458,71.6931284916201,995,458,537
243,214376,66.9053830439224,58.6212413793103,73.5296507352941,979,435,544
244,215099,60.9951867219917,65.714025974026,55.6201775147929,723,385,338
245,215890,69.9893866374589,67.3657575757576,72.3148760330579,913,429,484
246,215919,69.2178053624628,72.2604086021505,66.6074538745387,1007,465,542
247,217011,69.467441643324,68.8484126984127,70.0176895943563,1071,504,567
248,217161,79.3851282051282,74.6982931726908,84.2783018867924,975,498,477
249,218632,55.5681004366812,61.9670469798658,49.4693176972281,916,447,469
250,221122,65.6328265524625,66.7976717557252,64.1440975609756,934,524,410
251,221873,68.1367272727273,70.4610642201835,65.6032,1045,545,500
252,223134,59.5100350058343,71.8515551181102,41.5458739255014,857,508,349
253,225340,71.9383640303359,75.7745548654244,67.7272727272727,923,483,440
254,225347,71.4920257234727,79.4085544554455,62.151261682243,933,505,428
255,225434,77.378043715847,80.8432,73.63725,915,475,440
256,225518,72.7931281032771,73.8268302658487,71.8172972972973,1007,489,518
257,226645,65.6250969827586,60.5324390243902,70.4401677148847,928,451,477
258,228557,77.8500208986416,80.8590990990991,75.2456725146199,957,444,513
259,230929,65.0813805104408,67.484008908686,62.4693220338983,862,449,413
260,231079,70.3053755868545,74.6496806387226,64.1045299145299,852,501,351
261,231649,77.2830290456431,76.5086070686071,78.0542443064182,964,481,483
262,232407,68.6898307475317,61.2726031746032,74.619847715736,709,315,394
263,232493,62.2570509708738,52.4480434782609,70.1730921052632,824,368,456
264,233116,67.406708994709,65.5837878787879,69.1503726708075,945,462,483
265,233694,61.6311990407674,62.2384848484848,60.9879259259259,834,429,405
266,233879,54.3732505910166,49.0400721153846,59.5327906976744,846,416,430
267,234080,67.2786567164179,58.3751477832512,75.0524731182796,871,406,465
268,235348,70.667986447241,68.4981868131868,73.1006570841889,1033,546,487
269,236967,59.407619047619,67.5282150537634,49.33808,840,465,375
270,241721,69.0838422391857,58.4753389830508,77.7769212962963,786,354,432
271,241956,72.6468389057751,69.9226829268293,75.3544848484848,987,492,495
272,242129,71.1785590062112,75.2138478260869,65.7981739130435,805,460,345
273,244655,72.1017097862767,71.6824158415842,72.653125,889,505,384
274,246272,62.7901212121212,50.1487387387387,71.3461788617886,825,333,492
275,246334,69.7732705649157,69.07,70.3914152700186,1009,472,537
276,248024,71.213608815427,71.5958891454965,70.6486689419795,726,433,293
277,250048,71.396704805492,73.28,69.1129113924051,874,479,395
278,250964,72.0154382259768,69.6208860759494,74.4150528541226,947,474,473
279,253183,63.5360110497238,68.6836951983298,57.7478873239437,905,479,426
280,253565,72.5470672546858,70.1932307692308,75.7098449612403,907,520,387
281,254143,74.3718111753372,73.4913855421687,75.1837592592592,1038,498,540
282,255230,60.6209845132743,59.4310526315789,61.8321651785714,904,456,448
283,256082,62.3883550651956,52.4132894736842,70.7961737523105,997,456,541
284,256522,75.9830131004367,75.8154418604651,76.1312757201646,916,430,486
285,256816,61.5518560606061,54.0664839319471,69.0656356736243,1056,529,527
286,257616,51.8985373781149,56.7260233918129,45.8582926829268,923,513,410
287,258316,56.5020731707317,45.1882326621924,65.919739292365,984,447,537
288,259700,73.5762762762763,73.5795731707317,73.5730769230769,999,492,507
289,260269,66.2653181272509,70.0668707482993,61.9885714285714,833,441,392
290,260522,75.577256281407,75.6921343873518,75.4583844580777,995,506,489
291,261748,68.9105021367521,64.665727482679,72.5645526838966,936,433,503
292,263021,73.3848992576882,67.9552941176471,79.3333333333333,943,493,450
293,265371,59.5733475935829,39.5660704607046,72.616961130742,935,369,566
294,266726,70.2917001828153,68.0343177570093,72.4521645796064,1094,535,559
295,266849,67.7027883650953,65.3396721311475,69.473052631579,997,427,570
296,269754,80.4534326579261,78.239315403423,82.5594186046512,839,409,430
297,269964,68.5567019230769,71.525834797891,64.9697876857749,1040,569,471
298,270559,61.5297555791711,65.9153370786517,55.7757002457002,941,534,407
299,271445,64.7431537708129,65.58,63.8745708582834,1021,520,501
300,271993,69.4622634146342,66.9197731568998,72.1739112903226,1025,529,496
301,272287,58.0044049247606,64.1634104046243,52.4692987012987,731,346,385
302,272362,67.147944214876,67.844,66.3728602620087,968,510,458
303,273564,50.2460297766749,38.8691830985915,59.2011973392461,806,355,451
304,273675,54.3140947752126,47.6956912442396,61.6981233933162,823,434,389
305,274143,66.8449034334764,69.2795860566449,64.4822832980973,932,459,473
306,278771,46.3695810055866,65.8547317073171,20.2620261437909,716,410,306
307,281764,72.9198580121704,72.7090039840637,73.1385537190083,986,502,484
308,281900,69.7829130434783,62.8131512605042,77.255,920,476,444
309,281928,73.492966507177,68.1837272727273,79.3921212121212,1045,550,495
310,281964,70.8795656465943,61.0903007518797,81.7067775467776,1013,532,481
311,282158,73.0260404624277,73.9138956521739,71.9234125269978,1038,575,463
312,283107,63.2920806100218,71.1260784313725,50.981512605042,918,561,357
313,284022,48.2213493723849,35.5554444444444,59.4854940711462,956,450,506
314,285989,68.5829828850856,57.6815942028986,76.5343128964059,818,345,473
315,286661,66.9390041067762,67.77,66.2164683301344,974,453,521
316,289554,60.4943880597015,66.6046181172291,52.7114479638009,1005,563,442
317,292476,66.9099063475546,60.2990233545647,73.2644489795918,961,471,490
318,294608,71.7576,63.7652173913043,77.502125,825,345,480
319,296110,67.5655197505198,66.662962962963,68.5967260579065,962,513,449
320,296729,74.4263549618321,72.4243933823529,76.5872023809524,1048,544,504
321,298044,64.3472608695652,71.7932905982906,56.6376548672566,920,468,452
322,299300,74.9453626373626,68.0806696428571,81.6020346320346,910,448,462
323,299447,63.194201585504,68.2743544857768,57.7443661971831,883,457,426
324,299466,59.9125969827586,55.2336080178174,64.2985386221294,928,449,479
325,299907,61.0502842105263,46.1515136476427,72.0268921389397,950,403,547
326,300878,34.2001241534989,12.5010204081633,51.4188461538462,886,392,494
327,301575,74.2727771797632,72.0981975308642,75.9535114503817,929,405,524
328,302067,75.8040286054827,73.7649350649351,77.5332158590308,839,385,454
329,302211,78.1733368310598,74.4124307036247,81.8176859504132,953,469,484
330,302419,75.1066452991453,75.1589079229122,75.05460554371,936,467,469
331,303936,65.3385235602094,64.0928634361234,66.4673253493014,955,454,501
332,304057,73.627718960539,72.8526946107784,74.3494423791822,1039,501,538
333,304359,66.4592307692308,66.4580124223602,66.4604268292683,975,483,492
334,304435,65.7229664570231,74.0394332723949,54.5457985257985,954,547,407
335,304451,71.0872981056829,74.3109486166008,67.8052716297787,1003,506,497
336,304838,72.1538669673055,72.0933255813954,72.2108315098468,887,430,457
337,305017,76.0569487750557,76.4115233415233,75.7630346232179,898,407,491
338,305438,61.3087450980392,46.2347260273973,70.6144820295983,765,292,473
339,305444,70.5593012600229,71.5118237704918,69.3519480519481,873,488,385
340,305614,76.1257303370787,73.7264233576642,78.6542307692308,1068,548,520
341,306412,62.6464113326338,62.0986723768737,63.1727366255144,953,467,486
342,308053,64.967947845805,69.1090495049505,59.4208488063661,882,505,377
343,308832,65.2861548731642,82.6516144578313,43.7093113772455,749,415,334
344,309383,74.754731610338,72.1315254237288,77.6872,1006,531,475
345,310377,63.0007913669065,67.2128961748634,57.5469103773585,973,549,424
346,311068,49.6836248415716,51.4353642384106,47.3219047619048,789,453,336
347,311676,74.97064,75.8924105011933,74.1236622807018,875,419,456
348,311802,67.7487012987013,73.6064377682404,61.7886462882096,924,466,458
349,312250,70.6209653725079,75.1597239915074,66.1857883817427,953,471,482
350,312898,72.9029959100204,65.7462401574803,80.6383829787234,978,508,470
351,314005,76.5589988221437,77.4600518134715,75.8077969762419,849,386,463
352,314645,69.2412405063291,75.2294495412844,61.8659322033898,790,436,354
353,314780,73.1450561797753,74.7830434782609,71.3927906976744,890,460,430
354,315315,71.7640226628895,71.655294117647,71.8865060240964,1059,561,498
355,316258,69.2308575031526,71.1298122065728,67.026621253406,793,426,367
356,316420,69.7675453446191,74.1460317460318,64.7651813471503,827,441,386
357,316504,62.6697035040431,67.5608310991957,57.7255555555556,742,373,369
358,317206,60.7388011988012,72.0218134715026,45.2580805687204,1001,579,422
359,319577,76.3267303609342,79.3093711967546,73.0518040089087,942,493,449
360,322915,70.4946995708154,72.2231034482759,68.2941463414634,932,522,410
361,326388,64.8610228640193,66.2571882640587,63.5078672985782,831,409,422
362,333127,35.8178531701891,27.3928695652174,44.645854214123,899,460,439
363,333635,75.1592611464968,77.1088674698795,72.9725405405405,785,415,370
364,334868,63.8883080808081,67.6086086956522,58.7336746987952,792,460,332
365,335158,55.3634039735099,49.1323699421965,60.6346454767726,755,346,409
366,335164,59.1511212814645,46.3207843137255,70.3845493562232,874,408,466
367,335476,68.0295192307692,61.8814364640884,72.7648510638298,832,362,470
368,335855,71.2534184239734,76.1467177242888,66.2168468468468,901,457,444
369,335875,69.5936259541985,69.949335106383,69.2674146341463,786,376,410
370,336031,75.8142329227324,74.950042462845,76.7787677725118,893,471,422
371,336100,77.8130928961749,72.6894302554027,84.2366009852217,915,509,406
372,337010,72.7487274655355,72.6900220264317,72.8032310838446,943,454,489
373,338511,59.6676907001045,70.9870072992701,44.501466992665,957,548,409
374,338595,65.2702621231979,58.9301530612245,71.9692452830189,763,392,371
375,338741,74.3908609271523,72.1686425339366,76.5077155172414,906,442,464
376,338861,70.7493412384717,69.8008168316832,71.8287887323944,759,404,355
377,339415,72.5823548387097,70.6155602536998,74.6180087527352,930,473,457
378,339680,61.987950310559,64.3048410757946,59.595,805,409,396
379,340864,67.4457962529274,67.6622388059701,67.253296460177,854,402,452
380,341315,69.7428181818182,70.7794520547945,68.3752108433735,770,438,332
381,341727,75.7425,75.98207852194,75.4658666666667,808,433,375
382,342616,68.3619878787879,64.300177383592,73.2600534759358,825,451,374
383,344188,84.6546814044213,85.3737765957447,83.9666921119593,769,376,393
384,346216,76.6306676342525,89.0728571428571,63.2515662650602,689,357,332
385,346603,73.5682825822168,68.2769975786925,78.9244117647059,821,413,408
386,346669,65.5257667934094,64.5580586907449,66.7647687861272,789,443,346
387,348178,66.885926412615,67.6767676767677,66.0279178082192,761,396,365
388,348217,65.2926031294452,70.3618556701031,59.0485714285714,703,388,315
389,349242,68.7421380243572,75.9704392764858,60.7951136363636,739,387,352
390,351133,66.350420624152,70.5911982570806,59.3485611510791,737,459,278
391,352001,69.2392769607843,60.547397260274,76.2737250554324,816,365,451
392,352133,67.9436483253589,67.0409192825112,68.976,836,446,390
393,353872,70.6783505154639,67.512534562212,73.8081093394077,873,434,439
394,356672,74.8135411471322,88.7281862745098,60.4044670050761,802,408,394
395,356789,71.7602653927813,76.1671690427699,66.9625055432372,942,491,451
396,357706,60.9919571045576,71.2840202702703,54.2220666666667,746,296,450
397,357751,69.1262227602905,76.1312649164678,61.9146437346437,826,419,407
398,360062,63.7019001218027,69.612947845805,56.8419736842105,821,441,380
399,360906,47.3187757909216,46.6500515463918,48.0841592920354,727,388,339
400,364122,78.6804065934066,85.81,72.0934460887949,910,437,473
401,364782,70.9843088418431,71.9211330049261,70.0262468513854,803,406,397
402,365474,72.1709102730819,78.4433333333333,63.3226645768025,769,450,319
403,366007,67.2323050847458,66.3175789473684,67.9206138613861,885,380,505
404,366885,63.2583851851852,48.48329004329,70.9454279279279,675,231,444
405,367535,64.8721863799283,69.350961038961,61.0573008849558,837,385,452
406,367744,70.4729622458858,72.8149514563107,68.1445366795367,1033,515,518
407,368663,68.7651945080091,72.8517194570136,64.5840740740741,874,442,432
408,369640,77.7946780551905,69.1321739130435,91.0330564784053,761,460,301
409,369960,73.6310700636943,68.8795194508009,79.597816091954,785,437,348
410,371058,70.1313978494624,87.0585882352941,52.6700970873786,837,425,412
411,371578,76.3435483870968,73.4088235294118,79.3708737864078,837,425,412
412,371588,71.6607084785134,73.8236809815951,68.8174462365591,861,489,372
413,372474,51.0452029520295,35.99856,63.927602739726,813,375,438
414,373457,70.1325327951564,72.0002666666667,68.0283261802575,991,525,466
415,373506,67.0119958634953,66.39852,67.6688222698073,967,500,467
416,374172,72.9185601056803,69.6986666666667,75.4070023419204,757,330,427
417,377521,50.1621661237785,29.0342580645161,71.707072368421,614,310,304
418,378316,69.5753145057766,61.306621253406,76.9408737864078,779,367,412
419,378758,68.6835637149028,71.0236363636364,65.5791457286432,926,528,398
420,380903,63.0831063321386,56.6817672413793,71.0461662198392,837,464,373
421,381132,75.910920770878,72.0898795180723,80.2753211009174,934,498,436
422,382996,62.6029660023447,63.5938770685579,61.6281860465116,853,423,430
423,383591,66.0839565217391,70.3,61.1735058823529,920,495,425
424,383606,57.4545799457995,65.2704895104895,46.6033656957929,738,429,309
425,383927,66.376692139738,69.2336153846154,62.6251767676768,916,520,396
426,384479,64.6392955801105,70.4432,55.1073357664234,724,450,274
427,384864,46.5039,45.4296845425868,47.7071731448763,600,317,283
428,385360,74.3835722679201,68.542,81.9414016172507,851,480,371
429,385486,65.1546420047733,73.0973294346979,52.6174153846154,838,513,325
430,385545,70.596632996633,71.9436708860759,69.0654676258993,891,474,417
431,385555,72.8117413441955,74.0943619047619,71.3382713347921,982,525,457
432,388988,55.7564245810056,46.0555263157895,65.8329840546697,895,456,439
433,389557,64.4383214793741,66.5731767955801,62.1719941348974,703,362,341
434,390527,49.3614651493599,41.909450867052,56.5838655462185,703,346,357
435,390595,68.6897870074547,68.4638174273859,68.9281181619256,939,482,457
436,390622,68.9667853170189,65.8379185520362,71.99295404814,899,442,457
437,392993,64.7372637517631,73.0267684478371,54.4278481012658,709,393,316
438,393054,79.7126657997399,77.3189175257732,82.1503937007874,769,388,381
439,396618,74.5173671497585,71.2362557077626,78.2023076923077,828,438,390
440,396680,73.0458757763975,69.6339913232104,77.6181976744186,805,461,344
441,396711,69.3058755274262,71.0277665995976,67.4083592017738,948,497,451
442,399742,53.8783968462549,31.116958041958,67.5831789473684,761,286,475
443,399749,55.0868486352357,51.2082608695652,59.183112244898,806,414,392
444,399822,60.2356162915327,59.219262472885,61.2282838983051,933,461,472
445,399833,56.999966923925,55.1872185430464,58.8087224669603,907,453,454
446,400091,70.7979258400927,71.671210653753,69.9964444444444,863,413,450
447,400334,63.6670818915802,62.6488674698795,64.6019469026549,867,415,452
448,400521,67.1742639040349,65.6317073170732,68.6671673819743,917,451,466
449,401057,66.4404465493911,69.4391931540342,62.7238181818182,739,409,330
450,403536,60.1419235225956,72.481974789916,44.9639793281654,863,476,387
451,403710,70.8110025380711,77.4814285714286,63.46464,788,413,375
452,404085,65.9834233261339,69.8347107438017,61.7661764705882,926,484,442
453,404433,84.1008244994111,79.5889484536082,90.1125274725275,849,485,364
454,404541,84.0724071856287,81.9600222717149,86.5295595854922,835,449,386
455,404841,72.6247517730497,66.1388291139241,77.8935218508997,705,316,389
456,405001,66.7530604534005,58.2903591160221,73.8444907407408,794,362,432
457,405971,74.2259727385378,77.1376212471132,70.855,807,433,374
458,406741,83.2562611607143,85.8836124401914,80.9587029288703,896,418,478
459,407607,76.1945088161209,70.9578443113773,79.9967826086956,794,334,460
460,410198,66.5177790304397,69.8950526315789,62.6240776699029,887,475,412
461,410966,68.2970927318296,75.8795477386935,60.75255,798,398,400
462,412941,30.8605531295488,42.9896341463415,19.7788300835655,687,328,359
463,413269,66.0259367945824,65.225,66.8160986547085,886,440,446
464,413377,80.1722069825436,83.8520679886686,77.279131403118,802,353,449
465,416443,76.6000110375276,72.5352112676056,80.2075208333333,906,426,480
466,416776,61.7441342281879,63.5248792270531,59.5168580060423,745,414,331
467,416950,71.3926963657679,69.4609923664122,73.0430434782609,853,393,460
468,416981,62.5459717314488,60.4085067873303,64.8672481572482,849,442,407
469,417582,67.6745910290237,72.764183006536,59.8614715719064,758,459,299
470,418755,71.6333253873659,59.7998263027295,82.5711697247706,839,403,436
471,421428,81.3958293838863,73.2420540540541,87.7605907172996,844,370,474
472,422441,65.7664204545455,72.5977966101695,58.8569714285714,704,354,350
473,424119,77.2725874125874,79.7585060240964,74.9437923250564,858,415,443
474,424183,79.2137528089888,80.4881818181818,77.9044874715262,890,451,439
475,425639,80.1270128205128,85.0487371134021,75.2555102040816,780,388,392
476,426370,71.0849747474747,66.573698630137,74.9412177985948,792,365,427
477,426480,89.5878904109589,85.2902673796791,94.102808988764,730,374,356
478,427195,71.2120520673813,79.4075609756098,60.563661971831,653,369,284
479,427403,65.5703624382208,73.6313838120104,51.7874553571429,607,383,224
480,429152,77.4088489208633,73.3309090909091,81.0957534246575,695,330,365
481,429474,73.3321276595745,72.0103773584906,74.4182170542636,705,318,387
482,429780,61.7566964285714,35.3412048192771,77.3062411347518,672,249,423
483,433761,74.2767849223947,71.8032599118943,76.7834375,451,227,224
484,435741,13.3046793349169,15.05,11.6324186046512,421,206,215
485,436317,26.8710204081633,37.3344,15.9716666666667,294,150,144
486,436499,64.984649859944,61.8295161290323,68.4165497076023,357,186,171
487,436529,58.1677650429799,59.4135882352941,56.9845810055866,349,170,179
488,436939,51.4877506775068,26.7101369863014,67.709865470852,369,146,223
489,437365,54.1017179487179,57.7380357142857,51.3499099099099,390,168,222
490,438701,64.8456313993174,69.9058620689655,58.7998876404494,586,319,267
491,443443,74.3175683060109,68.5703636363636,80.6941498559078,732,385,347
492,444477,67.0926976744186,60.9823255813954,72.0920930232558,860,387,473
493,445169,72.146599749059,70.5545772594752,73.3493832599119,797,343,454
494,445292,66.5536486486486,63.0806112469438,69.5191440501044,888,409,479
495,445350,69.1391507177033,67.292091152815,70.6271706263499,836,373,463
496,445379,69.7038203753351,70.4994690265487,69.0411056511057,746,339,407
497,445462,65.469865470852,69.8309263657957,61.5717622080679,892,421,471
498,445473,46.7060589060309,50.0033950617284,43.9596915167095,713,324,389
499,445773,67.1155582822086,71.6,62.5309677419355,815,412,403
500,446075,68.1299291784702,69.8453846153846,66.6666141732283,706,325,381
501,446080,62.0050715421304,42.2757272727273,72.6174327628362,629,220,409
502,447798,63.2915375446961,72.2242592592593,53.8101228501229,839,432,407
503,447830,75.6703376018626,75.6844318181818,75.6555369928401,859,440,419
504,449284,71.4449887133183,71.4969565217391,71.399406779661,886,414,472
505,451886,82.1910141509434,83.1370960187354,81.2314489311164,848,427,421
506,451908,75.4528415961306,79.2035398230089,70.932,827,452,375
507,453463,76.064262295082,78.0438323353293,73.6686956521739,915,501,414
508,453482,71.3347702407002,75.2017073170732,66.8263981042654,914,492,422
509,453814,68.3959307359307,73.952285012285,60.4888111888112,693,407,286
510,454720,57.3603680981595,54.5453198653199,59.7154929577465,652,297,355
511,454964,69.8334507042254,71.4892427616927,67.9886600496278,852,449,403
512,455051,67.4439276485788,58.5315384615385,73.0540421052632,774,299,475
513,455057,63.482853688029,62.0628070175439,65.2282479784367,827,456,371
514,455273,70.0555359116022,65.0498058252427,74.2388235294118,905,412,493
515,455378,67.6881367924528,63.6347665847666,71.4290022675737,848,407,441
516,455860,74.3344739884393,81.138605108055,64.606095505618,865,509,356
517,458563,34.2047484909457,36.0891956521739,32.5814419475655,994,460,534
518,460501,73.0410944700461,71.3223441396509,74.5169379014989,868,401,467
519,461351,72.5410395480226,67.4284478371501,76.6248780487805,885,393,492
520,461701,81.2435897435897,67.8980113636364,93.319794344473,741,352,389
521,461814,27.3952298850575,27.6252918287938,27.1721132075472,1044,514,530
522,462140,77.2101810436635,76.7849330357143,77.5981873727088,939,448,491
523,462365,59.437818877551,53.8830097087379,65.5899193548387,784,412,372
524,462737,75.0521935483871,75.1654362416107,74.9473913043478,930,447,483
525,464168,62.6095817490494,69.4965366972477,54.1033144475921,789,436,353
526,464974,61.1042344827586,70.7273504273504,43.5804280155642,725,468,257
527,466934,78.7267398843931,83.5214416475972,73.831214953271,865,437,428
528,472574,69.5982420749279,76.3029166666667,61.2930967741936,694,384,310
529,475368,68.9716996047431,69.4548727272727,68.3964935064935,506,275,231
530,475539,68.924143126177,70.3535,67.3296414342629,531,280,251
531,475822,74.3823908918406,78.1455185185185,70.4289105058366,527,270,257
532,476154,50.8262962962963,68.1493548387097,32.7753781512605,486,248,238
533,477023,46.9015486725664,49.7894560669456,43.6611267605634,452,239,213
534,477252,74.1239627039627,73.7051724137931,74.6171573604061,429,232,197
535,477409,63.9217613636364,64.4976923076923,63.3898907103825,352,169,183
536,477424,62.2688650306749,66.2613253012048,58.1266875,326,166,160
537,477611,68.6662670299728,75.7290291262136,59.6294409937888,367,206,161
538,478661,28.0952508361204,12.5008823529412,41.1065030674847,299,136,163
539,479259,36.9696060606061,45.5115384615385,29.3113218390805,330,156,174
540,479267,28.2516825396825,23.7500625,32.8985161290323,315,160,155
541,479467,66.0298082191781,65.1198255813953,66.8407772020725,365,172,193
542,479910,68.9009115281501,61.6897402597403,73.9717808219178,373,154,219
543,480025,58.1330722891566,54.6662,60.9903846153846,332,150,182
544,480653,63.9162886597938,50.9222699386503,73.3297333333333,388,163,225
545,481323,65.5804418604651,54.4880239520958,72.6239163498099,430,167,263
546,481422,67.5672972972973,67.185,67.9086976744186,407,192,215
547,481971,62.3293835616438,56.1141666666667,66.6655813953488,438,180,258
548,482023,52.9176889848812,53.3358461538462,52.6134328358209,463,195,268
549,482221,57.1084444444444,51.595,61.0646564885496,450,188,262
550,482363,58.0137471783296,53.9387272727273,60.4323741007194,443,165,278
551,482473,67.2195961995249,73.5288235294118,61.2883410138249,421,204,217
552,482894,62.1266808510638,65.565,59.3013953488372,470,212,258
553,482967,43.6491224018476,50.6591629955947,35.9244660194175,433,227,206
554,483145,49.3911002444988,42.0484090909091,54.9375107296137,409,176,233
555,483712,52.9529113924051,41.6255023923445,61.8866037735849,474,209,265
556,483974,55.8875519630485,64.0161924686192,45.8734020618557,433,239,194
557,483994,60.9393080357143,68.5487096774194,51.50365,448,248,200
558,484507,62.5930827067669,66.2729803921569,59.2054512635379,532,255,277
559,484535,54.7397894736842,41.7105527638191,64.1340579710145,475,199,276
560,484649,64.9801123595506,59.4335849056604,68.6318633540373,534,212,322
561,485293,67.954238178634,71.1008970099668,64.4462962962963,571,301,270
562,485989,52.8519069069069,46.0214532871972,58.0879840848806,666,289,377
563,486142,61.1974539877301,55.4146815286624,66.5696153846154,652,314,338
564,488369,64.163645320197,58.92,68.5531221719457,812,370,442
565,490870,73.7294423791821,75.4945792079208,71.9599255583126,807,404,403
566,490975,61.4213509749304,47.9783815028902,73.9247580645161,718,346,372
567,492482,72.8964174454829,85.905,61.6273546511628,642,298,344
568,493309,64.0539055299539,61.3513043478261,66.5183920704846,868,414,454
569,494460,75.9279385403329,73.1638302752294,79.4211304347826,781,436,345
570,496111,76.2024537607892,74.5564631043257,77.75,811,393,418
571,496874,51.6388474576271,72.2233950617284,26.5659398496241,885,486,399
572,497012,75.7289213483146,70.83,79.8757261410789,890,408,482
573,497251,39.8447265625,15.2828418230563,63.0386075949367,768,373,395
574,498856,69.6796908442331,60.3876177285319,76.6681041666667,841,361,480
575,499013,55.0102554027505,54.5072327044025,55.4537707948244,1018,477,541
576,499056,58.3819954389966,49.8776167076167,65.7464255319149,877,407,470
577,499101,70.0365786452354,68.5875216138329,70.9961641221374,871,347,524
578,499420,72.8630558722919,75.8724593967517,69.954865470852,877,431,446
579,499591,67.7131504702194,78.2621070234114,58.4089085545723,638,299,339
580,501895,76.7064117647059,80.2073177083333,73.8215450643777,850,384,466
581,502557,65.8623223350254,70.7532,60.8201804123711,788,400,388
582,502917,69.8593486590038,76.200625,62.671416893733,783,416,367
583,507157,55.8294464075383,66.92875,46.6635698924731,849,384,465
584,509700,64.3542796157951,58.4984988962472,69.835,937,453,484
585,511191,73.5475076608784,77.4584778420038,69.1349130434782,979,519,460
586,511831,78.4967695473251,82.9670693069307,73.6627194860814,972,505,467
587,514092,63.2706270996641,65.5960550458716,61.052056892779,893,436,457
588,515320,41.2418152866242,20.6433548387097,61.3220754716981,628,310,318
589,517055,66.0572506082725,47.0578018575851,78.3554909819639,822,323,499
590,518291,79.1107540173053,70.0838176638177,86.0287772925764,809,351,458
591,518405,71.0008333333333,77.7486926605505,64.3143181818182,876,436,440
592,519801,76.7969498910675,79.5407586206897,74.325817805383,918,435,483
593,519838,75.3338461538462,74.1843107769424,76.4259047619048,819,399,420
594,519882,83.7757755102041,85.3734838709677,82.3331844660194,980,465,515
595,519939,74.7463535353535,71.7277004219409,77.5193023255814,990,474,516
596,520236,61.6154545454545,74.5596929824561,48.0463218390805,891,456,435
597,520509,84.38614622057,80.6526975476839,87.5001818181818,807,367,440
598,521040,77.3168158168574,75.1082832618026,79.3959595959596,961,466,495
599,522195,73.9849150326797,81.3999516908213,65.2389743589743,765,414,351
600,522560,68.9325849514563,76.9433717579251,63.1050314465409,824,347,477
601,523076,77.6966279069767,70.4445555555556,84.2761290322581,946,450,496
602,525271,70.388243412798,56.7897826086957,82.0531235431235,797,368,429
603,525310,76.5661555075594,71.3318735891648,81.3669565217391,926,443,483
604,527601,75.4505396825397,77.2307920792079,73.4072954545454,945,505,440
605,529055,70.7152369380316,61.3696577017115,79.9479468599034,823,409,414
606,533968,85.7125590062112,79.8907065217391,90.615171624714,805,368,437
607,535221,74.822076372315,71.0336768802229,77.6613987473904,838,359,479
608,535323,79.807701396348,80.0490736342043,79.6084509803921,931,421,510
609,535470,75.277582781457,73.15,77.2166455696203,906,432,474
610,536472,67.8073515981735,65.9716666666667,69.5934234234234,876,432,444
611,537801,83.4142144638404,77.923085106383,88.2608450704225,802,376,426
612,538081,46.5131524547804,49.8558501440922,43.7967213114754,774,347,427
613,540106,79.8867542857143,81.3141666666667,78.7066805845512,875,396,479
614,540238,77.5185597189696,78.8644090909091,76.0881884057971,854,440,414
615,542301,73.2272311212815,77.7302569593148,68.0603685503686,874,467,407
616,542497,75.8058255451713,76.7108974358974,74.9501212121212,963,468,495
617,542603,71.6647188533627,76.1717990654206,67.63751565762,907,428,479
618,542612,77.0715757575758,76.667,77.4523529411765,990,480,510
619,544561,77.2517535545024,79.353440860215,74.6731662269129,844,465,379
620,544972,72.9427154308617,71.5220403587444,74.0905797101449,998,446,552
621,546233,73.0077883472057,71.6106779661017,74.7948780487805,841,472,369
622,546699,74.3036635706914,80.3472447013488,67.3334,969,519,450
623,546805,79.3539778449144,78.2486140724947,80.343320610687,993,469,524
624,547159,77.2876129779838,76.5906363636364,78.0126004728132,863,440,423
625,547562,57.6055610972569,48.4241052631579,65.8732227488152,802,380,422
626,547804,74.5244397463002,78.792869022869,70.1091397849462,946,481,465
627,549686,70.268362369338,69.0587376237624,71.3377024070022,861,404,457
628,549983,63.0674746192893,64.5120506912442,61.2964406779661,788,434,354
629,550289,76.481712962963,75.4724528301887,77.4542727272727,1080,530,550
630,551789,78.3809478168264,81.7823719165085,74.0300970873786,939,527,412
631,552706,61.3902733485194,68.1082494004796,55.3134924078091,878,417,461
632,552922,66.5855487804878,71.6936890951276,60.9258868894602,820,431,389
633,553686,75.3956020942408,72.2903695150115,77.9713984674329,955,433,522
634,556379,66.7747167755991,71.6352795031056,61.377816091954,918,483,435
635,556924,73.8496296296296,74.8059230769231,72.5092722371968,891,520,371
636,559463,71.1787047841307,66.9885406698565,75.1684282460137,857,418,439
637,559818,51.4557159487776,48.3324523809524,54.4438041002278,859,420,439
638,559945,74.2477496991576,77.3128935185185,70.9290977443609,831,432,399
639,561595,80.9064085447263,71.4691291291291,88.4607692307692,749,333,416
640,561784,64.1088366336634,70.1246473029046,55.2142944785276,808,482,326
641,563125,77.1350610432852,78.2091055045872,76.128,901,436,465
642,564147,68.1240506329114,65.2910194174757,70.6781181619256,869,412,457
643,564639,73.7158924205379,73.348730964467,74.0570754716981,818,394,424
644,565474,63.5326840317101,59.7636705882353,67.0301310043668,883,425,458
645,565609,67.2321912350598,65.6061146496815,68.6691181988743,1004,471,533
646,565634,69.0512563840654,65.6194968553459,72.3121115537849,979,477,502
647,565698,74.766188992731,71.7204303278689,77.8953052631579,963,488,475
648,565880,67.9496696035242,62.3509411764706,72.8760869565217,908,425,483
649,567070,70.4980290205562,69.9778959810875,71.0426237623762,827,423,404
650,567878,80.9348538011696,74.9402576112412,86.9154439252336,855,427,428
651,568003,65.9029243937233,43.8403303303303,85.8671739130435,701,333,368
652,568137,58.4047233606557,53.9512280701754,62.3100961538462,976,456,520
653,568257,69.1159036144578,62.3072686230248,75.5334042553191,913,443,470
654,568378,74.6765840517241,77.6562255965293,71.7352248394004,928,461,467
655,568466,68.0481183431953,77.5996380090498,57.5722580645161,845,442,403
656,568739,64.4067118997912,55.5052153110048,71.2971296296296,958,418,540
657,568954,68.1275182481752,65.1130221130221,71.0839036144578,822,407,415
658,569395,57.2420019436346,31.9829504504505,76.4129743589744,1029,444,585
659,569716,75.9145806451613,76.0870869565217,75.7457446808511,930,460,470
660,570233,67.2628516624041,73.5615172413793,59.3668299711816,782,435,347
661,571082,71.7397233201581,70.0413842975207,73.2965340909091,1012,484,528
662,571789,69.6644831460674,68.6227824267782,70.8730582524272,890,478,412
663,573233,61.0496916752312,56.0648051948052,65.5565753424657,973,462,511
664,575659,69.9919002822201,65.4286617100372,74.6681333333333,1063,538,525
665,576079,74.2981266968326,68.6446196660482,79.6819434628975,1105,539,566
666,578283,74.2710251256281,70.9091515151515,77.59928,995,495,500
667,578681,77.2548158379374,76.6992114695341,77.8419886363636,1086,558,528
668,581700,82.7731804281346,79.8824904214559,86.0606318082789,981,522,459
669,582069,67.6181668496158,69.4452136752137,65.688013544018,911,468,443
670,582090,66.168152173913,67.68262086514,64.432915451895,736,393,343
671,582827,70.4136445444319,60.3444444444444,81.1619302325581,889,459,430
672,584678,69.7800934579439,66.2475,73.2907453416149,963,480,483
673,584707,73.420707456979,71.3424561403509,75.4209756097561,1046,513,533
674,585733,69.7961941112323,61.6884210526316,78.5092986425339,917,475,442
675,586027,66.1377463193658,60.0016202531646,71.104487704918,883,395,488
676,587567,71.5064247020585,66.2260422163588,75.1852205882353,923,379,544
677,587755,69.8531932773109,63.5502158273381,74.7659813084112,952,417,535
678,587831,53.5255838150289,69.159387755102,37.2649528301887,865,441,424
679,588461,79.4065306122449,72.4410236220472,85.6143859649123,1078,508,570
680,588975,78.2790355805243,76.4409647495362,80.1518525519849,1068,539,529
681,589210,47.672397260274,34.4848275862069,57.9080048661801,730,319,411
682,593598,69.5841550695825,69.9845778611632,69.1329386892178,1006,533,473
683,595273,64.4600814663951,62.4760154738878,66.6660215053763,982,517,465
684,595822,82.59523138833,86.6137007874016,78.3948559670782,994,508,486
685,596050,76.6956144067797,82.0185321100917,69.424962406015,944,545,399
686,596071,82.4734786557675,84.4484615384615,80.2343992248062,1101,585,516
687,596134,78.5155879752432,78.8676372712146,78.1163773584906,1131,601,530
688,597418,67.4397580645161,71.9507317073171,63.00096,992,492,500
689,597656,79.5167439613527,83.820253411306,75.2874329501916,1035,513,522
690,597821,72.4437795275591,74.9071814671815,69.8814457831325,1016,518,498
691,599718,77.199591002045,73.1607792207792,80.8157364341085,978,462,516
692,600607,70.8429759036145,67.1096021220159,73.95,830,377,453
693,600914,59.3292942583732,64.57,53.8053071253071,836,429,407
694,601175,71.8517581300813,71.9834267241379,71.7342692307692,984,464,520
695,605358,82.1323572938689,87.1697194388778,76.5089932885906,946,499,447
696,610842,77.9063176064442,84.4815517241379,72.1405615550756,869,406,463
697,612261,67.2262011173184,73.5239428571429,61.2037704918033,1074,525,549
698,612732,76.1221878121878,72.9764468085106,78.9065536723164,1001,470,531
699,612916,77.0987882822903,70.3992540792541,86.0245652173913,751,429,322
700,613109,62.0262583518931,63.7192517006803,60.3925382932166,898,441,457
701,614126,68.5181926514399,72.2180459770115,64.5360824742268,1007,522,485
702,615791,67.3802434274586,63.0936082474227,71.2160701107011,1027,485,542
703,615847,57.2812912621359,53.0855555555556,61.0296875,1030,486,544
704,617649,75.5009144196952,73.4499503722084,77.3376666666667,853,403,450
705,618289,78.1308096740273,81.6282398452611,73.9645161290322,951,517,434
706,618669,71.8860077021823,62.5620157068063,80.8577078085642,779,382,397
707,619726,50.7247380156076,44.5694117647059,56.7041978021978,897,442,455
708,621140,74.0060754332314,61.2604504504504,84.5443575418994,981,444,537
709,621620,75.5263105590062,67.5065994962217,83.3298039215686,805,397,408
710,622199,75.969099909991,77.1069230769231,74.8695398230089,1111,546,565
711,623334,64.3379979144943,68.1640816326531,60.3405970149254,959,490,469
712,625739,76.3514864864865,72.6354320987654,79.6351272727273,1036,486,550
713,625818,74.435756097561,81.7653429602888,65.8145435244161,1025,554,471
714,626625,3.20967042497832,3.75196428571429,2.69755480607083,1153,560,593
715,626956,65.0930070754717,69.8953926701571,61.1562875536481,848,382,466
716,627043,74.3103330161751,79.3632645403377,69.1110810810811,1051,533,518
717,627714,78.2062168141593,80.4064122137405,76.5140900195695,904,393,511
718,627740,79.0066233766234,86.7876211453745,71.4905106382979,924,454,470
719,627768,75.9206045081967,84.2408533916849,68.5942967244701,976,457,519
720,627933,74.3436560150376,77.1281376518219,71.9304385964912,1064,494,570
721,628047,80.6644246737841,84.6834354485777,75.9061658031088,843,457,386
722,628067,74.5367158671587,68.6432768361582,79.0819825708061,813,354,459
723,629160,51.0364730290456,24.4439682539683,71.5674509803922,723,315,408
724,633244,79.5970025188917,73.5243187660668,85.4297777777778,794,389,405
725,633343,72.6831163708087,76.2956573705179,69.1411328125,1014,502,512
726,634009,67.5184753787879,62.6827463312369,71.5023143350604,1056,477,579
727,634045,77.7408127208481,81.9412849162011,73.9497983193277,1132,537,595
728,634366,77.1311683168317,78.5293684210526,75.8897757009346,1010,475,535
729,634660,81.594036598493,80.7628571428571,82.6741584158416,929,525,404
730,635025,79.9977289719626,77.2351167315175,82.551654676259,1070,514,556
731,635556,86.1670744680851,96.575,75.5353225806452,752,380,372
732,635964,78.5483244397012,78.1575160599572,78.9366382978723,937,467,470
733,637613,71.1356477272727,69.7767111111111,72.5577906976744,880,450,430
734,638686,76.8594938016529,81.8181818181818,70.9090681818182,968,528,440
735,639838,77.3014212678937,79.49177734375,74.8948497854077,978,512,466
736,640596,72.194570273003,71.4584188911704,72.9087250996016,989,487,502
737,641045,75.741340839304,68.5783790523691,80.7280555555556,977,401,576
738,641537,58.85359375,21.1551282051282,77.0047067901235,960,312,648
739,642444,40.3658608893957,34.4999730458221,44.6667391304348,877,371,506
740,643951,78.4710677083333,78.3254607508532,78.6218197879859,1152,586,566
741,645853,78.8078366445916,74.4191860465116,81.494128113879,906,344,562
742,646624,76.2822102425876,75.8939285714286,76.6754068716094,1113,560,553
743,647048,85.0075855130785,85.1266153846154,84.8373349633252,994,585,409
744,647207,70.221921529175,67.079018404908,73.2652475247525,994,489,505
745,647398,73.7338742964353,73.0507446808511,74.501374501992,1066,564,502
746,647597,78.8595036764706,80.6321126760563,76.9232692307692,1088,568,520
747,647619,77.5827906976744,75.0920938628159,80.2312476007677,1075,554,521
748,647666,75.7953685168335,76.2755024711697,75.2030081300813,1099,607,492
749,648323,74.298157129001,73.0040874524715,75.6460396039604,1031,526,505
750,648463,70.8874952741021,71.2009540636042,70.5268902439024,1058,566,492
751,652762,70.5081700753498,58.158,79.0565573770492,929,380,549
752,655075,67.6730943396226,61.980119760479,71.7977223427332,795,334,461
753,655780,77.6756778797146,78.3777338877339,77.0003,981,481,500
754,656082,79.8692274211099,81.9683894230769,78.1331411530815,919,416,503
755,656352,78.3263090128755,76.4412240184757,79.9620641282565,932,433,499
756,656812,68.6473837837838,60.6204663212435,74.3957884972171,925,386,539
757,657276,76.4891115926327,76.4705882352941,76.5049196787149,923,425,498
758,658561,71.5754452054795,77.4306772009029,65.5849884526559,876,443,433
759,658582,76.3575872093023,79.2583365949119,73.5125143953935,1032,511,521
760,659014,76.518714953271,79.3286046511628,74.2001066098081,856,387,469
761,659155,78.5728784648187,77.3402702702703,79.8702188183807,938,481,457
762,659320,80.6852896995708,78.434778012685,83.0044444444444,932,473,459
763,659533,81.8079255319149,78.4147524752475,85.7471264367816,940,505,435
764,660586,70.660782396088,65.8720105820106,74.7747727272727,818,378,440
765,661097,79.3732984790875,82.384495412844,76.1364102564103,1052,545,507
766,662390,82.9139320920044,74.0627930174564,89.846171875,913,401,512
767,662442,82.2217279046673,80.2380239520958,84.1858300395257,1007,501,506
768,662577,79.0522529644269,70.17,87.151435768262,759,362,397
769,663806,83.6887665647299,84.659754601227,82.7236991869919,981,489,492
770,664148,78.9367659574468,73.320626450116,83.692278978389,940,431,509
771,664994,79.4278041543027,82.9382081911263,74.5875764705882,1011,586,425
772,665039,83.4315956151035,85.9756494845361,79.759375,821,485,336
773,665846,50.0962548262548,49.456119133574,50.8320124481328,1036,554,482
774,666152,65.4588360450563,71.8305076142132,59.2602222222222,799,394,405
775,667485,84.1604715840387,77.4051948051948,90.044592760181,827,385,442
776,667662,76.1487346024636,70.7592410714286,81.5745617977528,893,448,445
777,667879,77.2306400839454,74.5893388429752,79.9564179104478,953,484,469
778,668423,80.9594594594595,85.9310131332083,71.5294306049822,814,533,281
779,668638,80.6104741833509,74.4636480686695,86.5409523809524,949,466,483
780,670398,81.8729239766082,78.7476021798365,84.2233196721311,855,367,488
781,670512,73.2051466127401,75.319634369287,70.5883484162896,989,547,442
782,671387,80.288339307049,84.0556472795497,73.6831578947368,837,533,304
783,671495,77.6652487309645,76.6238095238095,78.5852198852772,985,462,523
784,672560,82.2434267912773,79.8235698447894,84.37498046875,963,451,512
785,672955,82.3409081735621,80.9014157303371,83.5141208791209,991,445,546
786,673019,72.5817861205916,69.2909644670051,75.2551546391753,879,394,485
787,673302,84.1861177753544,87.5589861751152,81.1554244306418,917,434,483
788,674344,77.4679415347138,79.5208776595745,75.7333258426966,821,376,445
789,675948,79.1959421641791,82.827,75.6452767527675,1072,530,542
790,677757,69.8538498789346,59.1911214953271,76.6315445544555,826,321,505
791,678715,72.3172318692543,70.7986134453782,73.7543339960239,979,476,503
792,678857,78.3573134328358,72.0849799196787,83.7991637630662,1072,498,574
793,679446,78.3106506849315,79.4461660079051,76.7577567567568,876,506,370
794,680223,79.185221719457,79.2796936936937,79.0898909090909,1105,555,550
795,680554,58.0497809419496,73.1486046511628,41.8185454545455,913,473,440
796,680766,59.6876057906459,69.6073781902552,50.5325267665953,898,431,467
797,680987,79.3795407685098,82.172174688057,76.2833596837945,1067,561,506
798,681050,76.5048995633188,81.2245051194539,71.5573345259392,1145,586,559
799,681232,85.0830814524043,87.1899325842697,83.4497212543554,1019,445,574
800,682179,83.7434122712594,83.5103854389722,83.978961038961,929,467,462
801,683005,74.6296914285714,75.1782816229117,74.1256140350877,875,419,456
802,683433,64.5238589211618,60.1701694915254,68.7005691056911,964,472,492
803,684619,56.942380952381,59.4556140350877,54.2223628691983,987,513,474
804,685708,79.5077140255009,84.2663461538461,74.332927756654,1098,572,526
805,686215,55.8316821465428,41.6328755364807,68.9860437375745,969,466,503
806,686361,83.2575022381379,84.8768041237114,81.4959439252336,1117,582,535
807,686515,76.8796240601504,79.0088737201365,74.2692887029289,1064,586,478
808,687054,69.7314545454546,73.5609168443497,65.877339055794,935,469,466
809,687070,75.211223628692,74.8671479500891,75.71,948,561,387
810,688393,79.5528484231943,83.5629549902153,75.2113983050847,983,511,472
811,689241,76.6978556701031,72.852619047619,79.6342181818182,970,420,550
812,690470,73.9341112322792,68.3259351620948,78.2924031007752,917,401,516
813,691661,50.6580525164114,62.928783269962,34.0229896907217,914,526,388
814,692418,82.1856024716787,79.845503875969,84.8394285714286,971,516,455
815,692439,83.5332142857143,78.4049027237354,88.8691497975709,1008,514,494
816,692542,72.7300494071146,71.7292409867173,73.8175257731959,1012,527,485
817,692697,76.5217383512545,77.2389482758621,75.7456529850746,1116,580,536
818,692891,72.0020756756757,72.7884292035398,71.2506342494715,925,452,473
819,693483,68.1372058823529,65.6902928870293,71.5976331360947,816,478,338
820,694314,75.4089945355191,76.3216701902748,74.4323076923077,915,473,442
821,694962,73.6390974358974,84.7184889643463,56.7329792746114,975,589,386
822,695022,79.6447338935574,82.3749152542373,76.2958627858628,1071,590,481
823,696932,71.2252312435766,64.7978401727862,77.0602941176471,973,463,510
824,696974,68.6088263358779,57.5588612836439,78.0550796460177,1048,483,565
825,698538,62.7414949037373,60.8535106382979,64.8900484261501,883,470,413
826,698772,67.3965802592223,51.4,79.3036,1003,428,575
827,699743,63.475846325167,38.0988095238095,81.923,898,378,520
828,700384,81.1963782051282,84.634565701559,78.0264681724846,936,449,487
829,703754,63.6566889632107,57.5704357798165,69.412885032538,897,436,461
830,704075,70.4313038416764,74.8884753363229,65.61799031477,859,446,413
831,704799,80.1663321385902,80.2187362637363,80.1260042283298,837,364,473
832,707652,74.3075440806045,70.1806940874036,78.2713580246914,794,389,405
833,710127,70.7107230392157,62.6061756373938,76.8897840172786,816,353,463
834,710419,60.7642404227213,67.0116492146597,54.4002133333333,757,382,375
835,711423,69.5420979765708,74.9480538302277,63.8160526315789,939,483,456
836,712957,56.3739027595269,55.955,56.7050823529412,761,336,425
837,713385,28.1340854224698,31.0752788844622,25.5662956521739,1077,502,575
838,718891,74.7962077012835,68.5568794326241,80.8773963133641,857,423,434
839,720381,69.6941020408163,69.8202213279678,69.5643271221532,980,497,483
840,721324,69.9665406006674,67.9080952380952,72.3565144230769,899,483,416
841,721869,76.7362954796031,74.6262473347548,78.9956849315068,907,469,438
842,722003,78.2260747663551,79.8657831325301,76.2778732106339,1070,581,489
843,722684,79.2588854489164,78.6142026266416,80.0469954128441,969,533,436
844,723368,83.7961574074074,80.3529203539823,87.5736893203883,1080,565,515
845,725283,78.8649510763209,80.362625250501,77.4360038240918,1022,499,523
846,727957,81.2552921719956,81.6449647058824,80.9117012448133,907,425,482
847,729046,73.5780236305048,65.7463448275862,80.4465322580645,931,435,496
848,729124,72.8950061050061,76.3784547461369,68.5835245901639,819,453,366
849,729709,75.5333510638298,73.64,77.1995,940,440,500
850,729997,75.7680734856008,73.4061048689139,78.4346511627907,1007,534,473
851,730787,79.0364698795181,76.5934702258727,82.5051020408163,830,487,343
852,731802,75.4066396761134,76.273483992467,74.3994310722101,988,531,457
853,731809,72.5715085714286,73.5753861788618,71.2819321148825,875,492,383
854,735153,45.2346134020619,22.8595238095238,60.5234490238612,776,315,461
855,735179,40.6119540229885,22.3007913669065,61.4746721311475,783,417,366
856,736514,66.4210012210012,67.0950642673522,65.8112093023256,819,389,430
857,736693,82.0456477272727,84.634483627204,79.9177639751553,880,397,483
858,738020,8.52818102697998,6.59317290552585,10.3743367346939,1149,561,588
859,738031,2.7174649122807,3.07401446654611,2.38156729131175,1140,553,587
860,741118,73.8173363431151,84.6704444444444,62.6157339449541,886,450,436
861,741753,56.8919303338171,67.5266379310345,46.0389149560117,689,348,341
862,741906,75.5949244060475,84.1603816793893,64.43,926,524,402
863,743965,80.8197206703911,81.0980718336484,80.5495412844037,1074,529,545
864,745091,73.3628964059197,75.1509343936382,71.3326862302483,946,503,443
865,746134,76.9871207430341,74.9487878787879,79.1157594936709,969,495,474
866,747067,76.1435502283105,76.685,75.5819534883721,876,446,430
867,747805,66.4848626373626,68.2033495145631,64.2443037974683,728,412,316
868,749155,74.0767678958785,73.9825609756098,74.1845581395349,922,492,430
869,749172,71.8118213457077,70.4294582392777,73.2733651551313,862,443,419
870,749476,80.5816868932039,77.7194986072423,82.7914193548387,824,359,465
871,751288,75.6211326860841,76.6461676646707,74.4156338028169,927,501,426
872,751891,81.9118091697646,74.8730366492147,88.2384235294118,807,382,425
873,754362,67.8738914027149,64.0586086956522,72.0131132075472,663,345,318
874,754484,46.4239001349528,64.3348306997743,19.7979194630872,741,443,298
875,755730,71.0224579560155,76.6750755939525,62.58,773,463,310
876,756959,72.1819131455399,70.3441421568627,73.8706756756757,852,408,444
877,757038,52.950345323741,44.614,60.2728108108108,695,325,370
878,757217,63.3650866336634,71.19752,56.5818013856813,808,375,433
879,757228,59.5754491725768,63.4055011655012,55.6351798561151,846,429,417
880,757246,42.7655638297872,37.213762993763,48.5834640522876,940,481,459
881,757669,76.7359112709832,81.4539671361502,71.8097058823529,834,426,408
882,757717,87.2282359307359,86.2053663793103,88.26,924,464,460
883,757751,78.5594540612517,77.376323907455,79.8308287292818,751,389,362
884,757945,74.1440023612751,78.2084174311927,69.8323600973236,847,436,411
885,758202,80.021149825784,81.0714953271028,78.9829330254042,861,428,433
886,758455,54.4800882723834,51.8632603938731,58.0392857142857,793,457,336
887,760213,86.6305398457583,79.3168613138686,94.8210626702997,778,411,367
888,761057,81.661345646438,76.7005759162304,86.7012765957447,758,382,376
889,762598,73.2027762430939,55.9238888888889,83.4787665198238,724,270,454
890,762712,82.2854571428572,82.6887699316629,81.6070881226054,700,439,261
891,762938,80.5428078817734,81.6427429805616,79.0835816618911,812,463,349
892,765626,82.4339943342776,80.8075675675676,84.225,706,370,336
893,766270,78.875307486631,78.4514754098361,79.4390965732087,748,427,321
894,766321,82.21015625,82.1654627539504,82.2610539845758,832,443,389
895,766822,73.655188172043,71.622054054054,75.666577540107,744,370,374
896,767518,45.4065337954939,57.9446417445483,29.684921875,577,321,256
897,767859,82.7459823677582,83.2038167938931,82.2972817955112,794,393,401
898,768570,86.8252844311377,81.6433227848101,91.4772727272727,668,316,352
899,770753,74.9218769230769,78.7679692307692,71.0757846153846,650,325,325
900,770970,54.3561846689895,47.9993846153846,62.6532128514056,574,325,249
901,771013,59.144280155642,50.2391469194313,65.3455445544554,514,211,303
902,771322,57.1718032786885,66.665,43.5016,488,288,200
903,771612,67.7692508710801,63.320694980695,71.4269523809524,574,259,315
904,772627,58.9126304347826,62.9179166666667,54.5432272727273,460,240,220
905,773991,54.1085676392573,47.0543315508021,61.0514210526316,377,187,190
906,774067,84.7366842105263,89.99725,80.9108181818182,380,160,220
907,774787,86.3657655502392,90.2453658536585,83.8608267716535,418,164,254
908,775277,79.1416374269006,79.9983673469388,78.3584328358209,513,245,268
909,776273,57.7836247334755,55.6091588785047,59.6084705882353,469,214,255
910,776478,84.1090031152648,85.1580322580645,83.1294879518072,642,310,332
911,777696,80.887629969419,81.4296857142857,80.263552631579,654,350,304
912,778179,80.0974757281553,82.2448598130841,77.7765656565657,618,321,297
913,780053,71.3195902883156,76.9493506493506,66.3795156695157,659,308,351
914,780171,84.1104651162791,82.0888235294118,86.0007,774,374,400
915,780940,54.9829568106312,41.2021030042918,63.6846883468835,602,233,369
916,780947,70.8322993827161,74.9231343283582,66.4539297124601,648,335,313
917,781160,77.438442503639,73.7758213256484,81.1764705882353,687,347,340
918,782319,75.5678409090909,73.6831578947368,77.5514285714286,704,361,343
919,784201,76.2524657534247,76.7617312072893,75.7408695652174,876,439,437
920,784470,80.8343452380952,78.6735071090047,83.0158612440191,840,422,418
921,785624,75.9608178438662,80.4469801980198,71.463523573201,807,404,403
922,785898,78.1838181818182,88.9786021505376,66.4763556851312,715,372,343
923,787055,80.9532886904762,78.0023428571428,84.1608385093168,672,350,322
924,789113,83.4791739674593,86.6292780748663,80.7070823529412,799,374,425
925,789401,79.5544158878505,79.0375757575758,79.9993478260869,856,396,460
926,789706,77.0230312837109,77.3608176100629,76.6649777777778,927,477,450
927,789774,73.8385574572127,73.3643925233645,74.3589230769231,818,428,390
928,790529,76.8884748427673,82.8590238095238,65.2790740740741,636,420,216
929,792265,78.1163886162905,77.3155621301775,78.90939453125,1019,507,512
930,792441,50.2434733441034,21.5927272727273,71.5499436619718,619,264,355
931,793226,76.5986348862405,80.1515267175572,71.9326817042606,923,524,399
932,794728,70.3348435689455,73.3737735849057,66.579481865285,863,477,386
933,795313,79.1418263810597,73.9674620390456,84.7413145539906,887,461,426
934,796714,78.2605491990847,75.4067981438515,81.0369977426637,874,431,443
935,797645,72.891978021978,69.63,76.0830434782609,819,405,414
936,799308,82.8617248908297,77.5284719101124,87.9005732484076,916,445,471
937,799964,82.5778745644599,82.2890104166667,82.8104192872117,861,384,477
938,800870,77.98868956743,82.5188174807198,73.5498488664987,786,389,397
939,800950,75.6018327605956,68.8407246376812,81.7000871459695,873,414,459
940,801666,45.2025853658537,56.7967069486405,31.6897183098592,615,331,284
941,801848,77.6742790697675,77.7494865525672,77.6060753880266,860,409,451
942,804774,75.1207246376812,77.2093805309734,72.6098936170213,828,452,376
943,804878,79.9788391906283,83.5267829457364,75.6508510638298,939,516,423
944,804915,68.2270503597122,72.6275339366516,63.2652806122449,834,442,392
945,804998,45.5432576985413,46.7723076923077,44.1753082191781,617,325,292
946,805499,87.2384604715673,86.2577353689567,88.4135365853658,721,393,328
947,808139,74.0612531328321,74.654511627907,73.3680434782609,798,430,368
948,808378,82.7580295566502,80.702007797271,84.8591035856574,1015,513,502
949,808654,76.0555259975816,72.0287862796834,79.4620758928571,827,379,448
950,808783,72.65434375,68.9019900497512,78.9923529411765,640,402,238
951,808819,79.9438088829071,70.9088571428571,89.6601675977654,743,385,358
952,812511,77.4302280912365,80.8741474654378,73.6842105263158,833,434,399
953,814689,83.4191772151899,78.1018731988473,87.5841986455982,790,347,443
954,816492,84.4130575539568,84.375,84.4455333333333,834,384,450
955,816626,84.2078762006403,83.0883298097252,85.3491379310345,937,473,464
956,817082,80.6087151515152,81.4347874720358,79.6318518518518,825,447,378
957,818063,82.2578079096045,84.79972,78.9566233766234,885,500,385
958,818677,69.4789272030651,77.0253829321663,58.9,783,457,326
959,819542,78.7403978052126,75.6485959885387,81.5799736842105,729,349,380
960,819778,78.0803761348898,80.3395145631068,75.4877158774373,771,412,359
961,820500,72.7557185628743,81.6101609195402,56.2248927038627,668,435,233
962,820547,76.5470476190476,79.6692197125257,72.2396883852691,840,487,353
963,820617,63.9429781021898,75.228,43.676,685,440,245
964,821341,79.8349584816133,77.8809647058824,81.8216746411483,843,425,418
965,821731,79.0013805104408,79.953963963964,77.9895454545455,862,444,418
966,821968,83.1470879801735,85.5101662707838,80.5697409326425,807,421,386
967,823998,82.1280043859649,85.4949010989011,78.7758424507659,912,455,457
968,824081,64.3454098360656,77.1734782608696,47.6447169811321,488,276,212
969,824086,73.7841531664212,61.7933554817276,83.3323809523809,679,301,378
970,824190,78.4376895734597,74.0458510638298,83.9568449197861,844,470,374
971,826442,74.2761348005502,74.8150611246944,73.5829874213836,727,409,318
972,826662,59.7011036789298,50.0017857142857,68.2413836477987,598,280,318
973,826966,75.4519277108434,78.7162973760933,71.9638317757009,664,343,321
974,827241,73.2698156682028,74.2208,72.246028708134,868,450,418
975,827997,80.9900911458333,80.0527762803235,81.8660201511335,768,371,397
976,829133,68.0897932816537,61.5224509803922,75.4107650273224,774,408,366
977,835280,76.0492692828146,78.8937994722955,73.0546111111111,739,379,360
978,837708,83.2735393939394,81.6784816753927,84.6489616252822,825,382,443
979,838101,68.0237755102041,74.4859183673469,55.0994897959184,588,392,196
980,839617,83.7307440100883,81.5916417910448,85.9300255754476,793,402,391
981,839652,79.1961997226075,68.0024,88.3830303030303,721,325,396
982,840222,70.4354782608696,69.8166929133858,71.1984466019417,690,381,309
983,840362,77.7026168224299,74.8539714285714,80.2014285714286,749,350,399
984,840698,77.1664829396325,78.4734928229665,75.5783139534884,762,418,344
985,840710,77.4142409033877,74.4638902147971,80.6846031746032,797,419,378
986,841282,90.5829042386185,88.2008554572271,93.2926845637584,637,339,298
987,841869,75.162101910828,76.9484726224784,72.9561565836299,628,347,281
988,842444,81.2298671096345,80.1067539267016,83.18,602,382,220
989,843114,84.0540049443758,84.0663480392157,84.0414463840399,809,408,401
990,846324,95.180201793722,91.5357906458797,98.8739729119639,892,449,443
991,847102,76.2685459533608,77.8589051094891,74.2130817610063,729,411,318
992,847524,81.012392108508,84.7079294117647,76.9434715025907,811,425,386
993,848183,83.9188927738928,86.9389414414414,80.68,858,444,414
994,850533,62.0352615844544,63.7211585365854,60.4136363636364,669,328,341
995,853616,73.3131460674157,66.664358974359,78.4992,712,312,400
996,853989,80.9140130718954,75.4461381074169,86.6304278074866,765,391,374
997,855331,79.1412883435583,82.253661971831,75.4211111111111,652,355,297
998,856069,68.7972080291971,67.6390041493776,69.7064169381107,548,241,307
999,856074,75.3802360876897,75.990273556231,74.62,593,329,264
1000,856393,80.6261549925484,81.877375,79.4854415954416,671,320,351
1001,856795,79.9205774278215,77.1496774193548,82.5635897435897,762,372,390
1002,857448,69.6802225312935,79.8962113402062,57.7049848942598,719,388,331
1003,859261,84.3938674033149,80.9000561797753,87.77375,724,356,368
1004,859513,86.616358768407,88.5239285714286,84.5099718309859,747,392,355
1005,859534,87.4978532608696,89.5001104972376,85.5598395721925,736,362,374
1006,859616,83.1107579787234,83.7422764227642,82.5023237597911,752,369,383
1007,859662,83.28325,82.0271241830065,84.4340718562874,640,306,334
1008,860965,83.6487652173913,93.2590070921986,74.3993174061433,575,282,293
1009,861779,80.4296428571429,77.6833333333333,83.0985915492958,700,345,355
1010,862268,83.2853064066852,81.9687887323944,84.5728099173554,718,355,363
1011,862538,88.7013222079589,91.1170812182741,86.2290909090909,779,394,385
1012,862779,79.042619760479,80.4181468531468,78.0127748691099,668,286,382
1013,865787,87.7949737532808,88.826485013624,86.836582278481,762,367,395
1014,866463,80.2659733333333,79.5173975903615,81.1933134328358,750,415,335
1015,867842,76.4008415841584,75.0998795180723,77.3082352941177,606,249,357
1016,868951,50.6492949907236,65.763593220339,32.3758606557377,539,295,244
1017,870159,71.1063515312916,72.5548369565217,69.7145953002611,751,368,383
1018,870389,77.3122071516646,79.0164248704663,75.7643764705882,811,386,425
1019,870786,79.1453367875648,79.224347826087,79.0539664804469,772,414,358
1020,870851,80.3438071693449,82.4484375,78.1160050890585,809,416,393
1021,871289,76.3991418355185,78.4694736842105,74.3435629453682,839,418,421
1022,872404,71.5979694835681,64.2717121588089,78.1736525612472,852,403,449
1023,872479,48.1814072847682,36.9674257425743,59.4699003322259,604,303,301
1024,875256,83.6552243589744,86.1042824601367,81.4919718309859,936,439,497
1025,875280,80.7656830601093,84.793375,76.3213333333333,915,480,435
1026,875562,75.7220346820809,80.0003736263736,70.9741219512195,865,455,410
1027,876304,80.6182392026578,79.7920824742268,81.5768181818182,903,485,418
1028,878009,82.0262432432432,81.6321428571429,82.4701724137931,740,392,348
1029,880936,86.8034242093784,85.6834947368421,88.0069683257919,917,475,442
1030,881888,83.0921023359288,89.6067775467776,75.5955502392344,899,481,418
1031,882720,78.643391959799,81.1086649874055,76.1904761904762,796,397,399
1032,884438,67.7215019762846,64.0951335311573,70.6174407582938,759,337,422
1033,884574,79.7415167930661,77.5519047619048,81.7448755186722,923,441,482
1034,884589,72.3484697986577,57.2006225680934,80.3259221311475,745,257,488
1035,887750,78.602053789731,82.4721495327103,74.3548717948718,818,428,390
1036,888092,76.5525977011494,76.6511320754717,76.4589237668161,870,424,446
1037,888281,68.849146514936,59.5051401869159,76.7010471204188,703,321,382
1038,888764,76.3276728723404,83.8527951807229,67.0608308605341,752,415,337
1039,889058,82.1569524913094,82.4901015228427,81.877078891258,863,394,469
1040,889517,82.8550905218317,83.3033197556008,82.3638392857143,939,491,448
1041,891251,76.349377593361,69.2809717868339,81.9306188118812,723,319,404
1042,892163,61.7491074681239,71.8259523809524,53.1990572390572,549,252,297
1043,893927,81.390320855615,83.0311764705882,79.9192089249493,935,442,493
1044,896767,80.5686704545454,81.2125503355705,79.9039722863741,880,447,433
1045,897287,84.6538487972509,84.67,84.6366666666667,873,450,423
1046,899338,71.1737890044576,77.3511049723757,63.9834726688103,673,362,311
1047,899378,80.7376785714286,83.5747058823529,77.6592021276596,784,408,376
1048,899431,82.9813617021277,84.1743216080402,81.4347882736156,705,398,307
1049,899861,86.8982352941177,94.0857840616966,79.1100557103064,748,389,359
1050,900014,78.9396131805158,88.7112073490814,67.1952050473186,698,381,317
1051,901233,85.3127503337784,93.2108355091384,77.0478142076503,749,383,366
1052,901386,82.7868032786885,83.9894382022472,81.6481382978724,732,356,376
1053,902058,53.2063574351978,46.459178470255,59.4741315789474,733,353,380
1054,902390,85.2711627906977,91.4224509803922,78.4139890710382,774,408,366
1055,902543,86.1062228654124,90.2268965517241,81.9254810495627,691,348,343
1056,903044,77.1071101573677,76.9008121827411,77.373606557377,699,394,305
1057,904613,79.9258104738155,77.6372110552764,82.1804207920792,802,398,404
1058,906358,85.5726984126984,81.0615151515151,88.3488111888112,693,264,429
1059,907261,83.7404761904762,84.2220895522388,83.1642602040816,861,469,392
1060,908536,81.0786586826347,84.3692505353319,76.9028260869565,835,467,368
1061,909114,86.6496277278562,88.0115789473684,85.5837528604119,779,342,437
1062,909420,80.6887453874539,74.9371355498721,86.0178436018957,813,391,422
1063,909840,54.3927918170878,14.5966216216216,86.3333188720174,831,370,461
1064,911278,83.3134348355664,84.4255737704918,81.6836336336336,821,488,333
1065,912015,83.0629666254635,78.3932132963989,86.8258705357143,809,361,448
1066,913619,82.5781674208145,84.4044906444906,80.3983622828784,884,481,403
1067,915213,66.8804347826087,51.2688450704225,79.85962529274,782,355,427
1068,915826,79.2096710526316,74.7039285714286,82.7802594339623,760,336,424
1069,917271,83.12535,81.3941860465116,84.7475302663438,800,387,413
1070,921334,72.8052667814114,80.2834285714286,61.4747186147186,581,350,231
1071,921507,77.2861675126904,73.21875,81.3125,788,392,396
1072,922534,83.6363522727273,77.2181294964029,89.4169114470842,880,417,463
1073,925304,83.5988148148148,84.1036820083682,83.0820556745182,945,478,467
1074,927430,83.6262563451777,84.434693877551,82.8259848484848,788,392,396
1075,927921,84.2404005167959,84.351768115942,84.1508391608392,774,345,429
1076,928929,84.3309331797235,85.7484782608696,83.038281938326,868,414,454
1077,929783,76.9457425742574,92.3848648648649,56,707,407,300
1078,929987,63.8396801112657,83.2245098039216,29.618,719,459,260
1079,930101,81.1627870967742,85.9776551724138,75.0025882352941,775,435,340
1080,931487,71.1079293739968,68.6471428571429,72.7794070080863,623,252,371
1081,935103,84.4862190352021,84.6180288461538,84.33,767,416,351
1082,935202,74.4348245614035,71.9341144414169,76.5641995359629,798,367,431
1083,935505,88.4213613231552,90.9858873239437,86.3090487238979,786,355,431
1084,936909,81.0802054054054,82.9785957446809,79.1192307692308,925,470,455
1085,937751,77.5797197452229,76.193984962406,79.0121243523316,785,399,386
1086,938786,69.2307822685789,70.5730989583333,67.8849608355091,767,384,383
1087,939610,74.4871961492178,66.7580810810811,80.6906073752712,831,370,461
1088,941733,73.5548410404624,82.6877777777778,61.9664918032787,692,387,305
1089,942109,75.9244444444444,64.4679120879121,84.2648,648,273,375
1090,943063,81.5625054229935,79.9611022044088,83.4516312056738,922,499,423
1091,943768,81.6314336492891,79.9492601431981,83.2898588235294,844,419,425
1092,948060,63.2116839378238,54.4170718232044,70.9766829268293,772,362,410
1093,950394,66.7719122257053,71.4667095115681,59.4374698795181,638,389,249
1094,950854,78.2150656167979,79.9428813559322,76.715931372549,762,354,408
1095,951337,81.4724940617577,87.0614473684211,74.87,842,456,386
1096,952015,77.8694019138756,84.7988123515439,70.8398072289157,836,421,415
1097,954067,47.2466952264382,32.74995,61.1524460431655,817,400,417
1098,955223,75.8830705882353,83.2967864693446,66.5815119363395,850,473,377
1099,956738,80.0001707317073,78.722293144208,81.3617380352645,820,423,397
1100,957968,79.7212166859791,80.4801535087719,78.8709090909091,863,456,407
1101,959159,68.682345828295,71.6331442080378,65.5927722772277,827,423,404
1102,962840,77.4686506024096,80.8588995215311,74.0290291262136,830,418,412
1103,964123,71.406131498471,62.995,81.3312666666667,654,354,300
1104,964283,79.1740513552069,78.9005198776758,79.4132085561497,701,327,374
1105,964785,78.507950310559,81.4515789473684,75.6150738916256,805,399,406
1106,965133,82.0575,81.8850868486352,82.2179676674365,836,403,433
1107,967776,77.6252660300136,80.5406896551724,74.005504587156,733,406,327
1108,967800,87.1466155660377,84.8878260869565,90.1356438356164,848,483,365
1109,969546,68.2072010869565,68.6720802005013,67.6567952522255,736,399,337
1110,972622,66.6261083123426,52.0371544715447,79.2927529411765,794,369,425
1111,973234,77.1344207317073,85.3299401197605,68.6334782608696,656,334,322
1112,973321,92.8162292817679,95.4282258064516,90.0558238636364,724,372,352
1113,975387,68.74928125,76.9228205128205,55.99856,640,390,250
1114,975468,81.0197324840764,81.6916704805492,80.1759482758621,785,437,348
1115,975727,59.020244648318,40.7172142857143,72.7230481283422,654,280,374
1116,976633,84.3509436133487,83.805,84.8759367945824,869,426,443
1117,977386,88.2414668218859,85.7797435897436,90.6974651162791,859,429,430
1118,978444,87.9909399477807,83.9044063324538,91.9929974160207,766,379,387
1119,978795,79.6290079365079,84.0764925373134,74.5784745762712,756,402,354
1120,979040,79.2444150943396,70.0259673024523,87.1490186915888,795,367,428
1121,980741,76.4178024691358,78.9599054373522,73.6392248062015,810,423,387
1122,981339,69.5722629969419,68.2803494623656,71.2764893617021,654,372,282
1123,981610,76.3205276705277,82.8887111111111,67.2817431192661,777,450,327
1124,981710,67.0421971830986,64.223014084507,69.8613802816901,710,355,355
1125,982242,72.490664928292,70.2972772277228,74.9317906336088,767,404,363
1126,982784,81.9554882571075,76.6217183098591,86.1261674008811,809,355,454
1127,985880,85.3923396674584,88.3678299776286,82.0251392405063,842,447,395
1128,988008,87.1490060606061,88.3759189189189,86.1512967032967,825,370,455
1129,989868,86.8676515151515,88.009727520436,85.8814352941177,792,367,425
1130,991876,78.1160030395137,81.2976978417266,72.6107468879668,658,417,241
1131,993214,87.9130989010989,86.9189135254989,88.8899564270152,910,451,459
1132,993924,88.7573233404711,89.9993191489362,87.4992672413793,934,470,464
1133,996026,71.6446887966805,82.9772340425532,55.6658,723,423,300
1134,996217,63.8051267605634,81.1466825775656,38.8356701030928,710,419,291
1135,996561,80.27531107739,85.368512195122,71.8889156626506,659,410,249
1136,996728,87.2791730279898,88.3538227848101,86.1935294117647,786,395,391
1137,998457,86.4494479297365,85.517131147541,87.2411600928074,797,366,431
1138,999814,81.8723859649123,81.3333866666667,82.2934791666667,855,375,480
1139,1002631,45.5062534059946,11.1468421052632,72.5089051094891,734,323,411
1140,1008609,83.3504604486423,81.6546756152125,85.2455,847,447,400
1141,1012915,71.1675194805195,55.5887311178248,82.9137129840547,770,331,439
1142,1013841,72.8047682926829,67.8491008174387,76.8196247240618,820,367,453
1143,1014421,21.0080814576635,22.5383369803063,19.5389075630252,933,457,476
1144,1015064,69.6735655737705,60.6605405405405,77.1957142857143,732,333,399
1145,1018236,90.2459259259259,93.9683417085427,86.65,810,398,412
1146,1018335,81.6608060747663,70.2511,91.6693201754386,856,400,456
1147,1019365,80.8952357920193,82.2486292134831,79.3186387434555,827,445,382
1148,1025105,86.7412864721485,90.3003234501348,83.2937597911227,754,371,383
1149,1025510,84.2160722891566,87.4449543378995,80.6082908163265,830,438,392
1150,1028605,85.4552874859075,86.7109009009009,84.1968397291196,887,444,443
1151,1028638,82.5919059720458,86.7780048076923,77.8980592991914,787,416,371
1152,1032537,84.3536384704519,80.3882598039216,87.9094065934066,863,408,455
1153,1032823,87.7316648411829,87.03,88.4287336244542,913,455,458
1154,1036986,81.0544720496894,69.9654607508532,90.3111111111111,644,293,351
1155,1037462,80.5922602739726,68.404,88.511186440678,876,345,531
1156,1037726,81.1827963917526,77.0681210191083,83.9793506493507,776,314,462
1157,1038174,76.4416165413534,75.1812408759124,77.7801550387597,798,411,387
1158,1038564,76.8309352517986,84.630243902439,65.6108771929825,695,410,285
1159,1038704,76.2391796322489,81.0914326647565,71.5089106145251,707,349,358
1160,1038885,82.8324502487562,73.8135331230284,88.7030800821355,804,317,487
1161,1039600,49.1446404109589,61.2818518518518,36.5845296167247,584,297,287
1162,1039842,59.5339137645108,71.1494230769231,47.0801718213058,603,312,291
1163,1040627,81.7073170731707,73.7212244897959,87.8456470588235,902,392,510
1164,1040924,86.3174736842105,85.6852277657267,86.9135173824131,950,461,489
1165,1041070,83.9157262905162,81.0051396648045,86.1093894736842,833,358,475
1166,1042273,85.1895798319328,82.5643486973948,88.0813907284768,952,499,453
1167,1042549,89.7634913793103,91.1747511312217,88.48,928,442,486
1168,1044056,64.2483362831858,70.5187537993921,55.5069491525424,565,329,236
1169,1044158,80.5050632911392,77.5047188264059,83.725905511811,790,409,381
1170,1045340,89.9333796296296,89.6337557603687,90.2357906976744,864,434,430
1171,1050354,85.0577530864198,85.4415492957747,84.6319791666667,810,426,384
1172,1050755,86.090225921522,84.6185641025641,87.3628381374723,841,390,451
1173,1051667,87.6820451977401,86.6376826722338,88.9141871921182,885,479,406
1174,1053939,79.8207662835249,84.4600225225225,73.7445722713864,783,444,339
1175,1055598,79.4926075949367,76.6258313253012,82.6651733333333,790,415,375
1176,1056168,75.590374479889,60.5719713261649,85.0703167420814,721,279,442
1177,1056291,81.6713284132841,80.6823471882641,82.6725495049505,813,409,404
1178,1056324,74.2173373493976,64.8643734643735,83.216524822695,830,407,423
1179,1057145,79.6757065217391,80.0024,79.3269887640449,920,475,445
1180,1057256,68.6086434977578,65.6729166666667,72.4220618556701,892,504,388
1181,1057340,66.5857464454976,75.3887919463087,56.6740050377834,844,447,397
1182,1057349,60.7155279503106,50.3544680851064,68.7868508287293,644,282,362
1183,1057372,76.4907429963459,75.423795620438,77.5602926829268,821,411,410
1184,1057688,72.6737518463811,71.3377070063694,73.8294490358127,677,314,363
1185,1059053,86.715040091638,84.4436613272311,88.991628440367,873,437,436
1186,1059624,80.4577683956574,69.5101033591731,90.0431674208145,829,387,442
1187,1061132,79.8963994743758,78.7740409207161,81.0824594594595,761,391,370
1188,1062571,81.3644823386115,79.9011557788945,82.7413238770686,821,398,423
1189,1063964,74.7472402234637,73.6926931106472,75.9614903846154,895,479,416
1190,1064077,71.9940300546448,62.7225706940874,82.5088921282799,732,389,343
1191,1065918,88.0267136150235,85.9864543524416,90.5489238845144,852,471,381
1192,1067399,71.6570348837209,79.8698286937902,54.3023981900453,688,467,221
1193,1067416,87.0280424528302,87.4233468559838,86.4790704225352,848,493,355
1194,1069311,88.7995481335953,87.4505617977528,90.2878925619835,1018,534,484
1195,1070867,72.4904132231405,76.6948728813559,67.1984,847,472,375
1196,1071654,73.2019825708061,68.4763674321503,78.3581776765376,918,479,439
1197,1072086,79.4426127320955,74.68653125,82.949400921659,754,320,434
1198,1072941,75.6274437086093,88.4943192488263,58.966990881459,755,426,329
1199,1073163,84.1596012931034,81.2953674832962,86.8444467640919,928,449,479
1200,1076654,84.8252183406113,87.1202816901408,82.1029116945107,916,497,419
1201,1079799,56.1115938864629,62.6826492537313,46.8429473684211,458,268,190
1202,1080213,82.8827104136947,80.8137297297297,85.1954682779456,701,370,331
1203,1080510,80.1641304347826,85.1359459459459,72.6042465753425,736,444,292
1204,1081324,68.6430790960452,78.93144,57.0570870870871,708,375,333
1205,1081790,85.762469410456,87.2232735426009,84.324238410596,899,446,453
1206,1081881,85.9587214611872,87.5283509513742,84.1164516129032,876,473,403
1207,1081893,82.3247699757869,85.93,77.7489010989011,826,462,364
1208,1081929,84.3338888888889,84.3619383259912,84.30533632287,900,454,446
1209,1081951,75.6475411764706,78.605223880597,72.9935491071429,850,402,448
1210,1081961,81.1708955223881,82.134686774942,80.2268181818182,871,431,440
1211,1081981,79.9768998923574,83.5544888888889,76.6159081419624,929,450,479
1212,1082467,77.5744186046512,72.5704166666667,82.164076433121,602,288,314
1213,1082690,53.2511299435028,68.3931034482759,38.6138888888889,708,348,360
1214,1082886,82.4861377245509,83.7244186046512,80.7807473309608,668,387,281
1215,1084010,74.3079076923077,81.3116666666667,63.3886614173228,650,396,254
1216,1084982,84.4039056356488,79.1091922005571,89.1088613861386,763,359,404
1217,1085066,76.9349660786974,68.7114110429448,83.4577858880779,737,326,411
1218,1085488,71.4952080123267,59.584,78.4846699266504,649,240,409
1219,1085642,76.2477553444181,72.1297555012225,80.1375057736721,842,409,433
1220,1085965,86.4392655367232,87.4990566037736,85.4645336225597,885,424,461
1221,1086701,81.3581491344873,78.8821739130435,83.2165734265734,751,322,429
1222,1087132,76.9703078817734,62.8922662889518,87.797211328976,812,353,459
1223,1087786,84.7801664684899,81.1888366336634,88.1002974828375,841,404,437
1224,1089314,73.0594136291601,69.9147851002865,76.951170212766,631,349,282
1225,1089837,82.5223970037453,86.8494154488518,76.0856211180124,801,479,322
1226,1092095,85.7136614645858,80.7691538461539,90.0666139954853,833,390,443
1227,1092361,74.6760287769784,81.5411682242991,63.6712359550562,695,428,267
1228,1093310,82.2987610619469,87.1827019498607,76.8024137931035,678,359,319
1229,1093321,84.5792289156626,85.5169158878505,83.580895522388,830,428,402
1230,1094494,79.036943231441,79.626164021164,78.3161488673139,687,378,309
1231,1095221,79.952881152461,80.6750241545894,79.2393556085919,833,414,419
1232,1096613,77.4794437086093,87.3528735632184,64.05775,755,435,320
1233,1098080,74.7410996563574,78.1327240143369,71.6181188118812,582,279,303
1234,1101777,86.3456167400881,85.7470378619154,86.9311546840958,908,449,459
1235,1102341,83.9974787878788,83.7633333333333,84.2954820936639,825,462,363
1236,1102794,85.5091976047904,82.50045,88.2758620689655,835,400,435
1237,1103010,78.7064352941177,81.29551558753,76.213025404157,850,417,433
1238,1103379,80.3839231824417,75.1561006289308,84.4288077858881,729,318,411
1239,1104858,80.1824015748032,79.1666666666667,81.0920149253731,762,360,402
1240,1105282,86.4475555555556,90.3316483516483,82.4761797752809,900,455,445
1241,1106104,81.3741755634638,72.1517721518987,86.9041176470588,843,316,527
1242,1107229,88.3509342560554,88.5609574468085,88.1901018329939,867,376,491
1243,1108484,83.2335758323058,77.619738372093,87.3688222698073,811,344,467
1244,1109069,86.6292921348314,83.4512293144208,89.5079229122056,890,423,467
1245,1110035,83.7795365853659,77.9369340974212,88.1087685774947,820,349,471
1246,1110068,50.8263636363636,49.8112734082397,52.0753456221198,484,267,217
1247,1110944,69.5722428571428,56.24834375,80.7923684210526,700,320,380
1248,1111571,64.7216822429907,57.3951879699248,71.1183369803064,856,399,457
1249,1112084,80.6671830985916,79.2033048433048,81.8621162790698,781,351,430
1250,1112808,80.4944444444445,80.5195249406176,80.4696,846,421,425
1251,1114443,85.9009702457956,85.9917632850241,85.7962674094708,773,414,359
1252,1115480,60.6116335877863,51.2678700361011,67.4587830687831,655,277,378
1253,1118528,83.9442822384428,87.0392592592593,80.516,822,432,390
1254,1118920,72.8128779840849,77.9888043478261,67.8783160621762,754,368,386
1255,1120932,85.019088639201,81.4638292682927,88.7471099744245,801,410,391
1256,1121765,82.2698581560284,81.7558108108108,82.8376119402985,846,444,402
1257,1123141,69.0147746478873,58.3629537366548,75.9918414918415,710,281,429
1258,1125011,80.0305961251863,90.8670812182741,64.6169675090253,671,394,277
1259,1128546,83.058163507109,80.4584263959391,85.3343777777778,844,394,450
1260,1128640,84.2817321688501,83.0198113207547,85.7632911392405,687,371,316
1261,1129089,65.7093256814921,70.9366875,61.2723076923077,697,320,377
1262,1129165,72.1305901639344,74.1007194244604,70.4809036144578,610,278,332
1263,1132930,85.660637254902,82.8862591687041,88.4486486486486,816,409,407
1264,1136925,86.2738616071428,82.0854963680387,89.8552173913043,896,413,483
1265,1137135,76.3150619195046,76.5953799392097,76.0241324921136,646,329,317
1266,1137803,80.2084375,79.6133009708738,80.897191011236,768,412,356
1267,1138121,87.0784831460674,85.3491860465116,88.695,890,430,460
1268,1140916,89.4871464330413,85.6351761517615,92.7926744186046,799,369,430
1269,1141162,86.2893333333333,82.9049180327869,90.2163586956522,795,427,368
1270,1141284,86.1643553459119,85.1232440476191,87.3304,636,336,300
1271,1141972,71.0683176100629,75.0642159383033,64.7751821862348,636,389,247
1272,1142433,88.9567587034814,91.5165137614679,86.1455415617128,833,436,397
1273,1144188,86.5026380368098,86.7685496183206,86.255,815,393,422
1274,1144969,75.8073200992556,69.3946437994723,81.4991334894614,806,379,427
1275,1146160,75.1786370157819,81.3828457446808,67.9114018691589,697,376,321
1276,1146192,82.2583870967742,87.9730289532294,71.2460515021459,682,449,233
1277,1146884,75.6894612352168,85.2041031390135,62.2179365079365,761,446,315
1278,1147505,86.1174941176471,86.5935384615385,85.5691392405063,850,455,395
1279,1147666,82.1618918918919,85.88,76.9468831168831,740,432,308
1280,1147830,86.5586705202312,86.2597763578275,86.8055145118734,692,313,379
1281,1147931,72.566011994003,70.5332601880878,74.429367816092,667,319,348
1282,1147949,77.8705947441217,85.7795337995338,66.33,723,429,294
1283,1148598,88.3420490797546,88.2609046454768,88.4237931034483,815,409,406
1284,1149528,85.3124559341951,83.2921621621622,87.1643918918919,851,407,444
1285,1149606,86.9536341463415,91.6692592592592,81.7032474226804,820,432,388
1286,1152330,85.8172907801418,82.477915407855,88.7727272727273,705,331,374
1287,1153446,78.366562962963,62.7024590163934,87.2344083526682,675,244,431
1288,1153479,63.6553151260504,67.7293971631206,57.7331958762887,476,282,194
1289,1153923,78.4951693667158,77.7418497109827,79.2778978978979,679,346,333
1290,1154340,79.5386311239193,85.61,71.1305154639175,694,403,291
1291,1154631,72.2808269525268,61.7756996587031,80.8308333333333,653,293,360
1292,1156929,80.5148365122616,73.4019680851064,87.9853351955307,734,376,358
1293,1157233,81.8298569384835,85.0588674698795,77.1114084507042,699,415,284
1294,1157560,74.567439862543,72.9947257383966,75.6478260869565,582,237,345
1295,1158289,81.9517880794702,74.7151320754717,87.6087610619469,604,265,339
1296,1159792,83.1989024390244,87.706912568306,78.7636021505376,738,366,372
1297,1159940,87.1055817610063,87.9131722054381,86.2291475409836,636,331,305
1298,1161140,85.5323847376789,92.7281818181818,74.1783606557377,629,385,244
1299,1161218,83.3344661458333,82.1724233983287,84.3544498777506,768,359,409
1300,1161359,86.3249806451613,88.9762820512821,83.6392467532468,775,390,385
1301,1161605,76.3923607427056,75.1337837837838,77.6050520833333,754,370,384
1302,1162295,66.843440285205,61.1982,71.3814147909968,561,250,311
1303,1163332,84.4352506596306,86.3544705882353,81.9857957957958,758,425,333
1304,1164310,82.9492692828146,86.0292892156863,79.152749244713,739,408,331
1305,1164813,73.26583081571,71.31,75.4866451612903,662,352,310
1306,1166255,81.6843711843712,79.0622167487685,84.2620823244552,819,406,413
1307,1167842,86.627265060241,86.5901176470588,86.6662469135803,830,425,405
1308,1169848,82.6304210526316,84.0886616161616,81.0439835164835,760,396,364
1309,1170899,84.5185634588563,85.2699433427762,83.7898901098901,717,353,364
1310,1173399,89.8349175824176,89.4127058823529,90.4271287128713,728,425,303
1311,1176137,76.4151211631664,85.9827414330218,66.1090604026846,619,321,298
1312,1176197,75.236048714479,71.1861016949153,78.9598961038961,739,354,385
1313,1177283,71.6299719101124,76.1328700906345,67.7180052493438,712,331,381
1314,1177407,76.1608720930233,83.5248554913295,68.7107602339181,688,346,342
1315,1178838,81.4831928480204,80.11,82.6639429928741,783,362,421
1316,1179047,82.3132188295165,86.785,77.99795,786,386,400
1317,1181783,81.3522556390977,82.0814161849711,80.5613793103448,665,346,319
1318,1184873,77.9439800995025,68.9651724137931,83.5587601078167,603,232,371
1319,1186638,86.6948559670782,85.3546197183099,87.9670053475936,729,355,374
1320,1187326,73.9822207621551,74.8715641025641,73.0473315363881,761,390,371
1321,1187707,60.2383909574468,44.1768059701493,73.141582733813,752,335,417
1322,1187837,5.66171098265896,4.22884187082405,7.20824519230769,865,449,416
1323,1187860,4.15684757505774,3.64535307517084,4.68271662763466,866,439,427
1324,1188094,77.4242607313195,88.0727411167513,59.5710638297872,629,394,235
1325,1188431,11.2594794188862,12.7764619164619,9.78594272076372,826,407,419
1326,1189267,80.4083265306122,86.256682464455,72.5233226837061,735,422,313
1327,1189808,52.5116988416988,37.7073770491803,65.6951094890511,777,366,411
1328,1190587,80.3218340026774,82.2783333333333,78.3176151761517,747,378,369
1329,1191148,83.5342510121458,87.8334594594595,79.2466307277628,741,370,371
1330,1191256,87.6650658682635,87.1431428571428,88.1932771084337,835,420,415
1331,1192111,84.7089272503083,84.5152284263959,84.8919424460432,811,394,417
1332,1196519,89.3472365339578,90.5635280898876,88.0238875305624,854,445,409
1333,1197710,78.4681069364162,72.991961414791,82.9381364829396,692,311,381
1334,1204087,83.0712598425197,87.2265217391304,79.1902030456853,762,368,394
1335,1204676,63.4938065522621,75.7977070063694,51.6790519877676,641,314,327
1336,1205570,86.879872611465,85.821564792176,88.0310638297872,785,409,376
1337,1206259,87.5148605577689,81.9996,92.3047890818859,753,350,403
1338,1206895,79.071375186846,80.6359803921569,76.6255555555556,669,408,261
1339,1208213,81.232731092437,86.816368159204,74.0384294871795,714,402,312
1340,1211116,86.9776232616941,84.9528155339806,89.1787335092348,791,412,379
1341,1211175,70.0274861878453,61.8369359331476,78.083397260274,724,359,365
1342,1211367,84.6145241199478,84.475572519084,84.7605347593583,767,393,374
1343,1212152,76.857479338843,82.0492592592593,71.9979733333333,726,351,375
1344,1212322,83.9370414993306,87.7190571428571,80.6027707808564,747,350,397
1345,1212357,88.8622778473091,89.1466050808314,88.5259016393443,799,433,366
1346,1213271,80.3286186186186,79.1943795620438,81.1214285714286,666,274,392
1347,1213381,85.1951675977654,81.4594943820225,88.8893333333333,716,356,360
1348,1213739,77.60421875,73.2870588235294,82.497,768,408,360
1349,1213864,76.8637234042553,75.4273722627737,78.594926686217,752,411,341
1350,1213937,80.137602739726,71,86.5126744186046,730,300,430
1351,1213984,89.6372804878049,92.3287376237624,87.0234615384615,820,404,416
1352,1214144,91.5253813559322,87.8062020905923,94.060783847981,708,287,421
1353,1216821,72.8179865771812,71.5794736842105,73.9529581993569,596,285,311
1354,1217739,80.6207170542636,87.2264598540146,73.1414876033058,516,274,242
1355,1218045,89.4157666214383,87.5746273291925,90.844313253012,737,322,415
1356,1219993,83.2680876494024,79.9397674418605,86.0674572127139,753,344,409
1357,1220368,84.9106393861892,84.4304221635884,85.3622580645161,782,379,403
1358,1220402,79.9722997032641,75.2230088495575,84.7782985074627,674,339,335
1359,1220671,85.6587055837563,86.6359665871122,84.5490243902439,788,419,369
1360,1222572,93.0005714285714,90.3304419889503,95.8602958579882,700,362,338
1361,1222892,84.9592757660167,87.791974025974,81.6842342342342,718,385,333
1362,1223586,80.6125190839695,77.216582278481,83.7780530973451,655,316,339
1363,1224022,83.4572968980798,82.5861477572559,84.5652348993289,677,379,298
1364,1224289,77.6510891089109,69.8424615384615,84.294554973822,707,325,382
1365,1224384,57.3510500807755,47.6686021505376,65.2963529411765,619,279,340
1366,1224550,83.2861337209302,81.1135,85.6707317073171,688,360,328
1367,1224800,92.5787868080094,93.1426241134752,92.0189201877934,849,423,426
1368,1225692,87.3485185185185,82.7482746478873,90.9377197802198,648,284,364
1369,1226789,86.0633694181326,85.3947524752475,86.8697014925373,739,404,335
1370,1227248,76.7014263074485,67.9557042253521,83.8593083573487,631,284,347
1371,1231240,70.7076679104478,77.8111550151976,59.4175845410628,536,329,207
1372,1232529,86.1467254408061,84.848870523416,87.2398143851508,794,363,431
1373,1233466,84.4859151193634,84.0243298969072,84.9752459016394,754,388,366
1374,1233489,82.6743383356071,81.300566572238,83.9505,733,353,380
1375,1233887,75.3880062305296,60.6074242424242,85.7109523809524,642,264,378
1376,1234184,83.8752303523035,89.2333014354067,76.87625,738,418,320
1377,1234572,62.2931693989071,73.816,50.7282846715328,549,275,274
1378,1235700,78.74810626703,82.4998888888889,75.1367647058824,734,360,374
1379,1237307,86.835056022409,90.7823306233062,82.6131884057971,714,369,345
1380,1240699,89.2821215469613,89.2395067264574,89.3235294117647,905,446,459
1381,1240873,91.4034382566586,93.3496674584323,89.3803209876543,826,421,405
1382,1244518,89.2216399082569,90.2764089775561,88.3236305732484,872,401,471
1383,1244600,92.3446901579587,91.6286602870813,93.0837037037037,823,418,405
1384,1245136,80.7340519877676,78.45,82.6342296918767,654,297,357
1385,1245308,88.2577132262052,89.7102638522427,86.9774418604651,809,379,430
1386,1245626,84.4930880420499,86.6677866666667,82.3803626943005,761,375,386
1387,1246521,59.8353278688525,51.5472164948454,67.3959561128527,610,291,319
1388,1246672,60.3439184952978,73.2799470899471,41.5369230769231,638,378,260
1389,1247550,57.6523179791976,24.7127376425856,78.7818536585366,673,263,410
1390,1247635,73.8742857142857,80.2658421052631,67.7564231738035,777,380,397
1391,1248734,81.6196573208723,79.0618732782369,84.9475268817204,642,363,279
1392,1250513,77.110455136541,74.1971744471744,80.3858839779006,769,407,362
1393,1251203,67.2998648648649,71.8031853785901,62.4685714285714,740,383,357
1394,1251460,87.263051702396,80.9788472622478,92.152331838565,793,347,446
1395,1251871,87.5381163434903,82.1463186813187,93.0202793296089,722,364,358
1396,1252393,89.3576237623762,89.8266997518611,88.8908641975309,808,403,405
1397,1252756,88.106776504298,88.6699723756906,87.5,698,362,336
1398,1253797,84.8273554913295,85.5932564841499,84.0570144927536,692,347,345
1399,1253815,80.100353130016,62.2044019138756,89.1347826086957,623,209,414
1400,1253987,6.66897267759563,4.38671052631579,8.93631808278867,915,456,459
1401,1254029,13.397796234773,16.8464551422319,9.86408071748879,903,457,446
1402,1254378,90.7772890888639,90.3542823529412,91.1647413793104,889,425,464
1403,1254988,88.6945718901454,94.9007142857143,77.9773568281938,619,392,227
1404,1257178,75.1097019374069,79.8366666666667,69.2286622073579,671,372,299
1405,1258517,86.2486721504113,84.1951693002257,88.4783333333333,851,443,408
1406,1258614,86.8322025316456,84.1068493150685,89.1728,790,365,425
1407,1260116,90.0106805708013,90.0210828025478,89.9995454545454,911,471,440
1408,1260288,80.5231513647643,87.3592873563218,72.5077358490566,806,435,371
1409,1260555,91.5441753653445,92.4779268292683,90.5583261802575,958,492,466
1410,1260926,88.260495049505,89.6824815724816,86.3313333333333,707,407,300
1411,1261046,73.4244239631336,68.0119117647059,77.3088654353562,651,272,379
1412,1261221,90.5588344988345,94.3497608695652,86.1773618090452,858,460,398
1413,1264796,90.9686768447837,89.5585150812065,92.6807323943662,786,431,355
1414,1266750,94.4853846153846,92.8350746268657,95.7277528089888,780,335,445
1415,1267158,90.4311656441718,89.279627039627,91.7109844559586,815,429,386
1416,1267382,87.6695849056604,87.5255529411765,87.835027027027,795,425,370
1417,1268080,83.3523662306778,84.8097196261682,81.8420823244552,841,428,413
1418,1269660,91.4901748251748,88.8337529691211,94.0493363844394,858,421,437
1419,1269720,92.0667230169051,91.5140359897172,92.6325,769,389,380
1420,1269933,80.032124600639,68.0560456273764,88.7090082644628,626,263,363
1421,1270954,90.6420971563981,91.451567695962,89.8364539007092,844,421,423
1422,1271145,94.2633572281959,91.7515463917526,96.4339198218263,837,388,449
1423,1272023,75.2276876876877,68.6725949367089,81.146,666,316,350
1424,1272248,84.099495412844,85.2524778761062,82.8586666666667,654,339,315
1425,1272811,85.2701564537158,87.7848295454546,83.1372289156627,767,352,415
1426,1273909,91.7774851013111,90.7747880299252,92.6954794520548,839,401,438
1427,1274041,86.3865833333333,80.586336996337,89.9290156599553,720,273,447
1428,1274269,83.9875857687421,87.4376086956522,80.1583378016086,787,414,373
1429,1274296,79.2991048951049,74.0177039274924,83.8515625,715,331,384
1430,1274785,87.295144654088,86.1854143646409,88.2229099307159,795,362,433
1431,1276857,88.8226991676575,89.0075916230366,88.6688235294118,841,382,459
1432,1280127,90.7404130162703,89.8096694214876,91.5153211009174,799,363,436
1433,1280566,87.580608365019,90.6513766233766,84.6542574257426,789,385,404
1434,1281054,90.8478832951945,91.3990322580645,90.4394621513944,874,372,502
1435,1281359,89.2904196816208,92.7974515235457,85.4539393939394,691,361,330
1436,1281512,89.9549887133183,91.8759113300493,88.3302083333333,886,406,480
1437,1284130,88.2183029453015,91.1465245901639,86.0293137254902,713,305,408
1438,1284451,83.7622186495177,87.8376756756757,77.7784126984127,622,370,252
1439,1287300,90.8006625766871,88.1301846965699,93.1220183486238,815,379,436
1440,1287655,89.4209068010075,91.4353211009174,88.0103854389722,794,327,467
1441,1288609,91.0646933333333,88.6884318766067,93.6252631578947,750,389,361
1442,1291609,73.8451445086705,77.0193548387097,72.0721621621622,692,248,444
1443,1291636,80.5850526315789,81.8209090909091,79.5188235294118,855,396,459
1444,1292541,88.792302955665,85.8273262032086,91.3240410958904,812,374,438
1445,1293496,84.1014191852825,82.3075067024129,85.8259793814433,761,373,388
1446,1293561,79.1232828282828,79.934381270903,78.301186440678,594,299,295
1447,1293749,85.1237516170763,80.4234391534391,89.6217721518988,773,378,395
1448,1294904,91.1847344632768,89.4073399014778,92.6912526096033,885,406,479
1449,1298294,79.9721810699589,73.9867052023121,85.3794255874674,729,346,383
1450,1301565,80.4164985163205,82.0078171091446,78.8061791044776,674,339,335
1451,1301712,84.0329634641407,72.7251048951049,91.1721412803532,739,286,453
1452,1301878,83.6341558441558,85.6723140495868,81.8163390663391,770,363,407
1453,1301929,81.3374274905423,68.9425465838509,89.8112101910828,793,322,471
1454,1301959,74.0561964735516,78.8924274406332,69.6394939759036,794,379,415
1455,1302021,87.2794962216625,89.2306153846154,85.3959900990099,794,390,404
1456,1302846,80.5866620111732,85.3049279538905,76.149701897019,716,347,369
1457,1303587,82.695304964539,70.85466367713,88.1734439834025,705,223,482
1458,1303937,70.8142242703533,85.549616519174,54.8036538461538,651,339,312
1459,1306567,90.3094885598923,87.6871771771772,92.4393170731707,743,333,410
1460,1307063,91.8574045801527,90.3997333333333,93.187396593674,786,375,411
1461,1307356,82.6269335347432,81.228640776699,83.8509348441926,662,309,353
1462,1309787,79.5933726812816,81.9025714285714,76.9768345323741,593,315,278
1463,1310664,74.0217232375979,84.9908545034642,59.7585585585586,766,433,333
1464,1310712,87.3373622508793,89.9083486238532,84.6492326139089,853,436,417
1465,1312465,91.8518835978836,90.5057174392936,93.0913414634146,945,453,492
1466,1312869,91.42808,93.1588679245283,89.8009090909091,875,424,451
1467,1313114,88.8643783783784,85.4992324093817,92.3254605263158,925,469,456
1468,1314305,89.7965943877551,91.2833333333333,87.6968615384615,784,459,325
1469,1315208,89.9051728907331,87.9325862068966,91.7357333333333,723,348,375
1470,1315412,86.158723150358,89.7846086956522,81.7462698412698,838,460,378
1471,1317512,93.0099533799534,91.0908910891089,94.7176651982379,858,404,454
1472,1318145,86.9910162601626,85.3145569620253,88.9216326530612,738,395,343
1473,1318418,87.5634422110553,81.9427223719677,92.47,796,371,425
1474,1319124,78.0920187793427,66.1991197183099,87.606338028169,639,284,355
1475,1319196,72.85249500998,68.1046511627907,79.998,501,301,200
1476,1321289,90.3976056338028,89.2308,91.2292105263158,781,325,456
1477,1321968,80.53246105919,75.1742068965517,84.9469318181818,642,290,352
1478,1322702,92.4732735961768,90.9611299435028,93.5815527950311,837,354,483
1479,1323437,88.1104573170732,88.7338028169014,87.6345698924731,656,284,372
1480,1324241,88.0366666666667,83.200081300813,92.0026666666667,819,369,450
1481,1324897,92.4341447368421,88.5702857142857,95.7325609756098,912,420,492
1482,1326021,82.2378588807786,73.6449612403101,89.8825747126437,822,387,435
1483,1326871,94.1467502986858,88.5892934782609,98.5073987206823,837,368,469
1484,1327030,90.2180193236715,92.0525165562914,88.0019466666667,828,453,375
1485,1327201,90.0655849889625,87.6146788990826,92.3391914893617,906,436,470
1486,1328362,85.4793560606061,88.1016018306636,82.2514084507042,792,437,355
1487,1328398,91.0851486199576,88.9906828193833,93.0336885245902,942,454,488
1488,1329337,87.0015,92.087170263789,79.5077738515901,700,417,283
1489,1330087,87.3550436046512,84.8222619047619,89.7726988636364,688,336,352
1490,1331822,91.8235849056604,94.5997408207343,87.9520180722891,795,463,332
1491,1331849,88.526259314456,85.5769230769231,91.0894707520891,671,312,359
1492,1331859,87.1705283018868,91.3586419753086,80.5833980582524,795,486,309
1493,1336813,91.11,90.8507255520505,91.3139454094293,720,317,403
1494,1336840,87.4335695187166,85.4265714285714,89.1985175879397,748,350,398
1495,1336851,88.777553593947,81.8807665505227,92.6893675889328,793,287,506
1496,1337369,86.3844925742574,91.0385416666667,79.5736890243902,808,480,328
1497,1337497,88.34664160401,84.865945945946,91.3556542056075,798,370,428
1498,1339708,78.9573579109063,58.9472357723577,91.1116543209877,651,246,405
1499,1339812,93.1283078880407,96.3413658536585,89.6247074468085,786,410,376
1500,1340064,88.7446176046176,84.9009116809117,92.6894736842105,693,351,342
1501,1342280,88.1099405469679,93.4522270742358,81.7215143603133,841,458,383
1502,1343511,82.573152039555,80.0007692307692,84.9674940334129,809,390,419
1503,1343716,92.6843348115299,88.310974025974,97.2763636363636,902,462,440
1504,1344231,88.4403064066852,90.7016582914573,85.62775,718,398,320
1505,1345979,93.5892019347038,95.0671830985916,92.0190773067332,827,426,401
1506,1347467,84.0171251548947,92.1644491525424,72.5379104477612,807,472,335
1507,1347869,76.5389149560117,90.9528140703518,56.3391549295775,682,398,284
1508,1347899,87.0882967032967,84.5233928571429,89.2867857142857,728,336,392
1509,1348035,66.3101692307692,80.4661953727506,45.211724137931,650,389,261
1510,1349152,94.3631679819617,95.9653139013453,92.7428571428572,887,446,441
1511,1350766,85.8325885558583,87.2364361702128,84.358156424581,734,376,358
1512,1352142,66.3000273972603,36.8246107784431,91.1606060606061,730,334,396
1513,1352221,86.2860023446659,84.7461971830986,87.8222014051522,853,426,427
1514,1354204,92.0115871254162,89.9566210045662,93.9555939524838,901,438,463
1515,1354314,92.7432870864461,92.4210947368421,93.0745454545455,937,475,462
1516,1354405,87.96560875513,89.4638303341902,86.2614912280702,731,389,342
1517,1355262,87.8033197831978,80.4240061162079,93.6744525547445,738,327,411
1518,1355939,75.4037997054492,52.1587050359712,91.5188528678304,679,278,401
1519,1356596,88.8035114503817,90.5752413793103,86.6077777777778,786,435,351
1520,1356694,91.4090334128878,94.8179481641469,87.20016,838,463,375
1521,1356762,85.0658069381599,79.9320066889632,89.2828571428571,663,299,364
1522,1357381,92.2467802585194,92.3883248730965,92.1247483588621,851,394,457
1523,1357807,81.241071932299,62.4472573839662,90.6777966101695,709,237,472
1524,1359821,93.8774322732627,92.0835148514852,95.5060674157303,849,404,445
1525,1361274,83.7279362416107,79.6947076923077,88.5648339483395,596,325,271
1526,1361507,83.5358436213992,85.7473614775726,81.1410857142857,729,379,350
1527,1364051,89.2950352941176,90.1668384074942,88.414988179669,850,427,423
1528,1366935,64.2728549141966,77.9787155963303,49.9995541401274,641,327,314
1529,1368602,90.33,94.6828834355828,82.3278947368421,755,489,266
1530,1369549,89.3007133058985,88.4855617977528,90.0787131367292,729,356,373
1531,1369650,91.655404732254,93.3771964679912,89.4269142857143,803,453,350
1532,1371776,76.3515162454874,84.009592476489,65.956085106383,554,319,235
1533,1373931,81.4861891891892,72.133737704918,88.0436551724138,740,305,435
1534,1375838,3.58202318229715,6.44765591397849,0.828884297520661,949,465,484
1535,1375946,85.9366451612903,79.9439548022599,90.9756294536817,775,354,421
1536,1376724,95.1612158808933,94.1435135135135,96.4094475138122,806,444,362
1537,1380260,91.366374501992,89.3043315508021,93.4012137203166,753,374,379
1538,1380491,93.5277918781726,91.3454807692308,95.9682258064516,788,416,372
1539,1381115,93.3008343868521,90.0030909090909,97.4347578347578,791,440,351
1540,1381344,63.6379973649539,32.7546376811594,89.3741304347826,759,345,414
1541,1382279,81.2379445350734,86.2667875647668,72.6866960352423,613,386,227
1542,1382548,93.1951672433679,90.2252272727273,96.2555269320843,867,440,427
1543,1382624,94.4228793774319,93.9949549549549,94.7482191780822,771,333,438
1544,1382954,71.2615485564305,57.3247727272727,86.3406830601093,762,396,366
1545,1383138,81.7782798833819,86.0729223744292,74.1933870967742,686,438,248
1546,1383657,91.2242896935933,88.6867584097859,93.3464705882353,718,327,391
1547,1386180,84.9016066481994,85.3444215938303,84.3843243243243,722,389,333
1548,1386288,86.4057488479263,84.2253364269142,88.5562242562929,868,431,437
1549,1387077,94.2427659574468,95.8809443099274,92.49,799,413,386
1550,1387262,69.6926815642458,57.4774486803519,80.8004,716,341,375
1551,1387745,87.1278106508876,86.535,87.8194230769231,676,364,312
1552,1388009,81.2876129032258,83.7197209302326,78.2562898550725,775,430,345
1553,1388469,78.8999313893653,88.1546052631579,68.8159856630824,583,304,279
1554,1392346,92.1689345314506,92.3398687089716,91.9263354037267,779,457,322
1555,1393483,91.0534054834055,86.3152631578947,94.363137254902,693,285,408
1556,1393663,81.5373846153846,77.8450632911392,87.256862745098,520,316,204
1557,1395552,81.3119314641745,84.0274556213018,78.2926973684211,642,338,304
1558,1395575,84.539161849711,88.7026923076923,78.2636956521739,692,416,276
1559,1396676,89.4486012269939,85.6139858490566,93.6068542199488,815,424,391
1560,1397424,91.0953082191781,92.0524503311258,90.0702836879433,876,453,423
1561,1400367,89.0956117021277,83.5651253481894,94.1476335877863,752,359,393
1562,1401588,88.4062569832402,83.0464942528736,93.4747282608696,716,348,368
1563,1401671,86.8017258883249,87.3832176656151,86.1289781021898,591,317,274
1564,1402956,84.6754502369668,72.84,92.0498461538462,633,243,390
1565,1403305,88.6388639053254,90.4843619489559,86.7175845410628,845,431,414
1566,1405164,92.9458910891089,93.1050246305419,92.7851741293532,808,406,402
1567,1405755,92.3229043683589,90.3923891625616,94.1002040816327,847,406,441
1568,1405976,88.8117403314917,87.4985227272727,90.0543548387097,724,352,372
1569,1406148,78.6339676840215,83.2681412639405,74.3055208333333,557,269,288
1570,1406536,65.2219633943428,52.4785815602837,76.4872727272727,601,282,319
1571,1406941,76.4155817610063,72.6673,79.7622619047619,636,300,336
1572,1408020,90.7030335365854,87.9435294117647,93.6721202531646,656,340,316
1573,1410377,88.505055401662,85.6340517241379,91.1764705882353,722,348,374
1574,1412682,83.0643935926773,86.1076984126984,78.9189189189189,437,252,185
1575,1412688,63.4968362831858,46.6662745098039,85.2825888324873,452,255,197
1576,1413709,86.2963556851312,87.0964516129032,85.3484713375796,686,372,314
1577,1414566,86.3812232030265,91.8120905172414,78.7218844984803,793,464,329
1578,1414621,90.5552226720648,92.2938095238095,87.9995,741,441,300
1579,1415256,82.8860221870048,81.3960465116279,84.2450606060606,631,301,330
1580,1416484,91.6050182481752,90.4584098939929,92.8295094339623,548,283,265
1581,1417062,85.4163888888889,87.5,82.811875,720,400,320
1582,1417759,90.158302425107,91.965,88.4951506849315,701,336,365
1583,1418220,91.483201174743,86.6046428571429,96.2344927536232,681,336,345
1584,1418368,82.2627828746177,87.3607303370786,76.1726174496644,654,356,298
1585,1418414,80.5220398773006,78.9135714285714,81.8429608938548,652,294,358
1586,1418437,77.2728321678322,75.2781549815498,79.0687043189369,572,271,301
1587,1422152,88.0919682539683,87.951605839416,88.2,630,274,356
1588,1422776,89.4353098591549,93.12,85.2400903614458,710,378,332
1589,1422859,76.3555271565495,52.1404280155642,93.2207859078591,626,257,369
1590,1423231,80.6968347826087,84.9440361445783,74.8940740740741,575,332,243
1591,1423415,72.8552668213457,69.4883088235294,78.6150943396226,431,272,159
1592,1425053,87.5220345489443,81.16,91.7161146496815,521,207,314
1593,1427044,87.6028140703518,89.6528526645768,85.2504316546763,597,319,278
1594,1427731,92.9638173652695,96.4290051020408,88.0422463768116,668,392,276
1595,1428040,95.4217475728155,95.9076982097187,94.8459696969697,721,391,330
1596,1431040,90.1623054331865,89.9363414634146,90.3722662889518,681,328,353
1597,1431091,91.575647425897,89.3886816720257,93.636696969697,641,311,330
1598,1431580,88.7025126475548,91.6439554317549,84.1897863247863,593,359,234
1599,1431668,88.3674131944445,91.454746835443,84.6151153846154,576,316,260
1600,1432582,82.2644763513513,84.5136363636364,80.0000677966102,592,297,295
1601,1434581,85.2503417266187,86.5184326018809,83.5435021097046,556,319,237
1602,1434729,86.118958677686,88.859156626506,82.7865567765568,605,332,273
1603,1435226,93.2713455657492,91.9535632183908,94.77,654,348,306
1604,1435538,87.9690601503759,92.0524503311258,82.6073913043478,532,302,230
1605,1436731,91.1924525043178,88.5313620071685,93.6672666666667,579,279,300
1606,1437124,90.8135681470138,89.2156851311953,92.5815483870968,653,343,310
1607,1437365,79.4046753246753,87.4966666666667,70.1198406374502,539,288,251
1608,1439079,92.7419400630915,95.9970769230769,89.3182524271845,634,325,309
1609,1439713,91.9409375,92.811,90.9742013888889,608,320,288
1610,1440343,81.4490636042403,73.1165949820789,89.5492682926829,566,279,287
1611,1441077,64.2177777777778,40.6844866920152,87.3120149253731,531,263,268
1612,1442557,92.5084039087948,93.2557303370786,91.9333717579251,614,267,347
1613,1442586,84.2195963302752,87.1336029411765,81.3162637362637,545,272,273
1614,1442918,88.4091746031746,93.4036813186813,81.5745864661654,630,364,266
1615,1443009,91.0420953757226,96.3651948051948,84.3665472312704,692,385,307
1616,1443180,89.3148516320475,89.2735388739946,89.3660465116279,674,373,301
1617,1443262,83.3062074554295,91.0079564032697,72.00004,617,367,250
1618,1444067,92.1833818181818,94.1391856677525,89.7124691358025,550,307,243
1619,1444323,87.8809259259259,86.5620553359684,88.8594428152493,594,253,341
1620,1444981,88.0263575042159,94.861419939577,79.3912213740458,593,331,262
1621,1445851,90.4847580645161,92.4835947712418,88.536847133758,620,306,314
1622,1446133,86.8132363013699,90.7211683848797,82.9319795221843,584,291,293
1623,1446212,66.5173214285714,56.8530964467005,74.102390438247,448,197,251
1624,1447359,89.3234519572954,83.5995238095238,92.2237801608579,562,189,373
1625,1448663,76.7945215311005,80.9940495867769,71.0201704545455,418,242,176
1626,1448668,83.9347791164659,74.7462626262626,89.9992,498,198,300
1627,1449411,86.2319508196721,86.170144092219,86.3134980988593,610,347,263
1628,1450124,82.1954908485857,77.1527814569536,87.2887959866221,601,302,299
1629,1451391,89.6750070721358,87.5040909090909,91.8275774647887,707,352,355
1630,1451721,81.42484375,88.4518541033435,72.064979757085,576,329,247
1631,1451982,83.789795221843,82.4364189189189,85.1711724137931,586,296,290
1632,1453645,87.799112754159,95.0505729166667,70.0630573248408,541,384,157
1633,1454364,91.0947737226277,88.5998045602606,93.1211111111111,685,307,378
1634,1454406,93.765649867374,93.3679575596817,94.1633421750663,754,377,377
1635,1455945,79.3972107765452,71.9146575342466,85.8423598820059,631,292,339
1636,1455981,87.831856474259,93.5059220779221,79.29859375,641,385,256
1637,1456459,95.3540163934426,96.3988431876607,94.1690670553936,732,389,343
1638,1456623,89.1421717990276,95.2938227146814,80.4673828125,617,361,256
1639,1456854,92.1453172205438,92.0505128205128,92.28125,662,390,272
1640,1457667,94.0095231607629,93.1922343324251,94.8268119891008,734,367,367
1641,1457924,86.6658604651163,78.828077994429,96.5041958041958,645,359,286
1642,1460904,92.2635328467153,89.0205934718101,95.4039655172414,685,337,348
1643,1461876,92.3862236628849,94.5489090909091,89.899512195122,617,330,287
1644,1462278,67.1608766716196,83.4279213483146,48.892523659306,673,356,317
1645,1462287,66.79928,66.2423076923077,67.2892481203008,500,234,266
1646,1462310,85.3406944444444,87.3236901408451,82.9380887372014,648,355,293
1647,1462626,81.3726666666667,75.529029535865,86.4457142857143,510,237,273
1648,1463138,87.1635805991441,82.3221739130435,91.855393258427,701,345,356
1649,1465037,78.2634963768116,88.1960516605166,68.6844128113879,552,271,281
1650,1465246,93.3507734056988,95.9288040712468,90.4055232558139,737,393,344
1651,1465719,91.8828610729023,89.9136694677871,93.7828648648649,727,357,370
1652,1466016,89.1567961165049,91.0969139465875,86.8300355871886,618,337,281
1653,1466807,80.1211561866126,69.4130588235294,91.5941176470588,493,255,238
1654,1469218,78.994703196347,74.2645602605863,83.1437142857143,657,307,350
1655,1469442,87.709708141321,85.8546052631579,89.3349279538905,651,304,347
1656,1470123,92.1758605974395,90.3562809917355,94.1185294117647,703,363,340
1657,1471018,87.3024767801858,87.4548231511254,87.1610447761194,646,311,335
1658,1471138,89.8570471014493,90.1908301886792,89.548850174216,552,265,287
1659,1477561,90.0509309791332,88.201801242236,92.0290697674419,623,322,301
1660,1481790,64.1850503018109,56.442,70.5901470588235,497,225,272
1661,1483376,81.2482536764706,75.4481227436823,87.2656179775281,544,277,267
1662,1483928,86.417223880597,93.0244850498339,81.0275609756097,670,301,369
1663,1484334,91.3832032520325,86.9884931506849,95.3561300309597,615,292,323
1664,1484754,89.8215993537964,94.0302985074627,84.8571126760563,619,335,284
1665,1485825,90.5266842105263,92.662629969419,87.6523868312757,570,327,243
1666,1486060,82.7766390041494,70.64,92.7985606060606,482,218,264
1667,1486618,95.2240308988764,94.4927826086957,95.9114441416894,712,345,367
1668,1487427,74.4854066985646,64.8683445945946,83.0855589123867,627,296,331
1669,1487521,91.5380307692308,90.0278504672897,93.0114893617021,650,321,329
1670,1488015,92.8703752345216,89.9992121212121,97.5377832512315,533,330,203
1671,1488597,94.7576855895197,92.9154495912807,96.8705,687,367,320
1672,1489158,91.4402752293578,90.1764739884393,92.86,654,346,308
1673,1491048,93.0307256894049,89.4059190031153,96.1925815217391,689,321,368
1674,1491319,94.6391819464034,92.8754707379135,96.8326582278481,709,393,316
1675,1491540,95.5900688705234,92.2857142857143,98.6659308510638,726,350,376
1676,1491832,89.9179327731092,86.1680979827089,95.1646774193548,595,347,248
1677,1491940,95.9073669849932,92.3505949008499,99.2114210526316,733,353,380
1678,1492042,94.5441197183099,92.1913125,97.58,568,320,248
1679,1492381,86.3084575389948,92.4200583090379,77.35,577,343,234
1680,1492530,87.2843298969072,85.0744776119403,89.1704458598726,582,268,314
1681,1492583,96.780998389694,97.4132038834951,96.1548717948718,621,309,312
1682,1493325,96.4672231139647,96.4407829181495,96.4889473684211,623,281,342
1683,1493746,90.8605197132617,94.8266379310345,84.2880952380952,558,348,210
1684,1494699,87.686050955414,85.8318623481781,89.730625,471,247,224
1685,1494783,90.3366022544283,85.3151048951049,94.6236119402985,621,286,335
1686,1495062,93.022012987013,90.0390405904059,95.3651594202898,616,271,345
1687,1496768,80.5313319672131,67.2790322580645,91.1429520295203,488,217,271
1688,1498610,88.1659368836292,79.5575138121547,92.9454601226994,507,181,326
1689,1498761,88.7773547094188,87.59908,89.9603614457831,499,250,249
1690,1498917,55.8903464203233,27.3511111111111,89.4490452261307,433,234,199
1691,1499058,91.9387164179105,90.0287459807074,93.5933147632312,670,311,359
1692,1499432,92.0601764705882,87.4576306620209,95.4213231552163,680,287,393
1693,1500035,95.2672189349112,92.4467625899281,97.2372864321608,676,278,398
1694,1501448,97.0865298013245,96.0116524216524,98.020396039604,755,351,404
1695,1501961,86.1935185185185,84.5886643835616,87.7452317880795,594,292,302
1696,1502709,93.0710692771084,93.0089361702128,93.1320895522388,664,329,335
1697,1502811,92.4084957020057,91.361512345679,93.3155080213904,698,324,374
1698,1503135,92.2736275862069,90.4147284345048,93.6858495145631,725,313,412
1699,1503661,81.4882436708861,80.2889605734767,82.43611898017,632,279,353
1700,1504089,90.8435492957747,91.7681707317073,90.0496335078534,710,328,382
1701,1504127,93.8968932038835,95.4295161290323,92.2632664756447,721,372,349
1702,1504325,87.6632792207792,86.4313953488372,88.551061452514,616,258,358
1703,1505162,89.9726323119777,86.626050955414,92.5736881188119,718,314,404
1704,1506055,96.5054294032023,94.6208227848101,98.1106469002695,687,316,371
1705,1506668,93.3076855895197,93.2553067484663,93.3549861495845,687,326,361
1706,1507649,93.1346433378196,89.2281230769231,96.172009569378,743,325,418
1707,1508562,83.1508736349454,87.4610344827586,78.8808695652174,641,319,322
1708,1509140,86.8105333333333,75.6542105263158,95.952102425876,675,304,371
1709,1509199,88.2235153583618,81.5865342960289,94.1731715210356,586,277,309
1710,1510995,85.1430123796424,77.7748888888889,90.7764077669903,727,315,412
1711,1511468,87.5565163297045,88.0707368421052,87.1471508379888,643,285,358
1712,1511591,95.2098632010944,94.4404166666666,95.9564959568733,731,360,371
1713,1512251,88.976847826087,91.3529189189189,85.7682846715328,644,370,274
1714,1513390,87.2638050314465,86.3618181818182,88.0008571428571,636,286,350
1715,1513459,93.5577190721649,92.9917789757412,94.0761481481481,776,371,405
1716,1516368,94.4592045454545,90.936875,97.3944791666667,704,320,384
1717,1516641,82.514054054054,86.2716417910448,78.2324489795918,629,335,294
1718,1516845,90.5081459854015,90.9339766081871,90.083556851312,685,342,343
1719,1516948,89.2667185069984,83.3929520295203,93.5457258064516,643,271,372
1720,1517140,84.6959894459103,70.5467123287671,93.5620600858369,379,146,233
1721,1519158,88.5712761904762,86.4902316602317,90.5975563909775,525,259,266
1722,1521499,90.4990031152648,93.1756973293768,87.5414754098361,642,337,305
1723,1528311,93.2634730538922,92.9015384615385,93.6341818181818,668,338,330
1724,1528386,89.0408904109589,83.0542372881356,93.1008045977012,584,236,348
1725,1529595,91.5986885245902,94.0596503496503,88.1143564356436,488,286,202
1726,1529811,82.6160264900662,80.4,84.1810169491525,604,250,354
1727,1531195,85.1381888544892,73.4282656826568,93.60056,646,271,375
1728,1531437,91.1742617960426,86.6704848484849,95.7193577981651,657,330,327
1729,1532039,94.2730027932961,93.2202259887006,95.3025138121547,716,354,362
1730,1532475,80.0349084858569,76.8039498432602,83.6897872340426,601,319,282
1731,1534612,90.0142433697348,81.7839405204461,95.9657258064516,641,269,372
1732,1534971,91.9152395209581,88.1071328671329,94.766335078534,668,286,382
1733,1535172,83.9716575591985,83.3349242424242,84.5614736842105,549,264,285
1734,1536494,89.358250728863,78.9054545454545,96.3522141119221,686,275,411
1735,1536697,78.2383273381295,72.8407818930041,82.4287539936102,556,243,313
1736,1537315,83.7528125,83.0153846153846,84.4542682926829,640,312,328
1737,1538725,93.7794074074074,92.3332907348243,95.0297790055249,675,313,362
1738,1538904,89.1008493589744,81.8837735849057,94.428217270195,624,265,359
1739,1539133,79.7589792387543,66.6665517241379,90.5385488958991,578,261,317
1740,1539436,85.5444247787611,85.193687150838,85.9368125,678,358,320
1741,1540597,85.9840472440945,80.4132989690722,90.696511627907,635,291,344
1742,1540907,91.6284680851064,87.34,95.1121593830334,705,316,389
1743,1540966,92.2843518518519,88.8453846153846,94.5888144329897,648,260,388
1744,1541412,81.3656923076923,72.7620149253731,88.6394637223975,585,268,317
1745,1541481,77.4302351097179,78.2108059701493,76.5672277227723,638,335,303
1746,1541893,80.7324587155963,83.1742990654206,77.2332142857143,545,321,224
1747,1542565,81.8726693227092,93.3121276595745,60.1178612716763,502,329,173
1748,1543048,96.7698033707865,95.7875842696629,97.7520224719101,712,356,356
1749,1544245,34.4374242424242,35.4247411444142,33.4281058495822,726,367,359
1750,1544275,53.9591495601173,57.1033913043478,50.7402670623145,682,345,337
1751,1544316,54.4593630573248,59.7395379537954,49.5366153846154,628,303,325
1752,1545018,89.7366225165563,86.5054671280277,92.7010793650794,604,289,315
1753,1545180,95.3221122994652,97.0187804878049,93.6702110817942,748,369,379
1754,1545775,76.0653543307087,92.2447645429363,54.7486861313869,635,361,274
1755,1546205,92.0164909638554,97.5477929155313,85.1815151515152,664,367,297
1756,1548064,91.9736567164179,93.2742857142857,90.9348993288591,536,238,298
1757,1548411,82.0413204225352,78.8553046594982,85.1170934256055,568,279,289
1758,1549012,49.6323227383863,16.7411312217195,88.2969680851064,409,221,188
1759,1549163,91.8969692058347,92.4512084592145,91.2555244755245,617,331,286
1760,1549425,87.8697674418605,86.1161829652997,89.8202456140351,602,317,285
1761,1549799,89.7533884297521,95.2573559322034,84.5157419354839,605,295,310
1762,1549992,89.8273082942097,82.5903643724696,94.3873214285714,639,247,392
1763,1550271,93.2182828282828,91.4830599369085,94.6812234042553,693,317,376
1764,1553900,91.1563265306123,91.8854782608696,90.5113076923077,735,345,390
1765,1553965,92.3893455098935,87.7847328244275,95.4435443037975,657,262,395
1766,1556837,90.5508346456693,93.0730193905817,87.2278102189781,635,361,274
1767,1557329,94.6088085106383,92.3296460176991,96.7198360655738,705,339,366
1768,1557379,92.7825331369661,94.2151515151515,91.136835443038,679,363,316
1769,1557445,95.3405367231639,93.1122038567493,97.6851304347826,708,363,345
1770,1557623,91.2529591836735,91.35,91.139335443038,686,370,316
1771,1557910,92.7099305555556,92.97078125,92.50125,576,256,320
1772,1557992,79.4214634146341,92.8575428571429,64.0533986928105,656,350,306
1773,1559423,88.7337147887324,92.1382075471698,84.4032,568,318,250
1774,1559495,92.8096321070234,94.3603007518797,91.5672289156627,598,266,332
1775,1560704,90.5935540069686,88.9783464566929,91.875625,574,254,320
1776,1562898,86.6537954939341,83.6854380664653,90.6478048780488,577,331,246
1777,1564297,87.9383073929961,78.699,95.4208450704225,514,230,284
1778,1564312,86.9489241622575,74.999875,95.718868501529,567,240,327
1779,1564932,66.4734095238095,77.2268923076923,48.999,525,325,200
1780,1565052,66.9198859315589,74.2244720496894,55.3900980392157,526,322,204
1781,1565371,89.4130805687204,91.1913836477987,87.6178412698413,633,318,315
1782,1566821,87.7155631399317,93.7706232294617,78.542017167382,586,353,233
1783,1566916,92.4540701754386,93.8813149847095,90.5334567901235,570,327,243
1784,1567545,11.2644135802469,13.8112912912913,8.572,648,333,315
1785,1567935,88.0329743589744,92.0871518987342,83.2704460966543,585,316,269
1786,1568694,80.7026900584795,89.0801365187713,69.5454545454545,513,293,220
1787,1569527,78.2014986376022,79.7731460674157,76.7213227513227,367,178,189
1788,1570585,66.3712168141593,36.3605347593583,87.5485660377358,452,187,265
1789,1571231,81.9788712871287,81.6530935251798,82.3778414096916,505,278,227
1790,1571784,94.1717475728155,91.5819417475728,96.7615533980583,618,309,309
1791,1571977,88.7861764705882,90.269766536965,87.4576655052265,544,257,287
1792,1572589,80.9310421286031,73.3938532110092,87.9830042918455,451,218,233
1793,1572740,88.6512056737589,84.5758208955224,92.3410810810811,423,201,222
1794,1573266,92.5372470978441,90.6655,94.3904620462046,603,300,303
1795,1573783,93.9346273830156,91.26,96.5632989690722,577,286,291
1796,1573866,90.1225044091711,90.7835494880546,89.4156204379562,567,293,274
1797,1574665,76.2900469483568,68.8906666666667,81.7042276422764,426,180,246
1798,1574705,82.8606214689266,69.3648648648649,92.5566019417476,531,222,309
1799,1576776,90.9452408477842,88.475873605948,93.60228,519,269,250
1800,1581118,94.357811965812,95.3248201438849,93.4821498371335,585,278,307
1801,1582105,88.0345726495726,89.2422709163346,86.6376497695853,468,251,217
1802,1583636,74.7268181818182,88.3148109965636,59.46,550,291,259
1803,1584016,83.9434124087591,85.714555984556,82.356124567474,548,259,289
1804,1585120,90.2860350318471,96.1645367412141,84.4448571428571,628,313,315
1805,1586069,89.2140950639854,96.5947678018576,78.5714285714286,547,323,224
1806,1586333,92.0679008264463,87.4521862348178,95.2524860335195,605,247,358
1807,1587403,92.6509090909091,90.8695850622407,94.2063405797101,517,241,276
1808,1587618,92.3587967479675,94.4298360655738,90.3211612903226,615,305,310
1809,1587998,94.4923348017621,95.7277224199288,92.4857225433526,454,281,173
1810,1588401,95.7138095238095,95.5528571428571,95.8747619047619,630,315,315
1811,1588784,92.4879381443299,94.7344444444444,90.2081008902077,679,342,337
1812,1589714,95.7539677891654,94.1738343558282,97.1968907563025,683,326,357
1813,1590108,89.3910956521739,90.6595501730104,88.1093356643357,575,289,286
1814,1590133,93.0169365079365,88.8925555555556,96.1102222222222,630,270,360
1815,1590202,95.4416470588235,93.0897368421053,97.3431914893617,680,304,376
1816,1591120,76.1259962406015,87.4053333333333,64.5022519083969,532,270,262
1817,1591237,96.6914634146341,96.5286486486486,96.8253333333333,574,259,315
1818,1591332,92.9876479750779,92.393536121673,93.3999208443272,642,263,379
1819,1591442,92.5760979462875,93.2930182926829,91.8051147540984,633,328,305
1820,1591976,92.1857986111111,91.1287903225807,92.985,576,248,328
1821,1592199,94.4645997088792,95.6952688172043,93.0112380952381,687,372,315
1822,1593360,91.5682799325464,95.5429805013928,85.4703418803419,593,359,234
1823,1593710,85.6898316498317,96.9959459459459,71.2647892720307,594,333,261
1824,1593842,94.9984117647059,95.6245625,94.4418333333333,680,320,360
1825,1594128,91.4212297734628,89.1753731343284,93.1409142857143,618,268,350
1826,1594210,93.5935236768802,92.7206162464986,94.4567590027701,718,357,361
1827,1594225,92.3885313751669,89.9168965517241,94.8933870967742,749,377,372
1828,1594602,92.7795774647887,92.155,93.5090458015267,568,306,262
1829,1596253,79.1145569620253,78.3551219512195,79.933947368421,632,328,304
1830,1596918,90.415375,88.2082926829268,92.735641025641,480,246,234
1831,1596926,92.7059074733096,90.5105109489051,94.7945833333333,562,274,288
1832,1596983,96.744837340877,97.9749710982659,95.5658171745152,707,346,361
1833,1597932,90.001625,93.0772307692308,86.3668181818182,720,390,330
1834,1598800,88.4772033898305,91.2771140939597,85.6197602739726,590,298,292
1835,1601014,95.3947142857143,94.2757831325301,96.6413087248322,630,332,298
1836,1601746,94.0103161397671,96.9521036585366,90.4758608058608,601,328,273
1837,1601855,90.4893114754098,94.0815384615385,86.0254411764706,610,338,272
1838,1602062,87.9876948051948,94.8943548387097,77.457868852459,616,372,244
1839,1606008,93.1803636363636,92.2262694300518,94.5244525547445,660,386,274
1840,1606136,92.962944,95.0027058823529,90.5295438596491,625,340,285
1841,1606463,93.8797906602255,89.4533090909091,97.3979479768786,621,275,346
1842,1611650,79.1544063324538,84.4744292237443,71.872625,379,219,160
1843,1612164,95.9045903954802,95.2370535714286,96.5075268817204,708,336,372
1844,1614915,81.2935430463576,69.7765671641791,90.4797023809524,604,268,336
1845,1616380,94.6104191616766,96.0240672782875,93.2548093841642,668,327,341
1846,1618429,84.2842678571429,81.549815498155,86.8484083044983,560,271,289
1847,1618706,90.6311328671329,95.3384149184149,83.5702097902098,715,429,286
1848,1618984,89.997275862069,94.9341772151899,84.0879545454546,580,316,264
1849,1620501,95.1469705882353,96.0945052083333,93.9177364864865,680,384,296
1850,1623113,83.1211538461538,85.1565234375,80.6633490566038,468,256,212
1851,1623276,91.1021856866538,92.4264772727273,89.7203162055336,517,264,253
1852,1623912,94.5897540983607,92.236149068323,97.2212152777778,610,322,288
1853,1624575,95.0926551226551,93.465,96.7728152492669,693,352,341
1854,1625831,92.4069258589512,86.6402024291498,97.0617647058824,553,247,306
1855,1627571,95.6157467532468,94.4984536082474,96.6161538461538,616,291,325
1856,1627697,95.8300973574409,96.9728282828283,94.4291021671827,719,396,323
1857,1628573,95.9101907356948,97.2401754385965,94.3261194029851,734,399,335
1858,1628669,93.8265210843373,92.9287205387205,94.5530790190736,664,297,367
1859,1630138,58.4857110091743,82.9252195121951,36.7969696969697,436,205,231
1860,1630144,87.3619144981413,92.0032,80.2801408450704,538,325,213
1861,1631442,85.6010505836576,96.4474193548387,69.1188235294118,514,310,204
1862,1632093,84.1635765124555,85.6235143769968,82.3283935742972,562,313,249
1863,1633159,72.7429411764706,92.6924657534247,57.729381443299,510,219,291
1864,1633203,86.2055172413793,89.7939183673469,82.1910958904109,464,245,219
1865,1633249,94.3796109510087,97.0931104651163,91.7126285714286,694,344,350
1866,1633413,96.0112259970458,99.1717582417582,92.3357188498403,677,364,313
1867,1633930,97.6281032078103,96.9848219178082,98.2951420454545,717,365,352
1868,1633962,96.100031201248,95.6801234567901,96.5292113564669,641,324,317
1869,1634043,92.8861366806137,90.3709316770186,94.9365063291139,717,322,395
1870,1634123,89.8262516733601,84.4278142076503,95.0121522309711,747,366,381
1871,1634693,93.9466304347826,92.2830536912752,95.3794219653179,644,298,346
1872,1635013,86.3338095238095,85.8513504823151,87.2061627906977,483,311,172
1873,1635457,93.3448811410459,95.58,90.3370260223048,631,362,269
1874,1635610,86.9343031358885,92.6374539877301,79.4374193548387,574,326,248
1875,1636348,88.4938778409091,94.5616062176166,81.1286477987421,704,386,318
1876,1636558,94.9332465753425,98.7431738035264,90.3910810810811,730,397,333
1877,1636711,93.5977524893314,96.6230909090909,89.935,703,385,318
1878,1637199,59.6441463414634,40.2775,77.4449787234042,451,216,235
1879,1637791,94.6715463917526,95.1179094076655,94.2372881355932,582,287,295
1880,1637889,96.606875,96.1055411255411,96.9588753799392,560,231,329
1881,1638088,89.8391129032258,84.757843866171,93.7333048433048,620,269,351
1882,1638210,92.1258897637795,92.6662463343108,91.4991496598639,635,341,294
1883,1638729,79.7440298507463,77.4360512820513,81.3865693430657,469,195,274
1884,1639313,93.8785422740525,95.641961852861,91.8497805642633,686,367,319
1885,1639352,89.84416015625,82.0111111111111,94.4275851393189,512,189,323
1886,1639370,95.2921745152355,96.7320708446866,93.8036056338028,722,367,355
1887,1639390,94.0496623794212,92.4270347003155,95.736131147541,622,317,305
1888,1640173,93.2863604240283,94.4090789473684,91.9836641221374,566,304,262
1889,1640968,88.1717921146953,80.2528571428571,94.0615,558,238,320
1890,1642788,95.749112754159,93.9266355140187,96.9418042813456,541,214,327
1891,1643098,85.5945226130653,79.9973684210526,90.7073076923077,597,285,312
1892,1643623,89.6531417624521,82.5533191489362,95.4665853658537,522,235,287
1893,1644915,97.4396084337349,97.9822766570605,96.8455835962145,664,347,317
1894,1645085,43.0344551724138,35.6553887399464,50.85375,725,373,352
1895,1645108,92.5130733229329,94.172208588957,90.796,641,326,315
1896,1645217,94.583282571912,93.4293795620438,95.5806624605678,591,274,317
1897,1645868,94.4619896193772,94.9327364864865,93.9678723404255,578,296,282
1898,1647536,92.6354794520548,89.1527710843374,95.2241194029851,584,249,335
1899,1647895,92.4396850393701,93.3956603773585,91.4806940063091,635,318,317
1900,1652823,87.2920121028744,81.3297151898734,92.7531304347826,661,316,345
1901,1653255,93.0304393939394,92.1570588235294,94.0594719471947,660,357,303
1902,1653335,97.5253960396039,96.7590274314214,98.2804668304668,808,401,407
1903,1653459,95.6509090909091,97.0701463414634,93.9836103151862,759,410,349
1904,1653487,96.5521583652618,95.740701754386,97.3953125,783,399,384
1905,1653616,86.5371558245083,92.1456797583082,80.9116363636364,661,331,330
1906,1656084,94.0842640990371,95.4293654822335,92.4927627627628,727,394,333
1907,1656645,94.6495070422535,88.2170033670034,99.2753026634383,710,297,413
1908,1656831,96.855119760479,94.4585595567867,99.6732247557003,668,361,307
1909,1657452,94.9665935483871,98.1638532110092,90.8544837758112,775,436,339
1910,1659411,86.7780633147114,84.955,88.1028617363344,537,226,311
1911,1661566,96.5190547263682,98.40176201373,94.2772479564033,804,437,367
1912,1662475,54.8972972972973,54.0786054421769,55.705,592,294,298
1913,1664095,85.6927433628319,91.0628019323672,77.2715151515151,678,414,264
1914,1665169,91.1301144492132,85.0356050955414,96.1007012987013,699,314,385
1915,1665962,90.3917631578947,91.9958,88.6095,760,400,360
1916,1666709,91.6900573065903,84.4625566343042,97.4311825192802,698,309,389
1917,1667350,94.1708295964126,95.4244444444445,92.8419399538106,892,459,433
1918,1667513,97.4692070484581,97.570221238938,97.3690789473684,908,452,456
1919,1667603,95.4392397660819,96.7068,94.1864186046512,855,425,430
1920,1669168,93.1732743362832,88.2182183908046,97.0657336343115,791,348,443
1921,1669894,93.2876,86.87,97.8010769230769,775,320,455
1922,1671220,96.6814799446749,98.0501951219512,94.8885942492013,723,410,313
1923,1672038,94.8120125786164,90.6404433497537,96.7677367205543,636,203,433
1924,1672104,86.2797865853659,64.5461818181818,97.2462844036697,656,220,436
1925,1673034,96.4660209424084,95.8019422572178,97.1266318537859,764,381,383
1926,1676255,94.1322860635697,92.7254285714286,95.3831870669746,818,385,433
1927,1676905,94.4675843454791,95.5939669421488,93.3858994708995,741,363,378
1928,1679486,96.8131286894923,96.585125284738,97.058455882353,847,439,408
1929,1679593,91.2405619834711,89.8726582278481,92.7362629757785,605,316,289
1930,1679680,63.9658798882682,59.0745846153846,68.0315345268542,716,325,391
1931,1679892,89.2692333901193,78.0943809523809,95.4939522546419,587,210,377
1932,1683559,83.9952896341463,92.9951752021563,72.279649122807,656,371,285
1933,1684747,92.3437059724349,96.9789672544081,85.1554296875,653,397,256
1934,1685680,95.4100556328234,98.1766970387244,91.0723571428571,719,439,280
1935,1690112,32.9310709504685,18.9031343283582,49.2766666666667,747,402,345
1936,1692090,98.815900131406,99.0917233560091,98.43578125,761,441,320
1937,1692605,96.4158514724712,95.6847715736041,97.1601550387597,781,394,387
1938,1694337,94.9221692307692,96.3969252077562,93.08,650,361,289
1939,1694469,95.4607943262411,93.8380392156863,97.1255172413793,705,357,348
1940,1698455,90.6714436619718,97.6454545454546,83.0283394833948,568,297,271
1941,1700599,93.0668584070796,88.9654515050167,96.3025329815303,678,299,379
1942,1701716,92.9581338028169,93.9834957020057,91.3241095890411,568,349,219
1943,1701861,94.4331826086957,96.0848044692737,91.7083870967742,575,358,217
1944,1703232,95.9016530054645,97.485,94.0149101796407,732,398,334
1945,1707626,95.8321744791667,93.1530654761905,97.9159259259259,768,336,432
1946,1709254,95.4434895833333,94.1353631284916,96.5857073170732,768,358,410
1947,1709319,95.4122626582278,93.9406060606061,96.7169850746269,632,297,335
1948,1709372,91.7724223602485,90.6258522727273,93.1545890410959,644,352,292
1949,1710696,93.813928057554,91.1026380368098,96.2092682926829,695,326,369
1950,1712873,87.9610185185185,85.1960526315789,90.404476744186,648,304,344
1951,1714297,96.8811331444759,97.0156097560976,96.7338872403561,706,369,337
1952,1714810,86.6666140350877,72.4143534482759,96.4492307692308,570,232,338
1953,1716147,93.4826680244399,92.1400436681223,94.6561832061069,491,229,262
1954,1718626,97.3032533733133,97.2809365558912,97.3252380952381,667,331,336
1955,1718877,95.7937056504599,96.9367346938775,94.5794308943089,761,392,369
1956,1719115,95.6004704097117,94.9157627118644,96.1553846153846,659,295,364
1957,1719344,90.1252978056426,83.4687903225807,94.3581538461538,638,248,390
1958,1719360,88.0919799139168,71.4818518518518,98.5948711943794,697,270,427
1959,1719460,88.263652892562,78.3873305084746,94.580216802168,605,236,369
1960,1720372,89.0788225255973,85.5557037037037,92.089082278481,586,270,316
1961,1720734,92.5712571428571,90.3514035087719,94.6918994413408,700,342,358
1962,1721181,95.5368367346939,96.9467175572519,94.1197442455243,784,393,391
1963,1722147,82.5622530864197,87.9741772151899,77.4111445783133,648,316,332
1964,1724484,89.6950757575758,77.8219758064516,96.8419902912621,660,248,412
1965,1726292,92.0379305354559,94.5640740740741,88.4606993006993,691,405,286
1966,1726570,93.5585006195787,93.2343013100437,93.9839541547278,807,458,349
1967,1726664,92.4389518900344,96.5998866855524,86.0249344978166,582,353,229
1968,1727867,91.5694545454545,83.008932038835,95.9891729323308,605,206,399
1969,1729039,90.1487058823529,92.7836363636364,86.9282352941176,680,374,306
1970,1729111,88.5945092838196,94.9225165562914,79.0709634551495,754,453,301
1971,1729493,80.6626836581709,89.3819764011799,71.6509756097561,667,339,328
1972,1729997,92.5909190672154,93.7764444444444,90.6787813620072,729,450,279
1973,1730211,37.6991654676259,22.715512465374,53.8940718562874,695,361,334
1974,1732094,94.5855732484076,94.4614285714286,94.7349824561403,628,343,285
1975,1732964,84.4650178571429,63.8493427230047,97.1195965417867,560,213,347
1976,1733168,94.3328609986505,94.8668215158924,93.6750602409639,741,409,332
1977,1734344,92.8800303030303,95.9153846153846,87.705,660,416,244
1978,1736404,84.8188997214485,97.9860201511335,68.5343302180685,718,397,321
1979,1736667,95.895170998632,97.1155043227666,94.792421875,731,347,384
1980,1739583,88.7307246376812,79.1526855123675,96.7502071005917,621,283,338
1981,1739645,89.4949155722326,84.265,95.5506072874494,533,286,247
1982,1740100,97.2885012919897,95.4784422110553,99.2044680851064,774,398,376
1983,1741106,94.5765090403338,90.6965697674419,98.1357066666667,719,344,375
1984,1741466,91.6039580209895,93.914708994709,88.5815916955017,667,378,289
1985,1742116,89.0307790143084,98.6757029177719,74.6016666666667,629,377,252
1986,1742137,94.625261669024,97.4216494845361,91.224012539185,707,388,319
1987,1742881,95.7391476407915,95.1069113149847,96.3656363636364,657,327,330
1988,1743859,97.530689206762,98.3274401913876,96.5818518518519,769,418,351
1989,1744983,88.2145357142857,79.5992,95.1623870967742,560,250,310
1990,1745994,93.86728,92.7139195979899,95.1713636363636,750,398,352
1991,1746696,93.0906605222734,90.1676393442623,95.6673121387283,651,305,346
1992,1747514,71.037888,62.7095593220339,78.4829090909091,625,295,330
1993,1749416,95.0016,94.366338028169,95.5725316455696,600,284,316
1994,1749885,96.2528214285714,98.170052356021,92.1383146067416,560,382,178
1995,1750372,91.8348058902276,88.9489736842105,94.8228610354224,747,380,367
1996,1750753,87.6326804123711,85.63,90.0787022900764,582,320,262
1997,1750858,67.0519815668203,56.7553513513513,74.7020883534137,434,185,249
1998,1751001,87.3579069767442,82.0447058823529,92.0597260273973,688,323,365
1999,1751092,94.7150677506775,96.1335567010309,93.1425714285714,738,388,350
2000,1755299,94.3815980024969,91.0504092071611,97.5584146341463,801,391,410
2001,1755389,97.1529268292683,97.9862068965517,96.4093846153846,738,348,390
2002,1755751,93.6647245179063,87.9869155844156,97.8483732057416,726,308,418
2003,1755812,91.3434632034632,87.8791184573003,95.1542424242424,693,363,330
2004,1755856,93.9871503267974,95.8147382198953,92.1643342036554,765,382,383
2005,1756569,98.0764184852375,97.5788409703504,98.5288725490196,779,371,408
2006,1756685,98.4167804878049,97.9179166666667,98.9722164948454,820,432,388
2007,1756936,98.5477939233818,98.4319109947644,98.66584,757,382,375
2008,1758217,97.5000416666667,95.6682043343653,98.9904282115869,720,323,397
2009,1758520,80.8189520426288,96.177131147541,52.2854822335025,563,366,197
2010,1759123,92.6273869346734,93.1923076923077,91.8901544401544,597,338,259
2011,1760251,97.0713947001395,95.505,98.6160941828255,717,356,361
2012,1761641,93.3482579787234,86.5079178885631,99.0235766423358,752,341,411
2013,1765189,94.4378739184178,90.3134031413613,98.127681498829,809,382,427
2014,1768384,81.2323529411765,73.0296363636364,88.2815625,714,330,384
2015,1770192,91.3718443316413,82.815,97.9108059701493,591,256,335
2016,1771195,92.0910542635659,93.917955801105,89.7541696113074,645,362,283
2017,1771282,92.6122008862629,88.8524926686217,96.4278571428571,677,341,336
2018,1771817,97.1707412398922,96.722868852459,97.6067021276596,742,366,376
2019,1773465,97.4679087452471,96.6852806122449,98.2406801007557,789,392,397
2020,1774008,96.3965554072096,94.368676056338,98.2237055837563,749,355,394
2021,1775124,93.8011265822785,92.7653351206434,94.7276258992806,790,373,417
2022,1775690,81.2075167785235,83.01,79.227323943662,596,312,284
2023,1776753,95.9428405797101,98.8555606407323,90.9117786561265,690,437,253
2024,1776801,97.351500630517,97.5574816625917,97.132109375,793,409,384
2025,1777688,81.0412347826087,83.037703180212,79.106301369863,575,283,292
2026,1778963,96.7249572649573,97.4182170542636,95.8732380952381,702,387,315
2027,1780591,96.4088936781609,96.9166666666667,95.8741592920354,696,357,339
2028,1781129,88.3040935672515,83.0488474576271,92.2894344473008,684,295,389
2029,1781271,85.4584407796102,94.0817445482866,77.4582080924855,667,321,346
2030,1781501,96.1257973174366,96.3101677852349,95.9784986595174,671,298,373
2031,1781775,95.5802286585366,92.6288461538461,98.2570639534884,656,312,344
2032,1781913,97.3833660130719,98.9785714285714,95.9085534591195,612,294,318
2033,1782095,87.9568597560976,82.3921830985915,92.2051612903226,656,284,372
2034,1782828,94.3899316005472,97.1757627118644,91.7740583554377,731,354,377
2035,1784112,96.031044973545,96.139696969697,95.9306870229008,756,363,393
2036,1785182,96.6579247910863,97.4431202046036,95.7190519877676,718,391,327
2037,1786452,92.6249155145929,90.2805642633229,94.8774698795181,651,319,332
2038,1786742,98.0767948717949,99.0053731343284,97.0892592592593,780,402,378
2039,1786790,97.79375,97.5532110091743,98.0165722379603,680,327,353
2040,1789660,97.9274352331606,98.2663366336634,97.5553804347826,772,404,368
2041,1789684,96.5551920529801,97.348275862069,95.7642063492064,755,377,378
2042,1790290,85.0184039087948,90.3555263157895,78.3077573529412,614,342,272
2043,1790370,87.5866620689655,86.198527607362,88.7208270676692,725,326,399
2044,1790818,69.9996197183099,45.753397260274,95.6514202898551,710,365,345
2045,1792368,96.3096183206107,98.0025055432373,94.0305373134328,786,451,335
2046,1793029,97.4712635379061,98.4673580786026,96.2481769436997,831,458,373
2047,1793551,95.0470816599732,93.9472334293948,96.0012,747,347,400
2048,1794016,88.4288842975207,94.4279575596817,81.9485100286533,726,377,349
2049,1794757,98.1207516778523,97.3196246648794,98.9240322580645,745,373,372
2050,1795079,89.8648453608247,85.4342519685039,93.2958536585366,582,254,328
2051,1795428,92.9692386530015,94.9827433628319,90.985,683,339,344
2052,1797539,90.4785714285714,93.0791966759003,86.6929838709678,609,361,248
2053,1797572,94.696696969697,97.6924102564102,90.3695555555556,660,390,270
2054,1797877,98.7752445652174,98.8007194244604,98.7419435736677,736,417,319
2055,1798456,97.8273550724638,97.8832705882353,97.7683870967742,828,425,403
2056,1798914,91.4409191759112,90.2737386018237,92.7124503311258,631,329,302
2057,1800533,92.8556994047619,98.2429573934837,84.9820146520147,672,399,273
2058,1803629,95.3313526570048,86.8934951456311,99.5197831325301,621,206,415
2059,1803638,97.5747169811321,98.1291978609626,97.0111956521739,742,374,368
2060,1803952,92.3850253807107,97.4059654178674,85.2445901639344,591,347,244
2061,1803997,98.0404761904762,98.8730508474576,97.2217777777778,714,354,360
2062,1805802,96.4040110650069,94.6757692307692,97.9212727272727,723,338,385
2063,1807288,78.4279487179487,73.6636,82.3654269972452,663,300,363
2064,1809152,93.8719088319088,89.5009037900875,98.0481058495822,702,343,359
2065,1810055,97.0638184245661,97.1533903133903,96.984824120603,749,351,398
2066,1810336,95.7031409395973,93.544633431085,97.5250495049505,745,341,404
2067,1811642,94.2115263157895,92.7269811320755,95.6273778920309,760,371,389
2068,1811756,96.3407450980392,97.8371351351352,94.9390632911393,765,370,395
2069,1812525,98.0637290322581,97.0507506702413,99.003631840796,775,373,402
2070,1812562,97.4043578643579,96.8381329113924,97.8789655172414,693,316,377
2071,1812875,94.976456185567,94.9174818401937,95.0435537190083,776,413,363
2072,1812931,93.4467961165049,96.79,89.69,824,436,388
2073,1812949,91.3473368841545,92.1148600508906,90.5047765363128,751,393,358
2074,1813143,97.6595318595579,96.685,98.6728381962865,769,392,377
2075,1813827,97.5524847001224,98.6416780045352,96.275,817,441,376
2076,1814804,93.8728133704735,96.2108746355685,91.7342666666667,718,343,375
2077,1815871,94.5458099688474,95.7728450704225,93.0280487804878,642,355,287
2078,1815946,94.1088779803647,91.5,96.070343980344,713,306,407
2079,1815958,97.3343908629442,96.3261942257218,98.2781818181818,788,381,407
2080,1816345,97.173270524899,96.9706293706294,97.450127388535,743,429,314
2081,1819127,80.7958095238095,94.9716037735849,66.3474038461538,630,318,312
2082,1820791,79.5070058139535,93.7342558746736,61.6413114754098,688,383,305
2083,1821329,97.2000254129606,98.5700712589074,95.6240983606557,787,421,366
2084,1823115,97.1966199158485,97.4950470219436,96.955,713,319,394
2085,1824283,93.2535532233883,94.8098907103825,91.3611295681063,667,366,301
2086,1825044,96.5515229885058,95.2684459459459,97.501,696,296,400
2087,1827033,86.4258658346334,96.9356887755102,69.880281124498,641,392,249
2088,1827988,90.6458848920863,97.1856010230179,82.2346052631579,695,391,304
2089,1830157,97.2012782956059,96.9947747747748,97.3657894736842,751,333,418
2090,1830851,95.7993277310924,97.84,94.104,714,324,390
2091,1831869,97.7086088379705,98.931550802139,95.7787341772152,611,374,237
2092,1832350,94.6276052249637,89.9624414715719,98.2042307692308,689,299,390
2093,1832902,93.5313559322034,90.62803125,96.3552583586626,649,320,329
2094,1833880,96.2521963824289,96.1133678756477,96.3903092783505,774,386,388
2095,1835195,92.4318357487923,90.0028,94.7019626168224,621,300,321
2096,1836360,94.4341292639138,98.4585185185185,88.837982832618,557,324,233
2097,1838155,97.4320090634441,99.1612885154062,95.4079016393443,662,357,305
2098,1838591,96.7760589060309,95.62875,97.7102544529262,713,320,393
2099,1840554,97.601466854725,95.930523255814,99.1762739726027,709,344,365
2100,1840980,97.4335430038511,96.2464611260054,98.5241379310345,779,373,406
2101,1840992,94.5278974358974,89.0972037914692,97.5917379679144,585,211,374
2102,1841428,96.6034512022631,95.987037037037,97.124908616188,707,324,383
2103,1842989,88.2092721979622,94.3953982300885,82.1831321839081,687,339,348
2104,1844388,83.8255882352941,86.8449122807017,80.7705325443787,680,342,338
2105,1844744,83.3319308943089,85.781327014218,81.4927046263345,492,211,281
2106,1844789,83.0851301115242,82.0416901408451,84.251811023622,538,284,254
2107,1845103,90.1979900332226,89.0556603773585,91.0962611275964,602,265,337
2108,1845402,82.4621184510251,86.8959708737864,78.5420600858369,439,206,233
2109,1845429,85.4692735703246,95.3828923076923,75.4632919254658,647,325,322
2110,1845536,93.8136082474227,95.0617283950617,92.2462015503876,582,324,258
2111,1846902,97.2774149659864,96.9338440111421,97.6054521276596,735,359,376
2112,1847564,93.4282948490231,90.3695555555556,96.2469283276451,563,270,293
2113,1848245,95.8165367965368,94.5735428571429,97.0848979591837,693,350,343
2114,1849750,97.1099862448418,95.3016574585635,98.9034520547945,727,362,365
2115,1850200,98.2412719891746,97.3708421052632,99.1626183844011,739,380,359
2116,1850900,56.6629173693086,32.2616845878136,78.3442675159236,593,279,314
2117,1851219,94.7620087336245,97.3635356200528,91.5607792207792,687,379,308
2118,1851518,84.26675,80.9814409221902,87.6901801801802,680,347,333
2119,1852508,89.4722406015038,77.1609688581315,98.9348936170213,665,289,376
2120,1853077,95.3176737160121,97.3626099706745,93.1453271028037,662,341,321
2121,1853527,94.7539016393443,92.1073684210526,97.383137254902,610,304,306
2122,1854799,95.9939721254355,93.6540476190476,97.8252173913043,574,252,322
2123,1855046,94.1016814159292,89.5985906040268,97.6330526315789,678,298,380
2124,1856346,91.432,95.3076519337017,86.8016831683168,665,362,303
2125,1856414,77.0880196399345,93.3346666666667,61.4160128617363,611,300,311
2126,1856440,86.461044045677,77.5,93.9958558558559,613,280,333
2127,1857163,79.9613680154143,74.1562359550562,82.9916129032258,519,178,341
2128,1857712,90.4955451713396,96.3147025495751,83.3877162629758,642,353,289
2129,1858445,90.1475,89.4733746130031,90.7574229691877,680,323,357
2130,1858640,97.6841312741313,96.4215151515151,98.7912077294686,777,363,414
2131,1859297,93.2624011713031,87.9170469798658,97.3998441558442,683,298,385
2132,1859824,94.4268222891566,92.9739464882943,95.6169863013698,664,299,365
2133,1859965,92.4351285930409,84.0172131147541,97.3607194244604,661,244,417
2134,1860765,98.7305084745763,98.9375886524823,98.593427230047,708,282,426
2135,1861236,98.1423391089109,98.2256455696203,98.0626634382566,808,395,413
2136,1861764,94.751724137931,97.149792746114,91.4575800711744,667,386,281
2137,1863293,94.3613892709766,96.3694413407821,92.4131978319783,727,358,369
2138,1863304,95.8605562742561,95.0655844155844,96.6493814432989,773,385,388
2139,1863650,91.3041374474053,88.0471698113208,93.9262025316456,713,318,395
2140,1864339,96.9563492063492,98.13184,95.7993700787402,756,375,381
2141,1864374,94.896228748068,92.2083177570093,97.5429141104295,647,321,326
2142,1865179,96.9711095100864,95.2647949526814,98.4058620689655,694,317,377
2143,1867674,96.5474174174174,92.9078723404255,99.2202083333333,666,282,384
2144,1868082,94.2040551724138,90.6490934844193,97.5774462365591,725,353,372
2145,1869663,99.1159292035398,98.8177514792899,99.4123529411765,678,338,340
2146,1872845,96.1433857142857,98.0912261580381,93.9966666666667,700,367,333
2147,1873490,87.9758438818565,74.621269035533,97.4735018050542,474,197,277
2148,1874049,96.5511238825032,97.6982352941176,95.4069387755102,783,391,392
2149,1874182,92.5682571428571,97.7243434343434,85.8517763157895,700,396,304
2150,1875291,95.5139202657807,96.4958598726115,94.4433333333333,602,314,288
2151,1876084,96.154275147929,97.7594117647059,94.3579310344828,676,357,319
2152,1876238,98.2694812680115,98.2909971509971,98.2474635568513,694,351,343
2153,1876484,91.0831118881119,90.3315709969789,92.1153112033195,572,331,241
2154,1876858,91.1731748726655,94.0075204359673,86.4875675675676,589,367,222
2155,1877363,97.565551948052,97.3423920265781,97.7787936507936,616,301,315
2156,1877440,90.0968380952381,84.3459130434782,94.5806101694915,525,230,295
2157,1877730,97.7466666666667,97.5124223602485,97.9659302325581,666,322,344
2158,1878605,93.6727848101266,95.6855481727575,91.2686507936508,553,301,252
2159,1880585,95.9497901049475,95.4266,96.5274447949527,667,350,317
2160,1881632,88.5682774390244,95.2003107344633,80.7943046357616,656,354,302
2161,1882560,97.3830716253444,97.9108059701493,96.9309207161125,726,335,391
2162,1886433,96.383504867872,98.9765217391304,93.2924390243902,719,391,328
2163,1886471,93.531824212272,94.6774509803922,91.8692682926829,603,357,246
2164,1887479,95.4748673946958,95.6775675675676,95.1981180811808,641,370,271
2165,1887487,96.4496450617284,95.3530327868852,97.8729078014184,648,366,282
2166,1888111,69.609479015919,47.091163434903,94.2431515151515,691,361,330
2167,1888171,84.9482199710564,80.3886928104575,88.5721558441558,691,306,385
2168,1889079,98.5798453608247,98.9904785894207,98.149709762533,776,397,379
2169,1889320,94.5807553366174,95.2205119453925,93.9875632911392,609,293,316
2170,1889527,73.0717594254937,56.0624242424242,88.3975767918089,557,264,293
2171,1891487,97.2633434650456,96.9786706948641,97.551498470948,658,331,327
2172,1891538,93.5571779141104,87.5882978723404,98.1064324324324,652,282,370
2173,1891796,93.5944214876033,93.9527822580645,93.2178389830509,484,248,236
2174,1894541,95.472531824611,93.8939534883721,96.9684848484848,707,344,363
2175,1895443,87.5009939759036,87.7289263803681,87.2811538461538,664,326,338
2176,1896892,92.7454513274336,85.1841666666667,97.4252148997135,565,216,349
2177,1897818,64.8169675925926,63.3185207100592,65.7798479087452,432,169,263
2178,1897824,84.0511444652908,79.1332283464567,88.5283870967742,533,254,279
2179,1898763,96.9913210702341,98.3105633802817,95.0640329218107,598,355,243
2180,1900009,95.8213210702341,95.7453191489362,95.8891455696203,598,282,316
2181,1900778,96.7038879736409,95.7240131578947,97.68699669967,607,304,303
2182,1901372,92.7991152263374,95.3522790697674,90.7735424354243,486,215,271
2183,1901967,90.0819642857143,82.9814893617021,94.3062974683544,504,188,316
2184,1904409,95.3166666666667,93.9672413793104,96.2859133126935,555,232,323
2185,1904803,95.7872093023256,94.5564756446992,97.0542477876106,688,349,339
2186,1905160,98.5666571018651,99.1825068119891,97.8817575757576,697,367,330
2187,1906979,51.8114803149606,29.6308754208754,71.3015384615385,635,297,338
2188,1907188,92.9143156199678,90.7484341637011,94.7043529411765,621,281,340
2189,1910378,90.155905511811,82.1780198019802,95.4223529411765,508,202,306
2190,1911155,94.6976366559486,94.1040062111801,95.3348,622,322,300
2191,1912651,85.0172957198444,80.9159010600707,90.0419480519481,514,283,231
2192,1912909,96.2766828478964,95.5799369085174,97.0104651162791,618,317,301
2193,1913086,77.412651391162,84.0113605442177,71.2927129337539,611,294,317
2194,1913384,58.1329365079365,88.4740892193308,23.402,504,269,235
2195,1913999,65.0174440894569,92.6161363636364,29.5621897810219,626,352,274
2196,1917019,94.4352504638219,94.5723076923077,94.34,539,221,318
2197,1917864,97.1967656765677,97.4456869009585,96.9308532423208,606,313,293
2198,1918620,94.0925,94.4484615384615,93.6881553398058,440,234,206
2199,1919564,88.2246542056075,80.0006222222222,94.1937096774193,535,225,310
2200,1919644,92.744952681388,85.4152083333333,98.8460115606936,634,288,346
2201,1919857,88.1103609341826,93.5491397849462,80.2071354166667,471,279,192
2202,1920068,93.661854199683,94.9835693215339,92.127397260274,631,339,292
2203,1920531,95.936703125,93.7303960396039,97.9204154302671,640,303,337
2204,1920600,95.5826362297496,94.8138616714698,96.3861445783132,679,347,332
2205,1920868,92.8818377483444,86.5354545454546,99.0214983713355,604,297,307
2206,1922225,96.8207154213036,98.9255376344086,93.774046692607,629,372,257
2207,1923203,94.8617064220184,93.4843973941368,96.6383193277311,545,307,238
2208,1923467,88.621026119403,91.4054140127389,84.6827477477477,536,314,222
2209,1925728,74.5323130841121,71.8613307984791,78.789696969697,428,263,165
2210,1926525,92.3533333333333,96.5315606936416,83.5382926829268,510,346,164
2211,1926761,89.3253736654804,93.7318495297806,83.5407407407407,562,319,243
2212,1927485,0,0,NA,246,246,NA
2213,1928899,91.3482698961938,96.7082236842105,85.4014598540146,578,304,274
2214,1930204,81.6980133928571,82.296985645933,81.1742259414226,448,209,239
2215,1931535,96.9421712538226,95.9050170648464,97.7839612188366,654,293,361
2216,1931794,97.0483333333333,97.0804166666667,97.0254166666667,576,240,336
2217,1932405,96.4266925465839,99.0144262295082,94.0984955752212,644,305,339
2218,1933307,90.8914653465347,95.7309252669039,84.8205357142857,505,281,224
2219,1933341,83.4113658536586,71.19708,91.7773150684932,615,250,365
2220,1933447,97.6585023400936,96.0259205776173,98.9008791208791,641,277,364
2221,1934321,92.0625330812855,94.0784668989547,89.6717355371901,529,287,242
2222,1935040,89.1462386980108,85.3042654028436,91.5165789473684,553,211,342
2223,1936576,94.8612648221344,94.1510638297872,95.2811320754717,506,188,318
2224,1937371,98.0149312977099,99.3841538461538,96.6664545454545,655,325,330
2225,1937386,98.0710237388724,96.7656634304207,99.1761095890411,674,309,365
2226,1939750,89.5829583333333,88.6136633663366,90.2872661870504,480,202,278
2227,1940855,82.7164403292181,94.1736893203884,62.714802259887,486,309,177
2228,1941092,90.053108348135,95.9992,83.270494296578,563,300,263
2229,1941481,91.0033910034602,94.5854777070064,86.7428787878788,578,314,264
2230,1941951,96.2089204545454,95.7974809160305,96.6141729323308,528,262,266
2231,1943652,94.7570291262136,96.1521794871795,92.6127586206896,515,312,203
2232,1947367,94.340358490566,90.7272580645161,97.5178368794326,530,248,282
2233,1947876,96.624973357016,95.0392553191489,98.216334519573,563,282,281
2234,1948391,96.0358378378378,95.5378810408922,96.5041958041958,555,269,286
2235,1949280,96.643355704698,96.9464885496183,96.4055688622754,596,262,334
2236,1950253,91.8237642585551,82.037572815534,98.123625,526,206,320
2237,1950717,60.0620720720721,69.3146560846561,47.9180555555556,333,189,144
2238,1955337,94.716752,93.1099401197605,96.5609965635739,625,334,291
2239,1955740,97.688936825886,98.2964772727273,96.9688888888889,649,352,297
2240,1956062,94.4884980988593,89.6698122065728,97.7676677316294,526,213,313
2241,1956718,94.0435379061372,91.1628372093023,95.8705309734513,554,215,339
2242,1956957,97.3137248322148,96.2195189003436,98.3577049180328,596,291,305
2243,1957386,92.2196296296296,93.5875641025641,90.3477192982456,540,312,228
2244,1957916,98.9478646616541,99.3926666666667,98.5097014925373,665,330,335
2245,1959506,98.7846200607903,99.1361671469741,98.3923794212219,658,347,311
2246,1959668,96.1744173913043,96.0172111553785,96.2962037037037,575,251,324
2247,1959759,94.6415773353752,88.8532374100719,98.9326666666667,653,278,375
2248,1960092,95.0479082568807,96.8090425531915,93.1595437262357,545,282,263
2249,1960674,70.6146300211417,92.3383908045977,43.8698113207547,473,261,212
2250,1964896,92.3298205546493,92.8768608414239,91.7737828947368,613,309,304
2251,1965419,91.6151497005988,92.968203125,90.2013469387755,501,256,245
2252,1965978,98.633717754173,98.2322123893805,99.0590625,659,339,320
2253,1966826,98.0304929577465,97.7089684813754,98.3413296398892,710,349,361
2254,1968384,95.4357664233577,94.9441516245487,95.9382656826568,548,277,271
2255,1969950,97.7796,97.3299109792285,98.2279585798817,675,337,338
2256,1970141,92.9451724137931,94.1542857142857,91.8166666666667,638,308,330
2257,1971802,97.1600567375886,96.1399703264095,98.0942119565217,705,337,368
2258,1971966,94.7089917355372,96.3076383763838,93.4118862275449,605,271,334
2259,1974389,82.8324528301887,55.2345348837209,96.0917877094972,530,172,358
2260,1976005,74.330632183908,72.6673702422145,76.3936480686695,522,289,233
2261,1976880,59.6821478873239,87.6097885196374,20.6777215189873,568,331,237
2262,1977436,96.9042616033755,97.9401285347044,95.6528571428571,711,389,322
2263,1977941,88.5093716337523,89.4541090909091,87.588085106383,557,275,282
2264,1979610,92.4366789667897,91.120193050193,93.641519434629,542,259,283
2265,1979984,96.099739884393,95.9534104046243,96.2460693641619,692,346,346
2266,1982941,87.5232892249527,96.5385534591195,73.9363033175355,529,318,211
2267,1984732,97.8127551020408,97.4190257879656,98.2205044510386,686,349,337
2268,1984964,94.3509312977099,92.0494495412844,96.6453963414634,655,327,328
2269,1985075,95.7058588957055,95.3765317919075,96.0782352941177,652,346,306
2270,1985382,78.168661971831,93.57125,48.6294520547945,426,280,146
2271,1985506,95.7972329246935,94.8207766990291,96.9488549618321,571,309,262
2272,1985743,98.1097003154574,98.0344262295082,98.1794832826748,634,305,329
2273,1986137,92.8559642857143,88.0722018348624,95.9052631578947,560,218,342
2274,1986817,94.1380824088748,93.9526751592357,94.3217350157729,631,314,317
2275,1987192,80.66560546875,95.8839705882353,50.5827906976744,512,340,172
2276,1990059,92.0636908077994,89.1676666666667,94.9758938547486,718,360,358
2277,1990997,89.9144397759104,95.2228912466843,83.9759050445104,714,377,337
2278,1991599,91.3627633851468,87.5375075987842,96.3968,579,329,250
2279,1991822,82.6973356401384,79.6520689655172,85.76375,578,290,288
2280,1993873,96.7746029776675,97.2411278195489,96.3172481572481,806,399,407
2281,1994555,88.5248113207547,94.7880368098159,81.9383225806451,636,326,310
2282,1998654,78.0921911037891,89.2875649350649,66.5598327759197,607,308,299
2283,1998910,82.9553092006033,96.4004155124654,66.8835099337748,663,361,302
2284,1999281,89.4597293447294,91.9727090301003,87.5952605459057,702,299,403
2285,1999302,94.212518089725,96.4317857142857,92.1120281690141,691,336,355
2286,2001785,95.0476419213974,93.9278913738019,95.9847593582888,687,313,374
2287,2002425,96.9089112903226,99.5018703241895,93.8774927113703,744,401,343
2288,2005059,96.1540384615385,98.7018181818182,92.0498744769874,624,385,239
2289,2008138,92.1005641748942,92.7565459610028,91.4277142857143,709,359,350
2290,2008939,94.688859375,96.0150427350427,93.0781660899654,640,351,289
2291,2010624,92.8864295485636,89.47,95.3187353629977,731,304,427
2292,2010695,88.206156202144,82.3275431034483,91.44567695962,653,232,421
2293,2012240,89.0291561181434,94.6225806451613,82.8912389380531,711,372,339
2294,2012612,98.504,98.6564516129032,98.3477685950413,735,372,363
2295,2014882,95.1654707379135,95.5377427821522,94.8152592592593,786,381,405
2296,2015844,88.3352916073969,75.8064516129032,98.2180916030534,703,310,393
2297,2016005,95.7845481927711,95.0946012269939,96.45,664,326,338
2298,2017566,98.0946759847522,99.7573902439024,96.2864190981432,787,410,377
2299,2017789,85.0131545741325,51.8116062176166,99.543537414966,634,193,441
2300,2018201,95.992842377261,95.6844474393531,96.2767493796526,774,371,403
2301,2018226,97.4701643489254,95.83,98.8401392111369,791,360,431
2302,2018592,95.7163319946452,98.4958646616541,92.5294540229885,747,399,348
2303,2018678,96.0005714285714,97.2078212290503,94.7368421052632,700,358,342
2304,2020577,93.5358496240601,88.593536121673,96.7692537313433,665,263,402
2305,2020668,96.5058602150538,98.5041895261845,94.1696209912537,744,401,343
2306,2021204,87.9743670886076,92.13,83.0422491349481,632,343,289
2307,2022053,93.127643207856,95.9996,90.3572668810289,611,300,311
2308,2022126,98.6023634053367,97.6185714285714,99.5115892420538,787,378,409
2309,2022984,68.3510488245931,91.9812213740458,47.0757731958763,553,262,291
2310,2024378,63.8252869565217,92.5444409937888,27.2736363636364,575,322,253
2311,2024914,94.7640215716487,89.4279735682819,97.6343601895735,649,227,422
2312,2025665,90.2477708978328,92.6275221238938,87.6199674267101,646,339,307
2313,2026031,93.7983812405446,89.4362264150943,96.7175,661,265,396
2314,2026607,91.4495572519084,90.2348520710059,92.7447318611987,655,338,317
2315,2027123,95.8276923076923,96.1339371980676,95.4685269121813,767,414,353
2316,2027520,94.8328476821192,100,88.5258823529412,755,415,340
2317,2027853,94.3877697841727,95.0905426356589,93.5047402597403,695,387,308
2318,2027904,97.4023394495413,99.2493233082707,94.5123529411765,654,399,255
2319,2029359,96.5905925925926,94.3173863636364,98.0507542579075,675,264,411
2320,2030802,97.2269987389659,95.57203125,98.7808068459658,793,384,409
2321,2031411,97.1765982028241,97.7221772151899,96.615390625,779,395,384
2322,2033615,96.9626917510854,97.85581769437,95.9150943396226,691,373,318
2323,2035617,94.0548874598071,92.2344594594595,95.7077914110429,622,296,326
2324,2038839,88.784,84.4473170731707,93.0684337349398,660,328,332
2325,2039219,95.6611686746988,92.7286215538847,98.3759860788863,830,399,431
2326,2039568,96.3614685314685,96.693963963964,96.0716230366492,715,333,382
2327,2039795,92.8564016172507,86.9681515151515,97.5727184466019,742,330,412
2328,2039808,86.6556011730205,97.105421686747,70.4133707865169,682,415,267
2329,2039875,96.6054483695652,97.8732446808511,95.2813055555555,736,376,360
2330,2041935,96.6972982885086,96.6576849642005,96.7388972431078,818,419,399
2331,2042797,85.8937304075235,98.7865454545455,72.08,638,330,308
2332,2042968,83.813108974359,87.4980555555556,80.6545833333333,624,288,336
2333,2044039,89.8981849315068,85.7701123595506,93.375141955836,584,267,317
2334,2044540,91.1467213114754,92.4178425655977,89.5137827715356,610,343,267
2335,2044585,52.8514575411914,55.5850253807107,50.1248101265823,789,394,395
2336,2044685,88.8884084084084,82.7794701986755,93.9568131868132,666,302,364
2337,2045399,93.6595677233429,94.2857142857143,93.1391556728232,694,315,379
2338,2045489,81.7419709543568,95.0186206896552,66.0623076923077,482,261,221
2339,2045494,92.1566063348416,94.4580466472303,89.68975,663,343,320
2340,2046175,97.8282630906769,97.5728155339806,98.1119407008086,783,412,371
2341,2047483,92.0568068535826,89.3932727272727,94.8740064102564,642,330,312
2342,2048144,93.594890625,94.9876781002639,91.5724137931035,640,379,261
2343,2050574,98.8403865979381,98.7032124352332,98.9761538461538,776,386,390
2344,2050583,93.994237012987,85.0879385964912,99.2278350515464,616,228,388
2345,2051290,86.7914128440367,75.0016810344828,95.5301277955272,545,232,313
2346,2051330,97.9760429835651,96.9369387755102,98.9969172932331,791,392,399
2347,2051553,94.5167914438503,89.6241509433962,98.1350697674419,748,318,430
2348,2052303,90.4898926380368,83.959590443686,95.8196378830084,652,293,359
2349,2052908,88.8705728314239,80.1966336633663,97.4037012987013,611,303,308
2350,2053335,94.3123717059639,95.9450810810811,92.5912820512821,721,370,351
2351,2053405,89.9073485868102,96.3064778325123,82.1980118694362,743,406,337
2352,2054321,90.3514041514042,95.02,85.3888161209068,819,422,397
2353,2054405,98.3918811881188,98.4877833753148,98.2992457420925,808,397,411
2354,2054480,95.9859124087591,93.6553299492386,98.1313551401869,822,394,428
2355,2054821,96.83071334214,98.5774109263658,94.6421428571429,757,421,336
2356,2055872,94.5091691394659,96.1996202531646,93.0170391061452,674,316,358
2357,2055904,98.339462915601,97.9603571428571,98.7205128205128,782,392,390
2358,2055976,80.7724066390042,75.2083844011142,86.26,723,359,364
2359,2056079,90.9063020030817,99.2023809523809,79.3346494464945,649,378,271
2360,2056121,96.3875722543353,95.3522093023256,97.4110344827586,692,344,348
2361,2056275,97.418564516129,97.5263604240283,97.3280415430267,620,283,337
2362,2056538,34.2712096774193,33.4989340101523,35.1405714285714,744,394,350
2363,2056626,98.0158625954198,99.5017206982544,95.6700787401575,655,401,254
2364,2056947,84.1840646258503,96.3079155672823,62.1987081339713,588,379,209
2365,2058865,80.813921901528,89.6699586776859,74.6376657060519,589,242,347
2366,2058871,56.2862075848303,80.6816666666667,29.1115189873418,501,264,237
2367,2059553,96.6318070444104,94.7539016393443,98.2776724137931,653,305,348
2368,2059628,81.227249070632,95.9434686346864,66.2905617977528,538,271,267
2369,2059985,73.9048336252189,82.6854416961131,65.2766666666667,571,283,288
2370,2060916,93.982017699115,95.7976470588235,92.6605504587156,565,238,327
2371,2060923,95.525421686747,97.3277005347594,92.2691304347826,581,374,207
2372,2061222,83.19964,71.7705263157895,91.4081786941581,500,209,291
2373,2061289,96.3378473282443,94.8636555891239,97.8438888888889,655,331,324
2374,2061360,97.2213011695906,95.4009202453988,98.8789664804469,684,326,358
2375,2061683,97.4069031377899,97.8013736263736,97.0177777777778,733,364,369
2376,2061926,97.9452692307692,98.673544973545,97.2604726368159,780,378,402
2377,2062163,95.0988071895425,97.0452150537634,92.081875,612,372,240
2378,2063345,93.8064454277286,93.094954954955,94.4931884057971,678,333,345
2379,2065471,96.0870724637681,97.7515730337079,94.3129341317365,690,356,334
2380,2067262,96.9374425727412,95.6370469798658,98.0290422535211,653,298,355
2381,2067403,83.8311616954474,64.456875,96.8490551181102,637,256,381
2382,2068104,87.8168996415771,97.5110280373832,74.6868776371308,558,321,237
2383,2069980,95.133027027027,94.2055212355212,95.9445945945946,555,259,296
2384,2071404,92.347795992714,94.0724074074074,90.6788172043011,549,270,279
2385,2072244,93.8605140961857,94.9366666666667,92.5062546816479,603,336,267
2386,2072311,97.0759356725146,98.0278873239436,96.0487537993921,684,355,329
2387,2073101,92.0169147005445,99.4461173184358,78.2363212435233,551,358,193
2388,2073566,98.4950602409639,97.6528187919463,99.1808196721312,664,298,366
2389,2073650,87.8207852564102,75.6443173431734,97.1687252124646,624,271,353
2390,2073785,67.5251089108911,52.00112,82.7447058823529,505,250,255
2391,2076087,82.7860805860806,82.7961038961039,82.7731092436975,546,308,238
2392,2078767,94.4534835355286,94.1363448275862,94.77393728223,577,290,287
2393,2082432,94.9890453834116,95.5649030470914,94.2412589928058,639,361,278
2394,2082585,96.8149924127466,96.8174203821656,96.8127826086957,659,314,345
2395,2083116,94.2891203703704,90.2359763313609,98.7083548387097,648,338,310
2396,2085416,97.8512544802867,98.9418374558304,96.7289454545455,558,283,275
2397,2086430,69.7087773722628,75.505,62.79968,548,298,250
2398,2086467,33.6700335008375,26.3346666666667,41.079494949495,597,300,297
2399,2086644,83.0287773722628,83.6531178707224,82.4526315789474,548,263,285
2400,2086797,78.385327510917,89.0964661654135,63.5459375,458,266,192
2401,2086904,91.8636347197107,96.4538709677419,86.0077777777778,553,310,243
2402,2088008,91.3001851851852,84.5118309859155,95.7219571865443,540,213,327
2403,2088207,89.7860211267606,97.8501226993865,78.9228099173554,568,326,242
2404,2088272,90.6211504424779,88.8885714285714,92.0160702875399,565,252,313
2405,2088759,98.8353420669578,98.8,98.8687818696884,687,334,353
2406,2089594,74.4863325740319,76.1892857142857,73.4306273062731,439,168,271
2407,2089960,94.7439339339339,91.1573170731707,98.2244378698225,666,328,338
2408,2090271,79.0540619307832,91.555,64.4284584980237,549,296,253
2409,2092414,94.8053709198813,92.1900600600601,97.3593255131965,674,333,341
2410,2092768,88.7546995377504,93.0710231023102,84.9747976878613,649,303,346
2411,2092906,94.3824794520548,87.8374772036474,99.752319201995,730,329,401
2412,2092918,95.3177379095164,95.0659452054795,95.6507246376812,641,365,276
2413,2094380,89.0790461538462,96.5718285714286,80.3374666666667,650,350,300
2414,2095545,98.5546242774567,99.1475213675214,97.9443401759531,692,351,341
2415,2095823,89.3713953488372,88.2583333333333,90.2407692307692,602,264,338
2416,2096213,97.9328099173554,97.327002967359,98.4576349614396,726,337,389
2417,2096273,98.872447257384,98.7455485893417,98.9757142857143,711,319,392
2418,2096411,80.8740619307832,64.98046692607,94.862602739726,549,257,292
2419,2096898,96.9988666666667,95.939741697417,97.8712765957447,600,271,329
2420,2097124,94.4171929824561,98.240293255132,89.8588811188811,627,341,286
2421,2097757,95.6336904761905,95.1855614973262,95.8980441640379,504,187,317
2422,2098900,94.71,92.7754752851711,96.2851702786378,586,263,323
2423,2099380,95.8969604863222,92.2104672897196,99.4084272997033,658,321,337
2424,2099614,95.7142063492063,90.6572664359862,100,630,289,341
2425,2100479,95.0957911392405,98.5723142857143,90.7809574468085,632,350,282
2426,2100529,97.871641337386,97.9468035190616,97.7907886435331,658,341,317
2427,2100625,97.8418489984592,98.8965840220386,96.5031468531469,649,363,286
2428,2100848,82.520037593985,95.7457021276596,72.0552861952862,532,235,297
2429,2102221,83.8146153846154,84.8677859778598,83.0060906515581,624,271,353
2430,2102295,95.0162199312715,91.2282456140351,97.4559322033898,582,228,354
2431,2103401,89.3722522522523,73.4718367346939,98.0532590529248,555,196,359
2432,2103831,75.0929272727273,98.5051497005988,38.8906944444444,550,334,216
2433,2104048,98.4944481605351,96.734693877551,99.7158073654391,598,245,353
2434,2105967,94.6169657422512,95.4538636363636,93.7718360655738,613,308,305
2435,2106116,86.0057649253731,76.5523793103448,97.15,536,290,246
2436,2107098,95.698955453149,99.0844817073171,92.2610216718266,651,328,323
2437,2107303,98.4615726495727,98.240293255132,98.7708196721312,585,341,244
2438,2107438,94.1505847953216,93.9170945945946,94.4690783410138,513,296,217
2439,2108163,97.3900920245399,98.1746808510638,96.5909287925697,652,329,323
2440,2108912,96.7433561643836,95.7893851132686,97.8152727272727,584,309,275
2441,2110542,96.8293083573487,97.634674556213,96.0646629213483,694,338,356
2442,2111185,85.6168596491228,99.4106528189911,65.6661802575107,570,337,233
2443,2111382,98.6478646616541,98.5716571428571,98.7325396825397,665,350,315
2444,2111440,98.4097539797395,98.2408211143695,98.5743428571429,691,341,350
2445,2111468,98.6524700598802,99.1291014492754,98.1433746130031,668,345,323
2446,2111981,93.6654147812971,94.625671641791,92.6846646341463,663,335,328
2447,2112206,97.2162356792144,98.1018987341772,96.2675254237288,611,316,295
2448,2113182,79.8774695121951,59.7374257425743,97.1648158640227,656,303,353
2449,2114462,80.1409838998211,96.2604672897196,58.4,559,321,238
2450,2114812,95.4336209813875,90.0010909090909,98.6550673854447,591,220,371
2451,2115639,95.6005106382979,97.1155043227666,94.1320670391061,705,347,358
2452,2115703,92.139862475442,98.7573913043478,80.7449732620321,509,322,187
2453,2115835,92.0060860655738,93.8759183673469,90.1208641975309,488,245,243
2454,2117424,96.2546176911544,98.79,93.7718991097923,667,330,337
2455,2117582,95.3226510721248,93.9376190476191,96.4571985815603,513,231,282
2456,2118269,97.5367434210526,97.456050955414,97.622925170068,608,314,294
2457,2118913,91.6810265486726,88.6851824817518,94.5018556701031,565,274,291
2458,2119139,95.3165050167224,91.2882954545455,98.5004790419162,598,264,334
2459,2119778,82.2118352059925,95.2258507462687,60.3038190954774,534,335,199
2460,2121798,97.6788676671214,97.1345845272206,98.1735416666667,733,349,384
2461,2122416,82.5406891271057,95.2989932885906,71.8309014084507,653,298,355
2462,2123294,86.2285409836066,71.8251587301587,96.3672346368715,610,252,358
2463,2123904,88.334489465154,98.0678709677419,78.505993485342,617,310,307
2464,2124868,85.3786006289308,74.5040397350993,95.2112874251497,636,302,334
2465,2125929,94.0965104166667,97.18525,90.2355859375,576,320,256
2466,2125973,77.4339891696751,91.7576404494382,64.1085017421603,554,267,287
2467,2126576,93.7612972085386,97.2048951048951,90.7121671826625,609,286,323
2468,2128050,81.7743143812709,91.8341176470588,71.2321917808219,598,306,292
2469,2128612,85.8748095238095,84.3293656716418,87.0189502762431,630,268,362
2470,2128658,94.7072103004292,89.6196226415094,98.9535433070866,699,318,381
2471,2132132,94.9782009724473,94.5015210355987,95.4564285714286,617,309,308
2472,2132209,97.0325654450262,96.7342857142857,97.2553658536585,573,245,328
2473,2134171,94.5357627118644,96.203724137931,92.5286721991701,531,290,241
2474,2135684,96.8619188191882,96.6914876033058,96.9994,542,242,300
2475,2136669,86.4027192982456,68.9238418079096,97.4914695340502,456,177,279
2476,2138074,98.5272831423895,99.38,97.5834137931035,611,321,290
2477,2139460,85.964335839599,81.1320754716981,91.4426203208556,399,212,187
2478,2139889,93.9059139784946,98.928,88.8476978417266,558,280,278
2479,2141212,92.6003249097473,81.2808374384237,99.1469230769231,554,203,351
2480,2141387,94.6289444444444,93.9775903614458,95.1862886597938,540,249,291
2481,2141473,92.6093153153153,96.6509698996656,87.8887890625,555,299,256
2482,2141656,95.3928289473684,96.6429530201342,94.1910967741935,608,298,310
2483,2142028,96.8868852459016,96.8770833333333,96.895652173913,610,288,322
2484,2142252,95.3761130136986,97.8307220216606,93.1613680781759,584,277,307
2485,2143393,95.0098930481283,92.3950950570342,97.3175838926174,561,263,298
2486,2143448,95.3636589403974,98.0465472312704,92.5904377104377,604,307,297
2487,2143499,90.5763846153846,96.1006737588652,84.0307983193277,520,282,238
2488,2145089,86.828756097561,95.8176306620209,65.8547154471545,410,287,123
2489,2145507,94.8233456561922,95.9157482993197,93.5230769230769,541,294,247
2490,2145657,94.3382809224319,95.3750420168067,93.3058577405858,477,238,239
2491,2146202,83.8222222222222,89.6674,75.5895774647887,513,300,213
2492,2146342,95.1666728624535,96.4955642023346,93.95128113879,538,257,281
2493,2147490,93.6018647166362,86.7296902654867,98.4402180685358,547,226,321
2494,2147773,95.8315760869565,98.0871656050955,92.8557142857143,552,314,238
2495,2149269,90.9114343434343,91.4461497326203,90.5867857142857,495,187,308
2496,2149695,95.9022905027933,97.8387037037037,92.9567605633803,537,324,213
2497,2151263,76.8126932084309,82.3785238095238,71.4264055299539,427,210,217
2498,2152372,88.7800760456274,90.9916587677725,87.2986666666667,526,211,315
2499,2152442,90.765983935743,85.948,93.6136741214058,498,185,313
2500,2152610,93.0856324110672,92.8269058295964,93.2895053003534,506,223,283
2501,2155582,95.6203284671533,93.4146913580247,97.377606557377,548,243,305
2502,2156327,96.096524822695,96.6014716981132,95.6489966555184,564,265,299
2503,2157424,96.7261090909091,98.0683783783784,95.5314432989691,550,259,291
2504,2157938,94.4250844594595,96.4286904761905,91.7953515625,592,336,256
2505,2159782,92.6924512987013,92.1702846975089,93.130447761194,616,281,335
2506,2159839,93.5816047297297,90.0390438247012,96.1891788856305,592,251,341
2507,2160945,65.3364285714286,41.4291428571429,84.2106015037594,476,210,266
2508,2161254,82.0409466019418,91.1304436860068,59.6609243697479,412,293,119
2509,2162057,82.1520689655172,74.5630263157895,88.6815094339623,493,228,265
2510,2167322,94.8856850715747,95.0539923954373,94.6898230088496,489,263,226
2511,2167363,89.9773210633947,80.3546875,98.1111698113207,489,224,265
2512,2168666,92.9280606060606,94.6954545454545,90.9081818181818,495,264,231
2513,2171203,95.6293781512605,95.4088524590164,95.8613103448276,595,305,290
2514,2172488,90.6200998003992,92.421119133574,88.3929464285714,501,277,224
2515,2172760,79.765442043222,96.1426688102894,54.0416161616162,509,311,198
2516,2174643,93.3598993963783,91.7003734439834,94.9221875,497,241,256
2517,2175913,72.8315296803653,73.0342134831461,72.6927692307692,438,178,260
2518,2176132,93.2733454545455,97.9075958188153,88.2161977186312,550,287,263
2519,2176550,94.8834754797441,97.7047540983607,89.6365853658537,469,305,164
2520,2177489,84.8312574850299,83.1783177570093,86.0637630662021,501,214,287
2521,2177601,93.35935546875,95.3743772241993,90.9081818181818,512,281,231
2522,2178130,94.9514368932039,98.182,91.24975,515,275,240
2523,2178188,98.0094936708861,95.5359375,99.6936170212766,553,224,329
2524,2178363,95.4238672768879,89.4421118012422,98.9132246376812,437,161,276
2525,2178470,94.4676639344262,96.644552238806,91.8158181818182,488,268,220
2526,2178689,91.666462962963,90.0367432950192,93.1910394265233,540,261,279
2527,2179188,96.9318416801292,99.05,94.7370394736842,619,315,304
2528,2179196,89.7237844611529,97.8395683453237,71.0776033057851,399,278,121
2529,2180140,93.6167375886525,95.347984496124,92.1570588235294,564,258,306
2530,2180171,87.7700539568345,88.2161616161616,87.2584942084942,556,297,259
2531,2180823,92.0646776859504,84.9814285714286,97.889156626506,605,273,332
2532,2181578,96.7046153846154,94.249203539823,98.43875,546,226,320
2533,2183162,96.3897833935018,97.294749034749,95.5952542372881,554,259,295
2534,2183548,69.393249475891,90.5624125874126,37.6949214659686,477,286,191
2535,2184728,98.5328664495114,98.0605806451613,99.0144736842105,614,310,304
2536,2185419,95.4011330049261,93.3811764705882,97.0314836795252,609,272,337
2537,2185898,83.4632071713147,76.64,91.6630263157895,502,274,228
2538,2186660,93.7703806228374,91.0112359550562,96.1391639871383,578,267,311
2539,2186884,89.5788117001828,94.0772697368421,83.9511111111111,547,304,243
2540,2188580,85.84277676951,96.0395683453237,75.4592307692308,551,278,273
2541,2189280,94.3779216354344,98.5225185185185,90.8478233438486,587,270,317
2542,2190130,88.8040858208955,89.7936734693877,87.9709278350516,536,245,291
2543,2190804,96.5859837398374,96.0425742574257,97.1137179487179,615,303,312
2544,2191773,92.1925278810409,94.8385161290323,88.5949122807017,538,310,228
2545,2191913,95.7039877300613,98.5675358166189,92.4057095709571,652,349,303
2546,2192359,73.7802857142857,81.1130650154799,65.0726102941177,595,323,272
2547,2192402,91.566359375,88.7921818181818,94.5195161290323,640,330,310
2548,2193088,97.8545874587459,99.28,96.6544680851064,606,277,329
2549,2193358,94.2754961832061,96.5010894941634,92.1332584269663,524,257,267
2550,2193946,97.708821603928,96.7953380782918,98.4866666666667,611,281,330
2551,2194544,84.59946,96.730522875817,65.4648969072165,500,306,194
2552,2194870,97.5431147540984,97.1460317460318,97.9671186440678,610,315,295
2553,2195965,89.4858965517241,87.323115942029,91.4494736842105,580,276,304
2554,2196577,89.752347107438,95.0625925925926,83.6295017793594,605,324,281
2555,2197411,90.3758110516934,95.8633448275862,84.5035424354244,561,290,271
2556,2200247,57.243539192399,58.6178325123153,55.9638073394495,421,203,218
2557,2200425,63.9337786259542,69.4032176656151,55.5578743961353,524,317,207
2558,2206838,95.8685457809695,97.4181612903226,93.9236842105263,557,310,247
2559,2210800,92.6603174603175,92.4606349206349,92.86,504,252,252
2560,2210889,95.2103867403315,98.4283018867924,90.6624,543,318,225
2561,2210934,94.3507322175732,95.9244444444444,92.3079326923077,478,270,208
2562,2211141,95.3373794212219,97.0915406976744,93.1667625899281,622,344,278
2563,2211688,81.3024040066778,90.9412080536913,71.7596677740864,599,298,301
2564,2212431,93.0055009451796,85.8346351931331,98.6501351351351,529,233,296
2565,2213414,94.0850086956522,95.6185185185185,92.446690647482,575,297,278
2566,2213504,94.2698151571165,96.3250204081633,92.5687162162162,541,245,296
2567,2214487,91.7804666666667,95.9745054945055,85.3116949152543,450,273,177
2568,2214944,93.9804854368932,90.3370588235294,97.1109386281588,515,238,277
2569,2215083,93.5096146044625,86.8412105263158,97.6911221122112,493,190,303
2570,2215520,91.2464245810056,97.5326056338028,84.19,537,284,253
2571,2216477,95.9652456140351,94.8495708154506,96.7366172106825,570,233,337
2572,2216724,97.51,97.7197719869707,97.3183333333333,643,307,336
2573,2216984,96.1964500792393,94.932972972973,97.3128358208955,631,296,335
2574,2217247,94.3005048859935,97.4116828478964,91.1485245901639,614,309,305
2575,2217332,96.1832213740458,97.6509060402685,94.9580952380952,655,298,357
2576,2218760,98.4263579277865,97.1089891696751,99.44,637,277,360
2577,2219470,81.0514071294559,88.5272950819672,74.7395847750865,533,244,289
2578,2220684,96.8059584664537,98.652861952862,95.1386930091185,626,297,329
2579,2220729,97.2005754276827,97.8555,96.6953994490358,643,280,363
2580,2221640,97.1098194945848,98.9126811594203,95.319928057554,554,276,278
2581,2221772,94.5987456445993,96.2171821305842,92.9345583038869,574,291,283
2582,2223226,98.930243902439,97.9697297297297,99.72,656,296,360
2583,2223510,74.4190180878553,88.3959116022099,62.1383495145631,387,181,206
2584,2226189,97.5442880523732,97.8845921450151,97.142,611,331,280
2585,2226503,97.7725,99.3012587412587,96.3053020134228,584,286,298
2586,2227028,95.2390816326531,96.2421804511278,94.4104347826087,588,266,322
2587,2227471,91.7359710743802,87.7349056603774,94.8544485294118,484,212,272
2588,2228256,98.4200286944046,98.8900831024931,97.915,697,361,336
2589,2228422,95.6507304347826,95.4700754716981,95.8051612903226,575,265,310
2590,2229641,95.4898289269051,95.792972972973,95.1641935483871,643,333,310
2591,2230103,73.6949598393574,91.1979929577465,50.4666355140187,498,284,214
2592,2231851,90.1476445396146,84.4315094339623,94.8998823529412,467,212,255
2593,2232595,97.2795770392749,96.6336391437309,97.9100895522388,662,327,335
2594,2232716,96.1076657060519,98.5910985915493,93.5070206489675,694,355,339
2595,2232842,94.5740310077519,92.3773780487805,96.8469085173502,645,328,317
2596,2233039,97.6292575039494,96.4407473309608,98.5780397727273,633,281,352
2597,2234646,94.6138864628821,90.8795789473684,97.2613432835821,687,285,402
2598,2235758,97.6054313099041,96.1565384615384,99.0450955414013,626,312,314
2599,2236237,95.8294703049759,98.0776923076923,93.5740192926045,623,312,311
2600,2237906,94.2997963340122,95.3519379844961,93.1347639484979,491,258,233
2601,2238408,95.7499075785582,96.0671653543307,95.4691289198606,541,254,287
2602,2239148,69.8829824561404,67.8297902097902,71.358391959799,342,143,199
2603,2239155,82.8638828633406,96.7743401759531,43.335,461,341,120
2604,2239974,76.202835443038,96.3269387755102,43.3334666666667,395,245,150
2605,2240532,90.3901140065147,93.996,86.945,614,300,314
2606,2240749,94.2846095238095,90.8226086956522,96.5381761006289,525,207,318
2607,2241341,94.2269439728353,96.6920588235294,92.1117665615142,589,272,317
2608,2241879,98.078256,99.0651401869159,97.0361842105263,625,321,304
2609,2243631,92.9538255033557,97.5180745341615,87.59,596,322,274
2610,2243816,97.2010873146623,96.6542379182156,97.6363017751479,607,269,338
2611,2245054,96.7364926590538,98.3446357615894,95.1748874598071,613,302,311
2612,2245089,97.2123753665689,97.4631830985915,96.9400917431193,682,355,327
2613,2245161,84.7633095238095,91.2438321167883,72.6012328767123,420,274,146
2614,2245592,95.4539968652038,92.4165862068965,97.9851724137931,638,290,348
2615,2246398,95.9506146926537,94.940119047619,96.9763746223565,667,336,331
2616,2246960,88.2676707530648,87.5443598615917,89.0089361702128,571,289,282
2617,2247658,96.5565840220386,95.4136676217765,97.6146153846154,726,349,377
2618,2250234,91.2868779714738,87.6710333333333,94.5640785498489,631,300,331
2619,2250601,93.7497297297297,97.7378709677419,89.3656028368794,592,310,282
2620,2250884,96.6460893854749,92.9515436241611,99.28,716,298,418
2621,2251013,94.0050230414746,94.5467948717949,93.506401179941,651,312,339
2622,2251222,94.8799004267425,98.494578313253,91.6452021563342,703,332,371
2623,2252687,95.9976903225806,92.9758426966292,98.5651789976134,775,356,419
2624,2253950,88.5235171385991,79.7969023569024,95.4534759358289,671,297,374
2625,2254982,95.4767119155354,92.416,97.8563538873995,663,290,373
2626,2256045,93.4736215334421,90.6055704697986,96.1868888888889,613,298,315
2627,2256798,93.4341420911528,97.6826376811594,89.7789526184539,746,345,401
2628,2256819,95.1210638297872,93.6024266666667,96.4641981132075,799,375,424
2629,2256996,91.665376344086,86.1662247838617,96.4719395465995,744,347,397
2630,2257592,88.1966388888889,75.4927450980392,97.5864734299517,720,306,414
2631,2257725,97.4577510040161,96.2125364431487,98.5149504950495,747,343,404
2632,2257893,94.1605076142132,89.6357983193277,97.9083526682135,788,357,431
2633,2258187,81.6248549323017,74.5875690607735,85.4157738095238,517,181,336
2634,2260136,86.5185553772071,82.886577181208,89.8488,623,298,325
2635,2260713,87.175459272097,90.88,82.627027027027,577,318,259
2636,2261099,97.4927044854881,98.0916621253406,96.9305115089514,758,367,391
2637,2261203,94.9917820324006,91.6676515151515,97.1064096385542,679,264,415
2638,2261359,64.9721996615905,79.2555108359133,47.7576119402985,591,323,268
2639,2261517,93.6932882882883,96.5781196581196,90.4787619047619,666,351,315
2640,2262708,92.8206698564593,91.2730536912752,94.222462006079,627,298,329
2641,2262756,88.2195063694268,93.9796987951807,81.75875,628,332,296
2642,2265236,96.3877210460772,99.2749152542373,93.3302564102564,803,413,390
2643,2265707,62.3814920634921,78.1480132450331,47.864756097561,630,302,328
2644,2265943,93.6326496815287,96.6669230769231,90.6367848101266,785,390,395
2645,2266171,91.7598184357542,86.3503174603175,96.0091770573566,716,315,401
2646,2266661,44.5854861111111,44.7009742120344,44.476846361186,720,349,371
2647,2270121,96.1917771509168,96.3488764044944,96.033342776204,709,356,353
2648,2270542,91.3116721311475,80.4243829787234,98.1343733333333,610,235,375
2649,2270903,95.4876588628762,94.00064,96.5559195402299,598,250,348
2650,2271109,94.8351118760757,96.9013003095975,92.2483720930233,581,323,258
2651,2274612,87.2702314049587,83.0924820143885,90.8219571865443,605,278,327
2652,2274635,85.1663166666667,82.0044542772861,89.2731034482759,600,339,261
2653,2275531,76.5861788617886,72.2417034700316,81.2076510067114,615,317,298
2654,2276019,95.4413675213675,95.0567441860465,95.8109497206704,702,344,358
2655,2276503,93.6518181818182,92.6720418848168,94.8552733118971,693,382,311
2656,2276601,96.2791878172589,96.7666990291262,95.745,591,309,282
2657,2276650,88.8501438848921,96.0112765957447,73.8913333333333,556,376,180
2658,2276982,91.6110906040268,93.6000533333333,88.2361538461539,596,375,221
2659,2279200,96.1256397306397,98.1724012158055,93.5845660377359,594,329,265
2660,2279239,95.4371041369472,94.1383333333333,96.5532891246684,701,324,377
2661,2279288,93.7610401188707,88.7710869565217,97.2301259445844,673,276,397
2662,2279302,89.3854376163873,81.523097826087,93.4836543909348,537,184,353
2663,2279313,91.014652173913,84.9045283018868,96.2378225806452,690,318,372
2664,2280162,88.9397235023041,82.4321283783784,94.3657746478873,651,296,355
2665,2281297,94.9555047318612,95.1249128919861,94.8153890489914,634,287,347
2666,2281381,77.4252782193959,74.3042458100559,81.5482656826568,629,358,271
2667,2282393,93.458691588785,86.3438766519824,97.3504096385542,642,227,415
2668,2283338,97.4589707750953,98.1129245283019,96.6951239669421,787,424,363
2669,2283858,95.9950357653791,97.1090361445783,94.3671830985915,699,415,284
2670,2284399,91.6631586021505,92.3715542521994,91.063746898263,744,341,403
2671,2284426,91.2454070660522,95.6538043478261,85.5129328621908,651,368,283
2672,2284522,91.5551742627346,87.3952380952381,95.3729048843188,746,357,389
2673,2285597,92.277137150466,94.7970520231214,90.1243209876543,751,346,405
2674,2286679,91.6653360215054,87.0897597597598,95.3725547445255,744,333,411
2675,2287209,94.9980285714286,97.4603045685279,91.8276470588235,700,394,306
2676,2287247,96.187637195122,97.150664556962,95.2925882352941,656,316,340
2677,2288165,92.1377987421384,93.01375,91.4832417582418,636,272,364
2678,2288858,92.6954642313546,94.0229891304348,91.0050519031142,657,368,289
2679,2289084,95.776485013624,97.86632,93.5935097493036,734,375,359
2680,2289115,96.4064184852375,97.2241414141414,95.5609399477807,779,396,383
2681,2289183,94.4713821138211,95.4538636363636,93.1564258555133,615,352,263
2682,2290857,96.3607132018209,95.7766549295775,96.80304,659,284,375
2683,2291279,94.6060787172012,89.6302222222222,97.8356009615385,686,270,416
2684,2291621,98.055382746051,98.2638709677419,97.8553333333333,823,403,420
2685,2292054,97.75900373599,97.3097849462366,98.1467285382831,803,372,431
2686,2293994,88.8475236294896,74.4575543478261,96.5221739130435,529,184,345
2687,2294399,85.0088995215311,89.0432876712329,81.4923582089552,627,292,335
2688,2299426,95.1367629179331,95.6987096774193,94.4058391608392,658,372,286
2689,2300102,92.3208986928105,97.6601672240803,87.220447284345,612,299,313
2690,2300258,92.5435087719298,86.9739739413681,97.0789124668435,684,307,377
2691,2300562,90.6118153364632,96.8277777777778,81.6093869731801,639,378,261
2692,2300632,92.5012291666667,94.4245493562232,90.6869230769231,480,233,247
2693,2300646,91.6511717495987,83.5791044776119,97.745014084507,623,268,355
2694,2301245,86.843201754386,83.6469182389937,88.5543434343434,456,159,297
2695,2302933,92.007936802974,93.0321951219512,90.8367729083665,538,287,251
2696,2303487,93.0541666666667,96.9129820051414,87.2584942084942,648,389,259
2697,2304333,94.0754160789845,94.7062647058823,93.4941463414634,709,340,369
2698,2307561,95.6000258732212,96.3225490196079,94.7923835616438,773,408,365
2699,2308357,89.3874919614148,81.950977443609,94.9439887640449,622,266,356
2700,2309463,93.5879883381924,98.3739534883721,85.5490625,686,430,256
2701,2309576,91.7532302405498,89.7037209302326,93.9486120996441,582,301,281
2702,2310008,97.0863046357616,95.944115942029,98.0474146341463,755,345,410
2703,2310130,94.1743203883495,92.5194881889764,95.3290659340659,618,254,364
2704,2310677,56.032859922179,32.2197071129707,76.7286545454545,514,239,275
2705,2312815,98.6374829931973,99.1453977272727,98.1706788511749,735,352,383
2706,2313313,96.0466949152542,94.3463392857143,97.5825,708,336,372
2707,2313790,96.7942833052277,97.5154609929078,96.1403536977492,593,282,311
2708,2315149,81.2390452261307,67.7633333333333,92.5935802469136,597,273,324
2709,2315496,88.4898705035971,81.5964417177914,94.58,695,326,369
2710,2316005,96.4900269905533,95.6966666666667,97.289837398374,741,372,369
2711,2316219,83.4518505338078,96.8517322834646,72.4012987012987,562,254,308
2712,2316230,95.038128,93.6801486988848,96.0642415730337,625,269,356
2713,2316386,94.0850277264325,95.807125748503,91.3063768115942,541,334,207
2714,2316644,97.5293628088426,97.8027472527472,97.2836543209877,769,364,405
2715,2316992,94.3214594594594,93.4276,95.123641025641,740,350,390
2716,2317055,96.432976744186,96.7427361563518,96.1516272189349,645,307,338
2717,2317311,63.2116607142857,23.92,96.0620655737705,560,255,305
2718,2317776,95.5478041543027,95.3590434782609,95.7457446808511,674,345,329
2719,2319188,82.1914481409002,92.8809252669039,69.1316956521739,511,281,230
2720,2319612,94.881824,91.8240520446097,97.1923314606742,625,269,356
2721,2319906,97.4771810089021,96.0637704918033,98.6454471544715,674,305,369
2722,2320319,94.719712,91.8361224489796,96.5788684210526,625,245,380
2723,2321290,92.8683358098068,87.9724742268041,96.5979057591623,673,291,382
2724,2321398,94.1961679389313,89.5320930232558,97.2272292191436,655,258,397
2725,2321435,95.185569823435,94.9600840336134,95.4881954887218,623,357,266
2726,2321619,11.4302010050251,14.7717414248021,8.3931654676259,796,379,417
2727,2323039,96.1908299319728,97.0159620596206,95.3589344262295,735,369,366
2728,2324206,96.6165444287729,95.4727794561934,97.6180952380952,709,331,378
2729,2324503,95.060987654321,92.113835125448,97.2893224932249,648,279,369
2730,2324881,89.757674796748,84.9457528957529,93.2584831460674,615,259,356
2731,2326510,92.2945376712329,90.9417391304348,93.5067857142857,584,276,308
2732,2327171,94.1909419152276,92.7316262975779,95.4028448275862,637,289,348
2733,2328030,73.8170945945946,65.4832580645161,82.9784042553191,592,310,282
2734,2332893,98.3019607843137,97.9937535816619,98.5605288461538,765,349,416
2735,2333113,97.0085955786736,95.9377664974619,98.13368,769,394,375
2736,2334026,94.2801859799714,96.5283374689826,91.2193581081081,699,403,296
2737,2334383,95.7620383036936,96.4633628318584,95.1555357142857,731,339,392
2738,2335213,97.6711533742331,96.8138724373576,98.6720744680851,815,439,376
2739,2335521,94.1185972850679,94.4904986876641,93.616134751773,663,381,282
2740,2335870,23.5448849797023,22.8649390243902,24.0875182481752,739,328,411
2741,2336127,82.8770909090909,71.2325752508361,92.5217174515235,660,299,361
2742,2336348,95.3354355828221,97.0185111662531,93.6891262135922,815,403,412
2743,2337182,97.6738602941176,98.8374825174825,96.3839534883721,816,429,387
2744,2338566,95.7399391171994,95.0991176470588,96.298603988604,657,306,351
2745,2338816,71.4762980769231,54.6638906752411,88.1812779552716,624,311,313
2746,2338893,77.6450433275563,64.1603225806452,90.27,577,279,298
2747,2339007,95.2454953764861,97.438,92.9155858310627,757,390,367
2748,2339056,96.6531145431145,95.76907960199,97.6008,777,402,375
2749,2339857,93.6465745856353,89.7159142857143,97.325,724,350,374
2750,2340180,85.9738476953908,83.6561538461538,87.6304810996564,499,208,291
2751,2340422,76.9499442379182,50.7141626794258,93.616443768997,538,209,329
2752,2341529,69.193607907743,81.2870175438596,53.5862641509434,607,342,265
2753,2342323,94.9349507735584,95.0551453488372,94.8222888283379,711,344,367
2754,2343877,88.1335602094241,91.5467346938776,83.0434782608696,573,343,230
2755,2343980,88.3785106382979,94.890940860215,78.2420083682008,611,372,239
2756,2344407,83.1170175438596,80.3519213973799,85.9064757709251,456,229,227
2757,2346842,91.8432474964235,95.7106,87.9648137535817,699,350,349
2758,2346940,93.791322537112,91.4076687116564,95.6637831325301,741,326,415
2759,2347968,92.7673191489362,93.2979883381924,92.2645027624309,705,343,362
2760,2348756,70.9479644268775,72.1598534798535,69.528025751073,506,273,233
2761,2349137,89.7856170212766,90.705687732342,88.5542786069652,470,269,201
2762,2349375,87.1304437869823,89.0137464788732,85.0476635514019,676,355,321
2763,2349693,93.1593994413408,94.7404385964912,91.7136363636364,716,342,374
2764,2349956,95.6881223922114,92.4044936708861,98.2628784119107,719,316,403
2765,2350249,92.7902852852853,92.6241025641026,92.9367514124294,666,312,354
2766,2350375,88.4048985507246,83.5506578947368,92.2279274611399,690,304,386
2767,2351699,95.9973793103448,96.1206648199446,95.8751098901099,725,361,364
2768,2352839,97.4372073170732,96.8070024570025,98.0582566585956,820,407,413
2769,2353702,87.3691103202847,83.5051851851852,91.6996226415094,562,297,265
2770,2354247,93.3237300435414,92.8368535825545,93.7484239130435,689,321,368
2771,2354433,93.1921785173979,94.3957227138643,91.9250931677019,661,339,322
2772,2354609,95.2653760445683,92.2628366762178,98.1051761517615,718,349,369
2773,2354638,93.3337094017094,96.4472131147541,88.1303196347032,585,366,219
2774,2354707,93.9048891966759,95.127994269341,92.7604825737265,722,349,373
2775,2355095,94.6441071428572,92.5090228013029,96.7653721682848,616,307,309
2776,2355534,98.7867250673854,98.9784693877551,98.5719714285714,742,392,350
2777,2355884,88.0431366459627,74.194314516129,96.7161363636364,644,248,396
2778,2355967,94.5885852981969,92.0092332268371,96.5673529411765,721,313,408
2779,2358373,95.07016,95.293351800554,94.8630334190231,750,361,389
2780,2359437,87.132979020979,83.3375438596491,90.6129758713137,715,342,373
2781,2359654,93.8198214285714,92.1067894736842,95.6903735632184,728,380,348
2782,2364770,90.9534046052632,90.7634713375796,91.1562585034014,608,314,294
2783,2367002,90.3455310344828,92.3907349081365,88.0803488372093,725,381,344
2784,2367341,93.9499855907781,91.7478899082569,95.9120708446866,694,327,367
2785,2370410,82.1829855537721,64.7036134453782,92.9884155844156,623,238,385
2786,2371490,94.3535958395245,96.1724489795918,91.8162633451957,673,392,281
2787,2373582,90.6215191545574,94.1489312977099,86.8130769230769,757,393,364
2788,2374606,92.259633401222,81.1613043478261,96.5983569405099,491,138,353
2789,2374712,76.6823593964335,82.1062105263158,70.7767335243553,729,380,349
2790,2375908,94.8179115853658,92.6056690140845,96.5068279569892,656,284,372
2791,2377191,79.8538834951456,75.5314893617021,83.4816071428571,412,188,224
2792,2378859,95.1565549348231,93.6178723404255,96.8581568627451,537,282,255
2793,2379054,97.6872141119221,97.9539130434783,97.4452668213457,822,391,431
2794,2379219,92.9174305555556,89.3964545454545,95.8967179487179,720,330,390
2795,2381769,95.7745838668374,97.0909259259259,94.5399007444169,781,378,403
2796,2382708,95.7432452276065,95.8335897435897,95.6668563685637,681,312,369
2797,2383635,95.0295994475138,94.5949249249249,95.3997953964194,724,333,391
2798,2385227,90.7007504078303,93.8036283185841,86.8617883211679,613,339,274
2799,2386645,94.7937783711616,97.7409045226131,91.4520227920228,749,398,351
2800,2390674,97.3841884816754,97.6144031830239,97.1599224806202,764,377,387
2801,2391188,93.6919316688568,90.2184782608696,96.944427480916,761,368,393
2802,2391565,74.6351219512195,73.9331196581197,75.5684659090909,410,234,176
2803,2392302,94.7202714932127,90.4736263736264,97.6929230769231,663,273,390
2804,2394843,91.3808943089431,97.122268370607,85.4303973509934,615,313,302
2805,2396040,95.7319852941176,97.4330484330484,93.9171732522796,680,351,329
2806,2396048,61.6526015037594,60.0551274787535,63.46,665,353,312
2807,2397011,92.6246313799622,91.1742647058824,94.1596498054475,529,272,257
2808,2397399,94.1878731836196,93.7840540540541,94.5739534883721,757,370,387
2809,2400726,81.025641025641,89.3261797752809,68.1217467248908,585,356,229
2810,2401218,89.6066471449488,90.7326966292135,88.3807339449541,683,356,327
2811,2401917,90.4561820851689,87.1350292397661,93.8067256637168,681,342,339
2812,2402387,76.5731761006289,90.6649333333333,63.99125,636,300,336
2813,2402514,94.7066029411765,94.6943296089385,94.720248447205,680,358,322
2814,2402993,81.8772322899506,93.0229457364341,62.2709090909091,607,387,220
2815,2403027,66.99865,89.7266216216216,30.4362608695652,600,370,230
2816,2403971,91.0527994227994,94.9602770780856,85.812027027027,693,397,296
2817,2404433,92.5254896907216,92.7320050125313,92.3069230769231,776,399,377
2818,2406741,95.4474564926372,95.0836117936118,95.883,747,407,340
2819,2407123,92.5518338108883,92.5424242424242,92.5668401486989,698,429,269
2820,2408144,92.5604166666667,89.1431907894737,95.3833423913044,672,304,368
2821,2408854,94.2079150579151,92.2641964285714,95.688843537415,777,336,441
2822,2408915,92.2642120343839,91.4821766561514,92.9148818897638,698,317,381
2823,2409014,90.4108885754584,88.6061538461539,92.1803351955307,709,351,358
2824,2409183,93.5254520917679,91.9906231454006,94.8057425742574,741,337,404
2825,2409219,96.8507556675063,96.0871540469974,97.5623357664233,794,383,411
2826,2411344,93.1520930232558,94.9778082191781,90.7721428571429,774,438,336
2827,2411953,96.3564237516869,97.5223514851485,94.9586943620178,741,404,337
2828,2412616,73.3328833333333,71.7293617021277,75.279594095941,600,329,271
2829,2417554,89.6650455927052,79.2709090909091,97.1281984334204,658,275,383
2830,2419427,93.6875179340029,95.5196638655462,91.7637647058824,697,357,340
2831,2420860,80.4348260869565,82.875,77.7417073170732,690,362,328
2832,2421851,89.0690353697749,81.8897358490566,94.3982072829132,622,265,357
2833,2421979,94.7136285714286,93.559754601227,95.7194117647059,700,326,374
2834,2422668,91.8600516795865,92.6012244897959,91.0994764397906,774,392,382
2835,2422999,88.3642659279778,84.6573295454545,91.8908648648649,722,352,370
2836,2423932,91.4527328244275,85.7682481751825,95.5407874015748,655,274,381
2837,2424329,90.9107606679035,87.3993495934959,93.8589078498293,539,246,293
2838,2424867,93.9408815426997,93.3923563218391,94.445873015873,726,348,378
2839,2424978,91.938776119403,89.5955704697986,93.8158602150538,670,298,372
2840,2425283,92.2479027355623,89.1676895306859,94.4873228346457,658,277,381
2841,2425450,91.5525862068965,92.4878034682081,90.1697435897436,580,346,234
2842,2425831,92.137481804949,92.1794788273616,92.1035526315789,687,307,380
2843,2426660,2.343671875,1.31852747252747,3.40136054421769,896,455,441
2844,2426668,2.01634529147982,2.0002,2.03278280542986,892,450,442
2845,2427990,96.6037232704402,98.1011401425178,94.918128342246,795,421,374
2846,2428164,94.3649803407602,93.0951351351351,95.3483720930233,763,333,430
2847,2429516,65.1668284228769,45.9215306122449,85.1601766784452,577,294,283
2848,2430550,93.3431900138696,95.9943207126949,88.966875,721,449,272
2849,2430888,87.5993558776167,81.2919047619048,93.2702752293578,621,294,327
2850,2430965,88.5707969924812,90.3486327077748,86.2997945205479,665,373,292
2851,2431240,92.3482270408163,95.0280331753555,89.2242541436464,784,422,362
2852,2434047,75.3318208516887,94.700891566265,45.1131578947368,681,415,266
2853,2434087,87.6354891304348,87.9490256410256,87.2820809248555,736,390,346
2854,2434433,83.5294117647059,60.6800970873786,95.6295629820051,595,206,389
2855,2435773,92.1128571428571,91.0739285714286,93.1517857142857,672,336,336
2856,2435832,85.7132605042017,82.4688844621514,88.080523255814,595,251,344
2857,2437322,76.7548496993988,82.5019285714286,69.4069863013699,499,280,219
2858,2438358,92.984616639478,92.7077430555556,93.2299692307692,613,288,325
2859,2438770,93.2315538461538,94.7695930232558,91.5025163398693,650,344,306
2860,2439575,65.6397504798464,48.0596124031008,82.8856653992395,521,258,263
2861,2439726,62.4739520958084,44.062183908046,82.49675,501,261,240
2862,2440080,81.8826306620209,77.1054545454545,87.0047292418773,574,297,277
2863,2440544,73.7684507042254,62.2909090909091,86.3471586715867,568,297,271
2864,2441633,95.162560455192,95.6805755395684,94.4072727272727,703,417,286
2865,2442469,89.0966571018651,97.4621827411168,78.2187128712871,697,394,303
2866,2442879,88.6527636849132,85.1783827493261,92.0628042328042,749,371,378
2867,2443258,94.3612406015038,94.1291836734694,94.5852955665025,798,392,406
2868,2444829,72.9335037593985,78.8589142857143,66.3497142857143,665,350,315
2869,2445690,94.0084821428571,92.2084677419355,95.6337378640777,784,372,412
2870,2445746,82.976164874552,88.17,73.8933497536946,558,355,203
2871,2446175,94.4943790012804,92.461959798995,96.6063968668407,781,398,383
2872,2447577,93.9483027027027,93.9396536796537,93.9569330453564,925,462,463
2873,2447958,90.0138944365193,83.7761061946903,95.8553591160221,701,339,362
2874,2448131,95.3394350282486,93.0284450402145,97.9125671641791,708,373,335
2875,2448697,92.2977423638778,95.884118993135,87.3381012658228,753,437,316
2876,2449686,94.0944917582417,92.2353074433657,95.465584725537,728,309,419
2877,2449964,92.1473352033661,92.6475882352941,91.6913404825737,713,340,373
2878,2450127,91.0898489425982,93.8692,87.4582926829268,662,375,287
2879,2450272,78.5915902140673,61.2450519031142,92.3262465753425,654,289,365
2880,2451042,86.8929749631811,96.4110497237569,76.0237539432177,679,362,317
2881,2453563,88.9588491446345,84.2105263157895,93.2169321533923,643,304,339
2882,2453777,90.9108369408369,86.1598269896194,94.3094554455445,693,289,404
2883,2454401,87.568018018018,96.3717821782178,76.9825396825397,555,303,252
2884,2454509,82.9949659863946,95.0624691358025,68.1848484848485,735,405,330
2885,2455188,91.2323287671233,94.2909589041096,86.6443835616438,730,438,292
2886,2456221,70.4906794055202,87.2569281045752,39.3969090909091,471,306,165
2887,2456913,85.0186043533931,73.2519476744186,94.2811441647597,781,344,437
2888,2457008,75.6798832684825,56.5006097560976,93.2847388059702,514,246,268
2889,2458261,90.7877837116155,86.2426984126984,95.4186253369272,749,378,371
2890,2459927,77.1968971962617,87.8340652818991,59.0922222222222,535,337,198
2891,2460259,86.0254681139756,86.2635164835165,85.793163538874,737,364,373
2892,2461774,88.6601242236025,98.9951,71.7175409836066,644,400,244
2893,2461926,82.1433603896104,92.2642406876791,68.9141947565543,616,349,267
2894,2462050,89.6029051987768,83.9424087591241,93.6844210526316,654,274,380
2895,2463334,93.1162348178138,93.8557894736842,92.4823308270677,741,342,399
2896,2463808,86.5742714285714,82.225,91.1793823529412,700,360,340
2897,2465930,93.7120467836257,93.374858044164,94.0032970027248,684,317,367
2898,2466860,78.4916344086022,85.1655023923445,73.043046875,465,209,256
2899,2466866,56.4440979381443,64.2847321428571,45.7349390243903,388,224,164
2900,2467879,85.2061675579323,78.3576190476191,90.0001515151515,561,231,330
2901,2467930,75.1620352564103,52.654693877551,89.711635883905,624,245,379
2902,2468980,92.371416893733,94.1349162011173,90.6923404255319,734,358,376
2903,2470266,83.9429295774648,83.4725210084034,84.4186685552408,710,357,353
2904,2470292,72.5827154046997,81.0367532467532,64.0399212598425,766,385,381
2905,2471253,94.8146562905318,93.6914141414141,96.0008,771,396,375
2906,2473425,93.0322967741935,94.6400699300699,91.0388439306358,775,429,346
2907,2473480,91.7634705882353,92.8383950617284,90.1804,680,405,275
2908,2474489,90.5521388888889,97.4846575342466,79.784609929078,720,438,282
2909,2475132,92.83625,95.7184634760705,89.203746031746,712,397,315
2910,2475462,93.7573705179283,93.7323855421687,93.7880473372781,753,415,338
2911,2475790,91.8738663171691,89.8704935064935,93.9143386243386,763,385,378
2912,2476917,94.452080443828,91.6416408668731,96.7329145728643,721,323,398
2913,2476979,91.3654038997214,92.4318378378378,90.2315517241379,718,370,348
2914,2476985,92.2192795389049,90.5004469273743,94.0506547619048,694,358,336
2915,2477037,95.1809779614325,96.2555503512881,93.6463879598662,726,427,299
2916,2477760,77.8138245033113,84.7408766233766,70.6059459459459,604,308,296
2917,2478429,91.0598074277854,89.6549071618037,92.5730857142857,727,377,350
2918,2479752,77.6416563146998,76.8144927536232,78.7445410628019,483,276,207
2919,2480712,75.3678580990629,58.3778378378378,92.0424137931034,747,370,377
2920,2482723,84.8034346504559,90.933476070529,75.4791954022989,658,397,261
2921,2482940,92.8239847328244,95.0399449035813,90.0692123287671,655,363,292
2922,2483204,81.4566897746967,80.6079467680608,82.1675796178344,577,263,314
2923,2484241,93.6737205882353,96.5488859416446,90.0963696369637,680,377,303
2924,2485024,92.2782496782497,94.5707013574661,89.2535820895522,777,442,335
2925,2485142,82.5555187969925,92.7211075949367,73.3511461318052,665,316,349
2926,2485158,89.4413124108417,90.9076489028213,88.2168062827225,701,319,382
2927,2485298,92.5719718309859,89.615737704918,95.179156626506,781,366,415
2928,2488410,77.3453204172876,82.2215555555556,74.0620698254364,671,270,401
2929,2489420,89.7148108747045,92.8710451306413,86.5882823529412,846,421,425
2930,2489748,82.8435467349552,74.8639502762431,89.7376133651551,781,362,419
2931,2489927,82.0103598484849,79.1505957446808,84.3040273037543,528,235,293
2932,2491678,88.3661413843888,90.590188172043,85.6712052117264,679,372,307
2933,2493473,94.362,95.7738591549296,93.0768461538462,745,355,390
2934,2493571,93.6382138024357,94.4589538461538,92.9939130434782,739,325,414
2935,2494034,92.9620599739244,97.0208130081301,89.1990452261307,767,369,398
2936,2495028,92.0689596879064,92.5456812339332,91.5809473684211,769,389,380
2937,2496529,84.8247763578275,85.0665909090909,84.5905660377358,626,308,318
2938,2500635,95.3504967948718,94.8682783882784,95.7255555555555,624,273,351
2939,2501743,91.0660266666667,88.5936074270557,93.5649597855228,750,377,373
2940,2501796,90.878752,88.664979757085,92.3253174603175,625,247,378
2941,2502350,92.8651102464332,93.3161881188119,92.3685558583106,771,404,367
2942,2502561,96.2247624847747,96.2368235294118,96.2118181818182,821,425,396
2943,2505014,95.9257074340528,94.4450833333333,97.0502320675105,834,360,474
2944,2505318,84.1254497354497,86.4093031358885,81.7845,567,287,280
2945,2508531,95.2592663656885,95.1845514223195,95.3388578088578,886,457,429
2946,2509004,91.8425129533679,91.0020924574209,92.7993351800554,772,411,361
2947,2509257,10.1010987791343,6.27800865800866,14.1244874715262,901,462,439
2948,2510078,92.1542510699002,93.0874193548387,90.6374157303371,701,434,267
2949,2511914,93.8248888888889,90.7588043478261,96.3776470588235,810,368,442
2950,2513458,87.321660130719,77.1129972752044,96.735175879397,765,367,398
2951,2514402,94.5030107526882,95.6530434782609,93.2466,837,437,400
2952,2515287,95.5671976047904,97.129646799117,93.7143455497382,835,453,382
2953,2515860,93.5281074481074,93.61875,93.4448946135831,819,392,427
2954,2516715,95.3355517633675,96.1618735891648,94.4959633027523,879,443,436
2955,2517021,82.2558174904943,65.8762611275965,94.4680088495575,789,337,452
2956,2517207,92.7346616541354,92.1146564885496,93.3362962962963,798,393,405
2957,2517553,94.9701828571429,97.1098888888889,92.7046117647059,875,450,425
2958,2518119,84.6502215189874,88.332,81.323313253012,632,300,332
2959,2518766,90.9839071038251,91.5114588859417,90.423661971831,732,377,355
2960,2519956,83.4895973154362,86.9558695652174,79.1541389728097,745,414,331
2961,2520341,83.9636006051437,90.7205389221557,77.0620183486239,661,334,327
2962,2521484,74.2042336874052,73.5294117647059,74.7892067988668,659,306,353
2963,2523381,69.2884771573604,86.2708695652174,48.1451566951567,788,437,351
2964,2524061,94.28416,94.102641509434,94.4548115299335,875,424,451
2965,2524314,91.6304298642534,93.955511627907,89.4282599118943,884,430,454
2966,2525989,84.1797695852535,84.2498630136986,84.1227576601671,651,292,359
2967,2527920,89.9846878680801,90.0425,89.9247961630695,849,432,417
2968,2528271,91.5100772200772,93.6048,89.5560447761194,777,375,402
2969,2528528,91.5574805194805,92.6447816091954,90.1456119402985,770,435,335
2970,2529985,90.2237223974763,96.8107446808511,80.6240310077519,634,376,258
2971,2530160,86.3644393939394,87.0313310580205,85.8320163487738,660,293,367
2972,2530492,91.362294197031,92.0175,90.6873424657534,741,376,365
2973,2530528,95.4752763819096,96.2948148148148,94.6263938618926,796,405,391
2974,2530811,90.9887063953488,88.528,92.9482767624021,688,305,383
2975,2530877,89.0383811129848,92.3092307692308,85.9912703583062,593,286,307
2976,2534224,93.3747607361963,93.6768852459016,93.0422680412371,815,427,388
2977,2534244,89.6348319327731,88.4607692307692,91.0480555555555,714,390,324
2978,2534415,92.3436906584992,95.5234328358209,87.2510358565737,653,402,251
2979,2536423,94.5292549476135,94.2401843317972,94.8244470588235,859,434,425
2980,2536464,81.5125080385852,86.2971428571429,75.6303225806452,622,343,279
2981,2537833,70.2030884353742,94.0694845360825,43.5167435158501,735,388,347
2982,2538228,91.983320610687,89.2554545454545,94.3242553191489,786,363,423
2983,2538502,88.9795568862276,90.2669230769231,87.531679389313,835,442,393
2984,2538771,95.6337869062901,95.8462017804154,95.4718325791855,779,337,442
2985,2539206,83.9736227045075,82.0413622291022,86.2349275362319,599,323,276
2986,2539673,90.1579160636758,90.0818130311615,90.2373964497041,691,353,338
2987,2541132,89.512658045977,77.6867355371901,95.8163436123348,696,242,454
2988,2541176,79.9718985695709,71.3440449438202,87.4089830508475,769,356,413
2989,2541217,91.2593939393939,92.3410810810811,90.0993236714976,858,444,414
2990,2541317,95.4703135888502,95.2604739336493,95.6720273348519,861,422,439
2991,2541509,95.413667905824,94.8420618556701,95.9429832935561,807,388,419
2992,2541769,94.1677171215881,93.2183417085427,95.0938235294118,806,398,408
2993,2543485,83.4990611664296,93.7959305210918,69.6669333333333,703,403,300
2994,2544661,96.149275198188,93.6679694323144,98.8232470588235,883,458,425
2995,2545083,91.8736697247706,96.7953418803419,84.0657288135593,763,468,295
2996,2546160,81.0699832495812,67.20008,91.0627089337176,597,250,347
2997,2546166,71.8463196480938,54.5702857142857,90.0590060240964,682,350,332
2998,2546205,68.6364575645757,67.6577777777778,69.6079411764706,813,405,408
2999,2547378,91.2388273195876,91.7733419023136,90.7015503875969,776,389,387
3000,2549161,94.3512195121951,92.9232311320755,96.0567605633803,779,424,355
3001,2550395,93.621646884273,89.9662283737024,96.3655844155844,674,289,385
3002,2550651,72.6695186335404,67.7946440677966,76.7901146131805,644,295,349
3003,2550729,87.0620395738204,92.18484375,82.1976557863502,657,320,337
3004,2551892,87.2428503937008,84.0706784660767,90.8758445945946,635,339,296
3005,2552243,88.50055,89.2676553672316,87.3966666666667,600,354,246
3006,2552844,84.1320664206642,88.0714035087719,79.7635408560311,542,285,257
3007,2552859,91.8339727722772,90.3181355932203,93.4188860759494,808,413,395
3008,2554057,90.4960330578512,88.3251269035533,93.0723493975904,726,394,332
3009,2555885,87.2374894810659,89.4096551724138,84.3648534201954,713,406,307
3010,2555964,95.0067419738407,94.7778622327791,95.2361666666667,841,421,420
3011,2556010,92.9614732724902,94.6227956989247,91.3968860759494,767,372,395
3012,2556208,81.5418884120172,78.810593220339,84.3444347826087,699,354,345
3013,2556646,89.9173895027624,88.3061403508772,91.3599214659686,724,342,382
3014,2556776,93.7427880512091,91.4462536873156,95.8815934065934,703,339,364
3015,2557817,94.1467870485679,95.883881748072,92.5145893719807,803,389,414
3016,2558153,85.1857338820302,79.2550773993808,89.9039655172414,729,323,406
3017,2559557,84.0611953727506,81.7453678474115,86.129099756691,778,367,411
3018,2559655,82.6173800259403,91.2263157894737,73.3836021505376,771,399,372
3019,2559916,81.5410606060606,92.7443264248705,68.8220588235294,726,386,340
3020,2560044,89.493224852071,89.8264406779661,89.1268944099379,676,354,322
3021,2560112,80.9657386363636,85.0741791044776,75.4968874172186,704,402,302
3022,2561639,90.6454940711462,92.1713888888889,88.9808815426997,759,396,363
3023,2561853,91.279375,90.0814209115281,92.6979047619048,688,373,315
3024,2562668,80.93775,65.0185185185185,90.6817632241814,640,243,397
3025,2563504,74.7413058419244,74.0490506329114,75.5636842105263,582,316,266
3026,2563687,92.3312887438826,91.4621951219512,92.9138419618529,613,246,367
3027,2565103,94.9204499274311,94.4934862385321,95.3061325966851,689,327,362
3028,2566178,83.5690923317684,81.8193939393939,84.80088,639,264,375
3029,2566417,83.6404173622705,82.1310266159696,84.821875,599,263,336
3030,2568674,84.464012066365,88.8204347826087,80.3503225806452,663,322,341
3031,2568967,85.1679333333333,83.7844144144144,85.9804761904762,600,222,378
3032,2569252,90.8384162303665,94.9368101265823,86.4512466124661,764,395,369
3033,2569313,90.6670917573873,89.9070948012232,91.4535443037975,643,327,316
3034,2569409,89.5688285714286,89.8979804560261,89.3117048346056,700,307,393
3035,2569491,81.1775574712644,78.7404790419162,83.4261325966851,696,334,362
3036,2569543,94.9625544100802,93.3973349056604,96.4406236080178,873,424,449
3037,2570155,80.31209375,93.2764705882353,63.9577385159011,640,357,283
3038,2570334,86.8080425531915,84.9802555910543,88.2674744897959,705,313,392
3039,2570488,92.6353681392236,93.8988536585366,91.0981899109792,747,410,337
3040,2570912,59.5304419889503,91.3153684210526,24.4191860465116,724,380,344
3041,2571112,87.3855489614243,82.3715107913669,90.9055050505051,674,278,396
3042,2571333,70.2933289124668,91.66525,50.7656852791878,754,360,394
3043,2571359,83.8477092511013,93.8584029484029,68.9778102189781,681,407,274
3044,2572440,92.5412434554974,91.7308771929824,93.427095890411,764,399,365
3045,2573587,87.3245299145299,88.1438461538461,86.6690769230769,702,312,390
3046,2575168,54.5314308426073,54.6640836012862,54.4016981132075,629,311,318
3047,2577136,89.0389039242219,88.0135087719298,89.922241813602,739,342,397
3048,2577295,91.0161930294906,89.907002967359,91.9301222493887,746,337,409
3049,2577592,91.0335732323232,86.4090512820513,95.5200497512438,792,390,402
3050,2577776,82.0885472496474,91.3638743455497,71.2531498470948,709,382,327
3051,2578514,92.5831149567367,92.6290171990172,92.5366417910448,809,407,402
3052,2578687,89.9216976127321,85.5420481927711,93.3672985781991,754,332,422
3053,2579623,91.5105368289638,88.1994382022472,94.1594157303371,801,356,445
3054,2580967,88.2502002670227,82.2073006134969,92.9073758865248,749,326,423
3055,2581245,86.3146315789474,80.4586206896552,91.2609708737864,570,261,309
3056,2581842,87.6664721485411,86.7613802816901,88.4717543859649,754,355,399
3057,2582295,88.6580052151239,92.1063684210526,85.272015503876,767,380,387
3058,2582341,89.8737691401649,87.1240909090909,92.2774613686534,849,396,453
3059,2582375,91.1209457900807,89.3205825242718,92.7511648351648,867,412,455
3060,2582897,82.2934907251265,75.3025101214575,87.284161849711,593,247,346
3061,2582907,88.7356593406594,87.4255688622754,89.8462436548223,728,334,394
3062,2584655,88.7137460815047,91.84,84.1091860465116,638,380,258
3063,2585164,91.4541391941392,88.9187811634349,93.4525327510917,819,361,458
3064,2585907,92.2233133971292,95.2252983293556,89.2069304556355,836,419,417
3065,2585992,93.6422982885086,94.1610152284264,93.1602830188679,818,394,424
3066,2586370,88.5288529014845,92.0294858611825,84.6602556818182,741,389,352
3067,2586404,91.7444929245283,94.1455503512881,89.309216152019,848,427,421
3068,2588514,89.5418131101813,91.2312280701754,88.0010666666666,717,342,375
3069,2588764,86.3886527777778,84.8288483146067,87.9141758241758,720,356,364
3070,2588865,95.4083874580067,96.0455813953488,94.8166090712743,893,430,463
3071,2588998,93.317553699284,96.9327621483376,90.1552572706935,838,391,447
3072,2589143,92.1705006418485,95.4546212121212,88.774908616188,779,396,383
3073,2589563,89.8720506329114,83.5331736526946,94.515,790,334,456
3074,2589626,91.4362468513854,95.9732227488152,86.2894623655914,794,422,372
3075,2589915,91.363803030303,89.5581526104418,92.4577372262774,660,249,411
3076,2590279,91.248314028314,90.8325277777778,91.6072661870504,777,360,417
3077,2590635,34.5409314359638,31.6238554216867,36.7370068027211,773,332,441
3078,2590672,84.2167694204686,87.8999259259259,80.542684729064,811,405,406
3079,2591862,47.5036662606577,47.7232374100719,47.2770297029703,821,417,404
3080,2592751,95.6318890200708,98.7874757281553,92.6431494252874,847,412,435
3081,2596445,90.325,92.7409133489461,87.5293495934959,796,427,369
3082,2597927,91.9518292682927,92.24935,91.6684761904762,820,400,420
3083,2598161,88.6093950177936,85.5425301204819,89.895,562,166,396
3084,2599079,91.2964805194805,88.6673654390935,93.5220863309353,770,353,417
3085,2600452,91.0779893475366,94.26776504298,88.3087562189055,751,349,402
3086,2600953,88.8598233695652,93.7532451923077,82.498375,736,416,320
3087,2601320,91.815210589651,90.5244210526316,92.9027937915743,831,380,451
3088,2601461,87.3038827838828,81.9202739726027,91.6321145374449,819,365,454
3089,2603901,93.8048293299621,93.6710759493671,93.8938105263158,791,316,475
3090,2604036,90.2730960854093,88.772637075718,91.5223913043478,843,383,460
3091,2604243,81.4823111111111,76.1562251655629,85.7945844504021,675,302,373
3092,2604346,90.4222198041349,93.4272689938398,87.0345833333333,919,487,432
3093,2607183,89.5951235370611,95.3064179104478,80.6664666666667,769,469,300
3094,2607604,85.0958963282937,86.9721854304636,83.2989429175476,926,453,473
3095,2608046,83.9754451038576,84.1119626168224,83.8513031161473,674,321,353
3096,2608105,86.3425178147268,88.1381113801453,84.6138927738928,842,413,429
3097,2609759,89.0907884362681,93.3447210300429,82.3710169491525,761,466,295
3098,2610184,91.1611627906977,91.3168421052631,91.0379166666667,860,380,480
3099,2610341,85.0522680412371,90.8113452914798,77.2687878787879,776,446,330
3100,2610362,88.0290159574468,92.1151086956522,84.1131770833333,752,368,384
3101,2610682,93.4570264064294,97.0324200913242,89.8403464203233,871,438,433
3102,2611452,86.299900373599,93.2887012987013,76.8312023460411,803,462,341
3103,2612022,42.2715151515152,9.45981072555205,72.5960349854227,660,317,343
3104,2612743,76.1057044198895,89.4482254196643,57.9824755700326,724,417,307
3105,2613263,94.1498916576381,95.046320754717,93.3881963927856,923,424,499
3106,2613423,90.2183608640407,92.86,88.1026315789474,787,350,437
3107,2613658,90.8303518123667,90.0650331125828,91.545175257732,938,453,485
3108,2614634,85.3661789473684,80.8453731343284,88.6825364963504,950,402,548
3109,2614917,88.2430878859857,90.436013667426,85.8542679900744,842,439,403
3110,2615594,91.870385026738,89.035,93.76064171123,935,374,561
3111,2619459,86.4959617834395,94.7378947368421,77.1086920980926,785,418,367
3112,2620625,91.0181442080378,95.4883458646617,87.0279642058166,846,399,447
3113,2620790,89.4225517241379,89.0565648854962,89.7240880503145,870,393,477
3114,2622805,92.982807775378,98.944778012685,86.7576158940397,926,473,453
3115,2623108,88.3402914798206,88.8888888888889,87.8038580931264,892,441,451
3116,2623347,89.0484717208183,81.6809009009009,93.9749799196787,831,333,498
3117,2628468,93.5749564270153,92.736452991453,94.447,918,468,450
3118,2628499,91.7245221445221,91.6472527472528,91.8117617866005,858,455,403
3119,2629957,81.0567400881057,80.2084722222222,81.6783715012723,681,288,393
3120,2632313,92.9778085106383,94.1444594594595,91.9334677419355,940,444,496
3121,2637891,90.4148297604035,89.5451363636364,91.4988668555241,793,440,353
3122,2638246,88.9427377892031,93.5215803108808,84.4339795918367,778,386,392
3123,2641865,86.6076220275344,89.4717293233083,83.750675,799,399,400
3124,2644257,87.4141078838174,93.4610169491525,79.358064516129,723,413,310
3125,2644380,90.0649934640523,95.3084691358025,84.1660833333333,765,405,360
3126,2645724,96.0071910112359,96.7145070422535,95.20368,801,426,375
3127,2646465,84.6036973684211,93.9607971014493,73.4076300578035,760,414,346
3128,2647919,84.8125353925354,92.8045083932854,75.5551666666667,777,417,360
3129,2648366,91.0846886446886,95.4403597122302,86.5664925373134,819,417,402
3130,2649668,87.0640598802395,93.1352806652807,78.8147457627119,835,481,354
3131,2650781,92.3625029377203,93.8217880794702,90.7015577889447,851,453,398
3132,2651161,91.6763850931677,93.4648148148148,89.3038728323699,805,459,346
3133,2653586,83.3579415501906,78.2395041322314,87.74,787,363,424
3134,2654221,88.7829864864865,83.7680869565217,93.1630886075949,740,345,395
3135,2655825,69.0704968944099,52.5515549597855,83.3333796296296,805,373,432
3136,2656175,73.8688615782665,88.212380952381,54.8161746987952,773,441,332
3137,2656315,77.0528019323671,74.4331221719457,80.0525388601036,828,442,386
3138,2656434,79.1597751124438,73.5767558528428,83.6959782608696,667,299,368
3139,2657708,92.3775896860987,89.6565517241379,94.967636761488,892,435,457
3140,2657925,90.361656626506,90.061801242236,90.6439766081871,664,322,342
3141,2659627,93.1153208868145,92.49975,93.654113785558,857,400,457
3142,2661741,91.0137997432606,91.6666666666667,90.4528639618138,779,360,419
3143,2663273,70.329010989011,91.875375,28.6263709677419,728,480,248
3144,2663404,82.6286384976526,88.3255172413793,74.4312213740458,639,377,262
3145,2664394,78.7603921568627,82.5648773841962,73.0614285714286,612,367,245
3146,2664723,85.4301743462017,94.5689366515837,74.2408864265928,803,442,361
3147,2664811,93.5101908396946,94.2137190082645,92.9064539007092,786,363,423
3148,2664851,86.8252437417655,84.8676216216216,88.6872493573265,759,370,389
3149,2665353,94.652179144385,93.7322615803815,95.5382939632546,748,367,381
3150,2665934,90.1191963109354,86.3934615384615,93.1104038004751,759,338,421
3151,2666192,84.1678579743888,90.8905333333334,76.771271393643,859,450,409
3152,2666673,90.4203674540683,90.7973312883436,90.1385091743119,762,326,436
3153,2669930,82.2977972972973,72.4348680351906,90.7270175438597,740,341,399
3154,2670344,86.8123768115942,79.8065798045603,92.4279895561358,690,307,383
3155,2672321,78.5162783661119,85.6768148148148,67.1880859375,661,405,256
3156,2672349,83.5628481806775,76.4411780821918,89.58,797,365,432
3157,2672631,92.3653441802253,86.6312853470437,97.8057073170732,799,389,410
3158,2673043,88.0807808219178,82.5296686746988,92.7113567839196,730,332,398
3159,2674486,88.0459229747676,90.1984170854271,85.6327042253521,753,398,355
3160,2676495,81.9450064020487,91.3490465631929,69.0928181818182,781,451,330
3161,2678383,89.3053333333333,85.6648,91.9057142857143,720,300,420
3162,2680515,61.3187264150943,49.4803608247423,71.3041304347826,424,194,230
3163,2681305,86.0706428571429,90.8460869565217,80.8923076923077,840,437,403
3164,2682309,92.5342417061611,95.1078666666667,89.5948223350254,844,450,394
3165,2684526,64.4595948434622,63.6403409090909,65.2348028673835,543,264,279
3166,2686150,88.3317948717949,91.1083950617284,85.3330666666667,780,405,375
3167,2686309,87.5370771513353,91.8470652173913,82.3538235294118,674,368,306
3168,2687359,87.2477747625509,91.5439577039275,83.7452216748768,737,331,406
3169,2687367,84.5100601503759,90.1515384615385,79.1174705882353,665,325,340
3170,2687622,86.5820621468927,89.0053664921466,83.7424846625767,708,382,326
3171,2687891,85.061875,86.5847865853658,83.5389634146341,656,328,328
3172,2688082,90.6062818791946,90.4211676646706,90.7567153284672,745,334,411
3173,2689090,90.6729404145078,94.5847422680413,86.720390625,772,388,384
3174,2691466,86.2961295180723,87.1397637795276,85.1603533568905,664,381,283
3175,2691942,87.3878635014837,80.2701360544218,92.8947368421053,674,294,380
3176,2692038,90.2750939226519,91.0936971046771,89.4690570175439,905,449,456
3177,2692225,88.3963466666667,91.6638020833333,84.9681967213115,750,384,366
3178,2693162,46.094088820827,45.2644082840237,46.9843492063492,653,338,315
3179,2693284,90.1020304568528,89.7121052631579,90.5425405405406,788,418,370
3180,2695020,91.2473980815348,90.411803652968,92.1716161616162,834,438,396
3181,2695656,90.7713400758534,91.5725284738041,89.7721306818182,791,439,352
3182,2696169,87.8521994884911,86.9546739130435,88.65,782,368,414
3183,2696358,87.0487716955941,86.7547027027027,87.3358575197889,749,370,379
3184,2696933,89.200109223301,90.1868457943925,88.1336363636364,824,428,396
3185,2697235,84.026772046589,72.2803157894737,94.6208860759494,601,285,316
3186,2699559,86.5015552699229,88.6011860465116,83.907183908046,778,430,348
3187,2699734,87.7124087591241,86.945953002611,88.3810933940775,822,383,439
3188,2699828,88.818391959799,91.3848302872063,86.4383777239709,796,383,413
3189,2702069,88.1756898817346,87.9706684491979,88.3738242894057,761,374,387
3190,2703732,47.0782637729549,23.2584053156146,71.1379194630872,599,301,298
3191,2704717,88.6640372670807,85.8461445783132,91.6625641025641,644,332,312
3192,2705911,75.5586438152012,81.1055523255814,69.7233639143731,671,344,327
3193,2708532,82.632809706258,82.3386567164179,82.9431758530184,783,402,381
3194,2709501,91.1110888888889,91.7055605381166,90.5270925110132,900,446,454
3195,2709549,87.5472327044025,85.295320855615,89.5477434679335,795,374,421
3196,2709600,82.4548976608187,68.3116872427983,90.2480952380952,684,243,441
3197,2709609,84.9572899728997,80.1809309309309,88.8845185185185,738,333,405
3198,2709637,86.8390193548387,84.468446866485,88.9713725490196,775,367,408
3199,2710074,93.9709348093481,92.7320551378446,95.1649275362319,813,399,414
3200,2710387,91.1922764227642,91.4207692307692,90.9992,738,338,400
3201,2710517,87.7350793650794,86.3926923076923,89.0131830985916,693,338,355
3202,2710740,88.3288567990373,86.6040198511166,89.9529439252336,831,403,428
3203,2710767,84.8806419400856,88.4252631578947,80.6845171339564,701,380,321
3204,2711986,79.7713719943423,82.34935828877,76.875975975976,707,374,333
3205,2712456,92.6758241758242,94.752625,90.6931980906921,819,400,419
3206,2713792,65.0983279220779,78.1853541076487,47.5328517110266,616,353,263
3207,2716036,86.7913870541612,91.3905741626794,81.120412979351,757,418,339
3208,2716504,82.6751432469304,83.7493112947658,81.6212972972973,733,363,370
3209,2716604,86.1105864197531,78.02,92.0005333333333,648,273,375
3210,2716624,89.726164874552,88.135593220339,91.2754716981132,837,413,424
3211,2716646,92.8890521327014,92.5103381642512,93.2536744186047,844,414,430
3212,2718695,87.6440226986129,86.7897409326425,88.454226044226,793,386,407
3213,2719432,92.3372738693467,92.8959736842105,91.8269230769231,796,380,416
3214,2720511,81.6073167358229,86.2882571428571,77.2150134048257,723,350,373
3215,2720999,86.4911523178808,80.1348148148148,90.6130567685589,755,297,458
3216,2721300,73.8154130052724,42.1062573099415,87.4391959798995,569,171,398
3217,2722301,90.398683127572,92.5325301204819,87.5784713375796,729,415,314
3218,2723043,71.2103066439523,75.0698866855524,65.3879487179487,587,353,234
3219,2724504,63.8476239067055,90.7045352112676,35.0433836858006,686,355,331
3220,2724650,83.2809872611465,83.2334146341463,83.333,628,328,300
3221,2727559,74.4564071038251,59.6797419354839,85.3113033175355,732,310,422
3222,2727814,78.9564362519201,85.3805847953216,71.846213592233,651,342,309
3223,2727891,88.240972972973,86.3346511627907,89.8969696969697,740,344,396
3224,2728095,87.6880904522613,91.6020865139949,83.8712158808933,796,393,403
3225,2728143,82.2674068554396,88.8611398963731,73.3369473684211,671,386,285
3226,2730833,86.6016578249337,91.5456901408451,82.2028320802005,754,355,399
3227,2734063,82.4181705150977,83.0773076923077,81.8525742574257,563,260,303
3228,2734794,82.9856345885635,86.0884057971014,80.108064516129,717,345,372
3229,2735882,87.2957232704403,89.0025,85.5673417721519,795,400,395
3230,2738135,82.9967871485944,89.858801843318,73.4820447284345,747,434,313
3231,2738181,82.9444606413994,81.9151506849315,84.1148598130841,686,365,321
3232,2738666,88.8577856135402,87.0323208191126,90.1435096153846,709,293,416
3233,2738928,85.9615340086831,88.5086335403727,83.7388617886179,691,322,369
3234,2739180,78.9078603945372,74.8015748031496,81.4831604938272,659,254,405
3235,2739322,83.6488010899183,83.858829113924,83.490023923445,734,316,418
3236,2739418,84.1508716323296,83.6273684210526,84.7703806228374,631,342,289
3237,2739473,84.4570957613815,89.0929787234043,77.7785823754789,637,376,261
3238,2739983,83.4173368146214,79.4695263157895,87.3037823834197,766,380,386
3239,2741432,50.7738137472284,35.230310880829,62.4013178294574,451,193,258
3240,2742456,76.4038483146067,82.612,73.4414522821577,356,115,241
3241,2742462,91.0391853360489,89.9377514792899,91.6172670807453,491,169,322
3242,2744061,89.8471208226221,87.3584482758621,91.8612093023256,778,348,430
3243,2744487,84.8588732394366,83.0845864661654,86.4216556291391,568,266,302
3244,2746176,89.0552257181943,90.0303225806452,88.202641025641,731,341,390
3245,2746537,81.8331366459627,76.4713529411765,87.8298684210526,644,340,304
3246,2752131,90.3724209078404,93.9610144927536,85.6258466453674,727,414,313
3247,2752937,89.4455972222222,88.2532378223496,90.5672506738544,720,349,371
3248,2753486,89.4127941176471,93.4291428571428,85.1530303030303,680,350,330
3249,2754475,93.3391834170854,96.3553398058252,90.1030989583333,796,412,384
3250,2755292,88.4568706536857,94.56,81.3823723723724,719,386,333
3251,2756418,87.9998769230769,81.82,94.8197411003236,650,341,309
3252,2757066,86.6374347158218,91.3732587859425,82.2518934911243,651,313,338
3253,2757723,79.1508644067797,73.7849514563107,82.029453125,590,206,384
3254,2758231,83.0895974235105,70.5870588235294,89.99725,621,221,400
3255,2761202,86.8391376701967,91.2322222222222,82.1293103448276,661,342,319
3256,2762309,75.1524643584521,73.5082119205298,75.8827058823529,491,151,340
3257,2762867,85.5389692307692,91.7883870967742,78.6423624595469,650,341,309
3258,2763786,91.8039940387481,93.3929022988506,90.0921052631579,671,348,323
3259,2766105,87.396620498615,93.8311796246649,80.5195702005731,722,373,349
3260,2767041,80.0908116385911,84.8281460674157,74.4123905723906,653,356,297
3261,2767674,91.6636375661376,93.1245971563981,89.817754491018,756,422,334
3262,2767981,86.0743037974683,89.6774193548387,82.6054658385093,632,310,322
3263,2771504,89.0584605597964,93.1199508599508,84.6969129287599,786,407,379
3264,2773235,72.5771756978654,70.0639455782313,74.9228571428571,609,294,315
3265,2773287,70.9120597484277,63.1911726384365,78.1166565349544,636,307,329
3266,2774939,88.86,89.2284615384615,88.5162200956938,808,390,418
3267,2774971,89.5901449275362,88.8557065217391,90.2813810741688,759,368,391
3268,2774982,88.437156462585,85.1973463687151,91.5136870026525,735,358,377
3269,2776087,73.125171875,58.6308143322476,86.4878378378378,640,307,333
3270,2776695,82.7302197802198,81.2478289473684,84.0835135135135,637,304,333
3271,2777575,88.2256648199446,87.6874774774775,88.6863753213368,722,333,389
3272,2777719,90.078992248062,86.1214285714286,92.503,645,245,400
3273,2778333,90.4244208037825,90.6708612440191,90.183738317757,846,418,428
3274,2778361,81.374011461318,69.7287074829932,89.8485643564356,698,294,404
3275,2779790,91.828897535668,92.9459367396594,90.5536111111111,771,411,360
3276,2780004,91.0634455958549,88.2362745098039,93.4954939759036,772,357,415
3277,2781758,83.4257648725213,85.0620266666667,81.5719939577039,706,375,331
3278,2781837,77.8122028526149,58.4842857142857,88.4496805896806,631,224,407
3279,2783698,79.5528151260504,75.0836893203883,82.9625925925926,714,309,405
3280,2783835,84.6556827048114,85.9174712643678,83.6126840855107,769,348,421
3281,2785481,87.2860397350994,80.8384668989547,91.24,755,287,468
3282,2787510,87.4381467661691,80.0523404255319,93.9266121495327,804,376,428
3283,2788303,91.9899293286219,93.2839568345324,90.7408333333333,849,417,432
3284,2788423,90.5990940366973,88.7880607476636,92.3448648648649,872,428,444
3285,2790373,84.8505325443787,87.0127272727273,83.0408695652174,845,385,460
3286,2790936,86.1092297979798,84.4325857519789,87.6478450363196,792,379,413
3287,2792480,82.8738606676343,83.6129431438127,82.3072307692308,689,299,390
3288,2793674,86.9968165249089,91.8769605568446,81.6311479591837,823,431,392
3289,2796964,82.2822802197802,74.786,89.0348041775457,728,345,383
3290,2797019,88.6241592920354,90.7739152119701,86.4137692307692,791,401,390
3291,2798851,85.9799856938484,84.9374358974359,86.8204909560723,699,312,387
3292,2799646,87.0713177339902,90.3614349775785,83.0620491803279,812,446,366
3293,2803373,75.839375,64.3590425531915,85.3056140350877,832,376,456
3294,2803517,85.1344471744472,87.8997260273973,81.9131914893617,814,438,376
3295,2804559,67.3426565143824,75.2247706422018,57.5795833333333,591,327,264
3296,2811536,76.8818181818182,73.512972972973,79.998,770,370,400
3297,2812432,90.4298404907975,87.7166093366093,93.1364215686275,815,407,408
3298,2814551,89.4920907079646,90.2840388768899,88.6606349206349,904,463,441
3299,2815299,89.103995157385,92.1158298755187,84.8839244186046,826,482,344
3300,2816088,67.4178464419476,56.0314893617021,80.1597222222222,534,282,252
3301,2816713,84.3269736842105,83.33,85.3628536585366,836,426,410
3302,2816775,92.099762979684,93.5694013303769,90.5760689655172,886,451,435
3303,2817711,85.2893831553974,83.4837155963303,87.2237100737101,843,436,407
3304,2817752,81.376977025393,74.8645945945946,86.6495842450766,827,370,457
3305,2818558,89.0598158179848,88.1145010615711,90.0448672566372,923,471,452
3306,2818625,73.1315267175573,70.8364423076923,75.2191836734694,655,312,343
3307,2818666,78.6860223048327,81.4701662707838,75.6494300518135,807,421,386
3308,2818675,80.8630688448075,81.6581004366812,79.9504761904762,857,458,399
3309,2820385,89.2544627192983,91.1566105263158,87.1869107551487,912,475,437
3310,2821778,88.7089081885856,90.9918957345972,86.2,806,422,384
3311,2822601,84.7477481840194,83.573,85.9630049261084,826,420,406
3312,2824218,79.6047960618847,63.5029562043796,89.7006864988558,711,274,437
3313,2826029,87.3346133333333,88.1907874015748,86.4505962059621,750,381,369
3314,2827147,77.2432352941176,88.8073722627737,57.0182978723404,646,411,235
3315,2828317,77.0912922173275,67.2943710691824,85.6737190082645,681,318,363
3316,2828384,80.599480874317,82.9972,77.7106626506024,732,400,332
3317,2828430,81.9813892709766,77.8102305475504,85.7903157894737,727,347,380
3318,2828453,78.4131746031746,71.4721630094044,85.5327331189711,630,319,311
3319,2830079,85.9354296875,86.565,85.2439344262295,768,402,366
3320,2830096,89.8241935483871,87.7609882352941,92.1256692913386,806,425,381
3321,2830718,76.1387543859649,67.0545348837209,83.6507051282051,570,258,312
3322,2831184,90.8272018348624,93.098,88.7171681415929,872,420,452
3323,2831481,83.5664826700899,88.7516381418093,77.8347837837838,779,409,370
3324,2831616,89.0538184079602,92.0831926121372,86.3523294117647,804,379,425
3325,2832568,87.0365211640212,86.9171220930233,87.136213592233,756,344,412
3326,2832635,83.1178540772532,83.2268944099379,83.0247214854111,699,322,377
3327,2833062,71.7899435825106,84.33,62.591858190709,709,300,409
3328,2834338,75.6103448275862,62.6514411764706,85.556230248307,783,340,443
3329,2834736,82.2549105914718,86.0407407407407,78.7207978723404,727,351,376
3330,2835763,87.6152362707535,89.0988297872341,86.2446437346437,783,376,407
3331,2837314,85.0087106446777,88.5228398791541,81.546875,667,331,336
3332,2840341,54.3701907790143,52.902629969419,55.959238410596,629,327,302
3333,2844320,82.2507654723127,86.4818238993711,77.7052364864865,614,318,296
3334,2846380,93.3721656804734,91.4559815242494,95.3860194174757,845,433,412
3335,2847177,87.5331414868105,90.5601716738197,83.7,834,466,368
3336,2849085,91.0775499334221,93.2718713450293,89.2426894865525,751,342,409
3337,2849448,72.9034967741935,81.6306122448979,63.9713054830287,775,392,383
3338,2857312,65.5651130434783,46.8308450704225,83.8487285223368,575,284,291
3339,2861360,88.5449226006192,89.4732817337461,87.6165634674923,646,323,323
3340,2861582,82.581,77.2234519572954,87.0219174041298,620,281,339
3341,2861689,85.9315242881072,78.601646090535,90.9630508474576,597,243,354
3342,2863070,58.148178913738,51.275923566879,65.0644871794872,626,314,312
3343,2863808,68.5492741935484,75.3891796875,61.253375,496,256,240
3344,2864028,77.041119544592,82.6985813148789,70.1713445378151,527,289,238
3345,2864772,73.7409532374101,80.4805136986301,66.2865909090909,556,292,264
3346,2865043,63.1285102420857,69.8927956989247,55.8136434108527,537,279,258
3347,2865163,77.01512864494,76.7986274509804,77.2542960288809,583,306,277
3348,2865758,75.0945627376426,74.7842608695652,75.3356756756757,526,230,296
3349,2865901,64.5490573770492,69.8695633187773,59.8448262548263,488,229,259
3350,2866335,73.0966902654867,58.3682403433476,83.4332228915663,565,233,332
3351,2867285,75.788407960199,70.0324242424242,81.3750980392157,603,297,306
3352,2868253,77.3490055248619,72.4311214953271,80.5478723404255,543,214,329
3353,2869983,68.3717992424242,68.4415589353612,68.3025660377358,528,263,265
3354,2870069,80.4660430463576,78.8563799283154,81.8478769230769,604,279,325
3355,2870300,77.8207763401109,71.4297142857143,81.8755287009064,541,210,331
3356,2871106,72.7251570247934,49.3374008810573,86.7701851851852,605,227,378
3357,2873783,69.5402201834862,68.1775,70.8204982206406,545,264,281
3358,2873978,85.8170622286541,83.4373566878981,87.7990981432361,691,314,377
3359,2874278,85.1369219219219,89.3437931034483,81.2695100864553,666,319,347
3360,2874967,64.7169879518072,76.9231623931624,56.485734870317,581,234,347
3361,2879125,84.5809160305344,70.7694615384615,93.672,655,260,395
3362,2879737,68.8710279001468,74.456261682243,63.8908611111111,681,321,360
3363,2879745,76.5929501385042,79.657564469914,73.7255227882038,722,349,373
3364,2879907,71.7623868954758,64.812037037037,75.2948,641,216,425
3365,2879918,75.2357993730408,83.37891966759,64.623285198556,638,361,277
3366,2880756,81.2584707646177,86.9108724832215,76.6936585365854,667,298,369
3367,2881313,87.9235674157303,83.6676,91.022572815534,712,300,412
3368,2881406,86.5086633663366,86.6809138381201,86.3534352941176,808,383,425
3369,2881569,85.8308194444444,88.3618553459119,83.8286567164179,720,318,402
3370,2881726,85.8364585834334,86.4961137440758,85.1591484184915,833,422,411
3371,2881859,86.0351351351351,83.965358649789,87.1785780885781,666,237,429
3372,2885702,75.4698123324397,77.8440909090909,73.3486294416244,746,352,394
3373,2886993,71.8711869918699,63.5322556390977,78.2269340974212,615,266,349
3374,2887125,75.9231184210526,84.913989769821,66.3962059620596,760,391,369
3375,2888134,71.9090262172285,69.7243333333333,73.6924489795918,801,360,441
3376,2888539,87.8061232349166,93.6878787878788,81.724725848564,779,396,383
3377,2889722,47.7196440489433,51.6652380952381,44.2600417536534,899,420,479
3378,2889894,80.9990377588307,76.0373372781065,84.4712008281573,821,338,483
3379,2889922,81.9984320557491,81.6248448687351,82.3525791855204,861,419,442
3380,2889993,85.5496330275229,86.8019907407407,84.3200454545455,872,432,440
3381,2890507,85.3286919315403,85.6101886792453,85.0257614213198,818,424,394
3382,2892968,79.8533432835821,76.1407954545455,83.9628301886792,670,352,318
3383,2893669,79.4705415617128,81.152722513089,77.9108495145631,794,382,412
3384,2893707,76.8450442477876,75.2416398713826,78.2037874659401,678,311,367
3385,2894123,80.954462585034,84.975218579235,76.9663956639566,735,366,369
3386,2894179,79.3195467422096,84.5229166666667,74.5943243243243,706,336,370
3387,2894220,81.9552286773795,82.9273170731707,81.14,809,369,440
3388,2894779,69.645042158516,67.2541549295775,71.8424919093851,593,284,309
3389,2895073,82.7773304628633,79.3783148558758,85.9843514644352,929,451,478
3390,2895954,79.6329765013055,79.4251041666667,79.8419371727749,766,384,382
3391,2899638,84.2182857142857,92.290447761194,74.4735135135135,735,402,333
3392,2899836,82.3745443645084,87.1611111111111,77.8557575757576,834,405,429
3393,2901039,79.1550563380282,71.7224137931034,84.287119047619,710,290,420
3394,2902889,75.867226074896,71.9354838709677,78.8327737226277,721,310,411
3395,2903469,84.9930963665087,97.3619801980198,73.6362121212121,633,303,330
3396,2905488,83.7057481481482,76.1008805031447,90.4798319327731,675,318,357
3397,2906502,79.3216288951841,87.5742937853107,71.0220738636364,706,354,352
3398,2907187,87.7709443099274,88.8859722222222,86.5483756345178,826,432,394
3399,2907340,84.8453540372671,83.1391860465116,86.1185032537961,805,344,461
3400,2908304,76.2117718446602,83.5906430155211,67.2898659517426,824,451,373
3401,2910837,79.0218532818533,83.9811899313501,72.6476470588235,777,437,340
3402,2913936,92.1683953786906,92.3039487179487,92.0324935732648,779,390,389
3403,2914799,84.6154415954416,84.6171597633136,84.6138461538462,702,338,364
3404,2915092,78.583010130246,73.8350537634408,81.7982524271845,691,279,412
3405,2916838,85.6772839506173,85.6138747099768,85.7493931398417,810,431,379
3406,2917776,71.8511598302687,71.636,71.988125,707,275,432
3407,2918735,64.517311827957,78.0681132075472,46.5625,744,424,320
3408,2919431,77.1383870967742,76.3510472972973,77.6972661870504,713,296,417
3409,2919484,77.0045518867925,67.98,84.3671948608137,848,381,467
3410,2919590,63.0373580533024,61.9185257985258,64.0359649122807,863,407,456
3411,2920008,90.0195218295218,87.8111764705882,92.1824279835391,962,476,486
3412,2920582,85.7315719063545,79.2017543859649,90.9632931726908,897,399,498
3413,2923376,78.1572474747475,77.7800724637681,78.5703439153439,792,414,378
3414,2924111,59.436077643909,57.2245953757225,61.3442394014963,747,346,401
3415,2924581,89.0036139169472,86.859175257732,90.657773359841,891,388,503
3416,2925837,58.0191844919786,61.999675,53.443908045977,748,400,348
3417,2926440,85.3184657836645,80.3262529274005,89.7687265135699,906,427,479
3418,2926457,83.1359124866596,83.1838427947598,83.0900835073069,937,458,479
3419,2926472,83.8978495762712,77.9528636363636,89.0879166666667,944,440,504
3420,2927200,73.6628292046936,56.0147368421053,83.032874251497,767,266,501
3421,2927614,79.7575603217158,76.657665615142,82.0481585081585,746,317,429
3422,2928449,82.7284364060677,82.8918795180723,82.5749773755656,857,415,442
3423,2928523,82.880724789916,81.884495412844,83.7225,952,436,516
3424,2928728,87.4120207852194,86.7908176100629,88.1737532133676,866,477,389
3425,2929490,78.1456953642384,74.9296829971181,80.8808823529412,755,347,408
3426,2929586,83.000794044665,86.0237808219178,80.4987755102041,806,365,441
3427,2929592,77.250147299509,83.2372543352601,69.4330188679245,611,346,265
3428,2929622,83.2720494699647,79.0441114058356,86.6490254237288,849,377,472
3429,2931526,79.3329944134078,73.4528535980149,84.1494512195122,895,403,492
3430,2932716,80.2223756218905,78.4427012987013,81.8576372315036,804,385,419
3431,2933219,82.1687132725431,81.6269519832985,82.6795472440945,987,479,508
3432,2936766,83.3690759753593,85.6854771784232,81.099756097561,974,482,492
3433,2936779,84.7436082474227,86.8893032786885,82.5712033195021,970,488,482
3434,2936881,74.6966503667482,69.9519689119171,78.9361111111111,818,386,432
3435,2937522,49.3948456375839,23.3975487465181,73.5736787564767,745,359,386
3436,2937681,77.0498829039813,78.3468613138686,75.8465914221219,854,411,443
3437,2937918,53.4806074074074,44.374375,61.6890422535211,675,320,355
3438,2938846,78.2125027932961,72.4566501240695,82.9271544715447,895,403,492
3439,2939016,80.0485180863477,83.0735891647855,76.8115458937198,857,443,414
3440,2939026,75.8359354120267,71.2935766423358,79.6694250513347,898,411,487
3441,2939128,84.1887120418848,83.1877578475336,85.0657760314342,955,446,509
3442,2939512,80.6346753246753,79.2311475409836,81.7026403326403,847,366,481
3443,2939589,78.7812926829268,85.5854054054054,70.7466489361702,820,444,376
3444,2939761,80.382972322503,78.7787317073171,81.945296912114,831,410,421
3445,2939960,73.3010922330097,72.2524607329843,74.2073755656109,824,382,442
3446,2940064,67.5929618768328,70.6185163204748,64.6375652173913,682,337,345
3447,2940422,78.8252620545073,81.5359120879121,76.353627254509,954,455,499
3448,2940469,79.6363026166098,82.5242736842105,76.2407920792079,879,475,404
3449,2940657,80.7991897891232,85.3126349892009,76.0281278538813,901,463,438
3450,2944160,81.4965272496831,81.2194923857868,81.7728607594937,789,394,395
3451,2944934,81.0774311926606,83.5103171247357,78.1933333333333,872,473,399
3452,2945268,73.3503846153846,79.5948614609572,65.8607854984894,728,397,331
3453,2945312,79.7635384615385,81.1074811083123,78.5725892857143,845,397,448
3454,2945629,76.84765625,83.5280346820809,70.3912011173184,704,346,358
3455,2946129,73.0610578279267,83.6758503401361,55.5941791044776,709,441,268
3456,2947529,75.4470778443114,77.2281455399061,73.5919804400978,835,426,409
3457,2950770,80.9102121212121,82.1342006269592,79.7651906158358,660,319,341
3458,2950892,85.8381896551724,87.00155,84.708713592233,812,400,412
3459,2951144,68.1275679758308,69.5344370860927,66.9473611111111,662,302,360
3460,2952930,85.1786316989738,80.8621563342318,88.3434782608696,877,371,506
3461,2954517,80.8887172774869,71.6191891891892,86.7514957264957,764,296,468
3462,2955286,87.6158564814815,88.8599493670886,86.5680597014925,864,395,469
3463,2955317,87.2079293544458,88.1588916876574,86.3175235849057,821,397,424
3464,2955717,67.9859405940594,45.9785714285714,80.8907853403141,606,224,382
3465,2956312,71.142444910808,52.6208883826879,86.961439688716,953,439,514
3466,2957047,82.6907051282051,79.6271662763466,85.2607072691552,936,427,509
3467,2957634,79.1722380336352,80.9570588235294,77.6405528846154,773,357,416
3468,2960682,79.532359375,77.1945263157895,81.4092112676056,640,285,355
3469,2960703,85.0117639257294,81.1491373801917,87.7532653061225,754,313,441
3470,2961360,77.9459669811321,95.7847540983607,59.852945368171,848,427,421
3471,2964601,83.9346987951807,77.5369846153846,88.8618483412322,747,325,422
3472,2964983,66.1530909090909,50.6903125,76.582318501171,715,288,427
3473,2968686,52.2941547277937,66.959298245614,38.2057303370787,698,342,356
3474,2970443,77.8879172610556,82.8491556728232,72.0484472049689,701,379,322
3475,2971597,62.7150142857143,55.2050157728707,68.9308616187989,700,317,383
3476,2972983,74.8687830687831,68.257191011236,80.7531,756,356,400
3477,2973948,66.8963034482759,73.9676804123711,58.7547774480712,725,388,337
3478,2973961,70.586568627451,75.8978393351801,62.9476494023904,612,361,251
3479,2974810,72.3027856025039,60.6938275862069,81.9491977077364,639,290,349
3480,2975118,79.1422,80.8951886792453,76.4492028985507,700,424,276
3481,2976221,80.9446359223301,81.7586051502146,79.8851117318436,824,466,358
3482,2976680,78.4794092827004,79.6908629441624,76.973690851735,711,394,317
3483,2977157,80.2013154533844,80.890162601626,79.0366666666667,783,492,291
3484,2977799,70.6487338129496,57.9616242038217,81.1047769028871,695,314,381
3485,2977838,81.2049022556391,81.3454434250765,81.0689349112426,665,327,338
3486,2978340,77.2411622276029,81.3065765765766,72.5159162303665,826,444,382
3487,2979892,63.156052631579,56.1058015267176,68.4946820809249,608,262,346
3488,2980820,72.2380813953488,74.9230275229358,69.8060110803324,688,327,361
3489,2980978,75.5277643504532,76.2974566473988,74.685,662,346,316
3490,2982232,76.0723006134969,70.0608280254777,81.6569230769231,652,314,338
3491,2983422,81.9981666666667,78.5231879194631,85.427119205298,600,298,302
3492,2984661,72.2234401709402,62.1758031088083,79.2750545454545,468,193,275
3493,2984830,13.8474,7.32573248407643,19.9420535714286,650,314,336
3494,2985631,64.8361538461538,53.8833495145631,73.8975100401606,455,206,249
3495,2985676,86.5896930533118,86.5539344262295,86.6244267515924,619,305,314
3496,2986159,81.0100168067227,74.9003238866397,85.3464942528736,595,247,348
3497,2987901,57.1723178807947,71.8498518518519,35.5169398907104,453,270,183
3498,2989463,77.1444673539519,63.3545038167939,88.435,582,262,320
3499,2989562,78.4259842519685,68.8785062240664,84.2659390862944,635,241,394
3500,2989578,75.7946596066566,65.399169550173,83.8707258064516,661,289,372
3501,2990342,86.5246235138705,83.0811178247734,89.2002112676056,757,331,426
3502,2990624,77.6468405365127,78.5504735376045,76.6070833333333,671,359,312
3503,2992942,82.3736398467433,81.0951780821918,83.49,783,365,418
3504,2996645,76.4614923076923,64.5912451361868,84.2239694656489,650,257,393
3505,2998242,81.3001109350238,86.2480515759312,75.1765957446809,631,349,282
3506,3000689,85.3372556390977,81.2479619565217,88.8369302325581,798,368,430
3507,3000701,88.4924317912218,87.2590865384615,89.6940046838407,843,416,427
3508,3002213,74.4417488789238,78.8496794871795,70.5894397759104,669,312,357
3509,3002901,85.102994100295,82.6265677966102,86.4252488687783,678,236,442
3510,3003793,83.4217105263158,85.8372543352601,81.402922705314,760,346,414
3511,3004387,89.2491787439614,85.2833242506812,92.4063774403471,828,367,461
3512,3005491,81.1301886792453,89.5645652173913,74.6638333333333,530,230,300
3513,3005950,85.475094972067,87.8932286995516,83.0731180400891,895,446,449
3514,3006907,79.639432132964,80.1814285714286,79.4065346534654,722,217,505
3515,3006914,76.9125730180807,83.9865256797583,70.8778350515464,719,331,388
3516,3006962,82.2512995245642,77.555306122449,84.3671954022988,631,196,435
3517,3009366,69.909241011984,54.7882508250825,80.1361607142857,751,303,448
3518,3010860,89.4490137614679,91.8604186046512,87.1030769230769,872,430,442
3519,3010876,87.7559620991254,84.3963120567376,90.1010643564356,686,282,404
3520,3011482,82.9846073298429,83.3760545905707,82.5476177285319,764,403,361
3521,3011941,51.3458467741935,44.6950803858521,56.1227251732102,744,311,433
3522,3013193,80.2865264423077,81.0042105263158,79.4925316455696,832,437,395
3523,3017252,81.8045263157895,92.122,71.6410447761194,665,330,335
3524,3018079,87.8934174022699,90.782534562212,84.4007242339833,793,434,359
3525,3019670,56.536519524618,61.8554982817869,51.3424832214765,589,291,298
3526,3020084,83.9064083457526,73.5047008547008,89.4762013729977,671,234,437
3527,3020617,73.0330758426966,79.4042183622829,64.723786407767,712,403,309
3528,3022379,85.1887256027555,81.9879445727483,88.3529680365297,871,433,438
3529,3025701,85.5413012048193,76.2016202531645,94.0221609195402,830,395,435
3530,3026190,81.9312197928654,77.4547482014388,86.0610619469027,869,417,452
3531,3027879,86.3735622317597,88.9627272727273,83.8284680851064,932,462,470
3532,3028920,87.2091784037559,89.4915897435897,85.2824675324675,852,390,462
3533,3029084,85.1551438434983,90,79.7061613691932,869,460,409
3534,3029650,84.2912155963303,84.725369928401,83.889646799117,872,419,453
3535,3031007,86.0675787728026,87.4205031446541,84.558,603,318,285
3536,3031646,80.3956578947368,81.0796696696697,79.862224824356,760,333,427
3537,3032751,78.7591801242236,68.3145348837209,86.5530151843818,805,344,461
3538,3032903,88.121199538639,87.2655424528302,88.940158013544,867,424,443
3539,3034267,87.7310571081409,86.2453562653563,89.1846153846154,823,407,416
3540,3036498,82.3623194444445,84.6149230769231,79.7001515151515,720,390,330
3541,3037062,80.7984788029925,86.8477777777778,73.4086149584488,802,441,361
3542,3037665,80.3742568542569,69.7901388888889,87.9007407407407,693,288,405
3543,3037972,72.8913043478261,84.6158974358974,58.6424362606232,782,429,353
3544,3038149,48.9433008130081,71.5356179775281,31.6095402298851,615,267,348
3545,3040177,53.9910012674271,69.4431313131313,38.4209160305344,789,396,393
3546,3045184,83.6198617021277,82.8198136645963,84.4654266958424,940,483,457
3547,3045490,71.6838259668508,68.26592,75.3563610315186,724,375,349
3548,3045742,89.5198674698795,85.0635662650602,93.9761686746988,830,415,415
3549,3046525,77.7137104072398,80.1292307692308,74.99625,884,468,416
3550,3047010,74.9691905354919,78.1248214285714,70.9868732394366,803,448,355
3551,3047326,81.517187141217,82.4894470046083,80.5516018306636,871,434,437
3552,3048409,82.3513903743316,77.7075541795666,85.8807058823529,748,323,425
3553,3050127,82.9158256880734,84.6186153846154,81.5380497925311,872,390,482
3554,3051659,81.2941966426858,77.8305154639175,84.3074439461883,834,388,446
3555,3051692,74.47,68.75125,81.97,564,320,244
3556,3054508,70.2555605381166,75.518790560472,64.8487878787879,669,339,330
3557,3055531,75.3234032258064,77.6699029126214,72.9919935691318,620,309,311
3558,3056349,1.85545792079208,2.47754342431762,1.23644444444444,808,403,405
3559,3056446,11.0823929471033,10.6347594936709,11.5255388471178,794,395,399
3560,3058818,54.2603112313938,51.0621010638298,57.5730578512397,739,376,363
3561,3060345,77.1005724725944,85.5320212765958,65.8105982905983,821,470,351
3562,3061140,79.4922208737864,81.7452941176471,76.1364350453172,824,493,331
3563,3061337,83.6014790996784,81.3423899371069,85.9646052631579,933,477,456
3564,3061649,73.5511315789474,78.5715668202765,66.8674846625767,760,434,326
3565,3065226,82.9646323529412,82.5888535031847,83.477652173913,816,471,345
3566,3068497,79.2412663185379,72.0877607361963,84.5413636363636,766,326,440
3567,3069948,75.8039705882353,80.3035162094763,70.6042074927954,748,401,347
3568,3070012,84.8578498727735,83.5740175953079,85.8416404494382,786,341,445
3569,3070983,77.4244208037825,80.88,73.7843203883495,846,434,412
3570,3071579,77.1103269754768,74.9210971786834,78.7931325301205,734,319,415
3571,3071895,85.7274973375932,85.1645393258427,86.2346153846154,939,445,494
3572,3071970,81.3561598224195,80.9884507042254,81.6859368421052,901,426,475
3573,3072558,80.3730434782609,90.4559869848156,66.8607267441861,805,461,344
3574,3072858,86.0553073286052,83.6362556053812,88.75255,846,446,400
3575,3073875,81.4680845771144,86.0067945823928,75.8984210526316,804,443,361
3576,3074487,80.5093704600484,84.6842231947484,75.3388888888889,826,457,369
3577,3080085,83.6476352941176,86.8128791208791,80.0015949367089,850,455,395
3578,3082358,78.2787947019868,84.7477481840194,70.4668713450292,755,413,342
3579,3082515,67.6085080645161,61.9361329305136,72.1546489104116,744,331,413
3580,3082857,81.3713019079686,77.4968213457077,85.0015217391304,891,431,460
3581,3083934,82.635675990676,83.5103171247357,81.5611168831169,858,473,385
3582,3085578,86.0866147455867,83.0118924731183,88.9575903614458,963,465,498
3583,3085593,71.9746842105263,48.2222006472492,88.2485587583149,760,309,451
3584,3086419,78.9380515759312,79.2877111716621,78.5503625377643,698,367,331
3585,3086560,77.3411276595745,65.9678554778555,86.8893346379648,940,429,511
3586,3086609,80.4638235294118,75.6896788990826,84.4977906976744,952,436,516
3587,3086722,73.3721893491124,82.2561290322581,63.991094890511,845,434,411
3588,3091524,77.5551333333333,82.2108893709328,72.6660592255125,900,461,439
3589,3092119,48.5750418760469,54.34038585209,42.3057342657343,597,311,286
3590,3094151,59.2888524590164,58.0285633802817,60.4755968169761,732,355,377
3591,3094935,70.5244868735084,73.6235321100917,67.1633333333333,838,436,402
3592,3095155,87.5796577946768,79.8876203966006,93.8073853211009,789,353,436
3593,3095240,77.8060277427491,71.6679166666667,82.9093071593533,793,360,433
3594,3095269,77.029060324826,72.221231884058,81.4720089285714,862,414,448
3595,3095302,78.0744233206591,71.2545259938838,82.9014935064935,789,327,462
3596,3098991,73.1348602484472,71.1081587301587,75.0753191489362,644,315,329
3597,3100862,84.5348797250859,83.946442516269,85.1933009708738,873,461,412
3598,3102920,83.2680165289256,88.5923236514523,77.9875308641975,968,482,486
3599,3103876,79.0324813895782,77.9424509803922,80.1498994974874,806,408,398
3600,3103945,81.1277941176471,78.2191089108911,83.98,816,404,412
3601,3104386,90.4387252747253,87.4954545454545,93.1941276595745,910,440,470
3602,3106130,80.7781425485961,71.2731578947368,90,926,456,470
3603,3108885,74.9158957654723,81.7795348837209,66.1711111111111,921,516,405
3604,3109231,75.9189659863946,70.2706216216216,81.6446849315069,735,370,365
3605,3114052,71.3525435073628,83.1516192560175,52.7588275862069,747,457,290
3606,3115899,73.8086286594761,73.4040740740741,74.1499715909091,649,297,352
3607,3116438,79.9482005141388,83.4458278145695,75.0730461538461,778,453,325
3608,3117155,85.3999304750869,86.2147921225383,84.4827093596059,863,457,406
3609,3117379,81.6588950276243,83.1311728395062,79.9511933174224,905,486,419
3610,3117558,75.8423925667828,79.3127586206896,71.7863476070529,861,464,397
3611,3119048,72.9056145251397,73.7606705539359,72.1193297587131,716,343,373
3612,3119214,75.1875185735513,76.4917868338558,74.0122033898305,673,319,354
3613,3119300,83.8196647230321,91.4581658291457,73.2636805555556,686,398,288
3614,3119829,77.7334375,77.0281081081081,78.3891457286432,768,370,398
3615,3121011,73.4108068783069,59.4666112956811,82.6354285714286,756,301,455
3616,3121134,84.1539813581891,80.295,87.3463260340633,751,340,411
3617,3124494,84.6389215686275,82.7583218390805,86.3326293995859,918,435,483
3618,3129386,81.3990700218818,83.0987122736419,79.3733573141487,914,497,417
3619,3132075,53.3048519362187,33.75225,69.6668619246862,878,400,478
3620,3133183,68.1194599303136,43.1145333333333,84.2401146131805,574,225,349
3621,3133916,69.5826409495549,76.9465109034268,62.8863172804533,674,321,353
3622,3135212,79.4143137254902,75.16,82.9089285714286,714,322,392
3623,3135937,80.0265992414665,69.1907567567568,89.5497862232779,791,370,421
3624,3136942,81.2293527508091,83.7066453674121,78.6870819672131,618,313,305
3625,3139965,86.1338072855464,85.9935626535626,86.2623648648649,851,407,444
3626,3142435,77.1798201936376,81.0189839572192,73.0656446991404,723,374,349
3627,3142819,74.4345022624434,75.5816279069767,73.3480176211454,884,430,454
3628,3142886,79.3104137931035,78.6379611650485,79.915327510917,870,412,458
3629,3143742,82.0910583446404,81.4275232198142,82.6087439613526,737,323,414
3630,3144088,73.603840665874,70.4326612903226,76.1191471215352,841,372,469
3631,3144111,70.3850413223141,69.3404584527221,71.3520424403183,726,349,377
3632,3145079,70.6257943925234,81.2988571428571,59.336978021978,749,385,364
3633,3147747,81.070619047619,86.9781860465116,74.8748780487805,840,430,410
3634,3148347,78.0176463560335,74.3471727748691,81.0992307692308,837,382,455
3635,3149418,79.5251131221719,83.9278571428571,73.6856842105263,884,504,380
3636,3149730,75.7745625841184,55.6747517730496,88.0698915401302,743,282,461
3637,3150243,64.2491471962617,60.8770171149144,67.3346085011186,856,409,447
3638,3150728,81.8296884735202,80.1284937238494,83.5063298969072,963,478,485
3639,3153131,41.8388875453446,38.9529384965831,45.104175257732,827,439,388
3640,3153367,71.7003655660377,76.4883610451306,66.9796487119438,848,421,427
3641,3153877,74.9157142857143,70.9436752136752,77.6494117647059,861,351,510
3642,3154440,78.4442814371258,82.1077534791252,74.7514428857715,1002,503,499
3643,3155116,82.4901113360324,78.6808528784648,85.9323892100193,988,469,519
3644,3156420,84.5598509052183,86.9299564270153,82.2934375,939,459,480
3645,3156623,86.9165111561866,86.3923758099352,87.3805162523901,986,463,523
3646,3157011,72.886289791438,60.26904,81.7136567164179,911,375,536
3647,3157186,76.6339771547248,77.9478396436526,75.4862645914397,963,449,514
3648,3157466,66.1360492040521,67.9672135416667,63.8456026058632,691,384,307
3649,3159380,80.9361982570806,87.7617208413002,71.8988607594937,918,523,395
3650,3160833,57.8809331651955,66.4975,49.1108905852417,793,400,393
3651,3161095,88.8579548660085,97.7874861878453,79.5424207492795,709,362,347
3652,3163005,78.6108208092486,80.0935071090047,77.1984198645598,865,422,443
3653,3164402,75.3122568578554,81.710625,67.8417297297297,802,432,370
3654,3166049,80.2455449591281,79.6035127478754,80.8403937007874,734,353,381
3655,3167339,81.9602860286029,82.6945192307692,81.3407302231237,909,416,493
3656,3168056,79.1272641509434,83.5308114558473,74.8263636363636,848,419,429
3657,3168265,76.9604683544304,75.4725336927224,78.2779474940334,790,371,419
3658,3169400,82.7709051254089,84.7548780487805,80.4741647058824,917,492,425
3659,3170200,70.3850996015936,70.9664516129032,69.8174803149606,753,372,381
3660,3171427,42.2604184100418,20.0579944289694,64.5248603351955,717,359,358
3661,3173301,77.809301369863,77.8366226912929,77.7798005698006,730,379,351
3662,3173912,78.6737429378531,83.8248109243697,68.1051724137931,708,476,232
3663,3174044,80.7688461538462,74.8080976863753,85.7128358208955,858,389,469
3664,3174504,71.6144910179641,78.6852693208431,64.2144362745098,835,427,408
3665,3174517,76.8767875,82.0799778761062,70.1186206896552,800,452,348
3666,3178039,82.762544132918,80.3185487077535,85.435,963,503,460
3667,3178436,83.6895851216023,84.8777777777778,82.6629866666667,699,324,375
3668,3180268,78.6106188925081,78.34,78.923700234192,921,494,427
3669,3184459,81.3115909090909,86.2060837438424,76.1634974093264,792,406,386
3670,3184776,82.0383265306122,75.1360335195531,88.5927586206897,735,358,377
3671,3184789,83.8261358024691,82.735,85.1630769230769,810,446,364
3672,3187686,83.7968869936034,84.2555319148936,83.3362820512821,938,470,468
3673,3187916,78.3481459330144,86.5996699029126,65.1097196261682,836,515,321
3674,3188019,30.1735221421215,27.1480078125,33.5483877995643,971,512,459
3675,3189630,79.2989705882353,75.9015789473684,81.6440152963671,884,361,523
3676,3190284,31.3382519685039,47.3695046439628,14.7417948717949,635,323,312
3677,3192815,65.60203187251,55.0402593659942,74.6289655172414,753,347,406
3678,3195346,80.0029659090909,77.8066367713004,82.2600230414747,880,446,434
3679,3195682,79.2770240963855,81.6651428571429,76.8306585365854,830,420,410
3680,3196809,84.5028711256117,77.8160128617363,91.3890066225166,613,311,302
3681,3197406,88.997908101572,89.2587190082645,88.6298833819242,827,484,343
3682,3197704,85.4565340909091,80.0983886255924,90.3935152838428,880,422,458
3683,3197817,78.4317762399077,73.5713333333333,82.9986353467561,867,420,447
3684,3197846,69.7459615384615,62.0017142857143,76.0494186046512,780,350,430
3685,3198666,58.1183048433048,65.7040922190202,50.7034647887324,702,347,355
3686,3198909,61.6233948339483,66.9232307692308,56.7370212765957,813,390,423
3687,3199006,74.761514324693,77.316517571885,72.8574285714286,733,313,420
3688,3201552,73.754131897712,81.4432989690722,65.3501971830986,743,388,355
3689,3203017,34.5780774748924,39.5012099644128,31.2525961538462,697,281,416
3690,3205079,77.7311134235172,76.2183040935673,79.4634151785714,961,513,448
3691,3205097,74.7863469827586,64.2268,84.7273430962343,928,450,478
3692,3206072,59.6075455820477,44.7470817120623,67.982850877193,713,257,456
3693,3206898,80.0010167597765,81.6345353982301,78.3343115124153,895,452,443
3694,3207324,75.9914626391097,78.793782234957,72.4985714285714,629,349,280
3695,3208235,39.3770538243626,51.14,20.1525373134328,706,438,268
3696,3209090,77.3966813671444,79.549672801636,74.877990430622,907,489,418
3697,3211036,59.4136641221374,33.0014,75.7175308641975,786,300,486
3698,3212580,87.4224290998767,84.8752821670429,90.4886956521739,811,443,368
3699,3212864,70.8322635135135,81.2612627291242,57.9339294710327,888,491,397
3700,3213646,80.1529166666667,81.2728806584362,78.8752112676056,912,486,426
3701,3214988,75.863614744352,75.823661971831,75.9046265060241,841,426,415
3702,3215069,83.2768176914779,89.6964377682404,76.7875704989154,927,466,461
3703,3215143,79.4694074074074,78.11,80.9839149888143,945,498,447
3704,3215232,76.3812060301508,78.3852864583333,74.5133252427184,796,384,412
3705,3215298,79.7140793825799,82.7018565400844,76.4433949191686,907,474,433
3706,3216739,60.4812275449102,46.3605747126437,69.5364864864865,668,261,407
3707,3218091,80.4533795712484,77.3707339449541,82.6165236051502,793,327,466
3708,3218300,76.5529425556858,76.3654545454546,76.7071794871795,853,385,468
3709,3218318,78.1396188340807,79.494331797235,76.8558951965066,892,434,458
3710,3219589,68.9747854785479,73.800442804428,65.0710447761194,606,271,335
3711,3221617,87.416238410596,88.1221875,86.8969195402299,755,320,435
3712,3222512,72.4726939970717,63.2006060606061,77.2113053097345,683,231,452
3713,3222520,76.6408880778589,77.2381074168798,76.0990951276102,822,391,431
3714,3222676,76.0260248447205,71.5767183462532,80.1453588516746,805,387,418
3715,3224341,69.8772317073171,84.0523006833713,53.5442782152231,820,439,381
3716,3225990,77.6057585139319,80.8637654320988,74.3275155279503,969,486,483
3717,3228622,81.8081445783132,85.542578313253,78.0737108433735,830,415,415
3718,3230715,55.5961251504212,60.74855,50.8142923433875,831,400,431
3719,3233779,74.1563920099875,81.8866326530612,66.7474572127139,801,392,409
3720,3236127,75.0317639077341,82.1566197183099,65.2723151125402,737,426,311
3721,3238390,83.1837997432606,82.5646666666667,83.8045244215938,779,390,389
3722,3238824,59.3240675477239,45.9805466237942,70.5398378378378,681,311,370
3723,3240223,78.4960517038778,77.3578475336323,79.7494814814815,851,446,405
3724,3240353,58.7671327014218,57.6746534653465,59.7702272727273,844,404,440
3725,3240360,56.9047597597598,64.8186703601108,47.5378032786885,666,361,305
3726,3240367,62.6191586538462,69.5246501128668,54.7550642673522,832,443,389
3727,3240384,72.8654134366925,74.9962376237624,70.5387837837838,774,404,370
3728,3240397,78.4956355932203,75.9731601731602,80.9134439834025,944,462,482
3729,3240528,80.8146306504961,80.2841805225653,81.2741358024691,907,421,486
3730,3240775,74.2193012048193,76.5297183098591,71.7830693069307,830,426,404
3731,3242851,46.3736251709986,14.5859027777778,67.0392325056434,731,288,443
3732,3244211,84.1209090909091,85.752625,82.5851764705882,825,400,425
3733,3244996,75.249900990099,77.9494759825327,72.5084257206208,909,458,451
3734,3245986,66.9686515151515,65.135504587156,68.7687687687688,660,327,333
3735,3246448,85.4473700623701,87.5994512195122,83.1945531914894,962,492,470
3736,3246691,77.3419503945885,79.0211607142857,75.6283143507973,887,448,439
3737,3246805,81.2058769931663,73.5445631067961,87.9793991416309,878,412,466
3738,3246924,78.6239311163895,78.5409817351598,78.7138613861386,842,438,404
3739,3247222,56.6757817589577,64.0994871794872,49.0062582781457,614,312,302
3740,3247399,86.7192849035187,84.7877181208054,88.7087096774194,881,447,434
3741,3247997,46.6762068965517,70.3723703703704,23.0964864864865,812,405,407
3742,3251334,75.5015147928994,69.3270822942643,81.077972972973,845,401,444
3743,3255278,80.3390170380079,74.8674603174603,85.7110909090909,763,378,385
3744,3256683,81.7137714285714,82.7071962616822,80.7625727069351,875,428,447
3745,3256901,75.2797884187082,78.1455257731959,71.9144552058111,898,485,413
3746,3256950,74.2715351351351,81.252125,66.7419101123595,925,480,445
3747,3258366,71.8211970074813,56.6231125827815,81.00084,802,302,500
3748,3259024,77.6088038942976,70.9148039215686,82.5685230024213,719,306,413
3749,3261049,21.5358955223881,19.0188461538462,24.0422340425532,938,468,470
3750,3261893,83.0656288916563,84.745117370892,81.1678514588859,803,426,377
3751,3263534,78.8635970333745,79.3108374384236,78.4130272952854,809,406,403
3752,3264474,79.9525637910085,86.8624817518248,73.0594174757282,823,411,412
3753,3264646,82.2461656804734,85.3194495412844,78.97,845,436,409
3754,3266100,58.5181751824818,68.1953435114504,49.6530769230769,822,393,429
3755,3266330,77.9208382526564,91.07125,63.1554636591479,847,448,399
3756,3267340,69.9748994974874,69.8343705463183,70.1326666666667,796,421,375
3757,3267345,68.3582777036048,57.0680163043478,79.2633070866142,749,368,381
3758,3267789,86.4701720183486,83.7138350515464,89.924496124031,872,485,387
3759,3268397,83.852583518931,84.1725899280576,83.5751559251559,898,417,481
3760,3268442,81.3471917098446,84.5709375,77.7035761589404,965,512,453
3761,3272452,72.2577953586498,69.6236363636364,74.6481488933602,948,451,497
3762,3273098,70.8763455149502,69.9085308056872,71.725446985447,903,422,481
3763,3273359,77.5600862998921,85.066836935167,68.4190909090909,927,509,418
3764,3274472,76.5875297619048,73.5654713114754,79.4236153846154,1008,488,520
3765,3274723,85.9599571275456,87.974587973274,84.0910123966942,933,449,484
3766,3275861,71.9412794612794,75.3334529147982,68.5414831460674,891,446,445
3767,3278950,74.6218221258135,79.2318415417559,69.8902197802198,922,467,455
3768,3279694,69.1222637362637,68.4661618257261,69.8611448598131,910,482,428
3769,3279795,72.8292148760331,80.1909230769231,64.284375,968,520,448
3770,3280780,79.3200954400848,87.0596941176471,72.9700386100386,943,425,518
3771,3280980,64.3682183186951,53.6955033557047,70.7419038076152,797,298,499
3772,3281240,70.9695695364238,61.5555527638191,78.3451181102362,906,398,508
3773,3282780,59.3033870967742,74.8426403326403,36.3052923076923,806,481,325
3774,3283570,77.8912603305785,78.8451282051282,76.99844,968,468,500
3775,3284101,60.4165492227979,77.0599803921569,41.7612747252747,965,510,455
3776,3285511,87.4097502601457,85.0754104477612,90.3537647058824,961,536,425
3777,3286518,78.9465944272446,77.0915338645418,80.9406852248394,969,502,467
3778,3286647,78.9174810810811,80.9783050847458,76.140076142132,925,531,394
3779,3288135,79.2087322515213,79.16875,79.2505394190871,986,504,482
3780,3288323,76.0981307456588,74.6514371257485,77.6144351464435,979,501,478
3781,3288993,66.34,56.8704792332268,73.7499,713,313,400
3782,3289513,80.8425649350649,81.1988372093023,80.3919852941176,924,516,408
3783,3291794,77.9574623655914,80.5021042471042,74.7581310679612,930,518,412
3784,3292255,69.2701763224181,71.4594520547945,66.5766292134831,794,438,356
3785,3293749,77.0474394463668,83.409,70.4922014051522,867,440,427
3786,3294540,76.6812299465241,73.157012987013,80.123488372093,935,462,473
3787,3296394,76.3896843434343,75.3705911330049,77.4615803108808,792,406,386
3788,3296420,80.4044232922732,85.8348625792812,74.2887142857143,893,473,420
3789,3298523,73.4850112359551,75.266088794926,71.4647482014389,890,473,417
3790,3298948,81.1828817204301,87.885,74.790525210084,930,454,476
3791,3300007,79.9127497314715,88.1614285714286,70.7475510204082,931,490,441
3792,3300456,80.3060923076923,87.0076288659794,73.6729387755102,975,485,490
3793,3301184,79.5672355769231,81.7081219512195,77.4872274881517,832,410,422
3794,3301295,65.3032596685083,44.00024,80.3761509433962,905,375,530
3795,3301683,80.8171113561191,92.7713253012048,66.2616136919315,907,498,409
3796,3303745,77.2239267015707,85.8621729957806,63.1048620689655,764,474,290
3797,3308449,77.0657874015748,77.8252566735113,76.3666162570889,1016,487,529
3798,3311074,72.0962626262626,71.1950117096019,73.150602739726,792,427,365
3799,3311551,73.1936870897155,76.8049809885932,68.2979639175258,914,526,388
3800,3312092,57.8369651741294,76.7061098901099,33.2367908309456,804,455,349
3801,3314897,75.3445290858726,69.3686486486487,80.4601285347044,722,333,389
3802,3315809,78.5312297734628,80.5061016949153,76.4825714285714,927,472,455
3803,3316692,70.291976127321,64.6337620578778,74.2642212189616,754,311,443
3804,3317118,76.7517622080679,78.2118871595331,74.9982476635514,942,514,428
3805,3317730,78.8176765375854,77.9717494600432,79.7614457831325,878,463,415
3806,3317866,58.7314021164021,73.1718048780488,41.6199421965318,756,410,346
3807,3317955,23.2363529411765,17.113288590604,28.0129842931937,680,298,382
3808,3319252,81.5148696682464,76.2110854503464,87.1025547445255,844,433,411
3809,3321324,77.0068770053476,78.8207205240175,75.2652830188679,935,458,477
3810,3321543,75.6242130177515,84.3108899297424,66.7505023923445,845,427,418
3811,3322731,75.7791657010429,76.6490862944162,75.0483582089552,863,394,469
3812,3326171,73.5090684624018,67.7796134020619,77.9286083499006,891,388,503
3813,3326664,77.8467908902691,79.7197415506958,75.812030237581,966,503,463
3814,3326730,70.7886096938775,79.0365065502183,59.2010736196319,784,458,326
3815,3326776,78.7374947368421,79.2597330595483,78.1881857451404,950,487,463
3816,3326842,73.682990430622,78.4490948275862,67.7381720430107,836,464,372
3817,3326877,75.8177219626168,72.7301228501229,78.6165033407572,856,407,449
3818,3328409,79.4765502183406,79.7792,79.1842918454936,916,450,466
3819,3328735,75.502,68.5430434782609,82.1546943765281,800,391,409
3820,3328742,74.254275862069,69.9411656441718,79.79,870,489,381
3821,3329755,64.4197071742313,66.7459949622166,61.1905594405594,683,397,286
3822,3331628,80.628841991342,81.8207421150278,78.9601818181818,924,539,385
3823,3331862,77.4857487437186,76.9381395348837,78.0756576200418,995,516,479
3824,3331893,76.2773552780931,77.8004911591356,74.1932795698925,881,509,372
3825,3332495,73.691387434555,62.2093604651163,83.0957142857143,764,344,420
3826,3335003,71.2463802978236,77.7061349693252,63.0202864583333,873,489,384
3827,3336373,82.1772012578616,82.0828571428572,82.2583040935673,954,441,513
3828,3339952,80.794074941452,73.6137730870713,86.5232,854,379,475
3829,3340226,57.0083786610879,57.9797777777778,55.9653362255965,956,495,461
3830,3340430,65.5417721518987,51.6245454545454,76.1782630272953,711,308,403
3831,3342003,56.6130508474576,47.7601793721973,65.6070842824601,885,446,439
3832,3343906,50.2436585365854,30.9641624365482,68.0749295774648,820,394,426
3833,3345878,78.0943320235756,79.4060111317254,76.6183507306889,1018,539,479
3834,3346046,85.7129850746269,85.1209090909091,86.3441850220264,938,484,454
3835,3347055,75.3393184634449,71.1560047281324,79.9475,807,423,384
3836,3351945,78.404419778002,78.3746466809422,78.4309541984733,991,467,524
3837,3353016,80.4522006141249,85.4851971326165,73.7495465393795,977,558,419
3838,3353981,75.2023170731707,78.4595384615385,71.5519827586207,984,520,464
3839,3356694,48.8769707207207,35.487247311828,63.596170212766,888,465,423
3840,3357705,74.9234417628542,69.895935483871,79.7139959016394,953,465,488
3841,3357992,76.5938185890258,76.2462083333333,76.9978208232446,893,480,413
3842,3358516,73.8261208053691,63.267074829932,80.7094013303769,745,294,451
3843,3358593,77.1217364657814,75.7655916030534,78.6835384615384,979,524,455
3844,3358817,57.2102579132474,43.7175409836066,67.3505749486653,853,366,487
3845,3359883,21.4986210640608,25.7737984496124,16.0517283950617,921,516,405
3846,3360669,70.9289384800965,69.3421428571429,72.0104056795132,829,336,493
3847,3362091,82.1563263358779,86.5173220973783,77.6256420233463,1048,534,514
3848,3363073,73.1976426264801,71.1288732394366,74.9497216699801,929,426,503
3849,3364166,84.2786761229314,77.9311494252874,90.9968613138686,846,435,411
3850,3366136,75.0546466809422,72.8601222493888,76.7642857142857,934,409,525
3851,3366243,75.3875592173018,74.5670869565217,76.12614481409,971,460,511
3852,3368127,48.1688995215311,41.366265060241,52.65,627,249,378
3853,3370092,65.3985890834192,56.2943935926774,72.8490262172285,971,437,534
3854,3370204,47.0872754195459,47.2350988142292,46.9397435897436,1013,506,507
3855,3370579,37.889887076537,52.3149668874172,18.8940697674419,797,453,344
3856,3370651,45.6967559943582,50.7172206303725,40.8296944444444,709,349,360
3857,3372961,79.8217168674699,82.3826431718062,77.6765867158672,996,454,542
3858,3372985,78.6983443708609,81.9419676549865,76.4490280373832,906,371,535
3859,3373311,79.152527693857,79.6707186858316,78.6537944664032,993,487,506
3860,3373959,38.9512322946176,46.1706728538283,27.6364,706,431,275
3861,3374773,82.7518263810597,76.4836263736264,89.35375,887,455,432
3862,3375137,76.8108472686734,82.2428964059197,70.7510377358491,897,473,424
3863,3375434,73.3662551020408,71.804295154185,74.7144106463878,980,454,526
3864,3375770,75.080087431694,79.9577955911824,69.2291826923077,915,499,416
3865,3376258,65.5868074534161,71.1717516629712,58.4715254237288,805,451,354
3866,3376573,71.9563313609467,79.9081818181818,64.1720843091335,845,418,427
3867,3377690,80.5542189160468,76.5934545454545,84.0327345309381,941,440,501
3868,3377915,70.3478294573643,65.8234810126582,74.1910931899642,1032,474,558
3869,3378519,76.8179625779626,77.0963190184049,76.5301902748414,962,489,473
3870,3378877,80.5445914396887,78.3026650943396,83.2840057636888,771,424,347
3871,3379992,77.6949048625793,75.8859574468085,79.1579732313575,946,423,523
3872,3384672,71.7675647058824,76.3715754923413,66.4137913486005,850,457,393
3873,3384779,54.4612801678909,31.6978571428571,74.6553663366337,953,448,505
3874,3386893,71.6576684491979,72.2745454545454,71.1093333333333,935,440,495
3875,3391549,75.1993318233296,78.7118064516129,71.2919138755981,883,465,418
3876,3392327,65.4771847133758,47.5502097902098,75.7519639278557,785,286,499
3877,3392864,66.9274540682415,71.1095061728395,62.1831092436975,762,405,357
3878,3393264,76.9701181102362,78.170671641791,75.6295,1016,536,480
3879,3393318,60.0774252275683,63.1586363636364,56.4080626780627,769,418,351
3880,3393339,74.948872255489,81.0599431818182,68.1416033755274,1002,528,474
3881,3394391,73.8629616306954,81.6067098445596,67.1908928571429,834,386,448
3882,3395877,80.1041761658031,83.6347085201794,77.0702312138728,965,446,519
3883,3396231,46.2265430463576,66.9113381995134,21.513023255814,755,411,344
3884,3400966,68.173243902439,54.3176258992806,75.28,820,278,542
3885,3402083,42.6932127351664,59.9495811518325,21.3600970873786,691,382,309
3886,3407352,73.3061909650924,75.3478330019881,71.125838641189,974,503,471
3887,3407360,60.2426321585903,79.0661682242991,33.243726541555,908,535,373
3888,3410919,70.1540188014101,70.5133333333333,69.7149608355091,851,468,383
3889,3411364,75.897241025641,75.1599568034557,76.56396484375,975,463,512
3890,3411708,71.2800261096606,60.6991978609626,81.375,766,374,392
3891,3412847,78.7970181405896,80.3945161290323,77.4529853862213,882,403,479
3892,3414106,74.2528839779006,69.9465957446808,77.3136862003781,905,376,529
3893,3414420,79.8366820276498,84.1179404466501,76.1262580645161,868,403,465
3894,3415859,15.5219701492537,9.97738045738046,20.6115648854962,1005,481,524
3895,3416745,72.9429109589041,86.7671800433839,57.5863132530121,876,461,415
3896,3416859,73.7173718647765,77.9970666666667,69.5934689507495,917,450,467
3897,3417216,69.6270375,79.1358778625954,60.4452825552826,800,393,407
3898,3418040,74.3577423312883,77.7769230769231,71.77125,815,351,464
3899,3418287,72.72,78.745652173913,67.6803636363636,909,414,495
3900,3418397,75.4602981651376,72.8040350877193,77.1743396226415,872,342,530
3901,3419629,77.9914371859296,83.4293641618497,72.062268907563,995,519,476
3902,3421168,79.3477914110429,82.4311930585683,76.5983752417795,978,461,517
3903,3422613,72.2206209150327,77.2072298624754,66.0147921760391,918,509,409
3904,3423548,77.5596300863132,79.055318275154,75.3114814814815,811,487,324
3905,3424744,72.7477309007982,74.4932279909707,70.9660368663594,877,443,434
3906,3425297,81.7349845201238,82.7315662650603,80.6812738853503,969,498,471
3907,3428021,79.2539044289044,78.241010989011,80.3974937965261,858,455,403
3908,3429703,78.2945182724253,81.3791836734694,75.9281996086106,903,392,511
3909,3431586,32.9834031413613,32.382,33.4555327102804,955,420,535
3910,3432201,74.9411743341404,69.6314613180516,78.8260587002096,826,349,477
3911,3434023,66.7546490066225,79.3035589941973,39.4950420168067,755,517,238
3912,3434897,74.1522033898305,74.793,73.4893103448276,944,480,464
3913,3437183,81.2571223814774,78.7527290448343,84.5179187817259,907,513,394
3914,3437213,78.7996097046414,77.8836866359447,79.5729766536965,948,434,514
3915,3437438,73.4804259850905,71.4840963855422,75.7347845804989,939,498,441
3916,3439488,73.3174064837905,64.4915404699739,81.3849642004773,802,383,419
3917,3440673,45.8637172774869,36.6387068965517,54.5814460285132,955,464,491
3918,3442746,80.4716775884666,84.3067681498829,75.5979166666667,763,427,336
3919,3443914,71.7401207729469,79.3033769063181,62.3321680216802,828,459,369
3920,3445047,64.7714604236343,64.2683146067416,65.266814159292,897,445,452
3921,3445591,67.9206506849315,77.6671739130435,54.5916216216216,876,506,370
3922,3447037,69.3071698113208,68.49905,70.1255189873418,795,400,395
3923,3448825,70.1349816401469,57.7574137931035,79.3191897654584,817,348,469
3924,3450322,79.4143445287107,79.7160240963855,79.0608470588235,923,498,425
3925,3451028,71.9444004796163,75.547435387674,66.4690936555891,834,503,331
3926,3451119,71.2030619684083,78.0484478935698,62.9039516129032,823,451,372
3927,3453677,69.4859500693481,67.6314450867052,71.19704,721,346,375
3928,3456784,68.0516025641026,71.3395652173913,64.182511627907,936,506,430
3929,3457842,57.8673992197659,46.0076859504132,68.4710344827586,769,363,406
3930,3459022,74.8495209580838,77.5832327586207,71.4305390835579,835,464,371
3931,3459101,74.4214663726571,71.5302870813397,76.8928629856851,907,418,489
3932,3459175,74.4366627218935,76.7475047258979,70.5681962025316,845,529,316
3933,3460328,72.2405574912892,75.6542105263158,68.397037037037,861,456,405
3934,3461297,81.581012536162,83.1401176470588,80.0722011385199,1037,510,527
3935,3464088,82.6500646551724,81.9935632183908,83.4941379310345,928,522,406
3936,3464494,69.8542200956938,80.5719018404908,60.4280575539568,1045,489,556
3937,3464607,46.9212319790301,48.9307033639144,45.414128440367,763,327,436
3938,3466628,63.2993490460157,79.5955555555556,42.9290909090909,891,495,396
3939,3467106,77.6570132743363,86.2883122362869,68.142511627907,904,474,430
3940,3467305,86.498219832736,86.5762192393736,86.4088205128205,837,447,390
3941,3467990,70.6662839248434,78.2587747035573,62.1667256637168,958,506,452
3942,3468198,79.0165464480874,79.6756074766355,78.4373305954825,915,428,487
3943,3470085,78.9095383001049,80.9938660907128,76.9400612244898,953,463,490
3944,3470682,84.1334525139665,84.264347826087,83.98,895,483,412
3945,3475081,77.2959580052493,76.4403846153846,78.3246242774566,762,416,346
3946,3476202,72.5262398137369,78.6624137931035,65.3181772151899,859,464,395
3947,3476492,73.6536884306987,73.3048358862144,74.0369230769231,873,457,416
3948,3481340,73.2296933962264,72.7662962962963,73.7764781491003,848,459,389
3949,3481427,71.676745945946,65.4396543778802,77.1897759674134,925,434,491
3950,3481613,70.3162391930836,59.5954545454545,78.3365743073048,694,297,397
3951,3482561,64.3093956670467,65.8814117647059,62.8312831858407,877,425,452
3952,3482621,61.3290154211151,64.5015777262181,58.010145631068,843,431,412
3953,3485102,75.9691029900332,69.70460591133,81.0865794768612,903,406,497
3954,3485190,76.2168432432432,73.2616739130435,79.1402365591398,925,460,465
3955,3487449,51.7727463863338,48.2567441860465,54.6732374100719,761,344,417
3956,3487785,81.5369036697248,87.8252505966587,75.7205298013245,872,419,453
3957,3489783,70.1275201845444,67.7373866666667,71.9492682926829,867,375,492
3958,3490858,75.4041142020498,81.0077116704805,65.449756097561,683,437,246
3959,3490887,75.3860532150776,76.8496629213483,73.960875273523,902,445,457
3960,3491470,82.7890954773869,77.5185271317829,87.7761613691931,796,387,409
3961,3495733,81.7129736842105,82.084161849711,81.4027536231884,760,346,414
3962,3495846,73.282972322503,71.3954054054054,75.4485529715762,831,444,387
3963,3497821,43.6982707774799,60.5904555808656,19.542996742671,746,439,307
3964,3498640,50.3217029449424,68.0035466666667,33.9899507389163,781,375,406
3965,3498646,51.0674021352313,61.969014084507,39.9305035971223,562,284,278
3966,3498652,66.0581853785901,64.5246786632391,67.6405039787798,766,389,377
3967,3498767,66.4604554865424,73.1146615087041,58.7984855233853,966,517,449
3968,3498782,68.8273917748918,74.6493861386139,61.8104295942721,924,505,419
3969,3501622,74.9418822170901,79.8192290249433,69.8809176470588,866,441,425
3970,3502674,64.5583395291202,65.6157651991614,63.0298787878788,807,477,330
3971,3505251,79.7209498399146,83.92734375,75.8672392638037,937,448,489
3972,3506738,74.2144502617801,76.0420833333333,72.3675789473684,764,384,380
3973,3507111,75.7786389850058,68.7326954177898,81.0488911290323,867,371,496
3974,3507553,77.9601875732708,72.7287272727273,82.2638461538461,853,385,468
3975,3507915,71.8563464140731,72.1080526315789,71.5899164345404,739,380,359
3976,3508440,62.4031524547804,71.090663507109,51.9880113636364,774,422,352
3977,3509995,75.0517118997912,79.6606779661017,70.5755144032922,958,472,486
3978,3510084,74.2072677595628,71.1816502463054,76.6206286836935,915,406,509
3979,3511333,74.2922875816994,77.7001408450704,71.3415853658537,918,426,492
3980,3511400,75.9690888382688,78.5905793450882,73.8054054054054,878,397,481
3981,3511595,65.2996473265074,62.1600737100737,68.0068644067797,879,407,472
3982,3512519,53.8989908256881,67.9999058823529,40.4920805369128,872,425,447
3983,3513831,62.6335157159488,76.9069934640523,46.2547,859,459,400
3984,3516502,74.8303258426966,76.2601680672269,73.1863526570048,890,476,414
3985,3517075,72.8408913649025,78.9854430379747,65.3266563467492,718,395,323
3986,3517624,69.3197267080745,81.2827962085308,56.1384856396867,805,422,383
3987,3518274,79.5646553808948,76.4996402877698,82.682,827,417,410
3988,3519314,66.6669298245614,70.0816711590297,63.7000234192037,798,371,427
3989,3520889,76.9955294117647,81.797,72.002,765,390,375
3990,3521414,70.3472028811525,57.1436734693878,82.0836734693877,833,392,441
3991,3521520,70.8467281672817,79.6192417061611,61.3786956521739,813,422,391
3992,3521779,42.3261066235864,27.6305263157895,56.5085079365079,619,304,315
3993,3522617,69.5466580645161,61.5818361581921,76.243919239905,775,354,421
3994,3523356,57.7939705882353,42.5006666666667,74.9989375,680,360,320
3995,3523702,71.0299272727273,89.2389910313901,49.6018469656992,825,446,379
3996,3526329,69.5415584415584,64.2854761904762,73.7778038379531,847,378,469
3997,3526844,74.8839602803738,73.1400451467269,76.7545520581114,856,443,413
3998,3528267,75.9608012820513,76.1122469635628,75.7915384615385,936,494,442
3999,3528377,74.0983558558559,77.9141104294479,69.4219047619048,888,489,399
4000,3528523,67.057132196162,59.1784233261339,74.7368,938,463,475
4001,3528911,75.1392341842397,75.0606993006993,75.2106144067797,901,429,472
4002,3528968,70.7874726477024,63.0245348837209,77.6842975206611,914,430,484
4003,3529104,77.3002085889571,77.627358490566,77.0268468468468,815,371,444
4004,3529237,73.060474137931,76.5942359767892,68.6153284671533,928,517,411
4005,3529576,75.1544863731656,75.0466336633663,75.2757906458797,954,505,449
4006,3531795,79.6646989141165,80.8136715867159,78.3425265392781,1013,542,471
4007,3533284,77.7659022931206,78.7540740740741,76.7313469387755,1003,513,490
4008,3533503,76.2596008403361,77.9855555555555,74.4595708154506,952,486,466
4009,3533807,75.9772189349112,75.0523968565815,77.3782142857143,845,509,336
4010,3534019,73.8524070021882,71.7339904988123,75.6614401622718,914,421,493
4011,3534362,73.970720164609,80.5174025974026,65.8213856812933,972,539,433
4012,3535531,72.6683731019523,75.9324066390041,69.0927727272727,922,482,440
4013,3537515,73.7000757575757,77.1414285714286,70.3614498933902,924,455,469
4014,3538485,65.2164266304348,55.3169946808511,75.5558333333333,736,376,360
4015,3540418,72.4052126607319,71.5223841059603,73.121917562724,1011,453,558
4016,3540597,71.5485775401069,75.1108675799087,68.4091750503018,935,438,497
4017,3541993,66.0232858596134,79.2597535934292,53.0269959677419,983,487,496
4018,3542896,76.70096,79.5153744493392,74.3607692307692,1000,454,546
4019,3544621,69.7116309412861,72.8529896907217,65.9880651731161,1073,582,491
4020,3545072,68.0439256198347,74.1925513196481,62.598,726,341,385
4021,3545323,68.2524107142857,73.9771933085502,61.6993617021277,1008,538,470
4022,3547063,64.2069273127753,54.1131172069825,72.1903944773176,908,401,507
4023,3547228,80.1156935014549,80.2933394160584,79.9141407867495,1031,548,483
4024,3547609,74.0295070422535,73.8806611570248,74.1990960451977,1136,605,531
4025,3549554,66.0675617977528,77.23234375,54.751221719457,890,448,442
4026,3550711,72.8185807860262,75.3279220779221,70.2650220264317,916,462,454
4027,3551520,83.0695767716535,84.2214285714286,82.0819744058501,1016,469,547
4028,3553638,67.3701113585746,66.74775,67.87,898,400,498
4029,3554007,69.7570200892857,72.4380281690141,66.4175187969925,896,497,399
4030,3555714,80.3319474196689,79.118313253012,81.4744612476371,1027,498,529
4031,3556332,79.7204485981308,83.2375438596491,76.4811849192101,1070,513,557
4032,3557312,57.7389880952381,89.146143187067,24.3254791154791,840,433,407
4033,3558234,72.9194606741573,65.839696969697,77.7960341555977,890,363,527
4034,3558900,68.2172673267327,66.6673053892215,69.7428683693517,1010,501,509
4035,3559870,69.8020165460186,75.7378106508876,63.2597391304348,967,507,460
4036,3560477,56.0811486486486,55.3851428571429,56.8125173210162,888,455,433
4037,3561057,83.3671002132196,86.8931954022988,80.3176938369781,938,435,503
4038,3563002,61.9077830188679,48.3873313782991,71.0014201183432,848,341,507
4039,3563107,74.2407853403141,73.3440257352941,75.4277372262774,955,544,411
4040,3564131,72.8821465968586,67.6413483146067,77.455,955,445,510
4041,3564357,65.5441975308642,67.0136514522822,63.8124694376528,891,482,409
4042,3565492,46.9019064327485,56.5737848605578,33.1475637393768,855,502,353
4043,3565557,47.4097345132743,38.1320143884892,57.7541443850267,791,417,374
4044,3566122,69.2864933494559,73.4503539823009,64.2676533333333,827,452,375
4045,3566362,52.9071447902571,62.0076960784314,41.6895468277946,739,408,331
4046,3566503,47.9624048913044,30.1613333333333,61.2814964370546,736,315,421
4047,3567764,76.9084927536232,79.082962962963,75.1757118055556,1035,459,576
4048,3568741,73.2178920570265,68.6702575107296,77.3248643410853,982,466,516
4049,3570134,68.2995,75.970733197556,59.9106904231626,940,491,449
4050,3570912,71.4579809725159,69.9332835820896,72.957106918239,946,469,477
4051,3571746,63.5536315789474,63.6380343980344,63.4563172804533,760,407,353
4052,3571877,73.760374862183,81.5597163120567,66.9440082644628,907,423,484
4053,3572072,69.4831704095112,66.7657647058824,71.6988009592326,757,340,417
4054,3573106,77.2578680203046,78.3272532188841,76.2976878612717,985,466,519
4055,3573447,75.2019747416762,71.9414868105516,78.1967400881057,871,417,454
4056,3573569,77.9140447343896,80.7104724409449,75.3997345132743,1073,508,565
4057,3573869,62.5891038406828,49.4582671480144,71.1272300469484,703,277,426
4058,3573875,63.6839386189258,61.0271714922049,67.2661861861862,782,449,333
4059,3574586,60.7861176470588,67.5078548895899,56.0298883928571,765,317,448
4060,3574594,66.2853257142857,61.9071428571429,69.6152112676056,875,378,497
4061,3574887,65.0571910112359,65.4601449275362,64.7067226890756,890,414,476
4062,3575299,73.0563729508197,74.0339407744875,72.2572067039106,976,439,537
4063,3575907,80.2598942420682,81.667880952381,78.8878422273782,851,420,431
4064,3576716,59.9241603053435,72.3443286573146,38.3295121951219,786,499,287
4065,3578663,61.1768540829987,74.2791826923077,44.7098791540785,747,416,331
4066,3581204,58.8624726477024,54.0819795918367,64.3870990566038,914,490,424
4067,3581725,57.6507327586207,55.944845814978,59.284641350211,928,454,474
4068,3582112,70.9406196581197,69.3715010141988,72.6868397291196,936,493,443
4069,3582968,66.7428132118451,62.270625,71.0746188340807,878,432,446
4070,3583513,70.7283575418994,73.4434004024145,67.3379648241206,895,497,398
4071,3584216,54.5749192680301,64.189009009009,45.7735670103093,929,444,485
4072,3585203,63.872125279642,72.4626678141136,47.9261022364217,894,581,313
4073,3585785,68.4030376940133,63.1689510489511,73.1502325581395,902,429,473
4074,3587910,79.0090495049505,85.6540956340956,72.9669565217391,1010,481,529
4075,3588335,75.3145111326234,73.1103867403315,77.7570408163265,1033,543,490
4076,3589102,74.8331219980788,76.0996940726577,73.5543243243243,1041,523,518
4077,3589144,72.6574106280193,77.1098686679174,67.93,1035,533,502
4078,3589348,74.0457746478873,64.75075,80.3050505050505,994,400,594
4079,3590305,61.7419491525424,62.4655784061697,61.0978032036613,826,389,437
4080,3590882,75.6400617828773,74.2637651122625,77.0784657039711,1133,579,554
4081,3592004,67.0172621564482,66.6657677902622,67.4728398058252,946,534,412
4082,3592390,70.2090354090354,72.8641025641026,66.6689458689459,819,468,351
4083,3592408,82.3318159509202,74.595935334873,91.100497382199,815,433,382
4084,3592546,44.3831822474032,41.2947945205479,47.2630474452555,1059,511,548
4085,3593338,74.4813365735115,67.9764829396325,80.0884615384615,823,381,442
4086,3593711,72.9405764705882,73.4397690531178,72.4222302158273,850,433,417
4087,3594215,73.7445584725537,69.0642372881356,79.7803825136612,838,472,366
4088,3594579,64.2341687657431,52.2124778761062,73.190989010989,794,339,455
4089,3594727,76.2028877005348,71.9924624060151,79.999406779661,1122,532,590
4090,3594778,79.8020396039604,75.1594055201699,83.858961038961,1010,471,539
4091,3594901,75.4959226190476,72.32,78.7873333333333,1008,513,495
4092,3596284,73.616585106383,71.3021076233184,75.7061740890688,940,446,494
4093,3596709,75.7269805825243,71.5729032258065,79.5854494382023,1030,496,534
4094,3597636,77.2588020304568,72.1860122699387,82.26,985,489,496
4095,3597898,73.0240097205346,78.4168421052632,68.3981038374718,823,380,443
4096,3598031,78.42143483023,79.6841986455982,77.2312127659575,913,443,470
4097,3600179,61.9915005476451,72.3736464088398,46.755,913,543,370
4098,3600553,57.159785202864,64.4192093023256,49.5089215686274,838,430,408
4099,3602359,72.7188212927757,76.9095344506518,68.3490873786408,1052,537,515
4100,3603015,62.4759247311828,70.5330844793713,52.7346080760095,930,509,421
4101,3604266,72.814776119403,68.1933493975904,76.4818738049713,938,415,523
4102,3604961,60.5681363636364,65.3835042735043,55.0982524271845,880,468,412
4103,3605277,64.5551881188119,65.0964705882353,64.00308,1010,510,500
4104,3605300,52.0839215686274,63.8845598194131,38.0686863270777,816,443,373
4105,3605309,58.3588856304985,52.7553813559322,63.1589836660617,1023,472,551
4106,3605365,70.7719019019019,75.0513097713098,66.798166023166,999,481,518
4107,3606854,68.8981725312145,74.285387755102,62.1469309462916,881,490,391
4108,3607044,78.8179113300493,86.8289285714286,72.4882186948854,1015,448,567
4109,3608679,69.3528870292887,71.2926996197719,66.98,956,526,430
4110,3608729,71.4722614503817,70.3190909090909,72.6933988212181,1048,539,509
4111,3609088,82.5368629441624,88.2484478935698,77.7130337078652,985,451,534
4112,3613323,56.4817013888889,65.3104282655246,46.0962720403023,864,467,397
4113,3613877,67.2114923747277,64.6764238410596,69.6811397849462,918,453,465
4114,3614212,69.6883185840708,71.2155223880597,68.0417471264368,904,469,435
4115,3615486,71.8918924972004,70.5635466179159,73.9919075144509,893,547,346
4116,3615989,69.4151577669903,67.4502362204724,71.105079006772,824,381,443
4117,3616035,70.9929411764706,70.7135458167331,71.2827272727273,986,502,484
4118,3616613,55.34025,59.5160393873085,50.8288179669031,880,457,423
4119,3617282,79.1207066381156,75.8132520325203,82.8023076923077,934,492,442
4120,3617625,78.808769035533,81.6213970588235,75.7888947368421,788,408,380
4121,3618098,57.1419954648526,72.2230555555555,37.0339153439153,882,504,378
4122,3621414,77.5155139186296,73.9620506912442,80.59992,934,434,500
4123,3622264,75.6411305361305,76.2855555555556,74.8678205128205,858,468,390
4124,3623072,75.7641956521739,77.70829004329,73.8031222707424,920,462,458
4125,3624067,78.934844789357,76.4409930715935,81.2372707889126,902,433,469
4126,3625589,76.2787968217934,70.5516483516484,82.3958215962441,881,455,426
4127,3627293,71.2264870689655,69.1124838012959,73.3313978494624,928,463,465
4128,3628111,65.4136286407767,57.5597612732095,72.0375838926175,824,377,447
4129,3629235,71.3946394230769,70.9452542372881,71.8375894988067,832,413,419
4130,3629333,65.7145578231293,56.7727377521614,73.7114948453608,735,347,388
4131,3629483,68.9726538461538,53.3929498525074,80.9488888888889,780,339,441
4132,3629537,61.5801338688086,57.9409117647059,64.6202702702703,747,340,407
4133,3631896,80.8764677222899,77.7249187935035,84.3593333333333,821,431,390
4134,3632524,69.1249863387978,62.1374433656958,74.2293617021276,732,309,423
4135,3632669,71.4135406698565,68.1148979591837,74.3258558558559,836,392,444
4136,3633667,73.297029972752,72.3166949152542,74.2102894736842,734,354,380
4137,3634126,78.2030561797753,75.5831395348837,80.6521086956522,890,430,460
4138,3635273,80.2851662707838,82.9554385964912,77.8801128668172,842,399,443
4139,3636382,79.9577859391396,77.9173885350319,81.9516182572614,953,471,482
4140,3637266,70.7513225806452,67.72875,73.4654693877551,930,440,490
4141,3637625,69.4517101827676,55.0778125,76.6668431372549,766,256,510
4142,3638672,72.9289023255814,73.6000180831826,72.2179310344827,1075,553,522
4143,3639401,72.2536670293798,61.5214746543779,81.8573195876289,919,434,485
4144,3639424,73.1892750287687,74.2440151515151,72.3062367864693,869,396,473
4145,3640842,53.2704685573366,40.504217877095,63.3594701986755,811,358,453
4146,3641249,61.0016073781291,59.7145428571429,62.1030073349633,759,350,409
4147,3642422,76.189,75.955696969697,76.5237391304348,840,495,345
4148,3642789,71.473013013013,69.00134,73.9496392785571,999,500,499
4149,3643713,72.145690968444,76.7468023255814,66.2544416873449,919,516,403
4150,3644181,75.2770917225951,73.3926055045872,78.2199140401146,894,545,349
4151,3648125,63.9979375,58.8493516209476,69.1723308270677,800,401,399
4152,3649542,75.8004963805584,77.1025440313111,74.3414035087719,967,511,456
4153,3650203,68.226783625731,65.9472440944882,70.4623166023166,1026,508,518
4154,3650853,56.5929527559055,53.39704,59.6897674418605,1016,500,516
4155,3652525,58.6898571428571,56.3112621359223,60.9795327102804,840,412,428
4156,3652702,42.7227464788732,30.6463440860215,52.0819583333333,852,372,480
4157,3653957,82.8578901098901,88.0378468899521,78.4570325203252,910,418,492
4158,3654141,52.8937685060565,54.4407517084283,50.6598026315789,743,439,304
4159,3654183,67.4273828571429,65.0389159891599,69.1691699604743,875,369,506
4160,3656628,68.8989308855292,62.5808533916849,75.0553518123667,926,457,469
4161,3657051,63.0949642857143,64.5445859872611,61.2446341463415,840,471,369
4162,3658268,74.8507168894289,78.8413278008299,69.2100293255132,823,482,341
4163,3658313,71.2794598155468,75.9102272727273,64.8921943573668,759,440,319
4164,3659001,72.0459482758621,67.8917431192661,74.8468247422681,812,327,485
4165,3660258,60.9323051948052,71.8633198380567,48.3743488372093,924,494,430
4166,3660783,56.9420694087404,32.0699125364431,76.553908045977,778,343,435
4167,3661839,81.4476052631579,80.48,82.0513247863248,760,292,468
4168,3663751,69.7583932135729,67.7774852652259,71.8035902636917,1002,509,493
4169,3663999,66.4951464968153,63.9586802030457,69.051074168798,785,394,391
4170,3664391,75.1269065656566,84.5026114649681,61.370031152648,792,471,321
4171,3664432,85.1739687848384,90.0017446808511,79.8600234192038,897,470,427
4172,3666385,67.7583309557775,56.1057095709571,76.6295477386935,701,303,398
4173,3667000,77.3150831353919,89.6008,67.4496788008565,842,375,467
4174,3671630,74.6626819407008,71.6950943396226,76.8883726415094,742,318,424
4175,3672334,73.2712895662368,73.1430455635492,73.3939449541284,853,417,436
4176,3672700,72.3163126491647,68.0784039900249,76.2051029748284,838,401,437
4177,3672780,69.1596598639456,69.747825,68.6715560165975,882,400,482
4178,3673664,74.8870909090909,73.9424882629108,75.773436123348,880,426,454
4179,3673898,68.2567323651452,66.3013436123348,69.9974117647059,964,454,510
4180,3675793,78.2828042959427,79.7668470588235,76.7556416464891,838,425,413
4181,3676174,73.7760935799782,72.3903248259861,75,919,431,488
4182,3676420,64.152102425876,54.2836,72.9632653061225,742,350,392
4183,3676557,70.8850287686997,65.4400283286119,74.61,869,353,516
4184,3678919,74.7817467248908,77.4052884615385,72.59896,916,416,500
4185,3679018,82.2275829383886,85.7150980392157,79.6710266940452,844,357,487
4186,3679431,67.946011816839,62.7095197740113,73.6850773993808,677,354,323
4187,3683434,66.7514025974026,57.1829885057471,74.6419431279621,770,348,422
4188,3687273,72.247797752809,75.4732285115304,68.5225423728814,890,477,413
4189,3688740,70.1855776397516,79.8180504587156,58.8041192411924,805,436,369
4190,3691230,74.6643151515152,73.2244393592677,76.286030927835,825,437,388
4191,3691529,73.2532505643341,74.6404589371981,72.0365042372881,886,414,472
4192,3694035,66.1923995271868,66.42,65.9803881278539,846,408,438
4193,3695726,61.8389045936396,73.7799390243902,45.3823529411765,849,492,357
4194,3696186,73.65796875,69.5632036613272,77.5564705882353,896,437,459
4195,3696218,67.6791248541424,63.0363981042654,72.1831034482759,857,422,435
4196,3697403,71.7005928411633,70.1353393665158,73.2312168141593,894,442,452
4197,3701329,51.1302580645161,48.854262295082,53.334,620,305,315
4198,3702126,51.3784116022099,55.3223636363636,46.8992920353982,724,385,339
4199,3702138,40.2900143884892,37.9811475409836,42.8585410334346,695,366,329
4200,3702152,63.3184762979684,65.6327122153209,60.5448387096774,886,483,403
4201,3703108,67.5815494636472,70.3866937119675,63.5846242774566,839,493,346
4202,3704139,71.8915376782077,70.8232193158954,72.9862886597938,982,497,485
4203,3708009,74.5604845814978,73.5042629482072,75.8664532019704,908,502,406
4204,3708440,59.4153341433779,64.2821428571429,54.3432258064516,823,420,403
4205,3708999,79.3326365795725,80.7152466367713,77.7754545454546,842,446,396
4206,3710342,71.5867926829268,70.8264305949008,72.1615417558886,820,353,467
4207,3710492,74.895492371706,70.2318798955614,80.18,721,383,338
4208,3711098,60.2243532684284,58.6511891891892,61.8921776504298,719,370,349
4209,3711863,66.7748076923077,71.0586826347305,61.8409655172414,936,501,435
4210,3712175,68.8908811748999,73.0765,59.3864192139738,749,520,229
4211,3712556,67.6129542645241,66.8853333333333,68.5250139275766,809,450,359
4212,3714416,69.6493349455865,69.8772592592593,69.4305924170616,827,405,422
4213,3714906,55.4508991825613,30.1539076923077,75.5524205378973,734,325,409
4214,3715374,67.7871144278607,59.5507537688442,75.8611822660098,804,398,406
4215,3716951,61.3662222222222,46.8924223602484,79.0869961977186,585,322,263
4216,3718720,61.1630118890357,75.7107311320755,42.6397897897898,757,424,333
4217,3719647,70.8625717439294,68.7918461538462,72.9516629711752,906,455,451
4218,3720348,74.9395635910224,75.593317535545,74.2135526315789,802,422,380
4219,3720388,49.840987460815,49.2501119402985,50.268972972973,638,268,370
4220,3725818,74.4135093896714,73.9337440758294,74.8843488372093,852,422,430
4221,3728207,72.4896689497717,72.8979439252336,72.0996205357143,876,428,448
4222,3728810,77.1359044715447,73.5937669902913,81.0254584221749,984,515,469
4223,3729752,71.1422304439746,75.1495626242545,66.5921444695259,946,503,443
4224,3730248,66.7684512820513,64.63,68.6628626692456,975,458,517
4225,3730760,75.2142162818955,73.7223255813953,76.8465648854962,823,430,393
4226,3731033,66.1946802030457,62.4187041036717,69.5438697318008,985,463,522
4227,3735021,60.7045255474453,69.280522875817,49.8604958677686,822,459,363
4228,3737362,61.4257864523536,50.3909560723514,70.2490909090909,871,387,484
4229,3737613,68.7805069124424,68.7371215880893,68.8181075268817,868,403,465
4230,3739416,73.1738951695786,72.8858785249458,73.43322265625,973,461,512
4231,3740276,57.329989059081,39.9991688311688,69.943156899811,914,385,529
4232,3740824,73.4079243243243,64.1561643835616,81.7288090349076,925,438,487
4233,3741257,72.1714301552106,75.1580891719745,68.9075870069606,902,471,431
4234,3743353,64.3187109375,74.2128915662651,52.6867422096317,768,415,353
4235,3743597,74.5454545454545,79.249125,67.3090384615384,660,400,260
4236,3744960,61.3967502726281,61.2842755344418,61.4922177419355,917,421,496
4237,3744977,50.7355152887882,67.9574285714286,29.2629007633588,883,490,393
4238,3747706,64.36429844098,59.8569471153846,68.2544605809129,898,416,482
4239,3750257,49.071920341394,55.1696286472149,42.0202760736196,703,377,326
4240,3750263,43.1463879598662,44.4147432024169,41.5740074906367,598,331,267
4241,3750756,70.2354715127701,65.7008908685969,73.8137258347979,1018,449,569
4242,3754493,67.6771989860583,56.6814534883721,76.1772808988764,789,344,445
4243,3754776,74.8898348017621,71.8055172413793,78.5538554216868,908,493,415
4244,3756211,73.605004730369,69.92,77.066880733945,1057,512,545
4245,3758579,74.0749342891278,70.4283069977427,78.175076142132,837,443,394
4246,3760195,58.2826598837209,60.9877472527473,55.2436111111111,688,364,324
4247,3761714,68.4176785714286,63.9018834080717,72.8933333333333,896,446,450
4248,3762349,58.1383074935401,69.2466901408451,44.5401149425287,774,426,348
4249,3762719,64.7487392900857,61.6139853300734,67.8911764705882,817,409,408
4250,3763500,64.5961118012422,69.1191176470588,59.9477833753149,805,408,397
4251,3763545,67.0062055837563,75.057619047619,56.7737175792507,788,441,347
4252,3763800,65.190319803198,59.9964935064935,69.8623364485981,813,385,428
4253,3764090,64.8554589371981,63.0025,66.5871962616822,828,400,428
4254,3764469,69.2036159600998,67.0575700934579,71.6595187165776,802,428,374
4255,3768931,60.4438120104439,68.7610412147505,47.8725245901639,766,461,305
4256,3769810,60.1264516129032,73.6796631578947,38.6672,775,475,300
4257,3771189,73.0058036809816,74.8340979955456,70.7628961748634,815,449,366
4258,3773656,65.2865287356322,61.3988261851016,69.319906323185,870,443,427
4259,3774694,63.485371809101,62.809173553719,64.2702158273381,901,484,417
4260,3781337,7.97477300613497,6.21709677419355,9.97695538057743,815,434,381
4261,3781623,69.315880195599,68.843391959799,69.763619047619,818,398,420
4262,3781703,75.0018629807692,81.492853470437,69.3020993227991,832,389,443
4263,3785219,67.9071637816245,60.3367705382436,74.621608040201,751,353,398
4264,3785811,59.3941060606061,60.7026315789474,58.3996266666667,660,285,375
4265,3786291,30.2329235880399,53.3105447470817,13.041768115942,602,257,345
4266,3786297,38.4877338129496,53.2075849056604,25.083058419244,556,265,291
4267,3786776,63.4171161548732,62.4268644067797,64.304582278481,749,354,395
4268,3786792,61.303,63.0747076923077,59.7254520547945,690,325,365
4269,3786849,66.9621689785624,70.3825316455696,63.5675879396985,793,395,398
4270,3788079,63.9328854314003,58.8963803680982,68.2423359580053,707,326,381
4271,3788856,27.7170988654781,30.4105642633229,24.8338255033557,617,319,298
4272,3793103,49.1788767123288,45.4309139784946,53.073407821229,730,372,358
4273,3793841,51.6473626373626,57.9868934911243,44.4809364548495,637,338,299
4274,3794061,59.062078125,65.9219553072626,50.3534397163121,640,358,282
4275,3794805,57.2568454258675,64.705,48.6433333333333,634,340,294
4276,3795076,50.0801284109149,53.413590504451,46.1522377622378,623,337,286
4277,3795196,60.2142396313364,61.2536752136752,58.9981,651,351,300
4278,3795791,59.5976627712855,59.34,59.8134355828221,599,273,326
4279,3795934,48.4712432432432,54.718641509434,42.7624137931034,555,265,290
4280,3796368,56.3320411392405,41.9147058823529,67.2251388888889,632,272,360
4281,3797318,63.9307430340557,57.3240127388535,70.1792771084337,646,314,332
4282,3798290,55.8468,53.8476254180602,57.5498005698006,650,299,351
4283,3798621,60.1635371900826,57.3093731343284,63.7048148148148,605,335,270
4284,3799166,63.084453125,60.9075454545455,64.7245890410959,512,220,292
4285,3799918,67.2939244186046,64.442,70.4240853658537,688,360,328
4286,3800641,69.0253465346535,67.9468493150685,70.1763742690058,707,365,342
4287,3800907,66.2540110650069,66.9887081339713,65.2471147540984,723,418,305
4288,3801548,66.8300975609756,68.7350596658711,64.8396259351621,820,419,401
4289,3804424,64.2662933333333,65.9900507614213,62.3585393258427,750,394,356
4290,3804777,74.0174374255066,76.5974231678487,71.3940384615385,839,423,416
4291,3805071,72.2295827338129,71.3748698884758,72.7692957746479,695,269,426
4292,3805837,73.191803084223,71.9838952164009,74.5043564356436,843,439,404
4293,3806836,75.5431771428571,79.0315207373272,72.1102040816327,875,434,441
4294,3806991,78.3386138613861,75.8364429530201,81.4368698060942,808,447,361
4295,3808346,60.2724782067248,44.5049295774648,72.7668526785714,803,355,448
4296,3808448,70.7793657984145,67.7318077803204,73.7654260089686,883,437,446
4297,3809022,61.9294416243655,66.4847802197802,54.624845814978,591,364,227
4298,3810280,71.7429651162791,69.5541226215645,74.4182170542636,860,473,387
4299,3810718,76.3531280788177,67.281866359447,86.7682804232804,812,434,378
4300,3814060,62.4859548022599,65.755,59.2827293064877,885,438,447
4301,3814471,70.2665497896213,80.0964637002342,55.5904195804196,713,427,286
4302,3814641,84.5137047756874,91.7131360946746,77.6201983002833,691,338,353
4303,3815064,50.7262463768116,58.8862864721485,40.8976996805112,690,377,313
4304,3816294,75.4238686131387,78.4777165354331,72.7855102040816,822,381,441
4305,3816926,74.6267257844475,70.9280200501253,79.0452395209581,733,399,334
4306,3817043,67.5658277254374,69.3135978835979,65.7558082191781,743,378,365
4307,3818444,73.258493852459,78.6976331360947,67.3786567164179,976,507,469
4308,3818529,78.4051886792453,82.6256363636364,73.8537254901961,954,495,459
4309,3818800,75.4877073170732,72.5431213872832,77.6371308016878,820,346,474
4310,3819334,67.8689740698985,58.9266836734694,74.9505454545455,887,392,495
4311,3820213,67.469,69.8240897755611,65.2676223776224,830,401,429
4312,3821433,65.7514270032931,69.2798039215686,62.168407079646,911,459,452
4313,3821545,69.8784118852459,72.7653891050584,66.6664935064935,976,514,462
4314,3822088,72.0667991845056,75.2530265848671,68.9,981,489,492
4315,3824070,69.3353742203742,75.6325420168067,63.1677777777778,962,476,486
4316,3824415,55.8500802752294,69.3024596050269,32.0628571428571,872,557,315
4317,3824992,61.0022419186653,61.3287109375,60.6282997762864,959,512,447
4318,3826002,77.1710616438356,71.2108445297505,85.9183098591549,876,521,355
4319,3828324,63.7491363636364,53.621884057971,72.7463090128755,880,414,466
4320,3828351,61.6105962343096,44.4983618581907,74.4056672760512,956,409,547
4321,3831789,63.6254866180049,55.9988470588235,71.7900251889169,822,425,397
4322,3834248,70.101679731243,75.9056385542169,65.0626778242678,893,415,478
4323,3834292,68.054809976247,64.7940342298289,71.1348498845266,842,409,433
4324,3834851,68.3047384937238,67.4297706422018,69.0383653846154,956,436,520
4325,3835667,53.9414414414414,61.5060251046025,45.122243902439,888,478,410
4326,3835815,67.2986672967864,72.0386548672566,61.866430020284,1058,565,493
4327,3836149,73.0225625,76.7067472527472,69.7031485148515,960,455,505
4328,3836794,75.2477458563536,70.99785,78.614,905,400,505
4329,3840318,71.7406745670009,66.7920992366412,76.2660732984293,1097,524,573
4330,3840772,71.1056864754098,69.7865957446808,72.3309288537549,976,470,506
4331,3842863,73.9976669634906,73.5615652173913,74.4552554744525,1123,575,548
4332,3843290,72.3414523589269,74.911146953405,69.5997896749522,1081,558,523
4333,3843629,70.3496899224806,67.3204892367906,73.3207485604607,1032,511,521
4334,3843801,71.3589942528736,74.2459154929577,68.7359597806216,1044,497,547
4335,3843884,62.8370032223416,50.9548501362398,70.568829787234,931,367,564
4336,3847615,65.86624217119,63.6368292682927,67.8494082840237,958,451,507
4337,3847656,75.7610344827586,76.1138834951456,75.3976,1015,515,500
4338,3847906,79.7364748201439,82.5186632390745,77.304404494382,834,389,445
4339,3848998,77.2287303252886,81.1687866108787,73.2637894736842,953,478,475
4340,3850200,73.1711757990868,74.4736192468619,71.6069346733668,876,478,398
4341,3851632,74.4334536082474,75.045871559633,73.6481176470588,970,545,425
4342,3852190,83.0571096345515,88.21,78.1384415584416,903,441,462
4343,3852526,74.8348218262806,73.0105309734513,76.6836547085202,898,452,446
4344,3852673,78.5403539823009,82.8692430278884,73.1346268656716,904,502,402
4345,3853020,73.1649738219895,79.099393258427,64.8865517241379,764,445,319
4346,3853087,81.7235172413793,91.3713274336283,71.2909569377991,870,452,418
4347,3854651,73.9159267480577,77.9904914529915,69.5120092378753,901,468,433
4348,3854787,38.5941344195519,40.3693442622951,36.8404858299595,982,488,494
4349,3856852,55.9783910614525,55.036018735363,56.8382051282051,895,427,468
4350,3856950,67.318522875817,59.4584684684685,73.3773148148148,765,333,432
4351,3857547,78.0565195460277,68.9939534883721,86.6949753694581,793,387,406
4352,3857953,46.0906042654028,64.1726530612245,26.3035483870968,844,441,403
4353,3861120,71.2770957446808,75.6370127118644,66.8799145299145,940,472,468
4354,3862029,60.7328809788654,57.1806153846154,63.4546561886051,899,390,509
4355,3865762,64.7194890510949,65.8530487804878,63.9668421052632,822,328,494
4356,3866906,70.2373875802998,74.4365979381443,65.7014922048998,934,485,449
4357,3869167,64.602064171123,62.8676510067114,66.1907581967213,935,447,488
4358,3869553,63.4003921568627,61.7804888888889,64.9579914529915,918,450,468
4359,3869753,64.6350621468927,57.8024296675192,70.0430769230769,885,391,494
4360,3871340,65.7241106290673,61.2215646258503,69.8522245322245,922,441,481
4361,3871468,63.6691859052248,64.5172903225806,62.5675977653631,823,465,358
4362,3874067,34.8216713091922,27.6665994236311,41.5138814016172,718,347,371
4363,3874498,50.4470114942529,53.5295620437956,47.0412903225807,783,411,372
4364,3875955,56.586712672522,62.5280135440181,49.1516949152542,797,443,354
4365,3876271,60.9801672240803,60.8959615384615,61.072027972028,897,468,429
4366,3876294,45.7667195767196,53.1458041958042,36.0859021406728,756,429,327
4367,3876303,44.0008,35.1231543624161,52.7608609271523,900,447,453
4368,3877559,72.1646023856859,73.9306517311609,70.480854368932,1006,491,515
4369,3877799,67.3665265486726,74.8408176100629,59.0170257611241,904,477,427
4370,3877870,70.4864699331848,66.8441576086957,73.0154716981132,898,368,530
4371,3878456,69.7084425349087,72.8517764471058,66.0460930232558,931,501,430
4372,3879032,72.2152080989876,69.490799031477,74.5790336134454,889,413,476
4373,3880693,62.4982932692308,70.33,51.7129142857143,832,482,350
4374,3880845,74.1378694581281,68.4219956140351,81.4593258426966,812,456,356
4375,3881521,73.4107427341227,70.5622294372294,76.2287580299786,929,462,467
4376,3882400,66.4538518518519,73.2669504950495,58.6342727272727,945,505,440
4377,3882421,70.2725420168067,71.4290476190476,69.3595112781955,952,420,532
4378,3882537,74.2353010858835,77.4479482439926,70.5530084745763,1013,541,472
4379,3882781,34.3560792079208,47.7897684210526,22.4289719626168,1010,475,535
4380,3884001,60.2378330019881,55.0522680412371,65.0650863723608,1006,485,521
4381,3884730,69.7696091954023,68.2772580645161,70.8843775100402,870,372,498
4382,3885153,33.7696828358209,21.857253384913,44.8664864864865,1072,517,555
4383,3886053,73.6527667610954,72.1293237704918,74.9547635726795,1059,488,571
4384,3891174,81.2513246268657,82.8060079051383,79.8614487632509,1072,506,566
4385,3892389,68.3900674915636,70.104623655914,66.5097169811321,889,465,424
4386,3895773,63.7782107574094,65.7967663551402,60.9060638297872,911,535,376
4387,3895884,70.21970856102,66.1121731123389,74.2384324324324,1098,543,555
4388,3896482,68.7116155419223,74.0800431965443,63.8852427184466,978,463,515
4389,3897385,67.9329258517034,66.8601559454191,69.0676288659794,998,513,485
4390,3899322,60.6458500669344,77.7522252010724,43.5852139037433,747,373,374
4391,3900592,73.3809332023576,71.0088865546218,75.4641328413284,1018,476,542
4392,3902852,51.3909722222222,47.4397435897436,54.6419831223629,864,390,474
4393,3905542,65.1709074243813,74.4437392795883,54.5290551181102,1091,583,508
4394,3906157,56.2361224489796,38.5607969151671,70.1827789046653,882,389,493
4395,3906353,69.8430242634315,74.4409777015437,65.1484413309982,1154,583,571
4396,3906400,63.7937213565536,56.73033126294,69.4049342105263,1091,483,608
4397,3906466,54.3943942992874,47.8387962962963,58.4948069498069,842,324,518
4398,3907121,63.6872628135224,67.9503853955375,58.7303773584906,917,493,424
4399,3907709,65.2918125643666,71.030295202952,58.0417948717949,971,542,429
4400,3907719,53.8073984771574,40.4684164222874,63.9832214765101,788,341,447
4401,3908596,72.7514550509731,72.5856563706564,72.9045454545455,1079,518,561
4402,3908875,66.3345148514852,64.1690551181102,68.5258565737052,1010,508,502
4403,3910372,69.5149515418502,75.1290051457976,63.585615942029,1135,583,552
4404,3910522,69.6430803571429,70.4072727272727,68.8761538461539,1120,561,559
4405,3911778,65.8146112886049,74.116312849162,54.7250248756219,939,537,402
4406,3911792,68.4218371400199,73.9381914893617,61.3987584650113,1007,564,443
4407,3912589,71.9348319709355,77.4433925399645,66.1702973977695,1101,563,538
4408,3913851,79.0116038751346,75.6011764705882,82.3422127659574,929,459,470
4409,3915995,61.3466853932584,48.3357427937916,74.7132801822323,890,451,439
4410,3918270,75.3724059293044,73.9165217391304,76.5437037037037,877,391,486
4411,3918472,73.1236416747809,75.2641791044776,71.3245161290323,1027,469,558
4412,3920794,76.8466430738119,73.543875,79.9612377210216,989,480,509
4413,3920876,66.4632399299475,64.1951576994434,68.4905970149254,1142,539,603
4414,3921275,76.3243717549325,82.7759663865546,70.0185010266941,963,476,487
4415,3922407,58.681563071298,51.3551774530271,64.3878048780488,1094,479,615
4416,3924158,75.4771571298819,78.3250637522769,72.6447282608696,1101,549,552
4417,3926789,76.252908496732,79.0286313465784,73.5488172043011,918,453,465
4418,3926808,72.0568133174792,81.1651627906977,62.527396593674,841,430,411
4419,3927763,74.7441922290389,81.0640425531915,68.8970866141732,978,470,508
4420,3930868,68.7247111553785,73.39666,64.0898412698413,1004,500,504
4421,3930984,67.2468073394495,64.5275471698113,69.8203928571428,1090,530,560
4422,3933629,74.1040572792363,71.8299530516432,76.4554368932039,838,426,412
4423,3933742,69.4900673724735,68.7511363636364,70.2535812133072,1039,528,511
4424,3934309,68.5957874762808,69.0820352250489,68.1381952117864,1054,511,543
4425,3934796,71.1945345016429,77.0661570247934,64.5701398601398,913,484,429
4426,3935170,64.288,66.5534843205575,61.906336996337,1120,574,546
4427,3936008,72.8422844827586,77.5759192825112,68.4621991701245,928,446,482
4428,3936291,74.0730674264008,70.4377777777778,77.4103825136612,1053,504,549
4429,3937074,46.0851789709172,61.0238779527559,26.4249222797927,894,508,386
4430,3937924,69.9087117117117,72.6948936170213,67.0306776556776,1110,564,546
4431,3938386,69.0560586319218,67.3260526315789,70.7525806451613,921,456,465
4432,3938863,62.0129012961117,65.7944668008048,58.2985968379447,1003,497,506
4433,3939259,41.621985058698,22.1018454935622,60.9349044585987,937,466,471
4434,3940697,49.293118865867,26.8095337995338,69.0584016393443,917,429,488
4435,3941406,66.1804095112285,79.4795019920319,39.9994509803922,757,502,255
4436,3944999,70.5746335963923,68.3847775175644,72.6073913043478,887,427,460
4437,3945093,76.9929243353783,70.7392585170341,83.5077035490606,978,499,479
4438,3945874,67.0200096432015,59.8289848812095,72.8204355400697,1037,463,574
4439,3945893,67.8265757290687,70.5890909090909,64.7393824701195,1063,561,502
4440,3947991,71.5138021454112,73.7082159624413,69.2503147699758,839,426,413
4441,3948093,60.2974066168623,60.6650684931507,59.8563849765258,937,511,426
4442,3948813,73.5087404994571,71.0466219839142,75.184598540146,921,373,548
4443,3950055,72.0578235294118,77.2451242829828,66.5991549295775,1020,523,497
4444,3950547,60.7186864931846,42.3939158576052,72.088875502008,807,309,498
4445,3950816,71.7250114942529,68.7542943548387,75.6647860962567,870,496,374
4446,3952341,70.5132642998028,67.3924507658643,73.0737881508079,1014,457,557
4447,3952724,43.8816810877627,34.7376923076923,52.9581034482759,809,403,406
4448,3954863,71.3786408839779,69.1900522193211,72.9844444444444,905,383,522
4449,3955320,74.4706779661017,77.4431137724551,71.1090744920993,944,501,443
4450,3955821,63.5816930572473,81.00156,36.4479439252336,821,500,321
4451,3959260,70.6232768361582,71.7915869017632,69.6728278688525,885,397,488
4452,3960232,73.2088473520249,78.7821848739496,67.7613963039014,963,476,487
4453,3960670,57.8766480446927,67.2632553956835,42.4815044247788,895,556,339
4454,3964666,62.8536836628512,56.2382178217822,70.1800219298246,961,505,456
4455,3966507,63.7361538461538,76.0182226980728,50.788690744921,910,467,443
4456,3966724,60.3227593582888,53.0893821510297,66.6701204819277,935,437,498
4457,3968734,62.5978515625,67.0592941176471,56.4100699300699,1024,595,429
4458,3968846,63.2868300653595,54.4860334029228,72.8895216400911,918,479,439
4459,3970171,67.8596119402985,61.3020773930754,74.1237159533074,1005,491,514
4460,3971046,75.5009585798817,68.6674412532637,81.165974025974,845,383,462
4461,3971823,71.8997475301866,72.5803225806452,71.4300371057514,911,372,539
4462,3972543,60.0382446311858,73.3082084095064,46.185820610687,1071,547,524
4463,3972971,61.215251572327,73.8961728395062,42.6362273901809,954,567,387
4464,3976229,68.8669103773585,74.5703846153846,61.8426315789474,848,468,380
4465,3976547,51.5041248606466,49.5255924170616,53.2618947368421,897,422,475
4466,3976589,67.6956596906278,72.7085714285714,62.7462025316456,1099,546,553
4467,3976712,63.9408943862988,66.8001383399209,61.286256880734,1051,506,545
4468,3976985,77.0046844919786,84.6134841628959,70.1830020283976,935,442,493
4469,3977543,66.1365478424015,70.9428679245283,61.3840298507463,1066,530,536
4470,3979208,62.9923507805326,69.8062692307692,56.7652196836555,1089,520,569
4471,3981043,71.2382592242195,68.324182194617,73.6903484320557,1057,483,574
4472,3981953,68.5379380445305,65.2084095427435,71.6978490566038,1033,503,530
4473,3982863,44.3593762376238,31.7505615550756,55.0319195612431,1010,463,547
4474,3984340,57.8352179034158,64.2860344827586,51.9231828442438,849,406,443
4475,3984787,69.0785244360902,74.6330817610063,64.5648551959114,1064,477,587
4476,3986462,61.5149737118822,53.0151256281407,67.6324050632911,951,398,553
4477,3987164,22.0027523727351,24.3025981308411,20.0309294871795,1159,535,624
4478,3988103,72.9061359404097,75.248502994012,70.8580977312391,1074,501,573
4479,3988416,50.7443885714286,32.5082369146006,63.67353515625,875,363,512
4480,3989823,72.3475267770204,79.5150507099391,65.7303183520599,1027,493,534
4481,3992382,16.8224392523365,12.0770754716981,21.4799259259259,1070,530,540
4482,3992387,49.5734401709402,33.9581733021077,62.6730844793713,936,427,509
4483,3992886,69.7501885098743,74.4512521150592,64.437896749522,1114,591,523
4484,3993384,71.91728962818,70.7354608294931,72.7895918367347,1022,434,588
4485,3994192,66.228752535497,68.9899449541284,62.8163945578231,986,545,441
4486,3994441,71.6638574040219,71.9716287878788,71.3767491166078,1094,528,566
4487,3994486,69.0400225988701,68.4666522678186,69.6690995260663,885,463,422
4488,3997359,63.7262807377049,68.9974430823117,56.2945925925926,976,571,405
4489,3999646,71.6962417994377,70.9092727272727,72.3772727272727,1067,495,572
4490,3999740,66.7007737512243,69.2607969639469,63.9697368421053,1021,527,494
4491,4001634,59.4374541531823,61.9132790224033,56.6493119266055,927,491,436
4492,4003342,60.0604875518672,52.5842471910112,66.4707514450867,964,445,519
4493,4004442,63.1353072128228,69.1137837837838,58.0165454545454,1123,518,605
4494,4004600,71.6951197870452,84.9219047619048,54.9287726358149,1127,630,497
4495,4005264,73.3703849175177,77.03559375,69.664644549763,1273,640,633
4496,4005903,61.2768734283319,63.655,58.9810214168039,1193,586,607
4497,4005939,57.8792996108949,57.6727160493827,58.1333839479393,1028,567,461
4498,4006102,71.8164303797468,70.4592417061611,73.3727717391304,1185,633,552
4499,4006196,73.259972899729,77.3003947368421,68.3369739478958,1107,608,499
4500,4006337,71.4675688073394,73.3580968858131,69.33333984375,1090,578,512
4501,4006850,69.0302179836512,73.283248,63.4458823529412,1101,625,476
4502,4008674,74.1763672814755,72.1773449920509,76.2109708737864,1247,629,618
4503,4010639,75.2766381522669,75.5928474576271,74.9544214162349,1169,590,579
4504,4011842,69.1604835766423,71.6555457746479,66.4764015151515,1096,568,528
4505,4012295,68.1143855932203,74.2187889273357,58.4740983606557,944,578,366
4506,4013088,59.8020599250936,45.8465230769231,69.330525210084,801,325,476
4507,4013121,73.3390567853705,69.0493617021277,77.587662835249,1039,517,522
4508,4014423,66.7293828351012,74.4655705996131,59.0378269230769,1037,517,520
4509,4016892,72.8591009329941,72.9402508960573,72.7861835748792,1179,558,621
4510,4017414,62.8832132963989,71.6224324324324,52.3463136456212,1083,592,491
4511,4020105,75.1174264007597,74.2868571428571,75.8403019538188,1053,490,563
4512,4021590,64.5129117379436,62.5679816513762,66.4262454873646,1099,545,554
4513,4021815,71.6642807924203,72.0379661016949,71.2781611208406,1161,590,571
4514,4022661,63.2645545545546,59.0352100840336,67.1138240917782,999,476,523
4515,4023015,61.4542529880478,69.3571009174312,52.070697167756,1004,545,459
4516,4023521,75.9884441939121,67.7982324455206,83.124641350211,887,413,474
4517,4024788,77.6293307839388,77.9432169117647,77.2891832669323,1046,544,502
4518,4025366,63.557127545552,57.7757777777778,67.9916856060606,933,405,528
4519,4025375,67.7782224168126,65.2401587301587,70.90123046875,1142,630,512
4520,4025400,72.4324758560141,67.5229572649573,77.616714801444,1139,585,554
4521,4025801,68.0789753694581,57.7439436619718,75.5538879456706,1015,426,589
4522,4027669,69.9245780969479,72.0464972776769,67.8478863232682,1114,551,563
4523,4029126,65.2492582417582,75.2865217391304,50.176116838488,728,437,291
4524,4029206,70.074531085353,69.9171951219512,70.2439168490153,949,492,457
4525,4029641,73.9652402234637,73.61,74.2966954643628,895,432,463
4526,4030680,53.1595085255767,36.1320979020979,66.02,997,429,568
4527,4031457,61.4282242990654,61.6156507413509,61.2286315789474,1177,607,570
4528,4032621,57.6331488549618,64.6061797752809,50.3887937743191,1048,534,514
4529,4033132,66.6017387033399,67.8507692307692,65.3624853228963,1018,507,511
4530,4034017,66.6670785440613,61.5396703296703,70.6279796264856,1044,455,589
4531,4034840,64.6817659352142,68.0638927738928,61.9337878787879,957,429,528
4532,4034879,59.3544724220624,68.9962663755459,47.6099468085106,834,458,376
4533,4036375,48.5201902748414,30.207,67.3835622317597,946,480,466
4534,4037588,73.1944742268041,69.3696957403651,77.1475471698113,970,493,477
4535,4038420,56.7043717001056,59.2254291845494,54.2619334719335,947,466,481
4536,4038431,57,61.1521153846154,51.3181578947368,900,520,380
4537,4038894,75.3775872382851,73.9679684418146,76.8184677419355,1003,507,496
4538,4039873,64.1777286585366,67.2580530973451,60.8836277602524,656,339,317
4539,4040687,69.5646618357488,67.6872641509434,71.535,828,424,404
4540,4041107,74.6623133414933,80.355,69.4116470588235,817,392,425
4541,4042351,70.3710956790123,74.065878962536,66.1116611295681,648,347,301
4542,4042830,64.7482014388489,73.5099337748344,54.3307086614173,556,302,254
