"MotifID","Position","Frm","FrmP","FrmN","Total_Coverage","CoverageP","CoverageN"
1,43,70.831875,68,73.91,48,25,23
2,71,73.8085714285714,72.22,75,42,18,24
3,238,75.0013333333333,67.86,81.25,60,28,32
4,311,73.2103571428571,72.41,74.07,56,29,27
5,1226,78.8759154929577,70.59,86.49,71,34,37
6,3129,73.685,75.61,71.43,76,41,35
7,3966,63.4157317073171,60,67.57,82,45,37
8,4848,70.1325974025974,68.89,71.88,77,45,32
9,5241,43.0244186046512,45.1,40,86,51,35
10,5322,53.4290410958904,30.56,75.68,73,36,37
11,5407,72.0943023255814,68.09,76.92,86,47,39
12,5852,67.8144827586207,60.78,77.78,87,51,36
13,7194,82.6516326530612,75.47,91.11,98,53,45
14,7245,82.93,82.93,82.93,82,41,41
15,7475,77.6457647058824,70.73,84.09,85,41,44
16,7904,57.8115625,37.14,82.76,64,35,29
17,7911,56.3367605633803,35.71,86.21,71,42,29
18,10064,79.5902040816326,70.83,88,49,24,25
19,11437,81.52,79.31,85.29,92,58,34
20,12908,76.745,62.79,90.7,86,43,43
21,14284,78.3140963855422,78,78.79,83,50,33
22,16578,83.335,84.62,82.05,78,39,39
23,18392,81.3972093023256,75.61,86.67,86,41,45
24,19046,83.5797014925373,57.14,95.65,67,21,46
25,20674,79.415,67.65,91.18,68,34,34
26,20704,84.0435106382979,79.25,90.24,94,53,41
27,21529,82.9534090909091,85.71,79.49,88,49,39
28,21556,82.7967741935484,77.78,87.5,93,45,48
29,22402,85.9636842105263,83.87,88.46,114,62,52
30,24095,65.5134482758621,73.21,51.61,87,56,31
31,26062,71.9107865168539,80,61.54,89,50,39
32,26741,78.0047,79.37,75.68,100,63,37
33,26896,85,82.14,88.64,100,56,44
34,27796,62.0688505747126,62.5,61.29,87,56,31
35,30082,80.2466666666667,86.84,74.42,81,38,43
36,30171,74.7371578947368,81.13,66.67,95,53,42
37,32229,81.3712745098039,85.71,77.36,102,49,53
38,32904,75.6490434782609,76.92,74.6,115,52,63
39,33599,78.9488421052632,72.34,85.42,95,47,48
40,33824,74.528679245283,67.31,81.48,106,52,54
41,34446,82.0023,90.2,73.47,100,51,49
42,34738,74.9984090909091,76.47,72.97,88,51,37
43,34768,77.8952631578947,86,68.89,95,50,45
44,35584,64.5583544303797,79.49,50,79,39,40
45,36834,77.1142372881356,85.71,71.01,118,49,69
46,37392,69.0504761904762,85.37,53.49,84,41,43
47,37465,78.070350877193,90.57,67.21,114,53,61
48,37990,86.1668085106383,86.84,85.71,94,38,56
49,39065,69.8635616438356,76.92,65.96,73,26,47
50,40070,80.489756097561,77.78,81.82,82,27,55
51,42340,75.2576288659794,75,75.51,97,48,49
52,44444,69.736447368421,73.33,64.52,76,45,31
53,45003,77.921948051948,74.47,83.33,77,47,30
54,45762,28.9457894736842,47.5,8.33,76,40,36
55,46357,78.6682666666667,76.32,81.08,75,38,37
56,46669,68.4795652173913,71.43,63.89,92,56,36
57,48309,71.58,75.44,65.79,95,57,38
58,48995,78.3116867469879,71.11,86.84,83,45,38
59,49018,72.3713157894737,68.09,79.31,76,47,29
60,49098,66.3248979591837,64.58,68,98,48,50
61,52192,67.0129896907217,70.18,62.5,97,57,40
62,52303,63.5265882352941,64.58,62.16,85,48,37
63,52591,77.3816666666667,82,70.59,84,50,34
64,52664,68.8301298701299,72,62.96,77,50,27
65,53847,54.7898630136986,44.44,64.86,73,36,37
66,53986,62.6376923076923,69.39,54.76,91,49,42
67,55873,73.6228571428571,76.92,71.15,91,39,52
68,58598,65.5587777777778,60.98,69.39,90,41,49
69,58626,60.2131182795699,53.66,65.38,93,41,52
70,63477,53.0309090909091,33.33,66.67,66,27,39
71,65879,79.999625,79.07,81.08,80,43,37
72,67774,83.8252941176471,80,89.29,68,40,28
73,67898,73.4207594936709,81.4,63.89,79,43,36
74,68025,50.0011428571429,25.81,69.23,70,31,39
75,71356,78.7881818181818,77.42,80,66,31,35
76,71709,79.7108695652174,75,84.85,69,36,33
77,73605,87.7198245614035,89.19,85,57,37,20
78,73988,82.5627906976744,87.76,75.68,86,49,37
79,74000,82.8957894736842,87.18,78.38,76,39,37
80,74434,84.0879545454545,84.78,83.33,88,46,42
81,75933,82.3528235294118,83.67,80.56,85,49,36
82,76207,73.1203225806452,68.52,79.49,93,54,39
83,76316,72.73,72.73,72.73,88,55,33
84,77539,72.2902409638554,71.43,73.53,83,49,34
85,78651,52.5630769230769,44.44,63.64,78,45,33
86,81886,70.1292207792208,68.75,71.11,77,32,45
87,84927,61.8431578947368,56.82,68.75,76,44,32
88,85021,57.334,60.47,53.12,75,43,32
89,85101,66.6665217391304,56.41,80,69,39,30
90,85149,57.97,47.62,74.07,69,42,27
91,85648,73.9147826086957,77.78,71.43,69,27,42
92,86016,72.8246739130435,77.55,67.44,92,49,43
93,87120,72.5,65,80,80,40,40
94,87507,70.31125,77.5,58.33,64,40,24
95,88350,79.4138235294118,76.67,81.58,68,30,38
96,88919,61.291935483871,66.67,56.25,62,30,32
97,89045,67.5632432432432,78.12,59.52,74,32,42
98,90836,74.6052380952381,56.67,90.91,63,30,33
99,91434,72.2884337349398,58.33,82.98,83,36,47
100,94707,84.2703370786517,78.26,90.7,89,46,43
101,95284,79.7585714285714,77.08,83.33,84,48,36
102,95558,66.6663157894737,75,38.46,57,44,13
103,95731,64.9362337662338,75.61,52.78,77,41,36
104,95849,76.19,76.19,76.19,84,42,42
105,97868,64.002,69.57,55.17,75,46,29
106,98756,71.9088764044944,73.81,70.21,89,42,47
107,99093,81.4816049382716,86.49,77.27,81,37,44
108,101160,69.8825301204819,72.73,66.67,83,44,39
109,102700,70.5850588235294,70.45,70.73,85,44,41
110,104202,85.2926470588235,85.71,84.85,68,35,33
111,104209,75.3636231884058,67.5,86.21,69,40,29
112,104993,57.3192682926829,50,64.29,82,40,42
113,105300,57.9534090909091,61.9,54.35,88,42,46
114,105372,82.6694666666667,88.24,78.05,75,34,41
115,105951,65.4343209876543,70,60.98,81,40,41
116,106239,57.6934615384615,75.56,33.33,78,45,33
117,113029,71.2339726027397,62.16,80.56,73,37,36
118,115678,72.1489873417722,73.68,70.73,79,38,41
119,115994,72.728,64.52,83.33,55,31,24
120,117159,80.2316279069767,75,86.84,86,48,38
121,117788,67.0708536585366,56.41,76.74,82,39,43
122,118460,56.3367605633803,63.41,46.67,71,41,30
123,119642,64.7740909090909,60.87,69.05,88,46,42
124,122554,73.6104166666667,70.73,77.42,72,41,31
125,123645,79.4513698630137,82.61,74.07,73,46,27
126,128003,76.621038961039,87.5,64.86,77,40,37
127,128398,77.7806666666667,85.42,69.05,90,48,42
128,129035,76.1185074626866,90.24,53.85,67,41,26
129,129898,59.1542253521127,60.61,57.89,71,33,38
130,130128,71.5870454545454,84.31,54.05,88,51,37
131,130269,77.3328,89.13,58.62,75,46,29
132,130331,75.9010843373494,80.85,69.44,83,47,36
133,130610,65.7519178082192,68.29,62.5,73,41,32
134,131450,79.0736046511628,84.91,69.7,86,53,33
135,131469,78.5742857142857,84.62,68.75,84,52,32
136,131731,80.4366304347826,88.24,70.73,92,51,41
137,131739,72.7272727272727,80,62.5,77,45,32
138,135295,82.6670666666667,82.93,82.35,75,41,34
139,135433,68.1807954545454,61.7,75.61,88,47,41
140,136821,77.0096551724138,78.72,75,87,47,40
141,141622,74.7275824175824,82.61,66.67,91,46,45
142,145337,81.1106666666667,80.49,81.63,90,41,49
143,147992,78.5741428571429,85.19,74.42,70,27,43
144,148135,77.7757142857143,70.37,83.33,63,27,36
145,148744,63.2916455696203,75,55.32,79,32,47
146,149070,77.1065060240964,75,78.72,83,36,47
147,149103,60.712380952381,61.76,60,84,34,50
148,149653,71.6011111111111,72.41,71.15,81,29,52
149,150066,76.1318181818182,70.83,78.12,88,24,64
150,150153,78.0207692307692,74.19,80,91,31,60
151,151057,66.6690909090909,84.38,50,66,32,34
152,152742,70.3252747252747,64.86,74.07,91,37,54
153,153649,69.7683720930233,77.78,64,86,36,50
154,153784,83.1142857142857,81.25,84.44,77,32,45
155,154350,84.5210714285714,91.89,78.72,84,37,47
156,155540,78.75125,80.65,77.55,80,31,49
157,155779,74.7221978021978,75.86,74.19,91,29,62
158,155806,75.0016666666667,84.62,70.69,84,26,58
159,156912,64.1789552238806,70.37,60,67,27,40
160,157343,75.5555555555556,75.51,75.61,90,49,41
161,157780,66.1794117647059,69.7,62.86,68,33,35
162,157830,73.336,81.82,66.67,75,33,42
163,160303,78.8916666666667,71.43,83.64,90,35,55
164,160331,69.1392592592593,63.64,72.92,81,33,48
165,160425,50.6318987341772,63.64,41.3,79,33,46
166,160716,74.1164705882353,78.38,70.83,85,37,48
167,161411,72.8551428571429,83.33,67.39,70,24,46
168,162665,44.286,71.43,26.19,70,28,42
169,163280,59.7225,62.96,57.78,72,27,45
170,163371,66.6647826086956,63.33,69.23,69,30,39
171,164053,68.5405617977528,65.79,70.59,89,38,51
172,164979,63.515,70.27,56.76,74,37,37
173,165412,54.7619047619048,59.38,51.92,84,32,52
174,166576,62.6466265060241,57.14,65.45,83,28,55
175,166587,64.3688505747126,64.71,64.15,87,34,53
176,166702,60.4933333333333,62.96,59.26,81,27,54
177,166866,72.2749504950495,82.5,65.57,101,40,61
178,167319,73.8636363636364,83.33,67.31,88,36,52
179,168156,74.0737037037037,83.87,68,81,31,50
180,168726,69.2323076923077,81.48,60.53,65,27,38
181,169421,63.0792307692308,55,66.67,65,20,45
182,169856,70.2705405405406,60.71,76.09,74,28,46
183,170460,75.609756097561,70.97,78.43,82,31,51
184,170690,61.7244444444445,63.33,60.78,81,30,51
185,171383,63.3791549295775,76,56.52,71,25,46
186,172844,58.33,70.83,52.08,72,24,48
187,173223,75.6114634146341,66.67,80.77,82,30,52
188,173403,75.0011842105263,72.41,76.6,76,29,47
189,173687,74.7262637362637,71.88,76.27,91,32,59
190,173856,75.6433333333333,69.23,78.85,78,26,52
191,174218,75.0025,69.57,77.36,76,23,53
192,174269,71.6653333333333,73.91,70.27,60,23,37
193,174465,64.4747368421053,45.83,73.08,76,24,52
194,175137,42.8578571428571,32,48.89,70,25,45
195,175560,70.9648387096774,77.14,62.96,62,35,27
196,177303,72.3096923076923,68.97,75,65,29,36
197,177577,64.8166666666667,69.57,61.29,54,23,31
198,177981,65.998,73.33,55,50,30,20
199,178440,84.0012,92.31,75,50,26,24
200,178800,76.0876086956522,80,71.43,46,25,21
201,180398,81.5768421052632,82.14,80,38,28,10
202,180973,32.002,36.67,25,50,30,20
203,181127,16.9803773584906,12.9,22.73,53,31,22
204,181197,2.002,0,4.55,50,28,22
205,181215,3.77264150943396,6.45,0,53,31,22
206,181231,11.7627450980392,12.9,10,51,31,20
207,183156,76.7857142857143,68.75,87.5,56,32,24
208,183844,82.2538709677419,73.33,90.62,62,30,32
209,183949,80.6445161290323,80,81.48,62,35,27
210,185417,80.8827941176471,78.38,83.87,68,37,31
211,187002,82.2567741935484,72.41,90.91,62,29,33
212,187059,84.0913636363636,75.61,91.49,88,41,47
213,187806,75.3881538461538,78.79,71.88,65,33,32
214,189314,81.250625,82.76,80,64,29,35
215,190221,71.2157575757576,75.68,65.52,66,37,29
216,190401,81.1113333333333,73.81,87.5,90,42,48
217,191667,81.4811111111111,83.33,79.49,81,42,39
218,192544,86.5946391752577,76.92,93.1,97,39,58
219,192602,87.0034,87.1,86.96,100,31,69
220,194752,60.003,47.62,68.97,100,42,58
221,195294,64.9078947368421,35.71,81.94,114,42,72
222,195949,79.4642857142857,68.75,87.5,112,48,64
223,197112,80.1958415841584,80.43,80,101,46,55
224,197131,82.8311111111111,81.82,83.64,99,44,55
225,197833,85.1833333333333,78.26,90.32,108,46,62
226,198577,60.7854901960784,27.5,82.26,102,40,62
227,199624,74.7237362637363,63.64,81.03,91,33,58
228,199945,74.7263736263736,58.62,82.26,91,29,62
229,200141,71.59125,60.61,78.18,88,33,55
230,200729,70.2672972972973,33.33,82.14,74,18,56
231,201706,77.5255056179775,70.73,83.33,89,41,48
232,202070,71.4265714285714,69.44,73.53,70,36,34
233,203410,83.5085567010309,86.49,81.67,97,37,60
234,203618,74.6979518072289,68.75,78.43,83,32,51
235,204690,71.8319718309859,76.47,67.57,71,34,37
236,207465,82.0240449438202,79.41,83.64,89,34,55
237,208033,66.6692753623188,47.06,73.08,69,17,52
238,211477,73.61,69.44,77.78,72,36,36
239,212286,80.7036842105263,80.95,80.56,57,21,36
240,213465,75.3421917808219,64.52,83.33,73,31,42
241,213937,78.6686666666667,73.53,82.93,75,34,41
242,214068,80.4603448275862,88.1,73.33,87,42,45
243,214376,74.0744444444445,66.67,80.95,81,39,42
244,215099,69.3559677419355,74.29,62.96,62,35,27
245,215890,77.0131034482759,78.57,75.56,87,42,45
246,215919,78.6503370786517,80,77.27,89,45,44
247,217011,80.1987128712871,78.85,81.63,101,52,49
248,217161,81.82,78.85,86.11,88,52,36
249,218632,65.7516438356164,65.71,65.79,73,35,38
250,221122,76.9207692307692,73.91,84.21,65,46,19
251,221873,71.43,72.73,70,84,44,40
252,223134,60.4922222222222,79.07,39.47,81,43,38
253,225340,73.5302941176471,75.51,71.7,102,49,53
254,225347,73.5854716981132,79.66,65.96,106,59,47
255,225434,76.8530555555556,83.64,69.81,108,55,53
256,225518,76.5783783783784,77.78,75.44,111,54,57
257,226645,67.3685263157895,70.45,64.71,95,44,51
258,228557,79.5702150537634,81.82,77.55,93,44,49
259,230929,65.8245569620253,73.81,56.76,79,42,37
260,231079,71.0860240963855,80,57.58,83,50,33
261,231649,83.91,85.11,82.5,87,47,40
262,232407,71.431,67.57,75.76,70,37,33
263,232493,64.8651351351351,60.61,68.29,74,33,41
264,233116,70.3711111111111,76.92,64.29,81,39,42
265,233694,64.2842857142857,70.97,58.97,70,31,39
266,233879,57.625593220339,36.36,70.27,59,22,37
267,234080,72.8371604938272,57.14,81.13,81,28,53
268,235348,76.927032967033,81.4,72.92,91,43,48
269,236967,52.5675641025641,62.86,44.19,78,35,43
270,241721,71.9294736842105,59.09,80,57,22,35
271,241956,79.5181927710843,80,79.07,83,40,43
272,242129,73.2416901408451,78.38,67.65,71,37,34
273,244655,74.0254545454546,81.08,67.5,77,37,40
274,246272,73.416329113924,72.41,74,79,29,50
275,246334,75.7906315789474,82.93,70.37,95,41,54
276,248024,70.9085454545454,67.86,74.07,55,28,27
277,250048,79.0703488372093,80,78.05,86,45,41
278,250964,79.998,81.63,78.57,105,49,56
279,253183,68.675421686747,75,61.54,83,44,39
280,253565,80.8465957446809,73.58,90.24,94,53,41
281,254143,81.5542718446602,85.11,78.57,103,47,56
282,255230,64.9327272727273,75,59.18,77,28,49
283,256082,70.8753398058252,65.12,75,103,43,60
284,256522,78.651797752809,81.58,76.47,89,38,51
285,256816,66.6679569892473,67.5,66.04,93,40,53
286,257616,61.9046428571429,74.36,51.11,84,39,45
287,258316,64.3839726027397,60.71,66.67,73,28,45
288,259700,78.2069230769231,80.56,76.19,78,36,42
289,260269,75,86.67,63.33,60,30,30
290,260522,82.0883582089552,90.32,75,67,31,36
291,261748,72.8774576271186,83.33,65.71,59,24,35
292,263021,83.3372727272727,86.67,80.56,66,30,36
293,265371,70.5891176470588,63.33,76.32,68,30,38
294,266726,77.7763333333333,75.47,81.08,90,53,37
295,266849,81.5813157894737,87.18,75.68,76,39,37
296,269754,88.0006666666667,85,91.43,75,40,35
297,269964,80.2181318681319,82.35,77.5,91,51,40
298,270559,75.9019277108434,82.22,68.42,83,45,38
299,271445,66.6653846153846,71.05,62.5,78,38,40
300,271993,82.0510256410256,80,84.21,78,40,38
301,272287,64.2878571428571,62.07,66.67,56,29,27
302,272362,75,71.43,79.41,76,42,34
303,273564,57.1415873015873,50,62.16,63,26,37
304,273675,50.9418867924528,44,57.14,53,25,28
305,274143,73.7686885245902,75,72.41,61,32,29
306,278771,45.7625423728814,70.37,25,59,27,32
307,281764,72.3671052631579,65.71,78.05,76,35,41
308,281900,67.6936923076923,62.5,72.73,65,32,33
309,281928,72.94,62.5,82.22,85,40,45
310,281964,69.1374074074074,55,82.93,81,40,41
311,282158,63.0957142857143,65.91,60,84,44,40
312,283107,61.535,71.79,51.28,78,39,39
313,284022,51.1096666666667,27.03,67.92,90,37,53
314,285989,69.3168181818182,55.26,80,88,38,50
315,286661,70.7055555555556,75,67.27,99,44,55
316,289554,55.0031,68.63,40.82,100,51,49
317,292476,67.7455913978495,65.96,69.57,93,47,46
318,294608,79.2187012987013,80,78.72,77,30,47
319,296110,68.2884146341463,76.74,58.97,82,43,39
320,296729,75.535,76.6,74.47,94,47,47
321,298044,62.6504819277108,80.85,38.89,83,47,36
322,299300,70.1268831168831,71.79,68.42,77,39,38
323,299447,65.4322222222222,73.91,54.29,81,46,35
324,299466,61.1734117647059,61.22,61.11,85,49,36
325,299907,63.7382417582418,54.55,72.34,91,44,47
326,300878,36.6626666666667,14.58,61.9,90,48,42
327,301575,79.4135294117647,79.17,79.63,102,48,54
328,302067,80.2175824175824,83.72,77.08,91,43,48
329,302211,79.8079807692308,76.47,83.02,104,51,53
330,302419,74.286,75,73.47,105,56,49
331,303936,65.5562222222222,69.57,61.36,90,46,44
332,304057,76.8486111111111,73.68,80.39,108,57,51
333,304359,71.7172727272727,68.75,74.51,99,48,51
334,304435,64.2071578947368,73.21,51.28,95,56,39
335,304451,76.6967961165049,84.31,69.23,103,51,52
336,304838,81.4782716049383,86.84,76.74,81,38,43
337,305017,78.1624137931034,80.56,76.47,87,36,51
338,305438,60.936875,50,68.42,64,26,38
339,305444,71.602962962963,76.74,65.79,81,43,38
340,305614,72.1636082474227,70.83,73.47,97,48,49
341,306412,58.3328571428571,57.5,59.09,84,40,44
342,308053,67.7448387096774,70.59,64.29,62,34,28
343,308832,67.9247169811321,88.46,48.15,53,26,27
344,309383,75.7128571428571,63.33,85,70,30,40
345,310377,68.4924657534247,64.71,71.79,73,34,39
346,311068,57.5721212121212,57.14,58.06,66,35,31
347,311676,74.2874285714286,80.65,69.23,70,31,39
348,311802,73.53,76.47,70.59,68,34,34
349,312250,75.3058024691358,77.27,72.97,81,44,37
350,312898,82.6686666666667,72.5,94.29,75,40,35
351,314005,75.4096721311475,76.67,74.19,61,30,31
352,314645,70.1476119402985,71.79,67.86,67,39,28
353,314780,75.609512195122,75,76.47,82,48,34
354,315315,72.3417021276596,72,72.73,94,50,44
355,316258,70.4232394366197,68.42,72.73,71,38,33
356,316420,75.7137142857143,77.27,73.08,70,44,26
357,316504,70.3718518518518,75,63.64,81,48,33
358,317206,69.4733684210526,77.05,55.88,95,61,34
359,319577,79.0442857142857,72.22,86.27,105,54,51
360,322915,73.8631818181818,78,68.42,88,50,38
361,326388,70.4209859154929,67.5,74.19,71,40,31
362,333127,50.0010256410256,42.86,54,78,28,50
363,333635,88.8866666666667,87.5,89.74,63,24,39
364,334868,71.87734375,77.78,67.57,64,27,37
365,335158,75.7589393939394,68,80.49,66,25,41
366,335164,75.3643478260869,52.38,85.42,69,21,48
367,335476,79.3103448275862,70,81.25,58,10,48
368,335855,82.4354054054054,92.86,76.09,74,28,46
369,335875,85.2473770491803,95,80.49,61,20,41
370,336031,88.7350704225352,88.89,88.64,71,27,44
371,336100,93.6495238095238,93.33,93.94,63,30,33
372,337010,81.6870422535211,84,80.43,71,25,46
373,338511,64.7083529411765,75.61,54.55,85,41,44
374,338595,71.2330136986301,65.71,76.32,73,35,38
375,338741,82.2789873417722,82.76,82,79,29,50
376,338861,80.645,83.87,77.42,62,31,31
377,339415,74.0772839506173,70.59,76.6,81,34,47
378,339680,64.6153846153846,76,57.5,65,25,40
379,340864,74.6229850746269,70.83,76.74,67,24,43
380,341315,85.0015,81.82,88.89,60,33,27
381,341727,81.8209090909091,77.78,86.67,66,36,30
382,342616,70.965,67.74,74.19,62,31,31
383,344188,80.8810294117647,72.41,87.18,68,29,39
384,346216,85.1386486486487,92.11,77.78,74,38,36
385,346603,80.2485185185185,77.5,82.93,81,40,41
386,346669,71.8325352112676,75.61,66.67,71,41,30
387,348178,68.0001333333333,70.27,65.79,75,37,38
388,348217,65.4344444444445,76.09,51.43,81,46,35
389,349242,58.6654666666667,78.05,35.29,75,41,34
390,351133,65.7521917808219,75.51,45.83,73,49,24
391,352001,71.602962962963,77.14,67.39,81,35,46
392,352133,69.407294117647,76.74,61.9,85,43,42
393,353872,71.0820481927711,68.42,73.33,83,38,45
394,356672,72.915,89.58,56.25,96,48,48
395,356789,72.7256363636364,83.33,62.5,110,54,56
396,357706,59.7921649484536,75,49.12,97,40,57
397,357751,65.5896774193548,71.43,60.78,93,42,51
398,360062,68.039381443299,78.18,54.76,97,55,42
399,360906,49.3689873417722,53.85,45,79,39,40
400,364122,79.1702777777778,82.86,75.68,72,35,37
401,364782,72.8597142857143,67.65,77.78,70,34,36
402,365474,76.366,72.73,81.82,55,33,22
403,366007,73.0773076923077,60.61,82.22,78,33,45
404,366885,75,68.75,77.5,56,16,40
405,367535,74.1162352941176,76.74,71.43,85,43,42
406,367744,76.6971844660194,76.47,76.92,103,51,52
407,368663,68.4789130434783,71.43,66,92,42,50
408,369640,79.068488372093,68.89,90.24,86,45,41
409,369960,76.665,71.11,82.22,90,45,45
410,371058,73.4141772151899,90.24,55.26,79,41,38
411,371578,79.4876923076923,77.5,81.58,78,40,38
412,371588,74.1930107526882,74.47,73.91,93,47,46
413,372474,56.0607575757576,43.48,62.79,66,23,43
414,373457,71.251875,67.57,74.42,80,37,43
415,373506,73.255,69.77,76.74,86,43,43
416,374172,77.1442857142857,66.67,85,70,30,40
417,377521,59.5748936170213,40.91,76,47,22,25
418,378316,78.0838356164383,63.64,90,73,33,40
419,378758,74.1162352941176,71.43,76.74,85,42,43
420,380903,75.8658620689655,64.29,86.67,87,42,45
421,381132,83.1475280898876,73.17,91.67,89,41,48
422,382996,63.8528915662651,70.45,56.41,83,44,39
423,383591,68.7504166666667,73.47,63.83,96,49,47
424,383606,65.28,71.43,56.67,72,42,30
425,383927,67.7794444444444,70.91,62.86,90,55,35
426,384479,68.0552777777778,72.34,60,72,47,25
427,384864,50,44,56,50,25,25
428,385360,74.322972972973,67.5,82.35,74,40,34
429,385486,68.9195945945946,79.07,54.84,74,43,31
430,385545,70.9308139534884,75.56,65.85,86,45,41
431,385555,70.7825842696629,77.08,63.41,89,48,41
432,388988,59.0367469879518,45.24,73.17,83,42,41
433,389557,68.5722857142857,64.71,72.22,70,34,36
434,390527,54.5472727272727,46.67,64,55,30,25
435,390595,81.9280722891566,80.95,82.93,83,42,41
436,390622,77.0283783783784,75,78.95,74,36,38
437,392993,67.190625,66.67,67.86,64,36,28
438,393054,83.78,72.97,94.59,74,37,37
439,396618,72.0598529411765,58.54,92.59,68,41,27
440,396680,71.6032098765432,57.14,93.75,81,49,32
441,396711,70.8877215189873,63.27,83.33,79,49,30
442,399742,48.2133928571429,24.14,74.07,56,29,27
443,399749,52.2379104477612,40,77.27,67,45,22
444,399822,63.1555263157895,56.52,73.33,76,46,30
445,399833,60.2730136986301,55.81,66.67,73,43,30
446,400091,72.9739189189189,62.79,87.1,74,43,31
447,400334,53.7289552238806,52.27,56.52,67,44,23
448,400521,71.0859036144578,65.31,79.41,83,49,34
449,401057,68.4921917808219,65.91,72.41,73,44,29
450,403536,62.9225842696629,66.67,59.09,89,45,44
451,403710,75.5820930232558,78.57,72.73,86,42,44
452,404085,74.2287628865979,76.09,72.55,97,46,51
453,404433,87.7567346938775,84,91.67,98,50,48
454,404541,87.9118681318681,82.22,93.48,91,45,46
455,404841,79.4892307692308,68.75,86.96,78,32,46
456,405001,75.9060240963856,70,81.4,83,40,43
457,405971,75.5564444444444,72.73,78.26,90,44,46
458,406741,88.5433333333333,82.5,92.86,96,40,56
459,407607,80.8213698630137,56.52,92,73,23,50
460,410198,74.6990361445783,75.68,73.91,83,37,46
461,410966,73.773606557377,84.38,62.07,61,32,29
462,412941,48.075,65.38,30.77,52,26,26
463,413269,70.8851898734177,73.17,68.42,79,41,38
464,413377,86.6668,89.19,84.21,75,37,38
465,416443,72.6197619047619,70.59,74,84,34,50
466,416776,77.14,77.14,77.14,70,35,35
467,416950,80.7228915662651,80,81.25,83,35,48
468,416981,65.28,63.89,66.67,72,36,36
469,417582,74.2407575757576,83.78,62.07,66,37,29
470,418755,69.5682608695652,56.67,79.49,69,30,39
471,421428,79.5705376344086,74.42,84,93,43,50
472,422441,64.7880281690141,82.05,43.75,71,39,32
473,424119,74.7134482758621,82.93,67.39,87,41,46
474,424183,78.3525773195876,80,76.6,97,50,47
475,425639,78.5728571428571,87.5,66.67,70,40,30
476,426370,63.6381818181818,60,66.67,66,30,36
477,426480,92.0633333333333,88.57,96.43,63,35,28
478,427195,73.5892452830189,80.65,63.64,53,31,22
479,427403,56.5217391304348,70,31.25,46,30,16
480,429152,68.52,54.17,80,54,24,30
481,429474,73.1355223880597,69.7,76.47,67,33,34
482,429780,61.426,35.71,78.57,70,28,42
483,433761,59.4551351351351,44.44,73.68,37,18,19
484,435741,2.63052631578947,4.76,0,38,21,17
485,436317,25.8061290322581,23.53,28.57,31,17,14
486,436499,66.6672222222222,56.52,84.62,36,23,13
487,436529,41.3789655172414,18.75,69.23,29,16,13
488,436939,55,25,85,40,20,20
489,437365,54.545,50,61.11,44,26,18
490,438701,54.3859649122807,50,60,57,32,25
491,443443,75,55.88,94.12,68,34,34
492,444477,70.6636,54.05,86.84,75,37,38
493,445169,79.5196385542169,69.23,88.64,83,39,44
494,445292,64.7723863636364,57.78,72.09,88,45,43
495,445350,71.4264285714286,68.42,73.91,84,38,46
496,445379,77.3329333333333,70.27,84.21,75,37,38
497,445462,70.9674193548387,63.83,78.26,93,47,46
498,445473,52.6285526315789,51.28,54.05,76,39,37
499,445773,74.390487804878,65.91,84.21,82,44,38
500,446075,74.9965789473684,57.14,90.24,76,35,41
501,446080,61.9050793650794,21.74,85,63,23,40
502,447798,67.8168965517241,69.57,65.85,87,46,41
503,447830,75.3111111111111,64.29,87.18,81,42,39
504,449284,71.7658823529412,65.12,78.57,85,43,42
505,451886,81.9249397590361,76.47,85.71,83,34,49
506,451908,71.8295774647887,64.1,81.25,71,39,32
507,453463,74.1167058823529,71.74,76.92,85,46,39
508,453482,68.2358823529412,66,71.43,85,50,35
509,453814,51.5646875,56.67,47.06,64,30,34
510,454720,60.6518032786885,58.06,63.33,61,31,30
511,454964,61.8427631578947,56.1,68.57,76,41,35
512,455051,66.254,41.67,76.79,80,24,56
513,455057,59.7693103448276,53.19,67.5,87,47,40
514,455273,66.99,52.17,78.95,103,46,57
515,455378,61.7938202247191,53.33,70.45,89,45,44
516,455860,69.7916666666667,72.73,65.85,96,55,41
517,458563,14.0157009345794,11.76,16.07,107,51,56
518,460501,77.7758024691358,65,90.24,81,40,41
519,461351,81.7029268292683,69.44,91.3,82,36,46
520,461701,84.615,71.79,97.44,78,39,39
521,461814,44.3411320754717,41.82,47.06,106,55,51
522,462140,78.435,68.63,88.24,102,51,51
523,462365,62.0248101265823,53.66,71.05,79,41,38
524,462737,82.9789361702128,87.18,80,94,39,55
525,464168,72.37,77.5,66.67,76,40,36
526,464974,71.7933333333333,84.09,55.88,78,44,34
527,466934,85.2914705882353,86.84,83.33,68,38,30
528,472574,83.0769230769231,85,80,65,40,25
529,475368,76.0860869565217,81.82,70.83,46,22,24
530,475539,81.6326530612245,81.82,81.48,49,22,27
531,475822,86.2737254901961,86.96,85.71,51,23,28
532,476154,61.5384615384615,83.33,42.86,39,18,21
533,477023,52.945,64.71,41.18,34,17,17
534,477252,73.3323333333333,82.35,61.54,30,17,13
535,477409,66.6680952380952,72.73,60,21,11,10
536,477424,77.2768181818182,84.62,66.67,22,13,9
537,477611,84.6169230769231,94.74,57.14,26,19,7
538,478661,23.8090476190476,9.09,40,21,11,10
539,479259,23.0776923076923,33.33,14.29,26,12,14
540,479267,12.0004,7.69,16.67,25,13,12
541,479467,66.6633333333333,58.33,73.33,27,12,15
542,479910,73.5288235294118,69.23,76.19,34,13,21
543,480025,56.2496875,61.54,52.63,32,13,19
544,480653,75.0014285714286,50,81.82,28,6,22
545,481323,71.4285714285714,50,87.5,28,12,16
546,481422,83.8674193548387,82.35,85.71,31,17,14
547,481971,70.9677419354839,60,81.25,31,15,16
548,482023,58.0661290322581,46.67,68.75,31,15,16
549,482221,65.5203448275862,42.86,86.67,29,14,15
550,482363,59.46,47.06,70,37,17,20
551,482473,80.555,71.43,93.33,36,21,15
552,482894,63.1555263157895,56.52,73.33,38,23,15
553,482967,43.5884615384615,50,33.33,39,24,15
554,483145,66.668,52.94,84.62,30,17,13
555,483712,58.8258823529412,63.64,50,34,22,12
556,483974,67.8575,78.95,44.44,28,19,9
557,483994,72.2205555555556,68.18,78.57,36,22,14
558,484507,85.295,88.24,82.35,34,17,17
559,484535,71.43,64.29,78.57,28,14,14
560,484649,83.7859459459459,75,90.48,37,16,21
561,485293,83.7232558139535,80.77,88.24,43,26,17
562,485989,46.8715625,33.33,58.82,64,30,34
563,486142,60.9375,50,75,64,36,28
564,488369,55.7191428571429,42.11,71.88,70,38,32
565,490870,78.9501754385965,71.88,88,57,32,25
566,490975,69.3914285714286,53.85,86.96,49,26,23
567,492482,64.285,78.57,50,56,28,28
568,493309,64.7881690140845,64.71,64.86,71,34,37
569,494460,75.0026923076923,74.29,76.47,52,35,17
570,496111,76.56359375,83.87,69.7,64,31,33
571,496874,57.3770491803279,75,32,61,36,25
572,497012,67.6915384615385,63.33,71.43,65,30,35
573,497251,39.2152941176471,21.74,53.57,51,23,28
574,498856,60.5639436619718,52.63,69.7,71,38,33
575,499013,52.565,48.72,56.41,78,39,39
576,499056,57.5317808219178,50,64.86,73,36,37
577,499101,62.6862686567164,58.06,66.67,67,31,36
578,499420,62.7116949152542,70.37,56.25,59,27,32
579,499591,59.9966666666667,65.38,52.63,45,26,19
580,501895,59.725,63.89,55.56,72,36,36
581,502557,62.4959722222222,65.85,58.06,72,41,31
582,502917,57.7507042253521,64.29,48.28,71,42,29
583,507157,59.7690804597701,64.15,52.94,87,53,34
584,509700,62.3677419354839,55.56,68.75,93,45,48
585,511191,76.8410526315789,82.22,72,95,45,50
586,511831,82.9559090909091,87.76,76.92,88,49,39
587,514092,67.42,69.57,65.12,89,46,43
588,515320,59.1814285714286,23.81,85.71,49,21,28
589,517055,63.0963095238095,38.71,77.36,84,31,53
590,518291,83.5807462686567,79.31,86.84,67,29,38
591,518405,75.3447945205479,85.37,62.5,73,41,32
592,519801,86.9557971014493,91.43,82.35,69,35,34
593,519838,81.6894366197183,88.57,75,71,35,36
594,519882,89.6092207792208,94.87,84.21,77,39,38
595,519939,75.9507594936709,79.49,72.5,79,39,40
596,520236,55.2596052631579,76.74,27.27,76,43,33
597,520509,78.0817808219178,73.53,82.05,73,34,39
598,521040,72.1522784810127,76.47,68.89,79,34,45
599,522195,72.306,86.11,55.17,65,36,29
600,522560,67.6470588235294,84.62,57.14,68,26,42
601,523076,81.396511627907,73.53,86.54,86,34,52
602,525271,78.3759459459459,69.23,83.33,74,26,48
603,525310,80.6836363636364,76.32,84,88,38,50
604,527601,86.1079166666667,87.8,83.87,72,41,31
605,529055,73.2132142857143,61.54,83.33,56,26,30
606,533968,83.5323529411765,81.82,85.37,85,44,41
607,535221,79.99975,81.58,78.57,80,38,42
608,535323,85.4197916666667,87.76,82.98,96,49,47
609,535470,86.0441860465116,91.3,80,86,46,40
610,536472,73.17,73.17,73.17,82,41,41
611,537801,92.4048101265823,93.02,91.67,79,43,36
612,538081,46.3752173913043,56.41,33.33,69,39,30
613,540106,84.0024,88.64,77.42,75,44,31
614,540238,81.43,92.5,66.67,70,40,30
615,542301,74.997,82.69,60.71,80,52,28
616,542497,83.5455696202532,89.8,73.33,79,49,30
617,542603,80.0038666666667,86.96,68.97,75,46,29
618,542612,81.7092682926829,88,71.88,82,50,32
619,544561,80.5968656716418,87.5,70.37,67,40,27
620,544972,79.5708602150538,80.77,78.05,93,52,41
621,546233,78.050243902439,76.47,80.65,82,51,31
622,546699,76.1340909090909,88.46,58.33,88,52,36
623,546805,85.7153846153846,87.76,83.33,91,49,42
624,547159,86.4858108108108,92.68,78.79,74,41,33
625,547562,63.0784615384615,59.46,67.86,65,37,28
626,547804,71.6029629629629,78.57,64.1,81,42,39
627,549686,73.135671641791,76.67,70.27,67,30,37
628,549983,66.1311290322581,69.7,62.07,62,33,29
629,550289,76.1348863636364,72.09,80,88,43,45
630,551789,82.7140740740741,89.74,76.19,81,39,42
631,552706,73.973698630137,77.42,71.43,73,31,42
632,552922,60.2942647058824,61.29,59.46,68,31,37
633,553686,71.795,68.57,74.42,78,35,43
634,556379,66.1928169014084,61.9,72.41,71,42,29
635,556924,68.9201351351351,73.17,63.64,74,41,33
636,559463,72.8551428571429,73.17,72.41,70,41,29
637,559818,54.4157352941176,45.95,64.52,68,37,31
638,559945,69.8411111111111,75.61,59.09,63,41,22
639,561595,87.3028571428571,81.48,91.67,63,27,36
640,561784,67.7374193548387,69.44,65.38,62,36,26
641,563125,82.501,82.93,82.05,80,41,39
642,564147,67.8583333333333,67.65,68,84,34,50
643,564639,76.9210256410256,73.68,80,78,38,40
644,565474,71.055,65.79,76.32,76,38,38
645,565609,74.1568539325843,76.19,72.34,89,42,47
646,565634,73.8082142857143,74.36,73.33,84,39,45
647,565698,78.4810126582279,78.57,78.38,79,42,37
648,565880,69.23,69.23,69.23,78,39,39
649,567070,74.6505633802817,66.67,80.49,71,30,41
650,567878,89.8727848101266,82.05,97.5,79,39,40
651,568003,78.9445614035088,64,90.62,57,25,32
652,568137,66.3187368421053,65.12,67.31,95,43,52
653,568257,81.3184615384615,76.74,85.42,91,43,48
654,568378,79.9985882352941,85.71,74.42,85,42,43
655,568466,70.000375,78.38,62.79,80,37,43
656,568739,68.2394117647059,56.67,74.55,85,30,55
657,568954,76.0580281690141,76.92,75.56,71,26,45
658,569395,63.8557831325301,44.12,77.55,83,34,49
659,569716,79.9969230769231,83.33,77.14,65,30,35
660,570233,81.0358620689655,87.5,73.08,58,32,26
661,571082,78.5745714285714,81.82,75.68,70,33,37
662,571789,76.1202985074627,76.47,75.76,67,34,33
663,573233,54.793698630137,53.12,56.1,73,32,41
664,575659,67.4712048192771,64.29,70.73,83,42,41
665,576079,71.9124719101123,66.67,78.05,89,48,41
666,578283,71.0543421052631,74.36,67.57,76,39,37
667,578681,72.9402352941176,76.74,69.05,85,43,42
668,581700,87.8372972972973,84.78,92.86,74,46,28
669,582069,60.5650704225352,68.42,51.52,71,38,33
670,582090,54.5454545454545,64.29,44.44,55,28,27
671,582827,71.8270422535211,65.62,76.92,71,32,39
672,584678,67.1227397260274,64.1,70.59,73,39,34
673,584707,70.3677777777778,70.45,70.27,81,44,37
674,585733,67.9988,58.97,77.78,75,39,36
675,586027,66.6666666666667,55,80,75,40,35
676,587567,74.9977777777778,65.62,82.5,72,32,40
677,587755,63.155,52.63,73.68,76,38,38
678,587831,54.3880701754386,62.86,40.91,57,35,22
679,588461,79.269512195122,69.05,90,82,42,40
680,588975,66.665,59.57,74.42,90,47,43
681,589210,46.8721875,34.48,57.14,64,29,35
682,593598,68.5725714285714,77.42,61.54,70,31,39
683,595273,60.759746835443,68.42,53.66,79,38,41
684,595822,85.332,93.33,80,75,30,45
685,596050,78.2591304347826,90.32,68.42,69,31,38
686,596071,82.1912328767123,93.33,74.42,73,30,43
687,596134,79.5198795180723,91.89,69.57,83,37,46
688,597418,64.7070588235294,88.89,46.94,85,36,49
689,597656,78.8234117647059,94.44,67.35,85,36,49
690,597821,72.4113793103448,84.85,64.81,87,33,54
691,599718,84.1460975609756,86.67,82.69,82,30,52
692,600607,76.814347826087,85.19,71.43,69,27,42
693,600914,55.0707246376812,68.75,43.24,69,32,37
694,601175,72.6043835616438,77.42,69.05,73,31,42
695,605358,84.6192307692308,95.56,69.7,78,45,33
696,610842,75.3604347826087,83.33,71.11,69,24,45
697,612261,68.9672413793103,68.89,69.05,87,45,42
698,612732,72.8392592592593,64.71,78.72,81,34,47
699,612916,71.1869491525424,56.25,88.89,59,32,27
700,613109,62.5,50,72.5,72,32,40
701,614126,74.4188372093023,75,73.81,86,44,42
702,615791,79.7482278481013,80,79.49,79,40,39
703,615847,73.4153164556962,75,71.79,79,40,39
704,617649,81.5818421052631,73.53,88.1,76,34,42
705,618289,80.5566666666667,74.36,87.88,72,39,33
706,618669,75.0028125,60,84.62,64,25,39
707,619726,53.6266666666667,42.86,64.71,69,35,34
708,621140,86.1123611111111,79.31,90.7,72,29,43
709,621620,77.5522448979592,69.23,86.96,49,26,23
710,622199,80.3027272727273,83.33,77.78,66,30,36
711,623334,73.5832075471698,76.92,70.37,53,26,27
712,625739,79.2197402597403,71.05,87.18,77,38,39
713,625818,81.08,86.84,75,74,38,36
714,626625,11.9066666666667,10,13.64,84,40,44
715,626956,67.6923076923077,60,72.5,65,25,40
716,627043,75.002,78.95,71.43,80,38,42
717,627714,80.0010909090909,84.62,75.86,55,26,29
718,627740,80.6435483870968,87.5,73.33,62,32,30
719,627768,77.7771428571429,81.82,73.33,63,33,30
720,627933,81.6938028169014,80.56,82.86,71,36,35
721,628047,83.0192452830189,88.46,77.78,53,26,27
722,628067,82.761724137931,80.77,84.38,58,26,32
723,629160,59.5214285714286,30.77,72.41,42,13,29
724,633244,79.68359375,74.07,83.78,64,27,37
725,633343,69.3167045454545,71.11,67.44,88,45,43
726,634009,69.8756626506024,64.86,73.91,83,37,46
727,634045,84.375,85.11,83.67,96,47,49
728,634366,81.0808108108108,70.97,88.37,74,31,43
729,634660,83.5623287671233,82.5,84.85,73,40,33
730,635025,86.249875,79.49,92.68,80,39,41
731,635556,85.715,96.3,75.86,56,27,29
732,635964,83.6063934426229,79.31,87.5,61,29,32
733,637613,67.3080769230769,59.26,76,52,27,25
734,638686,80.9506349206349,82.35,79.31,63,34,29
735,639838,85.5039130434783,78.12,91.89,69,32,37
736,640596,77.1425714285714,68.75,84.21,70,32,38
737,641045,77.7766666666667,57.69,89.13,72,26,46
738,641537,61.9691549295775,5,84.31,71,20,51
739,642444,32.7839344262295,20,39.02,61,20,41
740,643951,77.1414285714286,77.42,76.92,70,31,39
741,645853,77.6128358208955,72.73,80,67,22,45
742,646624,73.75,79.49,68.29,80,39,41
743,647048,84.373125,86.11,82.14,64,36,28
744,647207,63.0767692307692,70.97,55.88,65,31,34
745,647398,75.7137142857143,78.79,72.97,70,33,37
746,647597,76.8309756097561,87.5,66.67,82,40,42
747,647619,79.0668604651163,87.8,71.11,86,41,45
748,647666,81.2485,90.91,69.44,80,44,36
749,648323,65.3326666666667,62.5,68.57,75,40,35
750,648463,68.2969512195122,81.4,53.85,82,43,39
751,652762,68.3346666666667,67.65,69.23,60,34,26
752,655075,71.1852542372881,79.17,65.71,59,24,35
753,655780,78.8256470588235,81.4,76.19,85,43,42
754,656082,79.265,87.8,70.73,82,41,41
755,656352,77.65,79.49,76.09,85,39,46
756,656812,70.6649333333333,70.97,70.45,75,31,44
757,657276,78.2607246376812,87.5,70.27,69,32,37
758,658561,76.5609375,82.35,70,64,34,30
759,658582,75.9972,82.05,69.44,75,39,36
760,659014,80.9534920634921,86.21,76.47,63,29,34
761,659155,76.7131506849315,76.32,77.14,73,38,35
762,659320,73.2357746478873,77.14,69.44,71,35,36
763,659533,81.9452777777778,82.86,81.08,72,35,37
764,660586,62.292131147541,58.62,65.62,61,29,32
765,661097,76.7082191780822,83.78,69.44,73,37,36
766,662390,81.4268571428571,76.92,84.09,70,26,44
767,662442,79.7313513513513,77.78,81.58,74,36,38
768,662577,80.7696153846154,73.91,86.21,52,23,29
769,663806,83.3333333333333,81.25,85,72,32,40
770,664148,77.142,64.29,85.71,70,28,42
771,664994,81.9433333333333,84.21,79.41,72,38,34
772,665039,76.7867857142857,78.95,72.22,56,38,18
773,665846,28.4201052631579,25.53,31.25,95,47,48
774,666152,65.6691044776119,69.44,61.29,67,36,31
775,667485,76.385,60.71,86.36,72,28,44
776,667662,73.1177419354839,71.11,75,93,45,48
777,667879,74.2285567010309,68.18,79.25,97,44,53
778,668423,69.5647826086957,75.51,62.79,92,49,43
779,668638,74.1922580645161,61.54,83.33,93,39,54
780,670398,85.8998717948718,79.31,89.8,78,29,49
781,670512,73.0341573033708,76.74,69.57,89,43,46
782,671387,81.8166666666667,84.09,77.27,66,44,22
783,671495,74.1596629213483,76.32,72.55,89,38,51
784,672560,81.481975308642,81.08,81.82,81,37,44
785,672955,78.2582608695652,73.68,81.48,92,38,54
786,673019,68.752,62.5,72.92,80,32,48
787,673302,76.5466666666667,77.78,75.56,81,36,45
788,674344,77.1414285714286,77.42,76.92,70,31,39
789,675948,83.1705940594059,81.25,84.91,101,48,53
790,677757,72,54.84,84.09,75,31,44
791,678715,75.7255339805825,74.07,77.55,103,54,49
792,678857,85.85,81.13,90.57,106,53,53
793,679446,85.5551111111111,85.71,85.37,90,49,41
794,680223,82.1052631578947,80,84,95,45,50
795,680554,63.0130136986301,78.95,45.71,73,38,35
796,680766,71.9519512195122,72.5,71.43,82,40,42
797,680987,85.712380952381,85,86.36,84,40,44
798,681050,80.8525531914894,86.67,75.51,94,45,49
799,681232,87.4959090909091,83.33,90.38,88,36,52
800,682179,83.5422784810127,80,86.36,79,35,44
801,683005,76.5438271604938,78.05,75,81,41,40
802,683433,77.6451764705882,76.92,78.26,85,39,46
803,684619,58.9,58.06,59.52,73,31,42
804,685708,83.7195348837209,82.5,84.78,86,40,46
805,686215,60.2749315068493,31.03,79.55,73,29,44
806,686361,89.999375,90.91,89.36,80,33,47
807,686515,77.6309210526316,77.14,78.05,76,35,41
808,687054,74.9988157894737,72.73,76.74,76,33,43
809,687070,79.1675,78.38,80,72,37,35
810,688393,84.211052631579,90.62,79.55,76,32,44
811,689241,75.3846153846154,78.26,73.81,65,23,42
812,690470,77.777619047619,77.27,78.05,63,22,41
813,691661,47.2975675675676,67.5,23.53,74,40,34
814,692418,89.9985,93.18,86.11,80,44,36
815,692439,87.500375,89.74,85.37,80,39,41
816,692542,76.0030666666667,82.93,67.65,75,41,34
817,692697,77.7777777777778,86,67.5,90,50,40
818,692891,81.25,85,77.5,80,40,40
819,693483,67.8596428571429,70.59,63.64,56,34,22
820,694314,76.39,75,77.78,72,36,36
821,694962,77.49775,89.13,61.76,80,46,34
822,695022,79.7738202247191,81.63,77.5,89,49,40
823,696932,74.0255844155844,71.79,76.32,77,39,38
824,696974,68.9191891891892,62.5,73.81,74,32,42
825,698538,65.3815384615385,59.52,72.22,78,42,36
826,698772,64.9362337662338,52.78,75.61,77,36,41
827,699743,67.18953125,58.62,74.29,64,29,35
828,700384,82.0220224719101,90.7,73.91,89,43,46
829,703754,61.7667647058823,64.52,59.46,68,31,37
830,704075,69.7009090909091,80.56,56.67,66,36,30
831,704799,78.2615942028985,74.29,82.35,69,35,34
832,707652,79.0686046511628,71.43,86.36,86,42,44
833,710127,67.056,62.16,70.83,85,37,48
834,710419,59.4960759493671,66.67,53.49,79,36,43
835,711423,69.9976,77.08,63.46,100,48,52
836,712957,52.7021621621622,52.94,52.5,74,34,40
837,713385,15.1742857142857,15.09,15.25,112,53,59
838,718891,69.8792771084337,59.46,78.26,83,37,46
839,720381,68.0868085106383,63.64,72,94,44,50
840,721324,68.3554430379747,65.12,72.22,79,43,36
841,721869,79.5670967741935,82.22,77.08,93,45,48
842,722003,79.5933673469388,88.89,71.7,98,45,53
843,722684,78.8851111111111,80.43,77.27,90,46,44
844,723368,88.889696969697,89.58,88.24,99,48,51
845,725283,81.5773684210526,87.5,77.27,76,32,44
846,727957,91.8889189189189,90.32,93.02,74,31,43
847,729046,71.998,65.71,77.5,75,35,40
848,729124,72.5803225806452,75,69.23,62,36,26
849,729709,72.5803225806452,69.23,75,62,26,36
850,729997,78.4624615384615,75,81.82,65,32,33
851,730787,85.2454098360656,85.71,84.62,61,35,26
852,731802,69.7347368421053,67.39,73.33,76,46,30
853,731809,73.1350746268657,73.17,73.08,67,41,26
854,735153,56.45,35.71,73.53,62,28,34
855,735179,35.9384375,16.22,62.96,64,37,27
856,736514,64.9367532467532,73.17,55.56,77,41,36
857,736693,81.9425,80,83.78,72,35,37
858,738020,7.23301204819277,4.55,10.26,83,44,39
859,738031,4.70470588235294,6.25,2.7,85,48,37
860,741118,76.7117808219178,89.47,62.86,73,38,35
861,741753,53.5742857142857,62.5,46.88,56,24,32
862,741906,69.5671014492754,82.93,50,69,41,28
863,743965,78.9468421052632,86,71.11,95,50,45
864,745091,77.0306756756757,81.4,70.97,74,43,31
865,746134,75.0035294117647,77.78,71.88,68,36,32
866,747067,72.1293442622951,74.19,70,61,31,30
867,747805,63.2657142857143,64.29,61.9,49,28,21
868,749155,72.4668115942029,70.59,74.29,69,34,35
869,749172,67.1431428571428,60.61,72.97,70,33,37
870,749476,77.614776119403,69.57,81.82,67,23,44
871,751288,68.2533333333333,80,53.57,63,35,28
872,751891,79.2432075471698,72.41,87.5,53,29,24
873,754362,72.0916279069767,61.9,81.82,43,21,22
874,754484,51.2833333333333,73.08,7.69,39,26,13
875,755730,79.1620833333333,65.38,95.45,48,26,22
876,756959,75.4743396226415,77.78,73.08,53,27,26
877,757038,66.665,50,83.33,48,24,24
878,757217,76.6696666666667,84.62,70.59,60,26,34
879,757228,74.5496363636364,80.65,66.67,55,31,24
880,757246,70,70,70,60,30,30
881,757669,78.4349019607843,89.29,65.22,51,28,23
882,757717,84.6115384615385,85.71,83.33,65,35,30
883,757751,77.5489795918367,76.92,78.26,49,26,23
884,757945,79.035,77.42,80.65,62,31,31
885,758202,79.9981818181818,76,83.33,55,25,30
886,758455,60.0005454545455,67.86,51.85,55,28,27
887,760213,88.2376470588235,84.62,92,51,26,25
888,761057,85.1855555555556,90.91,81.25,54,22,32
889,762598,70.3738888888889,63.16,74.29,54,19,35
890,762712,79.6586440677966,85.29,72,59,34,25
891,762938,71.4285714285714,77.78,62.96,63,36,27
892,765626,84.9028301886792,92.59,76.92,53,27,26
893,766270,75.9283333333333,84,68.97,54,25,29
894,766321,84.37,90.62,78.12,64,32,32
895,766822,73.7719672131148,75,72.73,61,28,33
896,767518,38.2965957446809,48,27.27,47,25,22
897,767859,79.996,82.14,78.12,60,28,32
898,768570,82.7613793103448,77.78,87.1,58,27,31
899,770753,66.0682142857143,77.27,58.82,56,22,34
900,770970,53.332,57.14,50,45,21,24
901,771013,48.8848888888889,38.46,53.12,45,13,32
902,771322,73.33,83.33,58.33,30,18,12
903,771612,65.8563414634146,69.23,64.29,41,13,28
904,772627,59.99525,61.9,57.89,40,21,19
905,773991,67.50175,63.16,71.43,40,19,21
906,774067,82.5015,88.24,78.26,40,17,23
907,774787,88.5694285714286,87.5,89.47,35,16,19
908,775277,80.435,82.61,78.26,46,23,23
909,776273,60.0024,81.82,42.86,50,22,28
910,776478,78.33,83.33,73.33,60,30,30
911,777696,74.9994642857143,83.87,64,56,31,25
912,778179,82.3552941176471,84.62,80,51,26,25
913,780053,70.3707407407407,82.61,61.29,54,23,31
914,780171,79.3115517241379,80,78.79,58,25,33
915,780940,53.3333333333333,30,72,45,20,25
916,780947,73.5856603773585,77.78,69.23,53,27,26
917,781160,90.9103636363636,84.62,96.55,55,26,29
918,782319,77.3581132075472,76.92,77.78,53,26,27
919,784201,78.2594202898551,78.38,78.12,69,37,32
920,784470,75.7148571428571,81.58,68.75,70,38,32
921,785624,67.1195890410959,68.29,65.62,73,41,32
922,785898,77.7777777777778,85,68.75,72,40,32
923,787055,81.6308163265306,74.07,90.91,49,27,22
924,789113,86.9557971014493,82.35,91.43,69,34,35
925,789401,81.3333333333333,81.08,81.58,75,37,38
926,789706,79.4884615384616,81.4,77.14,78,43,35
927,789774,76.1177611940298,77.5,74.07,67,40,27
928,790529,82.3564705882353,84.62,75,51,39,12
929,792265,77.9255844155844,76.32,79.49,77,38,39
930,792441,47.1701886792453,22.22,73.08,53,27,26
931,793226,74.0262337662338,82,59.26,77,50,27
932,794728,72.49875,71.43,73.68,80,42,38
933,795313,78.26,74.36,83.33,69,39,30
934,796714,75.0003333333333,70.27,82.61,60,37,23
935,797645,76.9230769230769,81.08,71.43,65,37,28
936,799308,85.5416867469879,83.72,87.5,83,43,40
937,799964,84.5242857142857,90.91,77.5,84,44,40
938,800870,75.0010714285714,81.4,68.29,84,43,41
939,800950,72.4136781609195,67.39,78.05,87,46,41
940,801666,48.2751724137931,56.25,38.46,58,32,26
941,801848,78.1575862068966,83.33,73.33,87,42,45
942,804774,66.6673333333333,62.75,71.79,90,51,39
943,804878,75.5128571428571,80.77,69.57,98,52,46
944,804915,60.9193103448276,62.96,57.58,87,54,33
945,804998,45.4536363636364,46.34,44,66,41,25
946,805499,83.9965333333333,87.8,79.41,75,41,34
947,808139,72.8136893203883,71.15,74.51,103,52,51
948,808378,83.1896460176991,84.91,81.67,113,53,60
949,808654,74.1556179775281,65.85,81.25,89,41,48
950,808783,58.8205882352941,52.27,70.83,68,44,24
951,808819,75.2917647058823,64.44,87.5,85,45,40
952,812511,74.2871428571429,77.78,68,70,45,25
953,814689,78.3791891891892,71.43,87.5,74,42,32
954,816492,78.1283333333333,77.59,78.95,96,58,38
955,816626,77.778,79.63,75,90,54,36
956,817082,72.4995,78.43,62.07,80,51,29
957,818063,73.9165217391304,77.59,67.65,92,58,34
958,818677,62.8215384615385,67.35,55.17,78,49,29
959,819542,77.94,85.29,70.59,68,34,34
960,819778,74.0755555555556,81.25,63.64,81,48,33
961,820500,65.6746268656716,76.6,40,67,47,20
962,820547,65.9383516483516,68.97,60.61,91,58,33
963,820617,54.4132352941176,67.35,21.05,68,49,19
964,821341,74.1191764705882,72.73,75.61,85,44,41
965,821731,68.3636734693877,73.58,62.22,98,53,45
966,821968,66.6653846153846,78.05,54.05,78,41,37
967,823998,73.0343820224719,82.22,63.64,89,45,44
968,824081,50,75,25,48,24,24
969,824086,58.9260714285714,59.09,58.82,56,22,34
970,824190,55.5561111111111,56.82,53.57,72,44,28
971,826442,71.6191891891892,76.19,65.62,74,42,32
972,826662,58.2101492537313,52.94,63.64,67,34,33
973,826966,74.664,84.21,64.86,75,38,37
974,827241,68.6027906976744,75,63.04,86,40,46
975,827997,83.8714516129032,88.89,80,62,27,35
976,829133,66.6652,72.73,61.9,75,33,42
977,835280,75.640641025641,74.29,76.74,78,35,43
978,837708,80.2839436619718,81.82,78.95,71,33,38
979,838101,57.813125,69.77,33.33,64,43,21
980,839617,77.3362666666667,76.32,78.38,75,38,37
981,839652,64.4713157894737,58.97,70.27,76,39,37
982,840222,61.4268571428571,69.23,51.61,70,39,31
983,840362,65,70,60,80,40,40
984,840698,62.856,72.09,48.15,70,43,27
985,840710,68.8312987012987,73.17,63.89,77,41,36
986,841282,80.7661538461539,83.33,77.27,52,30,22
987,841869,69.4935593220339,75.76,61.54,59,33,26
988,842444,71.4280357142857,78.38,57.89,56,37,19
989,843114,77.2156962025316,80,74.36,79,40,39
990,846324,92.8571428571429,85,100,84,40,44
991,847102,74.998125,78.57,72.22,64,28,36
992,847524,75.7606060606061,80.65,71.43,66,31,35
993,848183,74.0258441558442,70.27,77.5,77,37,40
994,850533,57.9708695652174,56.41,60,69,39,30
995,853616,75.0038888888889,65.52,81.4,72,29,43
996,853989,84.1465853658537,79.49,88.37,82,39,43
997,855331,76.3897222222222,77.14,75.68,72,35,37
998,856069,65.5210344827586,64.29,66.67,58,28,30
999,856074,78.4615384615385,77.5,80,65,40,25
1000,856393,77.4669014084507,75,80.65,71,40,31
1001,856795,82.5604651162791,78.05,86.67,86,41,45
1002,857448,71.0849397590361,88.89,50,83,45,38
1003,859261,90.122962962963,89.47,90.7,81,38,43
1004,859513,87.8063414634146,92.86,82.5,82,42,40
1005,859534,91.46,95.12,87.8,82,41,41
1006,859616,86.0759493670886,88.89,83.72,79,36,43
1007,859662,85.2958823529412,91.43,78.79,68,35,33
1008,860965,81.9706557377049,92.31,74.29,61,26,35
1009,861779,85.7175324675325,86.21,85.42,77,29,48
1010,862268,89.6566666666667,86.21,91.38,87,29,58
1011,862538,88.3720930232558,90,87.5,86,30,56
1012,862779,80.004,66.67,84.75,80,21,59
1013,865787,81.81625,75.76,85.45,88,33,55
1014,866463,75.2929411764706,67.5,82.22,85,40,45
1015,867842,70.5863235294118,68,72.09,68,25,43
1016,868951,47.6892307692308,58.33,34.48,65,36,29
1017,870159,73.4918072289157,70,76.74,83,40,43
1018,870389,71.6048148148148,69.23,73.81,81,39,42
1019,870786,77.7769135802469,70.45,86.49,81,44,37
1020,870851,76.4065168539326,69.57,83.72,89,46,43
1021,871289,67.9022222222222,58.33,75.56,81,36,45
1022,872404,65.1724719101124,45.95,78.85,89,37,52
1023,872479,52.1122535211268,31.25,69.23,71,32,39
1024,875256,82.7573563218391,78.95,85.71,87,38,49
1025,875280,78.4069318181818,73.33,83.72,88,45,43
1026,875562,77.6309210526316,77.14,78.05,76,35,41
1027,876304,77.7732098765432,65.62,85.71,81,32,49
1028,878009,81.24921875,71.43,93.1,64,35,29
1029,880936,86.1133333333333,84.38,87.5,72,32,40
1030,881888,75.9488607594937,90.62,65.96,79,32,47
1031,882720,73.0741025641026,76.47,70.45,78,34,44
1032,884438,66.6673913043478,50,78.05,69,28,41
1033,884574,67.1655223880597,55.17,76.32,67,29,38
1034,884589,62.2960655737705,40.91,74.36,61,22,39
1035,887750,77.2718181818182,77.78,76.92,66,27,39
1036,888092,75.3853846153846,79.17,73.17,65,24,41
1037,888281,64.5116129032258,52.17,71.79,62,23,39
1038,888764,73.6847368421053,88.89,60,57,27,30
1039,889058,83.8264705882353,88,81.4,68,25,43
1040,889517,83.5407594936709,83.78,83.33,79,37,42
1041,891251,74.6460563380282,70.37,77.27,71,27,44
1042,892163,54.097868852459,64.29,45.45,61,28,33
1043,893927,74.9997368421053,65.71,82.93,76,35,41
1044,896767,78.7545,75.68,81.4,80,37,43
1045,897287,75.677027027027,67.65,82.5,74,34,40
1046,899338,67.3105769230769,64.52,71.43,52,31,21
1047,899378,79.3653968253968,76.47,82.76,63,34,29
1048,899431,77.357358490566,77.14,77.78,53,35,18
1049,899861,82.1432142857143,86.67,76.92,56,30,26
1050,900014,73.5860377358491,80,65.22,53,30,23
1051,901233,86.7916981132075,96.15,77.78,53,26,27
1052,901386,79.6292592592593,78.57,80.77,54,28,26
1053,902058,36.9215384615385,29.41,45.16,65,34,31
1054,902390,80.3290163934426,90,70.97,61,30,31
1055,902543,81.3591525423729,86.21,76.67,59,29,30
1056,903044,79.6606779661017,76.47,84,59,34,25
1057,904613,81.0320689655173,83.33,78.57,58,30,28
1058,906358,82.7608620689655,82.61,82.86,58,23,35
1059,907261,78.7886363636364,78.38,79.31,66,37,29
1060,908536,81.426,79.41,83.33,70,34,36
1061,909114,88.89,92.59,86.67,72,27,45
1062,909420,80.5577777777778,78.38,82.86,72,37,35
1063,909840,49.4,15,81.4,83,40,43
1064,911278,75.5552222222222,77.36,72.97,90,53,37
1065,912015,74.680253164557,62.16,85.71,79,37,42
1066,913619,83.74925,85.71,80.65,80,49,31
1067,915213,68.4923287671233,52.78,83.78,73,36,37
1068,915826,67.0692682926829,61.36,73.68,82,44,38
1069,917271,79.4884615384615,78.57,80.56,78,42,36
1070,921334,68.6274509803922,80,43.75,51,35,16
1071,921507,83.8241176470588,83.33,84.38,68,36,32
1072,922534,77.3346666666667,72.5,82.86,75,40,35
1073,925304,82.4740206185567,87.04,76.74,97,54,43
1074,927430,76.8126086956522,78.79,75,69,33,36
1075,927921,79.4129411764706,81.25,77.78,68,32,36
1076,928929,72.7293939393939,78.38,65.52,66,37,29
1077,929783,77.0485245901639,86.11,64,61,36,25
1078,929987,50.9817647058824,75,10.53,51,32,19
1079,930101,76.1928571428571,84.85,66.67,63,33,30
1080,931487,67.3485714285714,68.42,66.67,49,19,30
1081,935103,72.7293506493506,75.68,70,77,37,40
1082,935202,60.8097297297297,39.39,78.05,74,33,41
1083,935505,89.8536231884058,93.1,87.5,69,29,40
1084,936909,76.344623655914,74.47,78.26,93,47,46
1085,937751,73.9730136986301,66.67,82.35,73,39,34
1086,938786,65.7534246575343,64.1,67.65,73,39,34
1087,939610,69.0509523809524,60.53,76.09,84,38,46
1088,941733,74.6881012658228,76.6,71.88,79,47,32
1089,942109,77.4224193548387,69.7,86.21,62,33,29
1090,943063,67.3901086956522,67.92,66.67,92,53,39
1091,943768,75.3236363636364,77.14,73.81,77,35,42
1092,948060,39.7280821917808,27.5,54.55,73,40,33
1093,950394,67.2437931034483,75.68,52.38,58,37,21
1094,950854,73.332,78.12,67.86,60,32,28
1095,951337,81.5355384615385,86.84,74.07,65,38,27
1096,952015,78.483164556962,85.11,68.75,79,47,32
1097,954067,49.2498507462687,40.62,57.14,67,32,35
1098,955223,73.5288235294118,79.31,69.23,68,29,39
1099,956738,82.81546875,77.78,86.49,64,27,37
1100,957968,78.9457894736842,83.33,75,76,36,40
1101,959159,69.1152941176471,68.75,69.44,68,32,36
1102,962840,65.4311111111111,72.22,60,81,36,45
1103,964123,67.1216438356164,58.06,73.81,73,31,42
1104,964283,74.99875,70.83,77.5,64,24,40
1105,964785,76.253125,74.29,77.78,80,35,45
1106,965133,79.0688372093023,72.22,84,86,36,50
1107,967776,77.1428571428571,76.32,78.12,70,38,32
1108,967800,84.9965,77.27,94.44,80,44,36
1109,969546,55.8454545454546,50,62.86,77,42,35
1110,972622,65.3838461538462,50,78.57,78,36,42
1111,973234,77.94,79.41,76.47,68,34,34
1112,973321,96.0016,91.67,100,75,36,39
1113,975387,74.2454545454545,79.49,66.67,66,39,27
1114,975468,86.3010958904109,81.82,93.1,73,44,29
1115,975727,67.1617910447761,53.12,80,67,32,35
1116,976633,83.53,76.47,94.12,85,51,34
1117,977386,90.5271578947369,87.04,95.12,95,54,41
1118,978444,88.5697142857143,83.78,93.94,70,37,33
1119,978795,86.11,93.18,75,72,44,28
1120,979040,73.8467692307692,62.16,89.29,65,37,28
1121,980741,78.5716666666667,81.63,74.29,84,49,35
1122,981339,79.0335483870968,80.49,76.19,62,41,21
1123,981610,82.538253968254,88.37,70,63,43,20
1124,981710,65.15,64.86,65.52,66,37,29
1125,982242,81.4315714285714,86.49,75.76,70,37,33
1126,982784,91.5481690140845,90.32,92.5,71,31,40
1127,985880,85.3368,87.76,80.77,75,49,26
1128,988008,86.045,88.37,83.72,86,43,43
1129,989868,85.5085507246377,86.21,85,69,29,40
1130,991876,77.5851724137931,79.41,75,58,34,24
1131,993214,81.69,70.59,91.89,71,34,37
1132,993924,87.6717808219178,87.5,87.88,73,40,33
1133,996026,68.1827272727273,74.36,59.26,66,39,27
1134,996217,59.37375,75,33.33,64,40,24
1135,996561,80.3293442622951,80.49,80,61,41,20
1136,996728,86.3639393939394,82.86,90.32,66,35,31
1137,998457,82.1928767123288,75.76,87.5,73,33,40
1138,999814,75.3835384615385,78.12,72.73,65,32,33
1139,1002631,45.4524242424242,15.62,73.53,66,32,34
1140,1008609,80.8993258426966,77.36,86.11,89,53,36
1141,1012915,69.05,57.5,79.55,84,40,44
1142,1013841,67.3448979591837,59.57,74.51,98,47,51
1143,1014421,23.8538532110092,23.73,24,109,59,50
1144,1015064,53.3326666666667,40,68.57,75,40,35
1145,1018236,81.0118987341772,87.1,77.08,79,31,48
1146,1018335,72.7272727272727,55,87.5,88,40,48
1147,1019365,69.4137647058824,75.61,63.64,85,41,44
1148,1025105,83.3372222222222,91.18,76.32,72,34,38
1149,1025510,78.5695238095238,86.36,70,84,44,40
1150,1028605,83.0966197183099,89.74,75,71,39,32
1151,1028638,77.9652542372881,88.57,62.5,59,35,24
1152,1032537,84.0434042553191,86,81.82,94,50,44
1153,1032823,79.9973,81.13,78.72,100,53,47
1154,1036986,70.2727027027027,65.12,77.42,74,43,31
1155,1037462,69.3182954545455,60,79.07,88,45,43
1156,1037726,68.3529113924051,64.86,71.43,79,37,42
1157,1038174,60.4668604651163,62.75,57.14,86,51,35
1158,1038564,72.7283116883117,77.36,62.5,77,53,24
1159,1038704,60,60.87,58.62,75,46,29
1160,1038885,72.49975,67.44,78.38,80,43,37
1161,1039600,54.5475,64,42.11,44,25,19
1162,1039842,62.7120338983051,72.22,47.83,59,36,23
1163,1040627,70.9302325581395,72.97,69.39,86,37,49
1164,1040924,79.0153086419753,81.82,75.68,81,44,37
1165,1041070,77.9202597402598,83.78,72.5,77,37,40
1166,1042273,82.8579047619048,82.26,83.72,105,62,43
1167,1042549,86.21,91.67,79.49,87,48,39
1168,1044056,63.2673469387755,69.7,50,49,33,16
1169,1044158,75.7134285714286,78.05,72.41,70,41,29
1170,1045340,84.5087323943662,88.24,81.08,71,34,37
1171,1050354,77.78,82.5,71.88,72,40,32
1172,1050755,79.743164556962,85.71,72.97,79,42,37
1173,1051667,82.7134567901235,87.23,76.47,81,47,34
1174,1053939,72.501,80.85,60.61,80,47,33
1175,1055598,73.8133333333333,69.57,78.95,84,46,38
1176,1056168,63.8854166666667,51.72,72.09,72,29,43
1177,1056291,71.4253846153846,72.09,70.83,91,43,48
1178,1056324,69.9995555555556,68.18,71.74,90,44,46
1179,1057145,75.5566666666667,78.85,71.05,90,52,38
1180,1057256,63.9562790697674,60.38,69.7,86,53,33
1181,1057340,71.5885227272727,76.47,64.86,88,51,37
1182,1057349,67.1610447761194,65.62,68.57,67,32,35
1183,1057372,74.7001204819277,79.17,68.57,83,48,35
1184,1057688,69.7365789473684,66.67,72.09,76,33,43
1185,1059053,79.5175903614458,81.82,76.92,83,44,39
1186,1059624,77.3329333333333,65.85,91.18,75,41,34
1187,1061132,77.1461428571429,78.79,75.68,70,33,37
1188,1062571,78.9478947368421,78.12,79.55,76,32,44
1189,1063964,77.6352631578947,72.73,84.38,76,44,32
1190,1064077,63.9368852459016,54.55,75,61,33,28
1191,1065918,80.5594444444444,74.29,86.49,72,35,37
1192,1067399,73.2132142857143,76.47,68.18,56,34,22
1193,1067416,81.82,81.82,81.82,66,33,33
1194,1069311,87.6750684931507,82.86,92.11,73,35,38
1195,1070867,70.1501492537313,75.68,63.33,67,37,30
1196,1071654,66.1777941176471,60,72.73,68,35,33
1197,1072086,76.666,66.67,83.33,60,24,36
1198,1072941,73.9113043478261,90,51.72,69,40,29
1199,1073163,83.5829850746269,77.78,87.5,67,27,40
1200,1076654,78.95,78.95,78.95,76,38,38
1201,1079799,52.1730434782609,70,38.46,23,10,13
1202,1080213,96.1569230769231,95,96.88,52,20,32
1203,1080510,84.2121052631579,96.67,70.37,57,30,27
1204,1081324,74.5759322033898,90,58.62,59,30,29
1205,1081790,90.9109090909091,96.3,87.18,66,27,39
1206,1081881,87.8742424242424,90.62,85.29,66,32,34
1207,1081893,91.8050819672131,94.12,88.89,61,34,27
1208,1081929,92.65,94.12,91.18,68,34,34
1209,1081951,80.9544444444444,92.86,71.43,63,28,35
1210,1081961,89.232,90.32,88.24,65,31,34
1211,1081981,84.5088732394366,91.43,77.78,71,35,36
1212,1082467,78.572380952381,81.82,75,42,22,20
1213,1082690,43.33,63.33,23.33,60,30,30
1214,1082886,87.2306382978723,90.62,80,47,32,15
1215,1084010,78.1850909090909,87.1,66.67,55,31,24
1216,1084982,83.0971830985915,76.67,87.8,71,30,41
1217,1085066,77.0483606557377,58.33,89.19,61,24,37
1218,1085488,67.2398275862069,47.37,76.92,58,19,39
1219,1085642,75.3639130434783,70,79.49,69,30,39
1220,1085965,87.5004166666667,82.86,91.89,72,35,37
1221,1086701,84.1285714285714,79.17,87.18,63,24,39
1222,1087132,73.6802631578947,58.82,85.71,76,34,42
1223,1087786,79.7477215189873,72.22,86.05,79,36,43
1224,1089314,71.4285714285714,62.96,77.78,63,27,36
1225,1089837,74.4204651162791,74.51,74.29,86,51,35
1226,1092095,76.9223076923077,66.67,85.71,91,42,49
1227,1092361,63.6385714285714,65.91,60.61,77,44,33
1228,1093310,73.5317647058824,76.32,70,68,38,30
1229,1093321,75.0005434782609,76.6,73.33,92,47,45
1230,1094494,67.8997530864198,67.44,68.42,81,43,38
1231,1095221,65.2173913043478,75,56.25,92,44,48
1232,1096613,63.9522093023256,80.39,40,86,51,35
1233,1098080,68.831038961039,70.27,67.5,77,37,40
1234,1101777,81.5536893203884,84.78,78.95,103,46,57
1235,1102341,82.289375,83.67,80.85,96,49,47
1236,1102794,84.6132967032967,85,84.31,91,40,51
1237,1103010,72.1642268041237,76.19,69.09,97,42,55
1238,1103379,66.6678260869565,59.26,71.43,69,27,42
1239,1104858,69.3160227272727,71.43,67.92,88,35,53
1240,1105282,82.1442857142857,86.11,79.17,84,36,48
1241,1106104,67.9471794871795,45,75.86,78,20,58
1242,1107229,77.921948051948,83.33,74.47,77,30,47
1243,1108484,77.027027027027,69.57,80.39,74,23,51
1244,1109069,79.5443181818182,76.47,81.48,88,34,54
1245,1110035,82.6649333333333,79.31,84.78,75,29,46
1246,1110068,34.6192307692308,29.17,39.29,52,24,28
1247,1110944,65.718,42.31,79.55,70,26,44
1248,1111571,61.1119444444444,61.54,60.87,72,26,46
1249,1112084,74.0749382716049,76.92,72.73,81,26,55
1250,1112808,77.3807142857143,76.47,78,84,34,50
1251,1114443,81.0802702702703,79.41,82.5,74,34,40
1252,1115480,67.7966101694915,58.82,71.43,59,17,42
1253,1118528,81.5775,90.24,71.43,76,41,35
1254,1118920,68.4231578947368,80.56,57.5,76,36,40
1255,1120932,86.0483720930233,84.09,88.1,86,44,42
1256,1121765,85.8974358974359,86.05,85.71,78,43,35
1257,1123141,64.1794029850746,59.26,67.5,67,27,40
1258,1125011,80.3267213114754,88.57,69.23,61,35,26
1259,1128546,79.3098850574713,75,83.72,87,44,43
1260,1128640,85.1381081081081,85.37,84.85,74,41,33
1261,1129089,60.2768493150685,74.29,47.37,73,35,38
1262,1129165,68.332,74.19,62.07,60,31,29
1263,1132930,79.4884615384616,77.14,81.4,78,35,43
1264,1136925,79.5177108433735,71.88,84.31,83,32,51
1265,1137135,62.9006451612903,65.38,61.11,62,26,36
1266,1137803,71.4271428571429,68.29,75,77,41,36
1267,1138121,80.4086597938144,76.74,83.33,97,43,54
1268,1140916,83.3377777777778,89.29,79.55,72,28,44
1269,1141162,81.8163636363636,80,83.33,77,35,42
1270,1141284,75.4385964912281,68,81.25,57,25,32
1271,1141972,62.7123728813559,70.97,53.57,59,31,28
1272,1142433,82.8588571428572,91.18,75,70,34,36
1273,1144188,77.025,72.97,81.08,74,37,37
1274,1144969,63.2369117647059,58.62,66.67,68,29,39
1275,1146160,63.1594736842105,70.37,56.67,57,27,30
1276,1146192,61.5384615384615,75,40,52,32,20
1277,1146884,60,71.43,48.57,70,35,35
1278,1147505,78.9502631578947,85.37,71.43,76,41,35
1279,1147666,79.3144827586207,84.38,73.08,58,32,26
1280,1147830,73.6842105263158,72,75,57,25,32
1281,1147931,51.785,57.14,46.43,56,28,28
1282,1147949,60.3460344827586,78.79,36,58,33,25
1283,1148598,81.5797368421053,84.85,79.07,76,33,43
1284,1149528,65.7876315789474,73.53,59.52,76,34,42
1285,1149606,66.175,85.29,47.06,68,34,34
1286,1152330,81.9469444444445,89.19,74.29,72,37,35
1287,1153446,59.6526315789474,54.17,63.64,57,24,33
1288,1153479,56.8635294117647,75.76,22.22,51,33,18
1289,1153923,74.6456338028169,83.72,60.71,71,43,28
1290,1154340,66.6693333333333,76.32,50,60,38,22
1291,1154631,56.8643137254902,48.28,68.18,51,29,22
1292,1156929,74.998125,73.33,76.47,64,30,34
1293,1157233,75.3607246376811,77.5,72.41,69,40,29
1294,1157560,69.0932727272727,66.67,70.59,55,21,34
1295,1158289,81.4851851851852,73.08,89.29,54,26,28
1296,1159792,77.332,77.42,77.27,75,31,44
1297,1159940,84.998,87.5,83.33,60,24,36
1298,1161140,73.5871698113207,84,64.29,53,25,28
1299,1161218,79.0711627906977,71.43,82.76,86,28,58
1300,1161359,77.49725,72.41,80.39,80,29,51
1301,1161605,74.7155172413793,66.67,78.95,87,30,57
1302,1162295,55.3589285714286,39.13,66.67,56,23,33
1303,1163332,80.7716666666667,82.93,78.38,78,41,37
1304,1164310,80,77.5,82.5,80,40,40
1305,1164813,69.2315384615384,63.89,73.81,78,36,42
1306,1166255,74.7482828282828,67.44,80.36,99,43,56
1307,1167842,79.9991111111111,78.05,81.63,90,41,49
1308,1169848,72.4172413793103,75.56,69.05,87,45,42
1309,1170899,81.25,80,82.5,80,40,40
1310,1173399,84.3336144578313,83.67,85.29,83,49,34
1311,1176137,61.194776119403,71.43,50,67,35,32
1312,1176197,66.1741176470588,62.5,69.44,68,32,36
1313,1177283,68.1833333333333,67.65,68.75,66,34,32
1314,1177407,75.0003125,84.21,61.54,64,38,26
1315,1178838,76.9239743589743,75.61,78.38,78,41,37
1316,1179047,81.24825,84.78,76.47,80,46,34
1317,1181783,80.7666666666667,82.69,76.92,78,52,26
1318,1184873,76.6653333333333,65.22,83.78,60,23,37
1319,1186638,89.0395890410959,86.11,91.89,73,36,37
1320,1187326,65.275,72.22,58.33,72,36,36
1321,1187707,40.3001492537313,27.59,50,67,29,38
1322,1187837,4.22408450704225,0,7.69,71,32,39
1323,1187860,1.33586666666667,0,2.33,75,32,43
1324,1188094,63.4621153846154,79.31,43.48,52,29,23
1325,1188431,4.16652777777778,6.45,2.44,72,31,41
1326,1189267,70.3134375,78.79,61.29,64,33,31
1327,1189808,34.7866666666667,9.38,56.76,69,32,37
1328,1190587,66.6671929824561,84.62,51.61,57,26,31
1329,1191148,77.6110447761194,87.1,69.44,67,31,36
1330,1191256,75.7560606060606,82.35,68.75,66,34,32
1331,1192111,73.9128985507246,79.31,70,69,29,40
1332,1196519,78.666,82.05,75,75,39,36
1333,1197710,68.3333333333333,60,72.5,60,20,40
1334,1204087,77.1455714285714,80.65,74.36,70,31,39
1335,1204676,52.3086153846154,67.86,40.54,65,28,37
1336,1205570,82.9273170731707,80.56,84.78,82,36,46
1337,1206259,84.2084210526316,74.19,91.11,76,31,45
1338,1206895,67.6084507042253,74.36,59.38,71,39,32
1339,1208213,76.5433333333333,82.05,71.43,81,39,42
1340,1211116,92.3092307692308,88.89,95.24,78,36,42
1341,1211175,78.3789189189189,65.62,88.1,74,32,42
1342,1211367,87.4973611111111,83.87,90.24,72,31,41
1343,1212152,70.8338888888889,82.35,60.53,72,34,38
1344,1212322,90.7910526315789,90,91.67,76,40,36
1345,1212357,89.5319767441861,91.11,87.8,86,45,41
1346,1213271,84.3379518072289,83.33,85.11,83,36,47
1347,1213381,89.1584337349397,86.05,92.5,83,43,40
1348,1213739,80.2184615384615,70,92.68,91,50,41
1349,1213864,80.4856097560976,75,85.71,82,40,42
1350,1213937,87.6553086419753,84.21,90.7,81,38,43
1351,1213984,92.6322105263158,94.23,90.7,95,52,43
1352,1214144,93.5920512820513,92.11,95,78,38,40
1353,1216821,70.5870588235294,72.22,68.75,68,36,32
1354,1217739,77.1959649122807,86.21,67.86,57,29,28
1355,1218045,90.7878947368421,93.33,89.13,76,30,46
1356,1219993,83.3361538461538,84.38,82.61,78,32,46
1357,1220368,84.0009333333333,82.35,85.37,75,34,41
1358,1220402,77.6117910447761,72.73,82.35,67,33,34
1359,1220671,80.7697435897436,81.58,80,78,38,40
1360,1222572,89.7442307692308,88.57,90.7,78,35,43
1361,1222892,76.7470930232558,78.05,75.56,86,41,45
1362,1223586,85.556,83.33,87.04,90,36,54
1363,1224022,82.0210112359551,82.5,81.63,89,40,49
1364,1224289,82.6126086956522,80.65,83.61,92,31,61
1365,1224384,43.5916666666667,25.81,55.32,78,31,47
1366,1224550,83.7211627906977,79.41,86.54,86,34,52
1367,1224800,88.001,85.71,89.66,100,42,58
1368,1225692,80.4322826086956,71.43,85.96,92,35,57
1369,1226789,80.4347826086957,84.44,76.6,92,45,47
1370,1227248,75.583023255814,67.65,80.77,86,34,52
1371,1231240,67.1629850746269,70,62.96,67,40,27
1372,1232529,86.0213978494624,81.58,89.09,93,38,55
1373,1233466,79.3467391304348,80.95,78,92,42,50
1374,1233489,76.7425581395349,70.27,81.63,86,37,49
1375,1233887,70.6666666666667,48.28,84.78,75,29,46
1376,1234184,75.8238461538462,87.23,63.64,91,47,44
1377,1234572,53.1275,69.23,42.11,64,26,38
1378,1235700,68.4923287671233,73.68,62.86,73,38,35
1379,1237307,74.2871428571429,78.95,68.75,70,38,32
1380,1240699,74.9979761904762,78.72,70.27,84,47,37
1381,1240873,80.2498765432099,87.76,68.75,81,49,32
1382,1244518,78.9474736842105,76.09,81.63,95,46,49
1383,1244600,83.752,76.19,92.11,80,42,38
1384,1245136,60.8691304347826,50,69.23,69,30,39
1385,1245308,80.2176923076923,75,84.31,91,40,51
1386,1245626,80.0037647058824,84.62,76.09,85,39,46
1387,1246521,64.3849315068493,69.7,60,73,33,40
1388,1246672,44.0716949152542,55.56,26.09,59,36,23
1389,1247550,49.1816393442623,8.33,75.68,61,24,37
1390,1247635,57.355,64.71,50,68,34,34
1391,1248734,73.3326666666667,68.75,78.57,60,32,28
1392,1250513,62.0278481012658,57.78,67.65,79,45,34
1393,1251203,57.695,66.67,48.72,78,39,39
1394,1251460,82.5579069767442,84.21,81.25,86,38,48
1395,1251871,83.5630136986301,88.89,78.38,73,36,37
1396,1252393,84.8132911392405,91.43,79.55,79,35,44
1397,1252756,79.7102898550725,88.57,70.59,69,35,34
1398,1253797,75.7148571428571,81.58,68.75,70,38,32
1399,1253815,69.228,57.69,76.92,65,26,39
1400,1253987,2.175,0,4.35,92,46,46
1401,1254029,1.02,1.96,0,98,51,47
1402,1254378,87.2090697674419,89.13,85,86,46,40
1403,1254988,87.5,97.62,68.18,64,42,22
1404,1257178,70.4908196721312,77.14,61.54,61,35,26
1405,1258517,69.2305128205128,70.59,68.18,78,34,44
1406,1258614,81.0827027027027,77.78,82.98,74,27,47
1407,1260116,79.3106896551724,85.37,73.91,87,41,46
1408,1260288,71.24775,84.21,59.52,80,38,42
1409,1260555,83.5315294117647,92.86,74.42,85,42,43
1410,1260926,74.6483098591549,82.93,63.33,71,41,30
1411,1261046,49.15,45.45,51.35,59,22,37
1412,1261221,76.4080898876404,86.96,65.12,89,46,43
1413,1264796,81.33,93.33,73.33,75,30,45
1414,1266750,88.8877777777778,88.46,89.09,81,26,55
1415,1267158,86.022688172043,89.19,83.93,93,37,56
1416,1267382,81.24775,85.29,78.26,80,34,46
1417,1268080,77.2721590909091,85.71,71.7,88,35,53
1418,1269660,92.5941975308642,91.43,93.48,81,35,46
1419,1269720,88.0001333333333,93.55,84.09,75,31,44
1420,1269933,77.4198387096774,60.87,87.18,62,23,39
1421,1270954,90.59,95,86.67,85,40,45
1422,1271145,96.3406097560976,94.59,97.78,82,37,45
1423,1272023,73.8475384615385,75,72.73,65,32,33
1424,1272248,84.282,83.33,85.29,70,36,34
1425,1272811,78.5705714285714,78.12,78.95,70,32,38
1426,1273909,88.4582051282051,83.78,92.68,78,37,41
1427,1274041,79.1705555555556,68.97,86.05,72,29,43
1428,1274269,77.7783333333333,82.05,72.73,72,39,33
1429,1274296,66.0998305084746,60,72.41,59,30,29
1430,1274785,79.7332432432433,72.73,85.37,74,33,41
1431,1276857,85.9112676056338,87.8,83.33,71,41,30
1432,1280127,90.4766666666667,90.91,90,63,33,30
1433,1280566,75.3881538461538,78.79,71.88,65,33,32
1434,1281054,77.6080597014925,78.12,77.14,67,32,35
1435,1281359,81.3540677966102,87.5,74.07,59,32,27
1436,1281512,77.2730303030303,83.87,71.43,66,31,35
1437,1284130,79.9987692307692,82.35,77.42,65,34,31
1438,1284451,73.2182142857143,76.32,66.67,56,38,18
1439,1287300,74.1189411764706,79.07,69.05,85,43,42
1440,1287655,75.3060493827161,85.71,67.39,81,35,46
1441,1288609,80.0017333333333,73.17,88.24,75,41,34
1442,1291609,55.2663157894737,67.86,47.92,76,28,48
1443,1291636,60.465,67.57,55.1,86,37,49
1444,1292541,75,71.43,77.55,84,35,49
1445,1293496,77.1428571428571,74.19,79.49,70,31,39
1446,1293561,67.6924615384615,61.29,73.53,65,31,34
1447,1293749,80.00025,78.79,80.85,80,33,47
1448,1294904,88.0024,81.82,92.86,75,33,42
1449,1298294,80,80,80,90,45,45
1450,1301565,65.1521212121212,67.5,61.54,66,40,26
1451,1301712,67.1620895522388,58.06,75,67,31,36
1452,1301878,69.445,83.33,55.56,72,36,36
1453,1301929,74.3251351351351,70.59,77.5,74,34,40
1454,1301959,62.8225641025641,65.12,60,78,43,35
1455,1302021,80.5533333333333,82.5,78.12,72,40,32
1456,1302846,65.7578082191781,75.68,55.56,73,37,36
1457,1303587,57.974347826087,46.67,66.67,69,30,39
1458,1303937,60.001,79.41,34.62,60,34,26
1459,1306567,79.1630555555556,85.71,72.97,72,35,37
1460,1307063,79.4869230769231,82.22,75.76,78,45,33
1461,1307356,72.3061538461538,80,63.33,65,35,30
1462,1309787,62.9016129032258,75,46.15,62,36,26
1463,1310664,72.1503797468354,83.33,54.84,79,48,31
1464,1310712,75.2958823529412,90,54.29,85,50,35
1465,1312465,81.6086206896552,83.33,79.49,87,48,39
1466,1312869,84.6146153846154,93.18,73.53,78,44,34
1467,1313114,76.248,77.08,75,80,48,32
1468,1314305,72.1326229508197,80.49,55,61,41,20
1469,1315208,75.4378947368421,77.78,73.33,57,27,30
1470,1315412,75,80.56,69.44,72,36,36
1471,1317512,81.1776470588235,85,77.78,85,40,45
1472,1318145,75.0026315789474,79.55,68.75,76,44,32
1473,1318418,69.2294871794872,67.5,71.05,78,40,38
1474,1319124,73.0757692307692,70,77.27,52,30,22
1475,1319196,56.5195652173913,53.12,64.29,46,32,14
1476,1321289,86.7644117647059,75.76,97.14,68,33,35
1477,1321968,71.9326315789474,59.38,88,57,32,25
1478,1322702,85.7147619047619,80,90.91,63,30,33
1479,1323437,79.63,74.07,85.19,54,27,27
1480,1324241,81.6881690140845,77.14,86.11,71,35,36
1481,1324897,87.8073170731707,88.1,87.5,82,42,40
1482,1326021,82.8588571428572,75,91.18,70,36,34
1483,1326871,93.0533333333333,90.32,95.12,72,31,41
1484,1327030,89.7442307692308,90.7,88.57,78,43,35
1485,1327201,86.7448192771084,84.09,89.74,83,44,39
1486,1328362,88.2351470588235,88.57,87.88,68,35,33
1487,1328398,90.5885882352941,88.37,92.86,85,43,42
1488,1329337,83.9307142857143,91.67,70,56,36,20
1489,1330087,82.5392063492064,81.25,83.87,63,32,31
1490,1331822,84.37375,92.5,70.83,64,40,24
1491,1331849,80.0001818181818,80.77,79.31,55,26,29
1492,1331859,85.0740298507463,92.68,73.08,67,41,26
1493,1336813,87.8742424242424,90.62,85.29,66,32,34
1494,1336840,75.3420547945205,77.78,72.97,73,36,37
1495,1336851,79.4527397260274,81.25,78.05,73,32,41
1496,1337369,78.2066666666667,86,64.29,78,50,28
1497,1337497,80.9547619047619,81.25,80.65,63,32,31
1498,1339708,62.2618867924528,36,85.71,53,25,28
1499,1339812,81.4301428571429,85.37,75.86,70,41,29
1500,1340064,83.1012676056338,80.49,86.67,71,41,30
1501,1342280,75.5822093023256,77.78,73.17,86,45,41
1502,1343511,73.5655172413793,74.36,72.92,87,39,48
1503,1343716,81.8161363636364,75.61,87.23,88,41,47
1504,1344231,75.9496202531646,81.08,71.43,79,37,42
1505,1345979,81.7065853658537,72.97,88.89,82,37,45
1506,1347467,82.72,91.67,75.56,81,36,45
1507,1347869,74.24,94.44,50,66,36,30
1508,1347899,82.7162962962963,77.42,86,81,31,50
1509,1348035,51.3870833333333,69.23,30.3,72,39,33
1510,1349152,90.82,92.86,89.29,98,42,56
1511,1350766,85.1827160493827,87.8,82.5,81,41,40
1512,1352142,64.3686206896552,37.21,90.91,87,43,44
1513,1352221,76.1465137614679,71.43,81.13,109,56,53
1514,1354204,83.8085714285714,82.22,85,105,45,60
1515,1354314,83.9280357142857,86.27,81.97,112,51,61
1516,1354405,80.8531914893617,88.1,75,94,42,52
1517,1355262,79.7479746835443,64.71,91.11,79,34,45
1518,1355939,62.3529411764706,44,70,85,25,60
1519,1356596,76.9984,81.82,73.21,100,44,56
1520,1356694,85.5532222222222,92.68,79.59,90,41,49
1521,1356762,73.2556976744186,61.29,80,86,31,55
1522,1357381,78.8224705882353,79.31,78.57,85,29,56
1523,1357807,74.99775,51.85,86.79,80,27,53
1524,1359821,84.2726966292135,71.88,91.23,89,32,57
1525,1361274,71.4279365079365,53.85,83.78,63,26,37
1526,1361507,70.6689333333333,68.97,71.74,75,29,46
1527,1364051,79.6146601941747,81.82,77.97,103,44,59
1528,1366935,55.2220895522388,70,43.24,67,30,37
1529,1368602,75.7583333333333,78.05,72,66,41,25
1530,1369549,66.0725,60.61,73.91,56,33,23
1531,1369650,73.1314925373134,71.79,75,67,39,28
1532,1371776,66.0401886792453,68.97,62.5,53,29,24
1533,1373931,70.8829113924051,51.61,83.33,79,31,48
1534,1375838,2.01979797979798,2,2.04,99,50,49
1535,1375946,59.9984,44.44,74.36,75,36,39
1536,1376724,84.0016,79.55,90.32,75,44,31
1537,1380260,70.4891803278689,67.74,73.33,61,31,30
1538,1380491,79.4130882352941,71.43,87.88,68,35,33
1539,1381115,76.563125,68.57,86.21,64,35,29
1540,1381344,53.0318181818182,37.5,67.65,66,32,34
1541,1382279,63.4615384615385,75,45,52,32,20
1542,1382548,72.3084615384615,68.57,76.67,65,35,30
1543,1382624,78.46,71.43,83.78,65,28,37
1544,1382954,59.0906060606061,53.12,64.71,66,32,34
1545,1383138,67.1865625,71.05,61.54,64,38,26
1546,1383657,70.1726315789474,60,78.12,57,25,32
1547,1386180,75.6423076923077,72.5,78.95,78,40,38
1548,1386288,78.3156626506024,75,81.4,83,40,43
1549,1387077,86.5812195121951,87.23,85.71,82,47,35
1550,1387262,60.4949382716049,46.51,76.32,81,43,38
1551,1387745,71.0117391304348,65.85,78.57,69,41,28
1552,1388009,69.8828915662651,73.08,64.52,83,52,31
1553,1388469,74.1938709677419,73.53,75,62,34,28
1554,1392346,85.2452459016394,80.95,94.74,61,42,19
1555,1393483,83.33,80.95,85.71,42,21,21
1556,1393663,73.9152173913044,76.67,68.75,46,30,16
1557,1395552,64.8166666666667,67.65,60,54,34,20
1558,1395575,68.9627586206897,73.68,60,58,38,20
1559,1396676,77.1424285714286,62.79,100,70,43,27
1560,1397424,84.2852857142857,73.17,100,70,41,29
1561,1400367,87.3022222222222,81.58,96,63,38,25
1562,1401588,84.373125,76.92,96,64,39,25
1563,1401671,79.6283333333333,72.97,94.12,54,37,17
1564,1402956,68.6579104477612,57.58,79.41,67,33,34
1565,1403305,80.9525,79.59,82.86,84,49,35
1566,1405164,84.2102631578947,82.93,85.71,76,41,35
1567,1405755,86.25,82.5,90,80,40,40
1568,1405976,76.8108695652174,67.65,85.71,69,34,35
1569,1406148,72.73,72.73,72.73,66,33,33
1570,1406536,58.7336507936508,48.28,67.65,63,29,34
1571,1406941,58.3311111111111,53.12,62.5,72,32,40
1572,1408020,91.5267796610169,88,94.12,59,25,34
1573,1410377,75.759696969697,71.43,78.95,66,28,38
1574,1412682,74.42,79.17,68.42,43,24,19
1575,1412688,68.5728571428571,56.25,78.95,35,16,19
1576,1413709,82.81125,93.33,73.53,64,30,34
1577,1414566,79.7316216216216,85.42,69.23,74,48,26
1578,1414621,87.6746575342466,88.64,86.21,73,44,29
1579,1415256,78.9484210526316,80,77.78,57,30,27
1580,1416484,89.7987755102041,89.66,90,49,29,20
1581,1417062,77.0254054054054,84.44,65.52,74,45,29
1582,1417759,81.9667213114754,93.33,70.97,61,30,31
1583,1418220,85.9972,78.57,95.45,50,28,22
1584,1418368,72.1311475409836,81.58,56.52,61,38,23
1585,1418414,71.4264285714286,73.33,69.23,56,30,26
1586,1418437,63.7906896551724,65.71,60.87,58,35,23
1587,1422152,79.9988,72.73,85.71,50,22,28
1588,1422776,84.6173076923077,72,96.3,52,25,27
1589,1422859,69.565652173913,33.33,92.86,46,18,28
1590,1423231,69.7655813953488,62.96,81.25,43,27,16
1591,1423415,51.426,33.33,78.57,35,21,14
1592,1425053,84.9060377358491,70,93.94,53,20,33
1593,1427044,80.3567857142857,69.23,90,56,26,30
1594,1427731,82.76,86.21,79.31,58,29,29
1595,1428040,78.12640625,77.42,78.79,64,31,33
1596,1431040,81.426,78.57,83.33,70,28,42
1597,1431091,83.5779104477612,76.92,87.8,67,26,41
1598,1431580,80.7669230769231,83.33,78.57,52,24,28
1599,1431668,84.3133333333333,94.12,79.41,51,17,34
1600,1432582,77.1963157894737,81.82,74.29,57,22,35
1601,1434581,73.9988,82.76,61.9,50,29,21
1602,1434729,75,84.38,65.62,64,32,32
1603,1435226,91.8055737704918,93.75,89.66,61,32,29
1604,1435538,83.6742857142857,95.24,75,49,21,28
1605,1436731,89.3936363636364,96.67,83.33,66,30,36
1606,1437124,77.275,90.91,63.64,66,33,33
1607,1437365,67.2137704918033,80,54.84,61,30,31
1608,1439079,88.3118181818182,97.22,80.49,77,36,41
1609,1439713,88.0550746268657,90.62,85.71,67,32,35
1610,1440343,72.7242857142857,61.29,80.43,77,31,46
1611,1441077,57.6267796610169,32,76.47,59,25,34
1612,1442557,88.4088405797101,92.31,86.05,69,26,43
1613,1442586,86.8834426229508,88.89,85.29,61,27,34
1614,1442918,85.0779104477612,88.24,81.82,67,34,33
1615,1443009,90.6633333333333,94.59,86.84,75,37,38
1616,1443180,87.8339189189189,89.74,85.71,74,39,35
1617,1443262,79.9955384615385,94.59,60.71,65,37,28
1618,1444067,91.07375,91.43,90.48,56,35,21
1619,1444323,78.7918181818182,76.67,80.56,66,30,36
1620,1444981,68.4210526315789,80,50,57,35,22
1621,1445851,79.1079104477612,80.65,77.78,67,31,36
1622,1446133,84.615,92.31,76.92,52,26,26
1623,1446212,61.2240816326531,65,58.62,49,20,29
1624,1447359,85.4166666666667,93.75,81.25,48,16,32
1625,1448663,73.4697959183674,87.5,47.06,49,32,17
1626,1448668,71.1871186440678,59.09,78.38,59,22,37
1627,1449411,76.1192537313433,80,70.37,67,40,27
1628,1450124,69.2270769230769,73.68,62.96,65,38,27
1629,1451391,80.2642105263158,82.5,77.78,76,40,36
1630,1451721,72.1311475409836,87.88,53.57,61,33,28
1631,1451982,72.7262121212121,75.86,70.27,66,29,37
1632,1453645,71.9298245614035,87.5,52,57,32,25
1633,1454364,78.0821917808219,84,75,73,25,48
1634,1454406,84.2076315789474,90,80.43,76,30,46
1635,1455945,69.1177941176471,52.17,77.78,68,23,45
1636,1455981,72.4652173913043,81.82,63.89,69,33,36
1637,1456459,85.7183333333333,82.86,87.76,84,35,49
1638,1456623,77.6132835820896,90,67.57,67,30,37
1639,1456854,85.7181818181818,88.1,82.86,77,42,35
1640,1457667,80.6802272727273,76.19,84.78,88,42,46
1641,1457924,72.0005333333333,63.16,81.08,75,38,37
1642,1460904,84.8813953488372,77.5,91.3,86,40,46
1643,1461876,81.16,87.88,75,69,33,36
1644,1462278,61.7994382022472,68.09,54.76,89,47,42
1645,1462287,67.6441176470588,63.33,71.05,68,30,38
1646,1462310,79.2680487804878,76.19,82.5,82,42,40
1647,1462626,75.8058064516129,68,81.08,62,25,37
1648,1463138,80.7206024096386,75,84.31,83,32,51
1649,1465037,72.2222222222222,77.5,68,90,40,50
1650,1465246,85.8568686868687,83.67,88,99,49,50
1651,1465719,77.7817777777778,76.32,78.85,90,38,52
1652,1466016,74.0748148148148,74.36,73.81,81,39,42
1653,1466807,64.6150769230769,52.94,77.42,65,34,31
1654,1469218,74.4187209302326,71.79,76.6,86,39,47
1655,1469442,80.5185714285714,80.65,80.43,77,31,46
1656,1470123,88.750875,96.97,82.98,80,33,47
1657,1471018,79.7262162162162,78.12,80.95,74,32,42
1658,1471138,81.1586956521739,80,82.05,69,30,39
1659,1477561,81.0832432432432,70,88.64,74,30,44
1660,1481790,48,44,52,50,25,25
1661,1483376,74.6288059701493,70.59,78.79,67,34,33
1662,1483928,67.19,77.42,57.58,64,31,33
1663,1484334,78.18,73.33,84,55,30,25
1664,1484754,64.8133333333333,70,58.33,54,30,24
1665,1485825,72.915,75.86,68.42,48,29,19
1666,1486060,67.3913043478261,63.64,70.83,46,22,24
1667,1486618,75.3621739130435,72.22,78.79,69,36,33
1668,1487427,64.7047058823529,56.25,72.22,68,32,36
1669,1487521,74.2851428571429,68.42,81.25,70,38,32
1670,1488015,81.24875,80,83.33,48,30,18
1671,1488597,74.6235820895522,73.68,75.86,67,38,29
1672,1489158,80.0018461538461,77.78,82.76,65,36,29
1673,1491048,81.6881690140845,77.14,86.11,71,35,36
1674,1491319,83.3315384615385,87.8,78.38,78,41,37
1675,1491540,84.9304109589041,87.18,82.35,73,39,34
1676,1491832,79.1029850746269,80.95,76,67,42,25
1677,1491940,85.1837037037037,83.72,86.84,81,43,38
1678,1492042,90.0026666666667,94.74,81.82,60,38,22
1679,1492381,68.5188888888889,75.76,57.14,54,33,21
1680,1492530,70.4945901639344,67.86,72.73,61,28,33
1681,1492583,86.3624242424242,88.57,83.87,66,35,31
1682,1493325,81.3571186440678,82.14,80.65,59,28,31
1683,1493746,64.7051470588235,69.23,58.62,68,39,29
1684,1494699,56.4527419354839,57.58,55.17,62,33,29
1685,1494783,75.0035294117647,68.97,79.49,68,29,39
1686,1495062,78.57,73.53,83.33,70,34,36
1687,1496768,61.6409589041096,48.57,73.68,73,35,38
1688,1498610,67.1658208955224,68.18,66.67,67,22,45
1689,1498761,63.6354545454546,67.74,60,66,31,35
1690,1498917,33.3342857142857,12.12,56.67,63,33,30
1691,1499058,69.51,76.47,64.58,82,34,48
1692,1499432,72.1484810126582,74.19,70.83,79,31,48
1693,1500035,76.5444444444445,75,77.78,81,36,45
1694,1501448,87.671095890411,82.35,92.31,73,34,39
1695,1501961,70.1510447761194,64.52,75,67,31,36
1696,1502709,74.1940322580645,72.73,75.86,62,33,29
1697,1502811,81.0821621621622,77.14,84.62,74,35,39
1698,1503135,79.1055223880597,78.57,79.49,67,28,39
1699,1503661,69.6978787878788,68.75,70.59,66,32,34
1700,1504089,83.0995774647887,79.41,86.49,71,34,37
1701,1504127,83.0983098591549,83.33,82.86,71,36,35
1702,1504325,79.3065517241379,70.83,85.29,58,24,34
1703,1505162,77.6098507462687,70,83.78,67,30,37
1704,1506055,90.9085714285714,83.72,100,77,43,34
1705,1506668,81.248,87.8,74.36,80,41,39
1706,1507649,85.7176923076923,86.05,85.42,91,43,48
1707,1508562,67.95,74.36,61.54,78,39,39
1708,1509140,74.6656,68.42,81.08,75,38,37
1709,1509199,83.3363636363636,89.66,78.38,66,29,37
1710,1510995,69.99875,70.73,69.23,80,41,39
1711,1511468,72.9716216216216,82.35,65,74,34,40
1712,1511591,90.2788888888889,89.19,91.43,72,37,35
1713,1512251,83.58,89.74,75,67,39,28
1714,1513390,82.8571428571429,90.62,76.32,70,32,38
1715,1513459,85.71,85.71,85.71,84,42,42
1716,1516368,82.6621333333333,76.74,90.62,75,43,32
1717,1516641,65.6755223880597,60.98,73.08,67,41,26
1718,1516845,83.9998666666667,82.93,85.29,75,41,34
1719,1516948,79.7291891891892,70.73,90.91,74,41,33
1720,1517140,68.0859574468085,56.52,79.17,47,23,24
1721,1519158,73.0152380952381,74.36,70.83,63,39,24
1722,1521499,72.1522784810127,84.78,54.55,79,46,33
1723,1528311,90.2453658536585,92.86,87.5,82,42,40
1724,1528386,79.4482191780822,83.33,76.74,73,30,43
1725,1529595,89.8573913043478,91.67,87.88,69,36,33
1726,1529811,68.4211842105263,62.07,72.34,76,29,47
1727,1531195,77.2155696202532,70.37,80.77,79,27,52
1728,1531437,87.6411235955056,82.86,90.74,89,35,54
1729,1532039,84.6137362637363,87.5,82.35,91,40,51
1730,1532475,75.3058024691358,72.97,77.27,81,37,44
1731,1534612,87.144,71.43,97.62,70,28,42
1732,1534971,84.9975,76.19,89.74,60,21,39
1733,1535172,76.1911904761905,70.59,80,42,17,25
1734,1536494,84.7464406779661,68,97.06,59,25,34
1735,1536697,63.8344680851064,38.1,84.62,47,21,26
1736,1537315,81.4851851851852,73.08,89.29,54,26,28
1737,1538725,80.6435483870968,68.75,93.33,62,32,30
1738,1538904,67.9260377358491,42.86,96,53,28,25
1739,1539133,75.0008333333333,45,96.43,48,20,28
1740,1539436,71.2115151515152,68.42,75,66,38,28
1741,1540597,71.9266666666667,58.06,88.46,57,31,26
1742,1540907,68.3371666666667,48.39,89.66,60,31,29
1743,1540966,81.2516666666667,65,92.86,48,20,28
1744,1541412,61.5424615384615,38.24,87.1,65,34,31
1745,1541481,50.0006666666667,31.25,71.43,60,32,28
1746,1541893,57.3781967213115,52.5,66.67,61,40,21
1747,1542565,60.7121428571429,64.1,52.94,56,39,17
1748,1543048,80.4890243902439,69.05,92.5,82,42,40
1749,1544245,36.905,35.71,38.1,84,42,42
1750,1544275,50.0032142857143,41.03,57.78,84,39,45
1751,1544316,51.3497297297297,58.82,45,74,34,40
1752,1545018,68.0544444444444,59.46,77.14,72,37,35
1753,1545180,83.5172527472527,79.17,88.37,91,48,43
1754,1545775,67.0704878048781,78.18,44.44,82,55,27
1755,1546205,81.1123333333333,79.25,83.78,90,53,37
1756,1548064,75.7536363636364,69.44,83.33,66,36,30
1757,1548411,69.4923728813559,66.67,73.91,59,36,23
1758,1549012,31.9125531914894,15.62,66.67,47,32,15
1759,1549163,80.2791549295775,82.22,76.92,71,45,26
1760,1549425,74.2457575757576,69.57,85,66,46,20
1761,1549799,82.0919402985075,80,84.38,67,35,32
1762,1549992,78.2626086956522,62.96,88.1,69,27,42
1763,1550271,83.7515,82.05,85.37,80,39,41
1764,1553900,82.93,79.49,86.05,82,39,43
1765,1553965,87.0128571428571,78.79,93.18,77,33,44
1766,1556837,86.205,75.86,96.55,58,29,29
1767,1557329,91.3073913043478,85.19,95.24,69,27,42
1768,1557379,87.1431428571429,84.38,89.47,70,32,38
1769,1557445,89.0428767123288,86.21,90.91,73,29,44
1770,1557623,77.9408823529412,70,84.21,68,30,38
1771,1557910,88.8877777777778,85.71,90.91,54,21,33
1772,1557992,74.6068253968254,86.21,64.71,63,29,34
1773,1559423,86.6662666666667,91.89,81.58,75,37,38
1774,1559495,86.3012328767123,92.59,82.61,73,27,46
1775,1560704,92.6442647058824,92.59,92.68,68,27,41
1776,1562898,78.9491228070175,73.53,86.96,57,34,23
1777,1564297,79.1689583333333,69.57,88,48,23,25
1778,1564312,76.0014,69.57,81.48,50,23,27
1779,1564932,61.2230612244898,75,35.29,49,32,17
1780,1565052,55.998,63.33,45,50,30,20
1781,1565371,82.3570588235294,85.19,79.17,51,27,24
1782,1566821,69.4925423728813,81.58,47.62,59,38,21
1783,1566916,79.2460377358491,80,77.78,53,35,18
1784,1567545,7.04408450704225,10.53,3.03,71,38,33
1785,1567935,78.949649122807,86.21,71.43,57,29,28
1786,1568694,70.59,86.21,50,51,29,22
1787,1569527,61.6997872340426,76.47,53.33,47,17,30
1788,1570585,63.3333333333333,40,75,60,20,40
1789,1571231,69.74,76.32,63.16,76,38,38
1790,1571784,82.3505882352941,80,84.44,85,40,45
1791,1571977,80.7658974358974,85.29,77.27,78,34,44
1792,1572589,70.426338028169,59.38,79.49,71,32,39
1793,1572740,76.4717647058824,68.97,82.05,68,29,39
1794,1573266,79.5703225806452,75.56,83.33,93,45,48
1795,1573783,89.1868918918919,83.87,93.02,74,31,43
1796,1573866,85.9166197183099,91.18,81.08,71,34,37
1797,1574665,68.1147826086956,68,68.18,69,25,44
1798,1574705,68.74975,42.31,81.48,80,26,54
1799,1576776,86.3038356164384,80,92.11,73,35,38
1800,1581118,81.176,90.24,72.73,85,41,44
1801,1582105,85.4854838709677,96.67,75,62,30,32
1802,1583636,73.74925,89.13,52.94,80,46,34
1803,1584016,85.5065217391304,90,82.05,69,30,39
1804,1585120,84.2091578947368,91.49,77.08,95,47,48
1805,1586069,83.3320512820513,95.74,64.52,78,47,31
1806,1586333,85.1888888888889,76.67,90.2,81,30,51
1807,1587403,87.8795454545455,81.48,92.31,66,27,39
1808,1587618,87.9518072289157,87.8,88.1,83,41,42
1809,1587998,84.375,82.5,87.5,64,40,24
1810,1588401,87.7807777777778,85.11,90.7,90,47,43
1811,1588784,81.3952325581395,82.22,80.49,86,45,41
1812,1589714,84.7082352941177,75.56,95,85,45,40
1813,1590108,72.4134482758621,69.23,75,87,39,48
1814,1590133,79.3480434782609,73.33,85.11,92,45,47
1815,1590202,83.695,78.26,89.13,92,46,46
1816,1591120,73.8071428571428,82.22,64.1,84,45,39
1817,1591237,81.7056097560976,78.38,84.44,82,37,45
1818,1591332,81.1788235294118,74.36,86.96,85,39,46
1819,1591442,84.8107594936709,86.84,82.93,79,38,41
1820,1591976,80.0014285714286,81.25,78.95,70,32,38
1821,1592199,84.2075,84.44,83.87,76,45,31
1822,1593360,78.7886363636364,78.38,79.31,66,37,29
1823,1593710,76.56,77.14,75.86,64,35,29
1824,1593842,89.0395890410959,86.11,91.89,73,36,37
1825,1594128,83.8205882352941,75.86,89.74,68,29,39
1826,1594210,84.6133333333333,75.61,94.59,78,41,37
1827,1594225,84.7049411764706,75,95.12,85,44,41
1828,1594602,82.8542857142857,76.92,90.32,70,39,31
1829,1596253,66.1022033898305,68.97,63.33,59,29,30
1830,1596918,87.8056097560976,82.35,91.67,41,17,24
1831,1596926,78.9473684210526,60,93.75,57,25,32
1832,1596983,85.0767164179104,77.42,91.67,67,31,36
1833,1597932,76.92,76.92,76.92,78,39,39
1834,1598800,74.6294029850746,61.54,82.93,67,26,41
1835,1601014,80.7716666666667,78.38,82.93,78,37,41
1836,1601746,85.9145070422535,94.87,75,71,39,32
1837,1601855,81.8168831168831,79.41,83.72,77,34,43
1838,1602062,65.0603614457831,78.05,52.38,83,41,42
1839,1606008,85.4175,80.77,90.91,96,52,44
1840,1606136,86.4213580246914,90,82.93,81,40,41
1841,1606463,86.0488372093023,80,90.2,86,35,51
1842,1611650,75.6075609756098,85.71,65,41,21,20
1843,1612164,91.3595061728395,93.88,87.5,81,49,32
1844,1614915,73.2352112676056,53.33,87.8,71,30,41
1845,1616380,86.8142857142857,84.62,88.46,91,39,52
1846,1618429,82.0489743589743,76.47,86.36,78,34,44
1847,1618706,78.1613793103448,81.25,74.36,87,48,39
1848,1618984,76.1922222222222,78.57,74.29,63,28,35
1849,1620501,89.5351162790698,85.37,93.33,86,41,45
1850,1623113,71.665,80,63.33,60,30,30
1851,1623276,79.9987692307692,82.35,77.42,65,34,31
1852,1623912,88.0048,81.4,96.88,75,43,32
1853,1624575,86.2074712643678,81.63,92.11,87,49,38
1854,1625831,81.689014084507,71.05,93.94,71,38,33
1855,1627571,83.5820895522388,77.78,90.32,67,36,31
1856,1627697,85.3651219512195,81.82,89.47,82,44,38
1857,1628573,83.7216279069767,82.61,85,86,46,40
1858,1628669,82.1392857142857,71.05,91.3,84,38,46
1859,1630138,47.4566101694915,72,29.41,59,25,34
1860,1630144,75.7590909090909,84.21,64.29,66,38,28
1861,1631442,74.2871428571429,78.95,68.75,70,38,32
1862,1632093,72.0004,73.17,70.59,75,41,34
1863,1633159,63.5133783783784,84.85,46.34,74,33,41
1864,1633203,73.435625,83.78,59.26,64,37,27
1865,1633249,86.4589583333333,90,82.61,96,50,46
1866,1633413,83.9119540229885,87.76,78.95,87,49,38
1867,1633930,85.23,88.64,81.82,88,44,44
1868,1633962,82.9287804878049,82.86,82.98,82,35,47
1869,1634043,75.8232967032967,73.68,77.36,91,38,53
1870,1634123,80.3888235294118,77.08,83.33,102,48,54
1871,1634693,76.4021348314607,65,85.71,89,40,49
1872,1635013,70.6875862068965,68.57,73.91,58,35,23
1873,1635457,75.675,86.49,64.86,74,37,37
1874,1635610,72.3676315789474,80,67.39,76,30,46
1875,1636348,70.7341463414634,84.62,58.14,82,39,43
1876,1636558,82.4167032967033,95.12,72,91,41,50
1877,1636711,83.7232558139535,95.24,72.73,86,42,44
1878,1637199,48.3832258064516,35.71,58.82,62,28,34
1879,1637791,80.7031578947368,87.5,75.76,57,24,33
1880,1637889,85.2935294117647,92.31,80.95,68,26,42
1881,1638088,72.7269696969697,69.23,75,66,26,40
1882,1638210,86.1510769230769,90.32,82.35,65,31,34
1883,1638729,73.5839622641509,80.95,68.75,53,21,32
1884,1639313,89.7401282051282,91.89,87.8,78,37,41
1885,1639352,83.871935483871,87.5,82.61,62,16,46
1886,1639370,86.7468674698795,91.89,82.61,83,37,46
1887,1639390,89.3312,93.94,85.71,75,33,42
1888,1640173,84.6175384615385,91.18,77.42,65,34,31
1889,1640968,75.4124590163934,75,75.68,61,24,37
1890,1642788,85.9169014084507,87.1,85,71,31,40
1891,1643098,75.3655072463768,71.88,78.38,69,32,37
1892,1643623,78.6693333333333,81.4,75,75,43,32
1893,1644915,87.8009756097561,91.3,83.33,82,46,36
1894,1645085,37.8947368421053,33.96,42.86,95,53,42
1895,1645108,78.1619540229885,86,67.57,87,50,37
1896,1645217,79.4527397260274,79.49,79.41,73,39,34
1897,1645868,84.506338028169,83.33,86.21,71,42,29
1898,1647536,80.2643421052632,80,80.49,76,35,41
1899,1647895,79.012962962963,79.49,78.57,81,39,42
1900,1652823,69.6643820224719,66.67,72,89,39,50
1901,1653255,73.750125,73.17,74.36,80,41,39
1902,1653335,79.999,90.24,71.43,90,41,49
1903,1653459,77.2725,84.78,69.05,88,46,42
1904,1653487,77.0810416666667,80.43,74,96,46,50
1905,1653616,69.4458333333333,88.24,52.63,72,34,38
1906,1656084,78.4616923076923,86.84,66.67,65,38,27
1907,1656645,82.3552941176471,78.38,87.1,68,37,31
1908,1656831,84.4810344827586,80.95,93.75,58,42,16
1909,1657452,85.7128571428571,92,74.07,77,50,27
1910,1659411,70.37,74.07,66.67,54,27,27
1911,1661566,80.7197590361446,83.33,77.14,83,48,35
1912,1662475,47.83,41.67,54.55,69,36,33
1913,1664095,70.3323076923077,74.14,63.64,91,58,33
1914,1665169,78.4786075949367,71.79,85,79,39,40
1915,1665962,71.7652941176471,74.47,68.42,85,47,38
1916,1666709,81.2475,72.97,88.37,80,37,43
1917,1667350,83.1457303370787,83.33,82.93,89,48,41
1918,1667513,85.8976923076923,80.49,91.89,78,41,37
1919,1667603,76.9218681318681,84,68.29,91,50,41
1920,1669168,80.6838636363636,73.81,86.96,88,42,46
1921,1669894,80.001,68.29,89.8,90,41,49
1922,1671220,86.249375,91.11,80,80,45,35
1923,1672038,83.7859459459459,68,91.84,74,25,49
1924,1672104,70.3703703703704,46.15,81.82,81,26,55
1925,1673034,82.0747169811321,78.57,86,106,56,50
1926,1676255,79.998,77.55,82.35,100,49,51
1927,1676905,89.2871428571429,91.67,86.11,84,48,36
1928,1679486,90.3216129032258,92,88.37,93,50,43
1929,1679593,89.8750632911392,88.1,91.89,79,42,37
1930,1679680,61.6323255813953,53.85,68.09,86,39,47
1931,1679892,73.6084722222222,48,87.23,72,25,47
1932,1683559,68.74890625,78.79,58.06,64,33,31
1933,1684747,77.59,80.56,72.73,58,36,22
1934,1685680,78.822,82.35,73.53,85,51,34
1935,1690112,17.7218987341772,13.16,21.95,79,38,41
1936,1692090,84.5047887323944,83.72,85.71,71,43,28
1937,1692605,80.7253012048193,81.4,80,83,43,40
1938,1694337,79.2190909090909,85.71,71.43,77,42,35
1939,1694469,83.5456962025316,82.93,84.21,79,41,38
1940,1698455,80.0010909090909,84.62,75.86,55,26,29
1941,1700599,89.8546376811594,92.31,88.37,69,26,43
1942,1701716,76.4721568627451,80,73.08,51,25,26
1943,1701861,84.2113157894737,80.95,88.24,38,21,17
1944,1703232,88.7087096774194,90.62,86.67,62,32,30
1945,1707626,81.6940845070422,69.7,92.11,71,33,38
1946,1709254,84.1247619047619,75,89.74,63,24,39
1947,1709319,84.4858620689655,86.96,82.86,58,23,35
1948,1709372,80.9533333333333,78.57,82.86,63,28,35
1949,1710696,76.666,78.57,75,60,28,32
1950,1712873,64.815,51.85,77.78,54,27,27
1951,1714297,85.2447540983606,85.71,84.85,61,28,33
1952,1714810,73.0753846153846,62.96,84,52,27,25
1953,1716147,60.41625,44,78.26,48,25,23
1954,1718626,81.8177272727273,80,83.87,66,35,31
1955,1718877,76.4050561797753,78.05,75,89,41,48
1956,1719115,68.4921917808219,69.44,67.57,73,36,37
1957,1719344,69.8624657534247,63.33,74.42,73,30,43
1958,1719360,67.0734146341463,48.39,78.43,82,31,51
1959,1719460,58.1067567567568,40.62,71.43,74,32,42
1960,1720372,70,65.71,74.29,70,35,35
1961,1720734,72.972972972973,64.1,82.86,74,39,35
1962,1721181,80.0005263157895,80.77,79.07,95,52,43
1963,1722147,61.11,64.44,55.56,72,45,27
1964,1724484,83.3330769230769,70.59,93.18,78,34,44
1965,1726292,82.9268292682927,92,68.75,82,50,32
1966,1726570,87.0625882352941,91.84,80.56,85,49,36
1967,1726664,76.668,92.86,62.5,60,28,32
1968,1727867,86.8832786885246,82.76,90.62,61,29,32
1969,1729039,79.2228571428571,82.5,75.68,77,40,37
1970,1729111,81.4788888888889,85.71,75,81,49,32
1971,1729493,66.6661904761905,78.79,53.33,63,33,30
1972,1729997,76.8146376811594,82.93,67.86,69,41,28
1973,1730211,25.3512676056338,13.89,37.14,71,36,35
1974,1732094,82.2577419354839,87.88,75.86,62,33,29
1975,1732964,70.6913793103448,55,78.95,58,20,38
1976,1733168,82.43,81.08,83.78,74,37,37
1977,1734344,78.3789189189189,90.91,60,74,44,30
1978,1736404,72.6005479452055,90.24,50,73,41,32
1979,1736667,73.6842105263158,75,72.5,76,36,40
1980,1739583,79.1032835820896,62.96,90,67,27,40
1981,1739645,77.9669491525424,71.43,87.5,59,35,24
1982,1740100,90.6652,86.11,94.87,75,36,39
1983,1741106,82.1419047619048,75.61,88.37,84,41,43
1984,1741466,79.7312162162162,78.05,81.82,74,41,33
1985,1742116,71.2339726027397,86.11,56.76,73,36,37
1986,1742137,75.6090243902439,78.57,72.5,82,42,40
1987,1742881,77.6294736842105,72.97,82.05,76,37,39
1988,1743859,85.3952808988764,86,84.62,89,50,39
1989,1744983,74.1958064516129,56.52,84.62,62,23,39
1990,1745994,87.0098701298701,87.8,86.11,77,41,36
1991,1746696,82.8115625,73.08,89.47,64,26,38
1992,1747514,62.3355844155844,55.88,67.44,77,34,43
1993,1749416,77.9677966101695,80.77,75.76,59,26,33
1994,1749885,84.3127450980392,88.57,75,51,35,16
1995,1750372,81.5763157894737,78.57,85.29,76,42,34
1996,1750753,80.0018181818182,70.59,95.24,55,34,21
1997,1750858,52.1717391304348,46.15,60,46,26,20
1998,1751001,66.67,60.61,72.73,66,33,33
1999,1751092,76.9230769230769,75,80,65,40,25
2000,1755299,85.8961538461538,82.61,90.62,78,46,32
2001,1755389,86.9550724637681,84.21,90.32,69,38,31
2002,1755751,82.35,79.41,85.29,68,34,34
2003,1755812,73.3342666666667,68.18,80.65,75,44,31
2004,1755856,79.0111111111111,82.22,75,81,45,36
2005,1756569,84.0033333333333,80.49,88.24,75,41,34
2006,1756685,84.4454444444444,84.91,83.78,90,53,37
2007,1756936,78.9480263157895,78.05,80,76,41,35
2008,1758217,86.3002739726027,85.71,87.1,73,42,31
2009,1758520,69.4458333333333,89.13,34.62,72,46,26
2010,1759123,84.0573913043478,84.09,84,69,44,25
2011,1760251,83.5446835443038,88.89,76.47,79,45,34
2012,1761641,86.67,82.93,91.18,75,41,34
2013,1765189,72.0576470588235,82.14,65,68,28,40
2014,1768384,65.8556097560976,59.38,70,82,32,50
2015,1770192,81.9691803278689,80.77,82.86,61,26,35
2016,1771195,80.720843373494,85.71,75.61,83,42,41
2017,1771282,74.0258441558442,70.27,77.5,77,37,40
2018,1771817,77.2149367088607,81.08,73.81,79,37,42
2019,1773465,87.8068292682927,85,90.48,82,40,42
2020,1774008,83.998,90.62,79.07,75,32,43
2021,1775124,83.9504938271605,84.38,83.67,81,32,49
2022,1775690,56.4527419354839,55.17,57.58,62,29,33
2023,1776753,80.2795774647887,85.71,75,71,35,36
2024,1776801,82.4343243243243,84.85,80.49,74,33,41
2025,1777688,66.6677272727273,64.52,68.57,66,31,35
2026,1778963,84.3398795180723,90.48,78.05,83,42,41
2027,1780591,80.2802816901408,79.41,81.08,71,34,37
2028,1781129,71.4266666666667,60.71,80,63,28,35
2029,1781271,75.3883076923077,87.1,64.71,65,31,34
2030,1781501,78.7866666666667,76.92,80,66,26,40
2031,1781775,86.1538461538462,92,82.5,65,25,40
2032,1781913,86.7937735849057,100,78.79,53,20,33
2033,1782095,71.1859322033898,70.83,71.43,59,24,35
2034,1782828,90.7863157894737,96.55,87.23,76,29,47
2035,1784112,86.4211111111111,91.43,82.61,81,35,46
2036,1785182,88.8890476190476,94.87,79.17,63,39,24
2037,1786452,72.7267272727273,73.08,72.41,55,26,29
2038,1786742,87.323661971831,91.18,83.78,71,34,37
2039,1786790,86.9559420289855,93.75,81.08,69,32,37
2040,1789660,84.9313698630137,88.57,81.58,73,35,38
2041,1789684,84.2885714285714,91.18,77.78,70,34,36
2042,1790290,70.3115625,79.41,60,64,34,30
2043,1790370,77.275,72.73,81.82,66,33,33
2044,1790818,54.68390625,36.36,74.19,64,33,31
2045,1792368,87.5004166666667,91.89,82.86,72,37,35
2046,1793029,86.4824324324324,90.62,83.33,74,32,42
2047,1793551,84.0016,81.48,85.42,75,27,48
2048,1794016,71.8315492957746,83.33,65.96,71,24,47
2049,1794757,80.9511111111111,63.64,90.24,63,22,41
2050,1795079,68.5166666666667,45,82.35,54,20,34
2051,1795428,82.4542105263158,83.33,82.05,57,18,39
2052,1797539,81.6698333333333,80.65,82.76,60,31,29
2053,1797572,77.6305263157895,73.53,80.95,76,34,42
2054,1797877,91.5515492957746,87.88,94.74,71,33,38
2055,1798456,86.9025,87.88,86.27,84,33,51
2056,1798914,76.67,66.67,86.67,60,30,30
2057,1800533,77.614328358209,80,75.68,67,30,37
2058,1803629,77.586724137931,73.68,79.49,58,19,39
2059,1803638,78.7875757575758,86.21,72.97,66,29,37
2060,1803952,67.3101923076923,85.19,48,52,27,25
2061,1803997,83.5829850746269,93.1,76.32,67,29,38
2062,1805802,78.572,75,81.58,70,32,38
2063,1807288,68.965,62.07,75.86,58,29,29
2064,1809152,80.3051515151515,84.38,76.47,66,32,34
2065,1810055,88.5725714285714,91.18,86.11,70,34,36
2066,1810336,81.5784210526316,88.57,75.61,76,35,41
2067,1811642,86.8870491803279,96.43,78.79,61,28,33
2068,1811756,84.998,96.15,76.47,60,26,34
2069,1812525,88.8916666666667,100,80.65,54,23,31
2070,1812562,90.1992156862745,90.91,89.66,51,22,29
2071,1812875,80.305303030303,80.65,80,66,31,35
2072,1812931,76.1934920634921,86.21,67.65,63,29,34
2073,1812949,77.7811111111111,86.67,66.67,54,30,24
2074,1813143,88.4638461538462,89.29,87.5,52,28,24
2075,1813827,80.3021212121212,79.41,81.25,66,34,32
2076,1814804,85.9659649122807,82.14,89.66,57,28,29
2077,1815871,85.4838709677419,81.25,90,62,32,30
2078,1815946,83.330303030303,76,87.8,66,25,41
2079,1815958,86.951884057971,85.71,87.8,69,28,41
2080,1816345,85.488064516129,84.38,86.67,62,32,30
2081,1819127,74.1954838709677,91.67,50,62,36,26
2082,1820791,63.3822535211267,80,41.94,71,40,31
2083,1821329,93.2437837837838,97.62,87.5,74,42,32
2084,1823115,88.335,96.67,80,60,30,30
2085,1824283,88.1349152542373,93.75,81.48,59,32,27
2086,1825044,86.1569230769231,84.38,87.88,65,32,33
2087,1827033,73.1317910447761,88.37,45.83,67,43,24
2088,1827988,83.7862162162162,85.42,80.77,74,48,26
2089,1830157,80.248024691358,80.49,80,81,41,40
2090,1830851,82.5,85,80,80,40,40
2091,1831869,89.1917567567567,92.16,82.61,74,51,23
2092,1832350,85.7181818181818,82.86,88.1,77,35,42
2093,1832902,88.4073913043478,88.24,88.57,69,34,35
2094,1833880,92.3049450549451,95.83,88.37,91,48,43
2095,1835195,84.6184615384615,86.67,82.86,65,30,35
2096,1836360,86.5365384615385,88.57,82.35,52,35,17
2097,1838155,87.49875,89.74,84.85,72,39,33
2098,1838591,87.6672602739726,89.47,85.71,73,38,35
2099,1840554,91.892027027027,84.85,97.56,74,33,41
2100,1840980,88.75,85.71,92.11,80,42,38
2101,1840992,79.1059701492537,67.86,87.18,67,28,39
2102,1841428,88.7312676056338,90.32,87.5,71,31,40
2103,1842989,72.8562857142857,82.35,63.89,70,34,36
2104,1844388,66.665,75,58.33,72,36,36
2105,1844744,75.0039285714286,84.62,66.67,56,26,30
2106,1844789,80.0021818181818,89.66,69.23,55,29,26
2107,1845103,76.2708474576271,76,76.47,59,25,34
2108,1845402,74.07,83.33,69.44,54,18,36
2109,1845429,75.71,85.71,65.71,70,35,35
2110,1845536,82.3505882352941,81.48,83.33,51,27,24
2111,1846902,92.6448529411765,100,85.71,68,33,35
2112,1847564,87.4975,86.36,88.46,48,22,26
2113,1848245,87.49828125,91.89,81.48,64,37,27
2114,1849750,92.6442647058823,89.74,96.55,68,39,29
2115,1850200,88.8888888888889,95,81.25,72,40,32
2116,1850900,48.2765517241379,46.43,50,58,28,30
2117,1851219,90.7686153846154,97.22,82.76,65,36,29
2118,1851518,75.7122857142857,72.22,79.41,70,36,34
2119,1852508,80.0023333333333,69.23,88.24,60,26,34
2120,1853077,82.2577419354839,87.88,75.86,62,33,29
2121,1853527,84.375,86.67,82.35,64,30,34
2122,1854799,88.6790566037736,88.89,88.46,53,27,26
2123,1855046,74.9957142857143,70.83,78.12,56,24,32
2124,1856346,75,80.56,69.44,72,36,36
2125,1856414,76.9244615384615,81.25,72.73,65,32,33
2126,1856440,75.3621739130435,72.22,78.79,69,36,33
2127,1857163,75.5089795918367,75,75.86,49,20,29
2128,1857712,80.6441935483871,89.47,66.67,62,38,24
2129,1858445,76.9223076923077,71.43,83.33,52,28,24
2130,1858640,87.0964516129032,82.35,92.86,62,34,28
2131,1859297,73.5869811320755,66.67,80.77,53,27,26
2132,1859824,75.4401754385965,70.59,82.61,57,34,23
2133,1859965,69.6432142857143,60,80.77,56,30,26
2134,1860765,86.2770588235294,87.5,85.19,51,24,27
2135,1861236,83.5616438356164,84.09,82.76,73,44,29
2136,1861764,72.0561764705882,76.74,64,68,43,25
2137,1863293,81.1621739130435,81.58,80.65,69,38,31
2138,1863304,79.1043283582089,85,70.37,67,40,27
2139,1863650,72.4995,65.79,78.57,80,38,42
2140,1864339,85.001125,83.72,86.49,80,43,37
2141,1864374,81.665,77.14,88,60,35,25
2142,1865179,80.4887804878049,74.42,87.18,82,43,39
2143,1867674,78.75125,68.57,86.67,80,35,45
2144,1868082,80.461724137931,73.81,86.67,87,42,45
2145,1869663,84.0022666666667,78.05,91.18,75,41,34
2146,1872845,80.8235616438356,81.08,80.56,73,37,36
2147,1873490,80.4341304347826,63.16,92.59,46,19,27
2148,1874049,86.2032183908046,84.78,87.8,87,46,41
2149,1874182,91.1412658227848,91.84,90,79,49,30
2150,1875291,82.81125,86.11,78.57,64,36,28
2151,1876084,85.5439759036145,90.91,79.49,83,44,39
2152,1876238,90.2775,94.87,84.85,72,39,33
2153,1876484,84.7208333333333,88.37,79.31,72,43,29
2154,1876858,79.998,86.11,70.83,60,36,24
2155,1877363,93.8464615384615,93.94,93.75,65,33,32
2156,1877440,75.4375438596491,75,75.86,57,28,29
2157,1877730,89.395,87.88,90.91,66,33,33
2158,1878605,87.7229824561404,86.21,89.29,57,29,28
2159,1880585,77.78,72.5,84.38,72,40,32
2160,1881632,73.1311940298507,72.97,73.33,67,37,30
2161,1882560,89.4701315789474,85.71,92.68,76,35,41
2162,1886433,90.2790277777778,95.35,82.76,72,43,29
2163,1886471,87.5,87.5,87.5,64,40,24
2164,1887479,87.7170175438596,85.71,90.91,57,35,22
2165,1887487,88.6764150943396,83.33,95.65,53,30,23
2166,1888111,64.5151612903226,53.12,76.67,62,32,30
2167,1888171,85.936875,82.14,88.89,64,28,36
2168,1889079,87.0137662337662,78.38,95,77,37,40
2169,1889320,78.9436842105263,74.07,83.33,57,27,30
2170,1889527,67.74,51.61,83.87,62,31,31
2171,1891487,87.1445714285714,87.18,87.1,70,39,31
2172,1891538,78.9480263157895,72.73,83.72,76,33,43
2173,1891796,78.8473076923077,80,77.78,52,25,27
2174,1894541,85.712987012987,89.74,81.58,77,39,38
2175,1895443,75.609512195122,76.19,75,82,42,40
2176,1896892,74.9991666666667,56,88.57,60,25,35
2177,1897818,59.2618518518519,50,64.71,54,20,34
2178,1897824,67.6907692307692,53.33,80,65,30,35
2179,1898763,81.67,86.67,76.67,60,30,30
2180,1900009,86.4415254237288,86.36,86.49,59,22,37
2181,1900778,81.3591525423729,84.62,78.79,59,26,33
2182,1901372,77.501,71.43,80.77,40,14,26
2183,1901967,76.5982978723404,64.29,81.82,47,14,33
2184,1904409,83.6098360655738,82.76,84.38,61,29,32
2185,1904803,73.1319402985075,65.62,80,67,32,35
2186,1905160,86.6686666666667,86.05,87.5,75,43,32
2187,1906979,20.4861445783133,13.64,28.21,83,44,39
2188,1907188,77.2718181818182,79.41,75,66,34,32
2189,1910378,74.2892857142857,72.73,75.68,70,33,37
2190,1911155,69.2306153846154,71.05,66.67,65,38,27
2191,1912651,70.3134375,70,70.59,64,30,34
2192,1912909,75.3406849315068,71.11,82.14,73,45,28
2193,1913086,47.0567647058824,54.05,38.71,68,37,31
2194,1913384,42.8571428571429,68.97,14.81,56,29,27
2195,1913999,59.1545070422535,79.07,28.57,71,43,28
2196,1917019,81.1328301886793,64,96.43,53,25,28
2197,1917864,91.23,88.24,95.65,57,34,23
2198,1918620,86.5380769230769,84.85,89.47,52,33,19
2199,1919564,78.2604347826087,69.23,90,46,26,20
2200,1919644,77.614776119403,69.77,91.67,67,43,24
2201,1919857,71.1124444444444,73.53,63.64,45,34,11
2202,1920068,83.078,79.49,88.46,65,39,26
2203,1920531,84.379375,80.56,89.29,64,36,28
2204,1920600,80.885,78.05,85.19,68,41,27
2205,1920868,83.5823880597015,84.21,82.76,67,38,29
2206,1922225,79.9981428571429,87.23,65.22,70,47,23
2207,1923203,83.0496610169492,85.71,79.17,59,35,24
2208,1923467,76.120447761194,80.49,69.23,67,41,26
2209,1925728,59.65,65.79,47.37,57,38,19
2210,1926525,82.7539655172414,94.59,61.9,58,37,21
2211,1926761,74.7108045977012,78.72,70,87,47,40
2212,1927485,0,0,NA,30,30,NA
2213,1928899,80.0010588235294,88.64,70.73,85,44,41
2214,1930204,65.458,81.82,54.55,55,22,33
2215,1931535,89.2188235294118,87.04,91.67,102,54,48
2216,1931794,87.778,83.33,91.67,90,42,48
2217,1932405,90.2178260869565,90.2,90.24,92,51,41
2218,1933307,75.3621739130435,79.07,69.23,69,43,26
2219,1933341,75.3088888888889,66.67,82.22,81,36,45
2220,1933447,89.5367441860465,86.96,92.5,86,46,40
2221,1934321,84.6128205128205,91.3,75,78,46,32
2222,1935040,78.4079545454545,71.05,84,88,38,50
2223,1936576,85.71,85.71,85.71,56,21,35
2224,1937371,88.0610447761194,83.87,91.67,67,31,36
2225,1937386,87.6947692307692,82.76,91.67,65,29,36
2226,1939750,82.978085106383,81.25,83.87,47,16,31
2227,1940855,66.6674509803922,75.86,54.55,51,29,22
2228,1941092,77.6117910447761,82.35,72.73,67,34,33
2229,1941481,73.239014084507,76.47,70.27,71,34,37
2230,1941951,86.8854098360656,75,96.97,61,28,33
2231,1943652,90.91,90,92.31,66,40,26
2232,1947367,82.4589473684211,77.78,86.67,57,27,30
2233,1947876,82.4570175438596,86.21,78.57,57,29,28
2234,1948391,80.0009230769231,78.95,81.48,65,38,27
2235,1949280,74.6061904761905,76.67,72.73,63,30,33
2236,1950253,67.272,56.52,75,55,23,32
2237,1950717,37.1414285714286,38.89,35.29,35,18,17
2238,1955337,78.6901639344262,63.64,87.18,61,22,39
2239,1955740,86.5676119402985,88.89,85,67,27,40
2240,1956062,73.1338805970149,52.63,81.25,67,19,48
2241,1956718,80.5533333333333,75,83.33,72,24,48
2242,1956957,88.0586567164179,92.59,85,67,27,40
2243,1957386,80.3571428571429,87.5,75,56,24,32
2244,1957916,93.846,96.15,92.31,65,26,39
2245,1959506,84.8509090909091,81.25,88.24,66,32,34
2246,1959668,84.7466101694915,75,91.43,59,24,35
2247,1959759,81.6911267605634,70.97,90,71,31,40
2248,1960092,81.3566101694915,88.46,75.76,59,26,33
2249,1960674,58.4858490566038,85.71,40.62,53,21,32
2250,1964896,86.1558461538462,83.87,88.24,65,31,34
2251,1965419,81.2475,79.41,83.33,64,34,30
2252,1965978,90.4112328767123,87.5,93.94,73,40,33
2253,1966826,83.7878378378378,81.4,87.1,74,43,31
2254,1968384,85.1055319148936,76.92,95.24,47,26,21
2255,1969950,84.9066037735849,76.67,95.65,53,30,23
2256,1970141,72.7287272727273,64.29,81.48,55,28,27
2257,1971802,82.7575862068966,79.41,87.5,58,34,24
2258,1971966,84.9079245283019,80,89.29,53,25,28
2259,1974389,61.291935483871,46.67,75,62,30,32
2260,1976005,70.91,60.61,86.36,55,33,22
2261,1976880,45.9014754098361,73.53,11.11,61,34,27
2262,1977436,84.2855714285714,90.7,74.07,70,43,27
2263,1977941,68.75328125,72.73,64.52,64,33,31
2264,1979610,80.3034848484848,89.66,72.97,66,29,37
2265,1979984,87.0124675324675,81.08,92.5,77,37,40
2266,1982941,83.5481012658228,95.56,67.65,79,45,34
2267,1984732,90.3243010752688,87.76,93.18,93,49,44
2268,1984964,87.5,86.36,88.64,88,44,44
2269,1985075,91.250625,86.67,97.14,80,45,35
2270,1985382,74.2436363636364,90.48,45.83,66,42,24
2271,1985506,92.3070769230769,89.47,96.3,65,38,27
2272,1985743,96.1037662337662,97.37,94.87,77,38,39
2273,1986137,87.3407594936709,81.58,92.68,79,38,41
2274,1986817,86.6646666666667,87.5,85.71,75,40,35
2275,1987192,75.3855384615385,87.5,41.18,65,48,17
2276,1990059,76.3127631578947,71.79,81.08,76,39,37
2277,1990997,75.9478481012658,86.11,67.44,79,36,43
2278,1991599,81.8201818181818,79.31,84.62,55,29,26
2279,1991822,71.186779661017,59.26,81.25,59,27,32
2280,1993873,86.9582608695652,82.05,90.57,92,39,53
2281,1994555,79.999625,81.08,79.07,80,37,43
2282,1998654,63.0109589041096,81.08,44.44,73,37,36
2283,1998910,67.53,84.09,45.45,77,44,33
2284,1999281,82.0237078651685,79.49,84,89,39,50
2285,1999302,83.9496296296296,87.18,80.95,81,39,42
2286,2001785,90.5258947368421,95.92,84.78,95,49,46
2287,2002425,89.2470967741935,98.15,76.92,93,54,39
2288,2005059,87.6732876712329,95.35,76.67,73,43,30
2289,2008138,79.17,80.56,77.78,72,36,36
2290,2008939,83.33625,91.43,75.68,72,35,37
2291,2010624,72.225,77.78,66.67,72,36,36
2292,2010695,71.0120289855072,76.47,65.71,69,34,35
2293,2012240,77.921948051948,89.47,66.67,77,38,39
2294,2012612,87.8377027027027,91.11,82.76,74,45,29
2295,2014882,80.2312790697674,80.39,80,86,51,35
2296,2015844,70.1502985074627,63.16,79.31,67,38,29
2297,2016005,78.2591304347826,76.92,80,69,39,30
2298,2017566,87.3382278481013,90.38,81.48,79,52,27
2299,2017789,70.0024,47.83,88.89,50,23,27
2300,2018201,80.2455555555556,80.39,80,81,51,30
2301,2018226,79.4823076923077,80.43,78.12,78,46,32
2302,2018592,72.841975308642,77.36,64.29,81,53,28
2303,2018678,84.8472727272727,89.74,77.78,66,39,27
2304,2020577,80.8788235294118,72.22,90.62,68,36,32
2305,2020668,85.5060869565217,83.72,88.46,69,43,26
2306,2021204,68.2528571428572,65,73.91,63,40,23
2307,2022053,70.6910344827586,67.57,76.19,58,37,21
2308,2022126,88.16,88.64,87.5,76,44,32
2309,2022984,46.87453125,78.79,12.9,64,33,31
2310,2024378,54.7941095890411,68.89,32.14,73,45,28
2311,2024914,80.8256164383562,70.97,88.1,73,31,42
2312,2025665,76.5413580246914,79.07,73.68,81,43,38
2313,2026031,78.205,72.73,82.22,78,33,45
2314,2026607,73.1718292682927,75.51,69.7,82,49,33
2315,2027123,81.013164556962,83.72,77.78,79,43,36
2316,2027520,85.5587777777778,89.8,80.49,90,49,41
2317,2027853,84.3348192771084,82.05,86.36,83,39,44
2318,2027904,85.3659756097561,88.89,81.08,82,45,37
2319,2029359,89.8578260869565,88.89,90.48,69,27,42
2320,2030802,88.2341176470588,82.22,95,85,45,40
2321,2031411,85.712380952381,86.36,85,84,44,40
2322,2033615,82.1930136986301,88.1,74.19,73,42,31
2323,2035617,80.3040909090909,79.49,81.48,66,39,27
2324,2038839,78.6629333333333,80.43,75.86,75,46,29
2325,2039219,86.0013,86.44,85.37,100,59,41
2326,2039568,85.0562068965517,91.11,78.57,87,45,42
2327,2039795,81.5223913043478,82.98,80,92,47,45
2328,2039808,78.5746428571428,94.12,54.55,84,51,33
2329,2039875,79.5735483870968,88.24,69.05,93,51,42
2330,2041935,85.0005,90.57,78.72,100,53,47
2331,2042797,84.7252777777778,97.83,61.54,72,46,26
2332,2042968,67.9484615384615,68.29,67.57,78,41,37
2333,2044039,77.3348,75,79.49,75,36,39
2334,2044540,80.8995505617978,82.46,78.12,89,57,32
2335,2044585,46.603786407767,50.85,40.91,103,59,44
2336,2044685,77.9074418604651,71.74,85,86,46,40
2337,2045399,82.05,86.11,78.57,78,36,42
2338,2045489,72.3103076923077,94.12,48.39,65,34,31
2339,2045494,81.3561016949153,89.29,74.19,59,28,31
2340,2046175,91.3583950617284,93.48,88.57,81,46,35
2341,2047483,76.2693220338983,80,72.41,59,30,29
2342,2048144,79.0309677419355,88.89,65.38,62,36,26
2343,2050574,90.0022857142857,88.89,91.18,70,36,34
2344,2050583,73.9739726027397,63.33,81.4,73,30,43
2345,2051290,66.668253968254,48,78.95,63,25,38
2346,2051330,79.1192307692308,78.57,79.59,91,42,49
2347,2051553,70.1324675324675,62.5,75.56,77,32,45
2348,2052303,77.3312,75,78.72,75,28,47
2349,2052908,77.0301351351351,69.7,82.93,74,33,41
2350,2053335,76.8309756097561,87.5,66.67,82,40,42
2351,2053405,75.9055421686747,87.5,65.12,83,40,43
2352,2054321,76.47,77.55,75,85,49,36
2353,2054405,84.4435555555556,85.71,82.93,90,49,41
2354,2054480,79.762619047619,76.6,83.78,84,47,37
2355,2054821,77.7781481481481,81.63,71.88,81,49,32
2356,2055872,71.4297142857143,72.73,70.27,70,33,37
2357,2055904,79.76,84.44,74.36,84,45,39
2358,2055976,65.4340740740741,61.54,69.05,81,39,42
2359,2056079,68.8342857142857,81.82,51.52,77,44,33
2360,2056121,79.7491139240506,84.62,75,79,39,40
2361,2056275,74.2415151515152,79.41,68.75,66,34,32
2362,2056538,21.9176712328767,24.39,18.75,73,41,32
2363,2056626,82.2587096774194,82.5,81.82,62,40,22
2364,2056947,60.3146031746032,82.35,34.48,63,34,29
2365,2058865,60.7854901960784,77.27,48.28,51,22,29
2366,2058871,45.999,58.62,28.57,50,29,21
2367,2059553,82.4584210526316,85.19,80,57,27,30
2368,2059628,65.4563636363636,87.1,37.5,55,31,24
2369,2059985,48,60,36,50,25,25
2370,2060916,76.785,82.14,71.43,56,28,28
2371,2060923,78.1818181818182,85,60,55,40,15
2372,2061222,55.1724137931034,50,62.5,58,34,24
2373,2061289,74.0737037037037,83.87,60.87,54,31,23
2374,2061360,81.1305660377358,77.14,88.89,53,35,18
2375,2061683,78.9478947368421,86.11,66.67,57,36,21
2376,2061926,81.5404615384615,86.49,75,65,37,28
2377,2062163,82.4524561403509,85.71,77.27,57,35,22
2378,2063345,75.7586363636364,80,70.97,66,35,31
2379,2065471,86.9585507246377,85,89.66,69,40,29
2380,2067262,84.8060759493671,83.78,85.71,79,37,42
2381,2067403,63.379014084507,36.36,75.51,71,22,49
2382,2068104,74.245,87.88,60.61,66,33,33
2383,2069980,75,75,75,68,28,40
2384,2071404,81.0113924050633,82.35,80,79,34,45
2385,2072244,78.2615942028985,82.35,74.29,69,34,35
2386,2072311,82.7555172413793,83.33,82.35,87,36,51
2387,2073101,71.6693333333333,88.24,50,60,34,26
2388,2073566,85.3675609756097,80.56,89.13,82,36,46
2389,2073650,64.556582278481,53.33,71.43,79,30,49
2390,2073785,53.7334328358209,42.86,61.54,67,28,39
2391,2076087,58.668,63.33,55.56,75,30,45
2392,2078767,78.6696,77.42,79.55,75,31,44
2393,2082432,84.506338028169,86.21,83.33,71,29,42
2394,2082585,83.8223529411765,80,86.84,68,30,38
2395,2083116,83.335,80.56,86.11,72,36,36
2396,2085416,82.4589473684211,80,84.38,57,25,32
2397,2086430,37.3132835820895,40.62,34.29,67,32,35
2398,2086467,11.9419402985075,9.09,14.71,67,33,34
2399,2086644,57.14,60.71,53.57,56,28,28
2400,2086797,70.1778947368421,81.82,54.17,57,33,24
2401,2086904,73.0122222222222,85.71,57.14,63,35,28
2402,2088008,70.7704615384615,65.52,75,65,29,36
2403,2088207,73.6115277777778,85.37,58.06,72,41,31
2404,2088272,75.3643478260869,76.67,74.36,69,30,39
2405,2088759,87.01,88.37,85.29,77,43,34
2406,2089594,61.3618181818182,65,58.33,44,20,24
2407,2089960,83.751,78.26,91.18,80,46,34
2408,2090271,68.8537704918033,77.78,56,61,36,25
2409,2092414,87.4994444444445,86.36,89.29,72,44,28
2410,2092768,79.9991428571429,83.78,75.76,70,37,33
2411,2092906,86.8405263157895,82.05,91.89,76,39,37
2412,2092918,91.5476056338028,92.68,90,71,41,30
2413,2094380,75.0004761904762,80.85,67.57,84,47,37
2414,2095545,91.76,95.45,87.8,85,44,41
2415,2095823,72.0004,70.59,73.17,75,34,41
2416,2096213,85.8841176470588,85,86.67,85,40,45
2417,2096273,85.882,85.71,86.05,85,42,43
2418,2096411,66.2344155844156,52.63,79.49,77,38,39
2419,2096898,89.9988571428571,97.06,83.33,70,34,36
2420,2097124,78.4796202531646,85.71,66.67,79,49,30
2421,2097757,85.0719402985075,84,85.71,67,25,42
2422,2098900,86.8413157894737,82.86,90.24,76,35,41
2423,2099380,92.3084615384615,87.5,97.37,78,40,38
2424,2099614,84.7202777777778,77.42,90.24,72,31,41
2425,2100479,82.8577142857143,87.18,77.42,70,39,31
2426,2100529,86.4211111111111,86.67,86.11,81,45,36
2427,2100625,87.1796153846154,91.11,81.82,78,45,33
2428,2100848,78.2604347826087,90,69.23,69,30,39
2429,2102221,76.539012345679,83.78,70.45,81,37,44
2430,2102295,83.3315384615385,78.38,87.8,78,37,41
2431,2103401,85.5073913043478,74.07,92.86,69,27,42
2432,2103831,71.8316901408451,95.24,37.93,71,42,29
2433,2104048,92.3093846153846,95.65,90.48,65,23,42
2434,2105967,90.63,96.88,84.38,64,32,32
2435,2106116,78.464,70.59,87.1,65,34,31
2436,2107098,82.8103125,85.29,80,64,34,30
2437,2107303,88.1327118644068,83.33,95.65,59,36,23
2438,2107438,88.3704651162791,87.5,89.47,43,24,19
2439,2108163,83.5798507462687,83.33,83.87,67,36,31
2440,2108912,85.7157142857143,81.25,91.67,56,32,24
2441,2110542,90.9048484848485,96.77,85.71,66,31,35
2442,2111185,75.4389473684211,93.33,55.56,57,30,27
2443,2111382,92.7526086956522,93.75,91.89,69,32,37
2444,2111440,88.3128571428571,84.85,90.91,77,33,44
2445,2111468,88.89,89.29,88.57,63,28,35
2446,2111981,81.16,82.86,79.41,69,35,34
2447,2112206,86.7614705882353,90.32,83.78,68,31,37
2448,2113182,74.9972368421053,61.29,84.44,76,31,45
2449,2114462,68.3535443037975,82.35,42.86,79,51,28
2450,2114812,85.3304,79.41,90.24,75,34,41
2451,2115639,84.1569306930693,88.33,78.05,101,60,41
2452,2115703,86.0779746835443,90.2,78.57,79,51,28
2453,2115835,83.873064516129,86.49,80,62,37,25
2454,2117424,87.1792307692308,90,84.21,78,40,38
2455,2117582,87.500625,82.14,91.67,64,28,36
2456,2118269,88.5711428571428,91.89,84.85,70,37,33
2457,2118913,88.2370588235294,82.86,93.94,68,35,33
2458,2119139,82.8939473684211,80.49,85.71,76,41,35
2459,2119778,79.6591525423729,85.71,64.71,59,42,17
2460,2121798,81.9271084337349,83.33,80.49,83,42,41
2461,2122416,67.075,73.17,60.98,82,41,41
2462,2123294,72.2924096385542,64.29,80.49,83,42,41
2463,2123904,69.2302564102564,78.26,56.25,78,46,32
2464,2124868,65.7504109589041,55.26,77.14,73,38,35
2465,2125929,75.8027419354839,85.71,62.96,62,35,27
2466,2125973,64.0596875,83.87,45.45,64,31,33
2467,2126576,85.7171428571428,93.94,79.55,77,33,44
2468,2128050,65.3332,75,56.41,75,36,39
2469,2128612,79.516265060241,85.29,75.51,83,34,49
2470,2128658,90.5905882352941,85,95.56,85,40,45
2471,2132132,76.6227272727273,85.71,69.05,77,35,42
2472,2132209,78.2096153846154,80.65,76.6,78,31,47
2473,2134171,82.19,83.87,80.95,73,31,42
2474,2135684,83.782972972973,85.71,82.61,74,28,46
2475,2136669,73.3309333333333,67.74,77.27,75,31,44
2476,2138074,88.6069620253165,88.37,88.89,79,43,36
2477,2139460,67.7993220338983,64.52,71.43,59,31,28
2478,2139889,77.78,82.5,71.88,72,40,32
2479,2141212,81.4294285714286,66.67,89.13,70,24,46
2480,2141387,85.5043478260869,78.57,90.24,69,28,41
2481,2141473,82.2786075949367,85.11,78.12,79,47,32
2482,2141656,86.7478313253012,86.67,86.84,83,45,38
2483,2142028,85.23,79.55,90.91,88,44,44
2484,2142252,89.0246341463415,89.47,88.64,82,38,44
2485,2143393,89.2838095238095,86.36,92.5,84,44,40
2486,2143448,82.7185185185185,90.48,74.36,81,42,39
2487,2143499,81.7029268292683,91.3,69.44,82,46,36
2488,2145089,83.6769387755102,91.18,66.67,49,34,15
2489,2145507,76.561875,78.79,74.19,64,33,31
2490,2145657,79.2492452830189,91.67,68.97,53,24,29
2491,2146202,72.3076923076923,77.14,66.67,65,35,30
2492,2146342,81.662,85.71,78.12,60,28,32
2493,2147490,81.1630434782609,66.67,90.48,69,27,42
2494,2147773,85.5075362318841,90.7,76.92,69,43,26
2495,2149269,75.7563636363636,76.92,75,66,26,40
2496,2149695,90.3238709677419,91.43,88.89,62,35,27
2497,2151263,68.2528571428572,61.54,72.97,63,26,37
2498,2152372,76.1896825396825,77.27,75.61,63,22,41
2499,2152442,75.3826153846154,60.87,83.33,65,23,42
2500,2152610,90.0008333333333,88,91.43,60,25,35
2501,2155582,78.751,75,81.82,80,36,44
2502,2156327,78.126875,77.78,78.38,64,27,37
2503,2157424,80.771282051282,88.24,75,78,34,44
2504,2157938,86.4872972972973,88.64,83.33,74,44,30
2505,2159782,80.000125,76.92,82.93,80,39,41
2506,2159839,78.75075,76.32,80.95,80,38,42
2507,2160945,48.2736206896552,39.39,60,58,33,25
2508,2161254,75.4088524590164,84.09,52.94,61,44,17
2509,2162057,73.3336,63.64,80.95,75,33,42
2510,2167322,70.0006666666667,70.59,69.23,60,34,26
2511,2167363,67.2131147540984,53.85,77.14,61,26,35
2512,2168666,70.9696774193548,77.78,61.54,62,36,26
2513,2171203,81.9438888888889,85.29,78.95,72,34,38
2514,2172488,71.015652173913,84.62,53.33,69,39,30
2515,2172760,77.1417142857143,93.18,50,70,44,26
2516,2174643,83.9496296296296,82.98,85.29,81,47,34
2517,2175913,49.9982857142857,52.94,47.22,70,34,36
2518,2176132,81.322967032967,89.66,66.67,91,58,33
2519,2176550,81.58,91.84,62.96,76,49,27
2520,2177489,75.715,80,71.43,70,35,35
2521,2177601,76.1205970149254,86.11,64.52,67,36,31
2522,2178130,83.0755384615385,94.59,67.86,65,37,28
2523,2178188,79.9961333333333,90.62,72.09,75,32,43
2524,2178363,83.3372727272727,86.67,80.56,66,30,36
2525,2178470,81.819696969697,84.38,79.41,66,32,34
2526,2178689,69.2329230769231,73.53,64.52,65,34,31
2527,2179188,87.5,94.44,80.56,72,36,36
2528,2179196,75.5095918367347,100,29.41,49,32,17
2529,2180140,78.751,81.82,75,80,44,36
2530,2180171,65.2769444444444,76.74,48.28,72,43,29
2531,2180823,76.47,70.27,83.87,68,37,31
2532,2181578,73.5849056603774,65.52,83.33,53,29,24
2533,2183162,78.6653333333333,80,77.14,75,40,35
2534,2183548,63.89,81.25,29.17,72,48,24
2535,2184728,85.7155844155844,86.84,84.62,77,38,39
2536,2185419,75.3075308641975,71.05,79.07,81,38,43
2537,2185898,56.6666666666667,50,62.5,60,28,32
2538,2186660,70.1150574712644,65.71,73.08,87,35,52
2539,2186884,85.2926470588235,85.71,84.85,68,35,33
2540,2188580,72.3684210526316,75,70,76,36,40
2541,2189280,74.9983823529412,81.48,70.73,68,27,41
2542,2190130,81.25125,76.47,86.67,64,34,30
2543,2190804,86.2525,80.56,90.91,80,36,44
2544,2191773,80.6477419354839,82.86,77.78,62,35,27
2545,2191913,72.1556962025317,75.56,67.65,79,45,34
2546,2192359,60.8085135135135,67.44,51.61,74,43,31
2547,2192402,78.3813513513514,72.73,86.67,74,44,30
2548,2193088,83.3328787878788,88.57,77.42,66,35,31
2549,2193358,81.3591525423729,76.67,86.21,59,30,29
2550,2193946,82.809375,83.33,82.35,64,30,34
2551,2194544,73.6817543859649,83.78,55,57,37,20
2552,2194870,77.4183870967742,79.41,75,62,34,28
2553,2195965,71.1849152542373,61.29,82.14,59,31,28
2554,2196577,75.0008333333333,71.43,80,72,42,30
2555,2197411,67.6508823529412,66.67,68.97,68,39,29
2556,2200247,35.7157142857143,20.83,46.88,56,24,32
2557,2200425,45.9026229508197,45.16,46.67,61,31,30
2558,2206838,72.8528571428571,74.19,71.79,70,31,39
2559,2210800,79.63,88.89,75,54,18,36
2560,2210889,83.0516949152542,100,71.43,59,24,35
2561,2210934,78.4333333333333,88.24,73.53,51,17,34
2562,2211141,85.4835483870968,96.15,77.78,62,26,36
2563,2211688,63.9996,74.19,56.82,75,31,44
2564,2212431,74.5781355932203,65,79.49,59,20,39
2565,2213414,75.4743396226415,90.91,64.52,53,22,31
2566,2213504,68.6301960784314,72.73,65.52,51,22,29
2567,2214487,79.3110344827586,93.75,61.54,58,32,26
2568,2214944,78.5717857142857,84.62,73.33,56,26,30
2569,2215083,76.9265384615385,71.43,80.65,52,21,31
2570,2215520,75.8627586206897,84.38,65.38,58,32,26
2571,2216477,87.8812121212121,87.5,88.24,66,32,34
2572,2216724,85.504347826087,90.62,81.08,69,32,37
2573,2216984,82.6676,86.11,79.49,75,36,39
2574,2217247,80.0005714285714,91.89,66.67,70,37,33
2575,2217332,84.5095774647887,93.94,76.32,71,33,38
2576,2218760,86.7504819277108,86.49,86.96,83,37,46
2577,2219470,64.3846575342466,75.76,55,73,33,40
2578,2220684,90.1193827160494,94.59,86.36,81,37,44
2579,2220729,84.7036470588235,80.95,88.37,85,42,43
2580,2221640,87.8416216216216,94.74,80.56,74,38,36
2581,2221772,93.2459459459459,88.1,100,74,42,32
2582,2223226,94.185,90.7,97.67,86,43,43
2583,2223510,56.6060377358491,64.29,48,53,28,25
2584,2226189,80.002,79.17,81.25,80,48,32
2585,2226503,84.375,82.35,86.67,64,34,30
2586,2227028,80,70,87.5,70,30,40
2587,2227471,72.4678260869565,56.67,84.62,69,30,39
2588,2228256,86.3618181818182,89.13,83.33,88,46,42
2589,2228422,78.2064102564103,77.5,78.95,78,40,38
2590,2229641,79.998,80.95,78.57,70,42,28
2591,2230103,56.5213043478261,75.61,28.57,69,41,28
2592,2231851,74.5082352941177,72,76.92,51,25,26
2593,2232595,84.211052631579,80,88.89,57,30,27
2594,2232716,83.8267647058824,84.62,82.76,68,39,29
2595,2232842,75.805,77.42,74.19,62,31,31
2596,2233039,84.7461016949153,82.14,87.1,59,28,31
2597,2234646,80.6470967741935,76.19,82.93,62,21,41
2598,2235758,85.9403125,80.65,90.91,64,31,33
2599,2236237,75.3634782608696,75.76,75,69,33,36
2600,2237906,74.5111764705882,79.17,70.37,51,24,27
2601,2238408,88.4053623188406,85.71,91.18,69,35,34
2602,2239148,54.9985,52.94,56.52,40,17,23
2603,2239155,78.0008,88.89,50,50,36,14
2604,2239974,60.7862745098039,87.1,20,51,31,20
2605,2240532,79.7467088607595,75.61,84.21,79,41,38
2606,2240749,86.1546153846154,85.19,86.84,65,27,38
2607,2241341,79.7092753623188,79.41,80,69,34,35
2608,2241879,87.6551851851852,92.86,82.05,81,42,39
2609,2243631,85.3678048780488,90.48,80,82,42,40
2610,2243816,81.9444444444444,89.29,77.27,72,28,44
2611,2245054,85.7152380952381,90,81.82,84,40,44
2612,2245089,83.3317777777778,89.13,77.27,90,46,44
2613,2245161,60.6066666666667,75,47.06,66,32,34
2614,2245592,81.1917821782178,86.05,77.59,101,43,58
2615,2246398,85.2621052631579,88,82.22,95,50,45
2616,2246960,80.724578313253,82.98,77.78,83,47,36
2617,2247658,85.1470297029703,88,82.35,101,50,51
2618,2250234,88.6069620253165,88.89,88.37,79,36,43
2619,2250601,87.6551851851852,92.86,82.05,81,42,39
2620,2250884,84.4436666666667,79.07,89.36,90,43,47
2621,2251013,80.2336046511628,80,80.49,86,45,41
2622,2251222,81.3918604651163,85.71,77.27,86,42,44
2623,2252687,86.9607608695652,86.05,87.76,92,43,49
2624,2253950,77.0240540540541,71.05,83.33,74,38,36
2625,2254982,80,74.36,86.11,75,39,36
2626,2256045,79.4506849315068,74.36,85.29,73,39,34
2627,2256798,88.2370588235294,90,86.67,85,40,45
2628,2256819,88.5031034482759,85.71,91.11,87,42,45
2629,2256996,84.2680898876404,78.57,89.36,89,42,47
2630,2257592,77.499125,63.64,87.23,80,33,47
2631,2257725,88.0971428571429,87.5,88.64,84,40,44
2632,2257893,87.6419101123595,86.05,89.13,89,43,46
2633,2258187,63.2671428571429,43.75,72.73,49,16,33
2634,2260136,76.3890277777778,81.08,71.43,72,37,35
2635,2260713,76.7106849315068,81.08,72.22,73,37,36
2636,2261099,88.6384090909091,89.13,88.1,88,46,42
2637,2261203,82.8598571428571,89.66,78.05,70,29,41
2638,2261359,56.7186567164179,74.29,37.5,67,35,32
2639,2261517,80.8858823529412,84.38,77.78,68,32,36
2640,2262708,72.3053846153846,80,65.71,65,30,35
2641,2262756,65.2184057971014,74.29,55.88,69,35,34
2642,2265236,85.715,94.29,77.14,70,35,35
2643,2265707,57.14,78.57,35.71,56,28,28
2644,2265943,80.2797183098591,89.74,68.75,71,39,32
2645,2266171,73.8475384615385,75,72.73,65,32,33
2646,2266661,31.3449253731343,35,25.93,67,40,27
2647,2270121,75.6791891891892,91.67,60.53,74,36,38
2648,2270542,77.2718181818182,66.67,83.33,66,24,42
2649,2270903,80.3281967213115,78.26,81.58,61,23,38
2650,2271109,88.2348529411765,97.14,78.79,68,35,33
2651,2274612,74.4435555555556,71.74,77.27,90,46,44
2652,2274635,72.8418518518518,73.47,71.88,81,49,32
2653,2275531,54.4283544303797,51.22,57.89,79,41,38
2654,2276019,82.4162637362637,84.78,80,91,46,45
2655,2276503,78.8245882352941,82.05,76.09,85,39,46
2656,2276601,82.6105797101449,80.65,84.21,69,31,38
2657,2276650,70.1511940298507,82.93,50,67,41,26
2658,2276982,80.7684615384616,84.09,76.47,78,44,34
2659,2279200,84.5074647887324,84.21,84.85,71,38,33
2660,2279239,77.3819047619048,72.5,81.82,84,40,44
2661,2279288,74.6789873417721,61.76,84.44,79,34,45
2662,2279302,67.19046875,42.11,77.78,64,19,45
2663,2279313,77.6449411764706,74.36,80.43,85,39,46
2664,2280162,77.2759090909091,65.52,86.49,66,29,37
2665,2281297,85.1324324324324,83.33,86.84,74,36,38
2666,2281381,80.8227397260274,80,81.82,73,40,33
2667,2282393,73.3324,53.85,83.67,75,26,49
2668,2283338,93.75,92.5,95,80,40,40
2669,2283858,84.0022666666667,86.49,81.58,75,37,38
2670,2284399,85.5257894736842,87.5,84.09,76,32,44
2671,2284426,82.6113043478261,84.62,80,69,39,30
2672,2284522,86.0767088607595,83.78,88.1,79,37,42
2673,2285597,68.97,76.32,63.27,87,38,49
2674,2286679,75.0020454545455,79.49,71.43,88,39,49
2675,2287209,81.3304,89.74,72.22,75,39,36
2676,2287247,85.2961764705882,87.88,82.86,68,33,35
2677,2288165,68.74984375,79.31,60,64,29,35
2678,2288858,71.2145454545455,80.56,60,66,36,30
2679,2289084,84.6169230769231,94.74,75,78,38,40
2680,2289115,82.276835443038,89.47,75.61,79,38,41
2681,2289183,78.1290625,88.24,66.67,64,34,30
2682,2290857,85.901282051282,86.49,85.37,78,37,41
2683,2291279,85.8803529411765,78.79,90.38,85,33,52
2684,2291621,89.1116831683168,95.56,83.93,101,45,56
2685,2292054,90.9122727272727,88.1,93.48,88,42,46
2686,2293994,85.7103571428571,86.36,85.29,56,22,34
2687,2294399,69.138024691358,77.5,60.98,81,40,41
2688,2299426,75.00140625,74.29,75.86,64,35,29
2689,2300102,81.9445833333333,81.82,82.05,72,33,39
2690,2300258,71.2369863013699,56.67,81.4,73,30,43
2691,2300562,76.1202985074627,84.21,65.52,67,38,29
2692,2300632,76.5944680851064,77.27,76,47,22,25
2693,2300646,77.4674647887324,61.54,86.67,71,26,45
2694,2301245,72.7254545454546,65.22,78.12,55,23,32
2695,2302933,73.43953125,82.86,62.07,64,35,29
2696,2303487,80.6464516129032,90,63.64,62,40,22
2697,2304333,79.4902564102564,85.11,70.97,78,47,31
2698,2307561,87.1412857142857,83.72,92.59,70,43,27
2699,2308357,77.1928070175439,75,79.31,57,28,29
2700,2309463,76.669,79.49,71.43,60,39,21
2701,2309576,80.4330434782609,75,86.36,46,24,22
2702,2310008,88.8866666666667,90.62,87.5,72,32,40
2703,2310130,79.998,76.92,82.05,65,26,39
2704,2310677,50.9432075471698,44.83,58.33,53,29,24
2705,2312815,92.185,90.62,93.75,64,32,32
2706,2313313,82.2604838709677,71.43,96.3,62,35,27
2707,2313790,84.2105263157895,80,87.5,57,25,32
2708,2315149,68.8537704918033,58.33,75.68,61,24,37
2709,2315496,74.0245454545454,68.57,78.57,77,35,42
2710,2316005,79.7123188405797,67.65,91.43,69,34,35
2711,2316219,64.6163076923077,71.43,59.46,65,28,37
2712,2316230,76.6241558441559,67.65,83.72,77,34,43
2713,2316386,75.8634482758621,75.76,76,58,33,25
2714,2316644,82.7191358024691,78.95,86.05,81,38,43
2715,2316992,77.3815476190476,70.27,82.98,84,37,47
2716,2317055,83.8214705882353,88.46,80.95,68,26,42
2717,2317311,55.0705797101449,15.62,89.19,69,32,37
2718,2317776,75.9998666666667,72.97,78.95,75,37,38
2719,2319188,66.6704761904762,76.67,57.58,63,30,33
2720,2319612,80,68,87.5,65,25,40
2721,2319906,86.0786075949367,84.85,86.96,79,33,46
2722,2320319,79.3096551724138,69.57,85.71,58,23,35
2723,2321290,68.4954794520548,59.38,75.61,73,32,41
2724,2321398,66.1274193548387,45.45,77.5,62,22,40
2725,2321435,74.5733898305085,78.12,70.37,59,32,27
2726,2321619,8.86518987341772,14.29,4.55,79,35,44
2727,2323039,73.438125,72.41,74.29,64,29,35
2728,2324206,77.332,75.86,78.26,75,29,46
2729,2324503,74.6488732394366,57.14,86.05,71,28,43
2730,2324881,75.9486075949367,64.71,84.44,79,34,45
2731,2326510,79.68671875,76,82.05,64,25,39
2732,2327171,81.9416666666667,83.33,80.95,72,30,42
2733,2328030,64.404406779661,47.62,73.68,59,21,38
2734,2332893,94.8717948717949,90,100,78,40,38
2735,2333113,87.18,82.05,92.31,78,39,39
2736,2334026,74.6684,71.43,78.79,75,42,33
2737,2334383,77.6445882352941,73.68,80.85,85,38,47
2738,2335213,81.3161538461538,75,86.27,91,40,51
2739,2335521,76.4688235294118,68.75,83.33,68,32,36
2740,2335870,16.667619047619,21.88,13.46,84,32,52
2741,2336127,71.7937179487179,48.28,85.71,78,29,49
2742,2336348,80.0023333333333,81.08,79.25,90,37,53
2743,2337182,83.509381443299,88.64,79.25,97,44,53
2744,2338566,80.7228915662651,78.95,82.22,83,38,45
2745,2338816,59.211447368421,42.86,73.17,76,35,41
2746,2338893,64.9995,56.41,73.17,80,39,41
2747,2339007,82.6059782608696,84.44,80.85,92,45,47
2748,2339056,87.0576470588235,82.22,92.5,85,45,40
2749,2339857,77.175652173913,66,90.48,92,50,42
2750,2340180,74.6456338028169,69.44,80,71,36,35
2751,2340422,65.3304,32.35,92.68,75,34,41
2752,2341529,69.5118292682927,78.43,54.84,82,51,31
2753,2342323,84.4407777777778,81.63,87.8,90,49,41
2754,2343877,77.7755555555556,79.59,73.91,72,49,23
2755,2343980,76.1213432835821,76.09,76.19,67,46,21
2756,2344407,55.9328813559322,45.16,67.86,59,31,28
2757,2346842,84.4172727272727,84,85.19,77,50,27
2758,2346940,87.4985,86.36,88.89,80,44,36
2759,2347968,88.8860493827161,88.37,89.47,81,43,38
2760,2348756,50.7942857142857,55,43.48,63,40,23
2761,2349137,81.0341379310345,84.21,75,58,38,20
2762,2349375,84.2076315789474,84.78,83.33,76,46,30
2763,2349693,85.3658536585366,83.33,88.24,82,48,34
2764,2349956,86.251625,81.4,91.89,80,43,37
2765,2350249,77.6101492537314,73.68,82.76,67,38,29
2766,2350375,70.27,68.29,72.73,74,41,33
2767,2351699,95.8325,94.87,96.97,72,39,33
2768,2352839,94.0482142857143,88.89,100,84,45,39
2769,2353702,89.8305084745763,86.67,93.1,59,30,29
2770,2354247,84.72,84.21,85.29,72,38,34
2771,2354433,86.1080555555556,86.84,85.29,72,38,34
2772,2354609,95.65,94.44,96.97,69,36,33
2773,2354638,86.6666666666667,92.5,75,60,40,20
2774,2354707,86.9552173913043,90.91,83.33,69,33,36
2775,2355095,90.4777777777778,82.86,100,63,35,28
2776,2355534,91.6708333333333,88.1,96.67,72,42,30
2777,2355884,77.9209090909091,64.29,85.71,77,28,49
2778,2355967,81.6096551724138,76.92,85.42,87,39,48
2779,2358373,78.6676,76.47,80.49,75,34,41
2780,2359437,45.7853012048193,40.48,51.22,83,42,41
2781,2359654,76.3152631578947,78.57,73.53,76,42,34
2782,2364770,81.5370769230769,79.41,83.87,65,34,31
2783,2367002,82.0524358974359,82.93,81.08,78,41,37
2784,2367341,77.6347368421053,71.88,81.82,76,32,44
2785,2370410,75.3604347826087,71.43,77.08,69,21,48
2786,2371490,83.0987323943662,85.71,80.56,71,35,36
2787,2373582,86.2525,90.91,80.56,80,44,36
2788,2374606,84.37453125,73.68,88.89,64,19,45
2789,2374712,58.5089361702128,58.82,58.14,94,51,43
2790,2375908,81.1613043478261,72.73,88.89,69,33,36
2791,2377191,61.7,45.83,78.26,47,24,23
2792,2378859,75.7135714285714,75.61,75.86,70,41,29
2793,2379054,77.2278217821782,80,74.51,101,50,51
2794,2379219,71.9519512195122,71.43,72.5,82,42,40
2795,2381769,71.4257142857143,78.26,65.38,98,46,52
2796,2382708,78.2065384615385,78.05,78.38,78,41,37
2797,2383635,72.2904819277108,75,69.77,83,40,43
2798,2385227,76.0008,76.19,75.76,75,42,33
2799,2386645,86.4182716049383,92.68,80,81,41,40
2800,2390674,86.7495180722891,92.86,80.49,83,42,41
2801,2391188,89.47,89.47,89.47,76,38,38
2802,2391565,57.4451063829787,62.96,50,47,27,20
2803,2392302,93.9354545454545,93.33,94.44,66,30,36
2804,2394843,87.1414285714286,97.22,76.47,70,36,34
2805,2396040,85.8691304347826,75,94.23,92,40,52
2806,2396048,58.0641935483871,57.5,58.49,93,40,53
2807,2397011,83.0795384615385,85.19,81.58,65,27,38
2808,2397399,80.8995505617978,78.12,82.46,89,32,57
2809,2400726,67.1890625,78.95,50,64,38,26
2810,2401218,81.5763157894737,85.71,76.47,76,42,34
2811,2401917,71.4266666666667,60.71,80,63,28,35
2812,2402387,68.1833333333333,78.57,60.53,66,28,38
2813,2402514,87.145,94.29,80,70,35,35
2814,2402993,76.19,89.19,57.69,63,37,26
2815,2403027,61.5353846153846,83.33,34.48,65,36,29
2816,2403971,75,87.18,58.62,68,39,29
2817,2404433,83.3312121212121,85.29,81.25,66,34,32
2818,2406741,85.456,81.82,90.91,55,33,22
2819,2407123,76.1922222222222,78.05,72.73,63,41,22
2820,2408144,81.3554237288136,78.12,85.19,59,32,27
2821,2408854,81.1630434782609,67.65,94.29,69,34,35
2822,2408915,77.9423529411765,82.76,74.36,68,29,39
2823,2409014,72.8774576271186,65.71,83.33,59,35,24
2824,2409183,85.3336,80.56,89.74,75,36,39
2825,2409219,88.6070886075949,81.58,95.12,79,38,41
2826,2411344,88.75,94,80,80,50,30
2827,2411953,91.5630120481928,91.3,91.89,83,46,37
2828,2412616,71.87203125,71.79,72,64,39,25
2829,2417554,77.9228571428572,70,82.98,77,30,47
2830,2419427,81.9249397590361,82.35,81.63,83,34,49
2831,2420860,63.0935714285714,64.44,61.54,84,45,39
2832,2421851,70.31375,55.56,81.08,64,27,37
2833,2421979,80.2467901234568,73.68,86.05,81,38,43
2834,2422668,84.4142857142857,94.12,76.74,77,34,43
2835,2422999,79.7625,82.86,77.55,84,35,49
2836,2423932,83.1145454545454,73.33,89.36,77,30,47
2837,2424329,84.6146153846154,80,88.57,65,30,35
2838,2424867,89.1584337349397,92.5,86.05,83,40,43
2839,2424978,80.52,82.86,78.57,77,35,42
2840,2425283,83.1184415584416,73.53,90.7,77,34,43
2841,2425450,74.1945161290323,77.78,69.23,62,36,26
2842,2425831,81.3332,84.85,78.57,75,33,42
2843,2426660,12.9025806451613,7.84,19.05,93,51,42
2844,2426668,14.4403333333333,12.24,17.07,90,49,41
2845,2427990,93.2585393258427,92.59,94.29,89,54,35
2846,2428164,82.9265853658537,76.19,90,82,42,40
2847,2429516,49.1834426229508,14.29,78.79,61,28,33
2848,2430550,81.332,83.33,77.78,75,48,27
2849,2430888,75.998,67.5,85.71,75,40,35
2850,2430965,81.945,78.57,86.67,72,42,30
2851,2431240,82.2222222222222,84,80,90,50,40
2852,2434047,69.2315384615384,85.42,43.33,78,48,30
2853,2434087,84.8093670886076,86.36,82.86,79,44,35
2854,2434433,75.384,57.69,87.18,65,26,39
2855,2435773,80.2842253521127,84.62,75,71,39,32
2856,2435832,82.4536842105263,83.33,81.48,57,30,27
2857,2437322,70.7309756097561,80.77,53.33,41,26,15
2858,2438358,77.5526530612245,76,79.17,49,25,24
2859,2438770,88.4615384615385,92.86,83.33,52,28,24
2860,2439575,60.9719512195122,44.44,73.91,41,18,23
2861,2439726,59.5235714285714,48,76.47,42,25,17
2862,2440080,85.1063829787234,86.96,83.33,47,23,24
2863,2440544,70.7334146341463,69.57,72.22,41,23,18
2864,2441633,90.9049090909091,94.59,83.33,55,37,18
2865,2442469,86.4422033898305,96.97,73.08,59,33,26
2866,2442879,77.6110447761194,87.1,69.44,67,31,36
2867,2443258,90.004,91.67,88.24,70,36,34
2868,2444829,62.2977049180328,75,51.52,61,28,33
2869,2445690,86.3645454545454,92.31,82.5,66,26,40
2870,2445746,72.5494117647059,80.77,64,51,26,25
2871,2446175,89.7476923076923,91.67,88.1,78,36,42
2872,2447577,82.9314634146342,84.62,81.4,82,39,43
2873,2447958,77.9404411764706,69.7,85.71,68,33,35
2874,2448131,82.5387301587302,78.12,87.1,63,32,31
2875,2448697,77.1943859649123,82.76,71.43,57,29,28
2876,2449686,88.8844444444445,86.36,90.62,54,22,32
2877,2449964,83.0523728813559,80,86.21,59,30,29
2878,2450127,82.05,75,93.33,39,24,15
2879,2450272,71.4283928571429,62.07,81.48,56,29,27
2880,2451042,60.7835294117647,79.17,44.44,51,24,27
2881,2453563,66.6641176470588,52.17,78.57,51,23,28
2882,2453777,79.2458490566038,72.73,83.87,53,22,31
2883,2454401,75.0015,82.35,69.57,40,17,23
2884,2454509,69.9983333333333,83.87,55.17,60,31,29
2885,2455188,82.2564516129032,83.33,80.77,62,36,26
2886,2456221,69.3838775510204,90.62,29.41,49,32,17
2887,2456913,79.45,71.05,88.57,73,38,35
2888,2457008,74.5427272727273,57.14,92.59,55,28,27
2889,2458261,78.57,73.53,83.33,70,34,36
2890,2459927,66.6668421052632,72.73,58.33,57,33,24
2891,2460259,71.0871084337349,78.05,64.29,83,41,42
2892,2461774,83.8270588235294,97.44,65.52,68,39,29
2893,2461926,75.716,88.1,57.14,70,42,28
2894,2462050,76.3205263157895,71.88,79.55,76,32,44
2895,2463334,76.1904761904762,77.5,75,84,40,44
2896,2463808,76.3858333333333,73.68,79.41,72,38,34
2897,2465930,78.7877272727273,74.19,82.86,66,31,35
2898,2466860,70.211914893617,68.18,72,47,22,25
2899,2466866,39.1291304347826,40.74,36.84,46,27,19
2900,2467879,65.1504545454546,55.56,71.79,66,27,39
2901,2467930,58.93,25,77.78,56,20,36
2902,2468980,76.3893055555556,77.42,75.61,72,31,41
2903,2470266,73.9117391304348,76.67,71.79,69,30,39
2904,2470292,60.5230263157895,62.16,58.97,76,37,39
2905,2471253,79.3127586206896,79.07,79.55,87,43,44
2906,2473425,74.1170588235294,71.79,76.09,85,39,46
2907,2473480,76.3197368421053,81.4,69.7,76,43,33
2908,2474489,84.6153846153846,95.24,72.22,78,42,36
2909,2475132,84.6105128205128,90.62,80.43,78,32,46
2910,2475462,86.24675,86.84,85.71,80,38,42
2911,2475790,85.3636585365854,84.21,86.36,82,38,44
2912,2476917,84.1426829268293,85.29,83.33,82,34,48
2913,2476979,84.1482926829268,90.48,77.5,82,42,40
2914,2476985,84.0008,83.33,84.62,75,36,39
2915,2477037,83.9098850574713,90,75.68,87,50,37
2916,2477760,69.564347826087,75.86,65,69,29,40
2917,2478429,83.5835820895522,84.62,82.14,67,39,28
2918,2479752,68.0846808510638,70.83,65.22,47,24,23
2919,2480712,66.6657142857143,40.74,86.11,63,27,36
2920,2482723,62.9666666666667,60.61,66.67,54,33,21
2921,2482940,72.7277272727273,69.23,77.78,44,26,18
2922,2483204,65.3838461538462,58.33,71.43,52,24,28
2923,2484241,78.4305882352941,81.48,75,51,27,24
2924,2485024,69.3548387096774,66.67,72.41,62,33,29
2925,2485142,57.4489361702128,54.55,60,47,22,25
2926,2485158,70.3694444444444,65.22,74.19,54,23,31
2927,2485298,82.2554838709678,74.07,88.57,62,27,35
2928,2488410,58.7320634920635,59.09,58.54,63,22,41
2929,2489420,76.3193421052632,84.62,67.57,76,39,37
2930,2489748,64.7891549295775,56.67,70.73,71,30,41
2931,2489927,59.0936363636364,50,64.29,44,16,28
2932,2491678,65.6720895522388,70.97,61.11,67,31,36
2933,2493473,90.0005714285714,94.12,86.11,70,34,36
2934,2493571,87.0122077922078,86.84,87.18,77,38,39
2935,2494034,79.2202597402597,90.24,66.67,77,41,36
2936,2495028,80.5552777777778,81.58,79.41,72,38,34
2937,2496529,70.1763157894737,84.85,50,57,33,24
2938,2500635,91.5515492957746,94.74,87.88,71,38,33
2939,2501743,82.8977631578947,82.93,82.86,76,41,35
2940,2501796,78.335,72,82.86,60,25,35
2941,2502350,85.9010256410257,87.76,82.76,78,49,29
2942,2502561,90.2435365853659,89.36,91.43,82,47,35
2943,2505014,84.2115789473684,86.49,82.05,76,37,39
2944,2505318,67.86,71.88,62.5,56,32,24
2945,2508531,83.3342857142857,85,81.82,84,40,44
2946,2509004,75.9508860759494,77.78,73.53,79,45,34
2947,2509257,5.81488372093023,4.55,7.14,86,44,42
2948,2510078,85.2926470588235,90.24,77.78,68,41,27
2949,2511914,84.4435555555556,82.93,85.71,90,41,49
2950,2513458,81.4291428571428,81.25,81.58,70,32,38
2951,2514402,86.6646666666667,85.71,87.5,75,35,40
2952,2515287,84.0602898550725,80,88.24,69,35,34
2953,2515860,80.885,70.59,91.18,68,34,34
2954,2516715,83.3346153846154,78.95,87.5,78,38,40
2955,2517021,74.24,50,94.44,66,30,36
2956,2517207,83.5582191780822,72.22,94.59,73,36,37
2957,2517553,86.25075,81.08,90.7,80,37,43
2958,2518119,74.47,85,66.67,47,20,27
2959,2518766,86.7647058823529,83.87,89.19,68,31,37
2960,2519956,74.6429577464789,71.79,78.12,71,39,32
2961,2520341,72.2211111111111,73.53,71.05,72,34,38
2962,2521484,59.9972727272727,50,65.71,55,20,35
2963,2523381,61.5382051282051,84.21,40,78,38,40
2964,2524061,89.4143529411765,97.44,82.61,85,39,46
2965,2524314,85.1822222222222,89.74,80.95,81,39,42
2966,2525989,82.6673333333333,83.87,81.82,75,31,44
2967,2527920,86.81,82.05,90.38,91,39,52
2968,2528271,83.1443820224719,81.58,84.31,89,38,51
2969,2528528,85.3313333333333,85.71,85,75,35,40
2970,2529985,84.9986666666667,92.86,78.12,60,28,32
2971,2530160,70.7696923076923,73.91,69.05,65,23,42
2972,2530492,86.8865573770492,81.48,91.18,61,27,34
2973,2530528,90.2808333333333,86.67,92.86,72,30,42
2974,2530811,89.06109375,82.61,92.68,64,23,41
2975,2530877,75,79.17,72.22,60,24,36
2976,2534224,91.9556321839081,93.62,90,87,47,40
2977,2534244,87.18,92.5,81.58,78,40,38
2978,2534415,90.620625,94.44,85.71,64,36,28
2979,2536423,85.3659756097561,81.08,88.89,82,37,45
2980,2536464,66.6693333333333,75,59.38,60,28,32
2981,2537833,49.2553731343284,71.88,28.57,67,32,35
2982,2538228,78.2065384615385,67.74,85.11,78,31,47
2983,2538502,78.1610344827586,78.05,78.26,87,41,46
2984,2538771,88.8898765432099,88.24,89.36,81,34,47
2985,2539206,72.3093846153846,66.67,79.31,65,36,29
2986,2539673,70.6652,71.05,70.27,75,38,37
2987,2541132,72.0611764705882,55,79.17,68,20,48
2988,2541176,66.2680722891566,55.56,74.47,83,36,47
2989,2541217,70.24,76.19,64.29,84,42,42
2990,2541317,84.1448780487805,81.58,86.36,82,38,44
2991,2541509,86.0781012658228,87.5,85.11,79,32,47
2992,2541769,78.4835443037975,75,81.4,79,36,43
2993,2543485,71.4292207792208,75,68.89,77,32,45
2994,2544661,87.2093023255814,76.32,95.83,86,38,48
2995,2545083,71.7933333333333,87.5,55.26,78,40,38
2996,2546160,62.5,50,70,64,24,40
2997,2546166,66.6630555555556,61.76,71.05,72,34,38
2998,2546205,68.2936585365854,63.89,71.74,82,36,46
2999,2547378,80.8220547945206,85.71,76.32,73,35,38
3000,2549161,80.8224657534247,81.58,80,73,38,35
3001,2550395,76.668,61.9,84.62,60,21,39
3002,2550651,63.7934482758621,58.33,67.65,58,24,34
3003,2550729,74.999,76.92,73.53,60,26,34
3004,2551892,76.561875,67.86,83.33,64,28,36
3005,2552243,80.3578571428571,81.82,78.26,56,33,23
3006,2552844,79.16625,78.26,80,48,23,25
3007,2552859,79.6878125,68,87.18,64,25,39
3008,2554057,88.1345762711864,93.33,82.76,59,30,29
3009,2555885,85.5031884057971,87.8,82.14,69,41,28
3010,2555964,92.1084210526316,90.48,94.12,76,42,34
3011,2556010,94.1185294117647,96.97,91.43,68,33,35
3012,2556208,66.6686666666667,60,74.29,75,40,35
3013,2556646,74.6484507042254,71.88,76.92,71,32,39
3014,2556776,85.0722388059701,80,90.62,67,35,32
3015,2557817,88.0469565217391,81.4,93.88,92,43,49
3016,2558153,75.5773255813953,64.86,83.67,86,37,49
3017,2559557,82.4767010309278,88.64,77.36,97,44,53
3018,2559655,76.4061797752809,87.5,67.35,89,40,49
3019,2559916,70.785393258427,90,55.1,89,40,49
3020,2560044,81.0808108108108,83.33,78.95,74,36,38
3021,2560112,74.0281818181818,74.29,73.81,77,35,42
3022,2561639,80.5548611111111,80.85,80,72,47,25
3023,2561853,89.8546376811594,88.37,92.31,69,43,26
3024,2562668,67.8582142857143,51.52,91.3,56,33,23
3025,2563504,59.9966153846154,64.86,53.57,65,37,28
3026,2563687,83.5808955223881,81.82,85.29,67,33,34
3027,2565103,87.9514457831325,86.84,88.89,83,38,45
3028,2566178,77.1461428571429,78.79,75.68,70,33,37
3029,2566417,70.69,75.86,65.52,58,29,29
3030,2568674,77.9676271186441,86.21,70,59,29,30
3031,2568967,79.998,80.95,79.41,55,21,34
3032,2569252,91.0288461538462,95.56,84.85,78,45,33
3033,2569313,86.4427118644068,91.18,80,59,34,25
3034,2569409,83.099014084507,88.57,77.78,71,35,36
3035,2569491,80.0036,79.49,80.56,75,39,36
3036,2569543,90.5909411764706,85.11,97.37,85,47,38
3037,2570155,75.7592424242424,86.05,56.52,66,43,23
3038,2570334,84.7236111111111,78.05,93.55,72,41,31
3039,2570488,85.7142857142857,84,90,70,50,20
3040,2570912,63.0171232876712,85.11,23.08,73,47,26
3041,2571112,82.0883582089552,75,90.32,67,36,31
3042,2571333,71.0165217391304,90.48,40.74,69,42,27
3043,2571359,83.1,93.88,59.09,71,49,22
3044,2572440,92.3084615384615,91.84,93.1,78,49,29
3045,2573587,80.0008,78.95,81.08,75,38,37
3046,2575168,40.0022857142857,38.89,41.18,70,36,34
3047,2577136,82.4167032967033,89.36,75,91,47,44
3048,2577295,81.3372,88.1,72.73,75,42,33
3049,2577592,84.3375903614458,82.98,86.11,83,47,36
3050,2577776,72.9733783783784,80,62.07,74,45,29
3051,2578514,78.9473684210526,82.5,75,76,40,36
3052,2578687,81.4294285714286,82.35,80.56,70,34,36
3053,2579623,78.4094318181818,73.17,82.98,88,41,47
3054,2580967,78.6652,74.07,81.25,75,27,48
3055,2581245,70.4916393442623,74.19,66.67,61,31,30
3056,2581842,75.2954117647059,77.78,73.47,85,36,49
3057,2582295,84.2708988764045,92.11,78.43,89,38,51
3058,2582341,81.6332653061224,79.49,83.05,98,39,59
3059,2582375,82.1770297029703,87.18,79.03,101,39,62
3060,2582897,80.555,68.18,86,72,22,50
3061,2582907,80.2496296296296,81.82,79.17,81,33,48
3062,2584655,79.4532876712329,78.57,80.65,73,42,31
3063,2585164,82.9802127659574,80.95,84.62,94,42,52
3064,2585907,83.5148351648352,85,82.35,91,40,51
3065,2585992,78.4067045454546,76.92,79.59,88,39,49
3066,2586370,75.9497468354431,80.56,72.09,79,36,43
3067,2586404,73.6286813186813,67.57,77.78,91,37,54
3068,2588514,72.9754054054054,71.88,73.81,74,32,42
3069,2588764,73.2415492957746,66.67,78.05,71,30,41
3070,2588865,89.4145882352941,88.89,89.8,85,36,49
3071,2588998,83.9514814814815,82.35,85.11,81,34,47
3072,2589143,83.1184415584416,87.18,78.95,77,39,38
3073,2589563,82.9526136363636,78.38,86.27,88,37,51
3074,2589626,81.9243373493976,86.36,76.92,83,44,39
3075,2589915,79.1034328358209,86.21,73.68,67,29,38
3076,2590279,79.7744943820225,87.5,70.73,89,48,41
3077,2590635,38.8237647058824,46.34,31.82,85,41,44
3078,2590672,76.9238461538462,80.85,72.73,91,47,44
3079,2591862,33.6635643564356,40.82,26.92,101,49,52
3080,2592751,88.4167368421053,91.3,85.71,95,46,49
3081,2596445,78.5732142857143,82.05,75.56,84,39,45
3082,2597927,82.7160493827161,81.58,83.72,81,38,43
3083,2598161,81.251875,66.67,87.88,48,15,33
3084,2599079,81.1555072463768,72.97,90.62,69,37,32
3085,2600452,84.2885714285714,91.18,77.78,70,34,36
3086,2600953,80.5958208955224,84.21,75.86,67,38,29
3087,2601320,92.2072727272727,88.89,95.12,77,36,41
3088,2601461,83.9508641975309,77.42,88,81,31,50
3089,2603901,85.0759701492537,75,92.31,67,28,39
3090,2604036,80.822602739726,73.33,86.05,73,30,43
3091,2604243,72.5513725490196,60,84.62,51,25,26
3092,2604346,79.7325675675676,75.76,82.93,74,33,41
3093,2607183,78.8733802816901,86.11,71.43,71,36,35
3094,2607604,81.1767058823529,83.78,79.17,85,37,48
3095,2608046,85.2454098360656,80.77,88.57,61,26,35
3096,2608105,83.9990666666667,83.87,84.09,75,31,44
3097,2609759,83.3355555555556,88.64,75,72,44,28
3098,2610184,84.8077215189873,85.71,84.09,79,35,44
3099,2610341,76.2738983050847,88.24,60,59,34,25
3100,2610362,85.5071014492754,90,79.31,69,40,29
3101,2610682,86.8384210526316,89.74,83.78,76,39,37
3102,2611452,77.6485882352941,80.77,72.73,85,52,33
3103,2612022,30.7726923076923,6.67,63.64,52,30,22
3104,2612743,75.467358490566,85.29,57.89,53,34,19
3105,2613263,90.001,90.91,88.89,80,44,36
3106,2613423,79.452602739726,77.78,81.08,73,36,37
3107,2613658,70.7858426966292,65.22,76.74,89,46,43
3108,2614634,63.3326666666667,58.33,69.05,90,48,42
3109,2614917,70.4205633802817,80,58.06,71,40,31
3110,2615594,73.6821052631579,69.44,77.5,76,36,40
3111,2619459,78.8750704225352,89.19,67.65,71,37,34
3112,2620625,88.5068965517241,97.3,82,87,37,50
3113,2620790,84.37125,85.71,83.33,96,42,54
3114,2622805,91.2127472527473,95.56,86.96,91,45,46
3115,2623108,81.4446391752577,86.96,76.47,97,46,51
3116,2623347,88.1747311827957,82.93,92.31,93,41,52
3117,2628468,80.9514285714286,72.22,87.5,84,36,48
3118,2628499,81.3372,72.73,88.1,75,33,42
3119,2629957,66.6660317460317,56.52,72.5,63,23,40
3120,2632313,76.1371590909091,78.38,74.51,88,37,51
3121,2637891,77.5881034482759,66.67,92,58,33,25
3122,2638246,80.5970149253731,79.41,81.82,67,34,33
3123,2641865,72.500625,70.27,74.42,80,37,43
3124,2644257,62.8545714285714,68.29,55.17,70,41,29
3125,2644380,75.3044444444444,76.74,73.68,81,43,38
3126,2645724,85.2941176470588,80.56,90.62,68,36,32
3127,2646465,62.8547142857143,65.85,58.62,70,41,29
3128,2647919,68.1821212121212,73.53,62.5,66,34,32
3129,2648366,87.1417142857143,87.5,86.84,70,32,38
3130,2649668,72.3644736842105,72.97,71.79,76,37,39
3131,2650781,75.9030120481928,78.95,73.33,83,38,45
3132,2651161,76.624025974026,75,78.05,77,36,41
3133,2653586,68.4909589041096,64,70.83,73,25,48
3134,2654221,75.2925882352941,62.07,82.14,85,29,56
3135,2655825,48.8125,22.86,67.35,84,35,49
3136,2656175,53.1621518987342,71.79,35,79,39,40
3137,2656315,54.99875,59.46,51.16,80,37,43
3138,2656434,59.7238888888889,50,65.22,72,26,46
3139,2657708,79.2651219512195,74.19,82.35,82,31,51
3140,2657925,77.9397058823529,86.21,71.79,68,29,39
3141,2659627,85.5433734939759,82.86,87.5,83,35,48
3142,2661741,81.8166666666667,77.27,84.09,66,22,44
3143,2663273,61.0149152542373,90.32,28.57,59,31,28
3144,2663404,77.7797777777778,82.61,72.73,45,23,22
3145,2664394,85.1048936170213,92.59,75,47,27,20
3146,2664723,87.8769696969697,97.06,78.12,66,34,32
3147,2664811,94.0317910447761,96.55,92.11,67,29,38
3148,2664851,89.2875,92,87.1,56,25,31
3149,2665353,91.67,91.67,91.67,60,24,36
3150,2665934,92.0638095238095,93.1,91.18,63,29,34
3151,2666192,61.11,77.78,44.44,72,36,36
3152,2666673,87.6889230769231,93.1,83.33,65,29,36
3153,2669930,73.3313333333333,62.5,85.71,60,32,28
3154,2670344,75.9277777777778,66.67,87.5,54,30,24
3155,2672321,66.6670588235294,80,47.62,51,30,21
3156,2672349,79.3649206349206,78.12,80.65,63,32,31
3157,2672631,91.8050819672131,90.91,92.86,61,33,28
3158,2673043,88.7087096774194,86.67,90.62,62,30,32
3159,2674486,78.9513157894737,88.1,67.65,76,42,34
3160,2676495,77.2124050632911,83.33,67.74,79,48,31
3161,2678383,78.2030769230769,73.68,82.5,78,38,40
3162,2680515,53.12375,50,58.33,32,20,12
3163,2681305,67.4703614457831,69.57,64.86,83,46,37
3164,2682309,75.9507594936709,72.5,79.49,79,40,39
3165,2684526,50.7925396825397,48.39,53.12,63,31,32
3166,2686150,77.3835714285714,75.93,80,84,54,30
3167,2686309,78.0482926829268,78.18,77.78,82,55,27
3168,2687359,76.5981914893617,71.7,82.93,94,53,41
3169,2687367,73.1687804878049,78,65.62,82,50,32
3170,2687622,73.8627272727273,71.43,78.12,88,56,32
3171,2687891,79.0117283950617,74.47,85.29,81,47,34
3172,2688082,82.6692,76.32,89.19,75,38,37
3173,2689090,82.3514117647059,85.71,77.78,85,49,36
3174,2691466,88.3373333333333,87.1,89.66,60,31,29
3175,2691942,79.996,65.38,89.74,65,26,39
3176,2692038,80.2191208791209,82.98,77.27,91,47,44
3177,2692225,81.253,82.93,79.49,80,41,39
3178,2693162,43.9365151515152,37.14,51.61,66,35,31
3179,2693284,78.4807594936709,80,76.47,79,45,34
3180,2695020,77.336,74.36,80.56,75,39,36
3181,2695656,78.668,77.78,80,75,45,30
3182,2696169,75.0005,70.73,79.49,80,41,39
3183,2696358,74.6678666666667,70.27,78.95,75,37,38
3184,2696933,75.6396153846154,70.73,81.08,78,41,37
3185,2697235,89.1321739130435,77.78,96.43,46,18,28
3186,2699559,84.7261111111111,79.55,92.86,72,44,28
3187,2699734,76.9217948717949,71.05,82.5,78,38,40
3188,2699828,83.78,83.78,83.78,74,37,37
3189,2702069,69.8650684931507,73.53,66.67,73,34,39
3190,2703732,39.999,24.24,70.59,50,33,17
3191,2704717,75.002,66.67,87.5,40,24,16
3192,2705911,66,72,60,50,25,25
3193,2708532,73.6833333333333,73.91,73.53,57,23,34
3194,2709501,87.8391891891892,94.29,82.05,74,35,39
3195,2709549,79.4138235294118,76.67,81.58,68,30,38
3196,2709600,81.3589830508475,75,84.62,59,20,39
3197,2709609,80.7042105263158,84.62,77.42,57,26,31
3198,2709637,84.6166153846154,89.29,81.08,65,28,37
3199,2710074,88.7294366197183,91.89,85.29,71,37,34
3200,2710387,86.1543076923077,96.55,77.78,65,29,36
3201,2710517,84.6158461538462,88.89,79.31,65,36,29
3202,2710740,81.575,89.47,73.68,76,38,38
3203,2710767,75.8631034482759,83.87,66.67,58,31,27
3204,2711986,71.0147826086957,83.33,57.58,69,36,33
3205,2712456,84.2885714285714,91.18,77.78,70,34,36
3206,2713792,64.0625,75,50,64,36,28
3207,2716036,72.9724324324324,79.49,65.71,74,39,35
3208,2716504,67.1620895522388,75,58.06,67,36,31
3209,2716604,78.3325,74.07,81.82,60,27,33
3210,2716624,84.6142307692308,88.37,80,78,43,35
3211,2716646,87.0163636363636,90.48,82.86,77,42,35
3212,2718695,80.0018666666667,75.68,84.21,75,37,38
3213,2719432,92.9587323943662,97.06,89.19,71,34,37
3214,2720511,82.2570967741936,86.67,78.12,62,30,32
3215,2720999,80.5997014925373,75,84.62,67,28,39
3216,2721300,66.0394339622641,28.57,79.49,53,14,39
3217,2722301,89.3945454545455,97.06,81.25,66,34,32
3218,2723043,60.0003636363636,58.62,61.54,55,29,26
3219,2724504,57.815,84.38,31.25,64,32,32
3220,2724650,80.9519047619048,83.33,78.79,63,30,33
3221,2727559,63.3801408450704,48.65,79.41,71,37,34
3222,2727814,76.0574647887324,83.72,64.29,71,43,28
3223,2727891,83.3338461538462,80,87.88,78,45,33
3224,2728095,82.9265853658537,87.5,76.47,82,48,34
3225,2728143,76.8285365853659,83.33,67.65,82,48,34
3226,2730833,85.000625,88.89,80,80,45,35
3227,2734063,71.9331578947369,76.67,66.67,57,30,27
3228,2734794,74.2384848484848,82.35,65.62,66,34,32
3229,2735882,92.8564285714286,93.94,91.89,70,33,37
3230,2738135,82.666,80.95,84.85,75,42,33
3231,2738181,86.7670588235294,80.56,93.75,68,36,32
3232,2738666,88.1568421052632,80,95.12,76,35,41
3233,2738928,82.28,82.61,81.82,79,46,33
3234,2739180,69.2290769230769,53.12,84.85,65,32,33
3235,2739322,76.3168421052632,75,77.78,76,40,36
3236,2739418,78.5724285714286,79.07,77.78,70,43,27
3237,2739473,82.3551470588235,86.05,76,68,43,25
3238,2739983,74.3880487804878,67.39,83.33,82,46,36
3239,2741432,54.1677083333333,41.18,61.29,48,17,31
3240,2742456,79.3110344827586,77.78,80,29,9,20
3241,2742462,89.7987755102041,81.82,96.3,49,22,27
3242,2744061,85.2294318181818,82.05,87.76,88,39,49
3243,2744487,77.4214516129032,72.73,82.76,62,33,29
3244,2746176,77.921948051948,85,70.27,77,40,37
3245,2746537,70.3125,72.22,67.86,64,36,28
3246,2752131,69.6187341772152,77.27,60,79,44,35
3247,2752937,80.6781818181818,80.43,80.95,88,46,42
3248,2753486,79.2682926829268,83.72,74.36,82,43,39
3249,2754475,82.1428571428571,87.5,75,84,48,36
3250,2755292,79.0083950617284,80.43,77.14,81,46,35
3251,2756418,72.0025333333333,65.91,80.65,75,44,31
3252,2757066,77.6301315789474,80,74.19,76,45,31
3253,2757723,66.6692063492063,52,76.32,63,25,38
3254,2758231,63.89,47.22,80.56,72,36,36
3255,2761202,75.3843076923077,83.78,64.29,65,37,28
3256,2762309,63.6381818181818,65,62.86,55,20,35
3257,2762867,78.0782191780822,89.47,65.71,73,38,35
3258,2763786,93.2425675675676,95.12,90.91,74,41,33
3259,2766105,83.0803076923077,81.82,84.38,65,33,32
3260,2767041,73.9153623188406,81.58,64.52,69,38,31
3261,2767674,85.3682926829268,88.1,82.5,82,42,40
3262,2767981,78.6875409836066,81.25,75.86,61,32,29
3263,2771504,82.1895890410959,83.33,81.08,73,36,37
3264,2773235,67.3469387755102,62.5,72,49,24,25
3265,2773287,60.935,53.12,68.75,64,32,32
3266,2774939,80,82.05,78.05,80,39,41
3267,2774971,79.7479746835443,81.58,78.05,79,38,41
3268,2774982,76.6207792207792,76.47,76.74,77,34,43
3269,2776087,75,60,90,60,30,30
3270,2776695,68.6568656716418,65.71,71.88,67,35,32
3271,2777575,80.5176623376623,76.92,84.21,77,39,38
3272,2777719,80.3031818181818,70.37,87.18,66,27,39
3273,2778333,83.1450561797753,79.59,87.5,89,49,40
3274,2778361,75.6740540540541,58.82,90,74,34,40
3275,2779790,80.5205194805195,82.61,77.42,77,46,31
3276,2780004,83.9477777777778,85.71,82.05,81,42,39
3277,2781758,74.0725925925926,84.09,62.16,81,44,37
3278,2781837,73.2415492957746,66.67,78.05,71,30,41
3279,2783698,65.8543902439024,74.36,58.14,82,39,43
3280,2783835,77.2747727272727,80.49,74.47,88,41,47
3281,2785481,78.3814864864865,65.52,86.67,74,29,45
3282,2787510,79.7479746835443,81.58,78.05,79,38,41
3283,2788303,87.3565517241379,92.86,82.22,87,42,45
3284,2788423,83.7195348837209,83.33,84,86,36,50
3285,2790373,83.5602739726027,92.31,78.72,73,26,47
3286,2790936,83.7855405405405,87.88,80.49,74,33,41
3287,2792480,77.635,76.32,78.95,76,38,38
3288,2793674,78.0214285714286,80.85,75,91,47,44
3289,2796964,76.9221794871795,81.08,73.17,78,37,41
3290,2797019,86.5892682926829,94.74,79.55,82,38,44
3291,2798851,68.6538805970149,65.38,70.73,67,26,41
3292,2799646,81.9469444444445,89.19,74.29,72,37,35
3293,2803373,62.1616216216216,61.29,62.79,74,31,43
3294,2803517,80.5511111111111,94.59,65.71,72,37,35
3295,2804559,72.5517647058823,89.66,50,51,29,22
3296,2811536,69.2323076923077,69.7,68.75,65,33,32
3297,2812432,86.4415254237288,90.91,80.77,59,33,26
3298,2814551,81.250125,80.85,81.82,80,47,33
3299,2815299,79.7445569620253,84.44,73.53,79,45,34
3300,2816088,58.7304761904762,53.66,68.18,63,41,22
3301,2816713,80.2811267605634,83.72,75,71,43,28
3302,2816775,87.175641025641,90.24,83.78,78,41,37
3303,2817711,77.3348,80.49,73.53,75,41,34
3304,2817752,71.0867469879518,65.96,77.78,83,47,36
3305,2818558,82.9768085106383,83.33,82.5,94,54,40
3306,2818625,59.6751612903226,52.63,70.83,62,38,24
3307,2818666,70.1296103896104,73.91,64.52,77,46,31
3308,2818675,66.6642857142857,70.83,61.11,84,48,36
3309,2820385,77.9048837209302,77.27,78.57,86,44,42
3310,2821778,80.821095890411,78.38,83.33,73,37,36
3311,2822601,75.3087654320988,75,75.61,81,40,41
3312,2824218,72.4604347826087,51.61,89.47,69,31,38
3313,2826029,70.8341666666667,72.73,69.23,72,33,39
3314,2827147,59.3746875,76.47,40,64,34,30
3315,2828317,65.7534246575343,48.28,77.27,73,29,44
3316,2828384,71.9487804878049,76.92,67.44,82,39,43
3317,2828430,75.6114634146341,75,76.09,82,36,46
3318,2828453,73.0177777777778,64.29,80,63,28,35
3319,2830079,72.0937209302325,75.61,68.89,86,41,45
3320,2830096,71.0827710843374,70,72.09,83,40,43
3321,2830718,55.4043243243243,51.28,60,74,39,35
3322,2831184,80.1972277227723,83.33,77.36,101,48,53
3323,2831481,77.2740909090909,82.61,71.43,88,46,42
3324,2831616,75.5327659574468,81.82,70,94,44,50
3325,2832568,69.8936559139785,69.77,70,93,43,50
3326,2832635,70.3677777777778,69.44,71.11,81,36,45
3327,2833062,56.6278313253012,68.42,46.67,83,38,45
3328,2834338,58.8896666666667,41.86,74.47,90,43,47
3329,2834736,73.2423943661972,66.67,78.95,71,33,38
3330,2835763,76.3136842105263,67.74,82.22,76,31,45
3331,2837314,78.7904545454546,70.37,84.62,66,27,39
3332,2840341,46.032380952381,33.33,57.58,63,30,33
3333,2844320,71.43,72.73,70,63,33,30
3334,2846380,87.6716438356164,90.91,85,73,33,40
3335,2847177,74.6015873015873,83.78,61.54,63,37,26
3336,2849085,80.7047368421053,90.91,74.29,57,22,35
3337,2849448,67.1414285714286,62.5,71.05,70,32,38
3338,2857312,63.16,42.11,84.21,38,19,19
3339,2861360,73.2130357142857,70.37,75.86,56,27,29
3340,2861582,66.1047457627119,53.85,75.76,59,26,33
3341,2861689,80.36,80,80.56,56,20,36
3342,2863070,38.3578082191781,37.84,38.89,73,37,36
3343,2863808,43.5462903225806,45.45,41.38,62,33,29
3344,2864028,53.57125,61.29,44,56,31,25
3345,2864772,43.2823880597015,50,34.48,67,38,29
3346,2865043,38.0947619047619,32.35,44.83,63,34,29
3347,2865163,52.5405084745763,45.45,61.54,59,33,26
3348,2865758,43.2789552238806,45.71,40.62,67,35,32
3349,2865901,38.71,41.94,35.48,62,31,31
3350,2866335,50.7716923076923,32.26,67.65,65,31,34
3351,2867285,35.9390625,35.9,36,64,39,25
3352,2868253,72.8852542372881,68.97,76.67,59,29,30
3353,2869983,71.1536538461538,70.37,72,52,27,25
3354,2870069,74.0012,72.73,75,50,22,28
3355,2870300,71.7,63.64,77.42,53,22,31
3356,2871106,73.6852631578947,61.9,80.56,57,21,36
3357,2873783,63.0447826086956,59.09,66.67,46,22,24
3358,2873978,81.5392307692308,82.35,80.65,65,34,31
3359,2874278,81.67,86.67,76.67,60,30,30
3360,2874967,55.7715384615385,75,39.29,52,24,28
3361,2879125,76.3645454545455,53.85,96.55,55,26,29
3362,2879737,57.3750819672131,62.5,51.72,61,32,29
3363,2879745,57.1414285714286,61.11,51.85,63,36,27
3364,2879907,52.63,33.33,70,57,27,30
3365,2879918,61.9046031746032,70.27,50,63,37,26
3366,2880756,70.37,74.07,66.67,54,27,27
3367,2881313,75.925,70.37,81.48,54,27,27
3368,2881406,76.1194029850746,74.36,78.57,67,39,28
3369,2881569,73.7685245901639,77.14,69.23,61,35,26
3370,2881726,72.858,66.67,82.14,70,42,28
3371,2881859,68.5192592592593,61.54,75,54,26,28
3372,2885702,61.9071428571429,70.37,55.56,63,27,36
3373,2886993,57.8919298245614,56.52,58.82,57,23,34
3374,2887125,65.2808333333333,78.79,53.85,72,33,39
3375,2888134,63.89125,71.43,56.76,72,35,37
3376,2888539,87.496875,94.44,78.57,64,36,28
3377,2889722,39.1295652173913,40,38.46,69,30,39
3378,2889894,74.6469014084507,80,70.73,71,30,41
3379,2889922,73.61,82.86,64.86,72,35,37
3380,2889993,82.7120987654321,89.47,76.74,81,38,43
3381,2890507,81.0821621621622,77.14,84.62,74,35,39
3382,2892968,74.2439393939394,81.25,67.65,66,32,34
3383,2893669,73.8111904761905,85.37,62.79,84,41,43
3384,2893707,78.4630769230769,87.5,69.7,65,32,33
3385,2894123,79.221948051948,90,67.57,77,40,37
3386,2894179,72.2244444444444,84.38,62.5,72,32,40
3387,2894220,82.0208988764045,89.74,76,89,39,50
3388,2894779,64.6163076923077,71.43,59.46,65,28,37
3389,2895073,80.8076767676768,84.78,77.36,99,46,53
3390,2895954,78.89,88.89,68.89,90,45,45
3391,2899638,78.2035897435897,90.91,61.76,78,44,34
3392,2899836,79.3508695652174,85.42,72.73,92,48,44
3393,2901039,80.8852941176471,80,81.4,68,25,43
3394,2902889,64.786338028169,70.37,61.36,71,27,44
3395,2903469,84.9033962264151,95.24,78.12,53,21,32
3396,2905488,82.0935820895522,69.57,88.64,67,23,44
3397,2906502,71.21,90.91,61.36,66,22,44
3398,2907187,78.9457894736842,82.35,76.19,76,34,42
3399,2907340,77.9228571428571,77.78,78,77,27,50
3400,2908304,59.4597297297297,75.76,46.34,74,33,41
3401,2910837,73.9110144927536,83.78,62.5,69,37,32
3402,2913936,87.3270422535211,91.67,82.86,71,36,35
3403,2914799,78.9473684210526,83.33,75.76,57,24,33
3404,2915092,71.4265079365079,69.23,72.97,63,26,37
3405,2916838,77.2187341772152,86.96,63.64,79,46,33
3406,2917776,60.6593442622951,56.67,64.52,61,30,31
3407,2918735,61.8457894736842,72.73,46.88,76,44,32
3408,2919431,68.1165217391304,63.64,72.22,69,33,36
3409,2919484,68.295,60.98,75.61,82,41,41
3410,2919590,38.8872222222222,37.14,40.54,72,35,37
3411,2920008,80.2475308641975,78.05,82.5,81,41,40
3412,2920582,80.555,66.67,94.44,72,36,36
3413,2923376,71.8330985915493,73.81,68.97,71,42,29
3414,2924111,52.49875,52.63,52.38,80,38,42
3415,2924581,80.277323943662,65.71,94.44,71,35,36
3416,2925837,49.9984848484848,52.5,46.15,66,40,26
3417,2926440,84.9291780821918,85.71,84.21,73,35,38
3418,2926457,76.6232467532467,82.5,70.27,77,40,37
3419,2926472,77.7788888888889,75,80.49,81,40,41
3420,2927200,65.6740298507463,57.14,69.57,67,21,46
3421,2927614,74.6033333333333,76.19,73.81,63,21,42
3422,2928449,77.2716666666667,88,70.73,66,25,41
3423,2928523,77.4669014084507,86.21,71.43,71,29,42
3424,2928728,81.5373846153846,90.62,72.73,65,32,33
3425,2929490,81.251875,82.61,80.49,64,23,41
3426,2929586,74.6025396825397,84,68.42,63,25,38
3427,2929592,71.6981132075472,81.48,61.54,53,27,26
3428,2929622,78.789696969697,84.62,75,66,26,40
3429,2931526,71.9528048780488,77.14,68.09,82,35,47
3430,2932716,80.0014285714286,80.56,79.41,70,36,34
3431,2933219,73.3355555555556,81.82,65.22,90,44,46
3432,2936766,76.4155660377359,83.72,71.43,106,43,63
3433,2936779,82.9956,85.71,81.03,100,42,58
3434,2936881,68.8844444444444,61.76,73.21,90,34,56
3435,2937522,49.3782716049383,24.32,70.45,81,37,44
3436,2937681,72.0923255813954,77.5,67.39,86,40,46
3437,2937918,55.0695652173913,43.33,64.1,69,30,39
3438,2938846,72.2222222222222,62.5,80,90,40,50
3439,2939016,69.315,70.45,68.18,88,44,44
3440,2939026,67.3895652173913,59.52,74,92,42,50
3441,2939128,77.7818181818182,76.6,78.85,99,47,52
3442,2939512,70.9283720930233,69.44,72,86,36,50
3443,2939589,66.6662962962963,73.17,60,81,41,40
3444,2939761,76.1914285714286,70,81.82,84,40,44
3445,2939960,61.4486746987952,56.76,65.22,83,37,46
3446,2940064,56.7182089552239,64.52,50,67,31,36
3447,2940422,65.9576595744681,69.05,63.46,94,42,52
3448,2940469,74.2246391752577,77.55,70.83,97,49,48
3449,2940657,74.155393258427,77.27,71.11,89,44,45
3450,2944160,79.7277027027027,74.19,83.72,74,31,43
3451,2944934,73.7515,75,72.73,80,36,44
3452,2945268,58.0664516129032,58.62,57.58,62,29,33
3453,2945312,65.0616867469879,63.64,66,83,33,50
3454,2945629,71.2332876712329,79.31,65.91,73,29,44
3455,2946129,73.767868852459,76.92,68.18,61,39,22
3456,2947529,64.7082352941177,75,55.56,85,40,45
3457,2950770,78.57,80.95,75,70,42,28
3458,2950892,73.971095890411,75,72.41,73,44,29
3459,2951144,54.5438181818182,56.25,52.17,55,32,23
3460,2952930,74.0714814814815,71.79,76.19,81,39,42
3461,2954517,58.1830909090909,54.17,61.29,55,24,31
3462,2955286,72.9697297297297,73.68,72.22,74,38,36
3463,2955317,76.3873611111111,72.97,80,72,37,35
3464,2955717,47.6909230769231,27.27,68.75,65,33,32
3465,2956312,54.2159036144578,39.02,69.05,83,41,42
3466,2957047,79.7493670886076,80,79.55,79,35,44
3467,2957634,69.1155882352941,58.62,76.92,68,29,39
3468,2960682,69.3885714285714,59.09,77.78,49,22,27
3469,2960703,77.78,59.26,91.67,63,27,36
3470,2961360,76,84,68,50,25,25
3471,2964601,87.7221052631579,84.38,92,57,32,25
3472,2964983,77.9996,69.23,87.5,50,26,24
3473,2968686,46.55,55.17,37.93,58,29,29
3474,2970443,82.5446031746032,84.38,80.65,63,32,31
3475,2971597,61.1122222222222,45,70.59,54,20,34
3476,2972983,76.6666666666667,72,80,60,25,35
3477,2973948,51.9269230769231,66.67,39.29,52,24,28
3478,2973961,66.6674358974359,85,47.37,39,20,19
3479,2974810,63.999,56.52,70.37,50,23,27
3480,2975118,77.7777777777778,80,75,45,25,20
3481,2976221,72.4151724137931,81.48,64.52,58,27,31
3482,2976680,59.4551351351351,73.68,44.44,37,19,18
3483,2977157,78.4609230769231,81.08,75,65,37,28
3484,2977799,71.6954716981132,56.52,83.33,53,23,30
3485,2977838,74.5738983050848,82.14,67.74,59,28,31
3486,2978340,71.2118181818182,83.33,56.67,66,36,30
3487,2979892,70.2117021276596,73.33,68.75,47,15,32
3488,2980820,63.9304918032787,82.14,48.48,61,28,33
3489,2980978,67.2723636363636,77.78,57.14,55,27,28
3490,2982232,56.140701754386,46.15,64.52,57,26,31
3491,2983422,87.7569387755102,82.61,92.31,49,23,26
3492,2984661,63.6336363636364,53.33,72.22,33,15,18
3493,2984830,9.80254901960784,3.57,17.39,51,28,23
3494,2985631,55.5544444444444,36.36,64,36,11,25
3495,2985676,80.49,78.95,81.82,41,19,22
3496,2986159,78.0529268292683,66.67,84.62,41,15,26
3497,2987901,56.82,79.17,30,44,24,20
3498,2989463,73.9108695652174,64.29,78.12,46,14,32
3499,2989562,74.1389655172414,66.67,77.5,58,18,40
3500,2989578,68.74953125,56.52,75.61,64,23,41
3501,2990342,83.6093442622951,80,85.37,61,20,41
3502,2990624,63.3788732394366,62.5,64.1,71,32,39
3503,2992942,75.6109756097561,76.67,75,82,30,52
3504,2996645,70,58.33,77.78,60,24,36
3505,2998242,80.4895121951219,82.61,77.78,41,23,18
3506,3000689,88.5234426229508,86.21,90.62,61,29,32
3507,3000701,80.3021212121212,79.41,81.25,66,34,32
3508,3002213,70.91,77.27,66.67,55,22,33
3509,3002901,86.2103448275862,79.17,91.18,58,24,34
3510,3003793,86.11,83.33,88.89,72,36,36
3511,3004387,82.8574285714286,72.73,91.89,70,33,37
3512,3005491,94.1156862745098,96.15,92,51,26,25
3513,3005950,79.7492405063291,80.49,78.95,79,41,38
3514,3006907,77.778253968254,82.61,75,63,23,40
3515,3006914,67.6936923076923,81.58,48.15,65,38,27
3516,3006962,72.0024,72.22,71.88,50,18,32
3517,3009366,72.73,60.61,81.82,77,33,44
3518,3010860,85.525,89.47,81.58,76,38,38
3519,3010876,72.1306557377049,70.97,73.33,61,31,30
3520,3011482,83.0744615384615,81.08,85.71,65,37,28
3521,3011941,50.0010810810811,44.12,55,74,34,40
3522,3013193,78.7877272727273,74.19,82.86,66,31,35
3523,3017252,73.6817543859649,93.1,53.57,57,29,28
3524,3018079,85.2459016393443,87.1,83.33,61,31,30
3525,3019670,55.5537037037037,53.57,57.69,54,28,26
3526,3020084,81.0351724137931,72,87.88,58,25,33
3527,3020617,59.0167213114754,75,41.38,61,32,29
3528,3022379,77.0264864864865,81.58,72.22,74,38,36
3529,3025701,78.7863636363636,65.71,93.55,66,35,31
3530,3026190,72.365,73.68,71.05,76,38,38
3531,3027879,74.0751851851852,80.49,67.5,81,41,40
3532,3028920,76.120447761194,80.65,72.22,67,31,36
3533,3029084,71.2342465753425,84.62,55.88,73,39,34
3534,3029650,67.7764444444445,63.41,71.43,90,41,49
3535,3031007,74.6286567164179,81.58,65.52,67,38,29
3536,3031646,77.0274324324324,68.97,82.22,74,29,45
3537,3032751,72.7293506493507,56.67,82.98,77,30,47
3538,3032903,80,74.29,85.71,70,35,35
3539,3034267,79.1675,76.32,82.35,72,38,34
3540,3036498,73.8452307692308,69.7,78.12,65,33,32
3541,3037062,70.426338028169,74.29,66.67,71,35,36
3542,3037665,77.1915789473684,65.22,85.29,57,23,34
3543,3037972,58.4638461538462,75,45.95,65,28,37
3544,3038149,37.7324528301887,52.38,28.12,53,21,32
3545,3040177,45.0671830985915,55.26,33.33,71,38,33
3546,3045184,81.3161538461538,75,86.27,91,40,51
3547,3045490,66.101186440678,58.33,71.43,59,24,35
3548,3045742,90.6259375,81.48,97.3,64,27,37
3549,3046525,73.0751282051282,73.17,72.97,78,41,37
3550,3047010,71.4271428571429,70,73.33,70,40,30
3551,3047326,77.77625,70.37,82.22,72,27,45
3552,3048409,75.7537878787879,73.91,76.74,66,23,43
3553,3050127,80.7685897435898,82.76,79.59,78,29,49
3554,3051659,72.9737837837838,72.73,73.17,74,33,41
3555,3051692,71.4257142857143,70.83,72.22,42,24,18
3556,3054508,63.0816923076923,71.88,54.55,65,32,33
3557,3055531,78.1801818181818,76.92,79.31,55,26,29
3558,3056349,3.07692307692308,0,6.25,65,33,32
3559,3056446,12.1257575757576,14.71,9.38,66,34,32
3560,3058818,28.7657534246575,21.62,36.11,73,37,36
3561,3060345,71.9326315789474,84.38,56,57,32,25
3562,3061140,77.2727272727273,79.49,74.07,66,39,27
3563,3061337,81.8163636363636,83.33,80,66,36,30
3564,3061649,75.8637931034483,73.53,79.17,58,34,24
3565,3065226,73.5830188679245,81.25,61.9,53,32,21
3566,3068497,73.0190476190476,76.67,69.7,63,30,33
3567,3069948,74.6488732394366,86.05,57.14,71,43,28
3568,3070012,77.7766666666667,92.86,65.71,63,28,35
3569,3070983,74.99725,83.72,64.86,80,43,37
3570,3071579,72.9697297297297,74.19,72.09,74,31,43
3571,3071895,76.6662222222222,75,78.26,90,44,46
3572,3071970,71.2637931034483,69.05,73.33,87,42,45
3573,3072558,75.3841538461539,90.62,60.61,65,32,33
3574,3072858,84.2094736842105,78.38,89.74,76,37,39
3575,3073875,76.5628125,84.62,71.05,64,26,38
3576,3074487,66.1758823529412,65.71,66.67,68,35,33
3577,3080085,86.7459036144578,88.37,85,83,43,40
3578,3082358,70.7686153846154,78.12,63.64,65,32,33
3579,3082515,67.7977966101695,63.64,70.27,59,22,37
3580,3082857,85.1851851851852,84.62,85.71,81,39,42
3581,3083934,81.1747058823529,90,73.33,85,40,45
3582,3085578,92.59,94.44,91.11,81,36,45
3583,3085593,82.8542857142857,68.18,89.58,70,22,48
3584,3086419,80.0023636363636,85.19,75,55,27,28
3585,3086560,72.502,59.38,81.25,80,32,48
3586,3086609,80.4589655172414,77.78,82.35,87,36,51
3587,3086722,69.2346153846154,86.21,55.56,65,29,36
3588,3091524,62.0254430379747,68.89,52.94,79,45,34
3589,3092119,28.8113559322034,33.33,20,59,39,20
3590,3094151,54.545303030303,62.16,44.83,66,37,29
3591,3094935,66.665,75,58.33,72,36,36
3592,3095155,84.745593220339,79.31,90,59,29,30
3593,3095240,75.3853846153846,80,71.43,65,30,35
3594,3095269,65.3356,63.16,67.57,75,38,37
3595,3095302,70.1491044776119,70,70.27,67,30,37
3596,3098991,77.4214516129032,86.49,64,62,37,25
3597,3100862,79.2684146341463,77.55,81.82,82,49,33
3598,3102920,84.150243902439,86.96,80.56,82,46,36
3599,3103876,83.7227906976744,86.96,80,86,46,40
3600,3103945,80.458275862069,80.49,80.43,87,41,46
3601,3104386,85.7128571428571,83.33,87.5,84,36,48
3602,3106130,78.4935483870968,76.92,79.63,93,39,54
3603,3108885,76.1192537313433,88.37,54.17,67,43,24
3604,3109231,75.3826153846154,76.47,74.19,65,34,31
3605,3114052,66.6669565217391,77.78,45.83,69,45,24
3606,3115899,61.1901492537313,65.62,57.14,67,32,35
3607,3116438,64.4725,68.89,58.06,76,45,31
3608,3117155,79.7492405063291,88.1,70.27,79,42,37
3609,3117379,72.3444680851064,78.85,64.29,94,52,42
3610,3117558,70.3312087912088,80,58.54,91,50,41
3611,3119048,53.1914893617021,59.52,48.08,94,42,52
3612,3119214,65.2165217391304,74.42,57.14,92,43,49
3613,3119300,74.6997590361446,89.36,55.56,83,47,36
3614,3119829,70.3665740740741,73.58,67.27,108,53,55
3615,3121011,72.0015,61.54,78.69,100,39,61
3616,3121134,79.379381443299,80.95,78.18,97,42,55
3617,3124494,79.9986666666667,82.98,76.74,90,47,43
3618,3129386,82.0222471910112,86.96,76.74,89,46,43
3619,3132075,60.9213793103448,40.48,80,87,42,45
3620,3133183,67.8564285714286,50,88.46,56,30,26
3621,3133916,56.7535135135135,58.33,55.26,74,36,38
3622,3135212,71.639552238806,56.25,85.71,67,32,35
3623,3135937,74.6484507042254,60,88.89,71,35,36
3624,3136942,85.7157142857143,81.82,88.89,49,22,27
3625,3139965,79.221948051948,72.22,85.37,77,36,41
3626,3142435,71.2291780821918,72.97,69.44,73,37,36
3627,3142819,69.9007766990291,62.26,78,103,53,50
3628,3142886,66.3086956521739,55.56,76.6,92,45,47
3629,3143742,66.6686666666667,54.29,77.5,75,35,40
3630,3144088,67.4703614457831,56.1,78.57,83,41,42
3631,3144111,52.496875,42.22,65.71,80,45,35
3632,3145079,69.5653623188406,70.73,67.86,69,41,28
3633,3147747,82.9282926829268,79.55,86.84,82,44,38
3634,3148347,77.1740217391304,71.11,82.98,92,45,47
3635,3149418,78.8257647058824,75.93,83.87,85,54,31
3636,3149730,71.617972972973,45.45,92.68,74,33,41
3637,3150243,58.8233823529412,33.33,82.86,68,33,35
3638,3150728,81.58,70.73,94.29,76,41,35
3639,3153131,39.7430769230769,33.33,45.24,78,36,42
3640,3153367,73.4211392405063,74.29,72.73,79,35,44
3641,3153877,78.6530337078652,63.64,87.5,89,33,56
3642,3154440,77.42,74.36,79.63,93,39,54
3643,3155116,84.9484946236559,77.5,90.57,93,40,53
3644,3156420,84.7074117647059,85.37,84.09,85,41,44
3645,3156623,86.5187640449438,85.37,87.5,89,41,48
3646,3157011,71.0820481927711,50,87.23,83,36,47
3647,3157186,77.0110344827586,71.43,82.22,87,42,45
3648,3157466,69.0918181818182,70.27,66.67,55,37,18
3649,3159380,84.2115789473684,90,77.78,76,40,36
3650,3160833,49.3154794520548,65.62,36.59,73,32,41
3651,3161095,87.6938461538462,96.67,80,65,30,35
3652,3163005,71.6449253731343,71.88,71.43,67,32,35
3653,3164402,71.4277777777778,75,68.57,63,28,35
3654,3166049,77.4183870967742,67.86,85.29,62,28,34
3655,3167339,72.9405882352941,72.22,73.47,85,36,49
3656,3168056,80.4873170731707,82.05,79.07,82,39,43
3657,3168265,64.8658108108108,57.58,70.73,74,33,41
3658,3169400,75.3406849315068,82.35,69.23,73,34,39
3659,3170200,75.0008823529412,83.87,67.57,68,31,37
3660,3171427,41.5361538461538,33.33,48.57,65,30,35
3661,3173301,85.9143661971831,89.47,81.82,71,38,33
3662,3173912,81.2496875,88.37,66.67,64,43,21
3663,3174044,83.9514814814815,82.35,85.11,81,34,47
3664,3174504,75.3236363636364,85.71,62.86,77,42,35
3665,3174517,77.945,85.37,66.67,68,41,27
3666,3178039,82.412967032967,80.43,84.44,91,46,45
3667,3178436,83.0995774647887,79.41,86.49,71,34,37
3668,3180268,73.3333333333333,76,70,90,50,40
3669,3184459,88.3136363636364,88.57,88.1,77,35,42
3670,3184776,83.3332142857143,87.1,81.13,84,31,53
3671,3184789,80.4336956521739,80.95,80,92,42,50
3672,3187686,84.6135164835165,80.43,88.89,91,46,45
3673,3187916,81.0148101265823,85.11,75,79,47,32
3674,3188019,64.0456179775281,55.32,73.81,89,47,42
3675,3189630,83.3351282051282,76.47,88.64,78,34,44
3676,3190284,33.999,52.17,18.52,50,23,27
3677,3192815,62.5034375,54.55,70.97,64,33,31
3678,3195346,79.0103703703704,77.27,81.08,81,44,37
3679,3195682,83.33,83.33,83.33,72,42,30
3680,3196809,82.695,75.76,94.74,52,33,19
3681,3197406,85.9118309859155,83.33,91.3,71,48,23
3682,3197704,87.8807575757576,82.93,96,66,41,25
3683,3197817,73.8486153846154,66.67,82.76,65,36,29
3684,3197846,67.241724137931,56.25,80.77,58,32,26
3685,3198666,51.1106666666667,50,52.94,45,28,17
3686,3198909,48.0788461538462,46.67,50,52,30,22
3687,3199006,70,72,68,50,25,25
3688,3201552,70.1784210526316,72.73,66.67,57,33,24
3689,3203017,43.18,36.36,50,44,22,22
3690,3205079,75.609512195122,72.09,79.49,82,43,39
3691,3205097,75.3061728395062,62.5,87.8,81,40,41
3692,3206072,66.6666666666667,40,80,60,20,40
3693,3206898,75.004375,74.29,75.56,80,35,45
3694,3207324,75.0030769230769,72.73,76.67,52,22,30
3695,3208235,18.0306557377049,31.03,6.25,61,29,32
3696,3209090,78.89,78.57,79.17,90,42,48
3697,3211036,59.7381818181818,24,76.92,77,25,52
3698,3212580,83.7227906976744,80,86.96,86,40,46
3699,3212864,66.34,76.6,57.41,101,47,54
3700,3213646,72.9167708333333,73.47,72.34,96,49,47
3701,3214988,71.1091111111111,72.97,69.81,90,37,53
3702,3215069,74.7492929292929,82.98,67.31,99,47,52
3703,3215143,76.7669696969697,75,78.43,99,48,51
3704,3215232,77.0122988505747,81.58,73.47,87,38,49
3705,3215298,78.2573913043478,86.36,70.83,92,44,48
3706,3216739,62.9016129032258,66.67,61.36,62,18,44
3707,3218091,76.5422222222222,75.76,77.08,81,33,48
3708,3218300,71.2774468085106,75,68.52,94,40,54
3709,3218318,73.403829787234,78.26,68.75,94,46,48
3710,3219589,74.2430303030303,74.19,74.29,66,31,35
3711,3221617,90.14,93.94,86.84,71,33,38
3712,3222512,75.8637931034483,79.17,73.53,58,24,34
3713,3222520,77.4652112676056,86.84,66.67,71,38,33
3714,3222676,67.5348051948052,60.98,75,77,41,36
3715,3224341,75.8091935483871,91.43,55.56,62,35,27
3716,3225990,81.8190909090909,92.86,68.57,77,42,35
3717,3228622,82.8591428571428,91.67,73.53,70,36,34
3718,3230715,43.4221052631579,52.78,35,76,36,40
3719,3233779,64.1805970149254,82.86,43.75,67,35,32
3720,3236127,73.911884057971,78.72,63.64,69,47,22
3721,3238390,72.3076923076923,77.14,66.67,65,35,30
3722,3238824,45.6112280701754,28.12,68,57,32,25
3723,3240223,74.9972222222222,68.18,85.71,72,44,28
3724,3240353,58.5737142857143,53.49,66.67,70,43,27
3725,3240360,50.0036,51.52,47.06,50,33,17
3726,3240367,62.12,59.52,66.67,66,42,24
3727,3240384,69.9983333333333,65.85,78.95,60,41,19
3728,3240397,75.9994666666666,65.91,90.32,75,44,31
3729,3240528,80.88,73.68,90,68,38,30
3730,3240775,72.8835593220339,66.67,85,59,39,20
3731,3242851,38.0930158730159,5.88,75.86,63,34,29
3732,3244211,67.7947457627119,62.5,74.07,59,32,27
3733,3244996,71.6646666666667,67.74,75.86,60,31,29
3734,3245986,66.6651851851852,50,82.14,54,26,28
3735,3246448,77.7741666666667,73.68,82.35,72,38,34
3736,3246691,67.9474358974359,65,71.05,78,40,38
3737,3246805,74.6255223880597,58.82,90.91,67,34,33
3738,3246924,72.0576470588235,65,82.14,68,40,28
3739,3247222,45.1007843137255,48.28,40.91,51,29,22
3740,3247399,80.5991044776119,78.95,82.76,67,38,29
3741,3247997,53.4479310344827,63.33,42.86,58,30,28
3742,3251334,69.6206329113924,67.39,72.73,79,46,33
3743,3255278,75.865,67.57,90.48,58,37,21
3744,3256683,80.0011428571429,80.49,79.31,70,41,29
3745,3256901,74.6471830985915,77.08,69.57,71,48,23
3746,3256950,75.6423076923077,81.25,66.67,78,48,30
3747,3258366,68.751875,53.57,80.56,64,28,36
3748,3259024,73.21375,60,83.87,56,25,31
3749,3261049,17.1028947368421,9.52,26.47,76,42,34
3750,3261893,82.80875,85.71,77.27,64,42,22
3751,3263534,72.9731081081081,70.73,75.76,74,41,33
3752,3264474,75.610487804878,71.43,80,82,42,40
3753,3264646,75.0029761904762,74.47,75.68,84,47,37
3754,3266100,51.2826923076923,55.56,45.45,78,45,33
3755,3266330,76.1883333333333,81.63,68.57,84,49,35
3756,3267340,65.2755555555556,55,78.12,72,40,32
3757,3267345,54.4082352941177,39.47,73.33,68,38,30
3758,3267789,80.2847887323944,77.78,84.62,71,45,26
3759,3268397,73.8613636363636,65.85,80.85,88,41,47
3760,3268442,70.4545454545455,73.91,66.67,88,46,42
3761,3272452,75.6090243902439,74.42,76.92,82,43,39
3762,3273098,71.6025925925926,73.91,68.57,81,46,35
3763,3273359,81.0843243243243,87.76,68,74,49,25
3764,3274472,75.2935294117647,71.11,80,85,45,40
3765,3274723,90.4770238095238,86.05,95.12,84,43,41
3766,3275861,79.7121739130435,77.78,81.82,69,36,33
3767,3278950,73.842,76.92,71.79,65,26,39
3768,3279694,76.9261538461539,67.65,87.1,65,34,31
3769,3279795,76.3152631578947,83.33,67.65,76,42,34
3770,3280780,83.7862162162162,86.67,81.82,74,30,44
3771,3280980,71.1861016949153,42.86,86.84,59,21,38
3772,3281240,77.466338028169,71.88,82.05,71,32,39
3773,3282780,58.8239705882353,72.97,41.94,68,37,31
3774,3283570,71.5806315789474,71.43,71.7,95,42,53
3775,3284101,52.0365306122449,71.15,30.43,98,52,46
3776,3285511,82.0210112359551,81.63,82.5,89,49,40
3777,3286518,78.4115909090909,74.47,82.93,88,47,41
3778,3286647,73.8644318181818,73.47,74.36,88,49,39
3779,3288135,72.3427659574468,69.57,75,94,46,48
3780,3288323,69.4766315789474,65.96,72.92,95,47,48
3781,3288993,56.3353521126761,37.5,71.79,71,32,39
3782,3289513,81.3161538461539,79.59,83.33,91,49,42
3783,3291794,82.9803191489362,83.64,82.05,94,55,39
3784,3292255,69.5101219512195,72.34,65.71,82,47,35
3785,3293749,78.751,72.73,86.11,80,44,36
3786,3294540,75.5555555555556,68,85,90,50,40
3787,3296394,73.2381690140845,63.41,86.67,71,41,30
3788,3296420,76.2535,72.73,80.56,80,44,36
3789,3298523,67.9479487179487,67.39,68.75,78,46,32
3790,3298948,86.6684,88.64,83.87,75,44,31
3791,3300007,85.5379518072289,85.71,85.29,83,49,34
3792,3300456,85.003125,86.67,82.86,80,45,35
3793,3301184,73.6084722222222,65.71,81.08,72,35,37
3794,3301295,64.9985,38.89,86.36,80,36,44
3795,3301683,83.8235294117647,94.44,71.88,68,36,32
3796,3303745,82.0014,87.88,70.59,50,33,17
3797,3308449,79.7479746835443,87.5,74.47,79,32,47
3798,3311074,75.7615151515152,67.65,84.38,66,34,32
3799,3311551,65.0814285714286,63.89,66.67,63,36,27
3800,3312092,48.435,67.74,30.3,64,31,33
3801,3314897,75.8631034482759,66.67,83.87,58,27,31
3802,3315809,81.8176623376623,81.08,82.5,77,37,40
3803,3316692,69.8457142857143,55.56,80.56,63,27,36
3804,3317118,82.1921917808219,75,89.19,73,36,37
3805,3317730,78.8749295774648,75.76,81.58,71,33,38
3806,3317866,60.0007692307692,70,51.43,65,30,35
3807,3317955,23.7291525423729,24,23.53,59,25,34
3808,3319252,83.3328205128205,71.88,91.3,78,32,46
3809,3321324,73.8618181818182,73.68,74,88,38,50
3810,3321543,72.839012345679,75.68,70.45,81,37,44
3811,3322731,72.0931395348837,75.76,69.81,86,33,53
3812,3326171,68.42,68.42,68.42,95,38,57
3813,3326664,70,78,62,100,50,50
3814,3326730,60.7157142857143,75,41.67,84,48,36
3815,3326776,70.37,72.22,68.52,108,54,54
3816,3326842,64.4445555555556,75.51,51.22,90,49,41
3817,3326877,68.57,64.58,71.93,105,48,57
3818,3328409,80.199801980198,82.98,77.78,101,47,54
3819,3328735,81.7190322580645,72.09,90,93,43,50
3820,3328742,83.8709677419355,76.6,91.3,93,47,46
3821,3329755,62.3527058823529,61.7,63.16,85,47,38
3822,3331628,77.5527551020408,75.44,80.49,98,57,41
3823,3331862,75.9984,75,77.08,100,52,48
3824,3331893,73.032808988764,67.92,80.56,89,53,36
3825,3332495,71.7631764705882,62.79,80.95,85,43,42
3826,3335003,72.4155172413793,79.63,60.61,87,54,33
3827,3336373,88.3730232558139,92.86,84.09,86,42,44
3828,3339952,81.0355172413793,69.57,88.57,58,23,35
3829,3340226,58.1032432432432,53.12,61.9,74,32,42
3830,3340430,64.7037254901961,45.45,79.31,51,22,29
3831,3342003,54.2884285714286,54.84,53.85,70,31,39
3832,3343906,49.2726086956522,29.63,61.9,69,27,42
3833,3345878,74.4916326530612,82.61,67.31,98,46,52
3834,3346046,81.5182608695652,86.36,77.08,92,44,48
3835,3347055,72.8604285714286,64.52,79.49,70,31,39
3836,3351945,71.5902272727273,70.59,72.22,88,34,54
3837,3353016,81.1880198019802,89.09,71.74,101,55,46
3838,3353981,78.1216666666667,93.18,65.38,96,44,52
3839,3356694,42.8557142857143,30.77,53.33,84,39,45
3840,3357705,74.7580582524272,72,77.36,103,50,53
3841,3357992,79.1679166666667,83.02,74.42,96,53,43
3842,3358516,75.6767567567568,64.52,83.72,74,31,43
3843,3358593,75.9266666666667,71.19,81.63,108,59,49
3844,3358817,54.6513953488372,39.47,66.67,86,38,48
3845,3359883,11.4910344827586,14.81,6.06,87,54,33
3846,3360669,66.175,60,71.05,68,30,38
3847,3362091,79.222987012987,80.49,77.78,77,41,36
3848,3363073,66.6688888888889,73.53,60.53,72,34,38
3849,3364166,84.5085915492958,80.56,88.57,71,36,35
3850,3366136,67.0893670886076,72.5,61.54,79,40,39
3851,3366243,75.6433333333333,81.82,67.65,78,44,34
3852,3368127,43.74984375,24,56.41,64,25,39
3853,3370092,57.5778787878788,50,64.71,66,32,34
3854,3370204,31.1697402597403,30.77,31.58,77,39,38
3855,3370579,34.4805172413793,48.57,13.04,58,35,23
3856,3370651,39.533023255814,52.38,27.27,43,21,22
3857,3372961,74.699156626506,73.81,75.61,83,42,41
3858,3372985,79.1053731343284,83.33,75.68,67,30,37
3859,3373311,79.0087654320988,73.91,85.71,81,46,35
3860,3373959,31.4287142857143,36.17,21.74,70,47,23
3861,3374773,73.236338028169,62.16,85.29,71,37,34
3862,3375137,67.146,69.05,64.29,70,42,28
3863,3375434,67.6025352112676,58.33,77.14,71,36,35
3864,3375770,82.1947945205479,77.78,89.29,73,45,28
3865,3376258,65.1492424242424,65.85,64,66,41,25
3866,3376573,73.438125,79.41,66.67,64,34,30
3867,3377690,81.3569491525424,70.59,96,59,34,25
3868,3377915,70.4242253521127,65.22,80,71,46,25
3869,3378519,80.2465432098765,78,83.87,81,50,31
3870,3378877,79.4126470588235,76.09,86.36,68,46,22
3871,3379992,80.7653846153846,73.91,90.62,78,46,32
3872,3384672,71.4285714285714,77.78,64.1,84,45,39
3873,3384779,52.6869892473118,30.23,72,93,43,50
3874,3386893,65.2621052631579,68.75,61.7,95,48,47
3875,3391549,71.6066666666667,77.78,63.89,81,45,36
3876,3392327,58.6175862068966,35.29,68.29,58,17,41
3877,3392864,64.7047058823529,72.22,56.25,68,36,32
3878,3393264,76.3429032258065,83.33,68.89,93,48,45
3879,3393318,50.7692307692308,57.5,40,65,40,25
3880,3393339,73.6223076923077,83.67,61.9,91,49,42
3881,3394391,63.5308235294118,75.76,55.77,85,33,52
3882,3395877,74.9965,82.14,71.15,80,28,52
3883,3396231,42.6511764705882,71.88,16.67,68,32,36
3884,3400966,59.6985074626866,50,64.44,67,22,45
3885,3402083,38.8065671641791,54.84,25,67,31,36
3886,3407352,75.6140243902439,76.6,74.29,82,47,35
3887,3407360,64.5563291139241,80.77,33.33,79,52,27
3888,3410919,64.1786567164179,73.17,50,67,41,26
3889,3411364,70,73.91,64.71,80,46,34
3890,3411708,68.9686206896552,59.38,80.77,58,32,26
3891,3412847,70.6676,79.49,61.11,75,39,36
3892,3414106,72.464347826087,69.23,74.42,69,26,43
3893,3414420,80.3045454545455,86.67,75,66,30,36
3894,3415859,6.66653333333333,5.41,7.89,75,37,38
3895,3416745,77.2718181818182,93.33,63.89,66,30,36
3896,3416859,73.0769230769231,80,68.75,78,30,48
3897,3417216,56.8941379310345,76,42.42,58,25,33
3898,3418040,72.7257142857143,73.33,72.34,77,30,47
3899,3418287,69.4483333333333,76.67,64.29,72,30,42
3900,3418397,64.2837142857143,57.69,68.18,70,26,44
3901,3419629,70.8830379746835,81.08,61.9,79,37,42
3902,3421168,67.50025,68.29,66.67,80,41,39
3903,3422613,61.1721176470588,71.79,52.17,85,39,46
3904,3423548,70.4212676056338,75.61,63.33,71,41,30
3905,3424744,70.662,69.44,71.79,75,36,39
3906,3425297,74.9969736842105,72.97,76.92,76,37,39
3907,3428021,68.6555223880597,75.76,61.76,67,33,34
3908,3429703,70.1327272727273,76.67,65.96,77,30,47
3909,3431586,27.382380952381,26.32,28.26,84,38,46
3910,3432201,78.2639130434783,76.67,79.49,69,30,39
3911,3434023,73.44125,84.62,25,64,52,12
3912,3434897,70.2687837837838,74.36,65.71,74,39,35
3913,3437183,77.4659154929577,84.21,69.7,71,38,33
3914,3437213,78.8749295774648,75.76,81.58,71,33,38
3915,3437438,59.2125,60.61,58.14,76,33,43
3916,3439488,73.4181012658228,67.57,78.57,79,37,42
3917,3440673,47.56,40,54.76,82,40,42
3918,3442746,76.5411111111111,83.33,69.23,81,42,39
3919,3443914,62.4976388888889,83.72,31.03,72,43,29
3920,3445047,66.2205405405405,76.32,55.56,74,38,36
3921,3445591,68.4905479452055,80.95,51.61,73,42,31
3922,3447037,76.56609375,82.86,68.97,64,35,29
3923,3448825,71.873125,64,76.92,64,25,39
3924,3450322,82.7176543209877,82.5,82.93,81,40,41
3925,3451028,75.8085483870968,86.49,60,62,37,25
3926,3451119,79.998,83.33,76.47,70,36,34
3927,3453677,73.85,80.65,67.65,65,31,34
3928,3456784,59.9996,70.73,47.06,75,41,34
3929,3457842,42.0313043478261,20.59,62.86,69,34,35
3930,3459022,65.623125,73.17,52.17,64,41,23
3931,3459101,74.6507042253521,69.7,78.95,71,33,38
3932,3459175,67.6482352941176,75,54.17,68,44,24
3933,3460328,64.2842857142857,65,63.33,70,40,30
3934,3461297,79.5454545454545,86.05,73.33,88,43,45
3935,3464088,80.5214285714286,81.82,78.79,77,44,33
3936,3464494,56.0990243902439,70,42.86,82,40,42
3937,3464607,37.4985714285714,45.83,31.25,56,24,32
3938,3466628,62.5009090909091,73.08,47.22,88,52,36
3939,3467106,68.29,68.29,68.29,82,41,41
3940,3467305,80.8847058823529,81.25,80.56,68,32,36
3941,3467990,67.0582352941177,71.11,62.5,85,45,40
3942,3468198,71.7935897435897,71.05,72.5,78,38,40
3943,3470085,70.1268831168831,68.42,71.79,77,38,39
3944,3470682,81.0837837837838,80.56,81.58,74,36,38
3945,3475081,73.439375,75.61,69.57,64,41,23
3946,3476202,68.6032558139535,75,58.82,86,52,34
3947,3476492,70.89,69.57,72.73,79,46,33
3948,3481340,71.6051851851852,68,77.42,81,50,31
3949,3481427,62.0270886075949,48.78,76.32,79,41,38
3950,3481613,73.9105797101449,70.27,78.12,69,37,32
3951,3482561,69.7334210526316,61.9,79.41,76,42,34
3952,3482621,62.1991463414634,65.31,57.58,82,49,33
3953,3485102,76.9220512820513,67.5,86.84,78,40,38
3954,3485190,80.0011764705882,78,82.86,85,50,35
3955,3487449,47.2989189189189,44.74,50,74,38,36
3956,3487785,75.9525316455696,79.55,71.43,79,44,35
3957,3489783,59.72,55,65.62,72,40,32
3958,3490858,68.5172222222222,68.57,68.42,54,35,19
3959,3490887,70.267027027027,71.79,68.57,74,39,35
3960,3491470,77.0486885245902,70,83.87,61,30,31
3961,3495733,85.2450819672131,86.84,82.61,61,38,23
3962,3495846,84.1263492063492,83.72,85,63,43,20
3963,3497821,39.9969090909091,54.05,11.11,55,37,18
3964,3498640,46.8097872340426,72.73,24,47,22,25
3965,3498646,67.5005,77.27,55.56,40,22,18
3966,3498652,71.4267346938775,80,57.89,49,30,19
3967,3498767,67.6923076923077,77.5,52,65,40,25
3968,3498782,77.1929824561404,87.5,64,57,32,25
3969,3501622,81.4833333333333,92.31,71.43,54,26,28
3970,3502674,72.3084615384615,78.05,62.5,65,41,24
3971,3505251,80.3313114754098,89.29,72.73,61,28,33
3972,3506738,84.3119607843137,82.61,85.71,51,23,28
3973,3507111,79.627037037037,70,85.29,54,20,34
3974,3507553,84.85,77.27,88.64,66,22,44
3975,3507915,75.472641509434,83.33,68.97,53,24,29
3976,3508440,63.9322950819672,70.37,58.82,61,27,34
3977,3509995,76.56265625,86.96,70.73,64,23,41
3978,3510084,71.43,71.43,71.43,63,21,42
3979,3511333,78.8760563380282,75,81.4,71,28,43
3980,3511400,80.5205194805195,77.42,82.61,77,31,46
3981,3511595,69.2307692307692,60,75,78,30,48
3982,3512519,54.0555405405405,61.29,48.84,74,31,43
3983,3513831,71.8305633802817,78.12,66.67,71,32,39
3984,3516502,85.0738805970149,81.25,88.57,67,32,35
3985,3517075,82.0032,91.67,73.08,50,24,26
3986,3517624,80,93.33,66.67,60,30,30
3987,3518274,83.8257352941176,84.85,82.86,68,33,35
3988,3519314,66.6654545454546,60,72.22,66,30,36
3989,3520889,82.8574285714286,91.89,72.73,70,37,33
3990,3521414,75.0002631578947,51.52,93.02,76,33,43
3991,3521520,76.7157534246575,80.49,71.88,73,41,32
3992,3521779,59.675,35.48,83.87,62,31,31
3993,3522617,78.9457894736842,76.47,80.95,76,34,42
3994,3523356,66.1503076923077,54.05,82.14,65,37,28
3995,3523702,73.1703658536585,89.36,51.43,82,47,35
3996,3526329,69.8798795180723,70.73,69.05,83,41,42
3997,3526844,74.7012048192771,81.4,67.5,83,43,40
3998,3528267,77.9228571428571,78.38,77.5,77,37,40
3999,3528377,76.3197368421053,88.24,66.67,76,34,42
4000,3528523,73.334,66.67,78.57,75,33,42
4001,3528911,77.2745454545454,78.57,76.32,66,28,38
4002,3528968,78.9457894736842,76.67,80.43,76,30,46
4003,3529104,83.8229411764706,84,83.72,68,25,43
4004,3529237,74.7001204819277,80,69.77,83,40,43
4005,3529576,81.6939436619718,76.67,85.37,71,30,41
4006,3531795,83.5808955223881,81.82,85.29,67,33,34
4007,3533284,80.7225301204819,89.13,70.27,83,46,37
4008,3533503,84.999375,90.24,79.49,80,41,39
4009,3533807,80.001,82.93,75.86,70,41,29
4010,3534019,79.9969230769231,83.33,77.14,65,30,35
4011,3534362,83.9070114942529,90.38,74.29,87,52,35
4012,3535531,77.1075903614458,84.09,69.23,83,44,39
4013,3537515,70.4243661971831,71.88,69.23,71,32,39
4014,3538485,68.8563934426229,65.52,71.88,61,29,32
4015,3540418,76.6218181818182,77.14,76.19,77,35,42
4016,3540597,66.6688888888889,73.53,60.53,72,34,38
4017,3541993,63.7495,77.78,52.27,80,36,44
4018,3542896,77.4653521126761,81.25,74.36,71,32,39
4019,3544621,75.68,75.68,75.68,74,37,37
4020,3545072,68.0846808510638,59.09,76,47,22,25
4021,3545323,70.3692592592593,69.05,71.79,81,42,39
4022,3547063,71.6411940298508,60,81.08,67,30,37
4023,3547228,81.2505,80.49,82.05,80,41,39
4024,3547609,49.4475824175824,45.45,53.19,91,44,47
4025,3549554,72.7309090909091,67.86,76.32,66,28,38
4026,3550711,75.8054838709677,80.77,72.22,62,26,36
4027,3551520,80.2791549295775,76.92,82.22,71,26,45
4028,3553638,67.1662686567164,68,66.67,67,25,42
4029,3554007,71.7953846153846,81.58,62.5,78,38,40
4030,3555714,76.8287804878049,70.97,80.39,82,31,51
4031,3556332,83.5329411764706,81.82,84.62,85,33,52
4032,3557312,56.2515625,92.31,31.58,64,26,38
4033,3558234,73.749,67.86,76.92,80,28,52
4034,3558900,68.6709638554217,65.71,70.83,83,35,48
4035,3559870,70.8830379746835,81.08,61.9,79,37,42
4036,3560477,60.5263157894737,47.5,75,76,40,36
4037,3561057,79.451095890411,78.12,80.49,73,32,41
4038,3563002,68.2528571428572,61.11,71.11,63,18,45
4039,3563107,81.16,87.88,75,69,33,36
4040,3564131,77.4612676056338,85.71,72.09,71,28,43
4041,3564357,71.2127272727273,80,63.89,66,30,36
4042,3565492,56.1429824561403,69.57,47.06,57,23,34
4043,3565557,59.2618518518519,50,64.71,54,20,34
4044,3566122,73.6833333333333,88.46,61.29,57,26,31
4045,3566362,49.0172549019608,68.18,34.48,51,22,29
4046,3566503,55.5551111111111,38.46,62.5,45,13,32
4047,3567764,84.9291780821918,87.5,83.67,73,24,49
4048,3568741,81.8172727272727,78.57,84.21,66,28,38
4049,3570134,79.68734375,80,79.31,64,35,29
4050,3570912,80.2842253521127,77.78,82.86,71,36,35
4051,3571746,70.9067272727273,72.41,69.23,55,29,26
4052,3571877,83.3365,85.19,81.82,60,27,33
4053,3572072,89.0914545454545,82.61,93.75,55,23,32
4054,3573106,88.1571052631579,91.18,85.71,76,34,42
4055,3573447,89.0659375,86.67,91.18,64,30,34
4056,3573569,87.0128571428571,90.91,84.09,77,33,44
4057,3573869,74.5105882352941,57.14,86.67,51,21,30
4058,3573875,69.23,61.54,76.92,52,26,26
4059,3574586,76.78375,76.19,77.14,56,21,35
4060,3574594,80.3557142857143,72.73,85.29,56,22,34
4061,3574887,74.5766101694915,76,73.53,59,25,34
4062,3575299,78.3365,82.61,75.68,60,23,37
4063,3575907,87.504375,90.48,85.19,48,21,27
4064,3576716,65.1132558139535,82.14,33.33,43,28,15
4065,3578663,61.2244897959184,65.22,57.69,49,23,26
4066,3581204,73.6111111111111,72.5,75,72,40,32
4067,3581725,65.2195652173913,63.89,66.67,69,36,33
4068,3582112,78.2038461538461,85,71.05,78,40,38
4069,3582968,75.9986666666667,75,77.14,75,40,35
4070,3583513,80.282676056338,87.5,70.97,71,40,31
4071,3584216,52.1125352112676,69.44,34.29,71,36,35
4072,3585203,72.06,82.98,47.62,68,47,21
4073,3585785,80.5555555555556,78.95,82.35,72,38,34
4074,3587910,82.3501960784314,89.36,76.36,102,47,55
4075,3588335,76.1396590909091,69.39,84.62,88,49,39
4076,3589102,75.5582222222222,79.55,71.74,90,44,46
4077,3589144,73.9584375,84.44,64.71,96,45,51
4078,3589348,76.1372727272727,67.86,80,88,28,60
4079,3590305,73.2378873239437,74.19,72.5,71,31,40
4080,3590882,80.9964,80.95,81.03,100,42,58
4081,3592004,69.41,70.73,68.18,85,41,44
4082,3592390,71.0515789473684,70,72.22,76,40,36
4083,3592408,86.254375,74.29,95.56,80,35,45
4084,3592546,48.2352941176471,40,54,85,35,50
4085,3593338,81.428,61.54,93.18,70,26,44
4086,3593711,72.2254166666667,63.64,79.49,72,33,39
4087,3594215,79.165,69.44,88.89,72,36,36
4088,3594579,69.9995714285714,58.06,79.49,70,31,39
4089,3594727,77.3592452830189,70,83.93,106,50,56
4090,3594778,86.3640909090909,81.58,90,88,38,50
4091,3594901,77.1735869565217,74.42,79.59,92,43,49
4092,3596284,76.7451162790698,77.78,76,86,36,50
4093,3596709,76.5279591836735,70,81.03,98,40,58
4094,3597636,83.6988043478261,78.05,88.24,92,41,51
4095,3597898,78.2069230769231,80.56,76.19,78,36,42
4096,3598031,81.9272289156627,80,83.72,83,40,43
4097,3600179,67.9466666666667,76.92,50,78,52,26
4098,3600553,60.0005714285714,66.67,51.61,70,39,31
4099,3602359,80.4579310344828,78.72,82.5,87,47,40
4100,3603015,68.8323376623377,72.55,61.54,77,51,26
4101,3604266,77.9211688311688,68.29,88.89,77,41,36
4102,3604961,64.616,61.54,69.23,65,39,26
4103,3605277,69.8828915662651,65.22,75.68,83,46,37
4104,3605300,64.1794029850746,65.22,61.9,67,46,21
4105,3605309,63.4151219512195,52.27,76.32,82,44,38
4106,3605365,76.9238461538461,76.19,77.78,78,42,36
4107,3606854,74.1164705882353,72.22,77.42,85,54,31
4108,3607044,87.6527160493827,86.36,89.19,81,44,37
4109,3608679,74.3936585365854,72.73,76.32,82,44,38
4110,3608729,75.5820930232558,67.5,82.61,86,40,46
4111,3609088,91.3596296296296,94.29,89.13,81,35,46
4112,3613323,64.7038235294118,67.74,62.16,68,31,37
4113,3613877,74.1936559139785,79.07,70,93,43,50
4114,3614212,76.9239743589743,78.38,75.61,78,37,41
4115,3615486,81.1768235294118,75.51,88.89,85,49,36
4116,3615989,74.6840506329114,74.36,75,79,39,40
4117,3616035,84.996,83.67,86.27,100,49,51
4118,3616613,59.9992941176471,68.18,51.22,85,44,41
4119,3617282,83.8705376344086,84,83.72,93,50,43
4120,3617625,80.3027272727273,83.33,76.67,66,36,30
4121,3618098,57.9527272727273,71.15,38.89,88,52,36
4122,3621414,83.6934782608696,84.09,83.33,92,44,48
4123,3622264,75.31,77.55,71.88,81,49,32
4124,3623072,84.7208333333333,80.95,90,72,42,30
4125,3624067,79.7592857142857,82.22,76.92,84,45,39
4126,3625589,78.3781081081081,76.19,81.25,74,42,32
4127,3627293,70.9988,71.43,70.45,100,56,44
4128,3628111,69.0108450704225,65.71,72.22,71,35,36
4129,3629235,71.0166666666667,69.57,73.91,69,46,23
4130,3629333,68.3366666666667,56.76,86.96,60,37,23
4131,3629483,76.1167164179104,67.74,83.33,67,31,36
4132,3629537,70.4232394366197,68.42,72.73,71,38,33
4133,3631896,87.692,89.74,84.62,65,39,26
4134,3632524,78.335,70,86.67,60,30,30
4135,3632669,80.9539682539683,75,87.1,63,32,31
4136,3633667,80.7696153846154,86.21,73.91,52,29,23
4137,3634126,82.6656,76.92,88.89,75,39,36
4138,3635273,86.4433898305085,87.88,84.62,59,33,26
4139,3636382,90.411095890411,93.18,86.21,73,44,29
4140,3637266,79.3644444444444,80,78.57,63,35,28
4141,3637625,68.6588059701492,58.62,76.32,67,29,38
4142,3638672,78.5744897959184,75.93,81.82,98,54,44
4143,3639401,86.25275,78.95,92.86,80,38,42
4144,3639424,78.0492682926829,75,81.58,82,44,38
4145,3640842,66.6681818181818,50,78.95,66,28,38
4146,3641249,72.881186440678,70.37,75,59,27,32
4147,3642422,84.4136363636364,80.95,88.57,77,42,35
4148,3642789,74.3584615384615,68.57,79.07,78,35,43
4149,3643713,74.0231168831169,76.92,71.05,77,39,38
4150,3644181,78.57,77.27,80,84,44,40
4151,3648125,73.3310666666667,60.71,80.85,75,28,47
4152,3649542,85.0531034482758,85.71,84.44,87,42,45
4153,3650203,82.7937634408602,78.38,85.71,93,37,56
4154,3650853,47.1912359550562,45,48.98,89,40,49
4155,3652525,68.6525373134328,73.33,64.86,67,30,37
4156,3652702,49.9992105263158,37.04,57.14,76,27,49
4157,3653957,84.8081012658228,93.75,78.72,79,32,47
4158,3654141,63.335,66.67,60,60,30,30
4159,3654183,68.4958904109589,73.08,65.96,73,26,47
4160,3656628,74.1559550561798,76.92,72,89,39,50
4161,3657051,76.4688235294118,83.33,68.75,68,36,32
4162,3658268,83.0769230769231,92.5,68,65,40,25
4163,3658313,80.9501587301587,89.47,68,63,38,25
4164,3659001,81.1613043478261,89.29,75.61,69,28,41
4165,3660258,58.668,75.56,33.33,75,45,30
4166,3660783,66.664126984127,56,73.68,63,25,38
4167,3661839,77.0301351351351,69.7,82.93,74,33,41
4168,3663751,68.4226315789474,66.67,70.27,76,39,37
4169,3663999,71.8318309859155,61.11,82.86,71,36,35
4170,3664391,74.0277922077922,83.02,54.17,77,53,24
4171,3664432,85.7126190476191,86,85.29,84,50,34
4172,3666385,78.7845454545455,79.41,78.12,66,34,32
4173,3667000,81.08,97.3,64.86,74,37,37
4174,3671630,75.7142857142857,80,72.5,70,30,40
4175,3672334,78.0207692307692,78.57,77.55,91,42,49
4176,3672700,80.2228571428571,74.36,84.62,91,39,52
4177,3672780,72.1656701030928,73.81,70.91,97,42,55
4178,3673664,83.9527160493827,82.5,85.37,81,40,41
4179,3673898,78.349381443299,78.26,78.43,97,46,51
4180,3675793,82.2794936708861,81.4,83.33,79,43,36
4181,3676174,78.3759459459459,68.75,85.71,74,32,42
4182,3676420,77.2739393939394,71.43,81.58,66,28,38
4183,3676557,75.00225,63.64,82.98,80,33,47
4184,3678919,82.2764556962025,87.5,78.72,79,32,47
4185,3679018,89.0417808219178,93.33,86.05,73,30,43
4186,3679431,75.4401754385965,74.29,77.27,57,35,22
4187,3683434,67.1673134328358,67.86,66.67,67,28,39
4188,3687273,81.245625,90.24,71.79,80,41,39
4189,3688740,75.5840697674419,88.89,60.98,86,45,41
4190,3691230,83.6982608695652,83.02,84.62,92,53,39
4191,3691529,75.5325531914894,72.55,79.07,94,51,43
4192,3694035,71.6066666666667,63.89,77.78,81,36,45
4193,3695726,65.1155813953488,75.51,51.35,86,49,37
4194,3696186,77.5257303370787,67.5,85.71,89,40,49
4195,3696218,69.5671739130435,64.29,74,92,42,50
4196,3697403,75.9015662650602,70.73,80.95,83,41,42
4197,3701329,55.0033333333333,42.31,64.71,60,26,34
4198,3702126,48.3854838709677,43.75,53.33,62,32,30
4199,3702138,35.3884615384615,34.29,36.67,65,35,30
4200,3702152,61.8406578947368,62.22,61.29,76,45,31
4201,3703108,62.4958333333333,61.9,63.33,72,42,30
4202,3704139,77.4220430107527,75,79.25,93,40,53
4203,3708009,80.4342391304348,80.85,80,92,47,45
4204,3708440,69.8789156626506,79.49,61.36,83,39,44
4205,3708999,83.3308333333333,85.71,80,72,42,30
4206,3710342,74.1182352941176,78.57,69.77,85,42,43
4207,3710492,75.6782432432432,80.49,69.7,74,41,33
4208,3711098,67.7438709677419,72.73,62.07,62,33,29
4209,3711863,75.5786046511628,81.48,65.62,86,54,32
4210,3712175,73.43484375,84.44,47.37,64,45,19
4211,3712556,74.6454929577465,72.09,78.57,71,43,28
4212,3714416,72.1498734177215,83.72,58.33,79,43,36
4213,3714906,55.5553968253968,39.13,65,63,23,40
4214,3715374,74.6794936708861,83.33,64.86,79,42,37
4215,3716951,50,50,50,54,34,20
4216,3718720,58.92625,77.14,28.57,56,35,21
4217,3719647,67.7435483870968,66.67,68.75,62,30,32
4218,3720348,72.4595652173913,71.79,73.33,69,39,30
4219,3720388,62.07,58.33,64.71,58,24,34
4220,3725818,70.2370238095238,74.42,65.85,84,43,41
4221,3728207,77.78,74.42,80.36,99,43,56
4222,3728810,80.7690384615385,71.74,87.93,104,46,58
4223,3729752,81.82,88.64,75,88,44,44
4224,3730248,76.0890217391304,67.57,81.82,92,37,55
4225,3730760,83.1184415584416,73.53,90.7,77,34,43
4226,3731033,77.5259550561798,71.79,82,89,39,50
4227,3735021,60.002,72.73,48.65,70,33,37
4228,3737362,66.665,51.72,75.51,78,29,49
4229,3737613,68.4168421052632,77.27,64.81,76,22,54
4230,3739416,67.5312987012987,73.33,63.83,77,30,47
4231,3740276,63.3784507042254,50,72.09,71,28,43
4232,3740824,76.3875,70,80.95,72,30,42
4233,3741257,71.8318309859155,82.86,61.11,71,35,36
4234,3743353,67.0863291139241,83.78,52.38,79,37,42
4235,3743597,75.7157142857143,82.5,66.67,70,40,30
4236,3744960,60.4925925925926,64.86,56.82,81,37,44
4237,3744977,48.81,66.67,30.95,84,42,42
4238,3747706,72.4179310344828,81.4,63.64,87,43,44
4239,3750257,50.6805479452055,61.9,35.48,73,42,31
4240,3750263,44.999125,46.81,42.42,80,47,33
4241,3750756,65.3486138613861,66,64.71,101,50,51
4242,3754493,76.56171875,66.67,83.78,64,27,37
4243,3754776,88.3092207792208,87.23,90,77,47,30
4244,3756211,84.9056603773585,87.5,82,106,56,50
4245,3758579,80.8202739726027,84.21,77.14,73,38,35
4246,3760195,70.310625,76.47,63.33,64,34,30
4247,3761714,71.1324742268041,72.09,70.37,97,43,54
4248,3762349,69.3342666666667,86.49,52.63,75,37,38
4249,3762719,74.39,70.73,78.05,82,41,41
4250,3763500,75.3092592592592,82.05,69.05,81,39,42
4251,3763545,74.355,76.92,71.79,78,39,39
4252,3763800,76.7112328767123,73.08,78.72,73,26,47
4253,3764090,70.3706172839506,77.42,66,81,31,50
4254,3764469,74.3871951219512,76.92,72.09,82,39,43
4255,3768931,73.1353731343283,81.58,62.07,67,38,29
4256,3769810,70.272972972973,89.8,32,74,49,25
4257,3771189,75.3253246753247,73.17,77.78,77,41,36
4258,3773656,72.8392592592593,69.05,76.92,81,42,39
4259,3774694,70.7893258426966,73.08,67.57,89,52,37
4260,3781337,0,0,0,88,52,36
4261,3781623,63.2198850574713,62.79,63.64,87,43,44
4262,3781703,77.5258426966292,87.8,68.75,89,41,48
4263,3785219,64.065,56.25,71.88,64,32,32
4264,3785811,53.5725,54.55,52.94,56,22,34
4265,3786291,35.8483018867925,56.52,20,53,23,30
4266,3786297,44.445,62.96,25.93,54,27,27
4267,3786776,61.1977611940299,67.65,54.55,67,34,33
4268,3786792,66.6693939393939,73.53,59.38,66,34,32
4269,3786849,70.6652,78.05,61.76,75,41,34
4270,3788079,73.3296666666667,72.41,74.19,60,29,31
4271,3788856,27.6597872340426,23.53,30,47,17,30
4272,3793103,43.860701754386,41.38,46.43,57,29,28
4273,3793841,55.7730769230769,56.67,54.55,52,30,22
4274,3794061,61.2248979591837,68.75,47.06,49,32,17
4275,3794805,57.14,69.44,35,56,36,20
4276,3795076,40.7433333333333,41.67,38.89,54,36,18
4277,3795196,50,55.88,41.67,58,34,24
4278,3795791,52.4603278688525,52.78,52,61,36,25
4279,3795934,38.4615384615385,43.75,30,52,32,20
4280,3796368,48.334,38.89,62.5,60,36,24
4281,3797318,53.3322666666667,52.27,54.84,75,44,31
4282,3798290,65.5740983606557,67.65,62.96,61,34,27
4283,3798621,66.1538461538462,67.44,63.64,65,43,22
4284,3799166,74.4181395348837,78.26,70,43,23,20
4285,3799918,78.1843636363636,70.59,90.48,55,34,21
4286,3800641,74.1401724137931,70.97,77.78,58,31,27
4287,3800907,80.33,78.95,82.61,61,38,23
4288,3801548,79.999,72.97,87.88,70,37,33
4289,3804424,64.1783582089552,58.33,70.97,67,36,31
4290,3804777,67.5656756756757,65.79,69.44,74,38,36
4291,3805071,64.9147368421053,42.86,77.78,57,21,36
4292,3805837,63.6349350649351,55,72.97,77,40,37
4293,3806836,76.6245454545455,67.57,85,77,37,40
4294,3806991,79.7289189189189,65.71,92.31,74,35,39
4295,3808346,68.750625,54.05,81.4,80,37,43
4296,3808448,72.8376543209877,65.85,80,81,41,40
4297,3809022,68.1859090909091,68.97,66.67,44,29,15
4298,3810280,72.2874698795181,61.7,86.11,83,47,36
4299,3810718,66.6676923076923,47.62,88.89,78,42,36
4300,3814060,65.2213043478261,66.67,64.29,92,36,56
4301,3814471,68.1818181818182,82.05,48.15,66,39,27
4302,3814641,88.7339436619718,100,79.49,71,32,39
4303,3815064,49.1508474576271,67.74,28.57,59,31,28
4304,3816294,74.6474647887324,78.79,71.05,71,33,38
4305,3816926,77.1901754385965,78.12,76,57,32,25
4306,3817043,78.2617391304348,81.82,75,69,33,36
4307,3818444,73.0764102564103,77.5,68.42,78,40,38
4308,3818529,76.3890277777778,81.08,71.43,72,37,35
4309,3818800,69.0910909090909,60.87,75,55,23,32
4310,3819334,73.438125,72.41,74.29,64,29,35
4311,3820213,72.583064516129,69.57,74.36,62,23,39
4312,3821433,71.4292207792208,75,68.89,77,32,45
4313,3821545,71.9083146067416,77.78,67.92,89,36,53
4314,3822088,70.4547727272727,72.97,68.63,88,37,51
4315,3824070,76.4688235294118,83.87,72.22,85,31,54
4316,3824415,65.1554545454545,80.56,46.67,66,36,30
4317,3824992,61.726049382716,63.41,60,81,41,40
4318,3826002,82.0898507462687,76.47,87.88,67,34,33
4319,3828324,69.5634782608696,60,76.92,69,30,39
4320,3828351,69.8796385542169,65.71,72.92,83,35,48
4321,3831789,65.3848717948718,62.86,67.44,78,35,43
4322,3834248,68.8293506493507,83.78,55,77,37,40
4323,3834292,68.9172972972973,73.68,63.89,74,38,36
4324,3834851,75.3253246753247,77.78,73.17,77,36,41
4325,3835667,60.254358974359,73.68,47.5,78,38,40
4326,3835815,69.5231428571429,80.39,59.26,105,51,54
4327,3836149,79.3488043478261,84.62,75.47,92,39,53
4328,3836794,75.34,69.23,78.72,73,26,47
4329,3840318,76.9919469026549,75,78.69,113,52,61
4330,3840772,72.1142307692308,73.91,70.69,104,46,58
4331,3842863,76.3647272727273,77.78,75,110,54,56
4332,3843290,79.465,78.57,80.36,112,56,56
4333,3843629,73.3342857142857,72.34,74.14,105,47,58
4334,3843801,75.2321100917431,80.77,70.18,109,52,57
4335,3843884,66.3371287128713,50,77.05,101,40,61
4336,3847615,69.1487234042553,65.62,70.97,94,32,62
4337,3847656,82.407037037037,92.5,76.47,108,40,68
4338,3847906,84.6912244897959,90.24,80.7,98,41,57
4339,3848998,88.9904587155963,92,86.44,109,50,59
4340,3850200,79.0693023255814,86.11,74,86,36,50
4341,3851632,75.5844186046512,78.95,72.92,86,38,48
4342,3852190,84.0009333333333,89.29,80.85,75,28,47
4343,3852526,66.6655555555556,61.11,71.11,81,36,45
4344,3852673,70.668,77.5,62.86,75,40,35
4345,3853020,72.7293939393939,78.38,65.52,66,37,29
4346,3853087,84.4133766233766,94.59,75,77,37,40
4347,3854651,76.3168421052632,77.78,75,76,36,40
4348,3854787,29.5447727272727,30.23,28.89,88,43,45
4349,3856852,47.5626829268293,38.89,54.35,82,36,46
4350,3856950,60.87,41.67,71.11,69,24,45
4351,3857547,76.0564788732394,61.11,91.43,71,36,35
4352,3857953,37.8366216216216,51.11,17.24,74,45,29
4353,3861120,77.5501020408163,80,75.47,98,45,53
4354,3862029,60.6721348314607,62.5,59.18,89,40,49
4355,3865762,67.5,76.47,60.87,80,34,46
4356,3866906,75.7137142857143,78.79,72.97,70,33,37
4357,3869167,72.0951162790698,71.43,72.73,86,42,44
4358,3869553,69.0452380952381,67.5,70.45,84,40,44
4359,3869753,70.2342857142857,69.44,70.83,84,36,48
4360,3871340,63.635,61.36,65.91,88,44,44
4361,3871468,63.5311764705882,70,54.29,85,50,35
4362,3874067,37.8769696969697,35.48,40,66,31,35
4363,3874498,37.3161194029851,32.26,41.67,67,31,36
4364,3875955,58.6646666666667,65.71,52.5,75,35,40
4365,3876271,63.0964285714286,67.65,60,84,34,50
4366,3876294,44.0693220338983,66.67,25,59,27,32
4367,3876303,49.4013253012048,34.29,60.42,83,35,48
4368,3877559,71.766,85.29,62.75,85,34,51
4369,3877799,59.7204166666667,74.19,48.78,72,31,41
4370,3877870,65.4714285714286,65.62,65.38,84,32,52
4371,3878456,69.115,76.47,61.76,68,34,34
4372,3879032,72.5812903225806,79.17,68.42,62,24,38
4373,3880693,55.9325423728814,70,41.38,59,30,29
4374,3880845,65.999,59.26,73.91,50,27,23
4375,3881521,80.7010526315789,77.78,83.33,57,27,30
4376,3882400,70.9648387096774,82.35,57.14,62,34,28
4377,3882421,76.1168656716418,79.31,73.68,67,29,38
4378,3882537,80.0014285714286,82.5,76.67,70,40,30
4379,3882781,41.935,59.26,28.57,62,27,35
4380,3884001,69.3332,71.05,67.57,75,38,37
4381,3884730,73.4953012048193,76.32,71.11,83,38,45
4382,3885153,41.052,34.78,46.94,95,46,49
4383,3886053,78.023956043956,82.98,72.73,91,47,44
4384,3891174,81.0512631578947,91.49,70.83,95,47,48
4385,3892389,75.6754054054054,85.71,66.67,74,35,39
4386,3895773,68.9145945945946,76.74,58.06,74,43,31
4387,3895884,77.9062790697675,78.95,77.08,86,38,48
4388,3896482,72.2926506024096,92.31,54.55,83,39,44
4389,3897385,71.0831325301205,78.95,64.44,83,38,45
4390,3899322,77.3560377358491,96.77,50,53,31,22
4391,3900592,73.8080952380952,70,77.27,84,40,44
4392,3902852,46.5544827586207,40,51.52,58,25,33
4393,3905542,64.002,72.5,54.29,75,40,35
4394,3906157,60.3465517241379,41.67,73.53,58,24,34
4395,3906353,70.7287804878049,68.18,73.68,82,44,38
4396,3906400,61.535,51.28,71.79,78,39,39
4397,3906466,49.9958928571429,21.05,64.86,56,19,37
4398,3907121,69.5673913043478,67.65,71.43,69,34,35
4399,3907709,65.7095714285714,71.79,58.06,70,39,31
4400,3907719,53.7033333333333,48,58.62,54,25,29
4401,3908596,79.9992941176471,76.92,82.61,85,39,46
4402,3908875,72.4164367816092,69.57,75.61,87,46,41
4403,3910372,70.6536956521739,74,66.67,92,50,42
4404,3910522,65.9803092783505,59.62,73.33,97,52,45
4405,3911778,67.4409302325581,68.52,65.62,86,54,32
4406,3911792,64.1304347826087,62.71,66.67,92,59,33
4407,3912589,70.4097959183674,74,66.67,98,50,48
4408,3913851,85.5555555555556,80,92.5,90,50,40
4409,3915995,75.7137142857143,58.33,94.12,70,36,34
4410,3918270,84.9339726027397,77.42,90.48,73,31,42
4411,3918472,81.5819736842105,75.76,86.05,76,33,43
4412,3920794,76.56578125,66.67,87.1,64,33,31
4413,3920876,69.2303296703297,60,78.26,91,45,46
4414,3921275,86.8427631578947,81.08,92.31,76,37,39
4415,3922407,69.8804819277108,57.78,84.21,83,45,38
4416,3924158,83.3337777777778,81.63,85.37,90,49,41
4417,3926789,82.2596774193548,81.82,82.76,62,33,29
4418,3926808,76.1179104477612,87.18,60.71,67,39,28
4419,3927763,83.3353846153846,90,76.32,78,40,38
4420,3930868,73.4924096385542,75,72.09,83,40,43
4421,3930984,69.6631460674157,65.12,73.91,89,43,46
4422,3933629,84.2862857142857,81.58,87.5,70,38,32
4423,3933742,69.9995,72.09,67.57,80,43,37
4424,3934309,75.0014285714286,72.73,77.5,84,44,40
4425,3934796,80,87.18,69.23,65,39,26
4426,3935170,67.469156626506,70.83,62.86,83,48,35
4427,3936008,73.336,78.79,66.67,60,33,27
4428,3936291,74.3204054054054,71.79,77.14,74,39,35
4429,3937074,42.4234848484848,62.86,19.35,66,35,31
4430,3937924,70.2357142857143,70.45,70,84,44,40
4431,3938386,70.314375,73.53,66.67,64,34,30
4432,3938863,63.5118918918919,67.5,58.82,74,40,34
4433,3939259,37.9310344827586,22.22,63.64,58,36,22
4434,3940697,44.7794029850746,14.71,75.76,67,34,33
4435,3941406,81.158115942029,90,57.89,69,50,19
4436,3944999,81.58,81.58,81.58,76,38,38
4437,3945093,81.9265060240964,77.27,87.18,83,44,39
4438,3945874,74.3887804878049,77.14,72.34,82,35,47
4439,3945893,76.8289024390244,86.67,64.86,82,45,37
4440,3947991,75.9992,85.71,63.64,75,42,33
4441,3948093,62.9608641975309,70.21,52.94,81,47,34
4442,3948813,79.5172289156627,81.25,78.43,83,32,51
4443,3950055,76.924358974359,78.95,75,78,38,40
4444,3950547,70.7695384615385,42.86,84.09,65,21,44
4445,3950816,78.7881818181818,80,77.42,66,35,31
4446,3952341,84.4453333333333,76.92,90.2,90,39,51
4447,3952724,54.545,42.42,66.67,66,33,33
4448,3954863,79.4876923076923,71.88,84.78,78,32,46
4449,3955320,84.7088235294118,88.64,80.49,85,44,41
4450,3955821,74.3623076923077,85.42,56.67,78,48,30
4451,3959260,77.9423529411765,75.76,80,68,33,35
4452,3960232,84.2683146067416,76.92,90,89,39,50
4453,3960670,70.2732432432432,76.6,59.26,74,47,27
4454,3964666,70,59.52,79.17,90,42,48
4455,3966507,75.3611594202899,77.14,73.53,69,35,34
4456,3966724,75.3257142857143,65.52,81.25,77,29,48
4457,3968734,74.3910975609756,72.55,77.42,82,51,31
4458,3968846,71.2320547945206,59.52,87.1,73,42,31
4459,3970171,79.265,70.73,87.8,82,41,41
4460,3971046,75.8077419354839,68.57,85.19,62,35,27
4461,3971823,77.9411764705882,81.25,75,68,32,36
4462,3972543,65.4327160493827,74.47,52.94,81,47,34
4463,3972971,67.9978666666667,73.58,54.55,75,53,22
4464,3976229,79.6307407407407,93.55,60.87,54,31,23
4465,3976547,58.93125,55.56,62.07,56,27,29
4466,3976589,77.1394285714286,86.84,65.62,70,38,32
4467,3976712,66.1303225806452,75.86,57.58,62,29,33
4468,3976985,83.93,96.67,69.23,56,30,26
4469,3977543,82.4563157894737,91.43,68.18,57,35,22
4470,3979208,84.0006666666667,95.35,68.75,75,43,32
4471,3981043,87.4961111111111,85.29,89.47,72,34,38
4472,3981953,85.2265909090909,80.43,90.48,88,46,42
4473,3982863,51.7662352941176,36.96,69.23,85,46,39
4474,3984340,64.792676056338,65.12,64.29,71,43,28
4475,3984787,76.0441666666667,72.73,80.49,96,55,41
4476,3986462,67.9016049382716,63.83,73.53,81,47,34
4477,3987164,22.1072631578947,24.53,19.05,95,53,42
4478,3988103,81.720752688172,83.67,79.55,93,49,44
4479,3988416,53.2270967741935,37.93,66.67,62,29,33
4480,3989823,72.503,79.55,63.89,80,44,36
4481,3992382,17.9780898876405,12.5,22.45,89,40,49
4482,3992387,54.9285915492958,23.08,73.33,71,26,45
4483,3992886,70.8851898734177,65.62,74.47,79,32,47
4484,3993384,72.46,56.52,80.43,69,23,46
4485,3994192,65.8213924050633,65.71,65.91,79,35,44
4486,3994441,73.8086904761905,67.57,78.72,84,37,47
4487,3994486,72.7268181818182,68.57,77.42,66,35,31
4488,3997359,68.35,73.68,63.41,79,38,41
4489,3999646,77.1723913043478,78.38,76.36,92,37,55
4490,3999740,71.9468292682927,73.68,70.45,82,38,44
4491,4001634,64.3816438356164,64.86,63.89,73,37,36
4492,4003342,57.1460317460318,54.84,59.38,63,31,32
4493,4004442,68.8318181818182,80.95,54.29,77,42,35
4494,4004600,76.54,93.1,34.78,81,58,23
4495,4005264,84.4436666666667,89.36,79.07,90,47,43
4496,4005903,66.6684444444444,63.27,70.73,90,49,41
4497,4005939,67.0719512195122,64.58,70.59,82,48,34
4498,4006102,73.4671428571428,73.21,73.81,98,56,42
4499,4006196,82.9563636363636,88,76.32,88,50,38
4500,4006337,85.8593939393939,88.24,83.33,99,51,48
4501,4006850,84.0909090909091,88.46,77.78,88,52,36
4502,4008674,79.3486956521739,86.54,70,92,52,40
4503,4010639,81.1741176470588,87.8,75,85,41,44
4504,4011842,79.1192307692308,81.63,76.19,91,49,42
4505,4012295,71.8340845070422,79.55,59.26,71,44,27
4506,4013088,70.31,72.41,68.57,64,29,35
4507,4013121,77.2154430379747,80,73.53,79,45,34
4508,4014423,73.8104761904762,81.82,65,84,44,40
4509,4016892,73.8331775700935,69.09,78.85,107,55,52
4510,4017414,65.3440594059406,69.49,59.52,101,59,42
4511,4020105,82.9239024390244,84.44,81.08,82,45,37
4512,4021590,68.3555696202532,65.91,71.43,79,44,35
4513,4021815,79.3495652173913,70,90.48,92,50,42
4514,4022661,65.5750819672131,59.26,70.59,61,27,34
4515,4023015,71.9275438596491,74.19,69.23,57,31,26
4516,4023521,77.0841666666667,63.64,88.46,48,22,26
4517,4024788,80.0021333333333,64.52,90.91,75,31,44
4518,4025366,71.6210810810811,51.52,87.8,74,33,41
4519,4025375,71.5922727272727,53.49,88.89,88,43,45
4520,4025400,72.5264835164835,52.27,91.49,91,44,47
4521,4025801,69.7720930232558,54.55,79.25,86,33,53
4522,4027669,76.6960194174757,79.59,74.07,103,49,54
4523,4029126,67.7935593220339,78.57,58.06,59,28,31
4524,4029206,72.2903614457831,69.7,74,83,33,50
4525,4029641,83.5594520547945,84,83.33,73,25,48
4526,4030680,64.2857142857143,35,76,70,20,50
4527,4031457,68.9976,68.18,69.64,100,44,56
4528,4032621,69.0460714285714,74.42,63.41,84,43,41
4529,4033132,77.4646478873239,73.33,80.49,71,30,41
4530,4034017,76.5435802469136,81.25,73.47,81,32,49
4531,4034840,71.4265714285714,78.12,65.79,70,32,38
4532,4034879,72.58,77.42,67.74,62,31,31
4533,4036375,61.2883870967742,40.74,77.14,62,27,35
4534,4037588,78.8750704225352,67.65,89.19,71,34,37
4535,4038420,70.886582278481,67.5,74.36,79,40,39
4536,4038431,65.7132857142857,65.85,65.52,70,41,29
4537,4038894,79.35,72,88.1,92,50,42
4538,4039873,76.274406779661,80.65,71.43,59,31,28
4539,4040687,80.2819718309859,82.5,77.42,71,40,31
4540,4041107,87.88,87.88,87.88,66,33,33
4541,4042351,73.3331111111111,72.73,73.91,45,22,23
4542,4042830,65.79,78.95,52.63,38,19,19
