"MotifID","Position","Frm","FrmP","FrmN","Total_Coverage","CoverageP","CoverageN"
1,43,79.5708602150538,87.5,67.57,93,56,37
2,71,83.5288235294118,88.89,79.59,85,36,49
3,238,79.8092307692308,87.93,69.57,104,58,46
4,311,75.0032692307692,82.46,65.96,104,57,47
5,1226,82.2556451612903,88.68,77.46,124,53,71
6,3129,66.9015492957747,68.06,65.71,142,72,70
7,3966,60.8695652173913,65.48,55.84,161,84,77
8,4848,75.3621739130435,79.07,69.23,138,86,52
9,5241,48.0512987012987,48.1,48,154,79,75
10,5322,49.6691390728477,27.54,68.29,151,69,82
11,5407,57.7542245989305,55,60.92,187,100,87
12,5852,70.4797590361446,63.75,76.74,166,80,86
13,7194,79.1227472527473,78.41,79.79,182,88,94
14,7245,77.3828571428571,76.83,77.91,168,82,86
15,7475,73.5141081081081,66.67,79.59,185,87,98
16,7904,53.6585365853658,31.67,74.6,123,60,63
17,7911,45.0818032786885,25,70.37,122,68,54
18,10064,68.3720512820513,57.89,78.33,117,57,60
19,11437,75.2433495145631,77.48,72.63,206,111,95
20,12908,70.5176878612717,67.44,73.56,173,86,87
21,14284,73.456049382716,69.74,76.74,162,76,86
22,16578,73.8843949044586,70.37,77.63,157,81,76
23,18392,65.3461386138614,56.12,74.04,202,98,104
24,19046,63.22,38.33,76.32,174,60,114
25,20674,65.8184183673469,53.54,78.35,196,99,97
26,20704,74.7751351351351,66.36,83.04,222,110,112
27,21529,69.7232568807339,66.4,74.19,218,125,93
28,21556,70.2468292682927,67.35,72.9,205,98,107
29,22402,76.8476354679803,69.23,84.85,203,104,99
30,24095,55.8978881987578,58.76,51.56,161,97,64
31,26062,68.0401546391753,71.91,64.76,194,89,105
32,26741,68.5100552486188,68.32,68.75,181,101,80
33,26896,74.2435353535354,69.39,79,198,98,100
34,27796,51.6818539325843,47.47,56.96,178,99,79
35,30082,68.2645508982036,67.44,69.14,167,86,81
36,30171,65.35,74.55,54.35,202,110,92
37,32229,83.252315270936,80.77,85.86,203,104,99
38,32904,64.76,69.52,60,210,105,105
39,33599,77.2137341772152,74.19,81.54,158,93,65
40,33824,70.7017834394904,62.34,78.75,157,77,80
41,34446,79.664802259887,83.15,76.14,177,89,88
42,34738,70.2383928571429,69.66,70.89,168,89,79
43,34768,78.9778409090909,82.98,74.39,176,94,82
44,35584,59.4104117647059,67.74,49.35,170,93,77
45,36834,71.0861611374408,71.3,70.83,211,115,96
46,37392,67.4835582822086,74.49,56.92,163,98,65
47,37465,69.8479899497487,72.97,65.91,199,111,88
48,37990,72.068156424581,65.98,79.27,179,97,82
49,39065,59.2585185185185,61.8,56.16,162,89,73
50,40070,63.7841081081081,50,77.42,185,92,93
51,42340,62.890206185567,65.31,60.42,194,98,96
52,44444,62.4052631578947,73.61,49.18,133,72,61
53,45003,83.5455063291139,78.65,89.86,158,89,69
54,45762,32.0867164179104,52.38,14.08,134,63,71
55,46357,79.2466037735849,79.17,79.31,159,72,87
56,46669,68.9662068965517,77.42,59.26,174,93,81
57,48309,76.1920408163265,80.49,70.77,147,82,65
58,48995,70.1476119402985,59.09,80.88,134,66,68
59,49018,71.1278873239437,71.43,70.77,142,77,65
60,49098,64.9345454545455,58.73,69.23,154,63,91
61,52192,63.315325443787,61.97,64.29,169,71,98
62,52303,62.1465,73.02,53.25,140,63,77
63,52591,71.1517948717949,77.61,66.29,156,67,89
64,52664,67.9665625,75.34,58.18,128,73,55
65,53847,62.4988888888889,45.31,76.25,144,64,80
66,53986,71.4281818181818,75.71,67.86,154,70,84
67,55873,75.9750837988827,75.9,76.04,179,83,96
68,58598,69.2278571428571,70.11,68.42,182,87,95
69,58626,68.6482702702703,59.77,76.53,185,87,98
70,63477,48.0257894736842,36.49,58.97,152,74,78
71,65879,73.623956043956,71.13,76.47,182,97,85
72,67774,70.7858426966292,59.8,85.53,178,102,76
73,67898,67.3382412060301,68.69,66,199,99,100
74,68025,47.0564705882353,26.39,62.24,170,72,98
75,71356,67.8303496503496,46.94,78.72,143,49,94
76,71709,76.5122147651007,71.88,80,149,64,85
77,73605,78.40016,86.3,67.31,125,73,52
78,73988,72.7840506329114,82.76,60.56,158,87,71
79,74000,71.3218382352941,76,65.57,136,75,61
80,74434,75.4581595092025,74.68,76.19,163,79,84
81,75933,74.8522222222222,77.63,72.63,171,76,95
82,76207,59.9986486486486,56.99,63.04,185,93,92
83,76316,65.9381318681319,67.42,64.52,182,89,93
84,77539,71.2757446808511,70.19,72.62,188,104,84
85,78651,59.3926666666667,53.41,66.23,165,88,77
86,81886,65.8222784810127,53.85,74.19,158,65,93
87,84927,65.88,65.88,65.88,170,85,85
88,85021,55.3416981132075,54.79,55.81,159,73,86
89,85101,71.1561538461539,66.67,75.31,156,75,81
90,85149,55.4095945945946,47.44,64.29,148,78,70
91,85648,66.2322077922078,54.24,73.68,154,59,95
92,86016,74.1124873096447,78.57,69.7,197,98,99
93,87120,68.1628358208955,72.73,63.73,201,99,102
94,87507,74.1191176470588,78.95,68,170,95,75
95,88350,79.1938926174497,76.81,81.25,149,69,80
96,88919,52.5344303797468,51.32,53.66,158,76,82
97,89045,57.8930994152047,72.86,47.52,171,70,101
98,90836,70.6256643356643,57.33,85.29,143,75,68
99,91434,54.4384023668639,36.71,70,169,79,90
100,94707,79.7557055214724,70.51,88.24,163,78,85
101,95284,62.8210256410256,59.04,67.12,156,83,73
102,95558,55.934406779661,74.03,21.95,118,77,41
103,95731,72.0488198757764,80.46,62.16,161,87,74
104,95849,73.6819883040936,75.9,71.59,171,83,88
105,97868,70.8321527777778,75.79,61.22,144,95,49
106,98756,69.7115384615385,66.97,72.73,208,109,99
107,99093,75.7386390532544,74.71,76.83,169,87,82
108,101160,66.4882978723404,70.65,62.5,188,92,96
109,102700,66.6671296296296,75.7,57.8,216,107,109
110,104202,75.7886842105263,75.25,76.4,190,101,89
111,104209,73.7716393442623,70.71,77.38,183,99,84
112,104993,69.1523936170213,63.74,74.23,188,91,97
113,105300,67.3160975609756,64.76,70,205,105,100
114,105372,85.9369791666667,86.6,85.26,192,97,95
115,105951,73.3666834170854,75.23,71.11,199,109,90
116,106239,63.4937037037037,74.79,44.29,189,119,70
117,113029,74.9977631578947,73.13,76.47,152,67,85
118,115678,76.219756097561,78.75,73.81,164,80,84
119,115994,78.0925842696629,65.56,90.91,178,90,88
120,117159,72.9077832512315,75.49,70.3,203,102,101
121,117788,67.7781111111111,65.12,70.21,180,86,94
122,118460,69.5216042780749,74.04,63.86,187,104,83
123,119642,67.6947692307692,67.68,67.71,195,99,96
124,122554,66.8521546961326,65.06,68.37,181,83,98
125,123645,64.5926315789474,73.74,56.36,209,99,110
126,128003,72.4871957671958,78.72,66.32,189,94,95
127,128398,75.6369035532995,83.51,68,197,97,100
128,129035,68.4231578947368,79.07,54.55,152,86,66
129,129898,57.8643396226415,48.72,66.67,159,78,81
130,130128,67.5845054945055,75.28,60.22,182,89,93
131,130269,72.6703105590062,80,62.12,161,95,66
132,130331,68.0630890052356,70.41,65.59,191,98,93
133,130610,63.1539766081871,60.67,65.85,171,89,82
134,131450,70.1143103448276,70.59,69.66,174,85,89
135,131469,70.326043956044,70.21,70.45,182,94,88
136,131731,67.3659473684211,77.01,59.22,190,87,103
137,131739,66.870245398773,78.57,54.43,163,84,79
138,135295,73.1025730994152,72.83,73.42,171,92,79
139,135433,64.8789268292683,56.86,72.82,205,102,103
140,136821,75.2747802197802,79.38,70.59,182,97,85
141,141622,62.3605056179775,66.67,56.96,178,99,79
142,145337,64.2426666666667,64.77,63.64,165,88,77
143,147992,72.86,71.43,74.03,140,63,77
144,148135,61.3292666666667,56.16,66.23,150,73,77
145,148744,61.2901075268817,59.18,63.64,186,98,88
146,149070,71.8778125,75.24,67.82,192,105,87
147,149103,59.6914285714286,66.96,50,196,112,84
148,149653,62.2211666666667,58.62,65.59,180,87,93
149,150066,67.6798170731707,53.52,78.49,164,71,93
150,150153,73.2151785714286,66.2,78.35,168,71,97
151,151057,70.6965605095541,80.43,56.92,157,92,65
152,152742,71.2447712418301,72.73,69.74,153,77,76
153,153649,58.9753205128205,59.74,58.23,156,77,79
154,153784,65.8649700598802,65.38,66.29,167,78,89
155,154350,74.1530612244898,77.22,70.59,147,79,68
156,155540,73.9972,82.19,66.23,150,73,77
157,155779,59.0931168831169,62.5,55.41,154,80,74
158,155806,70.3957894736842,75,65.28,152,80,72
159,156912,70.0810236220473,77.05,63.64,127,61,66
160,157343,68.7491666666667,74.32,62.86,144,74,70
161,157780,68.2952032520325,73.85,62.07,123,65,58
162,157830,75.5278321678322,85.92,65.28,143,71,72
163,160303,73.9114285714286,72.46,75,161,69,92
164,160331,69.0813157894737,71.43,66.18,152,84,68
165,160425,52.4113793103448,65.33,38.57,145,75,70
166,160716,77.5628846153846,84.51,71.76,156,71,85
167,161411,77.025,72.97,81.08,148,74,74
168,162665,48.255034965035,74.29,23.29,143,70,73
169,163280,58.452676056338,63.89,52.86,142,72,70
170,163371,70.5871323529412,68.85,72,136,61,75
171,164053,68.2942073170732,68.83,67.82,164,77,87
172,164979,65.6449693251534,69.15,60.87,163,94,69
173,165412,31.180752688172,37.23,25,186,94,92
174,166576,60.1249367088608,58.11,61.9,158,74,84
175,166587,61.9887719298246,56.32,67.86,171,87,84
176,166702,64.8124691358025,66.25,63.41,162,80,82
177,166866,67.3805882352941,77.27,58.59,187,88,99
178,167319,67.4536686390532,73.03,61.25,169,89,80
179,168156,71.5920454545455,75.86,67.42,176,87,89
180,168726,71.1636809815951,73.86,68,163,88,75
181,169421,52.7924844720497,46.34,59.49,161,82,79
182,169856,71.6673333333333,73.86,69.57,180,88,92
183,170460,69.5645893719807,76.15,62.24,207,109,98
184,170690,62.7059459459459,67.68,56.98,185,99,86
185,171383,64.1899324324324,81.82,45.07,148,77,71
186,172844,54.6031578947368,63.75,44.44,152,80,72
187,173223,66.8828571428571,60.26,73.68,154,78,76
188,173403,65.6461963190184,70.37,60.98,163,81,82
189,173687,70.4795180722892,72.5,68.6,166,80,86
190,173856,62.5,62.5,62.5,160,88,72
191,174218,65.3577124183007,63.01,67.5,153,73,80
192,174269,53.6369090909091,51.85,55.36,110,54,56
193,174465,55.78,48.68,63.38,147,76,71
194,175137,32.92,25,41.56,161,84,77
195,175560,63.3336,63.44,63.16,150,93,57
196,177303,58.2358823529412,57.5,58.89,170,80,90
197,177577,54.3041059602649,50.72,57.32,151,69,82
198,177981,55.4768613138686,58.54,50.91,137,82,55
199,178440,69.9977857142857,81.16,59.15,140,69,71
200,178800,61.536,68.49,52.63,130,73,57
201,180398,66.669347826087,71.43,60.66,138,77,61
202,180973,19.727619047619,23.38,15.71,147,77,70
203,181127,8.12525,6.17,10.13,160,81,79
204,181197,4.60585526315789,2.74,6.33,152,73,79
205,181215,5.88346405228758,10.13,1.35,153,79,74
206,181231,10.3241935483871,10,10.67,155,80,75
207,183156,70.6277622377622,69.89,72,143,93,50
208,183844,63.8530120481928,68.6,58.75,166,86,80
209,183949,59.6041721854305,75.64,42.47,151,78,73
210,185417,67.8345029239766,67.06,68.6,171,85,86
211,187002,67.1063815789474,69.88,63.77,152,83,69
212,187059,73.3305555555555,73.68,72.94,180,95,85
213,187806,64.3425581395349,69.7,58.73,129,66,63
214,189314,59.5594117647059,68.75,51.39,136,64,72
215,190221,56.6679333333333,60.44,50.85,150,91,59
216,190401,65.9237430167598,64.65,67.5,179,99,80
217,191667,76.3168421052632,74.04,81.25,152,104,48
218,192544,70.2508860759494,62.22,80.88,158,90,68
219,192602,74.9984722222222,78.57,71.62,144,70,74
220,194752,53.276393442623,52.94,53.7,122,68,54
221,195294,53.8984415584416,35.14,71.25,154,74,80
222,195949,74.7230769230769,68.42,85.29,182,114,68
223,197112,69.7675581395349,66.33,74.32,172,98,74
224,197131,73.7169714285714,73.08,74.65,175,104,71
225,197833,73.94,69.32,79.22,165,88,77
226,198577,44.2469090909091,17.11,67.42,165,76,89
227,199624,72.7726178010471,75,70.11,191,104,87
228,199945,66.2795930232558,65.88,66.67,172,85,87
229,200141,70.5525153374233,67.42,74.32,163,89,74
230,200729,61.8178787878788,42.47,77.17,165,73,92
231,201706,72.0012,72.45,71.43,175,98,77
232,202070,59.860985915493,65,53.23,142,80,62
233,203410,78.3142168674699,82.56,73.75,166,86,80
234,203618,71.8375862068966,70.65,73.17,174,92,82
235,204690,70.3429655172414,73.49,66.13,145,83,62
236,207465,73.4401041666667,75.73,70.79,192,103,89
237,208033,53.1624050632911,50,55.81,158,72,86
238,211477,56.4971428571429,60.23,51.52,154,88,66
239,212286,63.193125,61.64,64.79,144,73,71
240,213465,58.6602793296089,51.22,64.95,179,82,97
241,213937,58.6811976047904,65.28,53.68,167,72,95
242,214068,73.5745595854922,80.43,67.33,193,92,101
243,214376,67.4045856353591,62.35,71.88,181,85,96
244,215099,61.71875,68.57,53.45,128,70,58
245,215890,66.6690566037736,66.22,67.06,159,74,85
246,215919,69.1012359550562,70.73,67.71,178,82,96
247,217011,69.0752577319588,66.67,71.29,194,93,101
248,217161,72.2509248554913,66.3,79.01,173,92,81
249,218632,55.9518452380952,58.43,53.16,168,89,79
250,221122,61.5386982248521,65.66,55.71,169,99,70
251,221873,63.2812994350283,64.29,62.03,177,98,79
252,223134,64.539219858156,77.11,46.55,141,83,58
253,225340,66.4699411764706,75.95,58.24,170,79,91
254,225347,69.6784042553192,81.11,59.18,188,90,98
255,225434,76.2708474576271,84.52,68.82,177,84,93
256,225518,69.26859375,75.31,64.86,192,81,111
257,226645,60.9617647058823,57.5,63.55,187,80,107
258,228557,74.3148087431694,78.75,70.87,183,80,103
259,230929,58.1905084745763,61.9,54.84,177,84,93
260,231079,65.8571341463415,68.97,62.34,164,87,77
261,231649,75.5293617021277,80,71.84,188,85,103
262,232407,70.4209859154929,74.19,67.5,142,62,80
263,232493,63.6908333333333,60,66.02,168,65,103
264,233116,67.8171264367816,72.53,62.65,174,91,83
265,233694,58.4935849056604,66.67,50.62,159,78,81
266,233879,49.3605128205128,47.3,51.22,156,74,82
267,234080,59.883023255814,55.84,63.16,172,77,95
268,235348,64.1607514450867,63.53,64.77,173,85,88
269,236967,31.9028834355828,37.65,25.64,163,85,78
270,241721,67.0947096774194,59.21,74.68,155,76,79
271,241956,72.8633668341709,75.79,70.19,199,95,104
272,242129,69.5619254658385,77.27,60.27,161,88,73
273,244655,72.5154970760234,75.25,68.57,171,101,70
274,246272,62.8386486486487,50.77,72.29,148,65,83
275,246334,72.4154022988506,71.59,73.26,174,88,86
276,248024,61.875,66.67,55.71,160,90,70
277,250048,71.0542105263158,71.43,70.59,152,84,68
278,250964,74.8429559748428,67.53,81.71,159,77,82
279,253183,66.455,72.15,60.76,158,79,79
280,253565,74.8467484662577,72.83,77.46,163,92,71
281,254143,69.6421428571429,70.51,68.89,168,78,90
282,255230,55.2261194029851,54.29,56.25,134,70,64
283,256082,57.9265243902439,53.33,61.8,164,75,89
284,256522,69.8539705882353,72.58,67.57,136,62,74
285,256816,59.4617297297297,55.32,63.74,185,94,91
286,257616,51.0045637583893,57.69,43.66,149,78,71
287,258316,52.6300584795322,48.1,56.52,171,79,92
288,259700,75.0001744186046,72.6,76.77,172,73,99
289,260269,67.1637313432836,64.41,69.33,134,59,75
290,260522,75.322012987013,73.77,76.34,154,61,93
291,261748,67.502,65.28,69.32,160,72,88
292,263021,75.2962352941177,68.83,80.65,170,77,93
293,265371,63.8063190184049,36,76.11,163,50,113
294,266726,74.6220304568528,69.14,78.45,197,81,116
295,266849,70.585,69.09,71.3,170,55,115
296,269754,82.7845695364238,82.26,83.15,151,62,89
297,269964,73.0159259259259,70.33,75.51,189,91,98
298,270559,62.5016071428571,64.71,60.24,168,85,83
299,271445,69.950207253886,71.25,69.03,193,80,113
300,271993,69.195101010101,62.64,74.77,198,91,107
301,272287,57.1458646616541,61.82,53.85,133,55,78
302,272362,67.8141379310345,57.69,76.04,174,78,96
303,273564,53.9375757575758,44.12,60.82,165,68,97
304,273675,55.48,43.84,67.12,146,73,73
305,274143,71.9950857142857,71.79,72.16,175,78,97
306,278771,47.9346280991736,64.79,24,121,71,50
307,281764,78.1451366120219,76.42,80.52,183,106,77
308,281900,69.2303296703297,59.81,82.67,182,107,75
309,281928,72.310358974359,67.26,79.27,195,113,82
310,281964,64.6475757575758,49.55,83.91,198,111,87
311,282158,73.6040609137056,72.8,75,197,125,72
312,283107,65.4753571428571,69.09,58.62,168,110,58
313,284022,44.004,24.18,65.48,175,91,84
314,285989,72.7314285714286,63.64,79.55,154,66,88
315,286661,62.0082122905028,65.43,59.18,179,81,98
316,289554,53.9289005235602,57.58,50,191,99,92
317,292476,68.0834574468085,57.14,78.35,188,91,97
318,294608,74.8125185185185,69.23,78.31,135,52,83
319,296110,68.0011333333333,71.83,64.56,150,71,79
320,296729,70.24,70.24,70.24,168,84,84
321,298044,64.1826119402985,67.61,60.32,134,71,63
322,299300,74.6471126760563,66.15,81.82,142,65,77
323,299447,61.4271428571429,64.06,59.21,140,64,76
324,299466,57.3411888111888,48.53,65.33,143,68,75
325,299907,58.822091503268,29.31,76.84,153,58,95
326,300878,30.559375,8.7,50.67,144,69,75
327,301575,69.7562962962963,66.22,72.73,162,74,88
328,302067,74.6494366197183,68.75,79.49,142,64,78
329,302211,79.4703311258278,74.32,84.42,151,74,77
330,302419,77.7086624203822,72,82.93,157,75,82
331,303936,72.4851006711409,68.12,76.25,149,69,80
332,304057,79.5291228070175,71.79,86.02,171,78,93
333,304359,63.7432748538012,55.7,70.65,171,79,92
334,304435,64.6665333333333,67.09,61.97,150,79,71
335,304451,72.0466459627329,65.75,77.27,161,73,88
336,304838,75.0016216216216,71.88,77.38,148,64,84
337,305017,80.5544444444444,76.79,82.95,144,56,88
338,305438,66.1774264705882,44.68,77.53,136,47,89
339,305444,70.1508955223881,68.57,71.88,134,70,64
340,305614,77.9561290322581,67.44,87,186,86,100
341,306412,67.4847852760736,61.54,72.94,163,78,85
342,308053,68.7484722222222,70.27,67.14,144,74,70
343,308832,64.4920289855072,80.52,44.26,138,77,61
344,309383,73.5264705882353,66.3,82.05,170,92,78
345,310377,66.015816993464,64.56,67.57,153,79,74
346,311068,48.253986013986,43.04,54.69,143,79,64
347,311676,74.8264335664336,73.61,76.06,143,72,71
348,311802,72.92,80.56,65.28,144,72,72
349,312250,75.5822093023256,80.9,69.88,172,89,83
350,312898,71.9322807017544,64.52,80.77,171,93,78
351,314005,73.3729220779221,73.13,73.56,154,67,87
352,314645,66.8954482758621,71.64,62.82,145,67,78
353,314780,75.1470414201183,72.73,77.17,169,77,92
354,315315,72.9868965517241,71.43,74.44,174,84,90
355,316258,66.2160135135135,70.67,61.64,148,75,73
356,316420,71.4307518796993,77.05,66.67,133,61,72
357,316504,61.2259183673469,66.67,56.79,147,66,81
358,317206,57.2301204819277,66.67,47.56,166,84,82
359,319577,76.2738418079096,70.79,81.82,177,89,88
360,322915,74.5098039215686,76.99,71.43,204,113,91
361,326388,65.218198757764,69.41,60.53,161,85,76
362,333127,27.9505590062112,20.48,35.9,161,83,78
363,333635,76.3348854961832,82.09,70.31,131,67,64
364,334868,52.5937037037037,66.25,32.73,135,80,55
365,335158,55.3047727272727,45.1,61.73,132,51,81
366,335164,59.7483018867924,50.72,66.67,159,69,90
367,335476,64.4930434782609,58.33,67.78,138,48,90
368,335855,70.8333333333333,75,67,192,92,100
369,335875,75.4186592178771,79.76,71.58,179,84,95
370,336031,79.5913265306122,81.44,77.78,196,97,99
371,336100,81.1529842931937,80,82.42,191,100,91
372,337010,75.2679569892473,78.75,72.64,186,80,106
373,338511,52.0423469387755,66.06,34.48,196,109,87
374,338595,67.5,58.02,77.22,160,81,79
375,338741,71.823591160221,71.91,71.74,181,89,92
376,338861,71.3352,72.62,69.7,150,84,66
377,339415,73.2309090909091,67.92,79.35,198,106,92
378,339680,60.5712,65.48,56.04,175,84,91
379,340864,70.6178531073446,64.77,76.4,177,88,89
380,341315,66.8814285714286,68.18,65.15,154,88,66
381,341727,76.2521875,79.78,71.83,160,89,71
382,342616,68.9432919254658,62.65,75.64,161,83,78
383,344188,83.6467924528302,84.06,83.33,159,69,90
384,346216,74.4852413793104,89.71,61.04,145,68,77
385,346603,74.7061176470588,73.91,75.25,170,69,101
386,346669,66,70.67,61.33,150,75,75
387,348178,69.736447368421,72.86,67.07,152,70,82
388,348217,68.4589261744967,76.06,61.54,149,71,78
389,349242,69.9381595092024,80,60.24,163,80,83
390,351133,64.3854794520548,66.28,61.67,146,86,60
391,352001,71.950243902439,65.15,76.53,164,66,98
392,352133,77.2474074074074,78.02,76.53,189,91,98
393,353872,73.43875,73.81,73.15,192,84,108
394,356672,73.7167428571429,90.79,60.61,175,76,99
395,356789,69.8960714285714,67.03,72.38,196,91,105
396,357706,54.16875,51.85,55.56,144,54,90
397,357751,64.7025882352941,61.9,67.44,170,84,86
398,360062,59.5884931506849,65.06,52.38,146,83,63
399,360906,47.0110256410256,46.67,47.37,117,60,57
400,364122,78.2590062111801,83.1,74.44,161,71,90
401,364782,69.536357615894,65.75,73.08,151,73,78
402,365474,72.1433571428571,73.42,70.49,140,79,61
403,366007,68.0709638554217,60.29,73.47,166,68,98
404,366885,65.47,50,73.63,139,48,91
405,367535,63.7468421052632,68.06,60.61,171,72,99
406,367744,73.4,76.92,70.54,203,91,112
407,368663,61.665,65.06,58.76,180,83,97
408,369640,72.3745303867403,59.8,88.61,181,102,79
409,369960,71.8561077844311,62.35,81.71,167,85,82
410,371058,74.1158823529412,84.21,61.33,170,95,75
411,371578,81.2137575757576,75.61,86.75,165,82,83
412,371588,73.6837426900585,72.45,75.34,171,98,73
413,372474,53.038729281768,35.23,69.89,181,88,93
414,373457,71.2202926829268,67.52,76.14,205,117,88
415,373506,69.6281775700935,68.07,71.58,214,119,95
416,374172,74.3584615384615,67.86,81.94,156,84,72
417,377521,62.2476530612245,35.14,78.69,98,37,61
418,378316,80.7400740740741,78.69,82.43,135,61,74
419,378758,76.1895238095238,81.13,69.88,189,106,83
420,380903,70.0550282485876,71.08,69.15,177,83,94
421,381132,84.863945945946,82.98,86.81,185,94,91
422,382996,68.1554140127389,75.76,62.64,157,66,91
423,383591,76.9633146067416,85.54,69.47,178,83,95
424,383606,70.545,84.93,56.16,146,73,73
425,383927,70.6889655172414,74.44,66.67,174,90,84
426,384479,74.2641176470588,80.49,64.81,136,82,54
427,384864,55.2375238095238,62.26,48.08,105,53,52
428,385360,82.2093251533742,78.05,86.42,163,82,81
429,385486,73.8252348993288,82.14,63.08,149,84,65
430,385545,78.1830303030303,82.5,74.12,165,80,85
431,385555,79.9981111111111,87.21,73.4,180,86,94
432,388988,55.6202366863905,42.86,66.3,169,77,92
433,389557,63.8461538461538,71.67,57.14,130,60,70
434,390527,47.3675438596491,48.08,46.77,114,52,62
435,390595,75.1453846153846,83.33,68.13,169,78,91
436,390622,70.1163218390805,75,65.96,174,80,94
437,392993,64.6269387755102,76,52.78,147,75,72
438,393054,77.5603846153846,81.33,74.07,156,75,81
439,396618,69.7347368421053,69.01,70.37,152,71,81
440,396680,73.9719178082192,68.83,79.71,146,77,69
441,396711,64.7352601156069,71.76,57.95,173,85,88
442,399742,62.7105084745763,52.08,70,118,48,70
443,399749,58.1378294573643,61.76,54.1,129,68,61
444,399822,68.5154320987654,69.66,67.12,162,89,73
445,399833,61.6842857142857,65.85,56.94,154,82,72
446,400091,77.4833774834437,78.05,76.81,151,82,69
447,400334,67.0780745341615,69.41,64.47,161,85,76
448,400521,71.87425,73.91,69.12,160,92,68
449,401057,62.5940458015267,69.62,51.92,131,79,52
450,403536,60.7883006535948,73.63,41.94,153,91,62
451,403710,65.0352447552448,70.73,57.38,143,82,61
452,404085,62.6284210526316,68.22,55.42,190,107,83
453,404433,80.00125,76.24,86.44,160,101,59
454,404541,80.8393413173653,77.67,85.94,167,103,64
455,404841,64.3909090909091,58.82,70.31,132,68,64
456,405001,61.9644171779141,49.4,75,163,83,80
457,405971,71.6194594594595,71.11,72.41,148,90,58
458,406741,81.4603370786517,86.17,76.19,178,94,84
459,407607,62.4156687898089,53.16,71.79,157,79,78
460,410198,62.4285082872928,63.96,60,181,111,70
461,410966,68.9473913043478,74.73,61.43,161,91,70
462,412941,32.5553488372093,39.47,22.64,129,76,53
463,413269,62.6584810126582,67.78,55.88,158,90,68
464,413377,79.2577777777778,89.04,67.74,135,73,62
465,416443,70.3436551724138,70.15,70.51,145,67,78
466,416776,61.1594214876033,63.24,58.49,121,68,53
467,416950,70.2895652173913,66.67,73.33,138,63,75
468,416981,57.1418045112782,56.34,58.06,133,71,62
469,417582,66.3796551724138,73.53,56.25,116,68,48
470,418755,68.3474820143885,53.23,80.52,139,62,77
471,421428,79.1079850746269,74.58,82.67,134,59,75
472,422441,70.2487603305785,80,54.35,121,75,46
473,424119,81.9353548387097,85.54,77.78,155,83,72
474,424183,80.9548979591837,83.91,76.67,147,87,60
475,425639,80.152213740458,86.76,73.02,131,68,63
476,426370,73.0766153846154,69.84,76.12,130,63,67
477,426480,88.281796875,84.51,92.98,128,71,57
478,427195,73.2272440944882,84.06,60.34,127,69,58
479,427403,63.0654054054054,73.02,50,111,63,48
480,429152,80.4919512195122,81.67,79.37,123,60,63
481,429474,71.5398461538462,71.88,71.21,130,64,66
482,429780,53.4527586206897,29.55,68.06,116,44,72
483,433761,66.28,77.78,58,86,36,50
484,435741,11.7665882352941,15.91,7.32,85,44,41
485,436317,19.4466666666667,34.38,7.5,72,32,40
486,436499,57.503,71.43,42.11,80,42,38
487,436529,20.2536708860759,25,16.28,79,36,43
488,436939,40.001625,25.81,48.98,80,31,49
489,437365,51.2805128205128,60.71,46,78,28,50
490,438701,52.6340350877193,64.29,41.38,114,56,58
491,443443,78.4163309352518,76.47,81.48,139,85,54
492,444477,64.8249655172414,59.72,69.86,145,72,73
493,445169,71.068679245283,78.48,63.75,159,79,80
494,445292,48.7932530120482,53.57,43.9,166,84,82
495,445350,66.025,70.51,61.54,156,78,78
496,445379,68.2737931034483,77.46,59.46,145,71,74
497,445462,63.0955357142857,79.31,45.68,168,87,81
498,445473,47.6212698412698,58.62,38.24,126,58,68
499,445773,73.5094039735099,83.33,59.02,151,90,61
500,446075,76.7411627906977,83.82,68.85,129,68,61
501,446080,60.9109090909091,40.48,73.53,110,42,68
502,447798,65.4275308641975,82.95,44.59,162,88,74
503,447830,74.8493413173653,76.4,73.08,167,89,78
504,449284,72.6283240223464,72.73,72.53,179,88,91
505,451886,82.585393258427,87.5,77.78,178,88,90
506,451908,73.0787179487179,76.6,67.74,156,94,62
507,453463,74.5947027027027,78.9,68.42,185,109,76
508,453482,66.14546875,68.47,62.96,192,111,81
509,453814,66.9004827586207,73.63,55.56,145,91,54
510,454720,59.8388976377953,53.7,64.38,127,54,73
511,454964,71.0246022727273,70.48,71.83,176,105,71
512,455051,67.6032394366197,51.85,77.27,142,54,88
513,455057,64.7047058823529,59.14,73.33,153,93,60
514,455273,70.4678238341969,63.37,78.26,193,101,92
515,455378,63.4697005988024,55.95,71.08,167,84,83
516,455860,69.094,70.71,66.67,165,99,66
517,458563,19.2279326923077,23.76,14.95,208,101,107
518,460501,69.944161849711,67.06,72.73,173,85,88
519,461351,66.0253846153846,59.72,71.43,156,72,84
520,461701,76.6418248175183,68.49,85.94,137,73,64
521,461814,23.6485714285714,26.42,20.62,203,106,97
522,462140,70.8332142857143,65.52,76.54,168,87,81
523,462365,57.1452380952381,54.55,60,147,77,70
524,462737,75.4415789473684,75.31,75.56,171,81,90
525,464168,59.5988741721854,65.85,52.17,151,82,69
526,464974,60.2728767123288,70,44.64,146,90,56
527,466934,83.6623529411765,87.78,77.78,153,90,63
528,472574,70.8839240506329,77.08,61.29,158,96,62
529,475368,63.0757692307692,63.01,63.16,130,73,57
530,475539,64.8647297297297,66.67,63.01,148,75,73
531,475822,71.53,76.39,66.67,144,72,72
532,476154,45.8674436090226,67.19,26.09,133,64,69
533,477023,33.3306976744186,39.34,27.94,129,61,68
534,477252,62.93,65.52,60.34,116,58,58
535,477409,62.8858762886598,68.89,57.69,97,45,52
536,477424,56.988064516129,59.57,54.35,93,47,46
537,477611,64.4269230769231,71.67,54.55,104,60,44
538,478661,23.0738461538462,11.36,34.04,91,44,47
539,479259,23.4236936936937,26.23,20,111,61,50
540,479267,14.9529906542056,20,8.51,107,60,47
541,479467,57.0157894736842,63.33,50,114,60,54
542,479910,68.1424778761062,67.86,68.42,113,56,57
543,480025,52.94,52.94,52.94,102,51,51
544,480653,51.3752293577982,41.18,60.34,109,51,58
545,481323,51.9588235294118,50,53.33,102,42,60
546,481422,69.9059223300971,71.43,68.09,103,56,47
547,481971,52.04,50,53.57,98,42,56
548,482023,50.0037037037037,48.08,51.79,108,52,56
549,482221,46.7404347826087,42.86,50,92,42,50
550,482363,46.5387128712871,44.19,48.28,101,43,58
551,482473,69.6988888888889,80.77,57.45,99,52,47
552,482894,51.398691588785,58.82,44.64,107,51,56
553,482967,34.6519801980198,46.15,22.45,101,52,49
554,483145,45.0569230769231,45.24,44.9,91,42,49
555,483712,32.6946153846154,25,39.29,104,48,56
556,483974,55.5550505050505,67.86,39.53,99,56,43
557,483994,60.3941584158416,71.93,45.45,101,57,44
558,484507,65.1795535714286,69.81,61.02,112,53,59
559,484535,56.5195652173913,46.15,64.15,92,39,53
560,484649,57.0094392523364,53.33,59.68,107,45,62
561,485293,70.8735922330097,79.31,60,103,58,45
562,485989,51.1611627906977,53.97,48.48,129,63,66
563,486142,59.8495454545455,59.42,60.32,132,69,63
564,488369,60.2654304635762,58.46,61.63,151,65,86
565,490870,78.284,77.92,78.57,175,77,98
566,490975,61.0381818181818,41.18,76.74,154,68,86
567,492482,76.3792913385827,91.38,63.77,127,58,69
568,493309,68.3893103448276,64.63,71.74,174,82,92
569,494460,83.2168531468532,82.14,84.75,143,84,59
570,496111,78.7866666666667,80.52,76.36,132,77,55
571,496874,61.672994011976,80.37,28.33,167,107,60
572,497012,78.4782278481013,75.58,81.94,158,86,72
573,497251,24.136,10.34,44.83,145,87,58
574,498856,61.8725899280576,54.17,70.15,139,72,67
575,499013,38.5545180722891,43.68,32.91,166,87,79
576,499056,47.998,41.25,55.71,150,80,70
577,499101,61.0282352941176,61.4,60.76,136,57,79
578,499420,62.1764102564103,69.51,54.05,156,82,74
579,499591,66.0415094339623,71.67,58.7,106,60,46
580,501895,70.8679527559055,75.41,66.67,127,61,66
581,502557,62.2954918032787,63.49,61.02,122,63,59
582,502917,62.708813559322,69.01,53.19,118,71,47
583,507157,49.2947887323944,54.05,44.12,142,74,68
584,509700,61.6392452830189,53.85,69.14,159,78,81
585,511191,66.2251655629139,67.06,65.15,151,85,66
586,511831,77.4819205298013,74.71,81.25,151,87,64
587,514092,55.8394805194805,58.02,53.42,154,81,73
588,515320,39.0887272727273,16.07,62.96,110,56,54
589,517055,65.4956338028169,46.88,80.77,142,64,78
590,518291,76.0992452830189,70.83,80.46,159,72,87
591,518405,74.2837142857143,84.44,63.53,175,90,85
592,519801,66.6674691358025,69.41,63.64,162,85,77
593,519838,66.2449681528662,63.86,68.92,157,83,74
594,519882,78.3626315789474,77.78,79.01,171,90,81
595,519939,71.0843373493976,71.91,70.13,166,89,77
596,520236,54.1409554140127,69.77,35.21,157,86,71
597,520509,75.9718831168831,73.33,78.48,154,75,79
598,521040,74.389756097561,74.12,74.68,164,85,79
599,522195,72.7935294117647,77.5,66.07,136,80,56
600,522560,73.646976744186,82.46,66.67,129,57,72
601,523076,75.9271604938272,68.18,85.14,162,88,74
602,525271,67.20216,50.85,81.82,125,59,66
603,525310,69.6772903225806,62.96,77.03,155,81,74
604,527601,76.2801923076923,78.16,73.91,156,87,69
605,529055,73.3841935483871,64.06,83.33,124,64,60
606,533968,86.3295683453238,83.87,88.31,139,62,77
607,535221,74.8248951048951,68.97,78.82,143,58,85
608,535323,76.1306451612903,76.19,76.09,155,63,92
609,535470,69.6967272727273,66.67,72.04,165,72,93
610,536472,59.9967333333333,63.01,57.14,150,73,77
611,537801,81.1613768115942,80.33,81.82,138,61,77
612,538081,43.2832835820896,48.28,39.47,134,58,76
613,540106,75.9404511278195,77.36,75,133,53,80
614,540238,67.4440310077519,68.66,66.13,129,67,62
615,542301,70.8605298013245,79.49,61.64,151,78,73
616,542497,76.1264516129032,77.63,74.68,155,76,79
617,542603,75.3254545454545,80,71.43,154,70,84
618,542612,77.38,78.57,76.19,168,84,84
619,544561,79.4866666666667,80,78.57,117,75,42
620,544972,75.5574814814815,75,76.06,135,64,71
621,546233,73.3845323741007,76.67,67.35,139,90,49
622,546699,74.4928187919463,80.43,64.91,149,92,57
623,546805,76.9746052631579,82.72,70.42,152,81,71
624,547159,78.5085950413223,82.35,73.58,121,68,53
625,547562,53.1766666666667,42.03,66.67,126,69,57
626,547804,77.1414285714286,83.75,68.33,140,80,60
627,549686,74.576779661017,78.57,70.97,118,56,62
628,549983,65.7437037037037,67.19,63.64,108,64,44
629,550289,77.3364,78.21,76.39,150,78,72
630,551789,78.9474436090226,81.82,73.33,133,88,45
631,552706,64.0365789473684,72.88,54.55,114,59,55
632,552922,64.0802912621359,73.47,55.56,103,49,54
633,553686,75.7145714285714,76.81,74.65,140,69,71
634,556379,59.6291304347826,66.25,53.09,161,80,81
635,556924,69.5943918918919,73.49,64.62,148,83,65
636,559463,70.3717901234568,63.64,76.47,162,77,85
637,559818,47.4693037974683,40.23,56.34,158,87,71
638,559945,72.8368518518518,70.11,76,162,87,75
639,561595,83.0087581699346,70,93.98,153,70,83
640,561784,59.8783333333333,64.65,52.38,162,99,63
641,563125,81.1785294117647,85.06,77.11,170,87,83
642,564147,67.0735365853659,63.29,70.59,164,79,85
643,564639,72.5477124183006,70.42,74.39,153,71,82
644,565474,62.7091525423729,61.9,63.44,177,84,93
645,565609,67.1825128205128,69.57,65.05,195,92,103
646,565634,71.2815384615385,70,72.38,195,90,105
647,565698,70.4332258064516,71.88,68.89,186,96,90
648,565880,69.0938181818182,73.08,65.52,165,78,87
649,567070,68.7471527777778,71.64,66.23,144,67,77
650,567878,78.8330656934307,75.95,82.76,137,79,58
651,568003,62.5033653846154,45.1,79.25,104,51,53
652,568137,51.5900636942675,53.16,50,157,79,78
653,568257,69.128389261745,66.67,71.62,149,75,74
654,568378,75.8155555555555,81.25,69.86,153,80,73
655,568466,67.3595833333333,77.01,52.63,144,87,57
656,568739,59.2086184210526,52,66.23,152,75,77
657,568954,67.7126771653543,63.01,74.07,127,73,54
658,569395,51.3809944751381,36.26,66.67,181,91,90
659,569716,80.7252409638554,80.81,80.6,166,99,67
660,570233,69.9985454545455,81.08,47.22,110,74,36
661,571082,69.7872661870504,74.65,64.71,139,71,68
662,571789,73.43453125,71.79,76,128,78,50
663,573233,62.2622641509434,61.04,63.41,159,77,82
664,575659,71.813288590604,70,73.42,149,70,79
665,576079,72.2603225806452,71.43,73.08,155,77,78
666,578283,78.8720422535211,78.08,79.71,142,73,69
667,578681,74.8370967741936,76.25,73.33,155,80,75
668,581700,78.2626086956522,76.67,80,115,60,55
669,582069,57.0242975206612,58.33,55.74,121,60,61
670,582090,54.6380412371134,59.52,50.91,97,42,55
671,582827,60.4653488372093,53.33,66.67,129,60,69
672,584678,58.0154198473282,57.14,59.02,131,70,61
673,584707,64.3797945205479,77.33,50.7,146,75,71
674,585733,55.0373643410853,55.22,54.84,129,67,62
675,586027,59.0551181102362,60.32,57.81,127,63,64
676,587567,58.7430769230769,53.03,63.64,143,66,77
677,587755,58.1524822695035,57.35,58.9,141,68,73
678,587831,50.3802290076336,62.5,35.59,131,72,59
679,588461,62.8389864864865,56.96,69.57,148,79,69
680,588975,69.6782580645161,72.73,65.67,155,88,67
681,589210,36.9399099099099,24.53,48.28,111,53,58
682,593598,66.4507894736842,69.05,63.24,152,84,68
683,595273,59.8621088435374,58.75,61.19,147,80,67
684,595822,79.7386928104575,81.82,77.63,153,77,76
685,596050,67.1486131386861,71.6,60.71,137,81,56
686,596071,74.9970238095238,75.53,74.32,168,94,74
687,596134,70.6879885057471,73.68,67.09,174,95,79
688,597418,56.9693333333333,65.06,48.78,165,83,82
689,597656,72.0961046511628,78.95,63.64,172,95,77
690,597821,71.2708839779006,74.49,67.47,181,98,83
691,599718,73.4559259259259,68.18,79.73,162,88,74
692,600607,70.7174285714286,66.22,75.76,140,74,66
693,600914,52.3783673469388,59.3,42.62,147,86,61
694,601175,71.9329239766082,71.28,72.73,171,94,77
695,605358,76.0739877300613,78.57,73.42,163,84,79
696,610842,60.6666666666667,61.76,59.76,150,68,82
697,612261,61.1420725388601,60,62.14,193,90,103
698,612732,67.3711578947368,59.76,73.15,190,82,108
699,612916,78.6225954198473,67.12,93.1,131,73,58
700,613109,57.3114035087719,58.67,56.25,171,75,96
701,614126,62.422,54.05,69.23,165,74,91
702,615791,66.8657396449704,57.75,73.47,169,71,98
703,615847,57.5620930232558,46.58,65.66,172,73,99
704,617649,72.9743243243243,67.65,77.5,148,68,80
705,618289,75.4843225806452,74.03,76.92,155,77,78
706,618669,67.1776335877863,52.31,81.82,131,65,66
707,619726,46.9417006802721,32.31,58.54,147,65,82
708,621140,71.4279166666667,49.25,86.14,168,67,101
709,621620,80.1366225165563,66.67,92.41,151,72,79
710,622199,75.1322222222222,71.43,78.57,189,91,98
711,623334,63.801472392638,58.82,69.23,163,85,78
712,625739,75.4122404371585,60.47,88.66,183,86,97
713,625818,72.1583522727273,69.89,74.7,176,93,83
714,626625,1.367899543379,0.91,1.83,219,110,109
715,626956,61.1467515923567,67.57,55.42,157,74,83
716,627043,73.7443016759777,72.53,75,179,91,88
717,627714,77.7109638554217,76.25,79.07,166,80,86
718,627740,81.0948780487805,85.54,76.54,164,83,81
719,627768,75,80.68,69.32,176,88,88
720,627933,74.73,72.04,77.42,186,93,93
721,628047,77.027027027027,79.76,73.44,148,84,64
722,628067,70.3410344827586,57.53,83.33,145,73,72
723,629160,49.9981818181818,20.31,77.94,132,64,68
724,633244,77.5613461538461,69.41,87.32,156,85,71
725,633343,68.3065573770492,68.32,68.29,183,101,82
726,634009,65.3636585365854,55.67,74.07,205,97,108
727,634045,79.2078217821782,80.77,77.55,202,104,98
728,634366,72.9745405405405,73.63,72.34,185,91,94
729,634660,75.9486075949367,67.78,86.76,158,90,68
730,635025,75.7568181818182,65.71,87.1,198,105,93
731,635556,88.3249635036496,89.71,86.96,137,68,69
732,635964,77.7786666666667,71.43,84.27,180,91,89
733,637613,59.184693877551,46.59,77.97,147,88,59
734,638686,76.1022641509434,75.26,77.42,159,97,62
735,639838,74.7222471910112,68.82,81.18,178,93,85
736,640596,63.4835393258427,53.85,73.56,178,91,87
737,641045,69.8422222222222,53.85,81.08,189,78,111
738,641537,60.2214364640884,21.43,77.6,181,56,125
739,642444,30.7246987951807,25,36.05,166,80,86
740,643951,75.2536363636364,72.04,78.1,198,93,105
741,645853,79.2595555555556,74.36,81.25,135,39,96
742,646624,73.3686956521739,70,75.96,184,80,104
743,647048,86.0641818181818,85.37,86.75,165,82,83
744,647207,69.8313966480447,61.11,75.7,179,72,107
745,647398,73.4808839779006,72.84,74,181,81,100
746,647597,76.6304347826087,76.83,76.47,184,82,102
747,647619,75.8234065934066,72.5,78.43,182,80,102
748,647666,72.0445161290322,72.22,71.88,186,90,96
749,648323,72.9302762430939,67.82,77.66,181,87,94
750,648463,63.0720454545455,61.96,64.29,176,92,84
751,652762,68.926779661017,59.72,75.24,177,72,105
752,655075,67.5349350649351,59.02,73.12,154,61,93
753,655780,76.2876288659794,74.75,77.89,194,99,95
754,656082,74.1779120879121,76.67,71.74,182,90,92
755,656352,73.8886666666667,68.97,78.49,180,87,93
756,656812,62.0683908045977,51.35,70,174,74,100
757,657276,71.7550282485876,74.12,69.57,177,85,92
758,658561,66.4537419354839,73.63,56.25,155,91,64
759,658582,73.7417171717172,78.85,68.09,198,104,94
760,659014,70.91,74.03,68.18,165,77,88
761,659155,71.7658823529412,67.78,76.25,170,90,80
762,659320,76.3730769230769,77.45,75,182,102,80
763,659533,77.1741304347826,75.47,79.49,184,106,78
764,660586,61.4891891891892,54.29,67.95,148,70,78
765,661097,71.87875,78.85,63.64,192,104,88
766,662390,77.842754491018,72.97,81.72,167,74,93
767,662442,76.2427624309392,76.34,76.14,181,93,88
768,662577,79.332,77.63,81.08,150,76,74
769,663806,81.3601694915254,83.15,79.55,177,89,88
770,664148,72.5598780487805,69.01,75.27,164,71,93
771,664994,76.13625,82.83,67.53,176,99,77
772,665039,81.1599275362319,85.54,74.55,138,83,55
773,665846,12.9808653846154,14.02,11.88,208,107,101
774,666152,63.3791549295775,68.18,59.21,142,66,76
775,667485,81.8180519480519,70.27,92.5,154,74,80
776,667662,72.3932515337423,70,74.7,163,80,83
777,667879,71.4278571428571,71.95,70.93,168,82,86
778,668423,77.6991366906475,80.22,72.92,139,91,48
779,668638,76.6831901840491,67.12,84.44,163,73,90
780,670398,79.1143037974684,72.31,83.87,158,65,93
781,670512,68.305737704918,73,62.65,183,100,83
782,671387,70.27,77.42,58.18,148,93,55
783,671495,68.0006285714286,71.59,64.37,175,88,87
784,672560,69.2353846153846,69.57,68.97,156,69,87
785,672955,73.6831578947368,69.7,76.74,152,66,86
786,673019,67.4217424242424,66.1,68.49,132,59,73
787,673302,69.5284375,67.27,71.23,128,55,73
788,674344,64.6591729323308,69.23,60.29,133,65,68
789,675948,72.1608522727273,79.75,65.98,176,79,97
790,677757,65.8513821138211,50,74.68,123,44,79
791,678715,68.2105960264901,66.13,69.66,151,62,89
792,678857,73.1680487804878,60.29,82.29,164,68,96
793,679446,75.3412328767123,80,70.42,146,75,71
794,680223,73.1721951219512,74.67,71.91,164,75,89
795,680554,51.6805369127517,69.12,37.04,149,68,81
796,680766,47.408,62.96,37.04,135,54,81
797,680987,68.0026,76.12,61.45,150,67,83
798,681050,61.6622222222222,73.68,52.88,180,76,104
799,681232,78.12375,80,76.84,160,65,95
800,682179,76.1546153846154,71.43,79.73,130,56,74
801,683005,67.2124590163934,63.46,70,122,52,70
802,683433,51.4501449275362,40.32,60.53,138,62,76
803,684619,54.3610067114094,59.72,49.35,149,72,77
804,685708,78.0898314606742,83.52,72.41,178,91,87
805,686215,55.2132515337423,40.74,69.51,163,81,82
806,686361,82.5830337078652,86.36,78.89,178,88,90
807,686515,69.2740223463687,75.27,62.79,179,93,86
808,687054,66.6666666666667,70,63.75,150,70,80
809,687070,70.62325,70.33,71.01,160,91,69
810,688393,79.0966666666667,87.63,68.75,177,97,80
811,689241,68.7520454545455,69.05,68.48,176,84,92
812,690470,73.5835849056604,73.81,73.33,159,84,75
813,691661,44.5151829268293,63.74,20.55,164,91,73
814,692418,80,79.27,80.82,155,82,73
815,692439,80.6903448275862,80,81.43,145,75,70
816,692542,70.7816883116883,77.22,64,154,79,75
817,692697,71.8369540229885,75.82,67.47,174,91,83
818,692891,66.8974647887324,74.32,58.82,142,74,68
819,693483,63.202,66.67,58,125,75,50
820,694314,74.5336645962733,80,68.42,161,85,76
821,694962,66.4754335260116,80.77,44.93,173,104,69
822,695022,72.6826341463415,75.89,68.82,205,112,93
823,696932,63.9749689440994,51.32,75.29,161,76,85
824,696974,57.6470588235294,45.12,69.32,170,82,88
825,698538,63.7003424657534,70.59,54.1,146,85,61
826,698772,55.2166257668712,40,66.67,163,70,93
827,699743,56.1307741935484,29.73,80.25,155,74,81
828,700384,79.7715168539326,85.71,73.56,178,91,87
829,703754,62.3455555555556,61.11,63.89,162,90,72
830,704075,71.7224827586207,75.9,66.13,145,83,62
831,704799,84.1769620253165,80.82,87.06,158,73,85
832,707652,79.1988,75.41,82.81,125,61,64
833,710127,68.9164864864865,59.7,76.54,148,67,81
834,710419,60.6306299212598,71.43,50,127,63,64
835,711423,68.025,75.58,60.47,172,86,86
836,712957,47.5025,50,45.95,120,46,74
837,713385,19.2688541666667,22.09,16.98,192,86,106
838,718891,70.7494557823129,69.74,71.83,147,76,71
839,720381,62.5022619047619,67.09,58.43,168,79,89
840,721324,65.1893037974684,66.23,64.2,158,77,81
841,721869,76.5427777777778,82.42,69.01,162,91,71
842,722003,78.5374869109948,82.86,73.26,191,105,86
843,722684,75.9988,80.61,70.13,175,98,77
844,723368,84.0812935323383,86.92,80.85,201,107,94
845,725283,78.7520725388601,85.71,73.39,193,84,109
846,727957,73.335,72,74.67,150,75,75
847,729046,64.6074157303371,58.54,69.79,178,82,96
848,729124,69.37325,75.58,62.16,160,86,74
849,729709,74.5630057803468,77.63,72.16,173,76,97
850,729997,71.8072340425532,67,77.27,188,100,88
851,730787,77.7047972972973,75.31,80.6,148,81,67
852,731802,69.885,68.18,71.59,176,88,88
853,731809,70.5511042944785,70.37,70.73,163,81,82
854,735153,46.897724137931,21.05,63.64,145,57,88
855,735179,40.7708461538462,18.31,67.8,130,71,59
856,736514,52.5951851851852,50.85,53.95,135,59,76
857,736693,72.2631386861314,72.73,71.95,137,55,82
858,738020,8.1893567251462,9.46,7.22,171,74,97
859,738031,2.35147058823529,4,1.05,170,75,95
860,741118,69.3396350364964,82.81,57.53,137,64,73
861,741753,57.7222764227642,68.75,45.76,123,64,59
862,741906,77.9978666666667,84.88,68.75,150,86,64
863,743965,78.2359585492228,77.08,79.38,193,96,97
864,745091,69.3242944785276,65.82,72.62,163,79,84
865,746134,73.4042553191489,72,75,188,100,88
866,747067,75.2807865168539,75.51,75,178,98,80
867,747805,56.8188636363636,62.67,49.12,132,75,57
868,749155,62.4342857142857,61.62,63.33,189,99,90
869,749172,64.9156725146199,61.63,68.24,171,86,85
870,749476,72.6096815286624,68.57,75.86,157,70,87
871,751288,71.930350877193,74.47,68.83,171,94,77
872,751891,83.574,81.16,85.92,140,69,71
873,754362,65.5213793103448,59.38,73.08,116,64,52
874,754484,48.572,70.24,16.07,140,84,56
875,755730,68.3115492957746,76.6,52.08,142,94,48
876,756959,68.7944680851064,67.95,69.84,141,78,63
877,757038,43.5172222222222,36.84,50.98,108,57,51
878,757217,63.33575,71.93,55.56,120,57,63
879,757228,61.536,68.49,52.63,130,73,57
880,757246,46.5757534246575,46.99,46.03,146,83,63
881,757669,74.4201550387597,80,67.8,129,70,59
882,757717,87.1410714285714,88,86.15,140,75,65
883,757751,78.5708928571429,76.12,82.22,112,67,45
884,757945,71.6301418439716,75,67.69,141,76,65
885,758202,70.8948507462687,70.42,71.43,134,71,63
886,758455,45.59888,48.68,40.82,125,76,49
887,760213,84.00184,79.71,89.29,125,69,56
888,761057,82.76,82.76,82.76,116,58,58
889,762598,74.5647368421053,66.67,78.67,114,39,75
890,762712,84.9996666666667,86.3,82.98,120,73,47
891,762938,79.6983458646617,83.56,75,133,73,60
892,765626,82.6445454545455,87.5,75.51,121,72,49
893,766270,80.9535714285714,83.95,75.56,126,81,45
894,766321,81.6885211267606,87.95,72.88,142,83,59
895,766822,73.5722857142857,72.37,75,140,76,64
896,767518,44.6425,58.73,26.53,112,63,49
897,767859,76.7577464788732,80.82,72.46,142,73,69
898,768570,83.7219379844961,77.97,88.57,129,59,70
899,770753,68.75265625,80.6,55.74,128,67,61
900,770970,47.4149137931035,46.48,48.89,116,71,45
901,771013,54.4635714285714,56.86,52.46,112,51,61
902,771322,54.345652173913,69.81,33.33,92,53,39
903,771612,23.6831578947368,22.22,25,114,54,60
904,772627,52.4748514851485,56.6,47.92,101,53,48
905,773991,40.1861682242991,24.56,58,107,57,50
906,774067,68.574,65.31,71.43,105,49,56
907,774787,87.6268041237113,87.8,87.5,97,41,56
908,775277,70.2702702702703,62.26,77.59,111,53,58
909,776273,41.3027173913043,42.55,40,92,47,45
910,776478,77.6857024793389,74.14,80.95,121,58,63
911,777696,74.39824,69.84,79.03,125,63,62
912,778179,72.7270247933884,77.59,68.25,121,58,63
913,780053,61.7633823529412,65.52,58.97,136,58,78
914,780171,82.3497385620915,83.78,81.01,153,74,79
915,780940,55.8827205882353,42.11,65.82,136,57,79
916,780947,62.7593103448276,64.94,60.29,145,77,68
917,781160,76.1894557823129,70.27,82.19,147,74,73
918,782319,69.5359602649007,71.83,67.5,151,71,80
919,784201,72.9425882352941,74.42,71.43,170,86,84
920,784470,79.0122222222222,78.31,79.75,162,83,79
921,785624,74.194064516129,69.05,80.28,155,84,71
922,785898,81.2528125,91.43,68.97,128,70,58
923,787055,80.4513533834586,74.24,86.57,133,66,67
924,789113,83.1105405405405,85.92,80.52,148,71,77
925,789401,76.2158536585366,78.31,74.07,164,83,81
926,789706,74.0077401129944,77.89,69.51,177,95,82
927,789774,71.136711409396,72.41,69.35,149,87,62
928,790529,78.6296581196581,84.88,61.29,117,86,31
929,792265,74.8657219251337,73.17,76.19,187,82,105
930,792441,44.0336697247706,15.79,59.15,109,38,71
931,793226,71.9485365853659,78.31,65.43,164,83,81
932,794728,68.2107284768212,70.42,66.25,151,71,80
933,795313,75.9767532467532,66.2,84.34,154,71,83
934,796714,75.625875,74.36,76.83,160,78,82
935,797645,74.29,74.29,74.29,140,70,70
936,799308,78.7870909090909,72.41,85.9,165,87,78
937,799964,81.0430065359477,82.89,79.22,153,76,77
938,800870,74.645,78.87,70.42,142,71,71
939,800950,72.6091719745223,70,75.32,157,80,77
940,801666,42.5724752475247,58.82,26,101,51,50
941,801848,75.6239375,74.63,76.34,160,67,93
942,804774,71.342987804878,77.01,64.94,164,87,77
943,804878,79.6601694915254,86.73,70.89,177,98,79
944,804915,67.5,77.38,56.58,160,84,76
945,804998,47.6192857142857,55.07,38.6,126,69,57
946,805499,85.5212413793103,89.16,80.65,145,83,62
947,808139,77.6227272727273,82.05,72.31,143,78,65
948,808378,85.7148,87.21,84.27,175,86,89
949,808654,78.1694366197183,77.78,78.48,142,63,79
950,808783,70.0909345794393,69.44,71.43,107,72,35
951,808819,81.0984251968504,79.1,83.33,127,67,60
952,812511,78.8487179487179,90.43,61.29,156,94,62
953,814689,85.0710447761194,86.36,83.82,134,66,68
954,816492,80.4059459459459,82.93,77.27,148,82,66
955,816626,80.113591160221,85.44,73.08,181,103,78
956,817082,76.0753374233129,80.77,67.8,163,104,59
957,818063,75.141186440678,86.79,57.75,177,106,71
958,818677,67.3356,79.79,46.43,150,94,56
959,819542,76.4698529411765,78.38,74.19,136,74,62
960,819778,74.4043452380952,83.16,63.01,168,95,73
961,820500,73.569,82.47,53.49,140,97,43
962,820547,69.6791489361702,74.56,62.16,188,114,74
963,820617,60.9473964497041,77.57,32.26,169,107,62
964,821341,74.4453333333333,74.04,75,180,104,76
965,821731,74.7306451612903,80,67.9,186,105,81
966,821968,74.8463803680982,86.17,59.42,163,94,69
967,823998,84.357094972067,87.23,81.18,179,94,85
968,824081,66.3363366336634,73.77,55,101,61,40
969,824086,68.0352459016393,55,80.65,122,60,62
970,824190,30.5948507462687,25.26,43.59,134,95,39
971,826442,72.5326056338028,78.65,62.26,142,89,53
972,826662,58.6804958677686,43.86,71.88,121,57,64
973,826966,74.4674468085106,75.31,73.33,141,81,60
974,827241,68.8164516129032,73.96,63.33,186,96,90
975,827997,77.1836912751678,79.49,74.65,149,78,71
976,829133,58.215,52.05,64.38,146,73,73
977,835280,71.875625,73.08,70.73,160,78,82
978,837708,77.49875,80.28,75.28,160,71,89
979,838101,60.15578125,69.23,46,128,78,50
980,839617,78.6199310344828,78.87,78.38,145,71,74
981,839652,72.9328571428571,61.67,82.19,133,60,73
982,840222,62.2047244094488,64.06,60.32,127,64,63
983,840362,68.3492086330935,62.3,73.08,139,61,78
984,840698,66.4543037974684,67.07,65.79,158,82,76
985,840710,67.6807317073171,60.81,73.33,164,74,90
986,841282,87.9043548387097,87.27,88.41,124,55,69
987,841869,70.5418604651163,78.46,62.5,129,65,64
988,842444,75.9625961538462,77.05,74.42,104,61,43
989,843114,79.3296,81.94,76.92,150,72,78
990,846324,93.673417721519,88,98.8,158,75,83
991,847102,72.7908843537415,73.42,72.06,147,79,68
992,847524,79.3344,80.46,77.78,150,87,63
993,848183,80.2423952095808,79.78,80.77,167,89,78
994,850533,64.7060294117647,65.67,63.77,136,67,69
995,853616,72.84,64.2,81.48,162,81,81
996,853989,81.8186666666667,78.02,86.49,165,91,74
997,855331,76.7091780821918,83.13,68.25,146,83,63
998,856069,61.7909756097561,67.35,58.11,123,49,74
999,856074,80.796357615894,84.27,75.81,151,89,62
1000,856393,75.4584662576687,78.31,72.5,163,83,80
1001,856795,78.1446448087432,74.23,82.56,183,97,86
1002,857448,67.040782122905,76,55.7,179,100,79
1003,859261,84.4292215568862,78.12,92.96,167,96,71
1004,859513,80.7489440993789,86.32,72.73,161,95,66
1005,859534,87.0355555555556,91.01,82.19,162,89,73
1006,859616,75.8618390804598,75.26,76.62,174,97,77
1007,859662,78.1671830985916,79.22,76.92,142,77,65
1008,860965,79.5090163934426,93.55,65,122,62,60
1009,861779,76.0987421383648,76.83,75.32,159,82,77
1010,862268,77.5603846153846,74.07,81.33,156,81,75
1011,862538,81.7138285714286,86.52,76.74,175,89,86
1012,862779,74.8258741258741,75,74.7,143,60,83
1013,865787,85.2463934426229,83.33,86.67,183,78,105
1014,866463,73.1676219512195,69.66,77.33,164,89,75
1015,867842,75.0023076923077,79.17,71.43,156,72,84
1016,868951,54.134962406015,69.44,36.07,133,72,61
1017,870159,67.274,72.62,61.73,165,84,81
1018,870389,75.5538888888889,75.58,75.53,180,86,94
1019,870786,80.7222891566265,80.68,80.77,166,88,78
1020,870851,79.5294736842105,83.33,75.86,171,84,87
1021,871289,74.3001117318436,78.16,70.65,179,87,92
1022,872404,63.4293714285714,55.7,69.79,175,79,96
1023,872479,48.225390070922,37.5,57.14,141,64,77
1024,875256,79.9985365853659,82.18,77.88,205,101,104
1025,875280,77.1149253731343,79.82,73.91,201,109,92
1026,875562,70.3447674418605,74.44,65.85,172,90,82
1027,876304,80.2224175824176,76.29,84.71,182,97,85
1028,878009,80.7165714285714,77.03,84.85,140,74,66
1029,880936,84.446,80.81,88.89,180,99,81
1030,881888,79.7496202531646,85.23,72.86,158,88,70
1031,882720,79.0438323353293,79.55,78.48,167,88,79
1032,884438,58.9519402985075,58.06,59.72,134,62,72
1033,884574,72.848940397351,74.03,71.62,151,77,74
1034,884589,60.1382517482518,50.79,67.5,143,63,80
1035,887750,74.0760740740741,81.58,64.41,135,76,59
1036,888092,74.8498159509202,80.49,69.14,163,82,81
1037,888281,71.096640625,66.04,74.67,128,53,75
1038,888764,68.9186486486486,85.71,46.88,148,84,64
1039,889058,77.2718181818182,78.57,76.19,154,70,84
1040,889517,77.4721978021978,76.47,78.75,182,102,80
1041,891251,64.7049019607843,61.33,67.95,153,75,78
1042,892163,44.6598058252427,54.17,36.36,103,48,55
1043,893927,79.7642857142857,88.89,72.92,168,72,96
1044,896767,77.9207142857143,85.51,71.76,154,69,85
1045,897287,84.8469696969697,87.5,82.35,165,80,85
1046,899338,66.4283571428572,78.26,54.93,140,69,71
1047,899378,78,83.33,73.08,150,72,78
1048,899431,79.998,83.78,75.41,135,74,61
1049,899861,83.9738461538462,95.24,70.83,156,84,72
1050,900014,79.8681818181818,86.9,71.43,154,84,70
1051,901233,75.8379194630872,94.12,60.49,149,68,81
1052,901386,83.5526315789474,86.96,80.72,152,69,83
1053,902058,47.37,41.67,52.5,152,72,80
1054,902390,76.9721212121212,88.24,65,165,85,80
1055,902543,78.47,81.94,75,144,72,72
1056,903044,67.1052631578947,69.32,64.06,152,88,64
1057,904613,73.2044444444444,74.12,72.06,153,85,68
1058,906358,75.425593220339,75,75.81,118,56,62
1059,907261,69.9361963190184,76.85,56.36,163,108,55
1060,908536,69.1325925925926,78.12,56.06,162,96,66
1061,909114,73.945,81.69,66.2,142,71,71
1062,909420,70.5126923076923,75.28,64.18,156,89,67
1063,909840,44.9678523489933,23.29,65.79,149,73,76
1064,911278,78.846858974359,89.69,61.02,156,97,59
1065,912015,67.1227397260274,72.46,62.34,146,69,77
1066,913619,74.2687719298246,80.39,65.22,171,102,69
1067,915213,60.76,51.9,69.62,158,79,79
1068,915826,66.2524375,67.47,64.94,160,83,77
1069,917271,78.235,80,76.47,170,85,85
1070,921334,58.9550746268657,70.93,37.5,134,86,48
1071,921507,65.47375,59.77,71.6,168,87,81
1072,922534,74.4201744186047,63.53,85.06,172,85,87
1073,925304,77.3693684210526,78.43,76.14,190,102,88
1074,927430,77.0191304347826,75.9,78.21,161,83,78
1075,927921,80.7454037267081,79.45,81.82,161,73,88
1076,928929,83.2278881987578,83.53,82.89,161,85,76
1077,929783,75.8062903225806,88.46,54.35,124,78,46
1078,929987,57.3425874125874,75,25.49,143,92,51
1079,930101,75.9757142857143,78.41,72.73,154,88,66
1080,931487,66.40304,68.75,64.94,125,48,77
1081,935103,82.3532352941177,83.81,80,170,105,65
1082,935202,68.5174074074074,70.11,66.67,162,87,75
1083,935505,88.8888235294118,97.3,81.01,153,74,79
1084,936909,77.901546961326,82.18,72.5,181,101,80
1085,937751,74.9988888888889,79.27,69.35,144,82,62
1086,938786,67.8070547945206,75.29,57.38,146,85,61
1087,939610,70.2689189189189,64.47,76.39,148,76,72
1088,941733,73.9113043478261,83.33,59.26,138,84,54
1089,942109,70.4571212121212,64.62,76.12,132,65,67
1090,943063,71.9288888888889,73.47,69.86,171,98,73
1091,943768,77.1078313253012,75.61,78.57,166,82,84
1092,948060,41.1412,32.53,48.91,175,83,92
1093,950394,66.3776724137931,68,63.41,116,75,41
1094,950854,80.7951655629139,79.41,81.93,151,68,83
1095,951337,79.0419161676647,83.52,73.68,167,91,76
1096,952015,77.9149079754601,84.71,70.51,163,85,78
1097,954067,46.4003921568627,35.06,57.89,153,77,76
1098,955223,76.5529655172414,77.78,75,145,81,64
1099,956738,74.1253846153846,71.43,76.71,143,70,73
1100,957968,77.9200649350649,81.48,73.97,154,81,73
1101,959159,64.9039735099338,61.18,69.7,151,85,66
1102,962840,73.5076821192053,77.46,70,151,71,80
1103,964123,69.168,64.41,73.77,120,59,61
1104,964283,76.8641044776119,78.95,75.32,134,57,77
1105,964785,73.6809210526316,79.45,68.35,152,73,79
1106,965133,75.6417307692308,77.61,74.16,156,67,89
1107,967776,72.725,86.36,59.09,132,66,66
1108,967800,84.375875,86.21,82.19,160,87,73
1109,969546,63.3317333333333,67.09,59.15,150,79,71
1110,972622,55.2167484662577,42.67,65.91,163,75,88
1111,973234,65.8920930232558,76.67,56.52,129,60,69
1112,973321,86.5258865248227,91.55,81.43,141,71,70
1113,975387,58.8669503546099,62.64,52,141,91,50
1114,975468,65.81,65.12,66.67,155,86,69
1115,975727,54.8590972222222,45.07,64.38,144,71,73
1116,976633,71.1102222222222,68.48,73.86,180,92,88
1117,977386,77.7212435233161,76.7,78.89,193,103,90
1118,978444,78.2347619047619,72.73,84.29,147,77,70
1119,978795,69.8505882352941,73.68,65,136,76,60
1120,979040,71.4296103896104,58.82,81.4,154,68,86
1121,980741,71.4281632653061,72.37,70.42,147,76,71
1122,981339,58.2665354330709,57.14,59.65,127,70,57
1123,981610,67.7435483870968,72.5,62.67,155,80,75
1124,981710,60.5247368421053,62.5,58.33,152,80,72
1125,982242,64.6244217687075,60.27,68.92,147,73,74
1126,982784,75.861724137931,75,76.47,145,60,85
1127,985880,77.3630188679245,79.78,74.29,159,89,70
1128,988008,85.3673170731707,84.34,86.42,164,83,81
1129,989868,77.2143037974684,80.49,73.68,158,82,76
1130,991876,72.00224,78.21,61.7,125,78,47
1131,993214,81.6105747126437,81.01,82.11,174,79,95
1132,993924,78.141693989071,79.75,76.92,183,79,104
1133,996026,63.6372727272727,83.13,40.85,154,83,71
1134,996217,55.3033333333333,77.92,23.64,132,77,55
1135,996561,70.1522388059701,85.19,47.17,134,81,53
1136,996728,82.6672666666667,86.08,78.87,150,79,71
1137,998457,78.2647826086957,82.86,74.73,161,70,91
1138,999814,69.6469047619048,69.74,69.57,168,76,92
1139,1002631,38.2127642276423,7.27,63.24,123,55,68
1140,1008609,81.7063414634146,78.26,86.11,164,92,72
1141,1012915,64.0847887323944,49.12,74.12,142,57,85
1142,1013841,60.2613907284768,63.49,57.95,151,63,88
1143,1014421,12.9023655913978,9.76,15.38,186,82,104
1144,1015064,57.556618705036,58.93,56.63,139,56,83
1145,1018236,80.7375555555556,95.65,73.03,135,46,89
1146,1018335,73.3320740740741,57.14,84.81,135,56,79
1147,1019365,71.6227027027027,80.77,61.43,148,78,70
1148,1025105,80.88,93.75,69.44,136,64,72
1149,1025510,78.5246979865772,86.42,69.12,149,81,68
1150,1028605,75.2872413793103,79.57,70.37,174,93,81
1151,1028638,77.9222727272727,86.52,66.15,154,89,65
1152,1032537,76.4690588235294,80.68,71.95,170,88,82
1153,1032823,78.6454166666667,85.32,69.88,192,109,83
1154,1036986,78.0296212121212,73.13,83.08,132,67,65
1155,1037462,79.6410179640718,70.15,86,167,67,100
1156,1037726,78.9468421052632,80,78.26,152,60,92
1157,1038174,76.0730674846626,81.82,69.33,163,88,75
1158,1038564,79.5818309859155,89.66,63.64,142,87,55
1159,1038704,70.6672,80.95,57.58,150,84,66
1160,1038885,83.0326666666667,84.81,81.4,165,79,86
1161,1039600,50.4864077669903,61.82,37.5,103,55,48
1162,1039842,65.1775,80.88,40.91,112,68,44
1163,1040627,82.498125,79.73,84.88,160,74,86
1164,1040924,84.3580446927374,91.01,77.78,179,89,90
1165,1041070,83.3327586206897,88.37,78.41,174,86,88
1166,1042273,85.7935227272727,87.21,84.44,176,86,90
1167,1042549,84.6192899408284,94.94,75.56,169,79,90
1168,1044056,63.54125,73.47,53.19,96,49,47
1169,1044158,75.8604137931034,78.08,73.61,145,73,72
1170,1045340,86.875625,89.33,84.71,160,75,85
1171,1050354,71.3214705882353,73.77,69.33,136,61,75
1172,1050755,77.3286666666667,69.35,82.95,150,62,88
1173,1051667,83.1072297297297,84,82.19,148,75,73
1174,1053939,75.3346666666667,77.5,72.86,150,80,70
1175,1055598,72.7260606060606,65.82,79.07,165,79,86
1176,1056168,73.2378873239437,62.5,80.23,142,56,86
1177,1056291,72.1886390532544,72.97,71.58,169,74,95
1178,1056324,72.0219047619048,64.86,77.66,168,74,94
1179,1057145,69.5667934782609,70.33,68.82,184,91,93
1180,1057256,59.5214285714286,57.95,61.25,168,88,80
1181,1057340,48.7940963855422,60,38.37,166,80,86
1182,1057349,43.5106106870229,41.51,44.87,131,53,78
1183,1057372,73.7152564102564,71.83,75.29,156,71,85
1184,1057688,64.8036,54.55,72.86,125,55,70
1185,1059053,73.7817073170732,77.91,69.23,164,86,78
1186,1059624,71.5245695364238,58.67,84.21,151,75,76
1187,1061132,70.8980597014925,72.73,69.12,134,66,68
1188,1062571,77.4431578947368,77.78,77.14,133,63,70
1189,1063964,68.4193421052632,69.62,67.12,152,79,73
1190,1064077,60.1613008130081,54.24,65.62,123,59,64
1191,1065918,77.9134355828221,79.76,75.95,163,84,79
1192,1067399,64.79832,74.07,47.73,125,81,44
1193,1067416,71.4274025974026,72.84,69.86,154,81,73
1194,1069311,84.3032558139535,88.64,79.76,172,88,84
1195,1070867,75.1557142857143,81.52,66.67,161,92,69
1196,1071654,72.0938372093023,68.69,76.71,172,99,73
1197,1072086,72.1553164556962,66.18,76.67,158,68,90
1198,1072941,68.8922222222222,86.67,46.67,135,75,60
1199,1073163,77.0472677595628,71.25,81.55,183,80,103
1200,1076654,78.2385882352941,74.16,82.72,170,89,81
1201,1079799,41.6696428571429,46.67,35.9,84,45,39
1202,1080213,77.9405882352941,68.75,86.11,136,64,72
1203,1080510,69.466106870229,64.18,75,131,67,64
1204,1081324,58.065,66.13,50,124,62,62
1205,1081790,81.011582278481,77.46,83.91,158,71,87
1206,1081881,74.305,69.44,79.17,144,72,72
1207,1081893,71.7358695652174,77.46,65.67,138,71,67
1208,1081929,72.9049677419355,74.65,71.43,155,71,84
1209,1081951,66.4420134228188,68.18,65.06,149,66,83
1210,1081961,71.7064473684211,69.01,74.07,152,71,81
1211,1081981,70.4422641509434,76.39,65.52,159,72,87
1212,1082467,73.275,63.79,82.76,116,58,58
1213,1082690,49.2228125,66.67,30.65,128,66,62
1214,1082886,69.0883636363636,67.74,70.83,110,62,48
1215,1084010,62.8325663716814,70.97,52.94,113,62,51
1216,1084982,80.4473684210526,74.6,85.71,133,63,70
1217,1085066,66.6665079365079,54.72,75.34,126,53,73
1218,1085488,65.8166666666667,41.03,78.21,117,39,78
1219,1085642,63.9986666666667,64.86,63.16,150,74,76
1220,1085965,78.6130188679245,82.43,75.29,159,74,85
1221,1086701,70.3965789473684,65.08,74.16,152,63,89
1222,1087132,71.1539743589744,56.72,82.02,156,67,89
1223,1087786,77.513550295858,77.33,77.66,169,75,94
1224,1089314,69.1073983739837,67.86,70.15,123,56,67
1225,1089837,78.5745,84.42,71.43,140,77,63
1226,1092095,81.8790604026846,75.34,88.16,149,73,76
1227,1092361,70.9236170212766,75,63.27,141,92,49
1228,1093310,77.8640458015267,84.29,70.49,131,70,61
1229,1093321,78.128,79.55,76.39,160,88,72
1230,1094494,75.5138775510204,76.14,74.58,147,88,59
1231,1095221,71.9468292682927,70.45,73.68,164,88,76
1232,1096613,65.8086451612903,79.07,49.28,155,86,69
1233,1098080,72.2255555555556,76.79,67.31,108,56,52
1234,1101777,85.8,83.33,88.46,162,84,78
1235,1102341,84.5607352941176,79.49,91.38,136,78,58
1236,1102794,88.0498113207547,80.77,95.06,159,78,81
1237,1103010,81.9362580645161,82.93,80.82,155,82,73
1238,1103379,74.215234375,68.85,79.1,128,61,67
1239,1104858,74.4186046511628,71.21,77.78,129,66,63
1240,1105282,85.5271052631579,88.31,82.67,152,77,75
1241,1106104,71.3344,51.72,83.7,150,58,92
1242,1107229,84.1065562913907,80.88,86.75,151,68,83
1243,1108484,79.7332432432433,67.19,89.29,148,64,84
1244,1109069,83.0394736842105,81.61,84.52,171,87,84
1245,1110035,77.9972,71.21,83.33,150,66,84
1246,1110068,48.3129213483146,50,45.71,89,54,35
1247,1110944,67.3930434782609,60,73.08,138,60,78
1248,1111571,55.4877419354839,47.44,63.64,155,78,77
1249,1112084,79.4684105960265,76.71,82.05,151,73,78
1250,1112808,74.5335403726708,67.9,81.25,161,81,80
1251,1114443,80.9869014084507,79.22,83.08,142,77,65
1252,1115480,50.8613793103448,40.68,61.4,116,59,57
1253,1118528,76.3873611111111,81.69,71.23,144,71,73
1254,1118920,68.2123841059603,69.57,67.07,151,69,82
1255,1120932,83.0087581699346,79.73,86.08,153,74,79
1256,1121765,76.5080536912752,77.63,75.34,149,76,73
1257,1123141,60.9390625,51.92,67.11,128,52,76
1258,1125011,75.5892913385827,92,51.92,127,75,52
1259,1128546,73.3708875739645,70.93,75.9,169,86,83
1260,1128640,78.9824637681159,83.54,72.88,138,79,59
1261,1129089,49.1924193548387,60.32,37.7,124,63,61
1262,1129165,66.0389622641509,69.84,60.47,106,63,43
1263,1132930,84.2801257861635,85.11,83.08,159,94,65
1264,1136925,84.7820652173913,79.31,89.69,184,87,97
1265,1137135,69.6262962962963,77.61,61.76,135,67,68
1266,1137803,71.3409146341463,70.89,71.76,164,79,85
1267,1138121,81.3785106382979,85.71,77.88,188,84,104
1268,1140916,86.2269461077844,85.71,86.6,167,70,97
1269,1141162,83.1390697674419,82.35,83.91,172,85,87
1270,1141284,82.3520588235294,83.33,81.43,136,66,70
1271,1141972,62.8816666666667,63.64,61.82,132,77,55
1272,1142433,86.0613333333333,90.91,80.52,165,88,77
1273,1144188,72.9424705882353,69.23,76.09,170,78,92
1274,1144969,69.1442857142857,57.5,78.95,175,80,95
1275,1146160,69.8536764705882,70.67,68.85,136,75,61
1276,1146192,74.8102290076336,81.18,63.04,131,85,46
1277,1146884,66.6664705882353,79.31,50,153,87,66
1278,1147505,82.1003703703704,82.93,81.25,162,82,80
1279,1147666,73.0783076923077,75.95,68.63,130,79,51
1280,1147830,77.1641732283464,76.27,77.94,127,59,68
1281,1147931,66.39912,62.5,70.49,125,64,61
1282,1147949,69.2916535433071,77.5,55.32,127,80,47
1283,1148598,86.4851351351351,82.89,90.28,148,76,72
1284,1149528,68.9039024390244,65.28,71.74,164,72,92
1285,1149606,82.8765068493151,87.32,78.67,146,71,75
1286,1152330,85.3816923076923,83.87,86.76,130,62,68
1287,1153446,67.998,49.23,82.35,150,65,85
1288,1153479,55.6677319587629,62.96,46.51,97,54,43
1289,1153923,71.6186486486486,69.33,73.97,148,75,73
1290,1154340,73.9429577464789,78.05,68.33,142,82,60
1291,1154631,71.530802919708,57.81,83.56,137,64,73
1292,1156929,74.6170769230769,65.15,84.38,130,66,64
1293,1157233,85.3144055944056,83.72,87.72,143,86,57
1294,1157560,66.9700917431193,62.22,70.31,109,45,64
1295,1158289,82.35,76.47,86.76,119,51,68
1296,1159792,87.7687050359712,90.28,85.07,139,72,67
1297,1159940,84.294132231405,86.15,82.14,121,65,56
1298,1161140,83.1829203539823,92.75,68.18,113,69,44
1299,1161218,79.72,77.27,81.82,143,66,77
1300,1161359,86.1841447368421,83.12,89.33,152,77,75
1301,1161605,76.397701863354,72.15,80.49,161,79,82
1302,1162295,55.4484158415842,40.43,68.52,101,47,54
1303,1163332,79.4701986754967,82.02,75.81,151,89,62
1304,1164310,78.6764705882353,87.5,68.75,136,72,64
1305,1164813,69.3414598540146,69.86,68.75,137,73,64
1306,1166255,78.4322222222222,77.11,80,153,83,70
1307,1167842,85.351847133758,87.5,83.12,157,80,77
1308,1169848,81.378275862069,80.26,82.61,145,76,69
1309,1170899,85.8220149253731,86.3,85.25,134,73,61
1310,1173399,87.2184210526316,84.51,90.32,133,71,62
1311,1176137,64.9564957264957,69.01,58.7,117,71,46
1312,1176197,64.8660810810811,59.76,71.21,148,82,66
1313,1177283,71.5334306569343,68.75,75.44,137,80,57
1314,1177407,74.6810126582279,70.65,80.3,158,92,66
1315,1178838,77.0623529411765,69.31,88.41,170,101,69
1316,1179047,76.8292682926829,78,75,164,100,64
1317,1181783,74.6386956521739,69.88,81.82,138,83,55
1318,1184873,70.8353333333333,64.41,77.05,120,59,61
1319,1186638,90.4416176470588,86.36,94.29,136,66,70
1320,1187326,61.4370588235294,61.54,61.33,153,78,75
1321,1187707,38.7103870967742,31.58,45.57,155,76,79
1322,1187837,5.55203703703704,5.88,5.19,162,85,77
1323,1187860,3.01349397590361,4.55,1.28,166,88,78
1324,1188094,75.99832,83.95,61.36,125,81,44
1325,1188431,8.33095238095238,7.95,8.75,168,88,80
1326,1189267,71.9758598726115,72.92,70.49,157,96,61
1327,1189808,27.44,18.68,38.36,164,91,73
1328,1190587,73.8277181208054,74.47,72.73,149,94,55
1329,1191148,76.0269178082192,80.46,69.49,146,87,59
1330,1191256,78.3954320987654,77.55,79.69,162,98,64
1331,1192111,79.8782926829268,83.16,75.36,164,95,69
1332,1196519,84.0461963190184,85.39,82.43,163,89,74
1333,1197710,60.584598540146,54.17,67.69,137,72,65
1334,1204087,71.2097727272727,68.42,73.33,132,57,75
1335,1204676,56.5220869565217,73.68,39.66,115,57,58
1336,1205570,89.2862142857143,85.92,92.75,140,71,69
1337,1206259,85.3832307692308,81.03,88.89,130,58,72
1338,1206895,71.873828125,72.6,70.91,128,73,55
1339,1208213,76.3904166666667,79.73,72.86,144,74,70
1340,1211116,86.0763291139241,82.76,90.14,158,87,71
1341,1211175,64.284,55.26,75,140,76,64
1342,1211367,75.8141830065359,73.49,78.57,153,83,70
1343,1212152,65.9434782608696,71.62,59.38,138,74,64
1344,1212322,81.8154545454545,84.72,78.33,132,72,60
1345,1212357,86.2058620689655,86.9,85.25,145,84,61
1346,1213271,72.5694690265487,68.63,75.81,113,51,62
1347,1213381,79.2831428571428,73.61,85.29,140,72,68
1348,1213739,67.5633783783784,64.44,72.41,148,90,58
1349,1213864,68.2115894039735,66.29,70.97,151,89,62
1350,1213937,72.2974324324324,58.21,83.95,148,67,81
1351,1213984,87.3420253164557,87.5,87.18,158,80,78
1352,1214144,86.2320289855073,79.69,91.89,138,64,74
1353,1216821,60.3154761904762,59.15,61.82,126,71,55
1354,1217739,73.6253846153846,73.21,74.29,91,56,35
1355,1218045,85.038031496063,82.09,88.33,127,67,60
1356,1219993,74.6271641791045,72.86,76.56,134,70,64
1357,1220368,76.4697058823529,77.63,75,136,76,60
1358,1220402,73.2736206896552,73.13,73.47,116,67,49
1359,1220671,74.8025196850394,78.48,68.75,127,79,48
1360,1222572,88.5736428571429,82.72,96.61,140,81,59
1361,1222892,78.6203448275862,82.22,72.73,145,90,55
1362,1223586,77.5005,71.43,84.21,120,63,57
1363,1224022,76.3773228346457,78.16,72.5,127,87,40
1364,1224289,73.908768115942,69.01,79.1,138,71,67
1365,1224384,22.9537704918033,22.86,23.08,122,70,52
1366,1224550,75.7825,72.37,80.77,128,76,52
1367,1224800,87.1129447852761,89.47,83.82,163,95,68
1368,1225692,84.80296,80.65,88.89,125,62,63
1369,1226789,83.2354491017964,81.25,85.92,167,96,71
1370,1227248,72.5703539823009,59.62,83.61,113,52,61
1371,1231240,70.1608064516129,73.33,65.31,124,75,49
1372,1232529,80.7673076923077,80.3,81.11,156,66,90
1373,1233466,81.6432278481013,85.88,76.71,158,85,73
1374,1233489,82.8027388535032,83.95,81.58,157,81,76
1375,1233887,67.996,58.82,74.32,125,51,74
1376,1234184,79.371875,87.23,68.18,160,94,66
1377,1234572,63.6365454545455,78.57,48.15,110,56,54
1378,1235700,67.1054605263158,74.7,57.97,152,83,69
1379,1237307,80.69,81.93,79.03,145,83,62
1380,1240699,81.0331034482759,82.14,80,174,84,90
1381,1240873,88.7396688741722,93.67,83.33,151,79,72
1382,1244518,88.4361271676301,87.01,89.58,173,77,96
1383,1244600,91.8228301886792,88.89,94.25,159,72,87
1384,1245136,76.2677966101695,71.15,80.3,118,52,66
1385,1245308,85.2058579881657,81.94,87.63,169,72,97
1386,1245626,81.8791946308725,83.08,80.95,149,65,84
1387,1246521,57.6638686131387,40.35,70,137,57,80
1388,1246672,62.0170542635659,75,43.4,129,76,53
1389,1247550,56.7176119402985,23.53,77.11,134,51,83
1390,1247635,72.3694736842105,74.29,70.73,152,70,82
1391,1248734,76.19,68.75,83.87,126,64,62
1392,1250513,76.1899404761905,70.1,84.51,168,97,71
1393,1251203,58.0635483870968,63.01,53.66,155,73,82
1394,1251460,80.0030666666667,72.06,86.59,150,68,82
1395,1251871,78.5715873015873,68.75,88.71,126,64,62
1396,1252393,81.8794630872483,81.16,82.5,149,69,80
1397,1252756,79.1666666666667,82.5,75,144,80,64
1398,1253797,76.6906766917293,77.27,76.12,133,66,67
1399,1253815,71.6499212598425,54.9,82.89,127,51,76
1400,1253987,4.29564417177914,3.53,5.13,163,85,78
1401,1254029,7.95335227272727,9.89,5.88,176,91,85
1402,1254378,83.1343373493976,85.23,80.77,166,88,78
1403,1254988,81.354406779661,89.61,65.85,118,77,41
1404,1257178,69.5608695652174,78.12,58.82,115,64,51
1405,1258517,82.2219259259259,83.82,80.6,135,68,67
1406,1258614,81.8823188405797,83.82,80,138,68,70
1407,1260116,80.2990909090909,81.94,78.33,132,72,60
1408,1260288,71.8746875,77.14,65.52,128,70,58
1409,1260555,83.9424087591241,88.46,77.97,137,78,59
1410,1260926,75.6063414634146,77.27,73.68,123,66,57
1411,1261046,66.002,57.5,71.67,100,40,60
1412,1261221,79.7245454545455,84.62,73.85,143,78,65
1413,1264796,87.5972093023256,86.96,88.33,129,69,60
1414,1266750,90.9095804195804,88.89,92.5,143,63,80
1415,1267158,84.0750318471337,84.88,83.1,157,86,71
1416,1267382,78.95,78.21,79.73,152,78,74
1417,1268080,77.7096178343949,77.65,77.78,157,85,72
1418,1269660,85.8034193548387,80.23,92.75,155,86,69
1419,1269720,85.4302649006623,85.23,85.71,151,88,63
1420,1269933,62.7892248062015,54.93,72.41,129,71,58
1421,1270954,78.144238410596,80.43,74.58,151,92,59
1422,1271145,88.8882638888889,87.34,90.77,144,79,65
1423,1272023,61.7870731707317,55.07,70.37,123,69,54
1424,1272248,71.6693333333333,72.73,69.77,120,77,43
1425,1272811,67.1789312977099,69.74,63.64,131,76,55
1426,1273909,83.1007042253521,85,80.65,142,80,62
1427,1274041,67.9968,58.33,76.92,125,60,65
1428,1274269,73.51,73,74.51,151,100,51
1429,1274296,65.9090909090909,64.56,67.92,132,79,53
1430,1274785,71.6295035460993,69.62,74.19,141,79,62
1431,1276857,77.084375,80.9,70.91,144,89,55
1432,1280127,85.815,85.14,86.49,148,74,74
1433,1280566,78.8791304347826,80.95,76.62,161,84,77
1434,1281054,81.7091463414634,82.05,81.4,164,78,86
1435,1281359,82.7351798561151,88.61,75,139,79,60
1436,1281512,83.4385350318471,89.33,78.05,157,75,82
1437,1284130,78.5136363636364,89.09,69.7,121,55,66
1438,1284451,77.1415238095238,83.87,67.44,105,62,43
1439,1287300,83.4484827586207,82.43,84.51,145,74,71
1440,1287655,83.456618705036,92.31,75.68,139,65,74
1441,1288609,89.9152941176471,87.14,93.88,119,70,49
1442,1291609,64.8834351145038,70.69,60.27,131,58,73
1443,1291636,63.9995333333333,65.75,62.34,150,73,77
1444,1292541,78.0272727272727,77.94,78.12,132,68,64
1445,1293496,75.440350877193,77.42,73.08,114,62,52
1446,1293561,63.0396739130435,61.4,65.71,92,57,35
1447,1293749,75.8053225806452,73.13,78.95,124,67,57
1448,1294904,85.605,84.85,86.36,132,66,66
1449,1298294,71.0736363636364,70.91,71.21,121,55,66
1450,1301565,74.7958536585366,78.12,71.19,123,64,59
1451,1301712,72.1339344262295,59.62,81.43,122,52,70
1452,1301878,73.1064137931035,78.38,67.61,145,74,71
1453,1301929,68.4897260273973,65.71,71.05,146,70,76
1454,1301959,58.6444360902256,66.15,51.47,133,65,68
1455,1302021,82.4460305343512,84.29,80.33,131,70,61
1456,1302846,74.2404545454546,72.88,75.34,132,59,73
1457,1303587,72.9322556390977,52.17,83.91,133,46,87
1458,1303937,66.6688095238095,78.67,49.02,126,75,51
1459,1306567,86.7122377622377,85.25,87.8,143,61,82
1460,1307063,86.587743902439,84.81,88.24,164,79,85
1461,1307356,78.675,73.53,83.82,136,68,68
1462,1309787,75.8074193548387,73.61,78.85,124,72,52
1463,1310664,62.4053383458647,75.95,42.59,133,79,54
1464,1310712,78.8094701986755,83.53,72.73,151,85,66
1465,1312465,83.9534567901235,79.55,89.19,162,88,74
1466,1312869,84.5064084507042,89.04,79.71,142,73,69
1467,1313114,79.3078620689655,71.79,88.06,145,78,67
1468,1314305,76.80152,77.03,76.47,125,74,51
1469,1315208,83.3378947368421,76.79,89.66,114,56,58
1470,1315412,74.8036220472441,75.68,73.58,127,74,53
1471,1317512,80.6903448275862,80,81.43,145,75,70
1472,1318145,77.3341333333333,74.42,81.25,150,86,64
1473,1318418,79.7545398773006,75,84.81,163,84,79
1474,1319124,69.4431481481482,55.17,86,108,58,50
1475,1319196,66.3054347826087,56.9,82.35,92,58,34
1476,1321289,84.2882142857143,84.51,84.06,140,71,69
1477,1321968,72.5647787610619,67.24,78.18,113,58,55
1478,1322702,85.816170212766,86.96,84.72,141,69,72
1479,1323437,85.8419469026549,82.98,87.88,113,47,66
1480,1324241,89.0523357664233,85,92.21,137,60,77
1481,1324897,88.0231137724551,83.33,91.58,167,72,95
1482,1326021,76.3142105263158,75.71,76.83,152,70,82
1483,1326871,90.5364864864865,83.33,95.45,148,60,88
1484,1327030,82.4672727272727,88.73,77.11,154,71,83
1485,1327201,84.9063522012579,85.94,84.21,159,64,95
1486,1328362,80.8956687898089,81.18,80.56,157,85,72
1487,1328398,86.1891160220994,83.13,88.78,181,83,98
1488,1329337,81.3546610169491,91.3,67.35,118,69,49
1489,1330087,79.508606557377,74.6,84.75,122,63,59
1490,1331822,89.58,92.68,85.48,144,82,62
1491,1331849,83.3290476190476,81.03,85.29,126,58,68
1492,1331859,80.8539716312057,81.82,79.25,141,88,53
1493,1336813,84.2543307086614,87.1,81.54,127,62,65
1494,1336840,79.7104347826087,79.17,80.3,138,72,66
1495,1336851,77.3946575342466,74.19,79.76,146,62,84
1496,1337369,80.1391780821918,87.37,66.67,146,95,51
1497,1337497,83.2200699300699,81.97,84.15,143,61,82
1498,1339708,68.5040157480315,52.83,79.73,127,53,74
1499,1339812,78.7209219858156,87.69,71.05,141,65,76
1500,1340064,78.6258778625954,78.69,78.57,131,61,70
1501,1342280,80.3909803921569,85,75.34,153,80,73
1502,1343511,69.3881632653061,68.12,70.51,147,69,78
1503,1343716,86.8452631578947,80.49,94.29,152,82,70
1504,1344231,75.8058064516129,78.79,72.41,124,66,58
1505,1345979,82.9252845528455,76.56,89.83,123,64,59
1506,1347467,79.997,88.46,69.35,140,78,62
1507,1347869,67.69,81.33,49.09,130,75,55
1508,1347899,77.5397101449275,79.69,75.68,138,64,74
1509,1348035,33.0755384615385,44.59,17.86,130,74,56
1510,1349152,87.3336,92.21,82.19,150,77,73
1511,1350766,83.7193798449612,83.58,83.87,129,67,62
1512,1352142,62.9929133858268,37.5,83.1,127,56,71
1513,1352221,79.1952348993289,82.09,76.83,149,67,82
1514,1354204,88.122,81.94,93.18,160,72,88
1515,1354314,87.5771428571428,87.32,87.78,161,71,90
1516,1354405,90.142676056338,94.03,86.67,142,67,75
1517,1355262,88.89,75.93,97.53,135,54,81
1518,1355939,76.1506153846154,50,89.53,130,44,86
1519,1356596,85.5154482758621,86.3,84.72,145,73,72
1520,1356694,86.985,91.78,82.19,146,73,73
1521,1356762,78.296511627907,76,79.75,129,50,79
1522,1357381,88.963051948052,86.44,90.53,154,59,95
1523,1357807,82.3564705882353,63.16,89.8,136,38,98
1524,1359821,89.176178343949,89.86,88.64,157,69,88
1525,1361274,74.47,72.34,76.6,94,47,47
1526,1361507,78.3988,85.48,71.43,125,62,63
1527,1364051,81.9988,90.79,72.97,150,76,74
1528,1366935,59.9966666666667,70.51,45.61,135,78,57
1529,1368602,86.9217692307692,90.36,80.85,130,83,47
1530,1369549,83.8972881355932,75.44,91.8,118,57,61
1531,1369650,88.7364788732394,86.59,91.67,142,82,60
1532,1371776,64.1286956521739,68.89,59.57,92,45,47
1533,1373931,75,60.71,89.29,112,56,56
1534,1375838,1.88679245283019,1.11,2.9,159,90,69
1535,1375946,78.3964,73.13,84.48,125,67,58
1536,1376724,86.0163636363636,84.62,88.46,143,91,52
1537,1380260,85.8127027027027,82.61,88.61,148,69,79
1538,1380491,83.4407006369427,76.47,91.67,157,85,72
1539,1381115,88.9557668711656,89.13,88.73,163,92,71
1540,1381344,59.8691447368421,34.33,80,152,67,85
1541,1382279,69.7478991596639,83.08,53.7,119,65,54
1542,1382548,84.9317808219178,82.86,86.84,146,70,76
1543,1382624,86.8205426356589,86.54,87.01,129,52,77
1544,1382954,61.2402325581395,52.31,70.31,129,65,64
1545,1383138,73.0738461538462,78.12,65,104,64,40
1546,1383657,78.6328205128205,82,76.12,117,50,67
1547,1386180,71.9988,75,68.85,125,64,61
1548,1386288,74.359358974359,75.71,73.26,156,70,86
1549,1387077,79.3074482758621,81.08,77.46,145,74,71
1550,1387262,49.0105298013245,44.29,53.09,151,70,81
1551,1387745,74.5861475409836,73.13,76.36,122,67,55
1552,1388009,69.2822857142857,73.68,64.06,140,76,64
1553,1388469,70.3718518518518,76,65.52,108,50,58
1554,1392346,85.2679069767442,84.72,85.96,129,72,57
1555,1393483,82.0161870503597,77.05,85.9,139,61,78
1556,1393663,71.2966666666667,67.19,77.27,108,64,44
1557,1395552,75,80.3,69.7,132,66,66
1558,1395575,72.4151034482759,77.11,66.13,145,83,62
1559,1396676,82.4686363636364,78.48,86.67,154,79,75
1560,1397424,80.1162573099415,82.02,78.05,171,89,82
1561,1400367,80.4515789473684,73.24,88.71,133,71,62
1562,1401588,82.6765354330709,75.76,90.16,127,66,61
1563,1401671,85.1520792079208,83.64,86.96,101,55,46
1564,1402956,71.7136363636364,47.22,85.71,99,36,63
1565,1403305,78.4171942446043,81.69,75,139,71,68
1566,1405164,88.5129054054054,86.57,90.12,148,67,81
1567,1405755,83.8912751677852,81.25,85.88,149,64,85
1568,1405976,84.0918181818182,81.67,86.11,132,60,72
1569,1406148,67.5683783783784,69.81,65.52,111,53,58
1570,1406536,53.2076146788991,40.38,64.91,109,52,57
1571,1406941,67.5466666666667,62,71.88,114,50,64
1572,1408020,88.0307692307692,83.33,92.06,117,54,63
1573,1410377,77.778,78.79,76.81,135,66,69
1574,1412682,70.4545454545455,68.75,72.5,88,48,40
1575,1412688,68.5414606741573,46.67,90.91,89,45,44
1576,1413709,82.9441860465116,83.33,82.54,129,66,63
1577,1414566,74.6879746835443,79.78,68.12,158,89,69
1578,1414621,87.0212977099237,89.61,83.33,131,77,54
1579,1415256,74.5615789473684,75.93,73.33,114,54,60
1580,1416484,82.455,80.7,84.21,114,57,57
1581,1417062,71.9397122302158,70.73,73.68,139,82,57
1582,1417759,78.3564179104478,80.3,76.47,134,66,68
1583,1418220,82.9453488372093,77.78,89.47,129,72,57
1584,1418368,67.9354198473282,64.1,73.58,131,78,53
1585,1418414,68.7045801526718,62.32,75.81,131,69,62
1586,1418437,57.2630769230769,53.62,62.5,117,69,48
1587,1422152,79.20072,75,82.61,125,56,69
1588,1422776,82.0715172413793,80.49,84.13,145,82,63
1589,1422859,72.9294736842105,47.54,94.44,133,61,72
1590,1423231,63.9322950819672,58.82,70.37,122,68,54
1591,1423415,62.2206666666667,55.17,75,90,58,32
1592,1425053,77.0506557377049,52.17,92.11,122,46,76
1593,1427044,75.4421052631579,70.59,79.37,114,51,63
1594,1427731,78.0682456140351,85.71,70.69,114,56,58
1595,1428040,82.5392063492064,83.87,81.25,126,62,64
1596,1431040,81.6814503816794,81.97,81.43,131,61,70
1597,1431091,78.0477235772358,72.13,83.87,123,61,62
1598,1431580,75.2220353982301,73.85,77.08,113,65,48
1599,1431668,74.5642105263158,77.78,71.67,114,54,60
1600,1432582,72.95,72.13,73.77,122,61,61
1601,1434581,71.66475,71.23,72.34,120,73,47
1602,1434729,73.6444186046512,74.67,72.22,129,75,54
1603,1435226,77.6916923076923,77.92,77.36,130,77,53
1604,1435538,72.725,75.38,68.89,110,65,45
1605,1436731,79.31,80.36,78.33,116,56,60
1606,1437124,80.1441176470588,83.33,76.56,136,72,64
1607,1437365,65.1374311926606,70.37,60,109,54,55
1608,1439079,85.8290551181102,93.85,77.42,127,65,62
1609,1439713,82.7890163934426,84.85,80.36,122,66,56
1610,1440343,68.645,59.32,77.97,118,59,59
1611,1441077,52.4773267326733,24.49,78.85,101,49,52
1612,1442557,85.3861538461538,89.09,82.67,130,55,75
1613,1442586,73.59808,75.86,71.64,125,58,67
1614,1442918,80.2902919708029,89.61,68.33,137,77,60
1615,1443009,86.393537414966,93.67,77.94,147,79,68
1616,1443180,73.9746575342466,80.77,66.18,146,78,68
1617,1443262,72.723305785124,85.29,56.6,121,68,53
1618,1444067,85.7171428571428,89.66,80,98,58,40
1619,1444323,76.7213793103448,75,78.12,116,52,64
1620,1444981,75.2179487179487,81.36,68.97,117,59,58
1621,1445851,78.904609375,78.69,79.1,128,61,67
1622,1446133,76.1874603174603,72.88,79.1,126,59,67
1623,1446212,60.0009473684211,53.19,66.67,95,47,48
1624,1447359,76.4701680672269,68.29,80.77,119,41,78
1625,1448663,59.7801086956522,62.26,56.41,92,53,39
1626,1448668,68.4667567567568,58.33,76.19,111,48,63
1627,1449411,80.3021212121212,78.75,82.69,132,80,52
1628,1450124,77.1432857142857,72.15,83.61,140,79,61
1629,1451391,78.7878787878788,75.58,82.28,165,86,79
1630,1451721,71.5389230769231,76.32,64.81,130,76,54
1631,1451982,73.3314814814815,69.23,77.14,135,65,70
1632,1453645,75.8058064516129,87.01,57.45,124,77,47
1633,1454364,72.185298013245,57.38,82.22,151,61,90
1634,1454406,83.2258064516129,78.57,87.06,155,70,85
1635,1455945,67.8849635036496,55.17,77.22,137,58,79
1636,1455981,71.3124590163934,73.53,68.52,122,68,54
1637,1456459,88.1079020979021,86.76,89.33,143,68,75
1638,1456623,76.7446511627907,80.3,73.02,129,66,63
1639,1456854,84.9298630136986,80.26,90,146,76,70
1640,1457667,81.9434722222222,75.71,87.84,144,70,74
1641,1457924,84.6709489051095,76,95.16,137,75,62
1642,1460904,86.0141258741259,80.65,90.12,143,62,81
1643,1461876,85.5950847457627,91.07,80.65,118,56,62
1644,1462278,50.6906944444444,67.21,38.55,144,61,83
1645,1462287,57.2902083333333,37.93,65.67,96,29,67
1646,1462310,78.0478048780488,75,80.28,123,52,71
1647,1462626,79.8153211009174,75,82.19,109,36,73
1648,1463138,83.2184615384616,80,85.23,143,55,88
1649,1465037,70.4793333333333,86.96,57.63,105,46,59
1650,1465246,87.248389261745,93.85,82.14,149,65,84
1651,1465719,84.0014666666667,79.69,87.21,150,64,86
1652,1466016,83.7580341880342,92.45,76.56,117,53,64
1653,1466807,76.4740196078431,69.77,81.36,102,43,59
1654,1469218,78.0726315789474,76.47,79.37,114,51,63
1655,1469442,83.6237931034483,82.61,84.29,116,46,70
1656,1470123,87.7697122302158,87.67,87.88,139,73,66
1657,1471018,79.8348387096774,76.92,81.94,124,52,72
1658,1471138,82.8847747747748,82,83.61,111,50,61
1659,1477561,80.8503546099291,85.94,76.62,141,64,77
1660,1481790,52.8016,43.64,60,125,55,70
1661,1483376,80.80064,83.87,77.78,125,62,63
1662,1483928,77.5,83.75,71.25,160,80,80
1663,1484334,82.6430555555555,76.32,89.71,144,76,68
1664,1484754,80.0012592592593,82.93,75.47,135,82,53
1665,1485825,84.0918181818182,86.11,81.67,132,72,60
1666,1486060,69.8121698113208,57.45,79.66,106,47,59
1667,1486618,89.4741447368421,88,90.91,152,75,77
1668,1487427,65.2892561983471,62.9,67.8,121,62,59
1669,1487521,85.2961764705882,82.86,87.88,136,70,66
1670,1488015,88.1907874015748,86.67,91.89,127,90,37
1671,1488597,87.7528571428571,86.9,88.89,147,84,63
1672,1489158,85.815,85.14,86.49,148,74,74
1673,1491048,84.9627819548872,86.89,83.33,133,61,72
1674,1491319,86.0309558823529,88,83.61,136,75,61
1675,1491540,88.0274647887324,88.57,87.5,142,70,72
1676,1491832,73.3314166666667,67.53,83.72,120,77,43
1677,1491940,88.463717948718,86.59,90.54,156,82,74
1678,1492042,83.3324242424243,83.75,82.69,132,80,52
1679,1492381,71.2158333333333,84.42,52.73,132,77,55
1680,1492530,80.5974626865672,84.85,76.47,134,66,68
1681,1492583,92.1251181102362,98.44,85.71,127,64,63
1682,1493325,92.6486029411765,96.83,89.04,136,63,73
1683,1493746,84.4032110091743,91.55,71.05,109,71,38
1684,1494699,72.1658762886598,72.55,71.74,97,51,46
1685,1494783,80.9537301587302,80,81.97,126,65,61
1686,1495062,91.472480620155,93.75,89.23,129,64,65
1687,1496768,72.219537037037,51.22,85.07,108,41,67
1688,1498610,74.9991071428571,61.76,80.77,112,34,78
1689,1498761,77.3927826086957,76.19,78.85,115,63,52
1690,1498917,51.9594117647059,30,83.33,102,60,42
1691,1499058,80.7717307692308,79.75,81.82,156,79,77
1692,1499432,85.8095945945946,81.43,89.74,148,70,78
1693,1500035,89.9982,89.55,90.36,150,67,83
1694,1501448,93.790248447205,93.83,93.75,161,81,80
1695,1501961,77.4445112781955,76.06,79.03,133,71,62
1696,1502709,83.2123357664234,81.69,84.85,137,71,66
1697,1502811,86.4823648648649,87.32,85.71,148,71,77
1698,1503135,83.8953691275168,81.97,85.23,149,61,88
1699,1503661,70.8066423357664,66.67,74.03,137,60,77
1700,1504089,85.908389261745,84.85,86.75,149,66,83
1701,1504127,85.4170833333333,85.14,85.71,144,74,70
1702,1504325,80.00264,76.79,82.61,125,56,69
1703,1505162,73.2251968503937,59.32,85.29,127,59,68
1704,1506055,88.802,78.69,98.44,125,61,64
1705,1506668,83.2130656934307,79.75,87.93,137,79,58
1706,1507649,86.3934013605442,82.19,90.54,147,73,74
1707,1508562,69.4,71.23,67.21,134,73,61
1708,1509140,74.0262337662338,61.84,85.9,154,76,78
1709,1509199,83.5808955223881,76.56,90,134,64,70
1710,1510995,70.8114906832298,58.67,81.4,161,75,86
1711,1511468,82.1670542635659,79.03,85.07,129,62,67
1712,1511591,90.603288590604,87.95,93.94,149,83,66
1713,1512251,77.1635433070866,82.89,68.63,127,76,51
1714,1513390,78.6741176470588,80.28,76.92,136,71,65
1715,1513459,84.4754658385093,86.05,82.67,161,86,75
1716,1516368,85.1565625,78.33,91.18,128,60,68
1717,1516641,68.1486666666667,68.06,68.25,135,72,63
1718,1516845,78.7845454545455,78.12,79.41,132,64,68
1719,1516948,78.125859375,71.93,83.1,128,57,71
1720,1517140,66.2015492957746,54.55,76.32,71,33,38
1721,1519158,79.2467924528302,77.78,80.77,106,54,52
1722,1521499,83.7203875968992,90,76.27,129,70,59
1723,1528311,88.28484375,85.51,91.53,128,69,59
1724,1528386,82.9055555555556,75,89.23,117,52,65
1725,1529595,79.6312962962963,86.21,72,108,58,50
1726,1529811,73.685,66.67,78.26,114,45,69
1727,1531195,80.4552631578947,65.31,89.29,133,49,84
1728,1531437,87.5905839416058,79.31,93.67,137,58,79
1729,1532039,86.668,85,87.78,150,60,90
1730,1532475,72.8721705426357,71.19,74.29,129,59,70
1731,1534612,86.43,80.85,89.25,140,47,93
1732,1534971,86.0148951048951,84.31,86.96,143,51,92
1733,1535172,79.1061194029851,75.93,81.25,134,54,80
1734,1536494,80.4032432432432,76.92,82.29,148,52,96
1735,1536697,64.9538461538462,61.36,67.12,117,44,73
1736,1537315,78.1948120300752,75.47,80,133,53,80
1737,1538725,81.251625,78.79,82.98,160,66,94
1738,1538904,80.4193006993007,78,81.72,143,50,93
1739,1539133,72.7935294117647,66.07,77.5,136,56,80
1740,1539436,73.5474838709678,79.1,69.32,155,67,88
1741,1540597,67.7166141732283,64,70.13,127,50,77
1742,1540907,81.7029411764706,76.67,84.95,153,60,93
1743,1540966,81.6779389312977,84.31,80,131,51,80
1744,1541412,70.6318881118881,62.3,76.83,143,61,82
1745,1541481,69.6293333333333,74.6,65.28,135,63,72
1746,1541893,63.20136,71.43,54.84,125,63,62
1747,1542565,68.069243697479,86.96,42,119,69,50
1748,1543048,91.0226923076923,89.33,92.59,156,75,81
1749,1544245,34.1755696202532,33.33,35,158,78,80
1750,1544275,45.9500675675676,42.67,49.32,148,75,73
1751,1544316,52.6331578947368,53.85,51.47,133,65,68
1752,1545018,72.65734375,72.58,72.73,128,62,66
1753,1545180,85.314965034965,90.28,80.28,143,72,71
1754,1545775,70.676015037594,87.67,50,133,73,60
1755,1546205,81.7533576642336,92.11,68.85,137,76,61
1756,1548064,81.4512096774194,83.05,80,124,59,65
1757,1548411,70.455,68.18,72.73,132,66,66
1758,1549012,33.6459813084112,11.48,63.04,107,61,46
1759,1549163,77.6944615384615,80.25,73.47,130,81,49
1760,1549425,72.3585365853659,75.76,68.42,123,66,57
1761,1549799,78.39816,88.71,68.25,125,62,63
1762,1549992,73.9818699186992,76.92,71.83,123,52,71
1763,1550271,78.5694805194805,81.48,75.34,154,81,73
1764,1553900,82.0917164179104,79.71,84.62,134,69,65
1765,1553965,83.592734375,78.95,87.32,128,57,71
1766,1556837,84.1272222222222,83.12,85.71,126,77,49
1767,1557329,94.2831428571428,90.54,98.48,140,74,66
1768,1557379,91.0435074626866,89.61,92.98,134,77,57
1769,1557445,89.7246575342466,87.65,92.31,146,81,65
1770,1557623,85.7115079365079,85.07,86.44,126,67,59
1771,1557910,86.3599090909091,86.79,85.96,110,53,57
1772,1557992,74.8212230215827,90.91,54.84,139,77,62
1773,1559423,80.79864,85.71,72.92,125,77,48
1774,1559495,82.1140650406504,88.71,75.41,123,62,61
1775,1560704,80.7676923076923,80.3,81.25,130,66,64
1776,1562898,81.1213286713287,79.27,83.61,143,82,61
1777,1564297,72.6283157894737,61.36,82.35,95,44,51
1778,1564312,81.1976923076923,72.55,87.88,117,51,66
1779,1564932,43.2208474576271,56.92,26.42,118,65,53
1780,1565052,42.6334108527132,48.57,35.59,129,70,59
1781,1565371,76.4702941176471,77.14,75.76,136,70,66
1782,1566821,73.64,83.33,58.82,129,78,51
1783,1566916,85.7142857142857,86.15,85.25,126,65,61
1784,1567545,13.0472463768116,13.24,12.86,138,68,70
1785,1567935,77.396095890411,80.52,73.91,146,77,69
1786,1568694,69.4954237288135,84.29,47.92,118,70,48
1787,1569527,68.3720408163265,74.55,60.47,98,55,43
1788,1570585,61.9818181818182,34.09,77.92,121,44,77
1789,1571231,75.5912598425197,83.61,68.18,127,61,66
1790,1571784,89.2082014388489,87.3,90.79,139,63,76
1791,1571977,84.5524390243903,90.74,79.71,123,54,69
1792,1572589,74.996,64.81,83.33,120,54,66
1793,1572740,78.07,73.68,82.46,114,57,57
1794,1573266,88.9645454545455,84.29,92.86,154,70,84
1795,1573783,88.8032089552239,77.19,97.4,134,57,77
1796,1573866,85.1864444444444,82.61,87.88,135,69,66
1797,1574665,66.0362264150943,52.5,74.24,106,40,66
1798,1574705,75.3927777777778,59.18,85.71,126,49,77
1799,1576776,83.2082442748091,80.56,86.44,131,72,59
1800,1581118,83.3304938271605,91.78,76.4,162,73,89
1801,1582105,85.3667479674797,92.86,75.47,123,70,53
1802,1583636,70.5342857142857,87.93,51.85,112,58,54
1803,1584016,75.7266990291262,81.63,70.37,103,49,54
1804,1585120,88.6395454545455,94.29,82.26,132,70,62
1805,1586069,80.621007751938,88.57,71.19,129,70,59
1806,1586333,82.4414503816794,80.43,83.53,131,46,85
1807,1587403,83.9718320610687,82.26,85.51,131,62,69
1808,1587618,82.67,82.67,82.67,150,75,75
1809,1587998,90.3538596491228,84.62,97.96,114,65,49
1810,1588401,92.0238036809816,90.36,93.75,163,83,80
1811,1588784,85.3698780487805,86.05,84.62,164,86,78
1812,1589714,89.3107547169811,82.67,95.24,159,75,84
1813,1590108,84.4578378378378,87.01,81.69,148,77,71
1814,1590133,84.4345508982036,79.75,88.64,167,79,88
1815,1590202,86.5502923976608,80.52,91.49,171,77,94
1816,1591120,73.0469503546099,79.22,65.62,141,77,64
1817,1591237,90.9095804195804,88.89,92.5,143,63,80
1818,1591332,83.5385365853658,84.38,83,164,64,100
1819,1591442,85.9786585365854,86.05,85.9,164,86,78
1820,1591976,86.4862837837838,88.14,85.39,148,59,89
1821,1592199,83.335,84.62,82.05,156,78,78
1822,1593360,80.7720769230769,86.08,72.55,130,79,51
1823,1593710,75.1881954887218,85.51,64.06,133,69,64
1824,1593842,85.0662337662338,87.69,83.15,154,65,89
1825,1594128,78.90859375,72.34,82.72,128,47,81
1826,1594210,81.0958536585366,78.75,83.33,164,80,84
1827,1594225,81.1788235294118,76.25,85.56,170,80,90
1828,1594602,79.83,76.47,84.31,119,68,51
1829,1596253,53.6894630872483,52.17,55,149,69,80
1830,1596918,81.8948275862069,75,88.33,116,56,60
1831,1596926,83.8451538461538,76.27,90.14,130,59,71
1832,1596983,92.3549681528662,88.89,95.29,157,72,85
1833,1597932,75.1731034482759,80.56,69.86,145,72,73
1834,1598800,74.5886065573771,71.93,76.92,122,57,65
1835,1601014,80.72,80.72,80.72,166,83,83
1836,1601746,79.5288976377953,89.29,71.83,127,56,71
1837,1601855,77.0963358778626,77.27,76.92,131,66,65
1838,1602062,68.2435810810811,83.12,52.11,148,77,71
1839,1606008,77.4649295774648,73.61,81.43,142,72,70
1840,1606136,73.1847101449275,78.87,67.16,138,71,67
1841,1606463,74.1020143884892,61.02,83.75,139,59,80
1842,1611650,60.466511627907,65.22,55,86,46,40
1843,1612164,83.7023703703704,83.87,83.56,135,62,73
1844,1614915,70.7704615384615,57.63,81.69,130,59,71
1845,1616380,84.2423636363636,79.71,87.5,165,69,96
1846,1618429,68.0650420168067,56.52,75.34,119,46,73
1847,1618706,76.4685294117647,82.09,71.01,136,67,69
1848,1618984,81.5120168067227,85.42,78.87,119,48,71
1849,1620501,85.4281456953642,83.33,87.67,151,78,73
1850,1623113,66.1033898305085,75,56.9,118,60,58
1851,1623276,77.42,84.13,70.49,124,63,61
1852,1623912,85.1855555555556,82.86,87.69,135,70,65
1853,1624575,80.8246575342466,78.95,82.86,146,76,70
1854,1625831,73.0757692307692,61.82,81.33,130,55,75
1855,1627571,85.2711627906977,80.7,88.89,129,57,72
1856,1627697,83.4417880794702,81.01,86.11,151,79,72
1857,1628573,79.7603571428571,76.47,83.13,168,85,83
1858,1628669,77.2958895705521,71.01,81.91,163,69,94
1859,1630138,43.0225581395349,68.57,25.49,86,35,51
1860,1630144,69.7246788990826,76.19,60.87,109,63,46
1861,1631442,68.3758974358974,84.06,45.83,117,69,48
1862,1632093,79.167,77.78,80.7,120,63,57
1863,1633159,67.9581553398058,87.27,45.83,103,55,48
1864,1633203,75.7584848484849,80.33,68.42,99,61,38
1865,1633249,87.0508633093525,89.33,84.38,139,75,64
1866,1633413,80.1536641221374,87.5,68.63,131,80,51
1867,1633930,91.8526666666667,89.61,94.83,135,77,58
1868,1633962,86.5531092436975,81.94,93.62,119,72,47
1869,1634043,83.3324242424243,79.41,87.5,132,68,64
1870,1634123,68.5723571428571,60.76,78.69,140,79,61
1871,1634693,82.2600806451613,80,84.75,124,65,59
1872,1635013,70.65,79.41,45.83,92,68,24
1873,1635457,80.772,85.9,73.08,130,78,52
1874,1635610,75.9292592592593,83.08,65.12,108,65,43
1875,1636348,74.4526277372263,88.89,53.57,137,81,56
1876,1636558,87.50125,97.78,70.37,144,90,54
1877,1636711,88.3520547945206,95.6,76.36,146,91,55
1878,1637199,45.1884615384615,33.33,59.57,104,57,47
1879,1637791,75.83425,80.95,70.18,120,63,57
1880,1637889,83.4727272727273,87.72,79.69,121,57,64
1881,1638088,75.675,70.27,81.08,148,74,74
1882,1638210,75.69375,79.01,71.43,144,81,63
1883,1638729,59.4831896551724,62.75,56.92,116,51,65
1884,1639313,79.8689261744967,82.67,77.03,149,75,74
1885,1639352,72.7270247933884,66.67,77.14,121,51,70
1886,1639370,77.3608176100629,82.93,71.43,159,82,77
1887,1639390,82.9615555555556,82.19,83.87,135,73,62
1888,1640173,80.7411111111111,87.18,71.93,135,78,57
1889,1640968,77.60064,70.37,83.1,125,54,71
1890,1642788,85.9809345794392,83.72,87.5,107,43,64
1891,1643098,78.3559701492537,77.27,79.41,134,66,68
1892,1643623,76.1904761904762,67.92,84.62,105,53,52
1893,1644915,87.014025974026,87.84,86.25,154,74,80
1894,1645085,34.145,30.49,37.8,164,82,82
1895,1645108,78.6213793103448,77.03,80.28,145,74,71
1896,1645217,84.3517006802721,80.88,87.34,147,68,79
1897,1645868,89.3139694656489,87.88,90.77,131,66,65
1898,1647536,81.67,76.67,86.67,120,60,60
1899,1647895,85.9346875,87.14,84.48,128,70,58
1900,1652823,81.6901408450704,75.76,86.84,142,66,76
1901,1653255,83.3320454545455,83.56,83.05,132,73,59
1902,1653335,81.3316,76.83,86.76,150,82,68
1903,1653459,78.6670666666667,79.27,77.94,150,82,68
1904,1653487,86.0745569620253,83.33,89.19,158,84,74
1905,1653616,70.6365079365079,78.46,62.3,126,65,61
1906,1656084,85.9276296296296,89.19,81.97,135,74,61
1907,1656645,82.49825,69.49,95.08,120,59,61
1908,1656831,93.4581308411215,88.71,100,107,62,45
1909,1657452,87.4055555555556,89.33,85,135,75,60
1910,1659411,77.2690909090909,82.35,74.07,88,34,54
1911,1661566,86.8194573643411,88.71,85.07,129,62,67
1912,1662475,50.0025454545455,42.86,55.74,110,49,61
1913,1664095,65.4125563909774,82.19,45,133,73,60
1914,1665169,81.6197058823529,81.67,81.58,136,60,76
1915,1665962,80.7703205128205,87.34,74.03,156,79,77
1916,1666709,82.0296875,75.44,87.32,128,57,71
1917,1667350,86.8595428571429,91.4,81.71,175,93,82
1918,1667513,92.3576433121019,92.59,92.11,157,81,76
1919,1667603,86.585,93.9,79.27,164,82,82
1920,1669168,87.3419620253165,83.56,90.59,158,73,85
1921,1669894,88.1495555555556,82.69,91.57,135,52,83
1922,1671220,90.2261654135338,94.94,83.33,133,79,54
1923,1672038,82.5366666666667,80.95,83.33,126,42,84
1924,1672104,71.99656,43.18,87.65,125,44,81
1925,1673034,86.8405263157895,87.34,86.3,152,79,73
1926,1676255,77.1213725490196,81.01,72.97,153,79,74
1927,1676905,85.1534375,88.57,81.03,128,70,58
1928,1679486,91.0226923076923,92.22,89.39,156,90,66
1929,1679593,84.7992,85.71,83.64,125,70,55
1930,1679680,45.2848427672956,36.47,55.41,159,85,74
1931,1679892,81.0818918918919,71.43,88.71,111,49,62
1932,1683559,70.1620161290323,83.58,54.39,124,67,57
1933,1684747,83.926875,87.3,79.59,112,63,49
1934,1685680,85.2344295302013,88.89,80.88,149,81,68
1935,1690112,15.3397727272727,6.1,23.4,176,82,94
1936,1692090,89.7957142857143,89.61,90,147,77,70
1937,1692605,84.8110126582278,80.56,88.37,158,72,86
1938,1694337,87.1240909090909,90.48,84.06,132,63,69
1939,1694469,86.8935862068965,85.07,88.46,145,67,78
1940,1698455,80.9504761904762,86.15,75.41,126,65,61
1941,1700599,81.3430597014925,78.69,83.56,134,61,73
1942,1701716,83.4936893203884,85.48,80.49,103,62,41
1943,1701861,82.0741509433962,81.25,83.33,106,64,42
1944,1703232,84.1413103448276,84.15,84.13,145,82,63
1945,1707626,81.4794074074074,82.81,80.28,135,64,71
1946,1709254,87.0983064516129,86.89,87.3,124,61,63
1947,1709319,91.7554639175258,90.2,93.48,97,51,46
1948,1709372,77.4186290322581,76,79.59,124,75,49
1949,1710696,86.4887162162162,84.06,88.61,148,69,79
1950,1712873,77.7777777777778,73.42,82.43,153,79,74
1951,1714297,90.2118881118881,89.86,90.54,143,69,74
1952,1714810,75.5534814814815,62.5,87.32,135,64,71
1953,1716147,78.125,70.31,85.94,128,64,64
1954,1718626,89.7807299270073,83.08,95.83,137,65,72
1955,1718877,83.7677922077922,82.67,84.81,154,75,79
1956,1719115,85.0405511811024,85.19,84.93,127,54,73
1957,1719344,76.5165909090909,68.42,82.67,132,57,75
1958,1719360,79.4134558823529,64.15,89.16,136,53,83
1959,1719460,68.748125,50,83.33,128,56,72
1960,1720372,74.7807826086957,69.81,79.03,115,53,62
1961,1720734,84.6774193548387,74.55,92.75,124,55,69
1962,1721181,87.5004605263158,84,90.91,152,75,77
1963,1722147,79.4127941176471,84.29,74.24,136,70,66
1964,1724484,79.4833333333333,57.89,89.87,117,38,79
1965,1726292,79.5254330708661,82.35,76.27,127,68,59
1966,1726570,80.4512781954887,76.06,85.48,133,71,62
1967,1726664,71.5617431192661,79.31,62.75,109,58,51
1968,1727867,86.2920161290322,71.11,94.94,124,45,79
1969,1729039,76.9912389380531,77.42,76.47,113,62,51
1970,1729111,78.6284732824427,81.58,74.55,131,76,55
1971,1729493,64.2857142857143,65.52,62.96,112,58,54
1972,1729997,79.6736585365854,77.14,83.02,123,70,53
1973,1730211,27.7792063492064,17.19,38.71,126,64,62
1974,1732094,90.2892233009709,87.93,93.33,103,58,45
1975,1732964,79.5206024096386,60,90.57,83,30,53
1976,1733168,84.2142105263158,84.29,84.13,133,70,63
1977,1734344,79.2324615384615,81.71,75,130,82,48
1978,1736404,75.3254545454545,86.75,61.97,154,83,71
1979,1736667,79.8656375838926,82.35,77.78,149,68,81
1980,1739583,79.6975187969925,75.41,83.33,133,61,72
1981,1739645,79.2065346534654,76.36,82.61,101,55,46
1982,1740100,88.5164864864865,86.59,90.91,148,82,66
1983,1741106,81.6160294117647,80,83.33,136,70,66
1984,1741466,81.6179411764706,81.08,82.26,136,74,62
1985,1742116,73.43515625,87.32,56.14,128,71,57
1986,1742137,80.1372602739726,86.84,72.86,146,76,70
1987,1742881,79.0291935483871,73.68,83.58,124,57,67
1988,1743859,86.9555072463768,91.89,81.25,138,74,64
1989,1744983,78.12625,72.22,81.67,96,36,60
1990,1745994,84.99925,84.06,86.27,120,69,51
1991,1746696,79.0021,72.34,84.91,100,47,53
1992,1747514,65.4541818181818,65.31,65.57,110,49,61
1993,1749416,86.6085714285714,83.05,90.57,112,59,53
1994,1749885,85.1063829787234,87.5,80,94,64,30
1995,1750372,76.8579338842975,78.33,75.41,121,60,61
1996,1750753,80.6412903225806,77.08,84.44,93,48,45
1997,1750858,55.4037837837838,51.43,58.97,74,35,39
1998,1751001,74.0130708661417,72.58,75.38,127,62,65
1999,1751092,78.8288321167883,83.82,73.91,137,68,69
2000,1755299,83.2132116788321,77.94,88.41,137,68,69
2001,1755389,87.7060655737705,83.87,91.67,122,62,60
2002,1755751,87.1775213675214,85.45,88.71,117,55,62
2003,1755812,80.169173553719,75.81,84.75,121,62,59
2004,1755856,80.4367391304348,78.67,82.54,138,75,63
2005,1756569,90.40048,87.88,93.22,125,66,59
2006,1756685,89.9963571428571,89.87,90.16,140,79,61
2007,1756936,91.9102941176471,92,91.8,136,75,61
2008,1758217,95.1602419354839,93.65,96.72,124,63,61
2009,1758520,72.3800952380953,82.43,48.39,105,74,31
2010,1759123,86.4893693693694,85.92,87.5,111,71,40
2011,1760251,87.302380952381,84.93,90.57,126,73,53
2012,1761641,81.7515328467153,72.37,93.44,137,76,61
2013,1765189,85.3145454545455,80.49,91.8,143,82,61
2014,1768384,77.49675,73.68,80.95,120,57,63
2015,1770192,82.856,76.19,87.3,105,42,63
2016,1771195,77.8787610619469,84.62,68.75,113,65,48
2017,1771282,79.1658333333333,81.82,76.92,120,55,65
2018,1771817,87.3137313432836,91.94,83.33,134,62,72
2019,1773465,93.4794927536232,92.96,94.03,138,71,67
2020,1774008,89.0497080291971,91.55,86.36,137,71,66
2021,1775124,84.506338028169,87.5,82.05,142,64,78
2022,1775690,64.9568376068376,72.41,57.63,117,58,59
2023,1776753,81.4285714285714,86.25,75,140,80,60
2024,1776801,81.8215384615385,85.92,77.78,143,71,72
2025,1777688,63.9625225225225,69.23,59.32,111,52,59
2026,1778963,87.3014285714286,90.28,83.33,126,72,54
2027,1780591,87.14,88.57,85.71,140,70,70
2028,1781129,74.4364661654135,66.13,81.69,133,62,71
2029,1781271,74.63,80.6,68.66,134,67,67
2030,1781501,85.6060606060606,84.38,86.76,132,64,68
2031,1781775,84.1386206896552,77.22,92.42,145,79,66
2032,1781913,86.8394736842105,87.93,85.71,114,58,56
2033,1782095,74.8076335877863,65.08,83.82,131,63,68
2034,1782828,83.6595424836601,80,87.67,153,80,73
2035,1784112,89.0312903225806,88.46,89.61,155,78,77
2036,1785182,88.28296875,87.84,88.89,128,74,54
2037,1786452,77.2376422764228,72.31,82.76,123,65,58
2038,1786742,88.4065217391304,83.33,93.06,138,66,72
2039,1786790,84.7320610687023,79.31,89.04,131,58,73
2040,1789660,92.588962962963,95.77,89.06,135,71,64
2041,1789684,89.3156488549618,93.85,84.85,131,65,66
2042,1790290,73.1720325203252,80,65.52,123,65,58
2043,1790370,79.4543835616438,74.58,82.76,146,59,87
2044,1790818,66.9289763779528,36.84,91.43,127,57,70
2045,1792368,86.5729530201342,87.65,85.29,149,81,68
2046,1793029,91.5046405228758,90.79,92.21,153,76,77
2047,1793551,80.794701986755,80.6,80.95,151,67,84
2048,1794016,78.9457894736842,80.88,77.38,152,68,84
2049,1794757,94.4052447552448,93.65,95,143,63,80
2050,1795079,81.6516513761468,81.58,81.69,109,38,71
2051,1795428,89.518064516129,87.5,91.18,124,56,68
2052,1797539,86.2075862068966,92.31,78.43,116,65,51
2053,1797572,80.3045454545455,87.5,71.67,132,72,60
2054,1797877,94.406993006993,96,92.65,143,75,68
2055,1798456,92.1528758169935,94.59,89.87,153,74,79
2056,1798914,81.6683333333333,81.82,81.54,120,55,65
2057,1800533,80.1910377358491,84.13,74.42,106,63,43
2058,1803629,83.4701652892562,80.95,84.81,121,42,79
2059,1803638,86.1535384615385,89.29,83.78,130,56,74
2060,1803952,81.5531067961165,96.15,66.67,103,52,51
2061,1803997,86.3271794871795,92.16,81.82,117,51,66
2062,1805802,81.6520183486239,81.63,81.67,109,49,60
2063,1807288,68.694347826087,65.38,71.43,115,52,63
2064,1809152,85.5030434782609,81.94,89.39,138,72,66
2065,1810055,78.6767647058823,74.24,82.86,136,66,70
2066,1810336,79.8508955223881,83.87,76.39,134,62,72
2067,1811642,77.4647887323944,75,80,142,72,70
2068,1811756,85.616301369863,85.71,85.53,146,70,76
2069,1812525,89.3948484848485,89.71,89.06,132,68,64
2070,1812562,82.4418320610687,81.54,83.33,131,65,66
2071,1812875,83.3316666666667,87.34,78.46,144,79,65
2072,1812931,85.1082269503546,89.19,80.6,141,74,67
2073,1812949,82.855,90,75.71,140,70,70
2074,1813143,90.6468345323741,89.33,92.19,139,75,64
2075,1813827,90.7699230769231,94.2,86.89,130,69,61
2076,1814804,82.4557894736842,90.74,75,114,54,60
2077,1815871,83.739674796748,88.57,77.36,123,70,53
2078,1815946,75.5559259259259,67.69,82.86,135,65,70
2079,1815958,88.15,85.51,90.91,135,69,66
2080,1816345,87.4088888888889,88,86.67,135,75,60
2081,1819127,71.9013223140496,83.33,60.66,121,60,61
2082,1820791,71.1248591549296,80,61.19,142,75,67
2083,1821329,84.247397260274,84.62,83.82,146,78,68
2084,1823115,92.00144,94.64,89.86,125,56,69
2085,1824283,81.4833333333333,87.5,76.67,108,48,60
2086,1825044,88.393125,85.71,90.48,112,49,63
2087,1827033,70.493606557377,89.19,41.67,122,74,48
2088,1827988,78.1946616541353,84.93,70,133,73,60
2089,1830157,87.746064516129,88.24,87.36,155,68,87
2090,1830851,85.604696969697,83.1,88.52,132,71,61
2091,1831869,88.43,90.91,84.09,121,77,44
2092,1832350,83.0879411764706,78.26,88.06,136,69,67
2093,1832902,82.0303125,83.56,80,128,73,55
2094,1833880,88.6658666666667,89.47,87.84,150,76,74
2095,1835195,86.0634426229508,83.87,88.33,122,62,60
2096,1836360,82.8805405405405,87.3,77.08,111,63,48
2097,1838155,81.4140707964602,90.62,69.39,113,64,49
2098,1838591,81.8913385826772,78.85,84,127,52,75
2099,1840554,92.0358407079646,91.67,92.45,113,60,53
2100,1840980,88.280859375,86.57,90.16,128,67,61
2101,1840992,81.11,69.44,88.89,90,36,54
2102,1841428,83.174953271028,80,85.96,107,50,57
2103,1842989,67.0107216494846,76.92,55.56,97,52,45
2104,1844388,60.17,64.41,55.93,118,59,59
2105,1844744,70.7319512195122,67.5,73.81,82,40,42
2106,1844789,80.61,83.67,77.55,98,49,49
2107,1845103,78.3054716981132,79.17,77.59,106,48,58
2108,1845402,77.38,85.71,71.43,84,35,49
2109,1845429,81.4135398230088,90.38,73.77,113,52,61
2110,1845536,81.0825225225225,83.08,78.26,111,65,46
2111,1846902,93.8003875968992,93.75,93.85,129,64,65
2112,1847564,87.3579310344828,80,93.62,87,40,47
2113,1848245,89.3406557377049,85.48,93.33,122,62,60
2114,1849750,93.336,89.86,96.97,135,69,66
2115,1850200,91.847037037037,86.76,97.01,135,68,67
2116,1850900,63.251282051282,38.6,86.67,117,57,60
2117,1851219,89.549552238806,86.84,93.1,134,76,58
2118,1851518,79.1046268656716,69.33,91.53,134,75,59
2119,1852508,79.5446212121212,63.93,92.96,132,61,71
2120,1853077,83.6087704918033,84.75,82.54,122,59,63
2121,1853527,87.7215789473684,84.85,91.67,114,66,48
2122,1854799,93.8047787610619,89.36,96.97,113,47,66
2123,1855046,88.80168,83.61,93.75,125,61,64
2124,1856346,62.6155140186916,61.9,63.64,107,63,44
2125,1856414,73.3345714285714,81.48,64.71,105,54,51
2126,1856440,81.6524770642202,75.86,88.24,109,58,51
2127,1857163,62.3651612903226,51.52,68.33,93,33,60
2128,1857712,75.7246601941747,84.48,64.44,103,58,45
2129,1858445,78.6304273504274,72.88,84.48,117,59,58
2130,1858640,87.8043902439024,82.46,92.42,123,57,66
2131,1859297,77.3088235294118,65.45,87.5,119,55,64
2132,1859824,79.8252631578947,68.52,90,114,54,60
2133,1859965,74.5776271186441,50,90.28,118,46,72
2134,1860765,90.004,85.42,93.06,120,48,72
2135,1861236,84.6151748251748,77.03,92.75,143,74,69
2136,1861764,77.1670078740157,78.95,74.51,127,76,51
2137,1863293,87.2145864661654,91.3,82.81,133,69,64
2138,1863304,84.8941007194245,88.89,80.6,139,72,67
2139,1863650,79.8519402985075,73.33,85.14,134,60,74
2140,1864339,84.5582352941177,91.43,77.27,136,70,66
2141,1864374,79.8147706422018,78.57,81.13,109,56,53
2142,1865179,89.9201550387597,88.71,91.04,129,62,67
2143,1867674,88.3325,86.67,89.33,120,45,75
2144,1868082,87.304126984127,82.76,91.18,126,58,68
2145,1869663,93.6981889763779,97.01,90,127,67,60
2146,1872845,88.2367226890756,93.85,81.48,119,65,54
2147,1873490,82.4179120879121,76.32,86.79,91,38,53
2148,1874049,92.6806504065041,95.08,90.32,123,61,62
2149,1874182,83.0875,93.24,70.97,136,74,62
2150,1875291,88.55,91.55,85,131,71,60
2151,1876084,88.280625,91.67,85.29,128,60,68
2152,1876238,89.065546875,96.83,81.54,128,63,65
2153,1876484,80.6984210526316,83.33,77.08,114,66,48
2154,1876858,78.737874015748,85.33,69.23,127,75,52
2155,1877363,90.0024,93.48,87.04,100,46,54
2156,1877440,76.7020388349515,68.09,83.93,103,47,56
2157,1877730,87.6040495867769,90.32,84.75,121,62,59
2158,1878605,85.9824299065421,88.89,83.02,107,54,53
2159,1880585,81.147868852459,85,77.42,122,60,62
2160,1881632,70.0782677165354,75.38,64.52,127,65,62
2161,1882560,85.2734108527132,89.66,81.69,129,58,71
2162,1886433,82.81421875,92.86,70.69,128,70,58
2163,1886471,79.998,88.33,67.5,100,60,40
2164,1887479,85.125041322314,85.94,84.21,121,64,57
2165,1887487,85.8393805309735,80.95,92,113,63,50
2166,1888111,60.1449275362319,42.65,77.14,138,68,70
2167,1888171,79.8503731343284,67.8,89.33,134,59,75
2168,1889079,89.4736842105263,91.94,87.32,133,62,71
2169,1889320,85.7135714285714,82.22,88.06,112,45,67
2170,1889527,69.7212844036697,56.36,83.33,109,55,54
2171,1891487,89.9216279069767,89.06,90.77,129,64,65
2172,1891538,85.8251968503937,83.93,87.32,127,56,71
2173,1891796,74.4491111111111,79.55,69.57,90,44,46
2174,1894541,86.3031506849315,80.77,92.65,146,78,68
2175,1895443,75.5234965034965,70,80.82,143,70,73
2176,1896892,88.5728571428572,82.5,92.31,105,40,65
2177,1897818,56.5210869565217,50,61.11,92,38,54
2178,1897824,77.0016,71.7,82.98,100,53,47
2179,1898763,91.6009160305344,90.12,94,131,81,50
2180,1900009,86.5065873015873,89.83,83.58,126,59,67
2181,1900778,87.3994117647059,85.25,89.66,119,61,58
2182,1901372,83.1578947368421,80,85,95,35,60
2183,1901967,85.4565454545454,78.57,89.71,110,42,68
2184,1904409,88.0719266055046,82.61,92.06,109,46,63
2185,1904803,91.2410948905109,89.71,92.75,137,68,69
2186,1905160,93.334,91.8,94.92,120,61,59
2187,1906979,30.5518055555556,13.43,45.45,144,67,77
2188,1907188,84.9192063492063,81.82,87.32,126,55,71
2189,1910378,78.2270967741935,62.5,88.16,124,48,76
2190,1911155,84.7992,83.64,85.71,125,55,70
2191,1912651,70.1608064516129,59.26,78.57,124,54,70
2192,1912909,78.520067114094,82.81,75.29,149,64,85
2193,1913086,44.0804605263158,53.97,37.08,152,63,89
2194,1913384,41.8375510204082,63.83,21.57,98,47,51
2195,1913999,53.335,81.67,25,120,60,60
2196,1917019,82.2403738317757,78,85.96,107,50,57
2197,1917864,84.4789655172414,85.71,83.33,116,56,60
2198,1918620,71.7657647058824,78.05,65.91,85,41,44
2199,1919564,77.7818181818182,66.67,88.24,99,48,51
2200,1919644,73.385,67.74,79.03,124,62,62
2201,1919857,64.584375,70.97,52.94,96,62,34
2202,1920068,78.2603478260869,79.03,77.36,115,62,53
2203,1920531,79.8342741935484,73.68,85.07,124,57,67
2204,1920600,81.8211570247934,82.26,81.36,121,62,59
2205,1920868,79.8140366972477,72.22,87.27,109,54,55
2206,1922225,82.5714678899083,89.66,74.51,109,58,51
2207,1923203,83.997,81.13,87.23,100,53,47
2208,1923467,66.6642857142857,69.49,63.04,105,59,46
2209,1925728,59.0925,58,60.53,88,50,38
2210,1926525,82.3509803921569,89.55,68.57,102,67,35
2211,1926761,80.8684347826087,88.89,71.15,115,63,52
2212,1927485,0,0,NA,55,55,NA
2213,1928899,78.626106870229,86.42,66,131,81,50
2214,1930204,59.9993684210526,54.9,65.91,95,51,44
2215,1931535,85.210985915493,82.35,87.84,142,68,74
2216,1931794,86.6675,84.31,88.41,120,51,69
2217,1932405,83.7991549295775,83.82,83.78,142,68,74
2218,1933307,79.209702970297,80.65,76.92,101,62,39
2219,1933341,59.3746875,40,76.47,128,60,68
2220,1933447,91.3407086614173,88.71,93.85,127,62,65
2221,1934321,91.8911711711712,93.75,89.36,111,64,47
2222,1935040,76.7864285714286,67.24,87.04,112,58,54
2223,1936576,87.1816239316239,79.25,93.75,117,53,64
2224,1937371,93.3353333333333,93.06,93.65,135,72,63
2225,1937386,92.3087692307692,95.59,88.71,130,68,62
2226,1939750,82.004,84.62,79.17,100,52,48
2227,1940855,72.2250793650794,81.18,53.66,126,85,41
2228,1941092,86.1306569343066,90.36,79.63,137,83,54
2229,1941481,76.2560431654676,81.33,70.31,139,75,64
2230,1941951,86.4863963963964,87.1,85.71,111,62,49
2231,1943652,87.4957142857143,87.32,87.8,112,71,41
2232,1947367,86.3263247863248,78,92.54,117,50,67
2233,1947876,92.1564705882353,91.3,92.86,102,46,56
2234,1948391,89.8125,84.44,93.65,108,45,63
2235,1949280,92.1084210526316,92.86,91.67,114,42,72
2236,1950253,85.5769230769231,72.5,93.75,104,40,64
2237,1950717,47.6196825396825,59.46,30.77,63,37,26
2238,1955337,85.6,90.91,79.66,125,66,59
2239,1955740,90.0860330578512,96.67,83.61,121,60,61
2240,1956062,84.7591428571428,82.05,86.36,105,39,66
2241,1956718,89.0892727272727,89.13,89.06,110,46,64
2242,1956957,88.5686666666667,85.71,91.07,105,49,56
2243,1957386,80.5517592592593,88.52,70.21,108,61,47
2244,1957916,94.8148148148148,98.46,91.43,135,65,70
2245,1959506,89.3352,93.42,85.14,150,76,74
2246,1959668,86.40384,87.04,85.92,125,54,71
2247,1959759,82.5731818181818,81.48,83.33,132,54,78
2248,1960092,81.9146808510638,89.13,75,94,46,48
2249,1960674,59.8029411764706,88.89,27.08,102,54,48
2250,1964896,84.5550406504065,90.77,77.59,123,65,58
2251,1965419,82.6536734693878,88.89,75,98,54,44
2252,1965978,90.3528947368421,88.89,92.16,114,63,51
2253,1966826,90.6438848920863,89.47,92.06,139,76,63
2254,1968384,94.4466666666667,96.83,91.11,108,63,45
2255,1969950,92.4828571428572,90.79,94.74,133,76,57
2256,1970141,80.1346575342466,84.21,75.71,146,76,70
2257,1971802,95.0688732394366,95.59,94.59,142,68,74
2258,1971966,88.5239344262295,90.2,87.32,122,51,71
2259,1974389,78.9473684210526,61.11,87.18,114,36,78
2260,1976005,62.6142990654206,57.69,67.27,107,52,55
2261,1976880,49.5900826446281,77.78,18.97,121,63,58
2262,1977436,82.7063157894737,87.5,78.26,133,64,69
2263,1977941,71.171981981982,71.74,70.77,111,46,65
2264,1979610,77.5679439252336,65.91,85.71,107,44,63
2265,1979984,79.03,74.19,83.87,124,62,62
2266,1982941,73.5058974358974,86.57,56,117,67,50
2267,1984732,90.663,87.65,94.2,150,81,69
2268,1984964,91.0961643835616,88.46,94.12,146,78,68
2269,1985075,89.185,89.02,89.39,148,82,66
2270,1985382,61.7613725490196,78.12,34.21,102,64,38
2271,1985506,88.3733333333333,88.57,88.14,129,70,59
2272,1985743,87.4033070866142,86.67,88.06,127,60,67
2273,1986137,85.15875,72.55,93.51,128,51,77
2274,1986817,88.80072,88.71,88.89,125,62,63
2275,1987192,69.2992105263158,81.69,48.84,114,71,43
2276,1990059,80.1425531914894,70.83,89.86,141,72,69
2277,1990997,79.0202797202797,78.95,79.1,143,76,67
2278,1991599,92.3064835164835,89.58,95.35,91,48,43
2279,1991822,77.1947368421053,69.09,84.75,114,55,59
2280,1993873,84.847196969697,80.82,89.83,132,73,59
2281,1994555,81.6505504587156,80.95,82.61,109,63,46
2282,1998654,67.186875,80.26,48.08,128,76,52
2283,1998910,75.369552238806,84.88,58.33,134,86,48
2284,1999281,80.79768,77.61,84.48,125,67,58
2285,1999302,83.591484375,80.82,87.27,128,73,55
2286,2001785,84.2995041322314,80,89.29,121,65,56
2287,2002425,89.513064516129,92.68,83.33,124,82,42
2288,2005059,91.5225423728814,96.05,83.33,118,76,42
2289,2008138,76.6399270072993,76.71,76.56,137,73,64
2290,2008939,84.745,88.06,80.39,118,67,51
2291,2010624,82.0122302158273,85.48,79.22,139,62,77
2292,2010695,71.7729838709677,64.44,75.95,124,45,79
2293,2012240,73.122,82.95,61.11,160,88,72
2294,2012612,91.0375862068965,92.21,89.71,145,77,68
2295,2014882,80.850780141844,84.29,77.46,141,70,71
2296,2015844,72.655703125,63.93,80.6,128,61,67
2297,2016005,93.105775862069,92.31,94.12,116,65,51
2298,2017566,89.9981333333333,95.45,82.26,150,88,62
2299,2017789,77.4544117647059,53.49,94.92,102,43,59
2300,2018201,87.2346808510638,93.75,78.69,141,80,61
2301,2018226,82.9775177304964,85.71,79.69,141,77,64
2302,2018592,88.1121678321678,95.4,76.79,143,87,56
2303,2018678,92.3607638888889,97.75,83.64,144,89,55
2304,2020577,88.6140650406504,87.23,89.47,123,47,76
2305,2020668,89.5114685314685,93.98,83.33,143,83,60
2306,2021204,75.966976744186,84,64.81,129,75,54
2307,2022053,81.6542201834862,88.89,74.55,109,54,55
2308,2022126,90.5775362318841,91.89,89.06,138,74,64
2309,2022984,53.7027777777778,76.27,26.53,108,59,49
2310,2024378,55.7716346153846,83.61,16.28,104,61,43
2311,2024914,79.83,81.25,78.87,119,48,71
2312,2025665,83.6063934426229,87.5,76.19,122,80,42
2313,2026031,82.6113043478261,82.46,82.76,115,57,58
2314,2026607,81.1504918032787,84.62,75,122,78,44
2315,2027123,88.8107692307692,93.18,81.82,143,88,55
2316,2027520,88.2796551724138,96.88,71.43,145,96,49
2317,2027853,86.2575572519084,91.76,76.09,131,85,46
2318,2027904,91.3022608695652,95.06,82.35,115,81,34
2319,2029359,89.5984,87.5,91.8,125,64,61
2320,2030802,91.6695454545455,91.43,91.94,132,70,62
2321,2031411,91.13,92.31,89.83,124,65,59
2322,2033615,91.1543362831858,94.92,87.04,113,59,54
2323,2035617,78.8468269230769,83.02,74.51,104,53,51
2324,2038839,80.7336697247706,75.93,85.45,109,54,55
2325,2039219,87.0983870967742,84.75,89.23,124,59,65
2326,2039568,86.7281415929203,92.16,82.26,113,51,62
2327,2039795,86.4377966101695,83.33,89.06,118,54,64
2328,2039808,78.8455769230769,88.06,62.16,104,67,37
2329,2039875,84.5458181818182,89.47,79.25,110,57,53
2330,2041935,92.65,91.18,94.12,136,68,68
2331,2042797,88.8903418803419,98.51,76,117,67,50
2332,2042968,76.1921904761905,78.26,74.58,105,46,59
2333,2044039,82.4763917525773,73.17,89.29,97,41,56
2334,2044540,77.1465714285714,85.19,68.63,105,54,51
2335,2044585,52.9004347826087,58.21,47.89,138,67,71
2336,2044685,83.193025210084,77.78,87.69,119,54,65
2337,2045399,85.3451724137931,94.64,76.67,116,56,60
2338,2045489,67.900987654321,89.13,40,81,46,35
2339,2045494,84.0333613445378,90.91,75.47,119,66,53
2340,2046175,90.3714814814815,93.15,87.1,135,73,62
2341,2047483,89.4319512195122,93.06,84.31,123,72,51
2342,2048144,88.6192682926829,93.06,82.35,123,72,51
2343,2050574,96.0313492063492,97.01,94.92,126,67,59
2344,2050583,80.1973267326733,58.97,93.55,101,39,62
2345,2051290,78.1254166666667,70.45,84.62,96,44,52
2346,2051330,89.5549253731343,87.84,91.67,134,74,60
2347,2051553,83.3328571428571,74.19,92.19,126,62,64
2348,2052303,78.7043518518519,69.39,86.44,108,49,59
2349,2052908,81.0008,68.09,92.45,100,47,53
2350,2053335,87.8036585365854,95.45,78.95,123,66,57
2351,2053405,88.3720930232558,97.18,77.59,129,71,58
2352,2054321,84.5078873239436,90.67,77.61,142,75,67
2353,2054405,93.2336842105263,94.29,92.06,133,70,63
2354,2054480,87.6915384615385,83.33,91.43,130,60,70
2355,2054821,92.4784210526316,94.59,89.83,133,74,59
2356,2055872,85.3850769230769,89.29,82.43,130,56,74
2357,2055904,90.4754421768707,90.41,90.54,147,73,74
2358,2055976,69.23,66.15,72.31,130,65,65
2359,2056079,79.9964615384615,95.45,64.06,130,66,64
2360,2056121,90,93.85,86.15,130,65,65
2361,2056275,91.1333870967742,94.55,88.41,124,55,69
2362,2056538,22.2236111111111,26.03,18.31,144,73,71
2363,2056626,89.5125806451613,95.77,81.13,124,71,53
2364,2056947,77.4767567567568,92.42,55.56,111,66,45
2365,2058865,77.1947368421053,87.5,69.7,114,48,66
2366,2058871,54.653488372093,72.92,31.58,86,48,38
2367,2059553,84.3461739130435,84.21,84.48,115,57,58
2368,2059628,73,84,62,100,50,50
2369,2059985,70.5250526315789,73.58,66.67,95,53,42
2370,2060916,86.665,88.89,84.44,90,45,45
2371,2060923,89.7955102040816,90.54,87.5,98,74,24
2372,2061222,77.5531632653061,63.83,90.2,98,47,51
2373,2061289,92.3066666666667,92.42,92.16,117,66,51
2374,2061360,89.34,85.29,94.44,122,68,54
2375,2061683,90.7692307692308,90.79,90.74,130,76,54
2376,2061926,93.5728571428571,93.98,92.98,140,83,57
2377,2062163,91.6686666666667,91.57,91.89,120,83,37
2378,2063345,87.5962015503876,87.67,87.5,129,73,56
2379,2065471,87.6890769230769,89.55,85.71,130,67,63
2380,2067262,87.3014285714286,88.06,86.44,126,67,59
2381,2067403,73.1691869918699,55.17,89.23,123,58,65
2382,2068104,81.417610619469,93.75,65.31,113,64,49
2383,2069980,86.3211111111111,81.13,90.62,117,53,64
2384,2071404,79.3648412698413,81.97,76.92,126,61,65
2385,2072244,83.9428467153285,87.69,80.56,137,65,72
2386,2072311,86.7554966887417,92,81.58,151,75,76
2387,2073101,79.4871794871795,96,50,117,75,42
2388,2073566,91.1571428571429,86.96,94.87,147,69,78
2389,2073650,69.8610273972603,58.46,79.01,146,65,81
2390,2073785,56.556393442623,45,67.74,122,60,62
2391,2076087,70.369037037037,78.08,61.29,135,73,62
2392,2078767,88.0756880733945,92,84.75,109,50,59
2393,2082432,92.1284251968504,96.97,86.89,127,66,61
2394,2082585,90.2243609022556,93.44,87.5,133,61,72
2395,2083116,86.0446511627907,89.39,82.54,129,66,63
2396,2085416,87.2558823529412,89.58,85.19,102,48,54
2397,2086430,45.379243697479,55.17,36.07,119,58,61
2398,2086467,19.5496992481203,17.74,21.13,133,62,71
2399,2086644,77.3597169811321,69.77,82.54,106,43,63
2400,2086797,71.4272448979592,78.18,62.79,98,55,43
2401,2086904,77.503,90.48,63.16,120,63,57
2402,2088008,75.6971028037383,63.41,83.33,107,41,66
2403,2088207,87.2547058823529,91.67,83.33,102,48,54
2404,2088272,76.8599173553719,73.33,78.95,121,45,76
2405,2088759,92.3046153846154,90.16,93.9,143,61,82
2406,2089594,72.2212037037037,65.85,76.12,108,41,67
2407,2089960,85.2129577464789,76.27,91.57,142,59,83
2408,2090271,59.0468571428571,74.07,43.14,105,54,51
2409,2092414,85.7108571428572,86.76,84.72,140,68,72
2410,2092768,76.2971851851852,72.88,78.95,135,59,76
2411,2092906,87.0974193548387,75.38,95.56,155,65,90
2412,2092918,86.3,88.89,83.78,146,72,74
2413,2094380,76.2603597122302,85,64.41,139,80,59
2414,2095545,94.8885401459854,98.48,91.55,137,66,71
2415,2095823,82.2470093457944,76.09,86.89,107,46,61
2416,2096213,93.0223255813954,87.72,97.22,129,57,72
2417,2096273,93.8936641221374,93.33,94.37,131,60,71
2418,2096411,78.6532584269663,59.46,92.31,89,37,52
2419,2096898,94.0192307692308,90.74,96.83,117,54,63
2420,2097124,86.5568067226891,88.06,84.62,119,67,52
2421,2097757,86.5962886597938,80,90.32,97,35,62
2422,2098900,83.6220689655172,77.08,88.24,116,48,68
2423,2099380,88.4069565217391,77.42,97.37,138,62,76
2424,2099614,89.061953125,76.27,100,128,59,69
2425,2100479,85.1521875,86.76,83.33,128,68,60
2426,2100529,89.9978461538462,87.5,92.42,130,64,66
2427,2100625,91.6655833333333,89.55,94.34,120,67,53
2428,2100848,67.8897247706422,81.82,58.46,109,44,65
2429,2102221,78.7852272727273,80.7,77.33,132,57,75
2430,2102295,86.6109448818898,76.92,93.33,127,52,75
2431,2103401,82.4552631578947,66.67,92.75,114,45,69
2432,2103831,69.1742105263158,92.21,37.5,133,77,56
2433,2104048,90.3258064516129,86.54,93.06,124,52,72
2434,2105967,85.4705982905983,87.5,83.02,117,64,53
2435,2106116,73.3885483870968,67.57,82,124,74,50
2436,2107098,88.2338235294118,89.02,87.04,136,82,54
2437,2107303,90.1759821428571,88.73,92.68,112,71,41
2438,2107438,90.7203092783505,87.93,94.87,97,58,39
2439,2108163,83.3345238095238,86.3,79.25,126,73,53
2440,2108912,85.7124369747899,83.58,88.46,119,67,52
2441,2110542,87.18,87.3,87.04,117,63,54
2442,2111185,82.2866666666667,90.62,65.62,96,64,32
2443,2111382,93.6323636363636,92.06,95.74,110,63,47
2444,2111440,89.7197196261682,87.04,92.45,107,54,53
2445,2111468,87.9667592592593,84.75,91.84,108,59,49
2446,2111981,88.3721705426356,84.51,93.1,129,71,58
2447,2112206,88.1347457627119,88.57,87.5,118,70,48
2448,2113182,76.0682051282051,60.38,89.06,117,53,64
2449,2114462,71.5520689655173,88.06,48.98,116,67,49
2450,2114812,85.7168571428572,79.17,91.23,105,48,57
2451,2115639,95.0802459016394,95.77,94.12,122,71,51
2452,2115703,85.4194791666667,94.92,70.27,96,59,37
2453,2115835,86.5889024390244,81.4,92.31,82,43,39
2454,2117424,91.4748837209302,96,85.19,129,75,54
2455,2117582,93.7508333333333,93.48,94,96,46,50
2456,2118269,94.8280172413793,98.67,87.8,116,75,41
2457,2118913,84.5440909090909,87.3,80.85,110,63,47
2458,2119139,91.8692682926829,94.44,88.24,123,72,51
2459,2119778,77.3114285714286,87.06,52.94,119,85,34
2460,2121798,92.4798496240602,91.14,94.44,133,79,54
2461,2122416,76.5201739130435,87.3,63.46,115,63,52
2462,2123294,80.1903773584906,70.69,91.67,106,58,48
2463,2123904,86.774132231405,95.77,74,121,71,50
2464,2124868,69.7243119266055,50,89.09,109,54,55
2465,2125929,84.7622857142857,87.72,81.25,105,57,48
2466,2125973,65.0466990291262,79.59,51.85,103,49,54
2467,2126576,88.8874074074074,94,84.48,108,50,58
2468,2128050,75.456,81.82,65.91,110,66,44
2469,2128612,66.0989830508475,64.91,67.21,118,57,61
2470,2128658,81.4489516129032,70.49,92.06,124,61,63
2471,2132132,85.4006569343066,88.89,82.43,137,63,74
2472,2132209,91.5991596638655,93.62,90.28,119,47,72
2473,2134171,85.2169565217391,92.59,78.69,115,54,61
2474,2135684,88.7109677419355,90,87.84,124,50,74
2475,2136669,76.2730508474576,61.7,85.92,118,47,71
2476,2138074,91.9105882352941,90.79,93.33,136,76,60
2477,2139460,65.1129069767442,59.18,72.97,86,49,37
2478,2139889,80.8727826086956,82.26,79.25,115,62,53
2479,2141212,86.2723529411765,78.95,90.62,102,38,64
2480,2141387,85.8572727272727,83.33,88.89,99,54,45
2481,2141473,81.4831481481481,86.21,76,108,58,50
2482,2141656,87.0656896551724,87.69,86.27,116,65,51
2483,2142028,85.9504958677686,83.61,88.33,121,61,60
2484,2142252,88.2896396396396,89.66,86.79,111,58,53
2485,2143393,83.6565384615384,77.36,90.2,104,53,51
2486,2143448,86.4895495495496,89.66,83.02,111,58,53
2487,2143499,78.5068224299065,86.89,67.39,107,61,46
2488,2145089,77.8952631578947,83.93,69.23,95,56,39
2489,2145507,85.8251181102362,87.69,83.87,127,65,62
2490,2145657,88.2906306306306,87.76,88.71,111,49,62
2491,2146202,74.5635087719298,83.93,65.52,114,56,58
2492,2146342,90.8397709923664,84.75,95.83,131,59,72
2493,2147490,87.4005511811024,70.21,97.5,127,47,80
2494,2147773,82.7556034482759,74.6,92.45,116,63,53
2495,2149269,82.1997457627119,76.74,85.33,118,43,75
2496,2149695,84.80328,78.79,91.53,125,66,59
2497,2151263,69.8912903225806,71.79,68.52,93,39,54
2498,2152372,78.2187128712871,77.5,78.69,101,40,61
2499,2152442,84.3137254901961,74.29,89.55,102,35,67
2500,2152610,87.9644444444444,89.8,86.44,108,49,59
2501,2155582,78.0284090909091,67.92,84.81,132,53,79
2502,2156327,83.4753913043478,80.85,85.29,115,47,68
2503,2157424,83.7353658536585,86.27,81.94,123,51,72
2504,2157938,83.331,90.32,75.86,120,62,58
2505,2159782,79.4117647058823,87.5,73.75,136,56,80
2506,2159839,78.2925581395349,79.66,77.14,129,59,70
2507,2160945,60.9524761904762,47.73,70.49,105,44,61
2508,2161254,64.830989010989,81.03,36.36,91,58,33
2509,2162057,75.6545217391304,67.35,81.82,115,49,66
2510,2167322,89.3903787878788,91.04,87.69,132,67,65
2511,2167363,87.5947445255474,77.59,94.94,137,58,79
2512,2168666,80.9123664122137,73.33,87.32,131,60,71
2513,2171203,88.1874015748031,88.52,87.88,127,61,66
2514,2172488,83.3330392156863,86.44,79.07,102,59,43
2515,2172760,69.5228571428571,90,42.22,105,60,45
2516,2174643,86.6108035714286,90.2,83.61,112,51,61
2517,2175913,64.544,68.52,60.71,110,54,56
2518,2176132,85.2709302325581,90,77.55,129,80,49
2519,2176550,83.0677419354839,88.1,72.5,124,84,40
2520,2177489,81.9818918918919,84.21,79.63,111,57,54
2521,2177601,83.9692366412214,88.75,76.47,131,80,51
2522,2178130,89.165,95.38,81.82,120,65,55
2523,2178188,92.189375,91.07,93.06,128,56,72
2524,2178363,86.5384615384615,75,95,104,44,60
2525,2178470,90.8315,92.42,88.89,120,66,54
2526,2178689,76.7229310344828,77.61,75.51,116,67,49
2527,2179188,93.4304379562044,98.68,86.89,137,76,61
2528,2179196,82.1772277227723,97.1,50,101,69,32
2529,2180140,87.4973333333333,88.52,86.44,120,61,59
2530,2180171,82.8128125,84.29,81.03,128,70,58
2531,2180823,76.80328,66.67,87.1,125,63,62
2532,2181578,86.3241025641026,75,96.72,117,56,61
2533,2183162,86.366,86.54,86.21,110,52,58
2534,2183548,62.2207777777778,79.66,29.03,90,59,31
2535,2184728,92.1057894736842,90.91,93.75,114,66,48
2536,2185419,87.2988888888889,89.83,85.07,126,59,67
2537,2185898,67.9232075471698,66.13,70.45,106,62,44
2538,2186660,83.0746153846154,80,85.71,130,60,70
2539,2186884,84.4837931034483,87.1,81.48,116,62,54
2540,2188580,76.814347826087,81.97,72.73,138,61,77
2541,2189280,89.15,94.83,84.51,129,58,71
2542,2190130,87.0412037037037,89.8,84.75,108,49,59
2543,2190804,89.3940909090909,88.71,90,132,62,70
2544,2191773,84.9569911504425,89.29,80.7,113,56,57
2545,2191913,87.5009027777778,94.37,80.82,144,71,73
2546,2192359,66.6679166666667,73.08,59.09,144,78,66
2547,2192402,82.19,82.19,82.19,146,73,73
2548,2193088,93.1982993197279,95.31,91.57,147,64,83
2549,2193358,91.4096875,91.67,91.18,128,60,68
2550,2193946,89.1458139534884,91.67,87.65,129,48,81
2551,2194544,75.6751351351351,89.39,55.56,111,66,45
2552,2194870,87.1606756756757,85.07,88.89,148,67,81
2553,2195965,82.3161224489796,77.97,85.23,147,59,88
2554,2196577,79.6042105263158,84.72,75,152,72,80
2555,2197411,80.8800735294118,91.78,68.25,136,73,63
2556,2200247,60.0028571428571,57.78,61.67,105,45,60
2557,2200425,59.6528947368421,68.12,46.67,114,69,45
2558,2206838,88.8872222222222,96.49,80.39,108,57,51
2559,2210800,83.8107619047619,80.85,86.21,105,47,58
2560,2210889,86.1144444444444,92.86,78.85,108,56,52
2561,2210934,84.3770833333333,88.64,80.77,96,44,52
2562,2211141,86.2914516129032,90.91,82.61,124,55,69
2563,2211688,67.4414728682171,76.79,60.27,129,56,73
2564,2212431,76.188,59.52,87.3,105,42,63
2565,2213414,75.4694339622641,78,73.21,106,50,56
2566,2213504,78.9447368421053,80.43,77.94,114,46,68
2567,2214487,82.5215533980583,93.33,67.44,103,60,43
2568,2214944,83.5036082474227,80.49,85.71,97,41,56
2569,2215083,80.0022,73.17,84.75,100,41,59
2570,2215520,81.8172727272727,89.23,71.11,110,65,45
2571,2216477,88.2907207207207,84.91,91.38,111,53,58
2572,2216724,88.7120967741935,86.57,91.23,124,67,57
2573,2216984,88.0328205128205,88.33,87.72,117,60,57
2574,2217247,84.8743697478992,89.55,78.85,119,67,52
2575,2217332,83.3356349206349,86.89,80,126,61,65
2576,2218760,87.0923387096774,85.71,88.52,124,63,61
2577,2219470,73.95,79.41,66.67,119,68,51
2578,2220684,90.4788888888889,91.43,89.29,126,70,56
2579,2220729,85.951652892562,88.89,82.76,121,63,58
2580,2221640,90.9937837837838,94.12,86.05,111,68,43
2581,2221772,87.6019008264463,88.73,86,121,71,50
2582,2223226,95.20024,93.94,96.61,125,66,59
2583,2223510,69.998625,74.36,65.85,80,39,41
2584,2226189,91.667037037037,90.54,94.12,108,74,34
2585,2226503,93.1370588235294,95.24,89.74,102,63,39
2586,2227028,94.2855238095238,94.23,94.34,105,52,53
2587,2227471,78.1261458333333,75.47,81.4,96,53,43
2588,2228256,93.7475,95.83,91.07,128,72,56
2589,2228422,87.8258260869565,86.21,89.47,115,58,57
2590,2229641,93.4440163934426,95.89,89.8,122,73,49
2591,2230103,68.18,87.5,41.3,110,64,46
2592,2231851,76.5271428571428,69.64,85.71,98,56,42
2593,2232595,87.8028455284553,87.01,89.13,123,77,46
2594,2232716,85.074552238806,87.01,82.46,134,77,57
2595,2232842,80.4334782608696,80.95,79.63,138,84,54
2596,2233039,88.4301652892562,83.05,93.55,121,59,62
2597,2234646,82.1684496124031,76.27,87.14,129,59,70
2598,2235758,93.335,95,91.67,120,60,60
2599,2236237,88.3686046511628,92.75,83.33,129,69,60
2600,2237906,84.6167032967033,94.12,72.5,91,51,40
2601,2238408,89.815,90.74,88.89,108,54,54
2602,2239148,51.3915277777778,48.28,53.49,72,29,43
2603,2239155,71.0258878504673,87.01,30,107,77,30
2604,2239974,64.2094736842105,88.68,33.33,95,53,42
2605,2240532,83.0673387096774,81.54,84.75,124,65,59
2606,2240749,86.7337755102041,83.72,89.09,98,43,55
2607,2241341,82.5690825688073,90,73.47,109,60,49
2608,2241879,95.4143119266055,100,88.64,109,65,44
2609,2243631,83.2053435114504,83.1,83.33,131,71,60
2610,2243816,88.7910344827586,88.46,89.06,116,52,64
2611,2245054,90.0760305343511,89.04,91.38,131,73,58
2612,2245089,92.5398507462687,92.31,92.86,134,78,56
2613,2245161,65.8524390243902,75,46.15,82,56,26
2614,2245592,83.595,81.25,85.94,128,64,64
2615,2246398,86.2295652173913,86.11,86.36,138,72,66
2616,2246960,79.6884375,77.94,81.67,128,68,60
2617,2247658,86.2313043478261,82.19,90.77,138,73,65
2618,2250234,78.18,80.3,75,110,66,44
2619,2250601,85.9479338842975,91.04,79.63,121,67,54
2620,2250884,87.9715789473684,81.43,95.24,133,70,63
2621,2251013,84.8004,84.29,85.45,125,70,55
2622,2251222,85.7101503759399,86.36,85.07,133,66,67
2623,2252687,83.4546043165467,78.57,88.41,139,70,69
2624,2253950,76.6895488721804,69.23,83.82,133,65,68
2625,2254982,76.5154545454545,66.67,84.72,132,60,72
2626,2256045,88.888253968254,85.48,92.19,126,62,64
2627,2256798,87.6810144927536,89.71,85.71,138,68,70
2628,2256819,84.4569594594595,83.56,85.33,148,73,75
2629,2256996,81.0455555555556,72.97,88.61,153,74,79
2630,2257592,72.8552857142857,62.12,82.43,140,66,74
2631,2257725,87.4184768211921,81.08,93.51,151,74,77
2632,2257893,81.3670186335404,73.75,88.89,161,80,81
2633,2258187,74.9986458333333,77.14,73.77,96,35,61
2634,2260136,77.1677952755906,80.36,74.65,127,56,71
2635,2260713,74.6339130434783,80.3,69.44,138,66,72
2636,2261099,91.5680722891566,91.67,91.49,166,72,94
2637,2261203,84.9656209150327,73.58,91,153,53,100
2638,2261359,54.5456198347107,66.67,42.62,121,60,61
2639,2261517,83.5748571428571,81.82,85.14,140,66,74
2640,2262708,78.1425165562914,77.27,78.82,151,66,85
2641,2262756,74.6569863013699,77.14,72.37,146,70,76
2642,2265236,85.5744776119403,91.43,79.17,201,105,96
2643,2265707,45.621,55.26,36.9,160,76,84
2644,2265943,79.9968,83.33,76.92,200,96,104
2645,2266171,79.67,75.32,82.86,182,77,105
2646,2266661,42.1996531791908,42.86,41.67,173,77,96
2647,2270121,88.1596710526316,89.83,87.1,152,59,93
2648,2270542,79.5276377952756,63.64,87.95,127,44,83
2649,2270903,84.427131147541,80.49,86.42,122,41,81
2650,2271109,86.4085436893204,90.2,82.69,103,51,52
2651,2274612,68.2555555555555,65.31,70.13,126,49,77
2652,2274635,74.5766949152542,75.44,73.77,118,57,61
2653,2275531,54.4100735294118,47.62,60.27,136,63,73
2654,2276019,80.1368493150685,83.33,77.03,146,72,74
2655,2276503,84.5621476510067,88.46,80.28,149,78,71
2656,2276601,88.1393220338983,89.29,87.1,118,56,62
2657,2276650,68.1403539823009,77.27,55.32,113,66,47
2658,2276982,79.6622881355932,88.06,68.63,118,67,51
2659,2279200,86.39888,90.32,82.54,125,62,63
2660,2279239,80.2742857142857,76.67,82.76,147,60,87
2661,2279288,79.7072463768116,74,82.95,138,50,88
2662,2279302,74.9996551724138,76.47,74.39,116,34,82
2663,2279313,78.6197931034483,69.64,84.27,145,56,89
2664,2280162,76.611935483871,67.31,83.33,124,52,72
2665,2281297,79.0200699300699,74.14,82.35,143,58,85
2666,2281381,63.99976,51.39,81.13,125,72,53
2667,2282393,75.7840625,69.39,79.75,128,49,79
2668,2283338,84.9321917808219,85,84.85,146,80,66
2669,2283858,81.101811023622,84.21,76.47,127,76,51
2670,2284399,74.6065873015873,74.58,74.63,126,59,67
2671,2284426,70.2457851239669,76.47,62.26,121,68,53
2672,2284522,79.5090163934426,78.33,80.65,122,60,62
2673,2285597,63.3935714285714,82.69,46.67,112,52,60
2674,2286679,75.7579545454545,74.58,76.71,132,59,73
2675,2287209,81.895775862069,82.54,81.13,116,63,53
2676,2287247,85.2208695652174,83.64,86.67,115,55,60
2677,2288165,80.0005714285714,81.4,79.03,105,43,62
2678,2288858,78.404,84.62,71.67,125,65,60
2679,2289084,85.2169565217391,87.5,83.05,115,56,59
2680,2289115,86.71578125,83.58,90.16,128,67,61
2681,2289183,83.1783177570093,83.64,82.69,107,55,52
2682,2290857,88.7087903225806,87.72,89.55,124,57,67
2683,2291279,80.87,68,90.77,115,50,65
2684,2291621,90.0705673758865,88.57,91.55,141,70,71
2685,2292054,94.1596350364963,95.59,92.75,137,68,69
2686,2293994,84.708,70.59,94.12,85,34,51
2687,2294399,69.6090196078431,67.31,72,102,52,50
2688,2299426,84.8271034482759,84.52,85.25,145,84,61
2689,2300102,87.2206015037594,88.71,85.92,133,62,71
2690,2300258,82.3118367346939,77.27,86.42,147,66,81
2691,2300562,78.17,85.37,68.33,142,82,60
2692,2300632,76.785,75,78.57,112,56,56
2693,2300646,85.5945762711864,81.63,88.41,118,49,69
2694,2301245,72.2213333333333,60.71,77.42,90,28,62
2695,2302933,78.3781081081081,80.77,76.27,111,52,59
2696,2303487,83.4726446280992,89.71,75.47,121,68,53
2697,2304333,79.685078125,73.47,83.54,128,49,79
2698,2307561,88.7297887323944,89.87,87.3,142,79,63
2699,2308357,87.1293069306931,79.55,92.98,101,44,57
2700,2309463,91.149203539823,95.06,81.25,113,81,32
2701,2309576,91.1500884955752,89.06,93.88,113,64,49
2702,2310008,96.5040559440559,97.06,96,143,68,75
2703,2310130,94.5469090909091,89.8,98.36,110,49,61
2704,2310677,49.9980769230769,33.33,75.61,104,63,41
2705,2312815,94.2873571428571,89.86,98.59,140,69,71
2706,2313313,89.3119847328244,81.67,95.77,131,60,71
2707,2313790,88.8856481481481,87.8,89.55,108,41,67
2708,2315149,69.2293162393162,52.83,82.81,117,53,64
2709,2315496,82.0151798561151,72.31,90.54,139,65,74
2710,2316005,89.2117985611511,84.06,94.29,139,69,70
2711,2316219,70.2969306930693,79.59,61.54,101,49,52
2712,2316230,83.7420325203252,83.05,84.38,123,59,64
2713,2316386,83.6717346938776,83.58,83.87,98,67,31
2714,2316644,91.2759731543624,90.14,92.31,149,71,78
2715,2316992,86.463984962406,83.82,89.23,133,68,65
2716,2317055,86.2046551724138,89.47,83.05,116,57,59
2717,2317311,54.2857142857143,19.23,88.68,105,52,53
2718,2317776,88.1784545454546,91.8,83.67,110,61,49
2719,2319188,62.2437755102041,78.43,44.68,98,51,47
2720,2319612,82.1441964285714,80.85,83.08,112,47,65
2721,2319906,88.7864485981308,91.11,87.1,107,45,62
2722,2320319,79.2462264150943,75,81.43,106,36,70
2723,2321290,76.00136,72.55,78.38,125,51,74
2724,2321398,74.40112,60.87,82.28,125,46,79
2725,2321435,81.3558474576271,81.54,81.13,118,65,53
2726,2321619,4.28571428571429,5,3.75,140,60,80
2727,2323039,84.0258333333333,87.14,81.08,144,70,74
2728,2324206,84.5605147058824,79.37,89.04,136,63,73
2729,2324503,80.4709375,64.71,90.91,128,51,77
2730,2324881,78.2617391304348,69.7,86.11,138,66,72
2731,2326510,83.9289285714286,77.42,92,112,62,50
2732,2327171,85.7124369747899,79.31,91.8,119,58,61
2733,2328030,74.40168,66.18,84.21,125,68,57
2734,2332893,94.3941121495327,85.37,100,107,41,66
2735,2333113,91.407421875,84.75,97.1,128,59,69
2736,2334026,82.3543137254902,77.97,88.37,102,59,43
2737,2334383,90.5514173228346,83.05,97.06,127,59,68
2738,2335213,92.0863309352518,87.5,96,139,64,75
2739,2335521,86.9552173913043,83.33,90.91,115,60,55
2740,2335870,23.5299159663866,25.58,22.37,119,43,76
2741,2336127,78.2610434782609,58.33,92.54,115,48,67
2742,2336348,87.4088888888889,86.67,88,135,60,75
2743,2337182,91.4285714285714,90,92.5,140,60,80
2744,2338566,87.4035433070866,80.39,92.11,127,51,76
2745,2338816,65.3847692307692,40.98,86.96,130,61,69
2746,2338893,72.1770434782609,54.72,87.1,115,53,62
2747,2339007,88.19625,90,86.49,144,70,74
2748,2339056,92.2088311688312,87.18,97.37,154,78,76
2749,2339857,89.9205426356589,82.76,95.77,129,58,71
2750,2340180,77.9994,69.05,84.48,100,42,58
2751,2340422,68.8641509433962,36.84,86.76,106,38,68
2752,2341529,61.4170078740157,78.79,42.62,127,66,61
2753,2342323,85.2710852713178,85.25,85.29,129,61,68
2754,2343877,85.8492452830189,91.23,79.59,106,57,49
2755,2343980,77.5855172413793,86.15,66.67,116,65,51
2756,2344407,71.4303571428571,69.7,72.55,84,33,51
2757,2346842,76.5111363636364,86.15,67.16,132,65,67
2758,2346940,87.5888321167883,90,85.71,137,60,77
2759,2347968,83.0687096774194,81.67,84.38,124,60,64
2760,2348756,56.7567567567568,62.96,50.88,111,54,57
2761,2349137,73.6369090909091,79.41,64.29,110,68,42
2762,2349375,78.0791780821918,80.72,74.6,146,83,63
2763,2349693,83.335,87.18,79.49,156,78,78
2764,2349956,86.1108333333333,86.49,85.71,144,74,70
2765,2350249,85.6054545454545,86.11,85,132,72,60
2766,2350375,80.471328125,80.33,80.6,128,61,67
2767,2351699,89.8052866242038,90.24,89.33,157,82,75
2768,2352839,95.1777710843374,95.29,95.06,166,85,81
2769,2353702,82.7837704918033,78.12,87.93,122,64,58
2770,2354247,84.2857142857143,86.15,82.67,140,65,75
2771,2354433,85.9114084507042,85.71,86.15,142,77,65
2772,2354609,89.3624113475177,86.3,92.65,141,73,68
2773,2354638,84.2507086614173,89.02,75.56,127,82,45
2774,2354707,87.0111688311688,90,83.78,154,80,74
2775,2355095,85.5922033898305,81.82,90.38,118,66,52
2776,2355534,92.1993617021276,91.57,93.1,141,83,58
2777,2355884,80.464921875,67.92,89.33,128,53,75
2778,2355967,87.3242253521127,84.38,89.74,142,64,78
2779,2358373,83.0055555555556,86.25,79.45,153,80,73
2780,2359437,55.1509090909091,51.11,60,165,90,75
2781,2359654,85.1603225806452,83.91,86.76,155,87,68
2782,2364770,91.6022900763359,91.43,91.8,131,70,61
2783,2367002,84.5602941176471,84.62,84.48,136,78,58
2784,2367341,88.6560283687943,80.6,95.95,141,67,74
2785,2370410,80.1718965517241,70.59,87.69,116,51,65
2786,2371490,85.0012857142857,85.37,84.48,140,82,58
2787,2373582,81.4821481481482,81.97,81.08,135,61,74
2788,2374606,87.0049,80.65,89.86,100,31,69
2789,2374712,58.2735251798561,61.64,54.55,139,73,66
2790,2375908,80.6735294117647,77.55,82.86,119,49,70
2791,2377191,70.9302325581395,68.57,72.55,86,35,51
2792,2378859,87.255,78.43,96.08,102,51,51
2793,2379054,89.7446153846154,88,91.36,156,75,81
2794,2379219,81.5765789473684,74.68,89.04,152,79,73
2795,2381769,88.8854385964912,89.87,88.04,171,79,92
2796,2382708,90.6433333333333,91.25,90.11,171,80,91
2797,2383635,83.1530434782609,80.68,85.42,184,88,96
2798,2385227,82.8964473684211,84.34,81.16,152,83,69
2799,2386645,88.8911764705882,91.43,86.75,153,70,83
2800,2390674,83.6507547169811,88.89,78.21,159,81,78
2801,2391188,83.7814189189189,81.33,86.3,148,75,73
2802,2391565,55.6678350515464,58.33,53.06,97,48,49
2803,2392302,86.72,85.42,87.5,128,48,80
2804,2394843,78.3972,89.06,67.21,125,64,61
2805,2396040,80.3018181818182,80.95,79.71,132,63,69
2806,2396048,37.6805797101449,29.85,45.07,138,67,71
2807,2397011,83.6720408163265,79.07,87.27,98,43,55
2808,2397399,83.2239597315436,86.57,80.49,149,67,82
2809,2400726,69.1752631578947,74.67,62.07,133,75,58
2810,2401218,71.140067114094,70.83,71.43,149,72,77
2811,2401917,87.0460431654676,86.76,87.32,139,68,71
2812,2402387,68.6108759124088,81.25,57.53,137,64,73
2813,2402514,87.5857931034483,87.88,87.34,145,66,79
2814,2402993,69.6028,81.43,54.55,125,70,55
2815,2403027,46.9224615384615,73.53,17.74,130,68,62
2816,2403971,82.3096923076923,84.85,79.69,130,66,64
2817,2404433,76.0556338028169,67.19,83.33,142,64,78
2818,2406741,88.1908661417323,86.44,89.71,127,59,68
2819,2407123,80.3112598425197,86.15,74.19,127,65,62
2820,2408144,84.0722123893805,76.32,88,113,38,75
2821,2408854,82.7036842105263,79.59,84.52,133,49,84
2822,2408915,74.7873109243697,80,71.01,119,50,69
2823,2409014,79.0701550387597,80.33,77.94,129,61,68
2824,2409183,80.3036363636364,75.44,84,132,57,75
2825,2409219,83.9996,87.27,81.43,125,55,70
2826,2411344,81.4496774193548,83.33,79.31,124,66,58
2827,2411953,84.6777419354839,86.67,82.81,124,60,64
2828,2412616,59.6642016806723,52.24,69.23,119,67,52
2829,2417554,75.858275862069,57.69,90.62,116,52,64
2830,2419427,80.715,84.29,77.14,140,70,70
2831,2420860,66.4149618320611,67.8,65.28,131,59,72
2832,2421851,76.6424087591241,71.93,80,137,57,80
2833,2421979,86.7154545454545,83.05,89.29,143,59,84
2834,2422668,83.6376363636364,91.03,77.01,165,78,87
2835,2422999,83.3326666666667,78.57,87.5,150,70,80
2836,2423932,83.6868085106383,74.19,91.14,141,62,79
2837,2424329,76.3147368421053,72.22,80,114,54,60
2838,2424867,85.2360402684564,84.93,85.53,149,73,76
2839,2424978,83.6564705882353,74.24,90.8,153,66,87
2840,2425283,81.3408955223881,76,84.52,134,50,84
2841,2425450,86.3255555555556,90.77,80.77,117,65,52
2842,2425831,82.8952631578947,82.09,83.53,152,67,85
2843,2426660,1.73658959537572,2.33,1.15,173,86,87
2844,2426668,2.29965517241379,2.33,2.27,174,86,88
2845,2427990,89.9281294964029,90.28,89.55,139,72,67
2846,2428164,86.8059027777778,81.97,90.36,144,61,83
2847,2429516,55.2828455284553,23.21,82.09,123,56,67
2848,2430550,90.0009285714286,91.01,88.24,140,89,51
2849,2430888,75.419406779661,65.57,85.96,118,61,57
2850,2430965,82.0515384615385,84.85,78.43,117,66,51
2851,2431240,84.9327397260274,86.08,83.58,146,79,67
2852,2434047,59.9995384615385,83.33,35.94,130,66,64
2853,2434087,75.886170212766,73.91,77.78,141,69,72
2854,2434433,76.8604132231405,51.43,87.21,121,35,86
2855,2435773,83.0769230769231,83.33,82.86,130,60,70
2856,2435832,77.9638983050847,69.05,82.89,118,42,76
2857,2437322,62.7679787234043,66.67,58.14,94,51,43
2858,2438358,78.2602608695652,71.43,82.19,115,42,73
2859,2438770,80.465859375,84.21,77.46,128,57,71
2860,2439575,52.3341121495327,28.89,69.35,107,45,62
2861,2439726,60.9504761904762,44,76.36,105,50,55
2862,2440080,68.0313114754098,60.78,73.24,122,51,71
2863,2440544,68.1795454545454,53.33,78.46,110,45,65
2864,2441633,90.8367175572519,95.65,85.48,131,69,62
2865,2442469,83.7426829268293,92.65,72.73,123,68,55
2866,2442879,84.0945454545455,79.69,88.24,132,64,68
2867,2443258,84.0006,83.1,84.81,150,71,79
2868,2444829,65.490796460177,74.58,55.56,113,59,54
2869,2445690,88.6506382978723,90.14,87.14,141,71,70
2870,2445746,72.6306315789474,85.71,53.85,95,56,39
2871,2446175,89.0402739726027,91.46,85.94,146,82,64
2872,2447577,84.2097660818714,86.36,81.93,171,88,83
2873,2447958,77.5373913043478,74.24,80.56,138,66,72
2874,2448131,86.1554615384615,88.06,84.13,130,67,63
2875,2448697,84.6704,89.66,77.78,150,87,63
2876,2449686,83.3329710144928,74.58,89.87,138,59,79
2877,2449964,80.5965671641791,78.79,82.35,134,66,68
2878,2450127,78.2245161290323,86.76,67.86,124,68,56
2879,2450272,65.886976744186,51.72,77.46,129,58,71
2880,2451042,79.4319858156028,93.67,61.29,141,79,62
2881,2453563,72.7282727272727,60.38,84.21,110,53,57
2882,2453777,78.2277419354839,72.73,82.61,124,55,69
2883,2454401,75.49,95.83,57.41,102,48,54
2884,2454509,70.7687692307692,86.76,53.23,130,68,62
2885,2455188,80.674705882353,84.29,75.51,119,70,49
2886,2456221,61.8016853932584,84.75,16.67,89,59,30
2887,2456913,65.7875438596491,51.02,76.92,114,49,65
2888,2457008,57.69,43.59,71.79,78,39,39
2889,2458261,76.1078761061947,75.81,76.47,113,62,51
2890,2459927,60.8672826086957,72.88,39.39,92,59,33
2891,2460259,68.6541044776119,77.46,58.73,134,71,63
2892,2461774,78.4626923076923,97.47,49.02,130,79,51
2893,2461926,77.4953333333333,86.76,65.38,120,68,52
2894,2462050,77.0497540983607,76.27,77.78,122,59,63
2895,2463334,81.2476388888889,88.06,75.32,144,67,77
2896,2463808,78.287302631579,78.31,78.26,152,83,69
2897,2465930,77.3016564417178,75.68,78.65,163,74,89
2898,2466860,73.6838947368421,87.23,60.42,95,47,48
2899,2466866,49.3971084337349,57.78,39.47,83,45,38
2900,2467879,73.775,60.66,86.89,122,61,61
2901,2467930,59.3490243902439,35.09,80.3,123,57,66
2902,2468980,83.4559398496241,83.58,83.33,133,67,66
2903,2470266,75.63,73.53,78.43,119,68,51
2904,2470292,60.9775609756098,61.43,60.38,123,70,53
2905,2471253,90.0749618320611,91.43,88.52,131,70,61
2906,2473425,82.0131654676259,88.73,75,139,71,68
2907,2473480,81.31,83.61,78.26,107,61,46
2908,2474489,82.9603703703704,93.24,70.49,135,74,61
2909,2475132,85.1252892561983,92.16,80,121,51,70
2910,2475462,84.7330534351145,87.5,82.09,131,64,67
2911,2475790,83.0889705882353,81.03,84.62,136,58,78
2912,2476917,85.1521875,84.31,85.71,128,51,77
2913,2476979,81.7492857142857,92.16,74.67,126,51,75
2914,2476985,86.990325203252,90.91,83.82,123,55,68
2915,2477037,85.59984,89.39,81.36,125,66,59
2916,2477760,56.6691666666667,74,44.29,120,50,70
2917,2478429,82.7042857142857,83.33,82.19,133,60,73
2918,2479752,59.8163551401869,64.41,54.17,107,59,48
2919,2480712,66.4171641791045,56.45,75,134,62,72
2920,2482723,69.4898305084746,80,56.6,118,65,53
2921,2482940,79.4831623931624,85.45,74.19,117,55,62
2922,2483204,72.4124137931035,70,74.24,116,50,66
2923,2484241,85.5953389830509,87.72,83.61,118,57,61
2924,2485024,80.6907586206896,83.12,77.94,145,77,68
2925,2485142,69.1649166666667,81.13,59.7,120,53,67
2926,2485158,82.5781818181818,82.26,82.86,132,62,70
2927,2485298,82.397323943662,78.79,85.53,142,66,76
2928,2488410,69.6447321428572,69.09,70.18,112,55,57
2929,2489420,81.6194117647059,85,76.79,136,80,56
2930,2489748,70.9703225806452,68.06,75,124,72,52
2931,2489927,70.65,78.26,63.04,92,46,46
2932,2491678,84.0721238938053,90.91,74.47,113,66,47
2933,2493473,86.6653333333333,91.3,81.82,135,69,66
2934,2493571,90.0008571428571,90.91,89.19,140,66,74
2935,2494034,85.1072340425532,88.89,81.16,141,72,69
2936,2495028,82.9460465116279,78.79,87.3,129,66,63
2937,2496529,77.7774358974359,81.03,74.58,117,58,59
2938,2500635,87.0352777777778,86.27,87.72,108,51,57
2939,2501743,83.3317333333333,83.1,83.54,150,71,79
2940,2501796,84.0341176470588,85.71,83.12,119,42,77
2941,2502350,87.0241221374046,92.96,80,131,71,60
2942,2502561,89.9289261744966,94.59,85.33,149,74,75
2943,2505014,85.9847133757962,84,87.8,157,75,82
2944,2505318,74.5638596491228,77.97,70.91,114,59,55
2945,2508531,86.9256209150327,90.54,83.54,153,74,79
2946,2509004,78.3424840764331,77.94,78.65,157,68,89
2947,2509257,6.35815028901734,6.67,6.02,173,90,83
2948,2510078,81.6189705882353,89.61,71.19,136,77,59
2949,2511914,83.7008888888889,85.96,82.05,135,57,78
2950,2513458,76.664,72.22,80.3,120,54,66
2951,2514402,90.2273684210526,90.48,90,133,63,70
2952,2515287,87.4985,95.08,79.66,120,61,59
2953,2515860,83.59296875,87.3,80,128,63,65
2954,2516715,88.6381818181818,90.77,86.57,132,65,67
2955,2517021,77.5204651162791,57.41,92,129,54,75
2956,2517207,88.4301652892562,82.35,92.86,121,51,70
2957,2517553,89.632,93.75,85.92,135,64,71
2958,2518119,73.2678217821782,72.55,74,101,51,50
2959,2518766,82.4545614035088,83.93,81.03,114,56,58
2960,2519956,74.5602631578947,76.92,71.43,114,65,49
2961,2520341,73.1953608247423,75,71.11,97,52,45
2962,2521484,53.7635483870968,54.17,53.33,93,48,45
2963,2523381,53.5034394904459,67.82,35.71,157,87,70
2964,2524061,89.2189221556886,92.68,85.88,167,82,85
2965,2524314,87.8764848484848,91.86,83.54,165,86,79
2966,2525989,79.5296062992126,77.59,81.16,127,58,69
2967,2527920,84.1448780487805,81.58,86.36,164,76,88
2968,2528271,83.1296875,84.62,82.11,160,65,95
2969,2528528,79.2215584415584,82.28,76,154,79,75
2970,2529985,84.4841379310345,92.19,75,116,64,52
2971,2530160,82.9053846153846,84.31,81.82,117,51,66
2972,2530492,81.1516393442623,81.67,80.65,122,60,62
2973,2530528,88.318102189781,90.62,86.3,137,64,73
2974,2530811,80.3114960629921,76.36,83.33,127,55,72
2975,2530877,80.3541964285714,84.44,77.61,112,45,67
2976,2534224,85.803935483871,88.31,83.33,155,77,78
2977,2534244,81.507397260274,85.53,77.14,146,76,70
2978,2534415,83.2062595419847,93.24,70.18,131,74,57
2979,2536423,85.3304,84.93,85.71,150,73,77
2980,2536464,67.4996666666667,82.35,48.08,120,68,52
2981,2537833,56.6361946902655,81.13,35,113,53,60
2982,2538228,82.0160431654676,77.97,85,139,59,80
2983,2538502,87.2344680851064,90.91,84,141,66,75
2984,2538771,91.4707751937984,94,89.87,129,50,79
2985,2539206,79.9957142857143,74.07,86.27,105,54,51
2986,2539673,85.60168,83.61,87.5,125,61,64
2987,2541132,80.6188372093023,58.97,90,129,39,90
2988,2541176,69.5345033112583,58.57,79.01,151,70,81
2989,2541217,81.1782352941176,76.67,86.25,170,90,80
2990,2541317,89.28375,86.42,91.95,168,81,87
2991,2541509,88.461282051282,84.21,92.5,156,76,80
2992,2541769,88.7435761589404,85.53,92,151,76,75
2993,2543485,74.9984090909091,87.67,59.32,132,73,59
2994,2544661,91.8374149659864,86.3,97.3,147,73,74
2995,2545083,85.3652845528455,93.75,76.27,123,64,59
2996,2546160,66.9332258064516,44.23,83.33,124,52,72
2997,2546166,62.6865671641791,41.27,81.69,134,63,71
2998,2546205,60.5069426751592,55.07,64.77,157,69,88
2999,2547378,84.79824,82.69,86.3,125,52,73
3000,2549161,91.7281954887218,92.45,91.25,133,53,80
3001,2550395,86.7146875,85.29,87.23,128,34,94
3002,2550651,65.1825185185185,55.32,70.45,135,47,88
3003,2550729,80.3134645669291,87.23,76.25,127,47,80
3004,2551892,83.3314285714286,81.48,84.72,126,54,72
3005,2552243,85.2152173913043,85,85.45,115,60,55
3006,2552844,86.5392307692308,83.33,89.29,104,48,56
3007,2552859,88.7332394366197,84.48,91.67,142,58,84
3008,2554057,81.6160294117647,83.33,80,136,66,70
3009,2555885,79.9984137931035,82.05,77.61,145,78,67
3010,2555964,86.5022699386503,88.61,84.52,163,79,84
3011,2556010,82.3159183673469,81.82,82.72,147,66,81
3012,2556208,71.2319863013699,66.67,75.32,146,69,77
3013,2556646,80.4324637681159,77.42,82.89,138,62,76
3014,2556776,89.84328125,91.23,88.73,128,57,71
3015,2557817,87.1807051282051,86.08,88.31,156,79,77
3016,2558153,81.2491666666667,74.24,87.18,144,66,78
3017,2559557,83.3318666666667,84.21,82.43,150,76,74
3018,2559655,76.593829787234,79.73,73.13,141,74,67
3019,2559916,77.7789583333333,86.08,67.69,144,79,65
3020,2560044,81.4493548387097,81.94,80.77,124,72,52
3021,2560112,77.4179032258065,81.33,71.43,124,75,49
3022,2561639,85.8168085106383,85.56,86.27,141,90,51
3023,2561853,87.6004132231405,87.65,87.5,121,81,40
3024,2562668,76.3671818181818,64.41,90.2,110,59,51
3025,2563504,71.8213636363636,74.58,68.63,110,59,51
3026,2563687,86.9547826086957,85.48,88.68,115,62,53
3027,2565103,88.8906349206349,89.71,87.93,126,68,58
3028,2566178,77.8728318584071,77.55,78.12,113,49,64
3029,2566417,70.6937068965517,70.18,71.19,116,57,59
3030,2568674,77.1656692913386,91.8,63.64,127,61,66
3031,2568967,83.0008,82.93,83.05,100,41,59
3032,2569252,88.8875,96.2,80,144,79,65
3033,2569313,82.9077777777778,84.38,81.13,117,64,53
3034,2569409,77.614328358209,80,75.68,134,60,74
3035,2569491,70.39768,68.25,72.58,125,63,62
3036,2569543,89.335,86.67,92,150,75,75
3037,2570155,74.167,90.32,56.9,120,62,58
3038,2570334,82.2545161290323,82.69,81.94,124,52,72
3039,2570488,86.8979310344828,90,83.08,145,80,65
3040,2570912,54.1647916666667,79.22,25.37,144,77,67
3041,2571112,79.4124264705882,78.69,80,136,61,75
3042,2571333,63.0453623188406,88.06,39.44,138,67,71
3043,2571359,79.7213986013986,94.12,58.62,143,85,58
3044,2572440,89.4020529801324,91.86,86.15,151,86,65
3045,2573587,79.4715894039735,84.21,74.67,151,76,75
3046,2575168,40.8771532846715,42.65,39.13,137,68,69
3047,2577136,84.868552631579,87.01,82.67,152,77,75
3048,2577295,84.7696688741722,82.86,86.42,151,70,81
3049,2577592,83.3310714285714,79.31,87.65,168,87,81
3050,2577776,78.3562686567164,87.5,64.81,134,80,54
3051,2578514,85.8983974358974,89.16,82.19,156,83,73
3052,2578687,85.7174285714286,85.94,85.53,140,64,76
3053,2579623,81.8200606060606,76.83,86.75,165,82,83
3054,2580967,88.2323529411765,89.09,87.65,136,55,81
3055,2581245,87.8245217391304,88.46,87.3,115,52,63
3056,2581842,83.4457931034483,83.33,83.56,145,72,73
3057,2582295,88.5398089171974,85.19,92.11,157,81,76
3058,2582341,86.3106547619048,77.65,95.18,168,85,83
3059,2582375,86.3114285714286,83.95,88.51,168,81,87
3060,2582897,77.1169491525424,70,82.35,118,50,68
3061,2582907,86.96,88.41,85.51,138,69,69
3062,2584655,81.5161344537815,84.62,77.78,119,65,54
3063,2585164,85.6095683453237,82.76,87.65,139,58,81
3064,2585907,80.502641509434,83.33,77.78,159,78,81
3065,2585992,82.3943661971831,80.82,84.06,142,73,69
3066,2586370,78.1023357664234,80.56,75.38,137,72,65
3067,2586404,78.0631612903226,81.01,75,155,79,76
3068,2588514,80.7692307692308,83.58,77.78,130,67,63
3069,2588764,75.9095620437956,73.13,78.57,137,67,70
3070,2588865,90.9115584415585,91.03,90.79,154,78,76
3071,2588998,82.7817880794702,88.24,78.31,151,68,83
3072,2589143,86.0172727272727,85.53,86.57,143,76,67
3073,2589563,81.3308,75,84.69,150,52,98
3074,2589626,81.758445945946,90.14,74.03,148,71,77
3075,2589915,83.0522033898305,93.48,76.39,118,46,72
3076,2590279,77.6115671641791,80.33,75.34,134,61,73
3077,2590635,27.5384057971015,30.65,25,138,62,76
3078,2590672,71.23,78.08,64.38,146,73,73
3079,2591862,14.0148407643312,13.75,14.29,157,80,77
3080,2592751,88.1954861111111,91.78,84.51,144,73,71
3081,2596445,87.0475539568345,89.02,84.21,139,82,57
3082,2597927,82.3544117647059,83.1,81.54,136,71,65
3083,2598161,83.695,77.14,87.72,92,35,57
3084,2599079,91.79,88.06,95.52,134,67,67
3085,2600452,89.4317073170732,91.67,87.3,123,60,63
3086,2600953,88.8059701492537,93.42,82.76,134,76,58
3087,2601320,91.9351612903226,92.59,91.43,124,54,70
3088,2601461,89.3936363636364,88.33,90.28,132,60,72
3089,2603901,88.891282051282,90.2,87.88,117,51,66
3090,2604036,83.3330434782609,83.82,82.86,138,68,70
3091,2604243,71.2955555555556,66.04,76.36,108,53,55
3092,2604346,86.2051724137931,93.67,77.27,145,79,66
3093,2607183,84.6710218978102,93.33,68.09,137,90,47
3094,2607604,83.0064052287582,89.16,75.71,153,83,70
3095,2608046,82.4605263157895,84.29,79.55,114,70,44
3096,2608105,80.5980597014925,84.29,76.56,134,70,64
3097,2609759,83.6354545454545,88.57,75,110,70,40
3098,2610184,84.1088741721854,84.06,84.15,151,69,82
3099,2610341,85.7138571428571,91.46,77.59,140,82,58
3100,2610362,82.44,86.84,76.36,131,76,55
3101,2610682,85.6211764705882,90.12,80.56,153,81,72
3102,2611452,78.0832876712329,85.23,67.24,146,88,58
3103,2612022,36.5887804878049,14.29,66.04,123,70,53
3104,2612743,64.1801492537313,74.39,48.08,134,82,52
3105,2613263,89.8202395209581,88.37,91.36,167,86,81
3106,2613423,84.37675,83.72,85.14,160,86,74
3107,2613658,81.8154545454545,78.12,86.25,176,96,80
3108,2614634,76.1381818181818,73.12,79.52,176,93,83
3109,2614917,77.0729299363057,76.77,77.59,157,99,58
3110,2615594,78.8377777777778,67.86,87.62,189,84,105
3111,2619459,82.2091411042945,90.91,68.75,163,99,64
3112,2620625,84.1201176470588,92.05,75.61,170,88,82
3113,2620790,83.1450561797753,86.17,79.76,178,94,84
3114,2622805,88.6350568181818,96.77,79.52,176,93,83
3115,2623108,82.8415976331361,85.19,80.68,169,81,88
3116,2623347,87.6555555555556,81.69,92.31,162,71,91
3117,2628468,86.2764052287582,81.93,91.43,153,83,70
3118,2628499,86.6652,83.33,90.91,150,84,66
3119,2629957,71.4291596638655,75.93,67.69,119,54,65
3120,2632313,84.6965573770492,89.01,80.43,183,91,92
3121,2637891,84.3127450980392,88.75,79.45,153,80,73
3122,2638246,82.5798709677419,94.12,73.56,155,68,87
3123,2641865,75.3505633802817,79.71,71.23,142,69,73
3124,2644257,76.0318181818182,87.69,62.5,121,65,56
3125,2644380,81.7597297297297,91.03,71.43,148,78,70
3126,2645724,89.6516379310345,93.44,85.45,116,61,55
3127,2646465,73.1734959349593,83.1,59.62,123,71,52
3128,2647919,73.8282242990654,84.48,61.22,107,58,49
3129,2648366,81.3971317829457,88.71,74.63,129,62,67
3130,2649668,83.7033333333333,89.33,76.67,135,75,60
3131,2650781,86.1495384615385,86.76,85.48,130,68,62
3132,2651161,87.4967647058824,91.3,83.58,136,69,67
3133,2653586,71.428253968254,74.55,69.01,126,55,71
3134,2654221,86.1808943089431,84.75,87.5,123,59,64
3135,2655825,55.9215789473684,42.03,67.47,152,69,83
3136,2656175,62.2528476821192,73.42,50,151,79,72
3137,2656315,63.189263803681,59.46,66.29,163,74,89
3138,2656434,67.3902898550725,67.27,67.47,138,55,83
3139,2657708,81.6122988505747,79.27,83.7,174,82,92
3140,2657925,80.3056818181818,79.37,81.16,132,63,69
3141,2659627,85.0596551724138,82.67,86.87,174,75,99
3142,2661741,86.9278431372549,84.38,88.76,153,64,89
3143,2663273,56.1119424460432,82.14,16.36,139,84,55
3144,2663404,64.9996666666667,76.47,50,120,68,52
3145,2664394,66.6642424242424,72.6,59.32,132,73,59
3146,2664723,71.6195945945946,84,58.9,148,75,73
3147,2664811,85.4025547445255,87.27,84.15,137,55,82
3148,2664851,76.3895833333333,72.58,79.27,144,62,82
3149,2665353,92.3077692307692,98.31,87.32,130,59,71
3150,2665934,83.2048091603053,85.45,81.58,131,55,76
3151,2666192,57.6371527777778,69.86,45.07,144,73,71
3152,2666673,83.4581203007519,86.21,81.33,133,58,75
3153,2669930,68.6109489051095,59.7,77.14,137,67,70
3154,2670344,77.0633944954128,59.09,89.23,109,44,65
3155,2672321,60.6820512820513,75.71,38.3,117,70,47
3156,2672349,76.2966666666667,75.76,76.81,135,66,69
3157,2672631,85.7149206349206,82.35,89.66,126,68,58
3158,2673043,82.4561403508772,82.26,82.69,114,62,52
3159,2674486,77.2086764705882,82.28,70.18,136,79,57
3160,2676495,78.7255319148936,85.06,68.52,141,87,54
3161,2678383,85.4032846715328,80.36,88.89,137,56,81
3162,2680515,54.5442857142857,39.39,65.91,77,33,44
3163,2681305,76.053661971831,80.26,71.21,142,76,66
3164,2682309,78.0135460992908,82.19,73.53,141,73,68
3165,2684526,53.4643564356436,52,54.9,101,50,51
3166,2686150,84.5035211267606,86.76,82.43,142,68,74
3167,2686309,79.8452713178295,76.56,83.08,129,64,65
3168,2687359,83.8473913043478,85.71,82.14,161,77,84
3169,2687367,81.4813333333333,84.72,77.78,135,72,63
3170,2687622,83.3370666666667,81.4,85.94,150,86,64
3171,2687891,80.67,77.94,84.31,119,68,51
3172,2688082,87.7691366906475,85.94,89.33,139,64,75
3173,2689090,87.8959872611465,90,85.71,157,80,77
3174,2691466,84.6751612903226,87.14,81.48,124,70,54
3175,2691942,86.8598540145985,77.78,94.59,137,63,74
3176,2692038,87.2097093023256,85.06,89.41,172,87,85
3177,2692225,86.8052083333333,91.3,82.67,144,69,75
3178,2693162,39.6912977099237,35.71,44.26,131,70,61
3179,2693284,82.1436904761905,81.01,83.15,168,79,89
3180,2695020,89.1714649681529,87.32,90.7,157,71,86
3181,2695656,86.3921088435374,83.78,89.04,147,74,73
3182,2696169,86.0755696202532,83.87,87.5,158,62,96
3183,2696358,83.3333333333333,84.75,82.35,144,59,85
3184,2696933,87.4138410596026,89.55,85.71,151,67,84
3185,2697235,82.7866393442623,66.04,95.65,122,53,69
3186,2699559,76.6641333333333,82.89,70.27,150,76,74
3187,2699734,83.1251875,88.06,79.57,160,67,93
3188,2699828,84.075923566879,88.06,81.11,157,67,90
3189,2702069,79.8479069767442,82.46,77.78,129,57,72
3190,2703732,40.4281914893617,29.27,49.06,94,41,53
3191,2704717,79.5295275590551,75,84.75,127,68,59
3192,2705911,60.79784,70.49,51.56,125,61,64
3193,2708532,67.8567142857143,74.32,60.61,140,74,66
3194,2709501,79.9987878787879,85.54,74.39,165,83,82
3195,2709549,81.6939436619718,84.29,79.17,142,70,72
3196,2709600,71.3170542635659,55.1,81.25,129,49,80
3197,2709609,75.3628260869565,70.18,79.01,138,57,81
3198,2709637,74.6504225352113,73.53,75.68,142,68,74
3199,2710074,84.2854285714286,79.41,88.89,140,68,72
3200,2710387,84.9229365079365,88.14,82.09,126,59,67
3201,2710517,75.5392805755396,73.24,77.94,139,71,68
3202,2710740,74.5731638418079,78.65,70.45,177,89,88
3203,2710767,70.7489795918367,77.78,62.12,147,81,66
3204,2711986,66.4271428571429,72.5,58.33,140,80,60
3205,2712456,83.1025352112676,91.18,75.68,142,68,74
3206,2713792,60.15703125,79.45,34.55,128,73,55
3207,2716036,78.3608955223881,82.86,73.44,134,70,64
3208,2716504,74.6278358208955,79.37,70.42,134,63,71
3209,2716604,81.9691803278689,80.77,82.86,122,52,70
3210,2716624,84.171726618705,86.57,81.94,139,67,72
3211,2716646,81.9970666666667,82.89,81.08,150,76,74
3212,2718695,77.5181395348837,81.16,73.33,129,69,60
3213,2719432,82.4451145038168,83.61,81.43,131,61,70
3214,2720511,79.6773170731707,80,79.37,123,60,63
3215,2720999,78.2332653061225,69.23,85.37,147,65,82
3216,2721300,60.8285567010309,34.29,75.81,97,35,62
3217,2722301,82.1699224806202,82.43,81.82,129,74,55
3218,2723043,56.5191304347826,56.45,56.6,115,62,53
3219,2724504,60.2958823529412,81.25,41.67,136,64,72
3220,2724650,76.3323664122137,72.6,81.03,131,73,58
3221,2727559,71.0547368421053,55.56,85,152,72,80
3222,2727814,75.83375,80,70.91,120,65,55
3223,2727891,84.2460273972603,81.08,87.5,146,74,72
3224,2728095,79.3761875,90.11,65.22,160,91,69
3225,2728143,77.3956164383562,87.64,61.4,146,89,57
3226,2730833,83.3320289855073,90.79,74.19,138,76,62
3227,2734063,71.8771875,80,64.71,96,45,51
3228,2734794,71.1884745762712,68.52,73.44,118,54,64
3229,2735882,81.364347826087,80.72,82.05,161,83,78
3230,2738135,78.5706493506494,87.78,65.62,154,90,64
3231,2738181,77.5359420289855,78.38,76.56,138,74,64
3232,2738666,85.8124324324324,82.81,88.1,148,64,84
3233,2738928,81.5596453900709,82.26,81.01,141,62,79
3234,2739180,72.1869536423841,68.33,74.73,151,60,91
3235,2739322,77.160987654321,76.06,78.02,162,71,91
3236,2739418,83.0776923076923,85,81.43,130,60,70
3237,2739473,81.5396153846154,88,72.73,130,75,55
3238,2739983,78.12475,72.46,82.42,160,69,91
3239,2741432,50.5066666666667,25.64,66.67,99,39,60
3240,2742456,69.7662790697674,70.37,69.49,86,27,59
3241,2742462,83.3314705882353,78.38,86.15,102,37,65
3242,2744061,87.1514525139665,86.05,88.17,179,86,93
3243,2744487,81.25,78.85,83.33,112,52,60
3244,2746176,79.2479245283019,83.1,76.14,159,71,88
3245,2746537,76.3543243243243,72.37,80.56,148,76,72
3246,2752131,75.5371942446043,76.71,74.24,139,73,66
3247,2752937,75.2144444444444,69.81,79.69,117,53,64
3248,2753486,80.9174809160305,82.09,79.69,131,67,64
3249,2754475,81.7481746031746,81.97,81.54,126,61,65
3250,2755292,80.8822058823529,81.54,80.28,136,65,71
3251,2756418,80.1521374045802,71.83,90,131,71,60
3252,2757066,78.7852272727273,80.7,77.33,132,57,75
3253,2757723,70.908,56.82,80.3,110,44,66
3254,2758231,66.3627272727273,45.65,81.25,110,46,64
3255,2761202,76.6159677419355,75.76,77.59,124,66,58
3256,2762309,70.9968,57.89,79.03,100,38,62
3257,2762867,69.5647826086957,70,69.09,115,60,55
3258,2763786,84.460472972973,82.67,86.3,148,75,73
3259,2766105,84.37921875,85.92,82.46,128,71,57
3260,2767041,73.7677049180328,77.27,69.64,122,66,56
3261,2767674,82.6731496062992,82.89,82.35,127,76,51
3262,2767981,76.2714406779661,81.54,69.81,118,65,53
3263,2771504,79.4355319148936,82.67,75.76,141,75,66
3264,2773235,60.7148214285714,54.72,66.1,112,53,59
3265,2773287,51.1582945736434,39.34,61.76,129,61,68
3266,2774939,75.5256643356643,79.17,71.83,143,72,71
3267,2774971,75.971007751938,75.81,76.12,129,62,67
3268,2774982,77.2390243902439,73.44,81.36,123,64,59
3269,2776087,60.7418518518518,51.43,70.77,135,70,65
3270,2776695,70.7686153846154,78.12,63.64,130,64,66
3271,2777575,73.7173717948718,77.11,69.86,156,83,73
3272,2777719,83.0873529411765,82.46,83.54,136,57,79
3273,2778333,77.903488372093,78.12,77.63,172,96,76
3274,2778361,64.428389261745,55.07,72.5,149,69,80
3275,2779790,78.5263087248322,82.56,73.02,149,86,63
3276,2780004,83.2256774193548,83.33,83.12,155,78,77
3277,2781758,73.8890445859873,83.52,60.61,157,91,66
3278,2781837,68.79584,58.33,75.32,125,48,77
3279,2783698,69.3889795918367,63.08,74.39,147,65,82
3280,2783835,75.1623529411765,75.36,75,153,69,84
3281,2785481,81.6892957746479,82.76,80.95,142,58,84
3282,2787510,85.6172602739726,81.82,88.75,146,66,80
3283,2788303,88.03,92.96,83.1,142,71,71
3284,2788423,86.0152447552448,84.38,87.34,143,64,79
3285,2790373,77.2083823529412,74.14,79.49,136,58,78
3286,2790936,76.7263793103448,75.93,77.42,116,54,62
3287,2792480,75.2061983471074,69.23,79.71,121,52,69
3288,2793674,81.6158823529412,87.5,73.21,136,80,56
3289,2796964,77.0532786885246,73.02,81.36,122,63,59
3290,2797019,81.7530656934307,89.61,71.67,137,77,60
3291,2798851,78.906875,75,81.58,128,52,76
3292,2799646,80.6896551724138,82.72,78.12,145,81,64
3293,2803373,71.3426829268293,63.64,78.16,164,77,87
3294,2803517,81.7035294117647,86.59,76.06,153,82,71
3295,2804559,70.3696296296296,78.46,58.14,108,65,43
3296,2811536,73.6084027777778,68.83,79.1,144,77,67
3297,2812432,84.0501840490798,80.46,88.16,163,87,76
3298,2814551,81.8669230769231,80.39,83.75,182,102,80
3299,2815299,79.8685714285714,84.09,74.24,154,88,66
3300,2816088,60.4175,53.19,67.35,96,47,49
3301,2816713,79.2577777777778,78.33,80,135,60,75
3302,2816775,85.5210344827586,86.67,84.71,145,60,85
3303,2817711,82.5775757575758,79.25,84.81,132,53,79
3304,2817752,78.8302919708029,76.47,80.23,137,51,86
3305,2818558,86.3671428571429,84.06,88.24,154,69,85
3306,2818625,66.9644642857143,64.44,68.66,112,45,67
3307,2818666,72.1407142857143,77.05,68.35,140,61,79
3308,2818675,73.5732857142857,67.74,78.21,140,62,78
3309,2820385,87.6847826086957,91.23,85.19,138,57,81
3310,2821778,79.5103278688525,85.19,75,122,54,68
3311,2822601,80.0004615384615,82.46,78.08,130,57,73
3312,2824218,74.9977272727273,61.9,81.11,132,42,90
3313,2826029,80.578345323741,91.94,71.43,139,62,77
3314,2827147,69.59648,88.52,51.56,125,61,64
3315,2828317,70.2501652892562,66.67,72.37,121,45,76
3316,2828384,75.0000675675676,88.73,62.34,148,71,77
3317,2828430,71.2274820143885,75.93,68.24,139,54,85
3318,2828453,71.1887288135593,65.96,74.65,118,47,71
3319,2830079,77.6342105263158,80.25,74.65,152,81,71
3320,2830096,81.4540397350993,80.72,82.35,151,83,68
3321,2830718,63.0228571428571,51.92,71.64,119,52,67
3322,2831184,85.8815294117647,90.28,82.65,170,72,98
3323,2831481,71.0538815789474,79.22,62.67,152,77,75
3324,2831616,80.6410322580645,86.36,76.4,155,66,89
3325,2832568,80.4049324324324,83.08,78.31,148,65,83
3326,2832635,75.9718181818182,68.57,82.14,154,70,84
3327,2833062,67.1351748251748,79.71,55.41,143,69,74
3328,2834338,66.0924712643678,52.81,80,174,89,85
3329,2834736,74.2164150943396,78.67,70.24,159,75,84
3330,2835763,83.7103370786517,85.87,81.4,178,92,86
3331,2837314,75.5548888888889,77.61,73.53,135,67,68
3332,2840341,55.2229850746269,46.15,63.77,134,65,69
3333,2844320,68.9338834951456,69.39,68.52,103,49,54
3334,2846380,86.9952845528455,85.94,88.14,123,64,59
3335,2847177,79.6743902439025,81.82,77.19,123,66,57
3336,2849085,83.9285714285714,88.64,80.88,112,44,68
3337,2849448,60.9060902255639,68.97,54.67,133,58,75
3338,2857312,59.9966666666667,39.58,83.33,90,48,42
3339,2861360,83.6070491803279,89.06,77.59,122,64,58
3340,2861582,79.6437168141593,73.58,85,113,53,60
3341,2861689,87.4978571428571,79.07,92.75,112,43,69
3342,2863070,30.2838028169014,25,34.15,142,60,82
3343,2863808,52.4981666666667,59.32,45.9,120,59,61
3344,2864028,60.1774336283186,70.91,50,113,55,58
3345,2864772,42.5,62.96,25.76,120,54,66
3346,2865043,24.138275862069,28.85,20.31,116,52,64
3347,2865163,40.496694214876,43.1,38.1,121,58,63
3348,2865758,50.0025892857143,55.56,46.27,112,45,67
3349,2865901,27.3494871794872,34.69,22.06,117,49,68
3350,2866335,51.7842857142857,31.11,65.67,112,45,67
3351,2867285,40.5639622641509,40,40.98,106,45,61
3352,2868253,62.6245454545455,69.44,58.73,99,36,63
3353,2869983,65.6553535353535,65.38,65.96,99,52,47
3354,2870069,75.7261165048544,70.73,79.03,103,41,62
3355,2870300,74.7657943925234,67.65,78.08,107,34,73
3356,2871106,71.6626666666667,52.27,82.89,120,44,76
3357,2873783,60.0003333333333,60.38,59.7,120,53,67
3358,2873978,78.0022,73.02,81.61,150,63,87
3359,2874278,76.5946808510638,82.61,70.83,141,69,72
3360,2874967,60.377358490566,78.05,49.23,106,41,65
3361,2879125,79.2591851851852,66.13,90.41,135,62,73
3362,2879737,68.7992,75.38,61.67,125,65,60
3363,2879745,72.6045890410959,75.95,68.66,146,79,67
3364,2879907,68.5695714285714,67.24,69.51,140,58,82
3365,2879918,74.6410144927536,81.71,64.29,138,82,56
3366,2880756,80.0003703703704,92.31,68.57,135,65,70
3367,2881313,81.82,83.08,80.77,143,65,78
3368,2881406,82.7584137931035,89.61,75,145,77,68
3369,2881569,80.7422222222222,89.86,71.21,135,69,66
3370,2881726,83.8732258064516,83.53,84.29,155,85,70
3371,2881859,86.2887096774193,92.31,81.94,124,52,72
3372,2885702,68.9655172413793,75,62.5,116,60,56
3373,2886993,69.2986842105263,66.04,72.13,114,53,61
3374,2887125,73.1322388059701,81.08,63.33,134,74,60
3375,2888134,69.9985714285714,64.86,75.76,140,74,66
3376,2888539,90.9668387096774,95.18,86.11,155,83,72
3377,2889722,26.4542580645161,26.51,26.39,155,83,72
3378,2889894,75.7346323529412,73.85,77.46,136,65,71
3379,2889922,80.392091503268,81.71,78.87,153,82,71
3380,2889993,84.715923566879,87.78,80.6,157,90,67
3381,2890507,81.4583443708609,78.75,84.51,151,80,71
3382,2892968,78.7616814159292,70.59,91.11,113,68,45
3383,2893669,77.1255555555556,77.65,76.47,153,85,68
3384,2893707,78.2603623188406,77.92,78.69,138,77,61
3385,2894123,79.5605109489051,81.33,77.42,137,75,62
3386,2894179,78.0295454545455,80.6,75.38,132,67,65
3387,2894220,83.1181818181818,83.56,82.72,154,73,81
3388,2894779,63.6401652892562,60.66,66.67,121,61,60
3389,2895073,80.8139534883721,75,87.5,172,92,80
3390,2895954,69.03,65.59,74.19,155,93,62
3391,2899638,79.1341726618705,82.95,72.55,139,88,51
3392,2899836,78.4895348837209,79.17,77.63,172,96,76
3393,2901039,77.635,69.74,85.53,152,76,76
3394,2902889,72.6634532374101,71.25,74.58,139,80,59
3395,2903469,84.0348739495798,93.75,72.73,119,64,55
3396,2905488,79.168,69.7,90.74,120,66,54
3397,2906502,68.545564516129,83.05,55.38,124,59,65
3398,2907187,82.0516666666667,87.14,77.91,156,70,86
3399,2907340,73.5510322580645,66.67,77.23,155,54,101
3400,2908304,68.0957668711657,68.67,67.5,163,83,80
3401,2910837,70.5489726027397,67.9,73.85,146,81,65
3402,2913936,83.11,85.14,81.08,148,74,74
3403,2914799,77.7029054054054,78.46,77.11,148,65,83
3404,2915092,62.4188590604027,61.54,62.89,149,52,97
3405,2916838,75.64,75.64,75.64,156,78,78
3406,2917776,63.2338235294118,61.36,64.13,136,44,92
3407,2918735,57.720081300813,62.71,53.12,123,59,64
3408,2919431,72.9499180327869,66.67,76.62,122,45,77
3409,2919484,68.9649655172414,57.14,78.05,145,63,82
3410,2919590,34.7548780487805,33.33,35.87,164,72,92
3411,2920008,87.3463855421687,78.08,94.62,166,73,93
3412,2920582,81.7610691823899,63.93,92.86,159,61,98
3413,2923376,71.5120606060606,68.49,73.91,165,73,92
3414,2924111,54.6585714285714,60.87,50,161,69,92
3415,2924581,86.2093103448276,84.85,87.04,174,66,108
3416,2925837,55.2810559006211,53.85,56.25,161,65,96
3417,2926440,82.568,82.72,82.46,195,81,114
3418,2926457,71.204554973822,73.75,69.37,191,80,111
3419,2926472,76.4437172774869,66.22,82.91,191,74,117
3420,2927200,72.5503921568627,45.45,83.49,153,44,109
3421,2927614,74.8261538461538,73.58,75.56,143,53,90
3422,2928449,78.6989940828402,77.94,79.21,169,68,101
3423,2928523,78.683807106599,74.03,81.67,197,77,120
3424,2928728,80.7253012048193,75,85.56,166,76,90
3425,2929490,73.9134782608696,66.67,78.57,138,54,84
3426,2929586,75.166339869281,78.69,72.83,153,61,92
3427,2929592,67.745,70.97,64.52,124,62,62
3428,2929622,79.7536196319018,69.35,86.14,163,62,101
3429,2931526,67.7958192090395,58.9,74.04,177,73,104
3430,2932716,74.3903658536585,72.86,75.53,164,70,94
3431,2933219,75.676972972973,74.68,76.42,185,79,106
3432,2936766,75.1454335260116,77.5,73.12,173,80,93
3433,2936779,77.5178106508876,75.31,79.55,169,81,88
3434,2936881,68.8761589403973,54.55,80,151,66,85
3435,2937522,45.5219402985075,11.11,68.75,134,54,80
3436,2937681,72.4847651006711,72.31,72.62,149,65,84
3437,2937918,54.40304,44.9,60.53,125,49,76
3438,2938846,71.3377070063694,61.54,78.26,157,65,92
3439,2939016,68.665,72,65.33,150,75,75
3440,2939026,53.5484516129032,46.27,59.09,155,67,88
3441,2939128,71.7942948717949,69.01,74.12,156,71,85
3442,2939512,77.0382222222222,70.18,82.05,135,57,78
3443,2939589,63.9710294117647,67.14,60.61,136,70,66
3444,2939761,72.3877611940298,67.19,77.14,134,64,70
3445,2939960,68.1147826086956,60.94,74.32,138,64,74
3446,2940064,67.5207692307692,66.67,68.25,117,54,63
3447,2940422,72.6103184713376,71.43,73.56,157,70,87
3448,2940469,73.285,76.71,69.86,146,73,73
3449,2940657,75.5254545454545,83.08,69.23,143,65,78
3450,2944160,76.1475229357798,75,77.36,109,56,53
3451,2944934,80.0013043478261,80.33,79.63,115,61,54
3452,2945268,73.3323809523809,73.58,73.08,105,53,52
3453,2945312,76.0326446280992,72.55,78.57,121,51,70
3454,2945629,74.2583168316832,79.17,69.81,101,48,53
3455,2946129,64.5164516129032,72.22,53.85,93,54,39
3456,2947529,60.6309448818898,67.74,53.85,127,62,65
3457,2950770,69.367027027027,62.22,74.24,111,45,66
3458,2950892,74.2854285714286,76.56,72.37,140,64,76
3459,2951144,64.0785436893204,52.5,71.43,103,40,63
3460,2952930,77.6242657342657,67.24,84.71,143,58,85
3461,2954517,72.7851898734177,59.09,82.61,158,66,92
3462,2955286,76.537374301676,72.09,80.65,179,86,93
3463,2955317,77.0151724137931,72.73,81.4,174,88,86
3464,2955717,55.7365573770492,33.33,73.53,122,54,68
3465,2956312,64.5708,41.67,85.71,175,84,91
3466,2957047,75.3235064935065,68.42,82.05,154,76,78
3467,2957634,72.9154861111111,65.67,79.22,144,67,77
3468,2960682,74.763738317757,62,85.96,107,50,57
3469,2960703,78.9478195488722,62.07,92,133,58,75
3470,2961360,74.9975675675676,84.93,65.33,148,73,75
3471,2964601,80.5935820895522,63.49,95.77,134,63,71
3472,2964983,69.9257142857143,50.88,84.21,133,57,76
3473,2968686,51.9988,72.73,35.71,125,55,70
3474,2970443,79.0711627906977,86.11,70.18,129,72,57
3475,2971597,66.2075862068966,56.67,72.94,145,60,85
3476,2972983,76.6483233532934,67.14,83.51,167,70,97
3477,2973948,60.1334640522876,59.04,61.43,153,83,70
3478,2973961,68.80112,73.08,61.7,125,78,47
3479,2974810,75.5699236641221,66.1,83.33,131,59,72
3480,2975118,84.3959574468085,87.95,79.31,141,83,58
3481,2976221,82.637125748503,83.52,81.58,167,91,76
3482,2976680,77.6209090909091,81.58,73.13,143,76,67
3483,2977157,74.1952258064516,75,73.02,155,92,63
3484,2977799,68.1783333333333,56.36,76.62,132,55,77
3485,2977838,75.712,77.61,73.97,140,67,73
3486,2978340,74.5344720496894,79.31,68.92,161,87,74
3487,2979892,62.3933333333333,58.33,65.22,117,48,69
3488,2980820,72.0943410852713,75.41,69.12,129,61,68
3489,2980978,69.2911023622047,71.23,66.67,127,73,54
3490,2982232,70.715,71.43,70,140,70,70
3491,2983422,81.3028455284553,82.26,80.33,123,62,61
3492,2984661,71.7166666666667,75,69.09,99,44,55
3493,2984830,8.75824817518248,5.8,11.76,137,69,68
3494,2985631,63.6363636363636,58.33,67.31,88,36,52
3495,2985676,85.2181739130435,90.74,80.33,115,54,61
3496,2986159,80.8712173913044,79.17,82.09,115,48,67
3497,2987901,48.84,63.27,29.73,86,49,37
3498,2989463,75.2406666666667,65.31,83.93,105,49,56
3499,2989562,77.7815384615385,75.56,79.17,117,45,72
3500,2989578,73.9826016260163,67.86,79.1,123,56,67
3501,2990342,86.9207692307692,89.09,85.33,130,55,75
3502,2990624,77.5234108527132,83.08,71.88,129,65,64
3503,2992942,75.3153164556962,79.76,70.27,158,84,74
3504,2996645,69.4201652892562,57.41,79.1,121,54,67
3505,2998242,84.4054128440367,84.51,84.21,109,71,38
3506,3000689,76.9225174825175,75,78.48,143,64,79
3507,3000701,82.3095918367347,83.33,81.33,147,72,75
3508,3002213,67.2714545454545,61.54,72.41,110,52,58
3509,3002901,81.8145454545455,77.08,84.52,132,48,84
3510,3003793,76.8671641791045,81.82,72.06,134,66,68
3511,3004387,84.1760431654676,79.37,88.16,139,63,76
3512,3005491,84.3152941176471,90.57,77.55,102,53,49
3513,3005950,80.6053333333333,80.68,80.52,165,88,77
3514,3006907,65.9851020408163,68.63,64.58,147,51,96
3515,3006914,62.8567142857143,73.77,54.43,140,61,79
3516,3006962,75.8581034482759,73.33,76.74,116,30,86
3517,3009366,65.9439130434782,51.79,75.61,138,56,82
3518,3010860,87.0719047619048,85.71,88.57,147,77,70
3519,3010876,77.7766666666667,71.43,82.35,117,49,68
3520,3011482,73.43625,73.53,73.33,128,68,60
3521,3011941,51.445652173913,46.77,55.26,138,62,76
3522,3013193,74.6744805194805,72.84,76.71,154,81,73
3523,3017252,77.7782051282051,84.48,71.19,117,58,59
3524,3018079,82.085,85.07,79.1,134,67,67
3525,3019670,50.8477966101695,59.26,43.75,118,54,64
3526,3020084,76.6905263157895,66.67,83.54,133,54,79
3527,3020617,71.7945299145299,76.56,66.04,117,64,53
3528,3022379,78.4158273381295,73.24,83.82,139,71,68
3529,3025701,73.3313333333333,53.12,91.55,135,64,71
3530,3026190,72.3664473684211,65.85,80,152,82,70
3531,3027879,77.705,75.68,79.73,148,74,74
3532,3028920,78.9794904458599,80.82,77.38,157,73,84
3533,3029084,75.0002325581395,80.68,69.05,172,88,84
3534,3029650,83.535,83.95,83.13,164,81,83
3535,3031007,81.3010569105691,81.69,80.77,123,71,52
3536,3031646,72.66,82.54,64.47,139,63,76
3537,3032751,70.8656692913386,58,79.22,127,50,77
3538,3032903,84.2508661417323,85,83.58,127,60,67
3539,3034267,78.741968503937,78.79,78.69,127,66,61
3540,3036498,77.2368292682927,79.41,74.55,123,68,55
3541,3037062,76.8702040816327,86.42,65.15,147,81,66
3542,3037665,76.2315573770492,70.91,80.6,122,55,67
3543,3037972,71.3246323529412,80.25,58.18,136,81,55
3544,3038149,40.9957,55.81,29.82,100,43,57
3545,3040177,50.6603947368421,64.94,36,152,77,75
3546,3045184,79.2137078651685,77.78,80.68,178,90,88
3547,3045490,67.695,64.62,70.77,130,65,65
3548,3045742,92.945,87.14,97.67,156,70,86
3549,3046525,70.7485034013606,73.85,68.29,147,65,82
3550,3047010,67.8281818181818,73.33,61.76,143,75,68
3551,3047326,77.3006134969325,76.62,77.91,163,77,86
3552,3048409,76.511610738255,66.67,85,149,69,80
3553,3050127,80.2739455782313,84.91,77.66,147,53,94
3554,3051659,71.9517682926829,67.21,74.76,164,61,103
3555,3051692,70.1930769230769,60.42,78.57,104,48,56
3556,3054508,65.0690410958904,73.08,55.88,146,78,68
3557,3055531,74.7995121951219,77.78,71.67,123,63,60
3558,3056349,2.17472826086957,2.2,2.15,184,91,93
3559,3056446,8.42803370786517,9.2,7.69,178,87,91
3560,3058818,38.9221556886228,34.12,43.9,167,85,82
3561,3060345,73.8545751633987,81.25,65.75,153,80,73
3562,3061140,69.4452083333333,68.54,70.91,144,89,55
3563,3061337,70.0579041916168,67.5,72.41,167,80,87
3564,3061649,70.004,73.26,66.22,160,86,74
3565,3065226,78.6988165680473,77.45,80.6,169,102,67
3566,3068497,78.6632,68.18,86.9,150,66,84
3567,3069948,74.6757142857143,81.82,65.15,154,88,66
3568,3070012,85.9003846153846,85.51,86.21,156,69,87
3569,3070983,77.9733333333333,85.71,68.83,168,91,77
3570,3071579,69.7157746478873,67.14,72.22,142,70,72
3571,3071895,82.6841899441341,81.61,83.7,179,87,92
3572,3071970,80.6825568181818,78.31,82.8,176,83,93
3573,3072558,80.002,88.89,66.67,135,81,54
3574,3072858,86.2077931034483,80.49,93.65,145,82,63
3575,3073875,78.4285620915033,80.43,75.41,153,92,61
3576,3074487,77.0830555555555,82.93,69.35,144,82,62
3577,3080085,81.0140506329114,88.89,70.59,158,90,68
3578,3082358,72.2645255474453,80.52,61.67,137,77,60
3579,3082515,61.805,57.58,65.38,144,66,78
3580,3082857,69.9983529411765,68.6,71.43,170,86,84
3581,3083934,75.7956050955414,77.78,73.13,157,90,67
3582,3085578,74.1929569892473,73.03,75.26,186,89,97
3583,3085593,59.2342675159236,34.92,75.53,157,63,94
3584,3086419,59.0527559055118,58.33,59.7,127,60,67
3585,3086560,59.0696373056995,51.58,66.33,193,95,98
3586,3086609,68.4791304347826,64.84,72.04,184,91,93
3587,3086722,56.625,73.49,39.76,166,83,83
3588,3091524,67.7240740740741,65.93,69.39,189,91,98
3589,3092119,35.9187323943662,47.95,23.19,142,73,69
3590,3094151,53.2810948905109,51.56,54.79,137,64,73
3591,3094935,69.1793150684932,71.83,66.67,146,71,75
3592,3095155,85.2093661971831,74.6,93.67,142,63,79
3593,3095240,74.4836551724138,68.18,79.75,145,66,79
3594,3095269,73.2886956521739,70.51,75.9,161,78,83
3595,3095302,72.8475496688742,67.14,77.78,151,70,81
3596,3098991,71.3104098360656,72.55,70.42,122,51,71
3597,3100862,80.7418518518518,72.86,89.23,135,70,65
3598,3102920,72.6776744186047,79.75,66.67,172,79,93
3599,3103876,71.5304166666667,78.67,63.77,144,75,69
3600,3103945,69.7188028169014,71.23,68.12,142,73,69
3601,3104386,79.86125,80,79.73,144,70,74
3602,3106130,75.7765217391304,70,80.22,161,70,91
3603,3108885,71.2411764705882,82.05,60,153,78,75
3604,3109231,73.4527433628319,71.43,75.44,113,56,57
3605,3114052,66.4339160839161,79.31,46.43,143,87,56
3606,3115899,68.5735714285714,70.77,66.67,140,65,75
3607,3116438,67.7096875,71.03,63.53,192,107,85
3608,3117155,79.119010989011,80.85,77.27,182,94,88
3609,3117379,69.8971428571429,67.68,72.16,196,99,97
3610,3117558,71.8746875,68.32,75.82,192,101,91
3611,3119048,64.600248447205,64.71,64.52,161,68,93
3612,3119214,65.7694630872483,70.77,61.9,149,65,84
3613,3119300,74.9974264705883,87.01,59.32,136,77,59
3614,3119829,69.7695348837209,65.79,72.92,172,76,96
3615,3121011,73.9663905325444,64.52,79.44,169,62,107
3616,3121134,80.125900621118,77.27,82.11,161,66,95
3617,3124494,78.8551428571429,75.31,81.91,175,81,94
3618,3129386,71.2539520958084,78.49,62.16,167,93,74
3619,3132075,42.7761271676301,22.22,57.43,173,72,101
3620,3133183,62.0954838709677,38.3,76.62,124,47,77
3621,3133916,65.9234074074074,79.31,55.84,135,58,77
3622,3135212,78.0278787878788,77.55,78.31,132,49,83
3623,3135937,79.7561963190184,73.02,84,163,63,100
3624,3136942,82.03046875,85.48,78.79,128,62,66
3625,3139965,79.141472392638,80.82,77.78,163,73,90
3626,3142435,75.181897810219,82.86,67.16,137,70,67
3627,3142819,70.8786813186813,70.45,71.28,182,88,94
3628,3142886,74.445,74.36,74.51,180,78,102
3629,3143742,75.3354,78.95,73.12,150,57,93
3630,3144088,68.945900621118,65,71.29,161,60,101
3631,3144111,65.4397794117647,67.21,64,136,61,75
3632,3145079,68.152,79.17,55.56,135,72,63
3633,3147747,79.0844444444444,85.88,70.59,153,85,68
3634,3148347,76.2986705202312,78.75,74.19,173,80,93
3635,3149418,80.9034831460674,85.19,74.29,178,108,70
3636,3149730,70.9657419354839,60.29,79.31,155,68,87
3637,3150243,58.6825149700599,55.7,61.36,167,79,88
3638,3150728,83.2357803468208,84.27,82.14,173,89,84
3639,3153131,26.7867857142857,28.89,24.36,168,90,78
3640,3153367,66.4614285714286,75.95,57.32,161,79,82
3641,3153877,70.4415094339623,65.08,73.96,159,63,96
3642,3154440,76.2708474576271,78.48,74.49,177,79,98
3643,3155116,80.1175438596491,73.08,86.02,171,78,93
3644,3156420,79.3297765363128,79.07,79.57,179,86,93
3645,3156623,79.0065745856354,76.25,81.19,181,80,101
3646,3157011,67.882,51.52,78.79,165,66,99
3647,3157186,69.88,65.33,73.63,166,75,91
3648,3157466,59.5250793650794,58.46,60.66,126,65,61
3649,3159380,78.7396062992126,87.88,68.85,127,66,61
3650,3160833,59.4806034482759,69.49,49.12,116,59,57
3651,3161095,89.2158823529412,97.83,82.14,102,46,56
3652,3163005,73.9375757575758,76.83,71.08,165,82,83
3653,3164402,66,73.81,56.06,150,84,66
3654,3166049,70.39784,70.31,70.49,125,64,61
3655,3167339,75.1482840236687,82.5,68.54,169,80,89
3656,3168056,70.6865517241379,75.29,66.29,174,85,89
3657,3168265,65.0895266272189,62.67,67.02,169,75,94
3658,3169400,81.0634319526627,81.72,80.26,169,93,76
3659,3170200,63.843,65.67,61.9,130,67,63
3660,3171427,45.6709448818898,25,66.67,127,64,63
3661,3173301,69.6696721311475,69.35,70,122,62,60
3662,3173912,73.2135714285714,73.61,72.5,112,72,40
3663,3174044,77.4454135338346,70.97,83.1,133,62,71
3664,3174504,71.7388405797101,78.38,64.06,138,74,64
3665,3174517,76.1168656716418,81.33,69.49,134,75,59
3666,3178039,79.6407185628743,71.95,87.06,167,82,85
3667,3178436,81.4490322580645,85.71,77.94,124,56,68
3668,3180268,73.4453672316384,72.63,74.39,177,95,82
3669,3184459,77.5530612244898,77.94,77.22,147,68,79
3670,3184776,77.8650381679389,70,82.72,131,50,81
3671,3184789,84.2844285714286,79.71,88.73,140,69,71
3672,3187686,84.941686746988,80.6,87.88,166,67,99
3673,3187916,73.8285234899329,86.59,58.21,149,82,67
3674,3188019,35.2297159090909,27.85,41.24,176,79,97
3675,3189630,74.7074705882353,64.79,81.82,170,71,99
3676,3190284,26.7193129770992,40.35,16.22,131,57,74
3677,3192815,70.2685135135135,64.38,76,148,73,75
3678,3195346,73.8594117647059,73.08,74.67,153,78,75
3679,3195682,74.3775,76.32,72.62,160,76,84
3680,3196809,74.7371578947369,71.43,78.26,95,49,46
3681,3197406,82.2339473684211,84.52,79.41,152,84,68
3682,3197704,78.2894078947369,73.33,83.12,152,75,77
3683,3197817,70.1275974025974,68.35,72,154,79,75
3684,3197846,61.5901449275362,58.06,64.47,138,62,76
3685,3198666,45.52,56.06,35.29,134,66,68
3686,3198909,50.8757894736842,62.96,40,171,81,90
3687,3199006,69.7857553956835,74.58,66.25,139,59,80
3688,3201552,66.8812101910828,78.75,54.55,157,80,77
3689,3203017,33.0848120300752,41.18,28.05,133,51,82
3690,3205079,70.4908196721312,71.76,69.39,183,85,98
3691,3205097,70.2257303370787,60.53,77.45,178,76,102
3692,3206072,53.6863758389262,37.25,62.24,149,51,98
3693,3206898,72.6729069767442,77.92,68.42,172,77,95
3694,3207324,67.4604761904762,77.27,56.67,126,66,60
3695,3208235,27.8596428571429,44.78,12.33,140,67,73
3696,3209090,70.5213294797688,81.93,60,173,83,90
3697,3211036,61.5895364238411,49.02,68,151,51,100
3698,3212580,84.4717391304348,83.95,85,161,81,80
3699,3212864,65.3643575418995,77.78,50,179,99,80
3700,3213646,73.8361046511628,76.84,70.13,172,95,77
3701,3214988,67.8194827586207,70.67,65.66,174,75,99
3702,3215069,76.0888586956522,83.53,69.7,184,85,99
3703,3215143,72.0669273743017,71.26,72.83,179,87,92
3704,3215232,70.3959210526316,74.6,67.42,152,63,89
3705,3215298,77.8379545454545,82.14,73.91,176,84,92
3706,3216739,48.3346666666667,36.59,54.43,120,41,79
3707,3218091,76.5411111111111,73.33,78.43,162,60,102
3708,3218300,72.5783870967742,74.39,71.15,186,82,104
3709,3218318,72.1922459893048,80.95,65.05,187,84,103
3710,3219589,72.7245454545455,84.31,62.71,110,51,59
3711,3221617,89.053503649635,86.89,90.79,137,61,76
3712,3222512,70.8934328358209,61.7,75.86,134,47,87
3713,3222520,74.6744805194805,76.71,72.84,154,73,81
3714,3222676,69.0794736842105,63.89,73.75,152,72,80
3715,3224341,65.7915789473684,86.25,43.06,152,80,72
3716,3225990,64.9419540229885,64.63,65.22,174,82,92
3717,3228622,81.3938953488372,81.01,81.72,172,79,93
3718,3230715,26.9029824561404,32.93,21.35,171,82,89
3719,3233779,67.3610416666667,72.46,62.67,144,69,75
3720,3236127,72.1802255639098,81.69,61.29,133,71,62
3721,3238390,76.8186754966887,74.32,79.22,151,74,77
3722,3238824,57.5552517985612,41.67,69.62,139,60,79
3723,3240223,76.35,79.73,72.97,148,74,74
3724,3240353,47.4346153846154,46.05,48.75,156,76,80
3725,3240360,49.1498305084746,61.76,32,118,68,50
3726,3240367,54.1424203821656,60.76,47.44,157,79,78
3727,3240384,71.5386923076923,77.78,65.67,130,63,67
3728,3240397,74.0974698795181,73.33,74.73,166,75,91
3729,3240528,73.7463125,78.08,70.11,160,73,87
3730,3240775,69.5940540540541,69.74,69.44,148,76,72
3731,3242851,42.7441935483871,9.09,69.57,124,55,69
3732,3244211,81.0839189189189,82.86,79.49,148,70,78
3733,3244996,71.7942307692308,67.9,76,156,81,75
3734,3245986,58.876261682243,42,73.68,107,50,57
3735,3246448,78.1057988165681,75,81.48,169,88,81
3736,3246691,72.0244047619048,68.24,75.9,168,85,83
3737,3246805,72.8307514450867,57.14,87.64,173,84,89
3738,3246924,70.5871241830065,65,76.71,153,80,73
3739,3247222,50.9119090909091,43.14,57.63,110,51,59
3740,3247399,83.8723225806452,78.38,88.89,155,74,81
3741,3247997,47.27,66.23,30.68,165,77,88
3742,3251334,61.8782320441989,51.72,71.28,181,87,94
3743,3255278,74.8395483870968,63.51,85.19,155,74,81
3744,3256683,79.4251428571429,74.68,83.33,175,79,96
3745,3256901,68.7137988826816,69.23,68.18,179,91,88
3746,3256950,68.1088108108108,73.91,62.37,185,92,93
3747,3258366,68.0763855421687,42.86,83.5,166,63,103
3748,3259024,70.7036305732484,54.29,83.91,157,70,87
3749,3261049,12.3070769230769,12.12,12.5,195,99,96
3750,3261893,80.1282692307692,77.11,83.56,156,83,73
3751,3263534,78.7478125,76.34,82.09,160,93,67
3752,3264474,79.6509302325581,82.42,76.54,172,91,81
3753,3264646,78.6529213483146,78,79.49,178,100,78
3754,3266100,56.1312903225806,61.45,50,155,83,72
3755,3266330,79.1942281879194,88.16,69.86,149,76,73
3756,3267340,61.1479617834395,56.99,67.19,157,93,64
3757,3267345,62.3371428571429,50,77.94,154,86,68
3758,3267789,84.4142857142857,77.27,93.94,154,88,66
3759,3268397,80.2626315789474,74.67,85.71,152,75,77
3760,3268442,75.1545962732919,75.79,74.24,161,95,66
3761,3272452,69.3624277456647,64.44,74.7,173,90,83
3762,3273098,65.5360810810811,65.38,65.71,148,78,70
3763,3273359,69.4605988023952,81.25,53.52,167,96,71
3764,3274472,69.3861224489796,69.44,69.32,196,108,88
3765,3274723,80.9544642857143,84.95,76,168,93,75
3766,3275861,68.7080272108844,74.39,61.54,147,82,65
3767,3278950,66.9123529411765,72.5,58.93,136,80,56
3768,3279694,60.9572602739726,56.47,67.21,146,85,61
3769,3279795,69.137037037037,68.75,69.7,162,96,66
3770,3280780,81.4833333333333,89.23,74.29,135,65,70
3771,3280980,69.750756302521,55.56,81.54,119,54,65
3772,3281240,65.9277777777778,54.67,80,135,75,60
3773,3282780,54.6756834532374,63.33,38.78,139,90,49
3774,3283570,70.1998013245033,67.78,73.77,151,90,61
3775,3284101,63.8678709677419,72.16,50,155,97,58
3776,3285511,80.404054054054,75,88.33,148,88,60
3777,3286518,75.1662416107383,70.45,81.97,149,88,61
3778,3286647,70.9467567567568,70.93,70.97,148,86,62
3779,3288135,73.7905517241379,68.29,80.95,145,82,63
3780,3288323,68.4552348993289,63.41,74.63,149,82,67
3781,3288993,64.9576923076923,59.65,70,117,57,60
3782,3289513,81.8183916083916,83.53,79.31,143,85,58
3783,3291794,73.8566666666667,75.79,70.69,153,95,58
3784,3292255,59.8669387755102,65.52,51.67,147,87,60
3785,3293749,70.9493918918919,77.22,63.77,148,79,69
3786,3294540,73.9953333333333,63.41,86.76,150,82,68
3787,3296394,69.2944094488189,66.67,72.73,127,72,55
3788,3296420,73.5715714285714,79.75,65.57,140,79,61
3789,3298523,55.1504848484849,46.74,65.75,165,92,73
3790,3298948,70.62325,76.62,65.06,160,77,83
3791,3300007,73.826711409396,81.25,65.22,149,80,69
3792,3300456,74.5681502890173,85.23,63.53,173,88,85
3793,3301184,71.0328275862069,75,67.12,145,72,73
3794,3301295,58.4445454545454,36.51,73.63,154,63,91
3795,3301683,78.98,93.26,60.29,157,89,68
3796,3303745,75.4517964071856,79.35,70.67,167,92,75
3797,3308449,73.7128865979381,77.63,71.19,194,76,118
3798,3311074,68.8419565217391,63.38,74.63,138,71,67
3799,3311551,70.3444137931035,72.09,67.8,145,86,59
3800,3312092,54.0325806451613,72.22,28.85,124,72,52
3801,3314897,75.19968,68.52,80.28,125,54,71
3802,3315809,82.1655414012739,86.49,78.31,157,74,83
3803,3316692,79.630462962963,80.65,79.22,108,31,77
3804,3317118,83.9151048951049,83.78,84.06,143,74,69
3805,3317730,76.8722448979592,75.36,78.21,147,69,78
3806,3317866,63.7771653543307,80.3,45.9,127,66,61
3807,3317955,26.398,22,29.33,125,50,75
3808,3319252,77.8648854961832,71.67,83.1,131,60,71
3809,3321324,65.8098064516129,65.48,66.2,155,84,71
3810,3321543,66.1639097744361,70.42,61.29,133,71,62
3811,3322731,63.6994520547945,63.24,64.1,146,68,78
3812,3326171,66.6682352941177,65.15,67.82,153,66,87
3813,3326664,74.4435,76.77,71.6,180,99,81
3814,3326730,65.3562091503268,70.45,58.46,153,88,65
3815,3326776,73.8905,75.26,72.29,180,97,83
3816,3326842,67.3224836601307,69.88,64.29,153,83,70
3817,3326877,69.2316666666667,59.46,78.05,156,74,82
3818,3328409,72.9388235294118,72,73.68,170,75,95
3819,3328735,71.5221854304636,65.67,76.19,151,67,84
3820,3328742,73.5068874172186,69.86,76.92,151,73,78
3821,3329755,57.60368,59.38,55.74,125,64,61
3822,3331628,79.485641025641,78.75,80.26,156,80,76
3823,3331862,76.7966850828729,72.5,80.2,181,80,101
3824,3331893,74.685,70.89,78.48,158,79,79
3825,3332495,71.8325352112676,60.94,80.77,142,64,78
3826,3335003,65.0985234899329,77.5,50.72,149,80,69
3827,3336373,83.3323655913978,87.5,79.59,186,88,98
3828,3339952,80.0026086956522,74,84.62,115,50,65
3829,3340226,64.8286206896552,62.16,67.61,145,74,71
3830,3340430,70.093738317757,53.85,79.41,107,39,68
3831,3342003,56.8627450980392,50,64,153,78,75
3832,3343906,46.0398561151079,22.41,62.96,139,58,81
3833,3345878,78.3778378378378,77.94,78.75,148,68,80
3834,3346046,82.8575,84.62,81.33,140,65,75
3835,3347055,77.3913913043478,73.08,80.95,115,52,63
3836,3351945,78.0002666666667,72.88,81.32,150,59,91
3837,3353016,82.6958974358975,91.18,76.14,156,68,88
3838,3353981,70.4793975903614,73.33,68.13,166,75,91
3839,3356694,48.2546511627907,37.8,57.78,172,82,90
3840,3357705,74.2244329896907,75.61,73.21,194,82,112
3841,3357992,79.0980225988701,83.15,75,177,89,88
3842,3358516,76.813115942029,69.39,80.9,138,49,89
3843,3358593,75.9748603351955,73.86,78.02,179,88,91
3844,3358817,59.8707643312102,51.56,65.59,157,64,93
3845,3359883,8.53853658536585,11.63,5.13,164,86,78
3846,3360669,72.0749350649351,70.31,73.33,154,64,90
3847,3362091,79.1192307692308,82.14,76.53,182,84,98
3848,3363073,69.9971764705882,65.62,72.64,170,64,106
3849,3364166,81.0821621621622,75.36,86.08,148,69,79
3850,3366136,74.4085714285714,68.06,79.17,168,72,96
3851,3366243,75.9004819277108,77.63,74.44,166,76,90
3852,3368127,45.3037606837607,42.11,46.84,117,38,79
3853,3370092,54.2287562189055,54.88,53.78,201,82,119
3854,3370204,29.6277777777778,25.49,33.33,216,102,114
3855,3370579,41.4217159763314,61.46,15.07,169,96,73
3856,3370651,44.0831578947368,47.95,40.51,152,73,79
3857,3372961,80.9533333333333,84.52,78.1,189,84,105
3858,3372985,77.2734090909091,87.32,70.48,176,71,105
3859,3373311,83.7803243243243,86.36,81.44,185,88,97
3860,3373959,45.0834426229508,51.43,36.54,122,70,52
3861,3374773,86.0434302325582,83.54,88.17,172,79,93
3862,3375137,79.1685714285714,88.64,68.75,168,88,80
3863,3375434,72.4884656084656,72.5,72.48,189,80,109
3864,3375770,73.3345454545455,81.71,65.06,165,82,83
3865,3376258,65.2434042553191,75.32,53.12,141,77,64
3866,3376573,74.9983108108108,84,65.75,148,75,73
3867,3377690,82.776,80.77,84.31,180,78,102
3868,3377915,73.0401960784314,73.26,72.88,204,86,118
3869,3378519,78.19,84.04,72.34,188,94,94
3870,3378877,81.2945323741007,76.62,87.1,139,77,62
3871,3379992,76.8413684210526,76.83,76.85,190,82,108
3872,3384672,68.2091907514451,73.27,61.11,173,101,72
3873,3384779,46.9955737704918,29.03,65.56,183,93,90
3874,3386893,71.6666666666667,77.5,67,180,80,100
3875,3391549,69.3262576687117,69.05,69.62,163,84,79
3876,3392327,55.4899390243902,33.96,65.77,164,53,111
3877,3392864,64.3312738853503,70.13,58.75,157,77,80
3878,3393264,78.4320588235294,80.81,76.19,204,99,105
3879,3393318,58.668,63.75,52.86,150,80,70
3880,3393339,74.627960199005,78.22,71,201,101,100
3881,3394391,71.2301369863014,75,68.6,146,60,86
3882,3395877,80.1166477272727,77.11,82.8,176,83,93
3883,3396231,49.2760869565217,67.95,25,138,78,60
3884,3400966,63.5110810810811,43.86,75.82,148,57,91
3885,3402083,41.542,53.85,23.08,130,78,52
3886,3407352,73.9126086956522,72.53,75.71,161,91,70
3887,3407360,63.4642307692308,75.24,39.22,156,105,51
3888,3410919,72.1086394557823,74.42,68.85,147,86,61
3889,3411364,78.75175,79.73,77.91,160,74,86
3890,3411708,66.3847058823529,52.38,82.14,119,63,56
3891,3412847,75.6073780487805,79.22,72.41,164,77,87
3892,3414106,69.9983125,66.67,72.16,160,63,97
3893,3414420,79.195033557047,77.42,80.46,149,62,87
3894,3415859,8.74327868852459,6.74,10.64,183,89,94
3895,3416745,74.4985906040268,86.05,58.73,149,86,63
3896,3416859,75.3189873417721,82.56,66.67,158,86,72
3897,3417216,69.7884892086331,78.21,59.02,139,78,61
3898,3418040,80.5355033557047,89.55,73.17,149,67,82
3899,3418287,75.3170886075949,82.5,67.95,158,80,78
3900,3418397,75.305,73.97,76.4,162,73,89
3901,3419629,78.8359788359788,88.42,69.15,189,95,94
3902,3421168,82.4270909090909,89.29,75.31,165,84,81
3903,3422613,68.5169135802469,75.9,60.76,162,83,79
3904,3423548,78.8312408759124,88,67.74,137,75,62
3905,3424744,73.0065644171779,79.17,68.13,163,72,91
3906,3425297,82.8049044585987,84.29,81.61,157,70,87
3907,3428021,77.7798765432099,76.14,79.73,162,88,74
3908,3429703,75.3604347826087,81.82,71.08,138,55,83
3909,3431586,14.0904697986577,14.08,14.1,149,71,78
3910,3432201,69.8494852941176,62.71,75.32,136,59,77
3911,3434023,55.8113953488372,65.43,39.58,129,81,48
3912,3434897,66.459756097561,56.94,73.91,164,72,92
3913,3437183,80.6673333333333,80,81.43,150,80,70
3914,3437213,73.6194478527607,68.49,77.78,163,73,90
3915,3437438,63.1589473684211,64.94,61.7,171,77,94
3916,3439488,63.4570512820513,57.53,68.67,156,73,83
3917,3440673,29.0687790697674,20.25,36.56,172,79,93
3918,3442746,71.233904109589,67.09,76.12,146,79,67
3919,3443914,66.2577300613497,68.35,64.29,163,79,84
3920,3445047,61.4262857142857,53.73,68.49,140,67,73
3921,3445591,68.0714457831325,71.26,64.56,166,87,79
3922,3447037,67.8822627737226,58.21,77.14,137,67,70
3923,3448825,68.2101324503311,46.27,85.71,151,67,84
3924,3450322,75.2990361445783,69.89,82.19,166,93,73
3925,3451028,65.27625,64.44,66.67,144,90,54
3926,3451119,69.6774193548387,73.33,64.62,155,90,65
3927,3453677,67.20392,66.67,67.61,125,54,71
3928,3456784,62.1773076923077,70.73,52.7,156,82,74
3929,3457842,53.3316296296296,38.71,65.75,135,62,73
3930,3459022,73.1546979865772,75.95,70,149,79,70
3931,3459101,79.1873410404624,73.33,83.67,173,75,98
3932,3459175,74.0741975308642,78.57,67.19,162,98,64
3933,3460328,72.9404117647059,77.42,67.53,170,93,77
3934,3461297,79.9994634146341,79.17,80.73,205,96,109
3935,3464088,79.0415568862275,77.55,81.16,167,98,69
3936,3464494,64.8683783783784,76.6,52.75,185,94,91
3937,3464607,45.6699212598425,50.82,40.91,127,61,66
3938,3466628,64.4171779141104,78.26,46.48,163,92,71
3939,3467106,77.6497058823529,83.16,70.67,170,95,75
3940,3467305,81.8174545454546,82.29,81.16,165,96,69
3941,3467990,67.0259459459459,76.47,55.42,185,102,83
3942,3468198,76.4377011494253,78.31,74.73,174,83,91
3943,3470085,71.0364480874317,69,73.49,183,100,83
3944,3470682,84.2701123595506,81.73,87.84,178,104,74
3945,3475081,68.4247368421053,69.57,67.19,133,69,64
3946,3476202,70.4824096385542,81.52,56.76,166,92,74
3947,3476492,73.2895652173913,76.92,68.57,161,91,70
3948,3481340,69.9410429447853,70.79,68.92,163,89,74
3949,3481427,68.8604790419162,65.82,71.59,167,79,88
3950,3481613,67.44,60.34,73.24,129,58,71
3951,3482561,67.6458823529412,72.22,62.5,170,90,80
3952,3482621,57.9966666666667,58.82,56.92,150,85,65
3953,3485102,73.4944578313253,62.2,84.52,166,82,84
3954,3485190,74.4342045454545,71.28,78.05,176,94,82
3955,3487449,55.0371812080537,42.86,68.06,149,77,72
3956,3487785,80.6664,80.72,80.6,150,83,67
3957,3489783,72.0234523809524,62.35,81.93,168,85,83
3958,3490858,77.4632394366197,77.55,77.27,142,98,44
3959,3490887,73.7421787709497,75,72.15,179,100,79
3960,3491470,86.5492397660819,79.12,95,171,91,80
3961,3495733,76.55,80,73.33,145,70,75
3962,3495846,80.5563888888889,79.73,81.43,144,74,70
3963,3497821,43.4074418604651,61.64,19.64,129,73,56
3964,3498640,49.2795652173913,76.67,28.21,138,60,78
3965,3498646,54.2076635514019,67.31,41.82,107,52,55
3966,3498652,65.4429411764706,67.19,63.89,136,64,72
3967,3498767,68.8896666666667,81.32,56.18,180,91,89
3968,3498782,72.5187719298246,83.15,60.98,171,89,82
3969,3501622,74.0512658227848,80,67.95,158,80,78
3970,3502674,66.4425503355705,72,60.81,149,75,74
3971,3505251,72.8300543478261,83.52,62.37,184,91,93
3972,3506738,74.2171875,75,73.33,128,68,60
3973,3507111,75.1685234899329,73.44,76.47,149,64,85
3974,3507553,79.2464779874214,70,88.61,159,80,79
3975,3507915,68.2764827586207,68.06,68.49,145,72,73
3976,3508440,67.998,80.88,52.63,125,68,57
3977,3509995,75.523006993007,80,71.23,143,70,73
3978,3510084,77.3021276595745,73.68,79.76,141,57,84
3979,3511333,78.4188489208633,74.58,81.25,139,59,80
3980,3511400,79.5781690140845,79.66,79.52,142,59,83
3981,3511595,59.8506060606061,51.79,65.79,132,56,76
3982,3512519,59.2606666666667,64.71,53.73,135,68,67
3983,3513831,63.3821126760563,71.25,53.23,142,80,62
3984,3516502,71.5120348837209,70.33,72.84,172,91,81
3985,3517075,72.7279020979021,71.23,74.29,143,73,70
3986,3517624,71.0536842105263,76.14,64.06,152,88,64
3987,3518274,79.2720731707317,69.14,89.16,164,81,83
3988,3519314,61.2932903225807,56.34,65.48,155,71,84
3989,3520889,76.5990780141844,79.69,74.03,141,64,77
3990,3521414,72.5009375,60.87,81.32,160,69,91
3991,3521520,68.0988343558282,75.71,62.37,163,70,93
3992,3521779,46.3448780487805,27.59,63.08,123,58,65
3993,3522617,70.2141843971631,60,78.95,141,65,76
3994,3523356,54.5433333333333,35.29,75,132,68,64
3995,3523702,75.5392086330935,95.89,53.03,139,73,66
3996,3526329,53.4877906976744,44.29,59.8,172,70,102
3997,3526844,67.8776363636364,63.77,70.83,165,69,96
3998,3528267,73.3759171597633,66.22,78.95,169,74,95
3999,3528377,72.4548502994012,73.26,71.6,167,86,81
4000,3528523,63.7335233160622,51.69,74.04,193,89,104
4001,3528911,72.3171186440678,61.73,81.25,177,81,96
4002,3528968,70.7193922651934,60,79.21,181,80,101
4003,3529104,76.3502702702703,70,80.68,148,60,88
4004,3529237,68.749375,75.29,62.64,176,85,91
4005,3529576,72.2832065217391,68.54,75.79,184,89,95
4006,3531795,78.8866666666667,75,82.95,180,92,88
4007,3533284,73.5118378378378,74.49,72.41,185,98,87
4008,3533503,73.3329444444445,70.79,75.82,180,89,91
4009,3533807,71.5259722222222,70.21,74,144,94,50
4010,3534019,75.162091503268,71.62,78.48,153,74,79
4011,3534362,73.6842105263158,81.25,64,171,96,75
4012,3535531,69.279156626506,68.89,69.74,166,90,76
4013,3537515,74.1703311258278,75.64,72.6,151,78,73
4014,3538485,69.7488235294118,63.49,76.79,119,63,56
4015,3540418,68.8538797814208,61.04,74.53,183,77,106
4016,3540597,64.5952173913044,61.43,67.03,161,70,91
4017,3541993,66.6682666666667,76.47,58.54,150,68,82
4018,3542896,78.752125,83.12,74.7,160,77,83
4019,3544621,69.4447222222222,68.42,70.59,180,95,85
4020,3545072,64.3954545454546,68.97,60.81,132,58,74
4021,3545323,67.0197872340426,69.89,64.21,188,93,95
4022,3547063,62.5816129032258,51.39,72.29,155,72,83
4023,3547228,82.5403703703704,82.57,82.5,189,109,80
4024,3547609,47.4218556701031,45.63,49.45,194,103,91
4025,3549554,61.4253571428571,70.42,52.17,140,71,69
4026,3550711,69.536357615894,69.33,69.74,151,75,76
4027,3551520,83.1333734939759,85.37,80.95,166,82,84
4028,3553638,73.4961445783133,72.86,73.96,166,70,96
4029,3554007,71.1069444444445,71.13,71.08,180,97,83
4030,3555714,82.1628108108108,75,88.12,185,84,101
4031,3556332,78.9202162162162,84.34,74.51,185,83,102
4032,3557312,62.500625,84.71,37.33,160,85,75
4033,3558234,71.7510169491525,62.69,77.27,177,67,110
4034,3558900,66.1525641025641,61.05,71,195,95,100
4035,3559870,68.4198245614035,74.19,61.54,171,93,78
4036,3560477,48.17,42.68,53.66,164,82,82
4037,3561057,84.4575,89.23,80.72,148,65,83
4038,3563002,61.5863414634146,46.97,71.43,164,66,98
4039,3563107,68.3555696202532,60.87,78.79,158,92,66
4040,3564131,72.1529113924051,64,79.52,158,75,83
4041,3564357,68.2762068965517,66.25,70.77,145,80,65
4042,3565492,45.316171875,50.67,37.74,128,75,53
4043,3565557,49.2425,40.58,58.73,132,69,63
4044,3566122,67.8610714285714,70.67,64.62,140,75,65
4045,3566362,54.0130656934307,69.01,37.88,137,71,66
4046,3566503,42.40216,29.51,54.69,125,61,64
4047,3567764,74.8724615384615,76.14,73.83,195,88,107
4048,3568741,71.00125,64.95,76.7,200,97,103
4049,3570134,66.1102222222222,69.16,61.64,180,107,73
4050,3570912,68.6390532544379,61.46,78.08,169,96,73
4051,3571746,61.9052380952381,57.61,69.09,147,92,55
4052,3571877,73.8841401273885,75.58,71.83,157,86,71
4053,3572072,65.4388235294118,56.94,75,136,72,64
4054,3573106,75.0010638297872,72.28,78.16,188,101,87
4055,3573447,72.7836686390532,67.82,78.05,169,87,82
4056,3573569,77.1113432835821,77.14,77.08,201,105,96
4057,3573869,58.9521641791045,45.76,69.33,134,59,75
4058,3573875,64.2390066225166,61,70.59,151,100,51
4059,3574586,66.6659574468085,69.12,64.38,141,68,73
4060,3574594,57.6284745762712,50,65.52,177,90,87
4061,3574887,59.4257142857143,53.33,65.88,175,90,85
4062,3575299,70.113908045977,70.45,69.77,174,88,86
4063,3575907,79.45,80.82,78.08,146,73,73
4064,3576716,64.883358778626,70.65,51.28,131,92,39
4065,3578663,64.4070338983051,73.42,46.15,118,79,39
4066,3581204,59.1478048780488,58.7,59.72,164,92,72
4067,3581725,49.3248648648649,53.33,45.21,148,75,73
4068,3582112,68.8331168831169,71.88,63.79,154,96,58
4069,3582968,64.2868831168831,62.79,66.18,154,86,68
4070,3583513,65.2446808510638,72.46,58.33,141,69,72
4071,3584216,46.5394339622642,65.28,31.03,159,72,87
4072,3585203,50.6880821917808,65.22,25.93,146,92,54
4073,3585785,61.5896688741722,62.5,60.76,151,72,79
4074,3587910,74.0111299435028,82.89,67.33,177,76,101
4075,3588335,63.5828901734104,63.22,63.95,173,87,86
4076,3589102,69.2328402366864,68.83,69.57,169,77,92
4077,3589144,67.8363157894737,75.31,61.11,171,81,90
4078,3589348,67.2634523809524,54.84,74.53,168,62,106
4079,3590305,57.3679069767442,54.55,60.32,129,66,63
4080,3590882,70.2584102564103,71.29,69.15,195,101,94
4081,3592004,59.0068322981366,63.83,52.24,161,94,67
4082,3592390,63.4326865671642,67.12,59.02,134,73,61
4083,3592408,79.0681395348837,69.44,91.23,129,72,57
4084,3592546,41.1062576687117,44,38.64,163,75,88
4085,3593338,67.9083582089552,71.43,65.38,134,56,78
4086,3593711,65.4632374100719,69.01,61.76,139,71,68
4087,3594215,61.186052631579,65.12,56.06,152,86,66
4088,3594579,59.2852857142857,59.32,59.26,140,59,81
4089,3594727,69.5638647342995,67,71.96,207,100,107
4090,3594778,71.3513513513514,71.58,71.11,185,95,90
4091,3594901,66.6675,65.66,67.74,192,99,93
4092,3596284,67.8144827586207,67.9,67.74,174,81,93
4093,3596709,68.3060655737705,67.47,69,183,83,100
4094,3597636,74.01,69.05,78.49,177,84,93
4095,3597898,76.1607947019867,80.6,72.62,151,67,84
4096,3598031,77.8376136363636,78.82,76.92,176,85,91
4097,3600179,61.0067924528302,72.62,48,159,84,75
4098,3600553,45.2065753424658,57.35,34.62,146,68,78
4099,3602359,67.0772670807453,80.72,52.56,161,83,78
4100,3603015,63.3828169014085,74.03,50.77,142,77,65
4101,3604266,71.226618705036,73.02,69.74,139,63,76
4102,3604961,55.3018181818182,59.72,50,132,72,60
4103,3605277,63.923670886076,69.23,58.75,158,78,80
4104,3605300,49.2315384615385,61.43,35,130,70,60
4105,3605309,56.7912962962963,55.7,57.83,162,79,83
4106,3605365,68.9408074534161,73.49,64.1,161,83,78
4107,3606854,71.6066666666667,75.76,65.08,162,99,63
4108,3607044,70.3460465116279,80.68,59.52,172,88,84
4109,3608679,69.9417919075145,73.33,64.71,173,105,68
4110,3608729,72.2526178010471,71.03,73.81,191,107,84
4111,3609088,86.7043352601156,91.49,81.01,173,94,79
4112,3613323,65.8235443037975,75.58,54.17,158,86,72
4113,3613877,63.7937356321839,66.29,61.18,174,89,85
4114,3614212,67.2314689265537,70.53,63.41,177,95,82
4115,3615486,72.5621951219512,73.53,70.97,164,102,62
4116,3615989,64.999875,66.22,63.95,160,74,86
4117,3616035,70.6808376963351,73.91,67.68,191,92,99
4118,3616613,55.8005524861879,61.36,50.54,181,88,93
4119,3617282,77.3795238095238,74.39,80.23,168,82,86
4120,3617625,70.3972368421053,76,64.94,152,75,77
4121,3618098,50.6018072289157,68.18,30.77,166,88,78
4122,3621414,70.9689247311828,73.75,68.87,186,80,106
4123,3622264,68.153821656051,73.08,63.29,157,78,79
4124,3623072,69.0352903225807,67.61,70.24,155,71,84
4125,3624067,77.440243902439,75,79.35,164,72,92
4126,3625589,64.2833333333333,57.95,71.25,168,88,80
4127,3627293,65.2865284974093,64.13,66.34,193,92,101
4128,3628111,59.6494736842105,50,68.54,171,82,89
4129,3629235,73.2932919254659,75.56,70.42,161,90,71
4130,3629333,65.9708333333333,56.41,77.27,144,78,66
4131,3629483,66.6640909090909,57.14,75.36,132,63,69
4132,3629537,62.046204379562,61.43,62.69,137,70,67
4133,3631896,83.543670886076,82.95,84.29,158,88,70
4134,3632524,70.8948507462687,69.49,72,134,59,75
4135,3632669,72.4830201342282,75,70.37,149,68,81
4136,3633667,82.1712403100775,92.65,70.49,129,68,61
4137,3634126,73.9962,76.54,71.01,150,81,69
4138,3635273,77.7005405405405,86.76,70,148,68,80
4139,3636382,80.3471676300578,80.77,80,173,78,95
4140,3637266,76.3152631578947,73.61,78.75,152,72,80
4141,3637625,75.7137142857143,65.38,81.82,140,52,88
4142,3638672,74.9992222222222,74.16,75.82,180,89,91
4143,3639401,73.8271140939597,59.7,85.37,149,67,82
4144,3639424,73.2022222222222,73.53,72.94,153,68,85
4145,3640842,54.7966438356164,38.1,67.47,146,63,83
4146,3641249,69.351935483871,69.23,69.44,124,52,72
4147,3642422,77.8460759493671,76.54,79.22,158,81,77
4148,3642789,75.1286528497409,72.41,77.36,193,87,106
4149,3643713,73.1733536585366,79.52,66.67,164,83,81
4150,3644181,74.5250318471338,76.09,72.31,157,92,65
4151,3648125,69.8763253012048,70.42,69.47,166,71,95
4152,3649542,77.1071084337349,81.58,73.33,166,76,90
4153,3650203,74.86,70,78.1,175,70,105
4154,3650853,48.666256684492,46.43,50.49,187,84,103
4155,3652525,52.4461538461538,46.97,57.14,143,66,77
4156,3652702,41.9986666666667,27.42,52.27,150,62,88
4157,3653957,78.0257142857143,84.62,73.08,182,78,104
4158,3654141,57.0309375,56.58,57.69,128,76,52
4159,3654183,70.0640127388535,63.49,74.47,157,63,94
4160,3656628,73.4081502890173,69.41,77.27,173,85,88
4161,3657051,65.716,60.26,72.58,140,78,62
4162,3658268,77.2704545454545,85.71,65.08,154,91,63
4163,3658313,75.78125,78.38,72.22,128,74,54
4164,3659001,76.3915277777778,74.14,77.91,144,58,86
4165,3660258,64.2350331125828,76.74,47.69,151,86,65
4166,3660783,59.8494696969697,32.84,87.69,132,67,65
4167,3661839,78.8451282051282,75,81.52,156,64,92
4168,3663751,64.2872527472527,58.54,69,182,82,100
4169,3663999,65.3821153846154,60.56,69.41,156,71,85
4170,3664391,64.9651592356688,68.29,61.33,157,82,75
4171,3664432,79.2905325443787,80.49,78.16,169,82,87
4172,3666385,63.4329850746269,44.83,77.63,134,58,76
4173,3667000,71.835,82.46,64.71,142,57,85
4174,3671630,76.6913533834586,78.43,75.61,133,51,82
4175,3672334,77.37875,75.86,79.01,168,87,81
4176,3672700,74.4980536912752,78.57,70.89,149,70,79
4177,3672780,73.6832748538012,78.05,69.66,171,82,89
4178,3673664,72.9898275862069,74.7,71.43,174,83,91
4179,3673898,69.1866279069768,69.88,68.54,172,83,89
4180,3675793,83.4431210191083,88.61,78.21,157,79,78
4181,3676174,74.4302272727273,74.42,74.44,176,86,90
4182,3676420,61.7648529411765,55.22,68.12,136,67,69
4183,3676557,71.2561077844311,63.01,77.66,167,73,94
4184,3678919,79.6513953488372,82.72,76.92,172,81,91
4185,3679018,84.4716770186335,83.78,85.06,161,74,87
4186,3679431,73.8817910447761,67.61,80.95,134,71,63
4187,3683434,73.8093650793651,70.97,76.56,126,62,64
4188,3687273,70.2522151898734,72.84,67.53,158,81,77
4189,3688740,63.435,73.02,54.93,134,63,71
4190,3691230,76.8718367346939,78.08,75.68,147,73,74
4191,3691529,70.5503680981595,73.13,68.75,163,67,96
4192,3694035,71.6518897637795,77.42,66.15,127,62,65
4193,3695726,65.5160689655172,74.07,54.69,145,81,64
4194,3696186,75.8385234899329,70.69,79.12,149,58,91
4195,3696218,69.5372185430464,65.22,73.17,151,69,82
4196,3697403,75.7572727272727,78.67,73.33,165,75,90
4197,3701329,59.6151923076923,58.62,60.87,104,58,46
4198,3702126,47.109173553719,50.77,42.86,121,65,56
4199,3702138,45.00175,38.1,52.63,120,63,57
4200,3702152,62.496447368421,59.49,65.75,152,79,73
4201,3703108,64.2871428571429,66.25,61.67,140,80,60
4202,3704139,70.1837267080745,69.23,71.08,161,78,83
4203,3708009,65.0292024539877,58.24,73.61,163,91,72
4204,3708440,59.2368152866242,56.25,62.34,157,80,77
4205,3708999,75.6109756097561,78.41,72.37,164,88,76
4206,3710342,70.3481379310345,66.04,72.83,145,53,92
4207,3710492,68.8449275362319,66.22,71.88,138,74,64
4208,3711098,59.7205555555556,54.79,64.79,144,73,71
4209,3711863,64.7068235294118,71.43,58.14,170,84,86
4210,3712175,68.0670588235294,72.62,57.14,119,84,35
4211,3712556,71.3213953488372,69.7,73.02,129,66,63
4212,3714416,72.1098639455782,81.69,63.16,147,71,76
4213,3714906,54.7644444444444,34.62,68.92,126,52,74
4214,3715374,65.5427702702703,64.18,66.67,148,67,81
4215,3716951,61.8536082474227,61.4,62.5,97,57,40
4216,3718720,66.6661224489796,82.5,47.76,147,80,67
4217,3719647,70.4698445595855,72.83,68.32,193,92,101
4218,3720348,73.749875,74.03,73.49,160,77,83
4219,3720388,53.8985106382979,55.17,53.01,141,58,83
4220,3725818,69.9992941176471,80.25,60.67,170,81,89
4221,3728207,75.5401630434783,76.92,74.19,184,91,93
4222,3728810,74.4797916666667,67,82.61,192,100,92
4223,3729752,75.2960588235294,82.42,67.09,170,91,79
4224,3730248,67.2418965517241,66.67,67.74,174,81,93
4225,3730760,74.3557051282051,73.49,75.34,156,83,73
4226,3731033,67.3507142857143,63.74,70.48,196,91,105
4227,3735021,57.3639534883721,69.44,42.11,129,72,57
4228,3737362,58.1416279069767,41.51,69.74,129,53,76
4229,3737613,64.4914492753623,63.79,65,138,58,80
4230,3739416,68.6271895424836,71.64,66.28,153,67,86
4231,3740276,54.9668874172185,37.7,66.67,151,61,90
4232,3740824,65.4081761006289,50.68,77.91,159,73,86
4233,3741257,67.5861379310345,67.09,68.18,145,79,66
4234,3743353,62.7873643410853,73.97,48.21,129,73,56
4235,3743597,77.1164406779661,82.43,68.18,118,74,44
4236,3744960,67.5328571428571,67.07,68.06,154,82,72
4237,3744977,45.9277777777778,62.07,16.67,135,87,48
4238,3747706,70.8863291139241,70.24,71.62,158,84,74
4239,3750257,53.2772131147541,57.33,46.81,122,75,47
4240,3750263,53.6853684210526,58.62,45.95,95,58,37
4241,3750756,76.0433854166667,71.43,80.2,192,91,101
4242,3754493,72.2930405405405,65.45,76.34,148,55,93
4243,3754776,76.135,73.86,78.41,176,88,88
4244,3756211,73.6583414634146,73.2,74.07,205,97,108
4245,3758579,73.2127380952381,75.58,70.73,168,86,82
4246,3760195,56.0832432432432,63.24,50,148,68,80
4247,3761714,63.5931067961165,62.38,64.76,206,101,105
4248,3762349,52.6587765957447,64.76,37.35,188,105,83
4249,3762719,64.7369473684211,63.04,66.33,190,92,98
4250,3763500,62.0680459770115,66.3,57.32,174,92,82
4251,3763545,62.4274566473988,69.47,53.85,173,95,78
4252,3763800,62.2207777777778,55.42,68.04,180,83,97
4253,3764090,66.666724137931,72.84,61.29,174,81,93
4254,3764469,70.4830120481928,67.86,73.17,166,84,82
4255,3768931,60.1240506329114,68.6,50,158,86,72
4256,3769810,55.7006711409396,71.08,36.36,149,83,66
4257,3771189,72.3561176470588,77.91,66.67,170,86,84
4258,3773656,60.3911688311688,56.76,63.75,154,74,80
4259,3774694,58.3850310559006,56.79,60,161,81,80
4260,3781337,2.99305389221557,0,5.68,167,79,88
4261,3781623,66.4670658682635,63.51,68.82,167,74,93
4262,3781703,79.99825,82.35,78.26,160,68,92
4263,3785219,76.4705882352941,72.41,79.49,136,58,78
4264,3785811,56.80128,58.82,55.41,125,51,74
4265,3786291,34.5454545454545,54.76,22.06,110,42,68
4266,3786297,40.0006666666667,50,30.19,105,52,53
4267,3786776,69.2835,65.67,72.6,140,67,73
4268,3786792,66.4012,60,72.31,125,60,65
4269,3786849,64.625306122449,68,61.11,147,75,72
4270,3788079,73.1367164179104,71.93,74.03,134,57,77
4271,3788856,32.1114678899083,33.93,30.19,109,56,53
4272,3793103,36.5415384615385,37.88,35.56,156,66,90
4273,3793841,42.2773983739837,40.68,43.75,123,59,64
4274,3794061,51.5884126984127,59.32,44.78,126,59,67
4275,3794805,33.8843801652893,38.89,29.85,121,54,67
4276,3795076,28.7881818181818,35.82,21.54,132,67,65
4277,3795196,40.2844604316547,36.76,43.66,139,68,71
4278,3795791,48.9213669064748,45.16,51.95,139,62,77
4279,3795934,33.5821641791045,42.62,26.03,134,61,73
4280,3796368,41.48,22.92,51.72,135,48,87
4281,3797318,40.0011724137931,34.72,45.21,145,72,73
4282,3798290,52.3785714285714,55.71,49.35,147,70,77
4283,3798621,65.6711940298508,61.43,70.31,134,70,64
4284,3799166,72.1734782608696,69.39,74.24,115,49,66
4285,3799918,66.196338028169,62.86,69.44,142,70,72
4286,3800641,72.6603597122302,68.57,76.81,139,70,69
4287,3800907,65.9823129251701,64.86,67.12,147,74,73
4288,3801548,65.6259375,60,70.59,160,75,85
4289,3804424,72.0945348837209,76.83,67.78,172,82,90
4290,3804777,75.8811764705882,78.95,73.4,170,76,94
4291,3805071,76.0581690140845,79.07,74.75,142,43,99
4292,3805837,74.996375,72.97,76.74,160,74,86
4293,3806836,72.6195238095238,80,65.91,168,80,88
4294,3806991,78.4715972222222,73.97,83.1,144,73,71
4295,3808346,61.4343137254902,45.61,70.83,153,57,96
4296,3808448,69.2315384615384,68.57,69.77,156,70,86
4297,3809022,64.80008,68.49,59.62,125,73,52
4298,3810280,71.0847590361446,74.07,68.24,166,81,85
4299,3810718,81.1168531468531,73.97,88.57,143,73,70
4300,3814060,60.3074742268041,65.93,55.34,194,91,103
4301,3814471,66.8975862068965,82.93,46.03,145,82,63
4302,3814641,86.6178873239437,93.65,81.01,142,63,79
4303,3815064,48.0950381679389,48.39,47.83,131,62,69
4304,3816294,71.0863855421687,75.95,66.67,166,79,87
4305,3816926,72.4155172413793,67.09,78.79,145,79,66
4306,3817043,61.11,61.11,61.11,144,72,72
4307,3818444,76.3295266272189,84.88,67.47,169,86,83
4308,3818529,78.87950310559,85.88,71.05,161,85,76
4309,3818800,81.9439583333333,78.18,84.27,144,55,89
4310,3819334,70.0606369426752,61.9,75.53,157,63,94
4311,3820213,65.9572340425532,72.22,62.07,141,54,87
4312,3821433,67.6853658536585,72.5,63.1,164,80,84
4313,3821545,68.7159776536313,68.54,68.89,179,89,90
4314,3822088,71.5852459016393,74.7,69,183,83,100
4315,3824070,74.9971428571429,78.16,71.6,168,87,81
4316,3824415,58.8654609929078,71.43,30.23,141,98,43
4317,3824992,66.2714201183432,64.13,68.83,169,92,77
4318,3826002,79.2481132075472,74.75,86.67,159,99,60
4319,3828324,59.282,50.79,66.23,140,63,77
4320,3828351,62.4106382978724,55,67.9,141,60,81
4321,3831789,65.1548484848485,59.38,70.59,132,64,68
4322,3834248,72.4651449275362,83.05,64.56,138,59,79
4323,3834292,67.1655223880597,66.67,67.5,134,54,80
4324,3834851,66.8634939759036,69.44,64.89,166,72,94
4325,3835667,50.0008695652174,63.24,37.14,138,68,70
4326,3835815,62.8552,71.59,54.02,175,88,87
4327,3836149,72.6711180124224,74.65,71.11,161,71,90
4328,3836794,74.1680132450331,67.27,78.12,151,55,96
4329,3840318,68.6815934065934,72.94,64.95,182,85,97
4330,3840772,71.7826380368098,79.49,64.71,163,78,85
4331,3842863,70.62,76.29,64.95,194,97,97
4332,3843290,75.0025568181818,81.93,68.82,176,83,93
4333,3843629,78.2868,82.14,74.73,175,84,91
4334,3843801,68.7873410404624,76.92,62.11,173,78,95
4335,3843884,65.000875,62.9,66.33,160,62,98
4336,3847615,67.1162416107383,70.59,64.2,149,68,81
4337,3847656,74.2333128834356,81.01,67.86,163,79,84
4338,3847906,80.3068939393939,85.25,76.06,132,61,71
4339,3848998,75.5994047619048,86.59,65.12,168,82,86
4340,3850200,75.3401369863014,82.81,69.51,146,64,82
4341,3851632,68.395,68.97,67.82,174,87,87
4342,3852190,78.5261349693251,90.91,70.1,163,66,97
4343,3852526,71.768,67.61,74.75,170,71,99
4344,3852673,76.280641025641,85.71,67.09,156,77,79
4345,3853020,73.826711409396,81.25,65.22,149,80,69
4346,3853087,80.7442236024845,95.83,68.54,161,72,89
4347,3854651,72.6794845360825,78.12,67.35,194,96,98
4348,3854787,40.2911650485437,39.18,41.28,206,97,109
4349,3856852,49.3788888888889,45.78,53.16,162,83,79
4350,3856950,65.0035,57.38,70.89,140,61,79
4351,3857547,82.3532026143791,73.42,91.89,153,79,74
4352,3857953,44.1179411764706,61.84,21.67,136,76,60
4353,3861120,73.740782122905,72.04,75.58,179,93,86
4354,3862029,70.1180459770115,64.56,74.74,174,79,95
4355,3865762,64.495652173913,60,67.05,138,50,88
4356,3866906,76.8805202312139,84.15,70.33,173,82,91
4357,3869167,66.1978403755868,56.7,74.14,213,97,116
4358,3869553,68.9483157894737,60.23,76.47,190,88,102
4359,3869753,63.5837572254335,60.98,65.93,173,82,91
4360,3871340,69.9467052023121,63.86,75.56,173,83,90
4361,3871468,62.422,65.59,58.33,165,93,72
4362,3874067,36.5125396825397,26.42,43.84,126,53,73
4363,3874498,43.2602836879433,50,35.38,141,76,65
4364,3875955,55.2853658536585,63.08,46.55,123,65,58
4365,3876271,62.4205095541401,59.46,65.06,157,74,83
4366,3876294,39.2872857142857,40.91,37.84,140,66,74
4367,3876303,35.06,18.06,47.06,174,72,102
4368,3877559,70.558,76.83,65.31,180,82,98
4369,3877799,67.2610714285714,76.92,58.89,168,78,90
4370,3877870,72.6166666666667,71.43,73.21,168,56,112
4371,3878456,70.3939106145251,74.73,65.91,179,91,88
4372,3879032,75.0018181818182,76.32,74,176,76,100
4373,3880693,72.7791715976331,80.46,64.63,169,87,82
4374,3880845,80.7692307692308,75,86.25,156,76,80
4375,3881521,78.6988165680473,76.25,80.9,169,80,89
4376,3882400,70.7351219512195,77.78,63.86,164,81,83
4377,3882421,75.9753896103896,75.44,76.29,154,57,97
4378,3882537,82.6803351955307,85.06,80.43,179,87,92
4379,3882781,25.0046666666667,41.03,12.75,180,78,102
4380,3884001,67.188125,68.54,66.02,192,89,103
4381,3884730,74.0536708860759,74.58,73.74,158,59,99
4382,3885153,28.2872727272727,21.51,34.29,198,93,105
4383,3886053,76.3306763285024,79.55,73.95,207,88,119
4384,3891174,82.4737113402062,87.5,77.55,194,96,98
4385,3892389,69.8810240963855,77.53,61.04,166,89,77
4386,3895773,62.1586486486486,61.33,63.01,148,75,73
4387,3895884,70.6893103448276,62.5,76.47,174,72,102
4388,3896482,66.8672781065089,72.86,62.63,169,70,99
4389,3897385,63.925,58.23,69.62,158,79,79
4390,3899322,64.4668595041322,76.79,53.85,121,56,65
4391,3900592,73.8643181818182,74.68,73.2,176,79,97
4392,3902852,48.6835526315789,43.55,52.22,152,62,90
4393,3905542,66.2730177514793,74.7,58.14,169,83,86
4394,3906157,64.4282550335571,44.44,75.79,149,54,95
4395,3906353,69.7930729166667,70.59,69.16,192,85,107
4396,3906400,65.1176162790698,46.15,76.64,172,65,107
4397,3906466,64.1761194029851,56.25,68.6,134,48,86
4398,3907121,64.8632432432432,71.43,58.97,148,70,78
4399,3907709,72.9425882352941,77.78,68.54,170,81,89
4400,3907719,71.6289361702128,58.18,80.23,141,55,86
4401,3908596,78.1745177664975,77.78,78.45,197,81,116
4402,3908875,73.5609195402299,73.75,73.4,174,80,94
4403,3910372,73.4697959183674,75,71.74,196,104,92
4404,3910522,74.4704787234043,71.72,77.53,188,99,89
4405,3911778,72.503875,76.6,66.67,160,94,66
4406,3911792,70.6875862068966,75,65.38,174,96,78
4407,3912589,73.3325641025641,72.63,74,195,95,100
4408,3913851,85.9556179775281,82.93,88.54,178,82,96
4409,3915995,70.7495918367347,50,88.61,147,68,79
4410,3918270,78.39824,81.03,76.12,125,58,67
4411,3918472,71.7401449275362,73.44,70.27,138,64,74
4412,3920794,76.1912244897959,67.69,82.93,147,65,82
4413,3920876,73.2132142857143,67.9,78.16,168,81,87
4414,3921275,76.1600662251656,82.86,70.37,151,70,81
4415,3922407,69.0933333333333,63.16,74.16,165,76,89
4416,3924158,79.5294736842105,82.22,76.54,171,90,81
4417,3926789,80.3664417177914,82.5,78.31,163,80,83
4418,3926808,79.2853571428572,88,69.23,140,75,65
4419,3927763,74.681835443038,85.33,65.06,158,75,83
4420,3930868,75.7055367231638,85,68.04,177,80,97
4421,3930984,66.666,68.97,64.81,195,87,108
4422,3933629,73.7515,72.73,75,160,88,72
4423,3933742,72.679793814433,73.86,71.7,194,88,106
4424,3934309,69.9000970873786,76.34,64.6,206,93,113
4425,3934796,70.8329761904762,85.14,59.57,168,74,94
4426,3935170,65.4228191489362,75.29,57.28,188,85,103
4427,3936008,67.9526282051282,83.64,59.41,156,55,101
4428,3936291,73.548064516129,73.85,73.33,155,65,90
4429,3937074,40.0002962962963,60.66,22.97,135,61,74
4430,3937924,65.8796470588235,75.34,58.76,170,73,97
4431,3938386,67.6018309859155,73.21,63.95,142,56,86
4432,3938863,61.9992,63.64,60.71,150,66,84
4433,3939259,48.6504054054054,22.22,68.24,148,63,85
4434,3940697,56.46,35,71.26,147,60,87
4435,3941406,67.366,77.19,52.63,95,57,38
4436,3944999,71.2396732026144,68.75,73.03,153,64,89
4437,3945093,78.442874251497,72.84,83.72,167,81,86
4438,3945874,69.3647976878613,72.97,66.67,173,74,99
4439,3945893,68.9663793103448,76.54,62.37,174,81,93
4440,3947991,72.8528571428571,74.19,71.79,140,62,78
4441,3948093,60.9233112582781,57.14,64.86,151,77,74
4442,3948813,79.140736196319,76.67,80.58,163,60,103
4443,3950055,72.9282872928177,77.27,68.82,181,88,93
4444,3950547,58.624,48.28,65.52,145,58,87
4445,3950816,73.8583660130719,68.48,81.97,153,92,61
4446,3952341,70.3015757575757,60.29,77.32,165,68,97
4447,3952724,50.343724137931,44.12,55.84,145,68,77
4448,3954863,70.2861142857143,66.67,72.64,175,69,106
4449,3955320,74.3192349726776,74.47,74.16,183,94,89
4450,3955821,65.1612903225806,80.23,46.38,155,86,69
4451,3959260,68.902012195122,68.12,69.47,164,69,95
4452,3960232,72.0674860335196,74.32,70.48,179,74,105
4453,3960670,56.7092073170732,68.54,42.67,164,89,75
4454,3964666,68.6497297297297,61.8,75,185,89,96
4455,3966507,65.5750819672131,78.16,54.17,183,87,96
4456,3966724,64.6105617977528,56.1,71.88,178,82,96
4457,3968734,65.8956647398844,74.75,54.05,173,99,74
4458,3968846,68.5912820512821,58.11,78.05,156,74,82
4459,3970171,67.6438823529412,57.89,75.53,170,76,94
4460,3971046,72.2241666666667,65.15,78.21,144,66,78
4461,3971823,67.6319075144509,70.27,65.66,173,74,99
4462,3972543,57.5422346368715,68.42,45.24,179,95,84
4463,3972971,53.7407482993197,65.91,35.59,147,88,59
4464,3976229,69.1674166666667,70.49,67.8,120,61,59
4465,3976547,45.0398473282443,41.82,47.37,131,55,76
4466,3976589,64.3317834394905,72.22,57.65,157,72,85
4467,3976712,61.3108333333333,57.14,64.29,168,70,98
4468,3976985,75.6763513513514,75.81,75.58,148,62,86
4469,3977543,61.5420512820513,63.24,60.23,156,68,88
4470,3979208,56.6483815028902,61.25,52.69,173,80,93
4471,3981043,77.4633802816901,62.9,88.75,142,62,80
4472,3981953,74.7026506024096,62.03,86.21,166,79,87
4473,3982863,45.6950993377483,31.88,57.32,151,69,82
4474,3984340,58.0423076923077,58.67,57.35,143,75,68
4475,3984787,72.2210493827161,72.73,71.76,162,77,85
4476,3986462,64.2364238410596,50.72,75.61,151,69,82
4477,3987164,20.5573333333333,25.29,16.13,180,87,93
4478,3988103,74.8524561403509,75.29,74.42,171,85,86
4479,3988416,46.8531468531469,27.4,67.14,143,73,70
4480,3989823,76.0263157894737,86.67,64.2,171,90,81
4481,3992382,9.0029,7.45,10.38,200,94,106
4482,3992387,58.9314285714286,44.93,68.69,168,69,99
4483,3992886,72.73,72.73,72.73,176,77,99
4484,3993384,72.4172988505747,68.66,74.77,174,67,107
4485,3994192,73.255,68.6,77.91,172,86,86
4486,3994441,71.3602427184466,65.88,75.21,206,85,121
4487,3994486,72.4523353293413,73.17,71.76,167,82,85
4488,3997359,64.5714285714286,65,64,175,100,75
4489,3999646,73.1856424581006,68.75,76.77,179,80,99
4490,3999740,64.2889010989011,60.47,67.71,182,86,96
4491,4001634,61.3127380952381,61.63,60.98,168,86,82
4492,4003342,58.3883229813665,47.37,68.24,161,76,85
4493,4004442,58.7558757062147,55.88,60.55,177,68,109
4494,4004600,66.2726035502959,85.19,48.86,169,81,88
4495,4005264,71.5635071090047,71.58,71.55,211,95,116
4496,4005903,56.7850753768844,56.47,57.02,199,85,114
4497,4005939,61.4045614035088,53.66,68.54,171,82,89
4498,4006102,70.8985714285714,64.44,76.77,189,90,99
4499,4006196,72.2550867052023,71.95,72.53,173,82,91
4500,4006337,75.001875,76.67,73.53,192,90,102
4501,4006850,68.2364117647059,64.2,71.91,170,81,89
4502,4008674,73.499,63.92,82.52,200,97,103
4503,4010639,76.2181081081081,66.67,85.87,185,93,92
4504,4011842,69.7170285714286,69.57,69.88,175,92,83
4505,4012295,67.2538596491228,74.29,56.06,171,105,66
4506,4013088,57.2459420289855,37.93,71.25,138,58,80
4507,4013121,75.9052409638554,70.67,80.22,166,75,91
4508,4014423,68.0213953488372,75.82,59.26,172,91,81
4509,4016892,77.5082296650718,77.14,77.88,209,105,104
4510,4017414,64.9731638418079,66.33,63.29,177,98,79
4511,4020105,77.349226519337,75,79.21,181,80,101
4512,4021590,66.6684577114428,64.36,69,201,101,100
4513,4021815,72.5873096446701,75,70.1,197,100,97
4514,4022661,65.3866666666667,60.94,68.48,156,64,92
4515,4023015,57.5751515151515,65.85,49.4,165,82,83
4516,4023521,73.0247368421053,65.62,78.41,152,64,88
4517,4024788,80.3365168539326,81.58,79.41,178,76,102
4518,4025366,66.6698275862069,55.74,72.57,174,61,113
4519,4025375,66.1763235294118,61.54,69.91,204,91,113
4520,4025400,72.3329126213592,63.1,78.69,206,84,122
4521,4025801,65.7452486187845,47.89,77.27,181,71,110
4522,4027669,68.9060504201681,68.18,69.53,238,110,128
4523,4029126,64.9632116788321,69.7,60.56,137,66,71
4524,4029206,69.1010112359551,67.86,70.21,178,84,94
4525,4029641,74.5436363636364,69.86,78.26,165,73,92
4526,4030680,54.736,34.21,68.42,190,76,114
4527,4031457,55.556,54.9,56.1,225,102,123
4528,4032621,59.3384615384615,66.28,53.12,182,86,96
4529,4033132,66.2907865168539,58.14,73.91,178,86,92
4530,4034017,67.6182954545454,54.29,76.42,176,70,106
4531,4034840,62.4175796178344,64.86,60.24,157,74,83
4532,4034879,59.7216666666667,64.63,53.23,144,82,62
4533,4036375,52.0870833333333,34.62,72.73,144,78,66
4534,4037588,74.2336809815951,66.67,80.68,163,75,88
4535,4038420,62.8188461538462,59.46,65.85,156,74,82
4536,4038431,57.635,60.71,53.33,144,84,60
4537,4038894,78.8067549668874,69.86,87.18,151,73,78
4538,4039873,73.7294915254237,75.86,71.67,118,58,60
4539,4040687,74.4524087591241,73.44,75.34,137,64,73
4540,4041107,76.2973333333333,73.68,78.21,135,57,78
4541,4042351,74.49,75.51,73.47,98,49,49
4542,4042830,69.4154117647059,77.78,63.27,85,36,49
