"MotifID","Position","Frm","FrmP","FrmN","Total_Coverage","CoverageP","CoverageN"
1,43,66.6666666666667,76.84,53.95,171,95,76
2,71,67.305,75.64,58.97,156,78,78
3,238,67.0273513513513,73.74,59.3,185,99,86
4,311,68.5093922651934,80.2,53.75,181,101,80
5,1226,76.9233484162896,83.48,69.81,221,115,106
6,3129,68.5597379912664,74.42,61,229,129,100
7,3966,52.6315789473684,55,49.6,285,160,125
8,4848,76.5194736842105,78.66,72.29,247,164,83
9,5241,49.61109375,49.63,49.59,256,135,121
10,5322,53.7037037037037,38.52,66.22,270,122,148
11,5407,63.6650173010381,68.53,58.9,289,143,146
12,5852,68.4367375886525,60.58,75.86,282,137,145
13,7194,78.4195440729483,75.62,81.07,329,160,169
14,7245,73.2169152542373,70.21,75.97,295,141,154
15,7475,71.5573952095808,66.45,75.98,334,155,179
16,7904,51.3319391634981,38.1,68.1,263,147,116
17,7911,42.2086692015209,26.06,61.16,263,142,121
18,10064,70.127012987013,62.96,76.42,231,108,123
19,11437,75.5103206997085,77.33,73.68,343,172,171
20,12908,71.0442424242424,65.97,75.82,297,144,153
21,14284,71.6609446254072,64.43,78.48,307,149,158
22,16578,76.3448745519713,72.14,80.58,279,140,139
23,18392,75.000523255814,72.79,76.65,344,147,197
24,19046,67.1198644067797,45.36,77.78,295,97,198
25,20674,68.4855305466238,60.58,74.71,311,137,174
26,20704,75.0001111111111,68.07,80.93,360,166,194
27,21529,70.228988764045,70.17,70.29,356,181,175
28,21556,70.7865060240964,69.66,71.66,332,145,187
29,22402,78.1227840909091,70,85.71,352,170,182
30,24095,55.4787591240876,62.35,45.54,274,162,112
31,26062,69.8385901639344,73.47,66.46,305,147,158
32,26741,69.0834700315457,76.83,60.78,317,164,153
33,26896,79.508501529052,77.84,81.25,327,167,160
34,27796,53.7836363636364,57.59,48.11,264,158,106
35,30082,70.3703703703704,73.72,66.92,270,137,133
36,30171,64.3091245791246,72.28,51.33,297,184,113
37,32229,75.8849517684887,75.66,76.1,311,152,159
38,32904,69.65,69.94,69.36,346,173,173
39,33599,75.6630418250951,71.05,81.98,263,152,111
40,33824,69.0495918367347,66.89,71.33,294,151,143
41,34446,73.1965979381443,79.59,66.67,291,147,144
42,34738,70.1017607973422,71.17,68.84,301,163,138
43,34768,75.7446511627907,80.5,70.42,301,159,142
44,35584,60.8234328358209,66.67,52.68,268,156,112
45,36834,70.206017699115,72.58,67.32,339,186,153
46,37392,60.0725581395349,71.6,40.62,258,162,96
47,37465,68.2087283236994,75.27,60,346,186,160
48,37990,69.565615942029,66.91,72.26,276,139,137
49,39065,64.705,60.5,68.91,238,119,119
50,40070,65.9708333333333,51.45,79.33,288,138,150
51,42340,67.18728125,69.28,65.27,320,153,167
52,44444,66.1183265306123,75.19,56.03,245,129,116
53,45003,79.685546875,70.37,95.74,256,162,94
54,45762,28.7914785992218,40.71,14.53,257,140,117
55,46357,76.3493581081081,75.59,76.92,296,127,169
56,46669,69.1417210682493,74.73,62.58,337,182,155
57,48309,75.7058098591549,76.69,74.38,284,163,121
58,48995,70.790074906367,67.65,74.05,267,136,131
59,49018,63.8971841155235,68.45,56.88,277,168,109
60,49098,67.0952258064516,66.91,67.24,310,136,174
61,52192,62.43,65.54,59.32,354,177,177
62,52303,57.5237123745819,63.7,51.63,299,146,153
63,52591,69.758622754491,78.12,62.07,334,160,174
64,52664,68.7314776632302,72.26,64.71,291,155,136
65,53847,59.5747163120567,58.4,60.51,282,125,157
66,53986,66.5665653495441,71.6,61.25,329,169,160
67,55873,70.8565714285714,65.91,75.86,350,176,174
68,58598,69.6001988636364,65.14,74.01,352,175,177
69,58626,64.67,55.42,72.97,351,166,185
70,63477,46.3881368821293,38.81,54.26,263,134,129
71,65879,75.9757957957958,81.68,67.18,333,202,131
72,67774,79.1780757097792,72.41,91.23,317,203,114
73,67898,75.505446685879,76.85,73.61,347,203,144
74,68025,54.1077611940298,31.82,75.74,268,132,136
75,71356,66.6690476190476,55.64,75.78,294,133,161
76,71709,78.5484158415842,77.71,79.45,303,157,146
77,73605,77.5279775280899,81.77,68.6,267,181,86
78,73988,79.0046064139942,85.29,69.78,343,204,139
79,74000,73.4018181818182,77.78,67.46,297,171,126
80,74434,85.0008823529412,88.11,81.29,340,185,155
81,75933,78.926220735786,84.56,73.33,299,149,150
82,76207,65.2426829268293,64.2,66.45,328,176,152
83,76316,67.7641194029851,70.72,64.29,335,181,154
84,77539,74.1330914826498,75.61,72.55,317,164,153
85,78651,58.3052117263844,49.7,68.57,307,167,140
86,81886,59.374375,53.17,64.2,288,126,162
87,84927,64.567417218543,63.58,65.71,302,162,140
88,85021,51.6216883116883,53.46,49.66,308,159,149
89,85101,66.1720955882353,60.26,73.55,272,151,121
90,85149,50.9612260536398,44.52,60.38,261,155,106
91,85648,63.3790845070423,56.69,68.79,284,127,157
92,86016,68.5483976261128,71.58,64.63,337,190,147
93,87120,64.2858035714286,64.33,64.24,336,171,165
94,87507,71.2675746268657,81.29,57.52,268,155,113
95,88350,83.5247126436781,81.88,85.37,261,138,123
96,88919,57.5073626373626,58.21,56.83,273,134,139
97,89045,64.4625087108014,77.7,52.03,287,139,148
98,90836,74.2410606060606,66.43,83.06,264,140,124
99,91434,56.3167576791809,41.1,71.43,293,146,147
100,94707,75.3204166666667,72.83,78.42,312,173,139
101,95284,64.8440955631399,67.03,61.26,293,182,111
102,95558,56.0004727272727,70.39,29.17,275,179,96
103,95731,65.8312852664577,70.86,59.72,319,175,144
104,95849,66.6678616352201,64.16,69.66,318,173,145
105,97868,65.7407569721116,73.46,51.69,251,162,89
106,98756,70.2451533742331,68.86,71.7,326,167,159
107,99093,76.8385294117647,77.04,76.64,272,135,137
108,101160,71.8357594936709,74.1,69.33,316,166,150
109,102700,67.8781818181818,78.16,56.41,330,174,156
110,104202,76.8381617647059,79.86,73.68,272,139,133
111,104209,75.5092517006803,71.92,79.05,294,146,148
112,104993,68.6952583586626,61.38,74.46,329,145,184
113,105300,60.4130205278592,62.35,58.66,341,162,179
114,105372,82.6364308681672,85.43,80,311,151,160
115,105951,71.3856342182891,75.43,67.07,339,175,164
116,106239,57.462,72.49,34.92,315,189,126
117,113029,74.3996587030717,73.38,75.32,293,139,154
118,115678,73.957845659164,79.49,68.39,311,156,155
119,115994,76.2898625429553,72.85,80,291,151,140
120,117159,70.6237685459941,73.17,68.21,337,164,173
121,117788,67.2010289389067,66,68.32,311,150,161
122,118460,63.5817592592593,68.16,57.93,324,179,145
123,119642,66.9550877192982,62.9,71.79,342,186,156
124,122554,77.4012074303406,74.29,81.08,323,175,148
125,123645,68.965632183908,72.83,64.63,348,184,164
126,128003,70.2620588235294,71.52,68.79,306,165,141
127,128398,70.425487804878,70.52,70.32,328,173,155
128,129035,69.3887755102041,77.03,57.73,245,148,97
129,129898,56.2056569343066,47.37,64.54,274,133,141
130,130128,71.6762798634812,72.19,71.13,293,151,142
131,130269,74.7074319066148,78.23,70,257,147,110
132,130331,67.7961016949153,68.87,66.67,295,151,144
133,130610,66.7725657894737,62.89,71.03,304,159,145
134,131450,79.3655238095238,79.88,78.77,315,169,146
135,131469,77.1988599348534,77.19,77.21,307,171,136
136,131731,74.7947091412742,78.69,70.79,361,183,178
137,131739,70.3616286644951,71.26,69.29,307,167,140
138,135295,72.1039762611276,69.66,74.84,337,178,159
139,135433,67.2878989361702,58.19,75.38,376,177,199
140,136821,79.2329376854599,79.38,79.1,337,160,177
141,141622,73.1942168674699,72.5,73.84,332,160,172
142,145337,70.2481595092025,69.19,71.43,326,172,154
143,147992,79.0061921708185,79.58,78.42,281,142,139
144,148135,68.8196415770609,61.38,76.87,279,145,134
145,148744,59.1229245283019,59.89,58.16,318,177,141
146,149070,71.4707065217391,75.59,65.81,368,213,155
147,149103,67.139178470255,73.43,58.22,353,207,146
148,149653,68.3491596638655,65.03,71.84,357,183,174
149,150066,68.2742900302115,60.99,73.68,331,141,190
150,150153,72.2686725663717,67.92,76.11,339,159,180
151,151057,66.6652525252525,77.14,51.64,297,175,122
152,152742,72.9452887537994,71.02,75.16,329,176,153
153,153649,69.3947878787879,74.3,63.58,330,179,151
154,153784,76.1292903225806,74.68,77.56,310,154,156
155,154350,77.3172164948454,82.14,70.73,291,168,123
156,155540,76.9,82,71.9,303,150,153
157,155779,69.2060365853659,71.84,66.23,328,174,154
158,155806,74.5515568862275,76.33,72.73,334,169,165
159,156912,71.4306530612245,72.87,69.83,245,129,116
160,157343,73.7595035460993,76.63,68.37,282,184,98
161,157780,73.4778136200717,72.67,74.58,279,161,118
162,157830,78.7757877813505,83.05,73.13,311,177,134
163,160303,74.8516766467066,70.44,78.86,334,159,175
164,160331,68.9801650165016,66.88,71.33,303,160,143
165,160425,60.7338957055215,70.62,48.99,326,177,149
166,160716,75.3708797653959,81.01,69.14,341,179,162
167,161411,74.0309850746269,76.72,70.55,335,189,146
168,162665,58.6126888217523,77.23,29.46,331,202,129
169,163280,67.9429411764706,71.81,63.16,340,188,152
170,163371,70.0368292682927,71.43,68.07,287,168,119
171,164053,77.8778761061947,77.4,78.4,339,177,162
172,164979,70.4253658536585,73.71,65.67,328,194,134
173,165412,47.9651162790698,55.11,40.48,344,176,168
174,166576,69.1766666666667,66.67,71.63,279,138,141
175,166587,68.5072077922078,67.84,69.34,308,171,137
176,166702,63.2810491803279,65.84,60.42,305,161,144
177,166866,72.22,74.44,70,360,180,180
178,167319,74.6215709969788,78.16,70.7,331,174,157
179,168156,73.7362025316456,77.44,69.74,316,164,152
180,168726,71.1106666666667,78.47,62.7,270,144,126
181,169421,56.3764609053498,51.2,61.86,243,125,118
182,169856,70.775,68.31,73.24,284,142,142
183,170460,70.7355627009646,75.62,65.56,311,160,151
184,170690,57.1426829268293,60.96,53.19,287,146,141
185,171383,57.9559591836735,71.17,47.01,245,111,134
186,172844,59.4572972972973,73.04,48.61,259,115,144
187,173223,68.8463846153846,57.48,79.7,260,127,133
188,173403,68.8797510373444,65.22,72.22,241,115,126
189,173687,72.8252173913043,66.67,77.56,276,120,156
190,173856,74.0985971223022,71.11,76.92,278,135,143
191,174218,68.0184210526316,59.05,74.65,247,105,142
192,174269,63.2630612244898,60.87,65.38,196,92,104
193,174465,62.0566007905138,48.72,73.53,253,117,136
194,175137,56.80168,48.25,63.97,250,114,136
195,175560,70.85466367713,74.13,65,223,143,80
196,177303,71.0422171945701,74.11,67.89,221,112,109
197,177577,61.8291397849462,65.88,58.42,186,85,101
198,177981,62.356797752809,70.43,47.62,178,115,63
199,178440,73.7960427807487,82.22,65.98,187,90,97
200,178800,67.0596470588235,67.39,66.67,170,92,78
201,180398,72.4351282051282,74.7,69.86,156,83,73
202,180973,27.32,30.23,24.74,183,86,97
203,181127,7.17707692307692,6.45,7.84,195,93,102
204,181197,3.55593908629442,2.2,4.72,197,91,106
205,181215,4.23349206349206,5.75,2.94,189,87,102
206,181231,8.41894736842105,9.09,7.84,190,88,102
207,183156,72.0237823834197,72.73,71.28,193,99,94
208,183844,68.8256275303644,66.39,71.09,247,119,128
209,183949,66.6686111111111,73.47,61.02,216,98,118
210,185417,71.4267181467181,69.53,73.28,259,128,131
211,187002,74.5008764940239,72.22,76.8,251,126,125
212,187059,77.855,74.5,81.21,298,149,149
213,187806,69.5108130081301,74.4,64.46,246,125,121
214,189314,63.1552226720648,69.72,57.97,247,109,138
215,190221,63.0787692307692,71.13,53.39,260,142,118
216,190401,73.0249671052631,70.21,75.46,304,141,163
217,191667,81.7216845878136,82.25,80.91,279,169,110
218,192544,75.7458803986711,69.86,81.29,301,146,155
219,192602,82.4502649006622,87.69,78.49,302,130,172
220,194752,62.2640754716981,59.85,64.66,265,132,133
221,195294,56.7591891891892,37.41,73.89,296,139,157
222,195949,83.334,74.55,94.07,300,165,135
223,197112,76.2545819397993,75.82,76.71,299,153,146
224,197131,79.3648571428571,79.87,78.85,315,159,156
225,197833,82.5823870967742,79.87,85.26,310,154,156
226,198577,49.9966242038217,16.15,73.91,314,130,184
227,199624,76.1758823529412,76.25,76.11,340,160,180
228,199945,73.2324,65.07,79.89,325,146,179
229,200141,74.2659283387622,74,74.52,307,150,157
230,200729,65.092,39.82,82.72,275,113,162
231,201706,75.4604294478528,79.67,70.14,326,182,144
232,202070,71.8078195488722,77.22,63.89,266,158,108
233,203410,79.3579356568365,83.87,74.87,373,186,187
234,203618,71.1320833333333,69.33,72.83,336,163,173
235,204690,70.6881034482759,77.14,60.87,290,175,115
236,207465,74.695,75.88,73.42,328,170,158
237,208033,66.5365019011407,60.2,70.3,263,98,165
238,211477,64.5697350993377,63.69,65.85,302,179,123
239,212286,75.5513703703704,74.53,77.06,270,161,109
240,213465,69.5230158730159,65.81,73.12,315,155,160
241,213937,68.9773927392739,74.05,63.45,303,158,145
242,214068,78.5908211143695,82.87,73.75,341,181,160
243,214376,69.3842996742671,64.56,74.5,307,158,149
244,215099,68.3096296296296,74.48,59.18,243,145,98
245,215890,74.3842105263158,74.05,74.8,285,158,127
246,215919,72.5403880597015,74.18,70.59,335,182,153
247,217011,71.4296501457726,70.56,72.39,343,180,163
248,217161,81.0318006430868,75.43,88.24,311,175,136
249,218632,57.6170860927152,66.88,47.18,302,160,142
250,221122,68.4539597315436,73.65,61.83,298,167,131
251,221873,73.1783090379009,77.84,67.72,343,185,158
252,223134,63.8718248175183,74.12,47.12,274,170,104
253,225340,70.7281097560976,77.19,63.69,328,171,157
254,225347,71.3020710059172,82.45,57.33,338,188,150
255,225434,74.99790625,81.92,66.43,320,177,143
256,225518,68.6287394957983,75.56,61.58,357,180,177
257,226645,65.2641558441559,66.22,64.38,308,148,160
258,228557,77.3030674846626,83.02,71.86,326,159,167
259,230929,64.2263049853372,73.6,53.99,341,178,163
260,231079,68.3135465116279,76.68,57.62,344,193,151
261,231649,76.5771052631579,80.95,72.25,380,189,191
262,232407,67.6774904942966,63.93,70.92,263,122,141
263,232493,60.3783018867924,54.35,65,318,138,180
264,233116,69.3466666666667,71.43,67.43,336,161,175
265,233694,63.6083606557377,68.67,58.71,305,150,155
266,233879,57.3976173285199,56.92,57.82,277,130,147
267,234080,66.4532907348243,61.42,69.89,313,127,186
268,235348,71.7552161383285,73.56,69.94,347,174,173
269,236967,54.430131147541,63.91,42.65,305,169,136
270,241721,69.1053658536585,62.28,75,246,114,132
271,241956,77.885,80.13,75.64,312,156,156
272,242129,74.6904564315353,85,60.4,241,140,101
273,244655,71.2306164383562,74.71,66.1,292,174,118
274,246272,68.9257142857143,59.09,75.29,280,110,170
275,246334,74.8395222929936,73.79,75.74,314,145,169
276,248024,73.2751293103448,75.54,69.89,232,139,93
277,250048,70.4624911032029,70.95,69.92,281,148,133
278,250964,71.9995666666667,69.8,74.17,300,149,151
279,253183,62.4179738562091,67.66,56.12,306,167,139
280,253565,72.2781848184818,73.37,70.59,303,184,119
281,254143,73.3151685393258,73.3,73.33,356,176,180
282,255230,58.8801315789474,60.39,57.33,304,154,150
283,256082,63.7074193548387,55.17,71.21,372,174,198
284,256522,79.2895145631068,80.77,77.78,309,156,153
285,256816,61.4791292875989,57.37,65.61,379,190,189
286,257616,54.9408024691358,63.86,45.57,324,166,158
287,258316,57.2623931623932,46.06,67.2,351,165,186
288,259700,71.6708215297451,68.39,74.86,353,174,179
289,260269,70.2438650306748,71.91,68.24,326,178,148
290,260522,80.0541778975741,78.68,81.61,371,197,174
291,261748,70.2853714285714,61.99,78.21,350,171,179
292,263021,77.0571470588235,69.94,84.43,340,173,167
293,265371,65.504,41.84,81.86,345,141,204
294,266726,70.8241909814324,65.48,75.12,377,168,209
295,266849,70.270990990991,64.12,74.26,333,131,202
296,269754,85.8148442906574,81.54,89.31,289,130,159
297,269964,71.5818498659517,71.81,71.35,373,188,185
298,270559,66.0471604938272,69.02,62.14,324,184,140
299,271445,67.3069230769231,67.93,66.67,364,184,180
300,271993,71.6647222222222,69.73,73.71,360,185,175
301,272287,60.2228467153285,66.94,54.67,274,124,150
302,272362,70.2172131147541,69.84,70.62,366,189,177
303,273564,51.864776119403,42.24,59.21,268,116,152
304,273675,56.7034482758621,44.85,69.6,261,136,125
305,274143,70.4172347266881,72.48,68.52,311,149,162
306,278771,48.3872983870968,70.99,23.08,248,131,117
307,281764,82.1522662889518,78.26,86.39,353,184,169
308,281900,78.1161094224924,70,85.8,329,160,169
309,281928,80.5967654986523,76.22,84.95,371,185,186
310,281964,76.6691111111111,67.05,85.87,360,176,184
311,282158,76.0441782729805,76.53,75.46,359,196,163
312,283107,65.8168051118211,77.3,49.22,313,185,128
313,284022,53.7096735905045,42.18,62.63,337,147,190
314,285989,68.5496819787986,56.88,75.86,283,109,174
315,286661,70.3138616714697,73.68,67.69,347,152,195
316,289554,63.0056647398844,65.26,60.26,346,190,156
317,292476,65.7216494845361,54.45,76.65,388,191,197
318,294608,77.4457912457913,64.66,85.64,297,116,181
319,296110,75.3510084033613,76.59,73.68,357,205,152
320,296729,78.480782396088,78.8,78.12,409,217,192
321,298044,65.4328395061728,75.69,52.45,324,181,143
322,299300,77.6790178571429,73.74,82.17,336,179,157
323,299447,66.6654320987654,72,60.4,324,175,149
324,299466,60.0026764705882,55.31,65.22,340,179,161
325,299907,65.4983040935673,51.61,77.01,342,155,187
326,300878,34.89,8.67,57.89,321,150,171
327,301575,76.268813559322,76.54,76.04,354,162,192
328,302067,78.6608917197452,77.24,79.88,314,145,169
329,302211,78.1671091445428,78.31,78.03,339,166,173
330,302419,76.8768786127168,77.06,76.7,346,170,176
331,303936,70.7353697749196,69.5,71.76,311,141,170
332,304057,76.0545915492958,74.69,77.2,355,162,193
333,304359,74.0381415929204,75.97,72.43,339,154,185
334,304435,71.196213592233,82.21,58.9,309,163,146
335,304451,74.4744444444444,79.73,70.27,333,148,185
336,304838,76.633058419244,80.47,73.62,291,128,163
337,305017,80.5783495145631,83.82,78.03,309,136,173
338,305438,70.3026315789474,56.52,77.59,266,92,174
339,305444,76.7883959044369,79.05,74.48,293,148,145
340,305614,79.7726210826211,78.53,80.85,351,163,188
341,306412,66.0463551401869,65.52,66.48,321,145,176
342,308053,67.1180872483221,66.91,67.3,298,139,159
343,308832,57.9323616236162,75.19,41.3,271,133,138
344,309383,72.8951506024096,70.07,75.14,332,147,185
345,310377,59.6988059701493,62.65,56.8,335,166,169
346,311068,53.4345038167939,56.03,50.41,262,141,121
347,311676,74.9123693379791,76.92,73.25,287,130,157
348,311802,72.8174757281553,81.56,65.48,309,141,168
349,312250,70.7449552238806,77.18,65.59,335,149,186
350,312898,71.8755625,66.88,76.51,320,154,166
351,314005,77.3841342756184,78.46,76.47,283,130,153
352,314645,68.9651724137931,75.47,61.07,290,159,131
353,314780,76.1367673716012,75.6,76.69,331,168,163
354,315315,72.9950802139037,75,70.88,374,192,182
355,316258,69.6406930693069,72.44,66.67,303,156,147
356,316420,69.1024916943522,72.85,65.33,301,151,150
357,316504,62.19074204947,66.18,58.5,283,136,147
358,317206,62.2976229508197,73.66,47.83,366,205,161
359,319577,77.9444712990936,78.82,77.02,331,170,161
360,322915,73.6044281524927,71.13,76.87,341,194,147
361,326388,69.4451388888889,71.23,67.61,288,146,142
362,333127,46.1247887323944,33.81,57.93,284,139,145
363,333635,81.1113703703704,82.64,79.87,270,121,149
364,334868,67.1910671936759,71.23,61.68,253,146,107
365,335158,58.3357142857143,50.93,63.89,252,108,144
366,335164,65.9590425531915,52.85,76.1,282,123,159
367,335476,72.1808098591549,62.83,78.36,284,113,171
368,335855,74.3324666666667,81.69,67.72,300,142,158
369,335875,74.4694326241135,78.95,70.47,282,133,149
370,336031,73.3117905405405,72.19,74.48,296,151,145
371,336100,81.4903571428571,76.36,87.41,308,165,143
372,337010,79.4775570032573,79.1,79.77,307,134,173
373,338511,58.805534591195,72.94,42.57,318,170,148
374,338595,69.4980694980695,61.98,76.09,259,121,138
375,338741,77.6246779661017,72.79,81.76,295,136,159
376,338861,75.9404511278195,76.55,75.21,266,145,121
377,339415,78.86875,76.73,80.79,336,159,177
378,339680,65.2325827814569,69.72,61.25,302,142,160
379,340864,69.7046254071661,69.92,69.54,307,133,174
380,341315,76.7775655430712,81.58,70.43,267,152,115
381,341727,77.4297222222222,81.82,73.1,288,143,145
382,342616,73.3827645051195,73.83,72.92,293,149,144
383,344188,82.0269281045752,86.62,78.05,306,142,164
384,346216,78.7044486692015,91.85,64.84,263,135,128
385,346603,74.4367731629393,70.83,77.51,313,144,169
386,346669,69.8243859649123,73.97,65.47,285,146,139
387,348178,69.4919322033898,67.81,71.14,295,146,149
388,348217,68.9939534883721,74.62,63.28,258,130,128
389,349242,63.308273381295,74.81,52.45,278,135,143
390,351133,66.3910788381743,68.84,63.11,241,138,103
391,352001,70.5663120567376,59.68,79.11,282,124,158
392,352133,70.2353511705686,69.08,71.43,299,152,147
393,353872,68.8836555891239,61.54,75.43,331,156,175
394,356672,74.1135460992908,80,68.31,282,140,142
395,356789,68.8084403669725,66.09,71.9,327,174,153
396,357706,55.0695652173913,58.47,52.53,276,118,158
397,357751,70.6489130434783,70.5,70.8,276,139,137
398,360062,66.2129054054054,65.33,67.12,296,150,146
399,360906,46.4426966292135,40,54.1,267,145,122
400,364122,79.9991076923077,83.83,75.95,325,167,158
401,364782,75.0858139534884,71.43,79.29,301,161,140
402,365474,75.1718275862069,79.29,69.42,290,169,121
403,366007,69.7671428571429,66.67,72.09,301,129,172
404,366885,62.9033870967742,48.78,69.88,248,82,166
405,367535,67.9068581081081,71.63,64.52,296,141,155
406,367744,71.7932478632479,73.51,69.88,351,185,166
407,368663,67.8449469964664,72.14,63.64,283,140,143
408,369640,73.7590780141844,62.16,86.57,282,148,134
409,369960,77.9749458483754,73.1,83.33,277,145,132
410,371058,70.611935483871,84.06,57.45,279,138,141
411,371578,75.3664705882353,70.37,80.29,272,135,137
412,371588,71.2717818181818,74.05,67.52,275,158,117
413,372474,54.0248275862069,40.8,66.18,261,125,136
414,373457,71.1482295081967,71.01,71.32,305,169,136
415,373506,68.9998666666667,64.56,73.94,300,158,142
416,374172,78.5718650793651,70.8,84.89,252,113,139
417,377521,56.060303030303,38.54,72.55,198,96,102
418,378316,76.002,68.89,82.86,275,135,140
419,378758,73.8191798107256,76.84,70,317,177,140
420,380903,65.0311888111888,59.86,70.5,286,147,139
421,381132,78.2978592375367,74.14,82.63,341,174,167
422,382996,66.5455514705882,67.94,65.25,272,131,141
423,383591,69.8513235294118,71.83,67.69,272,142,130
424,383606,59.3301913875598,64.15,54.37,209,106,103
425,383927,70.4829861111111,71.52,69.34,288,151,137
426,384479,71.2995067264574,75.97,64.89,223,129,94
427,384864,60.6934682080925,57.89,62.89,173,76,97
428,385360,79.9969642857143,75.52,84.67,280,143,137
429,385486,71.4267181467181,79.08,60.38,259,153,106
430,385545,74.6604054054054,78.32,71.24,296,143,153
431,385555,76.875625,80.13,73.78,320,156,164
432,388988,61.8172727272727,53.57,70.37,330,168,162
433,389557,66.7983984375,69.77,63.78,256,129,127
434,390527,54.220843373494,47.71,59.29,249,109,140
435,390595,74.1840760869565,76.76,71.58,368,185,183
436,390622,71.6003021148036,71.24,71.91,331,153,178
437,392993,66.42875,75.17,57.04,280,145,135
438,393054,77.1438095238095,80.58,74.43,315,139,176
439,396618,75.9373125,75.32,76.51,320,154,166
440,396680,75.8079677419355,74.27,77.7,310,171,139
441,396711,71.4711527377521,76.47,66.67,347,170,177
442,399742,57.0366539923954,34.12,67.98,263,85,178
443,399749,54.3310236220472,46.36,60.42,254,110,144
444,399822,58.840578778135,53.66,62.23,311,123,188
445,399833,54.6387285223368,51.69,56.65,291,118,173
446,400091,71.7743902439024,68.75,73.71,287,112,175
447,400334,65.3993650793651,63.24,67.04,315,136,179
448,400521,66.2529102167183,62.59,69.02,323,139,184
449,401057,64.1237404580153,69.83,59.59,262,116,146
450,403536,56.4522580645161,64.83,49.09,310,145,165
451,403710,66.796641509434,71.19,63.27,265,118,147
452,404085,62.772,64.34,61.54,325,143,182
453,404433,80.9225795053003,77.03,85.19,283,148,135
454,404541,79.3714685314685,80.14,78.57,286,146,140
455,404841,68.627568627451,62.89,72.15,255,97,158
456,405001,68.6009556313993,63.56,72,293,118,175
457,405971,68.4874598070739,69.28,67.72,311,153,158
458,406741,77.9872327044025,84.29,73.03,318,140,178
459,407607,71.8729861111111,67.21,75.3,288,122,166
460,410198,63.6659937888199,66.06,61.15,322,165,157
461,410966,67.3585416666667,77.33,56.52,288,150,138
462,412941,27.5327125506073,40.5,15.08,247,121,126
463,413269,62.0285759493671,67.3,56.69,316,159,157
464,413377,76.8950344827586,83.46,71.78,290,127,163
465,416443,72.8031728045326,70.44,74.74,353,159,194
466,416776,62.9221768707483,67.68,56.92,294,164,130
467,416950,69.1122018348624,68.87,69.32,327,151,176
468,416981,62.6892354740061,59.41,66.24,327,170,157
469,417582,66.1164144736842,72.88,56.69,304,177,127
470,418755,69.8960869565217,59.72,79.35,299,144,155
471,421428,81.786059602649,75.16,88.59,302,153,149
472,422441,65.7792775665399,73.65,55.65,263,148,115
473,424119,74.5403680981595,76.22,72.84,326,164,162
474,424183,76.8737837837838,77.19,76.54,333,171,162
475,425639,81.208255033557,85.42,77.27,298,144,154
476,426370,68.992984496124,66.4,71.43,258,125,133
477,426480,86.4739344262295,82.11,90.91,244,123,121
478,427195,68.1104724409449,75,60.17,254,136,118
479,427403,62.3260930232558,71.43,47.56,215,133,82
480,429152,75.8070564516129,73.45,77.78,248,113,135
481,429474,69.8881412639405,70.87,69.01,269,127,142
482,429780,57.0287148594377,37.11,69.74,249,97,152
483,433761,72.3272327044025,75,70.33,159,68,91
484,435741,16.8911486486486,20.63,14.12,148,63,85
485,436317,20.3853398058252,30.23,13.33,103,43,60
486,436499,57.7568103448276,56.6,58.73,116,53,63
487,436529,59.0928181818182,62.79,56.72,110,43,67
488,436939,51.6591390728477,30.19,63.27,151,53,98
489,437365,54.0154744525547,63.16,47.5,137,57,80
490,438701,49.1696132596685,51.19,47.42,181,84,97
491,443443,67.6341818181818,60.78,76.23,275,153,122
492,444477,66.1108053691275,54.14,75.76,298,133,165
493,445169,69.4280575539568,64.52,73.38,278,124,154
494,445292,62.4976602564103,55.17,68.86,312,145,167
495,445350,67.6454575163399,65.03,69.94,306,143,163
496,445379,64.5038167938931,60.32,68.38,262,126,136
497,445462,66.4573417721519,66.25,66.67,316,160,156
498,445473,47.3667206477733,48.74,46.09,247,119,128
499,445773,65.8624137931034,67.33,64.29,290,150,140
500,446075,64.2892857142857,63.25,65.19,252,117,135
501,446080,61.6113744075829,37.68,73.24,211,69,142
502,447798,62.5008783783784,70.7,53.24,296,157,139
503,447830,71.6564820846906,73.58,69.59,307,159,148
504,449284,67.7021118012422,69.74,65.88,322,152,170
505,451886,78.1328279883382,80.81,75.44,343,172,171
506,451908,70.53,74.43,65.73,319,176,143
507,453463,74.2783526011561,78.01,69.68,346,191,155
508,453482,69.2780120481928,70.81,67.35,332,185,147
509,453814,67.5860079051383,71.62,61.9,253,148,105
510,454720,59.2545267489712,56.07,61.76,243,107,136
511,454964,70.379872611465,72.67,67.97,314,161,153
512,455051,69.2033333333333,56.47,74.87,276,85,191
513,455057,63.6642765273312,62.96,64.43,311,162,149
514,455273,71.5554545454546,63.87,77.96,341,155,186
515,455378,70.4557142857143,67.61,72.89,308,142,166
516,455860,76.2495,82.95,68.06,320,176,144
517,458563,32.3141782729805,39.24,26.87,359,158,201
518,460501,72.6055445544555,71.01,73.94,303,138,165
519,461351,72.522428115016,66.44,77.84,313,146,167
520,461701,80.1515355805243,71.13,90.4,267,142,125
521,461814,52.7876539589443,58.72,46.75,341,172,169
522,462140,76.7651764705882,79.76,73.84,340,168,172
523,462365,55.6373454545455,53.73,57.45,275,134,141
524,462737,73.2193447293447,74.59,71.76,351,181,170
525,464168,63.0824731182796,74.83,50,279,147,132
526,464974,64.8971428571429,74.32,50.52,245,148,97
527,466934,80.0706872852234,83.23,76.47,291,155,136
528,472574,65.1804464285714,71.2,57.58,224,125,99
529,475368,65.1877777777778,63.77,66.67,135,69,66
530,475539,62.4108510638298,59.46,65.67,141,74,67
531,475822,69.6972727272727,68.57,70.97,132,70,62
532,476154,49.9963709677419,66.15,32.2,124,65,59
533,477023,36.2048275862069,40.32,31.48,116,62,54
534,477252,68.6264705882353,68.33,69.05,102,60,42
535,477409,61.8596907216495,63.27,60.42,97,49,48
536,477424,59.4589189189189,61.54,57.14,74,39,35
537,477611,69.6598876404494,72.22,65.71,89,54,35
538,478661,30.4330434782609,12.82,53.33,69,39,30
539,479259,24.285,25.71,22.86,70,35,35
540,479267,17.6480882352941,18.92,16.13,68,37,31
541,479467,61.1097222222222,50,71.05,72,34,38
542,479910,70.002,64.71,75,70,34,36
543,480025,56.7173134328358,55.88,57.58,67,34,33
544,480653,59.9970666666667,36.84,83.78,75,38,37
545,481323,64.7058823529412,50,75,68,28,40
546,481422,67.1195890410959,55.81,83.33,73,43,30
547,481971,66.2163513513513,63.64,68.29,74,33,41
548,482023,58.3353571428571,59.46,57.45,84,37,47
549,482221,56.5778947368421,47.22,65,76,36,40
550,482363,52.4368292682927,52.63,52.27,82,38,44
551,482473,65.791052631579,72.73,56.25,76,44,32
552,482894,58.749625,58.54,58.97,80,41,39
553,482967,49.2752173913043,56.41,40,69,39,30
554,483145,47.62,38.1,57.14,84,42,42
555,483712,51.8084337349398,38.46,63.64,83,39,44
556,483974,46.4288095238095,55.81,36.59,84,43,41
557,483994,56.3248275862069,58.7,53.66,87,46,41
558,484507,63.83,68.09,59.57,94,47,47
559,484535,53.6868421052632,40.91,64.71,95,44,51
560,484649,63.7243137254902,55.26,68.75,102,38,64
561,485293,73.1456481481482,76.36,69.81,108,55,53
562,485989,61.6416438356164,60.29,62.82,146,68,78
563,486142,57.9356551724138,47.95,68.06,145,73,72
564,488369,63.74925,55.74,72.03,240,122,118
565,490870,78.6969072164948,78.85,78.52,291,156,135
566,490975,61.2585977859779,48.18,74.63,271,137,134
567,492482,68.3736744186047,80.36,55.34,215,112,103
568,493309,68.0141077441077,65.81,70.42,297,155,142
569,494460,80.738,79.01,83.33,270,162,108
570,496111,78.051149825784,82.04,72.5,287,167,120
571,496874,60.2688888888889,81.28,24.55,297,187,110
572,497012,76.7338888888889,76.97,76.47,288,152,136
573,497251,31.1728571428571,13.64,54.55,231,132,99
574,498856,66.5466192170818,62.5,70.8,281,144,137
575,499013,62.5789308176101,64.5,60.4,318,169,149
576,499056,53.900813559322,46.26,61.49,295,147,148
577,499101,68.6231379310345,72.18,65.61,290,133,157
578,499420,69.2605185185185,76.03,61.29,270,146,124
579,499591,69.6815837104072,77.61,57.47,221,134,87
580,501895,74.8319463087248,82.99,66.89,298,147,151
581,502557,65.7388446215139,71.31,60.47,251,122,129
582,502917,67.1679245283019,78.08,53.78,265,146,119
583,507157,55.308717948718,64.12,47.18,273,131,142
584,509700,65.8057419354839,62.33,68.9,310,146,164
585,511191,69.6228327645051,73.29,65.15,293,161,132
586,511831,77.7020983606557,82.14,72.26,305,168,137
587,514092,60.7141558441558,68.87,52.87,308,151,157
588,515320,41.748932038835,22,60.38,206,100,106
589,517055,63.9187628865979,52.54,71.68,291,118,173
590,518291,74.9155830388693,66.17,82.67,283,133,150
591,518405,71.4297342192691,80.25,61.15,301,162,139
592,519801,75.7910691823899,77.22,74.38,318,158,160
593,519838,76.2890034364261,75.5,77.14,291,151,140
594,519882,83.6213793103448,87.08,80,348,178,170
595,519939,74.2679824561404,72.83,75.74,342,173,169
596,520236,59.8204761904762,74.43,43.75,336,176,160
597,520509,83.739723183391,81.82,85.62,289,143,146
598,521040,77.2598833819242,77.59,76.92,343,174,169
599,522195,75.5851170568562,80.57,68.55,299,175,124
600,522560,71.4747335423198,78.68,66.12,319,136,183
601,523076,77.6269613259668,70,84.38,362,170,192
602,525271,70.9552475247525,55.3,83.04,303,132,171
603,525310,77.8755172413793,67.31,86.46,348,156,192
604,527601,72.850618556701,70.83,74.83,291,144,147
605,529055,72.2457414448669,61.54,82.71,263,130,133
606,533968,82.5162937062937,72.8,90.06,286,125,161
607,535221,77.9263103448276,71.54,82.63,290,123,167
608,535323,81.1905642633229,78.01,83.71,319,141,178
609,535470,76.9525084745763,70.9,81.99,295,134,161
610,536472,69.5063120567376,64.79,74.29,282,142,140
611,537801,83.3311111111111,79.31,86.36,270,116,154
612,538081,46.5993189964158,55.91,38.82,279,127,152
613,540106,79.0366666666667,81.62,76.77,291,136,155
614,540238,75.8252747252747,80.54,70.16,273,149,124
615,542301,68.3485611510791,69.38,66.95,278,160,118
616,542497,74.8356291390729,74.51,75.17,302,153,149
617,542603,71.3737809187279,71.01,71.72,283,138,145
618,542612,75.6986292834891,73.17,78.34,321,164,157
619,544561,73.3097744360902,73.43,73.17,266,143,123
620,544972,73.0902657807309,69.47,75.88,301,131,170
621,546233,73.3103187250996,67.63,80.36,251,139,112
622,546699,72.1675080906149,78.29,66.24,309,152,157
623,546805,80.5731210191083,75.89,84.39,314,141,173
624,547159,78.9685608856089,74.4,82.88,271,125,146
625,547562,55.33395256917,45.13,63.57,253,113,140
626,547804,71.2794809688582,77.37,65.79,289,137,152
627,549686,73.552520661157,79.21,69.5,242,101,141
628,549983,62.9962995594714,68.38,57.27,227,117,110
629,550289,76.2513125,78.23,74.57,320,147,173
630,551789,78.4293790849673,84.43,71.22,306,167,139
631,552706,64.4572473867596,75,55.97,287,128,159
632,552922,68.5604545454545,79.84,58.57,264,124,140
633,553686,74.8413664596273,75.91,74.05,322,137,185
634,556379,70.4725714285714,77.3,64.94,315,141,174
635,556924,73.3288,81.94,65.38,300,144,156
636,559463,76.7798876404494,74.77,78.21,267,111,156
637,559818,57.3066538461538,56.2,58.27,260,121,139
638,559945,79.3518218623482,84.3,74.6,247,121,126
639,561595,87.1398340248963,86.17,87.76,241,94,147
640,561784,67.0806666666667,77.94,52.88,240,136,104
641,563125,86.2307608695652,88.62,84.31,276,123,153
642,564147,71.9337944664032,73.45,70.71,253,113,140
643,564639,77.3921739130435,75.24,79.2,230,105,125
644,565474,66.2709019607843,61.68,69.59,255,107,148
645,565609,68.7064388489209,68.8,68.63,278,125,153
646,565634,73.2620879120879,73.23,73.29,273,127,146
647,565698,76.5090035587189,74.81,78.08,281,135,146
648,565880,69.6149230769231,62.93,75,260,116,144
649,567070,74.1787704918033,75.23,73.33,244,109,135
650,567878,83.8989406779661,83.19,84.62,236,119,117
651,568003,67.6634825870647,48.42,84.91,201,95,106
652,568137,60.1426086956522,58.14,61.9,276,129,147
653,568257,75.981968503937,73.81,78.12,254,126,128
654,568378,73.7842696629214,82.4,66.2,267,125,142
655,568466,69.020862745098,80.92,56.45,255,131,124
656,568739,65.1571428571429,56.1,71.95,287,123,164
657,568954,67.4689558232932,68.03,66.93,249,122,127
658,569395,54.1657692307692,34.31,69.71,312,137,175
659,569716,73.424020979021,76.47,69.92,286,153,133
660,570233,69.3642978723404,78.99,55.67,235,138,97
661,571082,73.1276870748299,74.34,71.83,294,152,142
662,571789,64.2588086642599,67.12,61.07,277,146,131
663,573233,64.3098713826367,69.03,59.62,311,155,156
664,575659,70.4984472049689,68.63,72.19,322,153,169
665,576079,77.91,79.35,76.67,335,155,180
666,578283,75.0721621621622,76.16,73.91,333,172,161
667,578681,77.2444311377245,75.86,78.75,334,174,160
668,581700,77.7071337579618,75.61,80,314,164,150
669,582069,62.2553225806452,65.73,59.28,310,143,167
670,582090,55.5070338983051,63.06,48.8,236,111,125
671,582827,67.2220401337793,57.46,75.15,299,134,165
672,584678,66.1533230769231,60.99,70.11,325,141,184
673,584707,70.8083815028902,69.28,72.02,346,153,193
674,585733,67.4566101694915,61.42,72.02,295,127,168
675,586027,62.3381818181818,55.38,67.42,308,130,178
676,587567,66.2374276527331,57.72,71.81,311,123,188
677,587755,65.5562235649547,60.56,69.31,331,142,189
678,587831,49.33,65.1,33.56,298,149,149
679,588461,75.3385365853658,70.24,79.6,369,168,201
680,588975,78.287,74.57,81.92,350,173,177
681,589210,46.839219330855,33.01,55.42,269,103,166
682,593598,67.0885579937304,69.57,64.56,319,161,158
683,595273,62.2585806451613,53.9,70.51,310,154,156
684,595822,83.1094594594595,84.29,82.05,296,140,156
685,596050,75.7573484848485,77.93,73.11,264,145,119
686,596071,81.3109968847352,78.53,84.18,321,163,158
687,596134,78.1138905775076,76.83,79.39,329,164,165
688,597418,66.1594512195122,64.15,68.05,328,159,169
689,597656,80.2511912225705,84.71,75.93,319,157,162
690,597821,70.4723154362416,68.28,72.55,298,145,153
691,599718,80.4838675958188,75.38,84.71,287,130,157
692,600607,69.3887755102041,62.07,75.97,245,116,129
693,600914,58.7482916666667,62.04,54.37,240,137,103
694,601175,73.331298245614,69.4,76.82,285,134,151
695,605358,84.3983687943262,86.25,81.97,282,160,122
696,610842,75.973109540636,79.87,71.64,283,149,134
697,612261,69.0757803468208,72,65.07,346,200,146
698,612732,75.39246105919,71.1,80.41,321,173,148
699,612916,75.9996,67.5,91.11,250,160,90
700,613109,59.8521933085502,63.76,55,269,149,120
701,614126,66.7752580645161,71.04,60.63,310,183,127
702,615791,69.3297,67.11,71.52,300,149,151
703,615847,61.6155483870968,60.51,62.75,310,157,153
704,617649,71.3176494023904,66.39,75.76,251,119,132
705,618289,78.3043389830508,79.52,76.74,295,166,129
706,618669,73.3344705882353,63.49,82.95,255,126,129
707,619726,54.2627906976744,50,58.46,258,128,130
708,621140,72.0979069767442,52.99,87.43,301,134,167
709,621620,74.3165758754864,61.94,87.8,257,134,123
710,622199,76.8574468085106,75.54,78.12,376,184,192
711,623334,61.2616516516516,63.47,59.04,333,167,166
712,625739,73.4852737752161,67.27,79.12,347,165,182
713,625818,72.0951162790698,74.87,68.79,344,187,157
714,626625,3.68342105263158,3.76,3.61,380,186,194
715,626956,62.9908185053381,66.67,60,281,126,155
716,627043,74.2245892351275,76.14,72.32,353,176,177
717,627714,74.0621501706485,77.69,71.51,293,121,172
718,627740,77.6264406779661,84.14,71.33,295,145,150
719,627768,76.4327388535032,85.42,68.82,314,144,170
720,627933,70.7483844011142,68.45,72.77,359,168,191
721,628047,77.1191143911439,77.24,76.98,271,145,126
722,628067,70.3185159010601,58.14,80.52,283,129,154
723,629160,51.965905511811,25.86,73.91,254,116,138
724,633244,73.9817073170732,69.01,80.77,246,142,104
725,633343,69.0088498402556,74.01,62.5,313,177,136
726,634009,63.8500337837838,56.55,70.86,296,145,151
727,634045,76.7162686567164,78.69,74.34,335,183,152
728,634366,77.0020905923345,77.18,76.81,287,149,138
729,634660,80.0010175438596,78.41,82.57,285,176,109
730,635025,78.4110158730159,75,82.73,315,176,139
731,635556,87.444798206278,94.03,77.53,223,134,89
732,635964,78.12375,76.54,80.16,288,162,126
733,637613,72.6360135135135,69.1,77.97,296,178,118
734,638686,78.4848484848485,80,76,330,205,125
735,639838,74.4716216216216,70.85,79.85,333,199,134
736,640596,69.7474789915966,65.79,74.25,357,190,167
737,641045,66.9556034482759,55.15,77.6,348,165,183
738,641537,52.2785106382979,17.46,73.89,329,126,203
739,642444,41.436404109589,34.75,47.68,292,141,151
740,643951,75.8664532019704,77.73,73.85,406,211,195
741,645853,73.6638790035587,66.67,78.03,281,108,173
742,646624,74.5930054644809,73.16,76.14,366,190,176
743,647048,82.4775226586103,80.81,84.96,331,198,133
744,647207,69.4170642201835,65.38,73.1,327,156,171
745,647398,72.2675733333333,69.9,74.86,375,196,179
746,647597,74.8685185185185,77.04,72.53,378,196,182
747,647619,75.2673138297872,71.96,78.61,376,189,187
748,647666,73.7827027027027,74.11,73.41,370,197,173
749,648323,71.63,66.29,76.97,356,178,178
750,648463,67.117628032345,66.5,67.84,371,200,171
751,652762,63.042049689441,48.51,73.4,322,134,188
752,655075,69.2039100346021,61.54,75.47,289,130,159
753,655780,73.7283109919571,72.02,75.56,373,193,180
754,656082,75.1441520467836,75,75.29,342,172,170
755,656352,72.6447112462006,69.54,76.13,329,174,155
756,656812,65.9416099071207,57.43,73.14,323,148,175
757,657276,69.746178343949,72.89,66.22,314,166,148
758,658561,68.4252631578947,71.52,64.17,285,165,120
759,658582,71.3787171052631,69.82,73.33,304,169,135
760,659014,72.6319649122807,73.13,72.19,285,134,151
761,659155,74.1601342281879,73.33,75.19,298,165,133
762,659320,79.0731561461794,77.65,80.92,301,170,131
763,659533,77.1683922829582,75,80.31,311,184,127
764,660586,60.6762921348315,52.38,68.09,267,126,141
765,661097,76.9198224852071,80.23,73.49,338,172,166
766,662390,78.9791525423729,73.21,82.51,295,112,183
767,662442,81.3658695652174,79.47,83.04,322,151,171
768,662577,78.905703125,69.23,87.05,256,117,139
769,663806,84.18,86.08,82.28,316,158,158
770,664148,77.6232867132867,71.05,81.98,286,114,172
771,664994,77.571246105919,83.71,69.93,321,178,143
772,665039,80.14440433213,82.8,76.67,277,157,120
773,665846,32.6659375,28.65,36.46,352,171,181
774,666152,62.7733576642336,70.59,55.07,274,136,138
775,667485,83.0067984189723,71.7,91.16,253,106,147
776,667662,72.5720401337793,69.86,75.16,299,146,153
777,667879,73.8023003194888,70.2,77.16,313,151,162
778,668423,77.9015730337079,85.62,66.36,267,160,107
779,668638,79.723058419244,75,83.23,291,124,167
780,670398,76.9215384615385,71.58,80.26,247,95,152
781,670512,72.3251291512915,77.86,66.41,271,140,131
782,671387,72.8073684210526,83.69,55.17,228,141,87
783,671495,75.6091986062718,78.36,73.2,287,134,153
784,672560,78.5135537190083,82.24,75.56,242,107,135
785,672955,79.265325203252,80.73,78.1,246,109,137
786,673019,65.4704932735426,61.86,68.25,223,97,126
787,673302,81.0188888888889,84.69,77.97,216,98,118
788,674344,70.6157216494845,71.84,69.23,194,103,91
789,675948,76.517803030303,80.6,72.31,264,134,130
790,677757,69.1945023696683,56.04,79.17,211,91,120
791,678715,65.4100684931507,61.33,69.72,292,150,142
792,678857,74.247525083612,63.89,83.87,299,144,155
793,679446,78.2918604651163,76.92,80.39,258,156,102
794,680223,73.2670833333333,70.67,76.09,288,150,138
795,680554,55.2721454545454,68.24,40.16,275,148,127
796,680766,53.6793382352941,58.21,49.28,272,134,138
797,680987,74.9095470383275,74.52,75.38,287,157,130
798,681050,71.7787116564417,72.83,70.59,326,173,153
799,681232,80.8242465753425,79.2,82.04,292,125,167
800,682179,78.5462068965517,77.21,80,261,136,125
801,683005,70.7811111111111,72.59,68.52,243,135,108
802,683433,65.9176404494382,64.15,68.52,267,159,108
803,684619,54.6474349442379,59.21,48.72,269,152,117
804,685708,74.9136395759717,82.12,66.67,283,151,132
805,686215,52.6557959183673,43.09,62.3,245,123,122
806,686361,79.7296283783784,79.47,80,296,151,145
807,686515,74.6384782608696,76.67,72.22,276,150,126
808,687054,63.1136885245902,70.4,55.46,244,125,119
809,687070,70.4732677165354,67.32,75.25,254,153,101
810,688393,78.6215942028985,79.73,77.34,276,148,128
811,689241,76.7029032258065,72.65,79.63,279,117,162
812,690470,74.7830434782609,67,80.77,230,100,130
813,691661,46.3647272727273,62.1,26.04,220,124,96
814,692418,82.043387755102,78.36,86.49,245,134,111
815,692439,81.59984,76.12,87.93,250,134,116
816,692542,70.7690769230769,70.14,71.55,260,144,116
817,692697,72.9166666666667,73.03,72.79,288,152,136
818,692891,70.325,72.36,68.29,246,123,123
819,693483,61.4370403587444,60,63.27,223,125,98
820,694314,71.9117602996255,70.2,74.14,267,151,116
821,694962,70.0318118466899,82.87,48.11,287,181,106
822,695022,73.7146525679758,76.19,70.42,331,189,142
823,696932,69.061375,64.63,73.72,320,164,156
824,696974,64.445746031746,53.69,74.1,315,149,166
825,698538,61.4862162162162,61.11,62.07,296,180,116
826,698772,64.3519242902208,53.57,72.88,317,140,177
827,699743,53.7939655172414,33.59,70.44,290,131,159
828,700384,74.5105882352941,81.25,68.52,306,144,162
829,703754,58.250404040404,50.68,65.77,297,148,149
830,704075,69.7488853503185,76.4,62.75,314,161,153
831,704799,80.4022635135135,81.02,79.87,296,137,159
832,707652,73.0491796875,70.09,75.54,256,117,139
833,710127,69.3746494464945,63.28,74.83,271,128,143
834,710419,65.6707462686567,70.07,61.07,268,137,131
835,711423,66.8710736196319,69.49,63.76,326,177,149
836,712957,53.5721031746032,55.34,52.35,252,103,149
837,713385,22.4553892215569,24.67,20.65,334,150,184
838,718891,71.6958490566038,67.2,75.71,265,125,140
839,720381,64.9166666666667,66.17,63.82,285,133,152
840,721324,61.1310188679245,59.66,62.33,265,119,146
841,721869,71.1670802919708,69.77,72.41,274,129,145
842,722003,70.9233546325879,74.21,67.53,313,159,154
843,722684,76.0147635135135,77.42,74.47,296,155,141
844,723368,82.2478402366864,79.87,84.36,338,159,179
845,725283,74.764953271028,75.76,74.07,321,132,189
846,727957,78.1144444444444,82.11,75.29,297,123,174
847,729046,73.750625,70.77,75.79,320,130,190
848,729124,71.6511023622047,78.33,65.67,254,120,134
849,729709,72.0288461538462,71.96,72.07,286,107,179
850,729997,73.0614241486068,73.1,73.03,323,145,178
851,730787,78.8654716981132,78.81,78.91,265,118,147
852,731802,73.6665088757396,75.3,72.09,338,166,172
853,731809,70.5487671232877,72.86,68.42,292,140,152
854,735153,51.4546473029046,23.53,66.67,241,85,156
855,735179,40.8508510638298,18.49,63.79,235,119,116
856,736514,60.7253818181818,62.2,59.46,275,127,148
857,736693,78.6723076923077,78.18,78.98,286,110,176
858,738020,11.8814640883978,9.82,13.57,362,163,199
859,738031,4.13592286501377,5.49,3.02,363,164,199
860,741118,71.6946037735849,84.25,60.14,265,127,138
861,741753,58.7448430493274,69.81,48.72,223,106,117
862,741906,79.6408571428572,89.26,68.7,280,149,131
863,743965,85.6396605744125,88.51,83.25,383,174,209
864,745091,76.4689117647059,75.44,77.51,340,171,169
865,746134,77.3647564469914,73.3,81.5,349,176,173
866,747067,79.6708196721311,80.77,78.52,305,156,149
867,747805,68.1482962962963,68.21,68.07,270,151,119
868,749155,77.8830841121495,76.13,79.52,321,155,166
869,749172,78.8314417177914,76.77,80.7,326,155,171
870,749476,86.2454362416107,86.78,85.88,298,121,177
871,751288,79.3935757575758,82.61,75.34,330,184,146
872,751891,86.0534013605442,77.62,94.04,294,143,151
873,754362,64.0315350877193,61.34,66.97,228,119,109
874,754484,47.7239015151515,68.32,15.53,264,161,103
875,755730,71.4321804511278,77.97,58.43,266,177,89
876,756959,71.1233802816901,69.86,72.46,284,146,138
877,757038,54.0088607594937,49.12,58.54,237,114,123
878,757217,68.5614772727273,79.07,58.52,264,129,135
879,757228,69.6876655052265,77.78,59.2,287,162,125
880,757246,63.3427974276527,57.14,70.63,311,168,143
881,757669,78.4691240875912,84.08,70.94,274,157,117
882,757717,87.0521359223301,88.82,84.89,309,170,139
883,757751,76.2323770491803,77.54,74.53,244,138,106
884,757945,75.6103135888502,79.75,70.54,287,158,129
885,758202,77.4726279863481,79.64,74.6,293,167,126
886,758455,55.8096124031008,56.02,55.43,258,166,92
887,760213,82.0082845188284,74.82,92,239,139,100
888,761057,78.5094736842105,77.12,80,228,118,110
889,762598,66.9753211009174,46.25,78.99,218,80,138
890,762712,74.9998148148148,77.95,70.79,216,127,89
891,762938,79.1319291338583,79.43,78.76,254,141,113
892,765626,78.8142372881356,74.81,83.81,236,131,105
893,766270,75.1019502074689,76.47,73.33,241,136,105
894,766321,79.5385328185328,79.17,80,259,144,115
895,766822,76.0857391304348,73.68,78.45,230,114,116
896,767518,44.9727218934911,57.43,26.47,169,101,68
897,767859,82.3005309734513,77.68,86.84,226,112,114
898,768570,81.643961352657,72.9,91,207,107,100
899,770753,71.7820792079208,75.89,66.67,202,112,90
900,770970,53.4745454545455,49.58,60.29,187,119,68
901,771013,57.5602325581395,48.78,65.56,172,82,90
902,771322,57.8920394736842,67.03,44.26,152,91,61
903,771612,67.7237341772152,64.94,70.37,158,77,81
904,772627,59.5246031746032,56.92,62.3,126,65,61
905,773991,49.5415596330275,31.37,65.52,109,51,58
906,774067,79.6576271186441,81.48,78.12,118,54,64
907,774787,83.3342105263158,89.8,78.46,114,49,65
908,775277,78.9467763157895,80.25,77.46,152,81,71
909,776273,50.6858904109589,47.69,53.09,146,65,81
910,776478,80.1883018867924,84.04,77.12,212,94,118
911,777696,77.5623414634146,74.11,81.72,205,112,93
912,778179,74.075,72.22,75.93,216,108,108
913,780053,67.5549333333333,73.53,62.6,225,102,123
914,780171,78.2426717557252,81.25,75.37,262,128,134
915,780940,48.8763228699552,32.58,59.7,223,89,134
916,780947,66.3475,69.91,62.11,208,113,95
917,781160,78.6651111111111,76.36,80.87,225,110,115
918,782319,73.9695867768595,67.23,80.49,242,119,123
919,784201,75.0912455516014,78.4,72.44,281,125,156
920,784470,82.0778136200717,81.29,82.86,279,139,140
921,785624,74.169704797048,77.69,71.33,271,121,150
922,785898,78.6862295081967,89.83,68.25,244,118,126
923,787055,80.345641025641,76.32,84.17,234,114,120
924,789113,85.3744664031621,89.83,81.48,253,118,135
925,789401,80.6567518248175,78.4,82.55,274,125,149
926,789706,78.0141134751773,79.05,76.87,282,148,134
927,789774,74.0166141732283,73.81,74.22,254,126,128
928,790529,74.4558695652174,81.6,59.32,184,125,59
929,792265,77.2292079207921,74.83,79.49,303,147,156
930,792441,50.5111224489796,24.39,69.3,196,82,114
931,793226,75.9867025089606,81.21,70,279,149,130
932,794728,72.8859507042254,76.47,68.7,284,153,131
933,795313,83.1758566978193,82.95,83.45,321,176,145
934,796714,78.7964664310954,79.45,78.1,283,146,137
935,797645,76.2256603773585,73.57,79.2,265,140,125
936,799308,86.3521904761905,84.08,88.61,315,157,158
937,799964,88.0983673469388,89.86,86.54,294,138,156
938,800870,74.9015057915058,80.15,69.53,259,131,128
939,800950,75.8968078175896,68.46,82.91,307,149,158
940,801666,48.5260294117647,57.14,39.39,204,105,99
941,801848,80.4730303030303,82.17,79.17,297,129,168
942,804774,72.2024548736462,76.64,67.86,277,137,140
943,804878,76.7584403669725,80.52,73.41,327,154,173
944,804915,65.6803300330033,69.29,62.58,303,140,163
945,804998,45.6200460829493,45,46.15,217,100,117
946,805499,87.5026666666667,90.18,85.16,240,112,128
947,808139,69.6400714285714,75.42,65.43,280,118,162
948,808378,80.3883193277311,85.23,76.92,357,149,208
949,808654,68.2898606271777,70.19,67.21,287,104,183
950,808783,70.8942253521127,75.23,66.35,213,109,104
951,808819,78.3682857142857,72.97,82.84,245,111,134
952,812511,70.5693617021277,81.16,60.42,282,138,144
953,814689,80.8676895306859,76.03,84.62,277,121,156
954,816492,76.3922950819672,73.81,78.21,305,126,179
955,816626,79.545625,77.92,80.81,352,154,198
956,817082,74.2592409240924,78.17,70.81,303,142,161
957,818063,76.3157565789474,80.79,71.9,304,151,153
958,818677,64.4658241758242,75.17,52.34,273,145,128
959,819542,80.3184645669292,75.76,83.23,254,99,155
960,819778,75.173006993007,79.86,70.42,286,144,142
961,820500,63.0513253012048,70.51,50.54,249,156,93
962,820547,72.3169381107492,74.56,69.57,307,169,138
963,820617,53.4094696969697,65.16,36.7,264,155,109
964,821341,76.1893333333333,72.08,80.12,315,154,161
965,821731,72.9811801242236,70.44,75.46,322,159,163
966,821968,77.4,77.4,77.4,292,146,146
967,823998,79.2280415430267,76.05,82.35,337,167,170
968,824081,57.6726984126984,62.38,52.27,189,101,88
969,824086,70.8354545454545,49.14,87.84,264,116,148
970,824190,69.4810064935065,65.5,74.45,308,171,137
971,826442,74.9991538461538,76.19,73.45,260,147,113
972,826662,62.7690476190476,50.91,73.55,231,110,121
973,826966,75.7175308641975,76.15,75.22,243,130,113
974,827241,72.2187654320988,68.02,76.97,324,172,152
975,827997,77.1233210332103,78.77,75.2,271,146,125
976,829133,70.2595910780669,65.94,74.81,269,138,131
977,835280,69.5356953642384,68.83,70.27,302,154,148
978,837708,79.3921621621622,78.57,80.13,296,140,156
979,838101,65.7532876712329,74.15,48.61,219,147,72
980,839617,78.8355631399317,80.26,77.3,293,152,141
981,839652,78.9496761133603,69.11,88.71,247,123,124
982,840222,67.1804633204633,69.01,64.96,259,142,117
983,840362,72.1193680297398,69.29,75.19,269,140,129
984,840698,74.9179099678457,78.61,69.35,311,187,124
985,840710,74.9235691318328,73.45,76.87,311,177,134
986,841282,87.9336637931034,86.47,89.9,232,133,99
987,841869,71.1378048780488,76.09,64.81,246,138,108
988,842444,79.6527272727273,78.98,81.08,231,157,74
989,843114,77.5123668639053,76.11,79.11,338,180,158
990,846324,94.2936413043478,88.71,100,368,186,182
991,847102,73.6327054794521,77.25,68.8,292,167,125
992,847524,77.4688888888889,81.25,73.78,324,160,164
993,848183,82.7489473684211,85.71,79.89,342,168,174
994,850533,60.1276947040498,64.94,55.69,321,154,167
995,853616,68.7291205211726,59.4,75.86,307,133,174
996,853989,74.1810089020772,70.62,77.4,337,160,177
997,855331,76.554358974359,80.71,72.18,273,140,133
998,856069,63.4907142857143,49.49,72.55,252,99,153
999,856074,71.2081818181818,69.44,73.33,264,144,120
1000,856393,75.32,74.36,76.28,312,156,156
1001,856795,75.2957647058824,73.26,77.38,340,172,168
1002,857448,65.8605438066465,78.49,49.66,331,186,145
1003,859261,84.315,79.74,88.89,306,153,153
1004,859513,83.3302564102564,85.62,80.92,312,160,152
1005,859534,86.8472782874618,90.68,83.13,327,161,166
1006,859616,80.7193464052288,83.11,78.48,306,148,158
1007,859662,85.240110701107,84.38,86.01,271,128,143
1008,860965,77.6398734177215,91.67,63.25,237,120,117
1009,861779,78.5455017301038,76.87,80.28,289,147,142
1010,862268,81.2931612903226,78.4,84.46,310,162,148
1011,862538,86.4634461538461,88.82,84.15,325,161,164
1012,862779,73.6645801526718,76.11,71.81,262,113,149
1013,865787,83.43825,84.21,82.74,320,152,168
1014,866463,74.3450657894737,75.32,73.29,304,158,146
1015,867842,68.2345098039216,63.48,72.14,255,115,140
1016,868951,47.5956331877729,57.14,35.92,229,126,103
1017,870159,69.6698,72.33,66.67,300,159,141
1018,870389,73.9718493150685,75.17,72.79,292,145,147
1019,870786,75.8974820143885,76.51,75.19,278,149,129
1020,870851,79.1948657718121,82.39,75.54,298,159,139
1021,871289,75.242345276873,75,75.48,307,152,155
1022,872404,70.937625,61.27,78.65,320,142,178
1023,872479,50.4405263157895,30.48,67.48,228,105,123
1024,875256,79.1526586102719,82.39,76.16,331,159,172
1025,875280,76.4522935779816,80.95,71.7,327,168,159
1026,875562,74.295,78.87,69.72,284,142,142
1027,876304,77.9662711864407,80.82,75.17,295,146,149
1028,878009,81.3549152542373,78.29,85.05,236,129,107
1029,880936,83.6561218836565,82.26,85.14,361,186,175
1030,881888,79.6559025787966,84.83,74.27,349,178,171
1031,882720,78.8151401869159,79.27,78.34,321,164,157
1032,884438,64.4591289198606,61.29,66.87,287,124,163
1033,884574,75.9627299703264,77.3,74.71,337,163,174
1034,884589,67.8152873563218,58.14,72.57,261,86,175
1035,887750,74.1705960264901,80.86,66.43,302,162,140
1036,888092,73.2104984423676,77.25,68.83,321,167,154
1037,888281,61.291935483871,50.85,70.77,248,118,130
1038,888764,68.532027972028,77.78,56.45,286,162,124
1039,889058,78.639907120743,78.15,79.07,323,151,172
1040,889517,79.1684523809524,78.49,79.88,336,172,164
1041,891251,75.2956862745098,68.14,80.99,255,113,142
1042,892163,62.1894029850746,68.69,55.88,201,99,102
1043,893927,78.142754491018,78.48,77.84,334,158,176
1044,896767,80.070206185567,78.68,81.29,291,136,155
1045,897287,80.575,79.14,82.01,278,139,139
1046,899338,63.2994495412844,69.64,56.6,218,112,106
1047,899378,75.2091596638655,79.31,71.31,238,116,122
1048,899431,78.158932038835,76.79,79.79,206,112,94
1049,899861,85.0490654205608,90.91,78.85,214,110,104
1050,900014,72.5606976744186,82.76,60.61,215,116,99
1051,901233,81.6816831683168,94.79,69.81,202,96,106
1052,901386,80.885637254902,82.42,79.65,204,91,113
1053,902058,50.6908294930876,46.15,54.87,217,104,113
1054,902390,77.779188034188,83.48,72.27,234,115,119
1055,902543,79.3260096153846,81.72,77.39,208,93,115
1056,903044,73.8516513761468,72.32,75.47,218,112,106
1057,904613,77.0462645914397,75.21,78.68,257,121,136
1058,906358,83.544135021097,80.43,85.52,237,92,145
1059,907261,77.8546020761246,78.77,76.92,289,146,143
1060,908536,72.8595167286245,74.07,71.64,269,135,134
1061,909114,80.4089387755102,83.7,78.43,245,92,153
1062,909420,74.3702888086643,69.77,78.38,277,129,148
1063,909840,54.5818320610687,17.12,82.12,262,111,151
1064,911278,75.4747924528302,75.18,75.81,265,141,124
1065,912015,78.912,74.55,81.82,275,110,165
1066,913619,79.5358745874587,80.79,78.29,303,151,152
1067,915213,66.6678388278388,44.34,80.84,273,106,167
1068,915826,74.9060674157303,66.1,81.88,267,118,149
1069,917271,74.7366548042705,73.85,75.5,281,130,151
1070,921334,67.5394736842105,78.01,50.57,228,141,87
1071,921507,74.4177408637874,73.29,75.48,301,146,155
1072,922534,78.0641935483871,70.63,84.43,310,143,167
1073,925304,76.2445303867403,72.83,79.37,362,173,189
1074,927430,81.6108064516129,80.27,82.82,310,147,163
1075,927921,77.3063475177305,70.87,82.58,282,127,155
1076,928929,81.9676721311475,79.74,84.21,305,153,152
1077,929783,72.655,80.26,61.54,256,152,104
1078,929987,63.1619433198381,78.4,34.12,247,162,85
1079,930101,80.3778867924528,78.98,82.41,265,157,108
1080,931487,73.1133490566038,75.79,70.94,212,95,117
1081,935103,80.6572262773723,83.67,77.17,274,147,127
1082,935202,76.014222972973,72.99,78.62,296,137,159
1083,935505,90.2030405405405,92.54,88.27,296,134,162
1084,936909,80.0603680981595,82.58,77.03,326,178,148
1085,937751,75.8588888888889,72.41,80.17,261,145,116
1086,938786,64.6862237762238,66.91,62.67,286,136,150
1087,939610,72.1271428571428,61.79,79.88,287,123,164
1088,941733,71.0408108108108,82.31,56.25,259,147,112
1089,942109,78.8586178861789,71.13,83.89,246,97,149
1090,943063,81.3083177570093,83.65,79.01,321,159,162
1091,943768,80.3920261437908,80.6,80.23,306,134,172
1092,948060,51.7129595015576,34.51,65.36,321,142,179
1093,950394,60.2395582329317,65.03,51.16,249,163,86
1094,950854,75.3548214285714,73.33,77.24,280,135,145
1095,951337,77.1618518518519,79.31,74.67,324,174,150
1096,952015,73.5474838709678,74.42,72.46,310,172,138
1097,954067,39.2708,26.57,53.03,275,143,132
1098,955223,76.0691147540984,79.55,71.32,305,176,129
1099,956738,74.0344561403509,69.34,78.38,285,137,148
1100,957968,78.641067961165,80.95,75.89,309,168,141
1101,959159,68.2309364548495,67.11,69.39,299,152,147
1102,962840,77.8124503311258,82,73.68,302,150,152
1103,964123,73.3917431192661,68.18,78.7,218,110,108
1104,964283,78.4565040650406,75.25,80.69,246,101,145
1105,964785,73.308896797153,76.92,70.2,281,130,151
1106,965133,78.2312925170068,76.56,79.52,294,128,166
1107,967776,73.4424481327801,75.59,71.05,241,127,114
1108,967800,85.1503300330033,82.93,87.77,303,164,139
1109,969546,64.1237404580153,67.91,60.16,262,134,128
1110,972622,64.6378707224334,51.67,75.52,263,120,143
1111,973234,74.7731081081081,82.3,66.97,222,113,109
1112,973321,93.1412903225806,94.44,91.8,248,126,122
1113,975387,66.8049361702128,75.97,49.38,235,154,81
1114,975468,81.2279310344828,79.49,83.81,261,156,105
1115,975727,62.1007305936073,41.49,77.6,219,94,125
1116,976633,86.1694326241135,84.93,87.5,282,146,136
1117,977386,86.6223076923077,83.23,90.58,299,161,138
1118,978444,86.5862601626016,83.57,90.57,246,140,106
1119,978795,80.0826016260163,81.38,78.22,246,145,101
1120,979040,79.1173895582329,68.07,89.23,249,119,130
1121,980741,78.7258865248227,81.65,75,282,158,124
1122,981339,74.1101785714286,73.85,74.47,224,130,94
1123,981610,81.132,87.42,71.7,265,159,106
1124,981710,70.5905882352941,67.97,73.64,238,128,110
1125,982242,76.4926693227092,77.62,75,251,143,108
1126,982784,85.1471739130435,80.62,89.12,276,129,147
1127,985880,84.6462857142857,87.04,81.36,280,162,118
1128,988008,86.0455813953488,83.82,87.88,301,136,165
1129,989868,85.21,83.8,86.62,284,142,142
1130,991876,77.5072289156627,83.33,67.74,249,156,93
1131,993214,83.8610662824207,79.07,88.57,347,172,175
1132,993924,83.245,85.41,81.08,370,185,185
1133,996026,69.5770226537217,77.14,59.7,309,175,134
1134,996217,58.7623024054983,73.05,39.52,291,167,124
1135,996561,72.3233579335793,79.53,60,271,171,100
1136,996728,82.2014563106796,82.72,81.63,309,162,147
1137,998457,80.0615407854985,80.77,79.43,331,156,175
1138,999814,78.1543384615385,78.57,77.78,325,154,171
1139,1002631,43.4920446096654,6.48,68.32,269,108,161
1140,1008609,82.938771331058,79.38,87.22,293,160,133
1141,1012915,62.1544444444444,47.66,73.75,288,128,160
1142,1013841,65.9664210526316,56.59,73.72,285,129,156
1143,1014421,33.8694838709677,40.97,27.71,310,144,166
1144,1015064,63.318864628821,47.78,73.38,229,90,139
1145,1018236,86.8094871794872,93.23,80.71,273,133,140
1146,1018335,76.6907518796992,66.67,85.31,266,123,143
1147,1019365,76.3146616541353,78.17,74.19,266,142,124
1148,1025105,82.7890163934426,80.36,84.85,244,112,132
1149,1025510,77.6102985074627,79.43,75.59,268,141,127
1150,1028605,82.2231428571429,83.83,80.41,315,167,148
1151,1028638,80.6455913978495,84.28,75.83,279,159,120
1152,1032537,78.0180185758514,72.89,83.44,323,166,157
1153,1032823,84.0996941896025,80.59,87.9,327,170,157
1154,1036986,69.7907659574468,57.38,83.19,235,122,113
1155,1037462,74.038782051282,58.45,87.06,312,142,170
1156,1037726,69.9006688963211,62.86,76.1,299,140,159
1157,1038174,70.7929206349206,69.88,71.81,315,166,149
1158,1038564,70.3290842490842,79.64,55.66,273,167,106
1159,1038704,68.0297397769517,76.28,56.64,269,156,113
1160,1038885,77.3979452054795,71.43,82.39,292,133,159
1161,1039600,49.1994117647059,61.82,31.17,187,110,77
1162,1039842,56.8856444444444,70.07,36.36,225,137,88
1163,1040627,79.2669512195122,76,82.02,328,150,178
1164,1040924,81.7424927536232,84.36,78.92,345,179,166
1165,1041070,77.9560702875399,79.45,76.65,313,146,167
1166,1042273,82.3825568181818,81.18,83.73,352,186,166
1167,1042549,86.6693333333333,88.39,84.83,300,155,145
1168,1044056,59.9992222222222,60.82,59.04,180,97,83
1169,1044158,74.5636585365854,72.11,77.14,287,147,140
1170,1045340,84.92,86.49,83.44,305,148,157
1171,1050354,77.564144486692,76.71,78.63,263,146,117
1172,1050755,82.4183516483516,80.65,83.89,273,124,149
1173,1051667,82.1576430976431,79.52,85.5,297,166,131
1174,1053939,76.238085106383,78.12,73.77,282,160,122
1175,1055598,76.5949290780142,72.61,81.6,282,157,125
1176,1056168,71.0427027027027,56.64,82.19,259,113,146
1177,1056291,77.349756097561,75.16,79.85,287,153,134
1178,1056324,69.929384057971,58.65,80.42,276,133,143
1179,1057145,73.5601694915254,70.67,76.55,295,150,145
1180,1057256,67.4749134948097,63.69,72.73,289,168,121
1181,1057340,64.3881294964029,73.97,53.79,278,146,132
1182,1057349,56.8995689655172,50.91,62.3,232,110,122
1183,1057372,71.9715909090909,72.18,71.76,264,133,131
1184,1057688,68.4462666666667,62.75,73.17,225,102,123
1185,1059053,83.4525704225352,83.23,83.72,284,155,129
1186,1059624,74.7219330855019,66.67,82.48,269,132,137
1187,1061132,73.308764940239,71.9,74.62,251,121,130
1188,1062571,77.8977898550725,75.54,80.29,276,139,137
1189,1063964,70.7206578947368,70.25,71.23,304,158,146
1190,1064077,63.7,52.59,74.81,270,135,135
1191,1065918,79.7939721254355,74.66,85.11,287,146,141
1192,1067399,67.3149805447471,73.17,56.99,257,164,93
1193,1067416,74.4964429530201,73.53,75.78,298,170,128
1194,1069311,83.3751206434316,83.08,83.72,373,201,172
1195,1070867,71.2948148148148,76.37,64.79,324,182,142
1196,1071654,66.2730473372781,64.48,68.39,338,183,155
1197,1072086,72.0856890459364,69.47,74.34,283,131,152
1198,1072941,70.1910566037736,84.42,50.45,265,154,111
1199,1073163,75.7284789644013,72.37,78.98,309,152,157
1200,1076654,78.3543902439024,77.84,78.95,328,176,152
1201,1079799,49.6585714285714,48.81,50.79,147,84,63
1202,1080213,78.7368325791855,69.7,86.07,221,99,122
1203,1080510,76.0011111111111,76.23,75.73,225,122,103
1204,1081324,62.8551428571429,75.63,50.79,245,119,126
1205,1081790,82.1407792207792,79.41,84.3,308,136,172
1206,1081881,80.0653608247423,78.72,81.33,291,141,150
1207,1081893,75.361231884058,78.32,72.18,276,143,133
1208,1081929,78.9832165605095,75.5,82.21,314,151,163
1209,1081951,74.0847508305648,75.91,72.56,301,137,164
1210,1081961,77.0236148648649,75.19,78.44,296,129,167
1211,1081981,75.1539622641509,74.32,75.88,318,148,170
1212,1082467,75.1194258373206,65.31,83.78,209,98,111
1213,1082690,45.3817647058824,54.39,37.1,238,114,124
1214,1082886,76.2786046511628,78.26,74,215,115,100
1215,1084010,68.8328571428572,78.03,56.57,231,132,99
1216,1084982,80.7252,78.05,82.89,275,123,152
1217,1085066,71.7408695652174,64.04,77.16,276,114,162
1218,1085488,71.3649572649573,64.77,75.34,234,88,146
1219,1085642,73.5185714285714,73.17,73.78,287,123,164
1220,1085965,83.4805705705706,86.71,81.05,333,143,190
1221,1086701,77.8107947019868,78.81,77.17,302,118,184
1222,1087132,70.7017197452229,59.66,77.44,314,119,195
1223,1087786,78.640866873065,78.36,78.84,323,134,189
1224,1089314,71.0535338345865,75.81,66.9,266,124,142
1225,1089837,77.8998501872659,84.56,69.49,267,149,118
1226,1092095,85.470945945946,78.03,91.46,296,132,164
1227,1092361,72.9073306772908,82.58,57.29,251,155,96
1228,1093310,84.6152631578947,90.91,77.39,247,132,115
1229,1093321,80.9986,81.21,80.79,300,149,151
1230,1094494,78.626641221374,80.99,75.83,262,142,120
1231,1095221,78.2882236842105,78.26,78.32,304,161,143
1232,1096613,69.61,80.25,57.64,306,162,144
1233,1098080,71.4306530612245,76.07,67.19,245,117,128
1234,1101777,82.1665605095541,79.63,84.87,314,162,152
1235,1102341,78.8555555555555,77.02,81.36,279,161,118
1236,1102794,83.6611111111111,78.15,89.03,306,151,155
1237,1103010,77.1619723183391,74.15,80.28,289,147,142
1238,1103379,75.5571111111111,69.53,80.99,270,128,142
1239,1104858,78.1121886792453,76.12,80.15,265,134,131
1240,1105282,83.7825675675676,85,82.69,296,140,156
1241,1106104,78.1052554744526,66.67,85.21,274,105,169
1242,1107229,83.5619520547945,84.03,83.24,292,119,173
1243,1108484,77.7034754098361,68.5,84.27,305,127,178
1244,1109069,82.6085714285714,77.78,86.98,322,153,169
1245,1110035,81.0566459627329,77.4,84.09,322,146,176
1246,1110068,47.9827272727273,48.25,47.62,198,114,84
1247,1110944,66.9210384615385,53.15,77.18,260,111,149
1248,1111571,67.6972508591065,62.04,72.73,291,137,154
1249,1112084,76.7002508960574,71.43,80.62,279,119,160
1250,1112808,76.0788372093023,74.15,77.92,301,147,154
1251,1114443,77.5480408163265,75.36,80.37,245,138,107
1252,1115480,53.9144239631336,47.19,58.59,217,89,128
1253,1118528,75.171,81.75,69.28,290,137,153
1254,1118920,69.4652671755725,79.09,62.5,262,110,152
1255,1120932,79.3114942528736,77.1,81.54,261,131,130
1256,1121765,78.2955813953488,77.97,78.57,258,118,140
1257,1123141,65.3477192982456,53.01,72.41,228,83,145
1258,1125011,76.985230125523,89.68,62.83,239,126,113
1259,1128546,74.0391346153846,71.7,76.47,312,159,153
1260,1128640,75.733640167364,74.65,77.32,239,142,97
1261,1129089,56.80144,59.32,54.55,250,118,132
1262,1129165,67.3023696682464,70.3,64.55,211,101,110
1263,1132930,78.6765441176471,76.76,80.77,272,142,130
1264,1136925,80.5069182389937,74.66,85.47,318,146,172
1265,1137135,65.3690909090909,67.2,63.21,231,125,106
1266,1137803,74.9126164874552,72.86,76.98,279,140,139
1267,1138121,80.5128115015975,79.59,81.33,313,147,166
1268,1140916,84.2633566433566,85.61,82.99,286,139,147
1269,1141162,83.3352380952381,83.75,82.84,294,160,134
1270,1141284,79.645221238938,78.57,81,226,126,100
1271,1141972,66.6668965517241,72.22,57.58,261,162,99
1272,1142433,86.8680471380471,92.35,79.53,297,170,127
1273,1144188,78.9638275862069,78.43,79.56,290,153,137
1274,1144969,67.0531395348837,60.99,74.36,258,141,117
1275,1146160,64.8963265306122,70.29,57.94,245,138,107
1276,1146192,72.4603389830508,79.88,55.56,236,164,72
1277,1146884,71.5337827715356,80.26,60,267,152,115
1278,1147505,77.7403986710963,78.31,77.04,301,166,135
1279,1147666,78.436468401487,80.92,75.21,269,152,117
1280,1147830,77.9233333333333,74.55,80.99,231,110,121
1281,1147931,55.88,52.1,59.66,238,119,119
1282,1147949,67.1928853754941,77.56,50.52,253,156,97
1283,1148598,81.4408333333333,81.12,81.82,264,143,121
1284,1149528,75.9129197080292,72.06,79.71,274,136,138
1285,1149606,78.5218518518519,84.29,72.31,270,140,130
1286,1152330,82.0387378640777,77.42,85.84,206,93,113
1287,1153446,72.1186538461538,42.86,86.96,208,70,138
1288,1153479,51.3350666666667,56.82,43.55,150,88,62
1289,1153923,71.0898104265403,65.05,76.85,211,103,108
1290,1154340,73.5293697478992,76.64,69.31,238,137,101
1291,1154631,66.6627397260274,46.46,83.33,219,99,120
1292,1156929,80.0945701357466,71.3,88.5,221,108,113
1293,1157233,80.9487878787879,81.95,79.59,231,133,98
1294,1157560,71.0628934010152,67.07,73.91,197,82,115
1295,1158289,76.56109375,71.91,80.58,192,89,103
1296,1159792,80.1767841409691,83.19,77.19,227,113,114
1297,1159940,83.4883486238532,86.61,80.19,218,112,106
1298,1161140,81.6417874396135,90.55,67.5,207,127,80
1299,1161218,77.3931034482759,74.6,80,261,126,135
1300,1161359,81.1745098039216,86.15,76,255,130,125
1301,1161605,72.80152,66.94,78.57,250,124,126
1302,1162295,63.3515183246073,58.14,67.62,191,86,105
1303,1163332,81.5674117647059,85.21,76.99,255,142,113
1304,1164310,79.8348971193416,82.68,76.72,243,127,116
1305,1164813,68.1794545454545,64.42,71.55,220,104,116
1306,1166255,76.5886904761905,79.28,74.47,252,111,141
1307,1167842,80.4204895104895,84.29,76.71,286,140,146
1308,1169848,76.026404494382,82.11,70.83,267,123,144
1309,1170899,81.1833101045296,81.62,80.79,287,136,151
1310,1173399,88.6448908296943,87.12,90.72,229,132,97
1311,1176137,72.3250943396226,82.35,60.81,159,85,74
1312,1176197,77.4635211267606,74.04,80.73,213,104,109
1313,1177283,73.6125,71.57,75.44,216,102,114
1314,1177407,82.297990430622,81.13,83.5,209,106,103
1315,1178838,80.0889140271493,80,80.15,221,90,131
1316,1179047,75.6762162162162,86.67,65.81,222,105,117
1317,1181783,78.95,83.16,74.74,190,95,95
1318,1184873,77.7795906432748,67.86,82.61,171,56,115
1319,1186638,85.8163432835821,85.96,85.71,134,57,77
1320,1187326,79.6736585365854,75,83.58,123,56,67
1321,1187707,60.8373333333333,38.78,76.06,120,49,71
1322,1187837,9.59301369863014,4.23,14.67,146,71,75
1323,1187860,4.08326530612245,2.9,5.13,147,69,78
1324,1188094,82.1781188118812,87.27,76.09,101,55,46
1325,1188431,14.8664864864865,16.18,13.75,148,68,80
1326,1189267,78.9852173913043,83.95,71.93,138,81,57
1327,1189808,58.4556338028169,34.38,78.21,142,64,78
1328,1190587,76.2693785310734,75.28,77.27,177,89,88
1329,1191148,77.222,80.23,74.47,180,86,94
1330,1191256,80.0003333333333,78.22,81.65,210,101,109
1331,1192111,81.3955813953488,82.11,80.83,215,95,120
1332,1196519,80.7818039215686,82.44,79.03,255,131,124
1333,1197710,68.9785714285714,58,76.55,245,100,145
1334,1204087,72.7297727272727,72.39,73.08,264,134,130
1335,1204676,51.9182978723404,56.67,46.96,235,120,115
1336,1205570,78.4407063197026,73.47,84.43,269,147,122
1337,1206259,81.9773498233216,76.55,87.68,283,145,138
1338,1206895,70.5647580645161,69.54,72.16,248,151,97
1339,1208213,72.0141563786008,73.68,70,243,133,110
1340,1211116,81.5996,76.61,86.51,250,124,126
1341,1211175,63.1375294117647,54.39,70.21,255,114,141
1342,1211367,79.013950617284,75,82.93,243,120,123
1343,1212152,69.3509961685824,74.81,63.85,261,131,130
1344,1212322,77.5475510204082,79.82,75.57,245,114,131
1345,1212357,84.0286692015209,81.02,87.3,263,137,126
1346,1213271,66.8138427947598,62.63,70,229,99,130
1347,1213381,77.5714018691589,70.34,86.46,214,118,96
1348,1213739,71.4850413223141,65.67,78.7,242,134,108
1349,1213864,65.4574698795181,61.19,70.43,249,134,115
1350,1213937,69.2313846153846,60.71,75.68,260,112,148
1351,1213984,77.1862357414449,79.71,74.4,263,138,125
1352,1214144,87.8932286995516,78.35,95.24,223,97,126
1353,1216821,58.7991203703704,54.46,62.61,216,101,115
1354,1217739,73.0763736263736,73.96,72.09,182,96,86
1355,1218045,80.7991304347826,78.69,82.47,276,122,154
1356,1219993,73.86606271777,67.69,78.98,287,130,157
1357,1220368,77.3912420382166,72.11,82.04,314,147,167
1358,1220402,72.6682698961938,68.09,77.03,289,141,148
1359,1220671,76.4715032679739,73.78,79.58,306,164,142
1360,1222572,89.0338870431894,84.24,94.85,301,165,136
1361,1222892,77.4379797979798,80.5,73.91,297,159,138
1362,1223586,77.0451229508197,73.91,79.84,244,115,129
1363,1224022,79.050790513834,80.27,77.36,253,147,106
1364,1224289,71.3720610687023,68.46,74.24,262,130,132
1365,1224384,50.4226890756303,48.28,52.46,238,116,122
1366,1224550,79.6306666666667,80.52,78.45,270,154,116
1367,1224800,86.4218543046358,89.54,83.22,302,153,149
1368,1225692,80.1687190082645,72.48,86.47,242,109,133
1369,1226789,79.2256338028169,82,76.12,284,150,134
1370,1227248,71.8371428571429,62.86,78.57,245,105,140
1371,1231240,67.1357746478873,77.78,51.72,213,126,87
1372,1232529,82.6985467128028,85.82,80,289,134,155
1373,1233466,81.6615570934256,84.51,78.91,289,142,147
1374,1233489,75.8133935018051,79.84,72.55,277,124,153
1375,1233887,64.9566666666667,46.15,74.36,234,78,156
1376,1234184,79.5980267558528,86.79,71.43,299,159,140
1377,1234572,48.9365106382979,64.08,37.12,235,103,132
1378,1235700,68.5789189189189,76.19,61.07,296,147,149
1379,1237307,77.2237722419929,82.78,70.77,281,151,130
1380,1240699,84.4433333333333,82.61,86.36,315,161,154
1381,1240873,89.0438869257951,89.54,88.46,283,153,130
1382,1244518,83.6692,80.77,86.81,300,156,144
1383,1244600,88.2802197802198,84,93.5,273,150,123
1384,1245136,68.1851818181818,56.76,79.82,220,111,109
1385,1245308,77.0745059288538,72.09,82.26,253,129,124
1386,1245626,69.2629918032787,67.2,71.43,244,125,119
1387,1246521,56.5211594202899,48.04,64.76,207,102,105
1388,1246672,53.3323076923077,62.6,37.5,195,123,72
1389,1247550,52.5572093023256,22.22,74.4,215,90,125
1390,1247635,62.05604743083,64.66,59.17,253,133,120
1391,1248734,73.3975369458128,63.06,85.87,203,111,92
1392,1250513,72.3264206642066,66.67,78.74,271,144,127
1393,1251203,62.80096,64.06,61.48,250,128,122
1394,1251460,81.364623655914,72.87,88.67,279,129,150
1395,1251871,84.1883794466403,78.74,89.68,253,127,126
1396,1252393,81.4457044673539,80.99,81.88,291,142,149
1397,1252756,85.3579079497908,82.54,88.5,239,126,113
1398,1253797,78.4777130044843,76.11,80.91,223,113,110
1399,1253815,75.1311111111111,58.46,83.87,189,65,124
1400,1253987,5.79826086956522,5,6.62,276,140,136
1401,1254029,9.06163043478261,12.06,5.93,276,141,135
1402,1254378,84.7514893617021,82.31,87.41,282,147,135
1403,1254988,83.9788349514563,89.05,73.91,206,137,69
1404,1257178,69.3677477477477,78.46,56.52,222,130,92
1405,1258517,80.2096819787986,80,80.43,283,145,138
1406,1258614,80.876812749004,77.48,83.57,251,111,140
1407,1260116,80.6342857142857,82.42,78.67,315,165,150
1408,1260288,68.1144927536232,77.93,57.25,276,145,131
1409,1260555,86.0384415584415,87.82,84.21,308,156,152
1410,1260926,72.7279338842975,78.36,65.74,242,134,108
1411,1261046,65.215652173913,56.41,70.54,207,78,129
1412,1261221,80.9202120141343,88.03,73.76,283,142,141
1413,1264796,83.4444137931035,83.54,83.33,290,158,132
1414,1266750,87.1418928571428,83.78,89.35,280,111,169
1415,1267158,80.5925,80.13,81.08,304,156,148
1416,1267382,75.9087128712871,77.78,74,303,153,150
1417,1268080,70.8980185758514,71.34,70.48,323,157,166
1418,1269660,82.9629968454259,80.13,85.54,317,151,166
1419,1269720,81.684358974359,80.71,82.71,273,140,133
1420,1269933,69.6718032786885,56.25,81.06,244,112,132
1421,1270954,79.8076923076923,80.25,79.33,312,162,150
1422,1271145,87.1201694915254,84.56,89.31,295,136,159
1423,1272023,59.915991902834,57.85,61.9,247,121,126
1424,1272248,71.6004,73.33,69.57,250,135,115
1425,1272811,75.2737454545454,80.62,70.55,275,129,146
1426,1273909,84.1717171717172,83.12,85.4,297,160,137
1427,1274041,76.6816205533597,71.3,80.69,253,108,145
1428,1274269,74.4618705035971,78.05,69.3,278,164,114
1429,1274296,67.9245283018868,62.96,73.08,265,135,130
1430,1274785,80.4894076655052,81.38,79.58,287,145,142
1431,1276857,83.0352380952381,85.26,80.14,336,190,146
1432,1280127,85.4464552238806,83.45,87.8,268,145,123
1433,1280566,79.2989824561404,82.61,75,285,161,124
1434,1281054,84.669512195122,86.33,83.11,287,139,148
1435,1281359,78.6550197628459,78.87,78.38,253,142,111
1436,1281512,82.1454285714286,84.03,80.15,280,144,136
1437,1284130,83.770350877193,88.39,79.31,228,112,116
1438,1284451,79.9080821917808,84.85,72.41,219,132,87
1439,1287300,86.5661940298507,83.33,90.68,268,150,118
1440,1287655,83.92,88.33,80,255,120,135
1441,1288609,88.8371428571429,85.48,93,224,124,100
1442,1291609,69.4190082644628,68.67,69.81,242,83,159
1443,1291636,81.2502631578947,76.47,85.12,304,136,168
1444,1292541,83.3922591362126,76.67,90.07,301,150,151
1445,1293496,85.2384870848709,82.73,87.88,271,139,132
1446,1293561,76.5259624413146,76.92,76.15,213,104,109
1447,1293749,81.0505263157895,70.92,90.97,285,141,144
1448,1294904,87.7242238267148,83.82,91.49,277,136,141
1449,1298294,67.8296899224806,67.65,68.03,258,136,122
1450,1301565,74.6056349206349,75.84,72.82,252,149,103
1451,1301712,73.4252447552448,63.7,82.12,286,135,151
1452,1301878,79.4613131313131,83.23,74.62,297,167,130
1453,1301929,71.2871947194719,63.76,78.57,303,149,154
1454,1301959,68.6107766990291,72.84,63.95,309,162,147
1455,1302021,81.466993006993,81.48,81.45,286,162,124
1456,1302846,74.4225581395349,78.99,69.17,258,138,120
1457,1303587,73.5739430894309,53.68,86.09,246,95,151
1458,1303937,66.2802325581395,75.66,52.83,258,152,106
1459,1306567,86.8527888446215,85,88.55,251,120,131
1460,1307063,83.2727272727273,80,87.2,275,150,125
1461,1307356,71.3017040358744,72.36,70,223,123,100
1462,1309787,68.4634854771784,75.54,58.82,241,139,102
1463,1310664,71.9371612903226,81.35,56.41,310,193,117
1464,1310712,80.2938235294118,85.13,73.79,340,195,145
1465,1312465,84.3865465465466,84.66,84.08,333,176,157
1466,1312869,88.8105084745763,95.62,80.74,295,160,135
1467,1313114,81.2728253968254,81.82,80.58,315,176,139
1468,1314305,85.1698479087453,90.12,77.23,263,162,101
1469,1315208,87.4055905511811,86.07,88.64,254,122,132
1470,1315412,81.1389323843416,83.78,78.2,281,148,133
1471,1317512,87.4154304635762,85.71,89.19,302,154,148
1472,1318145,81.714328358209,78.48,86.36,268,158,110
1473,1318418,82.5640213523132,78,87.79,281,150,131
1474,1319124,68.9218468468468,57.8,79.65,222,109,113
1475,1319196,61.1124444444445,53.39,75.81,180,118,62
1476,1321289,86.2423048327138,86.82,85.71,269,129,140
1477,1321968,69.96,67.5,72.36,243,120,123
1478,1322702,88.5518181818182,86.11,90.85,297,144,153
1479,1323437,81.0141350210971,80.87,81.15,237,115,122
1480,1324241,85.1439855072464,80.8,88.74,276,125,151
1481,1324897,87.7989152542373,83.1,92.16,295,142,153
1482,1326021,75.3645652173913,67.59,83.97,276,145,131
1483,1326871,87.3316,79.08,95.92,300,153,147
1484,1327030,84.7585396825397,87.23,81.1,315,188,127
1485,1327201,82.0891641791045,80.45,83.97,335,179,156
1486,1328362,80.0727272727273,82.56,76.32,286,172,114
1487,1328398,86.5319770773639,86.56,86.5,349,186,163
1488,1329337,76.4068913857678,85.28,62.5,267,163,104
1489,1330087,84.0165753424657,79.13,89.42,219,115,104
1490,1331822,88.6937102473498,95.86,78.07,283,169,114
1491,1331849,79.2788738738739,80.2,78.51,222,101,121
1492,1331859,83.1587368421053,90.7,71.68,285,172,113
1493,1336813,84.3738194444445,86.26,82.8,288,131,157
1494,1336840,79.6015460526316,80.13,79.08,304,151,153
1495,1336851,79.68625,75,83.15,320,136,184
1496,1337369,78.6169736842105,85.56,67.52,304,187,117
1497,1337497,79.1506840390879,77.08,80.98,307,144,163
1498,1339708,67.6039084507042,45.3,83.23,284,117,167
1499,1339812,82.3701923076923,85.63,78.26,312,174,138
1500,1340064,81.0682142857143,75.91,86.01,280,137,143
1501,1342280,76.6565299684543,81.36,70.71,317,177,140
1502,1343511,76.872671009772,74.51,79.22,307,153,154
1503,1343716,85.3252095808383,80.43,91.33,334,184,150
1504,1344231,80.6706722689076,82.22,78.64,238,135,103
1505,1345979,85.0345255474453,83.33,87.5,274,162,112
1506,1347467,79.4113602941176,86.62,69.57,272,157,115
1507,1347869,70.0424696356275,85.92,48.57,247,142,105
1508,1347899,79.7603571428571,78.63,80.74,252,117,135
1509,1348035,64.7806956521739,77.34,49.02,230,128,102
1510,1349152,91.6959566787004,95.83,87.22,277,144,133
1511,1350766,80.1539299610895,83.72,76.56,257,129,128
1512,1352142,55.595671641791,30.43,82.31,268,138,130
1513,1352221,78.1314285714286,76.7,79.64,343,176,167
1514,1354204,82.21,80.37,84.05,326,163,163
1515,1354314,80.2404255319149,80.95,79.5,329,168,161
1516,1354405,75.9703180212014,81.56,70.42,283,141,142
1517,1355262,78.8495698924731,70.07,87.32,279,137,142
1518,1355939,60.9656140350877,44,74.22,228,100,128
1519,1356596,78.676875,83.66,72.27,272,153,119
1520,1356694,84.5048591549296,91.82,75.2,284,159,125
1521,1356762,73.5789430894309,66.95,79.69,246,118,128
1522,1357381,83.8009859154929,83.33,84.21,284,132,152
1523,1357807,77.4827480916031,66.67,84.05,262,99,163
1524,1359821,88.3157731958763,85.31,91.22,291,143,148
1525,1361274,72.0188082901554,69.81,74.71,193,106,87
1526,1361507,79.1403597122302,78.95,79.37,278,152,126
1527,1364051,84.2996587030717,82.24,86.52,293,152,141
1528,1366935,51.5549333333333,64.86,38.6,225,111,114
1529,1368602,83.1330923694779,90.26,71.58,249,154,95
1530,1369549,85.0983529411765,80.6,90.08,255,134,121
1531,1369650,86.2869565217391,85.8,86.92,299,169,130
1532,1371776,68.6544278606965,75.45,60.44,201,110,91
1533,1373931,70.6549420849421,55,84.17,259,120,139
1534,1375838,2.66836795252226,4.52,0.62,337,177,160
1535,1375946,77.7360754716981,71.9,82.64,265,121,144
1536,1376724,87.1821611721612,86.88,87.61,273,160,113
1537,1380260,82.3329681978799,80.29,84.25,283,137,146
1538,1380491,83.0094117647059,77.36,89.12,306,159,147
1539,1381115,83.9007191780822,81.14,88.03,292,175,117
1540,1381344,60.218064516129,35.25,79.62,279,122,157
1541,1382279,68.9048739495798,76.92,56.84,238,143,95
1542,1382548,84.1280634920635,80.38,87.9,315,158,157
1543,1382624,84.1725899280575,84.8,83.66,278,125,153
1544,1382954,62.4553820598007,51.92,73.79,301,156,145
1545,1383138,73.6662595419847,75.15,70.97,262,169,93
1546,1383657,84.3480916030534,85.34,83.56,262,116,146
1547,1386180,74.0331578947368,76.77,70.77,285,155,130
1548,1386288,76.7538853503185,74.68,78.75,314,154,160
1549,1387077,86.9431958762887,85.99,88.06,291,157,134
1550,1387262,66.6659649122807,54.48,77.48,285,134,151
1551,1387745,72.6261977186312,66.67,79.51,263,141,122
1552,1388009,68.2853074433657,68.29,68.28,309,164,145
1553,1388469,74.390162601626,77.97,71.09,246,118,128
1554,1392346,83.3900677966102,82.74,84.25,295,168,127
1555,1393483,83.5280459770115,72.81,91.84,261,114,147
1556,1393663,72.4981,68.64,78.05,200,118,82
1557,1395552,68.2931707317073,73.02,63.33,246,126,120
1558,1395575,71.9111235955056,76.67,65.81,267,150,117
1559,1396676,82.3730575539568,76.74,87.25,278,129,149
1560,1397424,81.6122580645161,79.58,83.33,310,142,168
1561,1400367,83.1595532646048,77.37,88.31,291,137,154
1562,1401588,79.1507722007722,72.03,85.11,259,118,141
1563,1401671,77.9805504587156,81.82,74.07,218,110,108
1564,1402956,73.5736585365854,58.16,83.78,246,98,148
1565,1403305,80.7677564102564,82.21,79.19,312,163,149
1566,1405164,88.0767549668874,86.84,89.33,302,152,150
1567,1405755,88.1029581993569,85.62,90.3,311,146,165
1568,1405976,82.4803284671533,80.8,83.89,274,125,149
1569,1406148,69.3506532663317,73.2,65.69,199,97,102
1570,1406536,56.603962264151,45.37,68.27,212,108,104
1571,1406941,73.3030769230769,72,74.38,221,100,121
1572,1408020,85.7126050420168,82.76,88.52,238,116,122
1573,1410377,79.8545787545788,75,84.14,273,128,145
1574,1412682,74.866387434555,73.04,77.63,191,115,76
1575,1412688,61.1745882352941,40.62,87.84,170,96,74
1576,1413709,84.061593625498,82.4,85.71,251,125,126
1577,1414566,77.8169366197183,83.85,69.92,284,161,123
1578,1414621,83.3959778597786,81.41,86.09,271,156,115
1579,1415256,78.4726905829596,77,79.67,223,100,123
1580,1416484,84.9031132075472,82.65,86.84,212,98,114
1581,1417062,82.4403816793893,82.39,82.5,262,142,120
1582,1417759,84.5809881422925,85.96,83.45,253,114,139
1583,1418220,85.7139393939394,79.46,91.6,231,112,119
1584,1418368,75.9343153526971,79.37,72.17,241,126,115
1585,1418414,74.4806995884774,70.43,78.12,243,115,128
1586,1418437,72.9093103448276,66.33,79.05,203,98,105
1587,1422152,76.7929113924051,71.93,81.3,237,114,123
1588,1422776,79.30046875,80.41,77.78,256,148,108
1589,1422859,63.5492523364486,38.46,87.27,214,104,110
1590,1423231,68.6375454545454,71.13,64.1,220,142,78
1591,1423415,65.1412,58.97,77.59,175,117,58
1592,1425053,83.0520903954802,69.62,93.88,177,79,98
1593,1427044,75.4709905660377,71.65,81.18,212,127,85
1594,1427731,87.1278969957082,89.44,83.52,233,142,91
1595,1428040,86.5577865612648,84.56,89.42,253,149,104
1596,1431040,81.6643333333333,80.99,82.35,240,121,119
1597,1431091,82.729437751004,80.77,84.87,249,130,119
1598,1431580,79.1865158371041,80.47,77.42,221,128,93
1599,1431668,78.8171921182266,81.48,75.79,203,108,95
1600,1432582,75.8304739336493,75,76.77,211,112,99
1601,1434581,79.3656084656085,78.9,80,189,109,80
1602,1434729,76.7824107142857,76.74,76.84,224,129,95
1603,1435226,89.1924324324324,86.67,92.16,222,120,102
1604,1435538,80.20875,84.26,75,192,108,84
1605,1436731,85.7864210526316,80.85,90.62,190,94,96
1606,1437124,85.088947368421,82.41,87.5,228,108,120
1607,1437365,64.8622162162162,73.03,57.29,185,89,96
1608,1439079,85.853512195122,83.93,88.17,205,112,93
1609,1439713,86.0270305676856,82.5,89.91,229,120,109
1610,1440343,76.8124154589372,69.91,85.11,207,113,94
1611,1441077,57.6325123152709,33.66,81.37,203,101,102
1612,1442557,86.8651271186441,84.47,88.72,236,103,133
1613,1442586,75.3622222222222,72.82,77.88,207,103,104
1614,1442918,81.3764777327935,82.64,79.61,247,144,103
1615,1443009,87.893125,90.85,84.21,256,142,114
1616,1443180,87.3972357723577,86.13,88.99,246,137,109
1617,1443262,79.8154587155963,85.4,70.37,218,137,81
1618,1444067,90.8189855072464,92.79,88.54,207,111,96
1619,1444323,81.9361233480176,76.34,85.82,227,93,134
1620,1444981,82.3245581395349,85.84,78.43,215,113,102
1621,1445851,85.5946610169491,81.82,88.89,236,110,126
1622,1446133,81.365,82.73,80,220,110,110
1623,1446212,64.6072471910112,50.68,74.29,178,73,105
1624,1447359,80.7533333333333,76.06,83.1,213,71,142
1625,1448663,72.8578571428571,77.03,68.18,140,74,66
1626,1448668,78.7848484848485,69.33,84.55,198,75,123
1627,1449411,77.2091162790698,77.48,76.92,215,111,104
1628,1450124,77.1299103139013,70.75,82.91,223,106,117
1629,1451391,80.8176326530612,77.59,83.72,245,116,129
1630,1451721,71.1444776119403,74.04,68.04,201,104,97
1631,1451982,71.5694117647059,69,74.04,204,100,104
1632,1453645,79.003591160221,86.84,65.67,181,114,67
1633,1454364,78.9472807017544,69.15,85.82,228,94,134
1634,1454406,87.7554285714286,86.61,88.72,245,112,133
1635,1455945,73.0567123287671,65.26,79.03,219,95,124
1636,1455981,78.4717703349282,80.92,74.36,209,131,78
1637,1456459,90.7653012048193,89.6,91.94,249,125,124
1638,1456623,79.8196860986547,85.48,72.73,223,124,99
1639,1456854,84.2313278008299,83.8,84.85,241,142,99
1640,1457667,87.5445914396887,84.44,90.98,257,135,122
1641,1457924,80.2780275229358,70.09,92.08,218,117,101
1642,1460904,82.1596680497925,81.58,82.68,241,114,127
1643,1461876,79.2805405405406,87.16,71.68,222,109,113
1644,1462278,57.1984824902724,72.73,43.38,257,121,136
1645,1462287,58.046,50,63.41,205,82,123
1646,1462310,74.1802049180328,75.63,72.8,244,119,125
1647,1462626,69.4192718446602,65.52,72.27,206,87,119
1648,1463138,73.8181818181818,71.2,76,275,125,150
1649,1465037,67.5655675675676,76.83,60.19,185,82,103
1650,1465246,84.6810483870968,88.1,81.15,248,126,122
1651,1465719,75.6445018450185,73.48,77.7,271,132,139
1652,1466016,75.47,78.3,72.64,212,106,106
1653,1466807,66.8369948186529,56.86,78.02,193,102,91
1654,1469218,71.6,66.4,76.8,250,125,125
1655,1469442,75.9852838427947,72.45,78.63,229,98,131
1656,1470123,81.8142424242424,79.46,84.03,231,112,119
1657,1471018,78.1381376518219,74.11,81.48,247,112,135
1658,1471138,79.9997826086957,76.19,83.2,230,105,125
1659,1477561,81.6282051282051,78.1,84.5,234,105,129
1660,1481790,55.7997790055249,49.4,61.22,181,83,98
1661,1483376,74.6511520737327,72.22,77.06,217,108,109
1662,1483928,73.9300389105058,83.46,64.62,257,127,130
1663,1484334,83.2562325581395,83.62,82.83,215,116,99
1664,1484754,79.6663900414938,87.5,69.52,241,136,105
1665,1485825,79.3682511210762,83.59,73.68,223,128,95
1666,1486060,70.2030303030303,64.29,74.56,198,84,114
1667,1486618,87.6435135135135,83.33,91.73,259,126,133
1668,1487427,57.502,50.45,63.57,240,111,129
1669,1487521,77.19936,81.36,73.48,250,118,132
1670,1488015,86.8416315789474,85.47,89.04,190,117,73
1671,1488597,84.585928853755,88.03,80.18,253,142,111
1672,1489158,80.2318604651163,84.09,76.19,258,132,126
1673,1491048,79.7628571428571,81.37,78.67,252,102,150
1674,1491319,83.0102702702703,88.89,77.44,259,126,133
1675,1491540,84.4663636363636,85.71,83.55,264,112,152
1676,1491832,72.7664285714286,72.88,72.64,224,118,106
1677,1491940,89.2157620817844,88.98,89.4,269,118,151
1678,1492042,86.6006220095694,87.85,85.29,209,107,102
1679,1492381,77.0281081081081,88.57,66.67,222,105,117
1680,1492530,75.7218518518519,79.17,73.47,243,96,147
1681,1492583,85.1992,93.04,78.52,250,115,135
1682,1493325,88.6261568627451,94.9,84.71,255,98,157
1683,1493746,78.6684444444444,89.08,66.98,225,119,106
1684,1494699,77.0836979166667,74.16,79.61,192,89,103
1685,1494783,81.7452282157676,80.2,82.86,241,101,140
1686,1495062,86.1683794466403,86.6,85.9,253,97,156
1687,1496768,66.9988,48.48,76.12,200,66,134
1688,1498610,70.001,65.08,72.11,210,63,147
1689,1498761,72.7692018779343,80.68,67.2,213,88,125
1690,1498917,45.79,26.32,65.26,190,95,95
1691,1499058,79.0655426356589,82.52,76.77,258,103,155
1692,1499432,82.3069230769231,82.88,81.88,260,111,149
1693,1500035,83.465,85.29,82.19,248,102,146
1694,1501448,90.8773003802281,89.17,92.31,263,120,143
1695,1501961,72.9362385321101,75,70.91,218,108,110
1696,1502709,82.9092307692308,85.59,80.49,234,111,123
1697,1502811,82.6788188976378,84.82,80.99,254,112,142
1698,1503135,82.3279518072289,82.86,81.94,249,105,144
1699,1503661,70.1291774891775,66.32,72.79,231,95,136
1700,1504089,80.4854471544715,82.52,79.02,246,103,143
1701,1504127,86.71875,88.1,85.38,256,126,130
1702,1504325,77.67,73.86,80.31,215,88,127
1703,1505162,82.5871428571429,80.41,84.25,224,97,127
1704,1506055,92.1931707317073,89.52,95,205,105,100
1705,1506668,85.9180281690141,89.9,82.46,213,99,114
1706,1507649,84.4018,80.2,87.25,250,101,149
1707,1508562,71.43,81,62.73,210,100,110
1708,1509140,79.59592,70.87,85.71,250,103,147
1709,1509199,83.6341818181818,81.25,85.48,220,96,124
1710,1510995,78.8327737226277,78.81,78.85,274,118,156
1711,1511468,81.4322784810126,87.85,76.15,237,107,130
1712,1511591,88.9719117647059,90.07,87.79,272,141,131
1713,1512251,82.2685909090909,86.61,76.34,220,127,93
1714,1513390,81.3257587548638,87.07,76.6,257,116,141
1715,1513459,85.6178431372549,89.36,82.42,306,141,165
1716,1516368,86.6405054151625,85.83,87.26,277,120,157
1717,1516641,74.4362406015038,80.3,68.66,266,132,134
1718,1516845,82.1391428571429,87.9,77.56,280,124,156
1719,1516948,82.8991449814126,78.3,85.89,269,106,163
1720,1517140,74.5074509803922,59.32,84.04,153,59,94
1721,1519158,85.3346666666667,82.86,87.5,225,105,120
1722,1521499,84.7845652173913,86.67,82.54,276,150,126
1723,1528311,87.8088888888889,85.07,90.34,279,134,145
1724,1528386,85.3309266409266,75.73,91.67,259,103,156
1725,1529595,79.9119178082192,85.16,72.53,219,128,91
1726,1529811,71.7678823529412,68.47,74.31,255,111,144
1727,1531195,79.3348708487085,65.79,89.17,271,114,157
1728,1531437,83.8328947368421,82.73,85.04,266,139,127
1729,1532039,85.7171753246753,84.52,86.93,308,155,153
1730,1532475,71.5905303030303,73.15,69.57,264,149,115
1731,1534612,83.3357638888889,78.17,88.36,288,142,146
1732,1534971,78.7780215827338,72.18,84.83,278,133,145
1733,1535172,72.1098804780876,67.91,76.92,251,134,117
1734,1536494,79.5377227722772,69.39,89.1,303,147,156
1735,1536697,66.3945344129555,57.85,74.6,247,121,126
1736,1537315,77.5770818505338,77.33,77.86,281,150,131
1737,1538725,82.3340977443609,79.14,85.83,266,139,127
1738,1538904,78.3673469387755,73.04,83.08,245,115,130
1739,1539133,69.2957894736842,54.46,83.62,228,112,116
1740,1539436,74.8131481481482,73.79,76,270,145,125
1741,1540597,72.3503787878788,64.62,79.85,264,130,134
1742,1540907,78.74606271777,72.26,84.67,287,137,150
1743,1540966,85.20116,83.19,86.86,250,113,137
1744,1541412,69.99912,61.65,79.49,250,133,117
1745,1541481,71.5350769230769,69.34,73.98,260,137,123
1746,1541893,73.8922566371681,75.18,71.91,226,137,89
1747,1542565,74.8776328502415,83.21,58.57,207,137,70
1748,1543048,89.864965034965,84.38,96.83,286,160,126
1749,1544245,54.0231034482759,48.63,60.87,261,146,115
1750,1544275,69.7668217054264,71.92,66.96,258,146,112
1751,1544316,64.6621285140562,67.61,60.75,249,142,107
1752,1545018,79.0679069767442,73.04,86,215,115,100
1753,1545180,85.449552238806,81.58,90.52,268,152,116
1754,1545775,70.6369787234043,77.85,58.14,235,149,86
1755,1546205,83.7564102564103,87.23,78.49,234,141,93
1756,1548064,79.2940909090909,77.32,81.19,198,97,101
1757,1548411,67.9784236453202,65.42,70.83,203,107,96
1758,1549012,41.2127272727273,16.84,74.29,165,95,70
1759,1549163,82.9086324786325,80.99,85.87,234,142,92
1760,1549425,77.3135185185185,73.13,84.15,216,134,82
1761,1549799,82.1900456621004,87.7,75.26,219,122,97
1762,1549992,80,75,85,240,120,120
1763,1550271,85.8803053435115,82.98,89.26,262,141,121
1764,1553900,82.8682517482518,82.27,83.45,286,141,145
1765,1553965,83.460037593985,80.34,85.91,266,117,149
1766,1556837,78.6567588932806,80,77.12,253,135,118
1767,1557329,87.2363120567376,83.97,90.07,282,131,151
1768,1557379,85.5021933085502,88.36,82.11,269,146,123
1769,1557445,90.6115162454874,86.62,94.81,277,142,135
1770,1557623,85.1142366412214,85.71,84.5,262,133,129
1771,1557910,84.3850210970464,84.69,84.17,237,98,139
1772,1557992,74.9981923076923,87.02,62.79,260,131,129
1773,1559423,79.2613333333333,82.64,75.4,270,144,126
1774,1559495,84.8340983606557,91.26,80.14,244,103,141
1775,1560704,81.5102100840336,79.61,82.96,238,103,135
1776,1562898,83.55,80.91,85.95,231,110,121
1777,1564297,84.3412121212121,74.71,91.89,198,87,111
1778,1564312,84.1642986425339,68.48,95.35,221,92,129
1779,1564932,62.2442857142857,75.89,44.05,196,112,84
1780,1565052,60.7493548387097,69.52,49.38,186,105,81
1781,1565371,85.5892792792793,86.61,84.55,222,112,110
1782,1566821,79.49,91.43,65.56,195,105,90
1783,1566916,88.6352272727273,92.63,83.95,176,95,81
1784,1567545,9.2875221238938,10.71,7.89,226,112,114
1785,1567935,82.8550476190476,89.62,75.96,210,106,104
1786,1568694,74.6208121827411,91.38,50.62,197,116,81
1787,1569527,71.3429268292683,78.41,63.16,164,88,76
1788,1570585,63.4705936073059,42.05,77.86,219,88,131
1789,1571231,76.4454545454545,74.6,78.45,242,126,116
1790,1571784,84.1760942760943,82.78,85.62,297,151,146
1791,1571977,78.3670204081633,76.42,80.33,245,123,122
1792,1572589,69.6024669603524,61.06,78.07,227,113,114
1793,1572740,81.7250253807107,72.34,90.29,197,94,103
1794,1573266,84.7575092936803,80.45,88.97,269,133,136
1795,1573783,89.7917142857143,84.87,94.44,245,119,126
1796,1573866,83.7068148148148,83.1,84.38,270,142,128
1797,1574665,65.8997235023042,54.02,73.85,217,87,130
1798,1574705,74.0409361702128,59.14,83.8,235,93,142
1799,1576776,79.8372177419355,74.78,84.21,248,115,133
1800,1581118,84.9160655737705,87.33,82.58,305,150,155
1801,1582105,74.8959832635983,76.42,73.28,239,123,116
1802,1583636,70.6778947368421,82.72,51.92,266,162,104
1803,1584016,78.2233870967742,80.71,75,248,140,108
1804,1585120,85.4776897689769,92.68,76.98,303,164,139
1805,1586069,78.9656088560886,90.68,61.82,271,161,110
1806,1586333,83.7744150943396,76.58,88.96,265,111,154
1807,1587403,86.7170479704797,87.69,85.82,271,130,141
1808,1587618,87.1510031347962,88.39,85.98,319,155,164
1809,1587998,87.8909865470852,87.67,88.31,223,146,77
1810,1588401,92.0003333333333,92.05,91.95,300,151,149
1811,1588784,87.120490797546,87.2,87.04,326,164,162
1812,1589714,91.1042331288344,87.01,94.77,326,154,172
1813,1590108,83.5204494382022,82.58,84.44,267,132,135
1814,1590133,85.1610967741936,76.03,93.29,310,146,164
1815,1590202,88.313538961039,83.45,92.64,308,145,163
1816,1591120,74.1518644067797,85.48,61.61,236,124,112
1817,1591237,92.3062237762238,89.76,94.34,286,127,159
1818,1591332,84.4358278145695,80.31,87.43,302,127,175
1819,1591442,86.6629,86.62,86.71,300,157,143
1820,1591976,87.3079230769231,85.95,88.49,260,121,139
1821,1592199,86.8490657439446,90.18,82.54,289,163,126
1822,1593360,81.7471482889734,86.5,74,263,163,100
1823,1593710,82.7075187969925,90,71.7,266,160,106
1824,1593842,87.1479310344828,87.66,86.67,319,154,165
1825,1594128,83.5705,81.75,85.06,280,126,154
1826,1594210,85.362523364486,81.37,89.38,321,161,160
1827,1594225,87.4632835820895,84.71,90.3,335,170,165
1828,1594602,88.5152222222222,87.23,89.92,270,141,129
1829,1596253,78.4017940199335,81.01,75.52,301,158,143
1830,1596918,83.1968907563025,81.9,84.43,238,116,122
1831,1596926,86.7152767527675,85.4,88.06,271,137,134
1832,1596983,92.9236283185841,91.91,93.98,339,173,166
1833,1597932,82.526213592233,87.2,77.24,309,164,145
1834,1598800,77.519496124031,83.94,70.25,258,137,121
1835,1601014,85.6648251748252,88.24,83.33,286,136,150
1836,1601746,87.7186315789474,96.27,80.13,285,134,151
1837,1601855,84.3525510204082,86.71,82.12,294,143,151
1838,1602062,77.1310921501706,90.85,59.69,293,164,129
1839,1606008,83.9152097902098,85.4,82.55,286,137,149
1840,1606136,82.0567938931298,89.34,75.71,262,122,140
1841,1606463,82.6690613718412,81.03,83.85,277,116,161
1842,1611650,66.852320441989,75.51,56.63,181,98,83
1843,1612164,89.2842142857143,89.43,89.17,280,123,157
1844,1614915,76.0198780487805,64.52,83.01,246,93,153
1845,1616380,86.6406498194946,87.9,85.62,277,124,153
1846,1618429,74.0735390946502,71.7,75.91,243,106,137
1847,1618706,81.6647750865052,86.49,76.6,289,148,141
1848,1618984,79.4152941176471,90.48,70.68,238,105,133
1849,1620501,83.8350751879699,87.6,80.29,266,129,137
1850,1623113,63.730829015544,73.4,54.55,193,94,99
1851,1623276,78.6813197969543,83.84,73.47,197,99,98
1852,1623912,82.7117289719626,78.64,86.49,214,103,111
1853,1624575,84.7727160493827,82.5,86.99,243,120,123
1854,1625831,80.689801980198,72.94,86.32,202,85,117
1855,1627571,85.8338626609442,84.87,86.84,233,119,114
1856,1627697,89.33875,89.54,89.08,272,153,119
1857,1628573,87.6280412371134,90.74,83.72,291,162,129
1858,1628669,82.5574418604651,81.15,83.82,258,122,136
1859,1630138,57.7777777777778,77,33.75,180,100,80
1860,1630144,74.0779012345679,81.76,62.11,243,148,95
1861,1631442,74.567801724138,84.89,59.14,232,139,93
1862,1632093,72.691686746988,74.15,70.59,249,147,102
1863,1633159,65.5153448275862,78.3,54.76,232,106,126
1864,1633203,79.0182142857143,83.05,74.53,224,118,106
1865,1633249,86.4447457627119,88.82,83.92,295,152,143
1866,1633413,90.2881294964029,93.25,86.09,278,163,115
1867,1633930,90.6028859060403,89.87,91.43,298,158,140
1868,1633962,87.6402247191011,84.78,90.7,267,138,129
1869,1634043,86.3819933554817,82.98,89.38,301,141,160
1870,1634123,82.4438871473354,75,90.32,319,164,155
1871,1634693,87.8756818181818,82.96,93.02,264,135,129
1872,1635013,77.0307655502392,76.55,78.12,209,145,64
1873,1635457,84.9792307692308,85.45,84.26,273,165,108
1874,1635610,78.6321794871795,83.22,70.59,234,149,85
1875,1636348,82.3355666666667,89.02,73.23,300,173,127
1876,1636558,87.9876623376623,94.77,79.41,308,172,136
1877,1636711,85.4803960396039,89.02,80.77,303,173,130
1878,1637199,44.925652173913,28.43,60.95,207,102,105
1879,1637791,85.8854032258065,83.97,88.03,248,131,117
1880,1637889,87.3970588235294,88.35,86.67,238,103,135
1881,1638088,82.4191941391941,75.78,88.28,273,128,145
1882,1638210,81.3515112540193,82.84,79.58,311,169,142
1883,1638729,67.7140807174888,62.38,72.13,223,101,122
1884,1639313,81.5954294478528,84.85,78.26,326,165,161
1885,1639352,76.8572052401747,69.05,81.38,229,84,145
1886,1639370,86.3632121212121,87.79,84.81,330,172,158
1887,1639390,86.2295652173913,86.11,86.36,276,144,132
1888,1640173,83.8217647058823,84.21,83.33,272,152,120
1889,1640968,78.7909090909091,73.02,84.06,264,126,138
1890,1642788,89.6136363636364,90.2,89.15,231,102,129
1891,1643098,72.1112749003984,66.67,77.34,251,123,128
1892,1643623,76.053487394958,69.11,83.48,238,123,115
1893,1644915,87.9713533834586,91.24,84.5,266,137,129
1894,1645085,48.629897260274,43.62,53.85,292,149,143
1895,1645108,79.998962962963,86.3,72.58,270,146,124
1896,1645217,81.0674074074074,81.98,80.3,243,111,132
1897,1645868,84.4868965517241,84.43,84.55,232,122,110
1898,1647536,80.5886075949367,81.91,79.72,237,94,143
1899,1647895,78.686762295082,84.03,73.6,244,119,125
1900,1652823,70.701875,68,73.28,256,125,131
1901,1653255,78.4304705882353,76.19,81.48,255,147,108
1902,1653335,85.7174216027875,85.9,85.5,287,156,131
1903,1653459,80.345724137931,81.71,78.57,290,164,126
1904,1653487,83.4463907284768,83.65,83.22,302,159,143
1905,1653616,73.7610646387833,81.48,65.62,263,135,128
1906,1656084,80.3504912280702,81.01,79.53,285,158,127
1907,1656645,84.7917870722433,75.2,93.48,263,125,138
1908,1656831,92.6718965517241,88.46,98.04,232,130,102
1909,1657452,84.9037358490566,87.82,80.73,265,156,109
1910,1659411,76.4447596153846,80.81,72.48,208,99,109
1911,1661566,87.7261371841155,89.12,86.15,277,147,130
1912,1662475,47.033220338983,39.82,53.66,236,113,123
1913,1664095,71.6470114942529,72.67,70,261,161,100
1914,1665169,77.3975342465753,63.24,89.74,292,136,156
1915,1665962,76.6032830188679,74.22,78.83,265,128,137
1916,1666709,82.3959550561798,66.36,93.12,267,107,160
1917,1667350,84.2588888888889,82.05,86.31,324,156,168
1918,1667513,89.1752547770701,83.92,93.57,314,143,171
1919,1667603,87.0735714285714,85.71,88.2,294,133,161
1920,1669168,85.3051254480287,72.27,95,279,119,160
1921,1669894,86.380752688172,69.37,97.62,279,111,168
1922,1671220,85.2699224806202,88.46,82.03,258,130,128
1923,1672038,83.2746468401487,68.24,90.22,269,85,184
1924,1672104,76.664,40.74,92.06,270,81,189
1925,1673034,86.4535483870968,80.42,91.62,310,143,167
1926,1676255,86.7089240506329,84.96,87.98,316,133,183
1927,1676905,89.4354716981132,92.56,86.81,265,121,144
1928,1679486,87.9726804123711,86.67,89.1,291,135,156
1929,1679593,80.7545188284519,77.97,83.47,239,118,121
1930,1679680,70.495632183908,60,77.56,261,105,156
1931,1679892,82.2986283185841,69.33,88.74,226,75,151
1932,1683559,72.4428346456693,80,65.12,254,125,129
1933,1684747,81.1967521367521,90.98,70.54,234,122,112
1934,1685680,88.3178102189781,90.97,85.38,274,144,130
1935,1690112,32.971884057971,20.59,45,276,136,140
1936,1692090,92.4266666666667,90.91,94.55,264,154,110
1937,1692605,86.6908873720136,87.59,85.81,293,145,148
1938,1694337,85.979704797048,87.92,83.61,271,149,122
1939,1694469,89.6786120996441,87.25,92.42,281,149,132
1940,1698455,83.1394117647059,88.89,76.67,255,135,120
1941,1700599,84.9093962264151,79.53,89.86,265,127,138
1942,1701716,78.2208,81.68,73.4,225,131,94
1943,1701861,82.475641025641,83.45,81.05,234,139,95
1944,1703232,85.7646527777778,87.34,83.85,288,158,130
1945,1707626,84.7843788819876,78.81,90.06,322,151,171
1946,1709254,85.6157534246575,83.57,87.5,292,140,152
1947,1709319,86.8826229508197,84.48,89.06,244,116,128
1948,1709372,83.1266666666667,80.74,86.11,243,135,108
1949,1710696,90.0381180811808,87.5,92.31,271,128,143
1950,1712873,79.0250561797753,71.19,85.23,267,118,149
1951,1714297,87.2223003194888,85.53,88.82,313,152,161
1952,1714810,77.6483529411765,66.35,85.43,255,104,151
1953,1716147,81.8191866028708,74.49,88.29,209,98,111
1954,1718626,86.1146031746032,86.78,85.5,252,121,131
1955,1718877,82.7485915492958,87.5,78.85,284,128,156
1956,1719115,84.9402092050209,85.57,84.51,239,97,142
1957,1719344,76.7193129770992,73.12,78.7,262,93,169
1958,1719360,77.3075531914894,65.35,83.98,282,101,181
1959,1719460,77.910843373494,69.7,83.33,249,99,150
1960,1720372,79.8438339920949,86.54,75.17,253,104,149
1961,1720734,83.7898965517241,84.17,83.44,290,139,151
1962,1721181,86.7323300970874,90.37,83.91,309,135,174
1963,1722147,67.778,76.15,62.11,270,109,161
1964,1724484,79.404531835206,60.38,91.93,267,106,161
1965,1726292,76.2635971223022,80.75,70.09,278,161,117
1966,1726570,81.3530868167202,81.07,81.69,311,169,142
1967,1726664,77.7759259259259,83.56,69.07,243,146,97
1968,1727867,82.5104932735426,70.83,88.08,223,72,151
1969,1729039,78.0916254416961,81.76,74.07,283,148,135
1970,1729111,78.4954948805461,85.16,71.01,293,155,138
1971,1729493,67.2634080717489,73.08,62.18,223,104,119
1972,1729997,81.5585245901639,83.09,79.63,244,136,108
1973,1730211,43.9559677419355,30.56,54.29,248,108,140
1974,1732094,82.1113302752293,79.13,85.44,218,115,103
1975,1732964,69.1549253731343,38.46,88.62,201,78,123
1976,1733168,81.0848648648649,78.2,84.13,259,133,126
1977,1734344,79.5092213114754,82.55,74.74,244,149,95
1978,1736404,73.9915018315018,82.58,62.71,273,155,118
1979,1736667,81.3981395348837,79.69,83.08,258,128,130
1980,1739583,76.4931075697211,66.67,85.07,251,117,134
1981,1739645,77.611592039801,74.53,81.05,201,106,95
1982,1740100,89.0494890510949,87.32,90.91,274,142,132
1983,1741106,83.9532835820896,78.57,88.73,268,126,142
1984,1741466,83.909846743295,84.29,83.47,261,140,121
1985,1742116,78.2421757322176,90.41,59.14,239,146,93
1986,1742137,84.8606338028169,88.44,81.02,284,147,137
1987,1742881,85.2561752988048,85.59,84.96,251,118,133
1988,1743859,88.25871886121,93.48,83.22,281,138,143
1989,1744983,80.4446666666667,70.53,87.69,225,95,130
1990,1745994,87.4515498154982,86.39,88.71,271,147,124
1991,1746696,84.6525581395349,81.82,87.07,215,99,116
1992,1747514,66.5146428571428,61.36,69.85,224,88,136
1993,1749416,83.0494915254237,82.18,83.7,236,101,135
1994,1749885,80.7866502463054,88.71,68.35,203,124,79
1995,1750372,78.2416842105263,77.27,79.08,285,132,153
1996,1750753,79.1458293838863,72.07,87,211,111,100
1997,1750858,55.2927058823529,50,59.78,170,78,92
1998,1751001,75.5030120481928,68.47,81.16,249,111,138
1999,1751092,83.3972200772201,90.84,75.78,259,131,128
2000,1755299,84.869889298893,88,82.19,271,125,146
2001,1755389,86.3960294117647,94.26,80,272,122,150
2002,1755751,85.0178542510121,85,85.03,247,100,147
2003,1755812,77.3081538461539,74.8,79.56,260,123,137
2004,1755856,82.3531617647059,87.31,77.54,272,134,138
2005,1756569,84.4365758754864,84,84.85,257,125,132
2006,1756685,84.3526870748299,89.26,79.31,294,149,145
2007,1756936,87.858016194332,89.29,86.67,247,112,135
2008,1758217,88.9334426229508,85.34,92.19,244,116,128
2009,1758520,65.8684615384615,84.38,36.25,208,128,80
2010,1759123,81.1375,81.2,81.05,228,133,95
2011,1760251,83.4612598425197,81.34,85.83,254,134,120
2012,1761641,81.5105660377359,72.39,90.84,265,134,131
2013,1765189,83.0997887323944,76.71,89.86,284,146,138
2014,1768384,59.3974436090226,46.4,70.92,266,125,141
2015,1770192,79.8383870967742,69.17,89.84,248,120,128
2016,1771195,80.0752631578947,81.17,78.57,266,154,112
2017,1771282,78.0914134275618,72.37,84.73,283,152,131
2018,1771817,86.4883783783784,84.81,88.41,296,158,138
2019,1773465,89.0598125,85.39,93.66,320,178,142
2020,1774008,87.1709210526316,83.53,91.79,304,170,134
2021,1775124,84.0650847457627,79.5,89.55,295,161,134
2022,1775690,72.8052631578947,78.01,64.37,228,141,87
2023,1776753,92.0309420289855,94.8,87.38,276,173,103
2024,1776801,91.8058361774744,92.07,91.47,293,164,129
2025,1777688,70.6416513761468,69.64,71.7,218,112,106
2026,1778963,89.7517667844523,93.25,85,283,163,120
2027,1780591,88.4864748201439,90.14,86.76,278,142,136
2028,1781129,75.3955952380953,72.36,78.29,252,123,129
2029,1781271,77.6907692307692,88.97,65.32,260,136,124
2030,1781501,89.8808097165992,92.04,88.06,247,113,134
2031,1781775,83.91,76.52,91.3,230,115,115
2032,1781913,86.8764253393665,88.29,85.45,221,111,110
2033,1782095,76.249625,71.72,79.43,240,99,141
2034,1782828,86.9590513833992,89.6,84.38,253,125,128
2035,1784112,87.2233576642336,87.68,86.76,274,138,136
2036,1785182,90.8452014652015,91.88,89.38,273,160,113
2037,1786452,81.3540254237288,81.1,81.65,236,127,109
2038,1786742,91.9001408450704,94.08,89.39,284,152,132
2039,1786790,88.748625,90.99,86.82,240,111,129
2040,1789660,87.5885106382979,90.06,84.3,282,161,121
2041,1789684,86.3303597122302,90.26,81.45,278,154,124
2042,1790290,73.951512605042,83.22,60,238,143,95
2043,1790370,74.1896774193548,72.03,76.15,248,118,130
2044,1790818,61.9444776119403,42.47,85.25,268,146,122
2045,1792368,86.27,91.1,81.16,284,146,138
2046,1793029,87.5878723404255,93.57,81.69,282,140,142
2047,1793551,81.2961151079137,82.26,80.52,278,124,154
2048,1794016,79.311724137931,86.07,73.38,261,122,139
2049,1794757,90.80396,89.08,92.37,250,119,131
2050,1795079,77.8284162895928,67.05,84.96,221,88,133
2051,1795428,84.3161568627451,87.38,82.24,255,103,152
2052,1797539,81.1722175732218,81.42,80.95,239,113,126
2053,1797572,82.4,87.12,77.12,250,132,118
2054,1797877,94.1653696498054,94.62,93.7,257,130,127
2055,1798456,88.8535472972973,89.51,88.24,296,143,153
2056,1798914,77.7784362139918,77.12,78.4,243,118,125
2057,1800533,85.0852631578947,92.42,75,228,132,96
2058,1803629,88.2084279475983,83.53,90.97,229,85,144
2059,1803638,91.7582795698925,92.52,90.91,279,147,132
2060,1803952,84.8898666666667,94.74,70.65,225,133,92
2061,1803997,90.6353183520599,93.23,88.06,267,133,134
2062,1805802,89.3766666666667,87.69,90.91,273,130,143
2063,1807288,79.5687826086957,74.11,84.75,230,112,118
2064,1809152,90.1826545454545,86.47,93.66,275,133,142
2065,1810055,91.2725818181818,89.84,92.52,275,128,147
2066,1810336,89.8559420289855,89.52,90.13,276,124,152
2067,1811642,86.395,83.82,88.97,272,136,136
2068,1811756,87.1711320754717,90,84.83,265,120,145
2069,1812525,91.3390551181102,90.99,91.61,254,111,143
2070,1812562,91.0584552845528,87.93,93.85,246,116,130
2071,1812875,83.1403831417625,85.04,81.34,261,127,134
2072,1812931,82.2681914893617,86.33,78.32,282,139,143
2073,1812949,81.9883908045977,82.11,81.88,261,123,138
2074,1813143,89.8517669172932,86.18,93.01,266,123,143
2075,1813827,91.9562237762238,91.78,92.14,286,146,140
2076,1814804,85.598024691358,91.18,81.56,243,102,141
2077,1815871,80.4654418604651,80.37,80.56,215,107,108
2078,1815946,85.0416666666667,79.12,88.81,234,91,143
2079,1815958,86.8550996015936,87.13,86.67,251,101,150
2080,1816345,86.9396734693878,86.72,87.18,245,128,117
2081,1819127,65.89,86.21,51.97,214,87,127
2082,1820791,70.7620338983051,85.34,56.67,236,116,120
2083,1821329,89.5349224806202,87.97,91.2,258,133,125
2084,1823115,87.9006451612903,90.38,86.11,248,104,144
2085,1824283,84.6874774774775,86.61,82.73,222,112,110
2086,1825044,86.5498206278027,83.51,88.89,223,97,126
2087,1827033,77.293711790393,89.78,58.7,229,137,92
2088,1827988,80.7073622047244,89.93,67.62,254,149,105
2089,1830157,84.7353435114504,84.21,85.14,262,114,148
2090,1830851,84.1044351464435,84.62,83.61,239,117,122
2091,1831869,86.2835840707965,86.13,86.52,226,137,89
2092,1832350,84.1680308880309,76.92,90.14,259,117,142
2093,1832902,79.9279166666667,74.13,86.78,264,143,121
2094,1833880,89.6422006472492,88.96,90.32,309,154,155
2095,1835195,85.9590638297872,84.3,87.72,235,121,114
2096,1836360,87.216803652968,89.92,84,219,119,100
2097,1838155,88.0203719008264,91.37,83.5,242,139,103
2098,1838591,87.364312267658,81.4,92.86,269,129,140
2099,1840554,90.3597590361446,86.18,94.44,249,123,126
2100,1840980,89.4001324503311,87.07,91.61,302,147,155
2101,1840992,85.398982300885,71.08,93.71,226,83,143
2102,1841428,83.6004,79.17,87.69,250,120,130
2103,1842989,79.2209090909091,85.59,72.57,231,118,113
2104,1844388,73.4606153846154,75.37,71.43,260,134,126
2105,1844744,70.2067676767677,68.09,72.12,198,94,104
2106,1844789,78.4406880733945,77.57,79.28,218,107,111
2107,1845103,78.2769672131148,73.91,82.17,244,115,129
2108,1845402,68.1097297297297,75,62.86,185,80,105
2109,1845429,76.4486776859504,86.51,65.52,242,126,116
2110,1845536,77.3487179487179,80,73.4,234,140,94
2111,1846902,91.7233112582781,91.38,92.19,302,174,128
2112,1847564,85.0609128630705,83.33,87.38,241,138,103
2113,1848245,84.8635211267606,85.19,84.43,284,162,122
2114,1849750,87.8682352941177,85.53,90.83,272,152,120
2115,1850200,88.8894949494949,87.95,90.08,297,166,131
2116,1850900,44.9824096385542,27.82,64.66,249,133,116
2117,1851219,83.3989189189189,86.58,79.09,259,149,110
2118,1851518,73.7612927756654,71.23,76.92,263,146,117
2119,1852508,78.7608108108108,69.64,85.71,259,112,147
2120,1853077,80.5568253968254,85.82,74.58,252,134,118
2121,1853527,82.4302092050209,81.2,83.61,239,117,122
2122,1854799,88.053185840708,86.27,89.52,226,102,124
2123,1855046,86.3614049586777,85.85,86.76,242,106,136
2124,1856346,78.6949130434783,85.47,71.68,230,117,113
2125,1856414,64.0541013824885,82.52,47.37,217,103,114
2126,1856440,74.1625837320574,65.62,81.42,209,96,113
2127,1857163,66.99545,61.19,69.92,200,67,133
2128,1857712,77.5563779527559,83.58,70.83,254,134,120
2129,1858445,82.1166423357664,82.86,81.34,274,140,134
2130,1858640,91.002,89.29,92.5,300,140,160
2131,1859297,83.7580505415163,77.7,89.86,277,139,138
2132,1859824,89.1084046692607,85.5,92.86,257,131,126
2133,1859965,82.5431746031746,73.64,89.44,252,110,142
2134,1860765,92.8547368421053,92.06,93.57,266,126,140
2135,1861236,92.4074050632912,92.7,92.03,316,178,138
2136,1861764,85.183,87.13,81.82,270,171,99
2137,1863293,87.4555913978495,87.73,87.07,279,163,116
2138,1863304,86.6904778156997,86.39,87.1,293,169,124
2139,1863650,78.9092727272727,75.17,83.08,275,145,130
2140,1864339,86.0808424908425,85.35,87.07,273,157,116
2141,1864374,81.3972558139535,73.11,91.67,215,119,96
2142,1865179,88.2563636363636,84.46,93.1,264,148,116
2143,1867674,87.4117985611511,81.6,92.16,278,125,153
2144,1868082,87.1277557755776,82.61,92.25,303,161,142
2145,1869663,89.439801980198,87.74,91.22,303,155,148
2146,1872845,85.4743918918919,85.16,85.82,296,155,141
2147,1873490,77.296231884058,62.77,89.38,207,94,113
2148,1874049,86.7098734177215,86.06,87.42,316,165,151
2149,1874182,79.4615824915825,82.25,75.78,297,169,128
2150,1875291,83.6717142857143,85.61,81.13,245,139,106
2151,1876084,87.6291408934708,86.58,88.73,291,149,142
2152,1876238,89.4892028985507,91.72,87.02,276,145,131
2153,1876484,84.2743548387097,82.98,85.98,248,141,107
2154,1876858,79.0889353612167,81.29,75.93,263,155,108
2155,1877363,90.0816666666667,90.35,89.86,252,114,138
2156,1877440,78.1120600858369,70.87,83.85,233,103,130
2157,1877730,87.682536231884,88.19,87.25,276,127,149
2158,1878605,83.6839748953975,84.68,82.61,239,124,115
2159,1880585,85.8767175572519,85.29,86.51,262,136,126
2160,1881632,77.19688,81.63,70.87,250,147,103
2161,1882560,89.0551320754717,91.73,86.36,265,133,132
2162,1886433,87.5464150943396,89.33,85.22,265,150,115
2163,1886471,83.4036170212766,80,89.41,235,150,85
2164,1887479,85.93875,82.64,90.18,256,144,112
2165,1887487,86.9587351778656,84.4,90.18,253,141,112
2166,1888111,64.84328125,46.15,84.13,256,130,126
2167,1888171,79.6337090909091,75.19,83.56,275,129,146
2168,1889079,87.9878798586572,87.84,88.15,283,148,135
2169,1889320,83.0495762711864,82.17,84.11,236,129,107
2170,1889527,66.0479069767442,52.73,80,215,110,105
2171,1891487,89.4322264150943,89.06,89.78,265,128,137
2172,1891538,84.7557620817844,75,91.3,269,108,161
2173,1891796,79.4749344978166,80.33,78.5,229,122,107
2174,1894541,88.6620618556701,88.24,89.13,291,153,138
2175,1895443,74.9985714285714,77.93,71.85,280,145,135
2176,1896892,82.3241379310345,76.04,86.76,232,96,136
2177,1897818,56.9165957446808,61.97,53.85,188,71,117
2178,1897824,75.8457004830918,75.47,76.24,207,106,101
2179,1898763,85.6485650224215,89.05,80.23,223,137,86
2180,1900009,82.9998418972332,84.4,81.94,253,109,144
2181,1900778,86.8826639344262,92.38,82.73,244,105,139
2182,1901372,83.9231155778894,85.06,83.04,199,87,112
2183,1901967,77.3074789915966,65.85,83.33,238,82,156
2184,1904409,82.1943835616438,78.95,84.68,219,95,124
2185,1904803,89.6935114503817,89.23,90.15,262,130,132
2186,1905160,88.5072413793103,89.23,87.79,261,130,131
2187,1906979,31.0202448979592,17.36,44.35,245,121,124
2188,1907188,82.2438317757009,84.76,79.82,214,105,109
2189,1910378,75.9411320754717,65.91,83.06,212,88,124
2190,1911155,81.1392105263158,77.78,84.68,228,117,111
2191,1912651,66.111,69.66,62.64,180,89,91
2192,1912909,81.195,83.49,78.9,218,109,109
2193,1913086,67.4107589285714,75.7,59.83,224,107,117
2194,1913384,51.0987912087912,81.11,21.74,182,90,92
2195,1913999,53.812331838565,79.65,27.27,223,113,110
2196,1917019,82.095807860262,78.43,85.04,229,102,127
2197,1917864,84.7090588235294,86.51,82.95,255,126,129
2198,1918620,78.3488144329897,80.95,75.28,194,105,89
2199,1919564,79.8228070175439,77.66,81.34,228,94,134
2200,1919644,82.2924652777778,80.58,83.89,288,139,149
2201,1919857,76.8455789473684,87.39,62.03,190,111,79
2202,1920068,81.9912643678161,86.52,76.67,261,141,120
2203,1920531,82.7474117647059,82.54,82.95,255,126,129
2204,1920600,83.8669892473118,87.07,80.3,279,147,132
2205,1920868,83.7251937984496,79.86,88.24,258,139,119
2206,1922225,86.3470479704797,92.21,78.63,271,154,117
2207,1923203,89.2003755868545,91.2,86.36,213,125,88
2208,1923467,82.4858064516129,86.92,75.86,217,130,87
2209,1925728,65.0244262295082,67.59,61.33,183,108,75
2210,1926525,80.9302790697674,91.97,61.54,215,137,78
2211,1926761,77.8695901639344,86.67,66.97,244,135,109
2212,1927485,0,0,NA,99,99,NA
2213,1928899,81.6655,91.27,71.05,240,126,114
2214,1930204,68.2544973544973,74.74,61.7,189,95,94
2215,1931535,91.1429520295203,90.68,91.5,271,118,153
2216,1931794,87.602,84.76,89.66,250,105,145
2217,1932405,83.6369818181818,88.19,79.73,275,127,148
2218,1933307,79.9017647058823,82.5,76.19,204,120,84
2219,1933341,71.7658823529412,64.55,77.24,255,110,145
2220,1933447,87.7590612244898,86.73,88.64,245,113,132
2221,1934321,81.815023923445,84.68,78.57,209,111,98
2222,1935040,75.7112145748988,73.27,77.4,247,101,146
2223,1936576,83.4872935779816,83.15,83.72,218,89,129
2224,1937371,88.3628,91.67,85.31,275,132,143
2225,1937386,86.2409293680297,87.7,85.03,269,122,147
2226,1939750,79.0541361256545,79.76,78.5,191,84,107
2227,1940855,72.9371559633028,82.68,59.34,218,127,91
2228,1941092,79.592,85.25,73.98,245,122,123
2229,1941481,76.20859030837,81.03,71.17,227,116,111
2230,1941951,84.577512437811,85.71,83.5,201,98,103
2231,1943652,88.4225789473684,91.15,84.42,190,113,77
2232,1947367,86.0994208494209,80.53,90.41,259,113,146
2233,1947876,87.9035483870968,86.67,89.06,248,120,128
2234,1948391,88.16,89.47,87.02,245,114,131
2235,1949280,88.6376515151515,91.53,86.3,264,118,146
2236,1950253,77.4233870967742,63.73,86.99,248,102,146
2237,1950717,56.2497727272727,70,41.86,176,90,86
2238,1955337,89.3582269503546,91.61,86.61,282,155,127
2239,1955740,87.8585,92.21,82.54,280,154,126
2240,1956062,85.023127753304,77.23,91.27,227,101,126
2241,1956718,83.6135294117647,74.49,90,238,98,140
2242,1956957,89.9568619246862,90.98,88.89,239,122,117
2243,1957386,87.0123376623377,91.3,80.65,231,138,93
2244,1957916,94.5853068592058,94.85,94.33,277,136,141
2245,1959506,88.7245090909091,87.94,89.55,275,141,134
2246,1959668,88.2320168067227,86.79,89.39,238,106,132
2247,1959759,87.2799293286219,80.95,92.36,283,126,157
2248,1960092,89.3181553398058,89.47,89.13,206,114,92
2249,1960674,64.7626666666667,84.62,45.28,210,104,106
2250,1964896,85.936953125,84.78,87.29,256,138,118
2251,1965419,81.396,87.93,73.74,215,116,99
2252,1965978,91.249375,85.6,97.39,240,125,115
2253,1966826,88.5417391304348,88.1,88.98,253,126,127
2254,1968384,88.8886473429952,87.85,90,207,107,100
2255,1969950,90.57,88.52,92.62,244,122,122
2256,1970141,81.895,79.31,84.48,232,116,116
2257,1971802,87.6923076923077,85,90,260,120,140
2258,1971966,85.7838532110092,87.76,84.17,218,98,120
2259,1974389,77.031004784689,56.52,87.14,209,69,140
2260,1976005,70.502,66.35,75,200,104,96
2261,1976880,48.7588429752066,73.88,17.59,242,134,108
2262,1977436,86.8482006920415,89.33,84.17,289,150,139
2263,1977941,74.2857142857143,68.32,78.47,245,101,144
2264,1979610,83.8605511811024,76.47,88.82,254,102,152
2265,1979984,82.9509508196721,80.92,84.48,305,131,174
2266,1982941,80.0031320754717,85.99,71.3,265,157,108
2267,1984732,89.8038526912181,85.88,93.75,353,177,176
2268,1984964,88.2519484240688,87.01,89.53,349,177,172
2269,1985075,88.498820058997,86.1,91.45,339,187,152
2270,1985382,67.0590980392157,76.83,49.45,255,164,91
2271,1985506,88.7141935483871,88.24,89.29,310,170,140
2272,1985743,87.986036036036,90.62,85.55,333,160,173
2273,1986137,83.3358823529412,73.19,91.67,306,138,168
2274,1986817,87.812375,85.37,90.38,320,164,156
2275,1987192,71.5914760147601,82.07,49.43,271,184,87
2276,1990059,81.7877955271566,82.66,80.71,313,173,140
2277,1990997,82.4690909090909,88.24,75.36,308,170,138
2278,1991599,82.6260169491525,83.1,81.91,236,142,94
2279,1991822,72.9940506329114,74.07,71.57,237,135,102
2280,1993873,89.4726315789474,92.07,86.43,304,164,140
2281,1994555,76.2597260273973,84.62,66.67,219,117,102
2282,1998654,69.4894915254237,83.82,50,236,136,100
2283,1998910,78.6826356589147,91.14,59,258,158,100
2284,1999281,85.3373684210526,84.33,86.36,266,134,132
2285,1999302,85.0371653543307,83.82,86.44,254,136,118
2286,2001785,90.1941176470588,88.32,92.37,255,137,118
2287,2002425,89.959305019305,96.64,80.91,259,149,110
2288,2005059,90.9104347826087,93.94,85.23,253,165,88
2289,2008138,87.7331970260223,87.41,88.1,269,143,126
2290,2008939,88.4762962962963,93.48,81.9,243,138,105
2291,2010624,86.3787096774194,82.54,89.54,279,126,153
2292,2010695,78.5415789473684,78,78.91,247,100,147
2293,2012240,81.2474305555556,86.09,75.91,288,151,137
2294,2012612,89.1244210526316,91.03,86.82,285,156,129
2295,2014882,86.5007668711656,86.39,86.62,326,169,157
2296,2015844,82.3973782771535,71.54,92.7,267,130,137
2297,2016005,87.3991338582677,85.29,89.83,254,136,118
2298,2017566,90.2574025974026,95.62,84.46,308,160,148
2299,2017789,76.6690833333333,48.84,92.21,240,86,154
2300,2018201,87.8444791666667,89.4,86.13,288,151,137
2301,2018226,86.539967948718,84.77,88.2,312,151,161
2302,2018592,86.9542140468227,92.59,80.29,299,162,137
2303,2018678,88.6449084249084,92.7,84.56,273,137,136
2304,2020577,86.9691549295775,85,88.41,284,120,164
2305,2020668,92.1600653594771,94.77,88.81,306,172,134
2306,2021204,82.0638167938931,88.16,73.64,262,152,110
2307,2022053,84.7582156133829,88.03,81.1,269,142,127
2308,2022126,92.4539937106918,95.27,89.26,318,169,149
2309,2022984,58.3330263157895,81.2,34.23,228,117,111
2310,2024378,59.9992444444445,82.09,27.47,225,134,91
2311,2024914,87.9812017167382,81.32,92.25,233,91,142
2312,2025665,83.6482129277566,89.04,76.92,263,146,117
2313,2026031,80.3186220472441,74.34,85.11,254,113,141
2314,2026607,78.949022556391,79.14,78.74,266,139,127
2315,2027123,86.9416560509554,89.83,83.21,314,177,137
2316,2027520,86.1271612903226,90.53,80.85,310,169,141
2317,2027853,86.1724822695035,85.98,86.44,282,164,118
2318,2027904,88.5059003831418,91.08,84.62,261,157,104
2319,2029359,89.0236585365854,89.09,88.97,246,110,136
2320,2030802,88.8438289962825,86.01,92.06,269,143,126
2321,2031411,89.1585140562249,90.21,87.74,249,143,106
2322,2033615,85.9171480144404,86.09,85.71,277,151,126
2323,2035617,86.9742857142857,89.74,84.3,238,117,121
2324,2038839,84.7504484304933,76.85,92.17,223,108,115
2325,2039219,84.2136842105263,77.04,90.67,285,135,150
2326,2039568,83.8077732793522,83.02,84.4,247,106,141
2327,2039795,83.8449230769231,72.92,90.24,260,96,164
2328,2039808,76.1899206349206,87.41,61.47,252,143,109
2329,2039875,88.805671641791,88.37,89.21,268,129,139
2330,2041935,86.1335401459854,86.4,85.91,274,125,149
2331,2042797,75.76,91.6,58.93,231,119,112
2332,2042968,77.0337799043062,76.34,77.59,209,93,116
2333,2044039,78.9495693779904,68.54,86.67,209,89,120
2334,2044540,83.8081428571429,82.05,86.02,210,117,93
2335,2044585,73.3540510948905,74.81,71.94,274,135,139
2336,2044685,87.5019396551724,78.38,95.87,232,111,121
2337,2045399,91.0339622641509,91.3,90.83,212,92,120
2338,2045489,70.9109090909091,84.62,58.62,165,78,87
2339,2045494,83.9607547169811,83.65,84.26,212,104,108
2340,2046175,93.1883870967742,89.36,97.1,279,141,138
2341,2047483,84.6509302325582,78.18,91.43,215,110,105
2342,2048144,86.9934977578475,87.12,86.81,223,132,91
2343,2050574,94.3847368421053,91.97,96.62,285,137,148
2344,2050583,90.5584549356223,76.25,98.04,233,80,153
2345,2051290,82.9888659793814,66.2,92.68,194,71,123
2346,2051330,91.9392903225806,90.85,92.86,310,142,168
2347,2051553,86.6195652173913,72.07,95.21,299,111,188
2348,2052303,84.229,79.41,87.34,260,102,158
2349,2052908,79.9122175732218,68.22,89.39,239,107,132
2350,2053335,84.6441296928328,86.43,83.01,293,140,153
2351,2053405,78.6191304347826,83.33,73.48,276,144,132
2352,2054321,83.3854071661238,87.67,79.5,307,146,161
2353,2054405,91.6375884244373,91.49,91.76,311,141,170
2354,2054480,88.2344117647059,84.44,91.23,306,135,171
2355,2054821,86.0816483516484,85.93,86.23,273,135,138
2356,2055872,87.5918248175182,85.94,89.04,274,128,146
2357,2055904,88.5901342281879,88.03,89.1,298,142,156
2358,2055976,75.0897864768683,73.44,76.47,281,128,153
2359,2056079,81.1700836820084,88.19,73.21,239,127,112
2360,2056121,88.0746153846154,83.05,92.25,260,118,142
2361,2056275,86.2089272030651,83.61,88.49,261,122,139
2362,2056538,31.1176923076923,28.57,34.09,286,154,132
2363,2056626,88.888275862069,88.27,89.9,261,162,99
2364,2056947,74.6727947598253,89.44,50.57,229,142,87
2365,2058865,72.6883259911894,77.08,69.47,227,96,131
2366,2058871,51.5941489361702,67.89,29.11,188,109,79
2367,2059553,88.3736434108527,83.08,93.75,258,130,128
2368,2059628,76.4160849056604,88.62,59.55,212,123,89
2369,2059985,68.1218340611354,73.73,62.16,229,118,111
2370,2060916,83.871198156682,84.85,83.05,217,99,118
2371,2060923,86.7566666666667,89.04,82.19,219,146,73
2372,2061222,74.1924884792627,66.99,80.7,217,103,114
2373,2061289,87.0557647058824,84.78,89.74,255,138,117
2374,2061360,88.3968,80.71,98.18,250,140,110
2375,2061683,89.3370588235294,86.84,92.5,272,152,120
2376,2061926,90.2437979094077,88.16,92.59,287,152,135
2377,2062163,86.5,86.71,86.08,237,158,79
2378,2063345,80.566963562753,77.21,84.68,247,136,111
2379,2065471,83.2080916030534,84.06,82.26,262,138,124
2380,2067262,81.0807335907336,78.29,83.85,259,129,130
2381,2067403,73.3893548387097,58.04,86.03,248,112,136
2382,2068104,79.6470796460177,93.39,63.81,226,121,105
2383,2069980,82.8424019607843,82.47,83.18,204,97,107
2384,2071404,80.1823963133641,81.98,78.3,217,111,106
2385,2072244,83.2632158590308,85.93,79.35,227,135,92
2386,2072311,88.0559701492537,91.03,84.55,268,145,123
2387,2073101,83.4160804020101,96.32,55.56,199,136,63
2388,2073566,89.7461538461538,88.14,91.38,234,118,116
2389,2073650,77.2538626609442,70.59,84.21,233,119,114
2390,2073785,51.6913526570048,38.53,66.33,207,109,98
2391,2076087,74.6465727699531,77.61,69.62,213,134,79
2392,2078767,81.169596412556,82.46,79.82,223,114,109
2393,2082432,86.1103703703704,87.29,84.69,216,118,98
2394,2082585,88.8925333333333,84.91,92.44,225,106,119
2395,2083116,88.1504739336493,88.89,87.23,211,117,94
2396,2085416,89.4158823529412,89.66,89.16,170,87,83
2397,2086430,66.6625490196079,71.79,61.33,153,78,75
2398,2086467,25.7482634730539,18.82,32.93,167,85,82
2399,2086644,72.532323943662,69.23,75.32,142,65,77
2400,2086797,61.27,81.43,41.67,142,70,72
2401,2086904,71.0155797101449,76.06,65.67,138,71,67
2402,2088008,83.2257419354839,75.86,87.63,155,58,97
2403,2088207,85.895,92.22,77.27,156,90,66
2404,2088272,83.1263125,88.41,79.12,160,69,91
2405,2088759,90.2071134020619,91.95,88.79,194,87,107
2406,2089594,66.66875,74.14,61.63,144,58,86
2407,2089960,89.2140196078431,87.63,90.65,204,97,107
2408,2090271,74.8613407821229,86.67,62.92,179,90,89
2409,2092414,89.3114503816794,89.68,88.97,262,126,136
2410,2092768,81.4802222222222,86.99,76.87,270,123,147
2411,2092906,92.7111458333333,91.2,93.87,288,125,163
2412,2092918,92.3107692307692,93.88,90.48,273,147,126
2413,2094380,83.8018309859155,89.04,78.26,284,146,138
2414,2095545,93.2877181208054,93.42,93.15,298,152,146
2415,2095823,77.6875298804781,80.53,75.36,251,113,138
2416,2096213,90.3426896551724,86.36,93.67,290,132,158
2417,2096273,94.0305223880597,91.45,96.03,268,117,151
2418,2096411,76.7855357142857,61.11,91.38,224,108,116
2419,2096898,93.1439919354839,89.91,95.68,248,109,139
2420,2097124,85.7143243243243,87.79,83.59,259,131,128
2421,2097757,83.9,80,86.15,205,75,130
2422,2098900,84.7428813559322,77.88,90.15,236,104,132
2423,2099380,91.5716091954023,84.55,97.83,261,123,138
2424,2099614,88.7163035019455,80.17,96.32,257,121,136
2425,2100479,86.2216929133858,88.49,83.48,254,139,115
2426,2100529,88.4601153846154,87.05,90.08,260,139,121
2427,2100625,89.5996,90,89.09,250,140,110
2428,2100848,75.8172558139535,85.05,66.67,215,107,108
2429,2102221,76.615,79.84,73.39,248,124,124
2430,2102295,85.6564541832669,83.19,87.88,251,119,132
2431,2103401,78.673317535545,65.62,89.57,211,96,115
2432,2103831,70.0007272727273,91.37,33.33,220,139,81
2433,2104048,90.183125,84.91,94.92,224,106,118
2434,2105967,87.5471084337349,89.31,85.59,249,131,118
2435,2106116,73.4177215189873,65.44,84.16,237,136,101
2436,2107098,88.4017391304348,90.38,85.83,276,156,120
2437,2107303,89.3916734693878,91.03,86.52,245,156,89
2438,2107438,88.5171770334928,88.57,88.41,209,140,69
2439,2108163,88.2142857142857,89.87,86.07,280,158,122
2440,2108912,88.9697338403042,86.62,92.45,263,157,106
2441,2110542,90.7167857142857,93.29,87.79,280,149,131
2442,2111185,79.6701244813278,94.08,55.06,241,152,89
2443,2111382,94.2855357142857,95.76,92.17,280,165,115
2444,2111440,94.1203114186851,93.55,94.78,289,155,134
2445,2111468,94.2429496402878,95.54,92.56,278,157,121
2446,2111981,86.6428082191781,86.06,87.4,292,165,127
2447,2112206,88.2604270462633,89.38,86.78,281,160,121
2448,2113182,73.6247252747253,61.31,86.03,273,137,136
2449,2114462,75.9877952755905,89.66,57.8,254,145,109
2450,2114812,86.94,82.86,90,245,105,140
2451,2115639,90.7212714776632,91.39,90,291,151,140
2452,2115703,79.6928426395939,94.57,51.47,197,129,68
2453,2115835,81.4449484536082,82.08,80.68,194,106,88
2454,2117424,88.5910266159696,94.53,82.96,263,128,135
2455,2117582,85.4058798283262,87.25,83.97,233,102,131
2456,2118269,89.8076470588235,92.81,86.21,255,139,116
2457,2118913,84.7216666666667,84.31,85.09,216,102,114
2458,2119139,87.2356170212766,85.58,88.55,235,104,131
2459,2119778,74.3106880733945,88.11,48,218,143,75
2460,2121798,90.9389320388349,90.57,91.33,309,159,150
2461,2122416,78.1238671875,90.4,66.41,256,125,131
2462,2123294,76.6390163934426,67.27,84.33,244,110,134
2463,2123904,80.0008571428571,89.06,70.09,245,128,117
2464,2124868,75.4041935483871,65.83,84.38,248,120,128
2465,2125929,84.9390347490347,88.11,81.03,259,143,116
2466,2125973,71.1465217391304,75.19,66.94,253,129,124
2467,2126576,87.171320754717,93.85,80.74,265,130,135
2468,2128050,77.0870545454545,84.56,68.25,275,149,126
2469,2128612,87.3990551181102,87.61,87.23,254,113,141
2470,2128658,90.0034814814815,85.83,93.71,270,127,143
2471,2132132,89.0574339622642,90.74,87.9,265,108,157
2472,2132209,91.7633333333333,92.31,91.46,255,91,164
2473,2134171,86.2556488549618,90.83,82.39,262,120,142
2474,2135684,88.8901646090535,91.49,87.25,243,94,149
2475,2136669,77.2561802575107,61.73,85.53,233,81,152
2476,2138074,91.1803921568628,91.95,90.45,306,149,157
2477,2139460,74.4802083333333,74.47,74.49,192,94,98
2478,2139889,83.7533935018051,88.89,78.87,277,135,142
2479,2141212,87.060431372549,78.72,91.93,255,94,161
2480,2141387,87.2424691358025,86.44,88,243,118,125
2481,2141473,79.19984,87.12,70.34,250,132,118
2482,2141656,86.8077083333333,87.77,85.91,288,139,149
2483,2142028,87.9857950530035,85.48,89.94,283,124,159
2484,2142252,86.045,91.45,81.56,258,117,141
2485,2143393,86.6429963898917,83.09,90.07,277,136,141
2486,2143448,80.9682352941176,86.76,75.82,289,136,153
2487,2143499,77.4225,86.05,68.07,248,129,119
2488,2145089,72.5268681318681,82.61,55.22,182,115,67
2489,2145507,82.4261924686192,83.93,81.1,239,112,127
2490,2145657,83.8085714285714,89.36,79.31,210,94,116
2491,2146202,65.7916666666667,70.25,60.75,228,121,107
2492,2146342,80.8177142857143,77.68,83.46,245,112,133
2493,2147490,84.0171232876712,69.32,93.89,219,88,131
2494,2147773,88.8864,87.68,90.8,225,138,87
2495,2149269,76.7463255813953,76.6,76.86,215,94,121
2496,2149695,86.7007881773399,88.62,83.75,203,123,80
2497,2151263,63.335,68.89,57.78,180,90,90
2498,2152372,75.7733920704846,81.25,71.76,227,96,131
2499,2152442,76.8850471698113,78.82,75.59,212,85,127
2500,2152610,85.0466822429906,90.1,80.53,214,101,113
2501,2155582,85.0895175438596,81.65,88.24,228,109,119
2502,2156327,85.534132231405,86.11,85.07,242,108,134
2503,2157424,87.4512133891213,90.76,84.17,239,119,120
2504,2157938,85.870594795539,89.33,81.51,269,150,119
2505,2159782,87.0626923076923,87.23,86.9,286,141,145
2506,2159839,86.8916853932584,85.12,88.36,267,121,146
2507,2160945,53.5082894736842,38.46,69.37,228,117,111
2508,2161254,71.5815846994536,82.81,45.45,183,128,55
2509,2162057,67.3641422594142,55.75,77.78,239,113,126
2510,2167322,85.4014598540146,83.82,86.96,274,136,138
2511,2167363,80.9548717948718,70.54,88.2,273,112,161
2512,2168666,84.8872093023256,85.61,84.13,258,132,126
2513,2171203,83.3964664310954,80.99,85.82,283,142,141
2514,2172488,84.4964728682171,84.67,84.3,258,137,121
2515,2172760,68.1843181818182,87.42,42.48,264,151,113
2516,2174643,88.79636,85.71,91.6,250,119,131
2517,2175913,64.0870909090909,64.81,63.39,220,108,112
2518,2176132,83.1435632183908,90.21,74.58,261,143,118
2519,2176550,86.5848780487805,92.5,75.58,246,160,86
2520,2177489,80.6423790322581,82.24,79.43,248,107,141
2521,2177601,84.2544488188976,89.12,77.57,254,147,107
2522,2178130,87.4121678321678,94.97,77.95,286,159,127
2523,2178188,90.9054545454545,88.52,92.68,286,122,164
2524,2178363,87.8364864864865,83.33,91.27,222,96,126
2525,2178470,85.9949416342412,89.66,81.25,257,145,112
2526,2178689,82.2278397212544,81.88,82.55,287,138,149
2527,2179188,90.6922522522523,95.48,85.26,333,177,156
2528,2179196,84.7538565022422,94.23,62.69,223,156,67
2529,2180140,86.7980858085809,90.26,83.22,303,154,149
2530,2180171,83.1097297297297,87.06,77.78,296,170,126
2531,2180823,83.4493103448276,82.22,84.52,290,135,155
2532,2181578,89.0203529411765,88.03,89.86,255,117,138
2533,2183162,85.5097101449275,88.43,83.23,276,121,155
2534,2183548,60.5584860557769,85.42,27.1,251,144,107
2535,2184728,91.0072661870503,96.15,86.49,278,130,148
2536,2185419,85.7161538461539,90.27,82.5,273,113,160
2537,2185898,75.2197826086957,76.11,74.36,230,113,117
2538,2186660,85.0369708029197,87.6,83.01,274,121,153
2539,2186884,84.7819130434783,93.02,74.26,230,129,101
2540,2188580,79.5191164658635,88.7,71.64,249,115,134
2541,2189280,83.9502469135803,93.69,75.76,243,111,132
2542,2190130,77.8742477876106,74.78,81.08,226,115,111
2543,2190804,82.33140562249,78.74,86.07,249,127,122
2544,2191773,82.2224,83.72,80.21,225,129,96
2545,2191913,84.376015625,85.61,82.91,256,139,117
2546,2192359,66.8088655462185,75.54,54.55,238,139,99
2547,2192402,76.9857142857143,76.09,78.07,252,138,114
2548,2193088,86,87.2,84.8,250,125,125
2549,2193358,84.1168691588785,84.62,83.51,214,117,97
2550,2193946,82.6072608695652,81.3,84.11,230,123,107
2551,2194544,80.6276439790576,89.68,63.08,191,126,65
2552,2194870,87.6054545454545,90.91,83.64,242,132,110
2553,2195965,77.3340888888889,77.69,76.92,225,121,104
2554,2196577,77.859889298893,83.65,69.64,271,159,112
2555,2197411,81.7446058091286,86.43,75.25,241,140,101
2556,2200247,46.0609090909091,43.21,48.81,165,81,84
2557,2200425,58.6191133004926,63.93,50.62,203,122,81
2558,2206838,89.1568273092369,90.65,87.27,249,139,110
2559,2210800,81.4290952380952,77.23,85.32,210,101,109
2560,2210889,90.4968325791855,97.08,79.76,221,137,84
2561,2210934,88.7252450980392,93.04,83.15,204,115,89
2562,2211141,88.9731178707224,88.39,89.81,263,155,108
2563,2211688,73.8278125,81.82,65.32,256,132,124
2564,2212431,87.2847457627119,79.82,94.26,236,114,122
2565,2213414,78.9078125,80.15,77.5,256,136,120
2566,2213504,82.3514117647059,79.67,84.85,255,123,132
2567,2214487,79.3995278969957,84.77,69.51,233,151,82
2568,2214944,84.3385542168675,81.68,87.29,249,131,118
2569,2215083,79.421975308642,72.03,86.4,243,118,125
2570,2215520,80.7393333333333,87.95,69.23,270,166,104
2571,2216477,90.1085714285714,86.18,93.33,273,123,150
2572,2216724,90.5182568807339,88.69,92.45,327,168,159
2573,2216984,86.7301618122977,79.52,95.1,309,166,143
2574,2217247,87.2854639175258,90,83.97,291,160,131
2575,2217332,88.8890158730159,85.44,92.36,315,158,157
2576,2218760,89.9998181818182,83.66,95.48,330,153,177
2577,2219470,69.2007246376811,69.85,68.57,276,136,140
2578,2220684,86.4364745762712,86.36,86.52,295,154,141
2579,2220729,86.7798305084746,86.3,87.25,295,146,149
2580,2221640,91.5941176470588,91.3,92,238,138,100
2581,2221772,86.331875,85.11,87.83,256,141,115
2582,2223226,92.5398507462687,88.24,96.97,268,136,132
2583,2223510,68.6277777777778,77.65,57.35,153,85,68
2584,2226189,85.4029197080292,84.12,87.5,274,170,104
2585,2226503,88.3755813953488,89.73,86.61,258,146,112
2586,2227028,85.4348818897638,86.89,84.09,254,122,132
2587,2227471,82.7732535885168,80.41,84.82,209,97,112
2588,2228256,88.0257281553398,89.51,86.39,309,162,147
2589,2228422,83.2728,87.88,79.02,275,132,143
2590,2229641,83.0959712230216,83.08,83.11,278,130,148
2591,2230103,59.8339344262295,79.67,39.67,244,123,121
2592,2231851,78.7560621761658,80.22,77.45,193,91,102
2593,2232595,87.0340740740741,87.14,86.92,270,140,130
2594,2232716,83.9838078291815,87.14,80.85,281,140,141
2595,2232842,78.6746323529412,78.01,79.39,272,141,131
2596,2233039,83.9088505747126,80.33,87.05,261,122,139
2597,2234646,83.5715,77.78,88.31,280,126,154
2598,2235758,90.1276543209877,85.61,95.5,243,132,111
2599,2236237,84.5146017699115,86.07,82.69,226,122,104
2600,2237906,78.0393457943925,82.31,71.43,214,130,84
2601,2238408,82.2080508474576,84.62,79.25,236,130,106
2602,2239148,48.1012658227848,45,50,158,60,98
2603,2239155,69.3808133971292,84.67,30.51,209,150,59
2604,2239974,64.7369473684211,83.87,28.79,190,124,66
2605,2240532,76.377874015748,78.57,74.22,254,126,128
2606,2240749,80.3894117647059,76.25,83.06,204,80,124
2607,2241341,81.8960775862069,85.47,78.26,232,117,115
2608,2241879,91.3557894736842,95.04,87.2,266,141,125
2609,2243631,81.915,88.44,74.81,282,147,135
2610,2243816,82.2438043478261,81.51,82.8,276,119,157
2611,2245054,82.0909701492537,82.61,81.54,268,138,130
2612,2245089,83.6051803278689,83.66,83.55,305,153,152
2613,2245161,69.7921875,84.35,48.05,192,115,77
2614,2245592,83.4503103448276,79.07,86.96,290,129,161
2615,2246398,81.626183745583,78.83,84.25,283,137,146
2616,2246960,72.629598540146,72.52,72.73,274,131,143
2617,2247658,86.6030841121495,82.31,90.23,321,147,174
2618,2250234,82.3276315789474,79.84,84.67,266,129,137
2619,2250601,84.0660557768924,88.62,79.69,251,123,128
2620,2250884,89.6952671755725,85.98,92.26,262,107,155
2621,2251013,82.7586973180076,82.03,83.46,261,128,133
2622,2251222,87.9145787545788,96.8,80.41,273,125,148
2623,2252687,87.5008333333333,86.71,88.17,312,143,169
2624,2253950,81.549852398524,72.41,88.39,271,116,155
2625,2254982,86.1573702422145,78.4,92.07,289,125,164
2626,2256045,83.4787826086957,77.88,88.1,230,104,126
2627,2256798,83.1573333333333,85.07,81.46,285,134,151
2628,2256819,83.3311538461538,76.76,88.82,312,142,170
2629,2256996,82.5925938566553,75.59,87.95,293,127,166
2630,2257592,77.5875517241379,66.39,85.38,290,119,171
2631,2257725,88.6247157190635,85.71,90.96,299,133,166
2632,2257893,87.0973548387097,83.33,90.12,310,138,172
2633,2258187,74.528679245283,63.89,80,212,72,140
2634,2260136,80.8915447154472,77.06,83.94,246,109,137
2635,2260713,77.0286036036036,80.87,72.9,222,115,107
2636,2261099,89.9618959107807,89.43,90.41,269,123,146
2637,2261203,82.9357142857143,74.36,86.78,252,78,174
2638,2261359,51.3740366972477,69.09,33.33,218,110,108
2639,2261517,82.7188065843621,86.21,79.53,243,116,127
2640,2262708,77.9516535433071,73.68,81.43,254,114,140
2641,2262756,76.4471900826446,81.45,71.19,242,124,118
2642,2265236,87.8769696969697,88.46,87.16,330,182,148
2643,2265707,64.7937453183521,72.66,57.55,267,128,139
2644,2265943,85.6718691588785,85.98,85.35,321,164,157
2645,2266171,83.8464948453608,79.07,87.65,291,129,162
2646,2266661,46.1817275747508,47.3,45.1,301,148,153
2647,2270121,88.6107473309608,90,87.02,281,150,131
2648,2270542,79.8405928853755,74.53,83.67,253,106,147
2649,2270903,85.2578486055777,83.64,86.52,251,110,141
2650,2271109,88.6698046875,92.7,84.03,256,137,119
2651,2274612,75.0995180722892,68.42,80.74,249,114,135
2652,2274635,73.0946987951807,72.06,74.34,249,136,113
2653,2275531,58.9749572649573,50.85,67.24,234,118,116
2654,2276019,88.3555421686747,85.37,91.27,249,123,126
2655,2276503,84.6766666666667,80.69,89.66,261,145,116
2656,2276601,91.8418884120172,92.37,91.3,233,118,115
2657,2276650,79.2653917050691,84.06,70.89,217,138,79
2658,2276982,81.6944642857143,83.33,79.07,224,138,86
2659,2279200,85.4953816793893,84.67,86.4,262,137,125
2660,2279239,81.206134751773,78.95,83.22,282,133,149
2661,2279288,82.6752346570397,76.32,87.12,277,114,163
2662,2279302,73.9725570776256,60.81,80.69,219,74,145
2663,2279313,82.0161870503597,77.05,85.9,278,122,156
2664,2280162,78.3110441767068,73.45,82.35,249,113,136
2665,2281297,84.0485214007782,82.91,85,257,117,140
2666,2281381,86.6689019607843,85.92,87.61,255,142,113
2667,2282393,87.2207142857143,82.11,90.06,266,95,171
2668,2283338,89.7679207920792,89.86,89.68,303,148,155
2669,2283858,87.7393486590038,88.51,86.73,261,148,113
2670,2284399,80.9664179104478,83.33,79.05,268,120,148
2671,2284426,75.6655893536122,86.62,62.81,263,142,121
2672,2284522,82.3759712230216,81.62,83.1,278,136,142
2673,2285597,82.7825496688742,86.67,79.64,302,135,167
2674,2286679,82.6870671378092,80.92,84.21,283,131,152
2675,2287209,87.5483773584906,89.44,84.62,265,161,104
2676,2287247,86.331171875,91.34,81.4,256,127,129
2677,2288165,80.9330508474576,83.04,79.03,236,112,124
2678,2288858,81.4053719008264,87.5,72.45,242,144,98
2679,2289084,89.1677256317689,91.5,86.29,277,153,124
2680,2289115,87.8809090909091,88.89,86.67,297,162,135
2681,2289183,88.5222950819672,90.41,85.71,244,146,98
2682,2290857,88.7193984962406,89.84,87.68,266,128,138
2683,2291279,84.6173846153846,78.76,89.12,260,113,147
2684,2291621,90.6511214953271,92.81,88.31,321,167,154
2685,2292054,90.6544548286604,89.22,92.21,321,167,154
2686,2293994,82.7790909090909,69.74,90.23,209,76,133
2687,2294399,76.1224567474048,75.71,76.51,289,140,149
2688,2299426,83.0076447876448,83.33,82.64,259,138,121
2689,2300102,84.3605349794239,86.29,82.35,243,124,119
2690,2300258,83.4561764705882,76.92,89.44,272,130,142
2691,2300562,81.9299196787149,86.43,76.15,249,140,109
2692,2300632,82.3517647058823,81.82,82.95,187,99,88
2693,2300646,86.4793442622951,80.56,91.18,244,108,136
2694,2301245,79.1645833333333,73.77,82.24,168,61,107
2695,2302933,78.8463461538462,77.45,80.19,208,102,106
2696,2303487,83.33275,88.11,76.29,240,143,97
2697,2304333,86.4374418604651,85.37,87.41,258,123,135
2698,2307561,89.666,89.09,90.37,300,165,135
2699,2308357,78.4841772151899,73.08,82.71,237,104,133
2700,2309463,84.015092936803,87.5,77.42,269,176,93
2701,2309576,80.0846473029046,78.4,81.9,241,125,116
2702,2310008,90.9384789644013,91.61,90.36,309,143,166
2703,2310130,85.93796875,83.02,88,256,106,150
2704,2310677,46.19,27.97,64.41,236,118,118
2705,2312815,91.1155263157895,89.1,93.24,304,156,148
2706,2313313,86.6232107023411,86.11,87.1,299,144,155
2707,2313790,81.9566666666667,81.03,82.73,255,116,139
2708,2315149,63.6739591836735,53.85,70.92,245,104,141
2709,2315496,75.9903225806452,68.6,81.65,279,121,158
2710,2316005,89.4374647887324,86.11,92.86,284,144,140
2711,2316219,70.3051528384279,82.52,60.32,229,103,126
2712,2316230,81.7448015873016,80.58,82.55,252,103,149
2713,2316386,80.5576388888889,82.93,77.42,216,123,93
2714,2316644,87.5010897435897,88.32,86.86,312,137,175
2715,2316992,86.2866555183946,84.89,87.5,299,139,160
2716,2317055,87.9143333333333,91.51,85.07,240,106,134
2717,2317311,58.513231441048,22.43,90.16,229,107,122
2718,2317776,86.4966423357664,88.37,84.83,274,129,145
2719,2319188,66.059185520362,81.03,49.52,221,116,105
2720,2319612,84.8344262295082,86.46,83.78,244,96,148
2721,2319906,89.8828793774319,85.45,93.2,257,110,147
2722,2320319,86.669,81.72,89.8,240,93,147
2723,2321290,82.2214074074074,80.51,83.55,270,118,152
2724,2321398,83.1326506024096,75.27,87.82,249,93,156
2725,2321435,85.5924576271186,87.69,83.02,236,130,106
2726,2321619,15.4597368421053,20.69,10.69,304,145,159
2727,2323039,89.0663157894737,89.74,88.46,247,117,130
2728,2324206,88.6288235294118,85.09,91.49,255,114,141
2729,2324503,87.9821459227468,82,92.48,233,100,133
2730,2324881,85.6443540669857,80.23,89.43,209,86,123
2731,2326510,81.3102803738318,76.6,85,214,94,120
2732,2327171,84.4425333333333,77.38,88.65,225,84,141
2733,2328030,66.9655357142857,58.88,74.36,224,107,117
2734,2332893,94.6818439716312,91.34,97.42,282,127,155
2735,2333113,89.3447422680412,86.52,92,291,141,150
2736,2334026,82.5422909090909,86.79,76.72,275,159,116
2737,2334383,87.0629020979021,87.94,86.21,286,141,145
2738,2335213,88.3311666666667,83.87,93.1,300,155,145
2739,2335521,83.6404545454545,82.46,84.91,220,114,106
2740,2335870,24.3717921146953,22.83,25.66,279,127,152
2741,2336127,75.3209090909091,65.71,83.33,231,105,126
2742,2336348,88.8885663082437,92.09,85.71,279,139,140
2743,2337182,91.3335740072202,97.14,85.4,277,140,137
2744,2338566,86.16,79.59,91.27,224,98,126
2745,2338816,60.5623943661972,47.06,72.97,213,102,111
2746,2338893,69.1190196078431,58.24,77.88,204,91,113
2747,2339007,86.8710810810811,91.87,82.35,259,123,136
2748,2339056,92.4232954545455,90.7,94.07,264,129,135
2749,2339857,84.3126666666667,77.31,90.44,255,119,136
2750,2340180,78.3291666666667,73.33,81.9,180,75,105
2751,2340422,67.73,38.75,84.29,220,80,140
2752,2341529,60.811981981982,80.33,37,222,122,100
2753,2342323,85.9209025270758,89.31,82.88,277,131,146
2754,2343877,75.0006862745098,83.9,62.79,204,118,86
2755,2343980,74.7754054054054,87.12,56.67,222,132,90
2756,2344407,69.9363803680982,69.41,70.51,163,85,78
2757,2346842,79.8541007194245,87.68,72.14,278,138,140
2758,2346940,79.8594346289753,80,79.74,283,130,153
2759,2347968,81.0614772727273,85.27,77.04,264,129,135
2760,2348756,55.32,60.64,50,188,94,94
2761,2349137,72.4163054187192,80.91,62.37,203,110,93
2762,2349375,72.2237777777778,78.99,65.15,270,138,132
2763,2349693,82.9254006968641,93.48,73.15,287,138,149
2764,2349956,82.0598091603053,80.53,83.22,262,113,149
2765,2350249,77.9494488188976,84.48,72.46,254,116,138
2766,2350375,77.4346692607004,81.58,74.13,257,114,143
2767,2351699,85.3378195488722,86.76,83.85,266,136,130
2768,2352839,87.1558333333333,85.9,88.64,288,156,132
2769,2353702,75.1135483870968,73.33,77.32,217,120,97
2770,2354247,74.9016470588235,77.27,72.36,255,132,123
2771,2354433,77.5596850393701,84.78,68.97,254,138,116
2772,2354609,82.5404761904762,83.58,81.36,252,134,118
2773,2354638,79.5459090909091,88.46,66.67,220,130,90
2774,2354707,82.9628148148148,86.33,79.39,270,139,131
2775,2355095,79.83,82.03,77.27,238,128,110
2776,2355534,89.5310469314079,89.94,88.98,277,159,118
2777,2355884,73.2563565891473,62.73,81.08,258,110,148
2778,2355967,81.0890181818182,82.44,79.86,275,131,144
2779,2358373,83.8481786941581,87.67,80,291,146,145
2780,2359437,71.4778873239437,72.79,70.07,284,147,137
2781,2359654,82.0901492537313,86,77.12,268,150,118
2782,2364770,78.9444939271255,79.66,78.29,247,118,129
2783,2367002,78.647615658363,82.14,75.18,281,140,141
2784,2367341,80.3846153846154,79,81.25,260,100,160
2785,2370410,71.9665271966527,54.65,81.7,239,86,153
2786,2371490,83.4653846153846,89.29,76.67,260,140,120
2787,2373582,81.4800673400674,86.76,77.02,297,136,161
2788,2374606,83.8050476190476,71.15,87.97,210,52,158
2789,2374712,70.1128413284133,74.42,66.2,271,129,142
2790,2375908,86.2743529411765,82.29,88.68,255,96,159
2791,2377191,70.8352380952381,63.24,76,168,68,100
2792,2378859,83.9026341463415,77.88,91.3,205,113,92
2793,2379054,87.7921122112211,89.73,85.99,303,146,157
2794,2379219,84.9999285714286,79.43,90.65,280,141,139
2795,2381769,91.0048096885813,89.31,92.41,289,131,158
2796,2382708,93.1566539923954,92.24,93.88,263,116,147
2797,2383635,90.804367816092,88.06,93.7,261,134,127
2798,2385227,88.0503187250996,88.67,87.13,251,150,101
2799,2386645,90.4769597069597,93.67,86.09,273,158,115
2800,2390674,87.4515129151292,91.91,82.96,271,136,135
2801,2391188,88.6557446808511,84.06,93.06,282,138,144
2802,2391565,66.6676271186441,72.63,59.76,177,95,82
2803,2392302,90.1245064377682,83.67,94.81,233,98,135
2804,2394843,81.7119844357977,90.77,72.44,257,130,127
2805,2396040,86.8477508650519,87.16,86.52,289,148,141
2806,2396048,63.1593684210526,60.14,66.2,285,143,142
2807,2397011,85.0239130434783,81.48,88.89,207,108,99
2808,2397399,81.7334615384615,78.67,84.57,312,150,162
2809,2400726,69.0568609865471,77.6,58.16,223,125,98
2810,2401218,80.5964179104478,75.78,85,268,128,140
2811,2401917,80.0005882352941,73.33,85.93,255,120,135
2812,2402387,68.9382127659574,76.64,62.5,235,107,128
2813,2402514,88.9308396946565,87.5,90.14,262,120,142
2814,2402993,68.888,79.26,53.33,225,135,90
2815,2403027,54.0551351351351,75.4,26.04,222,126,96
2816,2403971,82.4265690376569,87.05,76,239,139,100
2817,2404433,83.6390909090909,83.45,83.85,275,145,130
2818,2406741,85.6641958041958,84.06,87.16,286,138,148
2819,2407123,79.759126984127,86.3,70.75,252,146,106
2820,2408144,85.9050220264317,82.8,88.06,227,93,134
2821,2408854,83.5661538461538,83.64,83.52,286,110,176
2822,2408915,78.4604615384615,80.19,77.27,260,106,154
2823,2409014,76.7159541984733,78.81,75,262,118,144
2824,2409183,83.7881467181467,84.62,83.23,259,104,155
2825,2409219,87.0154736842105,88.89,85.71,285,117,168
2826,2411344,87.732156133829,88.67,86.55,269,150,119
2827,2411953,89.5884014869888,89.36,89.84,269,141,128
2828,2412616,65.9574468085106,63.08,69.52,235,130,105
2829,2417554,77.9660169491525,59.79,90.65,236,97,139
2830,2419427,84.6132905982906,87.39,81.74,234,119,115
2831,2420860,74.0870909090909,77.19,70.75,220,114,106
2832,2421851,79.4581081081081,72.22,84.07,185,72,113
2833,2421979,88.5839726027397,85.87,90.55,219,92,127
2834,2422668,88.8423605150214,95.1,83.97,233,102,131
2835,2422999,80.2626315789474,75,84.09,228,96,132
2836,2423932,86.8620338983051,81.82,89.86,236,88,148
2837,2424329,81.9798198198198,75.79,86.61,222,95,127
2838,2424867,84.3952836879433,84,84.71,282,125,157
2839,2424978,83.634,78.51,87.66,275,121,154
2840,2425283,82.8510218978102,77.88,86.34,274,113,161
2841,2425450,84.1626696832579,85.27,82.61,221,129,92
2842,2425831,82.3323674911661,78.26,85.12,283,115,168
2843,2426660,4.73532544378698,5.99,3.51,338,167,171
2844,2426668,5.10648648648649,5.52,4.71,333,163,170
2845,2427990,89.8982084690554,92.41,87.65,307,145,162
2846,2428164,83.2747213114754,80.31,85.39,305,127,178
2847,2429516,60.4169166666667,41.28,76.34,240,109,131
2848,2430550,89.9967931034483,92.98,85.71,290,171,119
2849,2430888,83.9832467532468,79.51,88.99,231,122,109
2850,2430965,82.6073517786561,86.11,77.98,253,144,109
2851,2431240,85.0827118644068,90.62,78.52,295,160,135
2852,2434047,62.4035658914729,87.42,27.1,258,151,107
2853,2434087,77.9292413793104,78.43,77.37,290,153,137
2854,2434433,75.8459745762712,54.02,88.59,236,87,149
2855,2435773,79.5084016393443,81.2,77.95,244,117,127
2856,2435832,76.5947659574468,73.47,78.83,235,98,137
2857,2437322,70.6162559241706,74.17,65.93,211,120,91
2858,2438358,83.7411382113821,86.6,81.88,246,97,149
2859,2438770,84.0964435146444,88.39,80.31,239,112,127
2860,2439575,54.4033678756477,38.37,67.29,193,86,107
2861,2439726,53.7603225806452,41.11,65.62,186,90,96
2862,2440080,71.8094273127753,72.82,70.97,227,103,124
2863,2440544,63.4719634703196,48.94,74.4,219,94,125
2864,2441633,84.9356485355649,89.36,78.57,239,141,98
2865,2442469,79.9255018587361,93.24,63.64,269,148,121
2866,2442879,80.8447727272727,83.87,77.78,308,155,153
2867,2443258,84.5382236842105,89.4,79.74,304,151,153
2868,2444829,64.1738582677165,73.6,55.04,254,125,129
2869,2445690,89.962214532872,95.1,84.93,289,143,146
2870,2445746,80.8020535714286,88.65,67.47,224,141,83
2871,2446175,86.9974,88.34,85.4,300,163,137
2872,2447577,87.6130211480362,91.07,84.05,331,168,163
2873,2447958,81.1317358490566,79.1,83.21,265,134,131
2874,2448131,89.6412350597609,88.49,91.07,251,139,112
2875,2448697,87.0954838709677,91.07,81.08,279,168,111
2876,2449686,88.4798765432099,87.13,89.44,243,101,142
2877,2449964,83.5582191780822,83.33,83.82,292,156,136
2878,2450127,82.6755905511811,87.5,76.36,254,144,110
2879,2450272,73.6800809716599,57.94,85.71,247,107,140
2880,2451042,77.1835741444867,89.33,61.06,263,150,113
2881,2453563,76.062277992278,69.11,82.35,259,123,136
2882,2453777,80.2727891156462,74.22,84.94,294,128,166
2883,2454401,75.5500873362445,84.75,65.77,229,118,111
2884,2454509,77.1323208191126,90.97,61.59,293,155,138
2885,2455188,85.8941025641026,87.24,83.62,312,196,116
2886,2456221,66.8191588785047,82.39,36.11,214,142,72
2887,2456913,77.4591111111111,66.23,88.2,315,154,161
2888,2457008,69.2694634146342,51.4,88.78,205,107,98
2889,2458261,81.7323076923077,77.38,86.81,312,168,144
2890,2459927,71.1878389830509,81.7,51.81,236,153,83
2891,2460259,77.8122188449848,83.72,71.34,329,172,157
2892,2461774,82.6286170212766,94.48,61.39,282,181,101
2893,2461926,77.3994520547945,87.35,64.29,292,166,126
2894,2462050,78.3059322033898,74.07,81.88,295,135,160
2895,2463334,81.88,83.33,80.43,276,138,138
2896,2463808,77.2449655172414,79.61,74.64,290,152,138
2897,2465930,84.077,84.5,83.69,270,129,141
2898,2466860,59.8875,66.2,55.45,172,71,101
2899,2466866,43.3764457831325,53.09,34.12,166,81,85
2900,2467879,70.4520454545455,59.29,82.24,220,113,107
2901,2467930,64.6551724137931,41.67,80.88,232,96,136
2902,2468980,81.9618431372549,80.45,83.61,255,133,122
2903,2470266,72.0651417004049,70.42,74.29,247,142,105
2904,2470292,66.6660606060606,69.08,63.39,264,152,112
2905,2471253,85.8626501766784,84.31,87.69,283,153,130
2906,2473425,80.7143571428571,81.05,80.31,280,153,127
2907,2473480,80.6947104247104,80.13,81.55,259,156,103
2908,2474489,83.4,92.52,71.43,259,147,112
2909,2475132,82.1126422764228,85.6,78.51,246,125,121
2910,2475462,86.0121678321678,84.35,87.77,286,147,139
2911,2475790,84.9468100358423,81.34,88.28,279,134,145
2912,2476917,86.810989010989,81.3,91.33,273,123,150
2913,2476979,85.5085507246377,86.43,84.56,276,140,136
2914,2476985,85.6110071942446,84.03,87.31,278,144,134
2915,2477037,89.4348943661972,91.72,86.61,284,157,127
2916,2477760,67.7148031496063,72.22,63.28,254,126,128
2917,2478429,86.2342391304348,88.15,84.4,276,135,141
2918,2479752,60.1091803278688,60.87,59.34,183,92,91
2919,2480712,66.3136524822695,46.28,81.37,282,121,161
2920,2482723,74.8065503875969,84.14,62.83,258,145,113
2921,2482940,82.0948034934498,83.19,80.91,229,119,110
2922,2483204,73.4237837837838,71.88,74.6,222,96,126
2923,2484241,80.7674615384615,83.72,77.86,260,129,131
2924,2485024,81.0540350877193,85.14,76.64,285,148,137
2925,2485142,74.1830327868852,84.21,67.79,244,95,149
2926,2485158,82.7715355805243,88.14,78.52,267,118,149
2927,2485298,84.1529929577465,83.47,84.66,284,121,163
2928,2488410,65.9942914979757,73.96,60.93,247,96,151
2929,2489420,81.2509210526316,87.59,75.47,304,145,159
2930,2489748,73.1253741496599,69.01,76.97,294,142,152
2931,2489927,70.4061224489796,73.75,68.1,196,80,116
2932,2491678,78.7680821917808,87.04,68.46,292,162,130
2933,2493473,82.5785017421603,83.45,81.76,287,139,148
2934,2493571,85.764406779661,85.92,85.62,295,142,153
2935,2494034,82.3556209150327,88.28,77.02,306,145,161
2936,2495028,82.471525974026,83.01,81.94,308,153,155
2937,2496529,72.0326694915254,73.5,70.59,236,117,119
2938,2500635,84.3547328244275,86.07,82.86,262,122,140
2939,2501743,79.9993103448276,81.7,78.1,290,153,137
2940,2501796,78.6872131147541,80.77,77.14,244,104,140
2941,2502350,78.8595637583893,81.44,75.57,298,167,131
2942,2502561,85.0834285714286,84.8,85.42,315,171,144
2943,2505014,84.1640175953079,80.13,87.37,341,151,190
2944,2505318,69.7309195402299,73.19,65.85,261,138,123
2945,2508531,83.8574063400576,81.91,86.16,347,188,159
2946,2509004,79.8114102564103,77.33,82.86,312,172,140
2947,2509257,3.68702549575071,1.04,6.88,353,193,160
2948,2510078,80.77,83.52,76.92,312,182,130
2949,2511914,81.4934328358209,79.41,83.64,335,170,165
2950,2513458,78.7564705882353,70.48,88.57,306,166,140
2951,2514402,90.5086075949367,92.17,88.67,316,166,150
2952,2515287,89.4889808917197,92.57,85.61,314,175,139
2953,2515860,86.0782278481013,87.5,84.62,316,160,156
2954,2516715,89.2460465116279,90.34,88.1,344,176,168
2955,2517021,75.5895652173913,63.85,84.62,299,130,169
2956,2517207,85.2195911949686,87.42,83.23,318,151,167
2957,2517553,87.6498823529412,91.57,83.91,340,166,174
2958,2518119,72.8455603448276,80.58,66.67,232,103,129
2959,2518766,79.5516356877323,77.27,81.75,269,132,137
2960,2519956,76.2101115241636,81.88,69.17,269,149,120
2961,2520341,77.9228571428571,87.16,69.67,231,109,122
2962,2521484,67.1059649122807,74,61.72,228,100,128
2963,2523381,68.9754744525547,85.8,44.64,274,162,112
2964,2524061,90.97,93.79,87.68,299,161,138
2965,2524314,88.0565187713311,94.12,81.43,293,153,140
2966,2525989,77.1921052631579,74.77,79.49,228,111,117
2967,2527920,81.0280632411067,81.62,80.34,253,136,117
2968,2528271,82.5403571428571,86.18,79.07,252,123,129
2969,2528528,85.770243902439,87.68,83.33,246,138,108
2970,2529985,83.5004,91.67,73.91,200,108,92
2971,2530160,81.99725,83.54,80.99,200,79,121
2972,2530492,87.1537614678899,89.72,84.68,218,107,111
2973,2530528,86.1773170731707,86.11,86.23,246,108,138
2974,2530811,82.0997816593886,79.21,84.38,229,101,128
2975,2530877,78.1668995633188,81.98,74.58,229,111,118
2976,2534224,83.0476124567474,84.25,81.82,289,146,143
2977,2534244,80.6201550387597,81.25,80,258,128,130
2978,2534415,83.1225316455696,92.2,69.79,237,141,96
2979,2536423,85.4736486486486,87.58,83.22,296,153,143
2980,2536464,71.4326728110599,80.17,60.42,217,121,96
2981,2537833,62.79772,84.67,36.28,250,137,113
2982,2538228,84.7320610687023,84,85.4,262,125,137
2983,2538502,81.7911258278146,84.34,78.68,302,166,136
2984,2538771,89.5323104693141,90.15,88.97,277,132,145
2985,2539206,76.6326168224299,76.42,76.92,214,123,91
2986,2539673,84.5185774058578,86.72,81.98,239,128,111
2987,2541132,79.4506324110672,70.97,84.38,253,93,160
2988,2541176,68.3713418530351,60.76,76.13,313,158,155
2989,2541217,82.3505882352941,83.33,81.08,340,192,148
2990,2541317,87.9457352941176,89.39,86.34,340,179,161
2991,2541509,88.5891275167785,90.73,86.39,298,151,147
2992,2541769,86.4240397350993,86.34,86.52,302,161,141
2993,2543485,71.1837288135593,82.91,57.66,295,158,137
2994,2544661,88.1245625,83.96,93.98,320,187,133
2995,2545083,80.3468275862069,90.45,64.29,290,178,112
2996,2546160,69.0364435146443,61.82,75.19,239,110,129
2997,2546166,64.69,54.55,76.52,286,154,132
2998,2546205,73.3069256756757,73.58,72.99,296,159,137
2999,2547378,81.87796875,82.46,81.21,320,171,149
3000,2549161,83.6052459016393,83.53,83.7,305,170,135
3001,2550395,83.8328195488722,83.76,83.89,266,117,149
3002,2550651,66.0518450184502,64.39,67.63,271,132,139
3003,2550729,76.94984375,83.06,71.21,256,124,132
3004,2551892,78.7886363636364,77.14,80.65,264,140,124
3005,2552243,81.3674144486692,85.81,75.65,263,148,115
3006,2552844,76.1493723849372,80.8,71.05,239,125,114
3007,2552859,85.1488181818182,86.5,83.83,330,163,167
3008,2554057,85.4576595744681,87.33,83.33,282,150,132
3009,2555885,79.6190127388535,85.38,72.73,314,171,143
3010,2555964,88.0823837209302,91.91,84.21,344,173,171
3011,2556010,86.2151282051282,88.12,84.21,312,160,152
3012,2556208,65.667,64.83,66.45,300,145,155
3013,2556646,83.2139160839161,83.33,83.13,286,120,166
3014,2556776,86.9892565055762,86.49,87.34,269,111,158
3015,2557817,86.1603806228374,89.15,83.75,289,129,160
3016,2558153,77.3231970260223,73.53,79.64,269,102,167
3017,2559557,73.8579411764706,68.89,77.78,306,135,171
3018,2559655,74.5828762541806,80.14,69.28,299,146,153
3019,2559916,71.3267025089606,83.45,59.29,279,139,140
3020,2560044,80.0743233082707,81.02,79.07,266,137,129
3021,2560112,72.7276223776224,80.99,64.58,286,142,144
3022,2561639,84.3198257839721,84.77,83.82,287,151,136
3023,2561853,85.0362992125984,83.33,87.27,254,144,110
3024,2562668,75.2129914529915,55.67,89.05,234,97,137
3025,2563504,61.8878475336323,62.3,61.39,223,122,101
3026,2563687,83.722015503876,82.81,84.62,258,128,130
3027,2565103,90.5797463768116,88.49,92.7,276,139,137
3028,2566178,75.2889189189189,75.45,75.17,259,110,149
3029,2566417,72.4720647773279,68.87,75.18,247,106,141
3030,2568674,77.7383576642336,84.62,72.61,274,117,157
3031,2568967,80.498755186722,78.16,81.82,241,87,154
3032,2569252,83.7566560509554,89.31,78.06,314,159,155
3033,2569313,82.9937246963563,81.45,84.55,247,124,123
3034,2569409,81.3850364963504,79.51,82.89,274,122,152
3035,2569491,76.1536654804271,74.8,77.27,281,127,154
3036,2569543,89.3187833827893,87.35,91.23,337,166,171
3037,2570155,69.13984375,85.03,47.71,256,147,109
3038,2570334,82.2095017793594,78.69,84.91,281,122,159
3039,2570488,85.4712837837838,88.55,81.54,296,166,130
3040,2570912,55.2741818181818,88.28,18.46,275,145,130
3041,2571112,83.5317647058824,82.73,84.14,255,110,145
3042,2571333,64.9284375,90.37,42.48,288,135,153
3043,2571359,79.2724,93.25,58.93,275,163,112
3044,2572440,88.5333333333333,89.68,87.1,279,155,124
3045,2573587,79.4145588235294,80.33,78.67,272,122,150
3046,2575168,49.0800732600733,46.32,51.82,273,136,137
3047,2577136,81.7607817589576,79.86,83.44,307,144,163
3048,2577295,81.9464981949458,82.39,81.48,277,142,135
3049,2577592,83.4984466019417,81.55,85.82,309,168,141
3050,2577776,72.4889962825279,81.01,60.36,269,158,111
3051,2578514,85.0977814569536,90.21,80.5,302,143,159
3052,2578687,78.568843537415,73.72,82.8,294,137,157
3053,2579623,83.9509364548495,78.63,88.1,299,131,168
3054,2580967,76.5584981684982,75,77.71,273,116,157
3055,2581245,77.4871428571429,74.04,80.31,231,104,127
3056,2581842,78.3794594594595,80.45,76.69,296,133,163
3057,2582295,77.1730797101449,78.83,75.54,276,137,139
3058,2582341,76.4320382165605,71.94,80,314,139,175
3059,2582375,79.5119266055046,78.95,80,327,152,175
3060,2582897,70.9394871794872,59.77,77.55,234,87,147
3061,2582907,76.7722834645669,69.9,81.46,254,103,151
3062,2584655,77.0121455938697,78.57,74.77,261,154,107
3063,2585164,82.9506885245902,79.41,85.8,305,136,169
3064,2585907,81.789537037037,86.44,76.19,324,177,147
3065,2585992,79.4959621451104,81.55,77.18,317,168,149
3066,2586370,77.777614379085,82.82,72.03,306,163,143
3067,2586404,77.0635779816514,79.53,74.36,327,171,156
3068,2588514,78.3591044776119,81.82,75,268,132,136
3069,2588764,78.22963099631,74.65,82.17,271,142,129
3070,2588865,89.426163141994,90.48,88.34,331,168,163
3071,2588998,87.3678839590444,89.58,85.23,293,144,149
3072,2589143,83.219897260274,87.1,78.83,292,155,137
3073,2589563,76.6888513513513,68.66,83.33,296,134,162
3074,2589626,80.8227397260274,89.57,69.77,292,163,129
3075,2589915,82.7027848101266,82.8,82.64,237,93,144
3076,2590279,83.6394545454545,82.71,84.51,275,133,142
3077,2590635,40.1589961389961,40.5,39.86,259,121,138
3078,2590672,75.8120216606498,84.93,65.65,277,146,131
3079,2591862,29.4929830508475,30.38,28.47,295,158,137
3080,2592751,86.9560869565217,91.61,82.69,299,143,156
3081,2596445,82.926968641115,89.47,75.56,287,152,135
3082,2597927,83.8270297029703,84.78,83.03,303,138,165
3083,2598161,81.0812612612613,77.42,82.5,222,62,160
3084,2599079,85.6159931506849,80.31,89.7,292,127,165
3085,2600452,84.5887969924812,88.71,80.99,266,124,142
3086,2600953,84.5602941176471,92.7,76.3,272,137,135
3087,2601320,84.1330258302583,80.15,87.86,271,131,140
3088,2601461,82.9186832740213,79.03,85.99,281,124,157
3089,2603901,86.79836,86.24,87.23,250,109,141
3090,2604036,82.115,81.02,83.21,274,137,137
3091,2604243,69.105445026178,62.24,76.34,191,98,93
3092,2604346,83.4467586206896,85.06,81.62,290,154,136
3093,2607183,77.9460076045628,87.01,65.14,263,154,109
3094,2607604,73.3720123839009,77.27,69.82,323,154,169
3095,2608046,71.1384552845528,73.39,68.85,246,124,122
3096,2608105,78.5935785953177,81.38,75.97,299,145,154
3097,2609759,77.9921621621622,84.47,67.35,259,161,98
3098,2610184,80.3981395348837,83.8,77.36,301,142,159
3099,2610341,73.2551162790698,85.16,55.34,258,155,103
3100,2610362,80.7092913385827,85,75.44,254,140,114
3101,2610682,87.6719863013699,92.36,82.22,292,157,135
3102,2611452,78.8252768729642,89.44,67.12,307,161,146
3103,2612022,35.8284251968504,9.68,60.77,254,124,130
3104,2612743,64.1310869565217,82.28,39.83,276,158,118
3105,2613263,89.061875,95.27,83.72,320,148,172
3106,2613423,83.6412345679012,90.54,77.84,324,148,176
3107,2613658,79.0754891304348,81.82,76.24,368,187,181
3108,2614634,71.9080898876404,69.88,73.68,356,166,190
3109,2614917,75.314375,80.23,69.23,320,177,143
3110,2615594,81.3437614678899,84.03,79.23,327,144,183
3111,2619459,77.2227758007117,89.1,62.4,281,156,125
3112,2620625,83.7677272727273,89.8,78.26,308,147,161
3113,2620790,80.5480243161094,79.01,82.04,329,162,167
3114,2622805,89.49,97.45,81.53,314,157,157
3115,2623108,82.4403571428571,81.01,83.71,336,158,178
3116,2623347,84.6918566775244,76.92,90.4,307,130,177
3117,2628468,85.9743597560976,85.99,85.96,328,157,171
3118,2628499,84.8383225806452,84.71,84.97,310,157,153
3119,2629957,71.0091596638655,74.47,68.75,238,94,144
3120,2632313,84.6383333333333,90.78,79.39,306,141,165
3121,2637891,79.6548275862069,83.33,76.03,290,144,146
3122,2638246,77.3978082191781,91.3,64.94,292,138,154
3123,2641865,80.5751592356688,86.3,75.6,314,146,168
3124,2644257,80.666468401487,89.36,71.09,269,141,128
3125,2644380,84.3195818815331,92.54,77.12,287,134,153
3126,2645724,91.6379272727273,95.49,88.03,275,133,142
3127,2646465,77.8161433447099,86.3,69.39,293,146,147
3128,2647919,73.9290099009901,79.73,68.39,303,148,155
3129,2648366,81.3615053763441,87.69,75.84,279,130,149
3130,2649668,77.85,83.13,71.21,298,166,132
3131,2650781,85.6714018691589,87.82,83.64,321,156,165
3132,2651161,81.9934726688103,84.62,79.35,311,156,155
3133,2653586,79.2246753246753,75.74,81.98,308,136,172
3134,2654221,81.1660273972603,76.47,85.26,292,136,156
3135,2655825,57.9880555555555,38.93,73.89,288,131,157
3136,2656175,65.670447761194,77.56,49.11,268,156,112
3137,2656315,70.6868275862069,69.59,71.83,290,148,142
3138,2656434,69.8766527196653,67.68,71.43,239,99,140
3139,2657708,89.0867272727273,89.63,88.55,330,164,166
3140,2657925,85.0918421052632,89.22,81.75,228,102,126
3141,2659627,85.132972972973,89.58,80.92,296,144,152
3142,2661741,82.235444015444,86.32,78.87,259,117,142
3143,2663273,62.9033064516129,91.78,21.57,248,146,102
3144,2663404,71.7944615384615,84.26,56.32,195,108,87
3145,2664394,67.3704237288136,76.42,57.52,236,123,113
3146,2664723,75.6572284644195,92.48,58.96,267,133,134
3147,2664811,88.8867489711934,93.68,85.81,243,95,148
3148,2664851,78.0008,81.82,75,250,110,140
3149,2665353,90.6218359375,93.91,87.94,256,115,141
3150,2665934,83.3948375451264,82.57,83.93,277,109,168
3151,2666192,74.7421453287197,80.92,69.62,289,131,158
3152,2666673,83.6453903345725,83.81,83.54,269,105,164
3153,2669930,79.0425,72.27,84.31,272,119,153
3154,2670344,80.9532142857143,76.77,83.66,252,99,153
3155,2672321,71.4257142857143,85.38,48.75,210,130,80
3156,2672349,77.8238709677419,74.34,80.74,248,113,135
3157,2672631,88.9325190839695,84.92,92.65,262,126,136
3158,2673043,83.9516872427984,80,87.22,243,110,133
3159,2674486,81.607816091954,88.06,74.8,261,134,127
3160,2676495,77.1664566929134,87.77,64.35,254,139,115
3161,2678383,83.6588715953308,81.73,84.97,257,104,153
3162,2680515,54.1178823529412,44.74,61.7,170,76,94
3163,2681305,74.6525,83.33,67.31,288,132,156
3164,2682309,81.6310204081633,83.33,80,294,144,150
3165,2684526,51.1201123595506,53.33,48.86,178,90,88
3166,2686150,81.97,84.93,79.05,294,146,148
3167,2686309,83.3988803088803,86.23,80.17,259,138,121
3168,2687359,79.7140213523132,85.48,75.16,281,124,157
3169,2687367,76.7988,83.72,69.42,250,129,121
3170,2687622,80.4309782608696,83.67,76.74,276,147,129
3171,2687891,77.6367088607595,79.34,75.86,237,121,116
3172,2688082,83.2761921708185,84.17,82.61,281,120,161
3173,2689090,82.8361386138614,90.07,76.54,303,141,162
3174,2691466,78.011286307054,78.99,76.7,241,138,103
3175,2691942,78.7741224489796,64.86,90.3,245,111,134
3176,2692038,81.5296178343949,82.35,80.75,314,153,161
3177,2692225,78.868641509434,78.91,78.83,265,128,137
3178,2693162,35.6257510729614,36.94,34.43,233,111,122
3179,2693284,78.8294160583942,77.44,80.14,274,133,141
3180,2695020,82.9437792642141,80.39,85.62,299,153,146
3181,2695656,82.7590421455939,82.71,82.81,261,133,128
3182,2696169,79.9990175438597,76.23,82.82,285,122,163
3183,2696358,81.1239759036145,76.11,85.29,249,113,136
3184,2696933,84.5618456375839,82.58,86.71,298,155,143
3185,2697235,79.1462559241706,59.22,98.15,211,103,108
3186,2699559,79.9207722007722,76.92,83.62,259,143,116
3187,2699734,85.4059786476868,78.33,90.68,281,120,161
3188,2699828,85.8702173913044,86.99,84.97,276,123,153
3189,2702069,88.4474501992032,86.21,90.37,251,116,135
3190,2703732,45.0005454545455,27.59,64.42,220,116,104
3191,2704717,84.473105022831,75.42,95.05,219,118,101
3192,2705911,75.291137254902,78.12,72.44,255,128,127
3193,2708532,75.0830795847751,74.83,75.36,289,151,138
3194,2709501,85.1544242424242,88.96,81.44,330,163,167
3195,2709549,84.8894533762058,86.08,83.66,311,158,153
3196,2709600,76.4500772200772,67.33,82.28,259,101,158
3197,2709609,81.1827526132404,79.85,82.35,287,134,153
3198,2709637,78.6008421052632,76.6,80.56,285,141,144
3199,2710074,89.5108196721312,88.24,90.79,305,153,152
3200,2710387,88.5293906810036,90.14,86.86,279,142,137
3201,2710517,78.3283269961977,74.81,81.82,263,131,132
3202,2710740,80.6538095238095,80.81,80.49,336,172,164
3203,2710767,78.0163120567376,81.82,73.44,282,154,128
3204,2711986,77.1541573033708,79.71,74.42,267,138,129
3205,2712456,88.094693877551,94.85,82.28,294,136,158
3206,2713792,61.78,74.17,47.62,225,120,105
3207,2716036,79.5556505576208,82.67,75.63,269,150,119
3208,2716504,78.7618146718147,79.23,78.29,259,130,129
3209,2716604,81.0405213270142,72.62,86.61,211,84,127
3210,2716624,86.2683098591549,85.61,86.84,284,132,152
3211,2716646,85.71,84.35,87.07,294,147,147
3212,2718695,80.6233564013841,82.05,78.95,289,156,133
3213,2719432,89.2852142857143,91.37,87.23,280,139,141
3214,2720511,80.5759712230216,85.14,75.38,278,148,130
3215,2720999,83.1565591397849,81.6,84.42,279,125,154
3216,2721300,65.6966666666667,33.33,81.88,207,69,138
3217,2722301,85.967052631579,87.85,82.69,285,181,104
3218,2723043,67.3298007968128,68.18,65.98,251,154,97
3219,2724504,63.282265625,87.77,34.19,256,139,117
3220,2724650,78.9687982832618,81.63,74.42,233,147,86
3221,2727559,64.612304526749,48.28,79.53,243,116,127
3222,2727814,73.0468695652174,80.15,62.77,230,136,94
3223,2727891,79.1177108433735,74.81,83.9,249,131,118
3224,2728095,79.7054347826087,85.53,71.79,276,159,117
3225,2728143,77.6962692307692,84.91,66.34,260,159,101
3226,2730833,82.3521176470588,90.16,75.19,255,122,133
3227,2734063,73.7054929577465,76.04,71.79,213,96,117
3228,2734794,79.4117279411765,79.07,79.72,272,129,143
3229,2735882,81.8756193353474,80,83.43,331,150,181
3230,2738135,78.3567910447761,82.12,73.5,268,151,117
3231,2738181,84.2120647773279,82.26,86.18,247,124,123
3232,2738666,89.2288461538461,85.45,92,260,110,150
3233,2738928,82.446106870229,80.65,84.06,262,124,138
3234,2739180,77.694,67.96,84.08,260,103,157
3235,2739322,78.3671985815603,74.8,81.29,282,127,155
3236,2739418,85.5965432098765,83.72,87.72,243,129,114
3237,2739473,82.3265863453815,85.21,78.5,249,142,107
3238,2739983,80.7406756756757,74.1,86.62,296,139,157
3239,2741432,47.7168527918782,27.55,67.68,197,98,99
3240,2742456,75.6747972972973,87.72,68.13,148,57,91
3241,2742462,84.7747208121827,84.06,85.16,197,69,128
3242,2744061,87.9492182410424,83.12,92.81,307,154,153
3243,2744487,83.8996610169492,84.17,83.62,236,120,116
3244,2746176,83.551052631579,84.03,83.12,304,144,160
3245,2746537,73.7376978417266,68.21,80.31,278,151,127
3246,2752131,80.2696598639456,80.26,80.28,294,152,142
3247,2752937,81.0156271186441,79.1,82.61,295,134,161
3248,2753486,83.45125,81.29,85.71,272,139,133
3249,2754475,83.6509615384615,81.33,85.8,312,150,162
3250,2755292,78.8403412969283,79.86,77.92,293,139,154
3251,2756418,80.7057874015748,71.79,88.32,254,117,137
3252,2757066,84.7913688212928,85.71,84.11,263,112,151
3253,2757723,70.8157510729614,56.79,78.29,233,81,152
3254,2758231,74.583,52.33,87.01,240,86,154
3255,2761202,80.0783025830258,80.58,79.55,271,139,132
3256,2762309,70.445763546798,66.67,72.39,203,69,134
3257,2762867,81.0012544802867,83.45,78.57,279,139,140
3258,2763786,86.6188732394366,86.03,87.16,284,136,148
3259,2766105,82.7194117647059,89.84,76.39,272,128,144
3260,2767041,69.99888,76.42,63.78,250,123,127
3261,2767674,84.8266896551724,87.5,82.19,290,144,146
3262,2767981,75.1050622406639,75.7,74.63,241,107,134
3263,2771504,84.315,86.93,81.7,306,153,153
3264,2773235,66.2228888888889,69.47,63.85,225,95,130
3265,2773287,62.7895348837209,55.77,67.53,258,104,154
3266,2774939,82.2488461538462,82.52,82.05,338,143,195
3267,2774971,80.2739446366782,77.39,82.18,289,115,174
3268,2774982,81.9342258064516,80.15,83.24,310,131,179
3269,2776087,67.5603816793893,50.91,79.61,262,110,152
3270,2776695,71.9672384937238,71.43,72.5,239,119,120
3271,2777575,80.6487096774193,82.93,78.85,279,123,156
3272,2777719,84.4928571428571,84.27,84.62,245,89,156
3273,2778333,81.1927272727273,82.32,80,319,164,155
3274,2778361,69.3423357664234,55.74,80.26,274,122,152
3275,2779790,84.7563414634146,86.05,83.33,328,172,156
3276,2780004,84.9424096385542,82.28,87.36,332,158,174
3277,2781758,75.2397427652733,76.92,73.24,311,169,142
3278,2781837,70.2465397923875,53.85,81.4,289,117,172
3279,2783698,67.4532203389831,63.7,70.62,295,135,160
3280,2783835,76.250125,75.97,76.51,320,154,166
3281,2785481,83.3889576547231,75.78,88.83,307,128,179
3282,2787510,82.7262458471761,74.82,89.51,301,139,162
3283,2788303,87.8675367647059,89.76,86.21,272,127,145
3284,2788423,85.6134246575342,80.88,89.74,292,136,156
3285,2790373,80.001220338983,78.2,81.48,295,133,162
3286,2790936,85.1077304964539,82.09,87.84,282,134,148
3287,2792480,75.7551893939394,69.16,80.25,264,107,157
3288,2793674,80.0669594594595,83.22,77.12,296,143,153
3289,2796964,78.9705952380952,70.27,85.82,252,111,141
3290,2797019,82.306,88.98,76.76,260,118,142
3291,2798851,82.6818181818182,79.59,84.96,231,98,133
3292,2799646,79.2989473684211,84.29,74.48,285,140,145
3293,2803373,71.6329078014185,63.64,77.64,282,121,161
3294,2803517,77.8988764044944,81.88,73.64,267,138,129
3295,2804559,66.6669841269841,77.42,56.25,189,93,96
3296,2811536,72.4247794117647,73.13,71.74,272,134,138
3297,2812432,84.9655944055944,84.06,85.81,286,138,148
3298,2814551,85.5896829971181,85.8,85.39,347,169,178
3299,2815299,85.2299692307692,88.37,81.7,325,172,153
3300,2816088,66.9686425339366,61.47,72.32,221,109,112
3301,2816713,80.1365156794425,76.64,83.33,287,137,150
3302,2816775,89.4207692307692,90.78,88.3,312,141,171
3303,2817711,79.0566216216216,80,78.21,296,140,156
3304,2817752,77.6159927797834,69.64,83.03,277,112,165
3305,2818558,85.1045896656535,85.8,84.43,329,162,167
3306,2818625,68.5836283185841,64.71,71.77,226,102,124
3307,2818666,76.8692170818505,80.85,72.86,281,141,140
3308,2818675,81.2490972222222,83.21,79.47,288,137,151
3309,2820385,86.4948231511254,91.33,81.99,311,150,161
3310,2821778,86.9722605363985,91.91,81.6,261,136,125
3311,2822601,82.973768115942,83.1,82.84,276,142,134
3312,2824218,74.9976271186441,59.78,84.72,236,92,144
3313,2826029,80.8611328125,84.21,77.24,256,133,123
3314,2827147,72.5373770491803,87.14,52.88,244,140,104
3315,2828317,72.0512227074236,67.37,75.37,229,95,134
3316,2828384,73.6669083969466,78.95,68.22,262,133,129
3317,2828430,71.6587854251012,64.76,76.76,247,105,142
3318,2828453,67.91775,68.14,67.72,240,113,127
3319,2830079,79.7693893129771,82.03,77.61,262,128,134
3320,2830096,79.2875,77.04,81.38,280,135,145
3321,2830718,65.7880526315789,55.07,71.9,190,69,121
3322,2831184,82.4921548821549,89.55,76.69,297,134,163
3323,2831481,75.609512195122,83.78,66.91,287,148,139
3324,2831616,81.723724137931,89.52,75.9,290,124,166
3325,2832568,78.6563241106719,83.81,75,253,105,148
3326,2832635,78.7404330708661,84.68,74.13,254,111,143
3327,2833062,62.695,79.25,51.3,260,106,154
3328,2834338,71.2674626865672,66.96,74.36,268,112,156
3329,2834736,77.8204280155642,86.84,70.63,257,114,143
3330,2835763,83.2180536912752,85.71,81.01,298,140,158
3331,2837314,82.505969581749,86.84,79.19,263,114,149
3332,2840341,53.9402904564315,51.61,56.41,241,124,117
3333,2844320,73.2196234309623,79.67,66.38,239,123,116
3334,2846380,88.2783516483516,87.68,88.89,273,138,135
3335,2847177,77.6958992805755,82.89,71.43,278,152,126
3336,2849085,85.8398230088495,84,87.3,226,100,126
3337,2849448,69.8873234200743,71.85,67.91,269,135,134
3338,2857312,60.3636585365854,42.39,83.33,164,92,72
3339,2861360,80.0029032258065,77.65,82.86,155,85,70
3340,2861582,70.27,56.76,83.78,148,74,74
3341,2861689,75.3737313432836,64.52,84.72,134,62,72
3342,2863070,47.825652173913,43.33,52.73,115,60,55
3343,2863808,59,62,56,100,50,50
3344,2864028,72.1654639175258,78.43,65.22,97,51,46
3345,2864772,55.2414285714286,62.75,48.15,105,51,54
3346,2865043,53.7641935483871,54,53.49,93,50,43
3347,2865163,59.8121495327103,50.94,68.52,107,53,54
3348,2865758,62.245306122449,56.52,67.31,98,46,52
3349,2865901,56.9909677419355,65.12,50,93,43,50
3350,2866335,57.7315463917526,38.46,70.69,97,39,58
3351,2867285,65.4581818181818,70.18,60.38,110,57,53
3352,2868253,78.7574336283186,79.59,78.12,113,49,64
3353,2869983,70.0630573248408,76.54,63.16,157,81,76
3354,2870069,80.6474838709677,79.49,81.82,155,78,77
3355,2870300,74.1743708609272,61.29,83.15,151,62,89
3356,2871106,74.3414659685864,55.71,85.12,191,70,121
3357,2873783,68.6551243781094,63.16,73.58,201,95,106
3358,2873978,83.6761224489796,80.91,85.93,245,110,135
3359,2874278,79.1300434782609,81.65,76.86,230,109,121
3360,2874967,67.7738862559242,73.91,63.03,211,92,119
3361,2879125,77.5223853211009,60.42,90.98,218,96,122
3362,2879737,61.72078125,61.02,62.32,256,118,138
3363,2879745,72.5501960784314,72.8,72.31,255,125,130
3364,2879907,67.7159641255605,55.56,74.65,223,81,142
3365,2879918,72.6092173913043,80.49,63.55,230,123,107
3366,2880756,77.6244748858448,80.2,75.42,219,101,118
3367,2881313,81.4964566929134,74.07,86.99,254,108,146
3368,2881406,79.1679545454545,73.81,84.06,264,126,138
3369,2881569,81.740622406639,83.33,80.45,241,108,133
3370,2881726,79.926282527881,74.45,85.61,269,137,132
3371,2881859,79.3443661971831,75.31,81.82,213,81,132
3372,2885702,68.1445161290323,67.57,68.61,248,111,137
3373,2886993,68.001,58.14,75.44,200,86,114
3374,2887125,74.9050193050193,81.4,68.46,259,129,130
3375,2888134,68.3274377224199,61.94,74.15,281,134,147
3376,2888539,86.7885714285714,91.67,81.62,280,144,136
3377,2889722,48.1010759493671,43.36,52.02,316,143,173
3378,2889894,77.3323,75.97,78.36,300,129,171
3379,2889922,78.1352411575563,78.06,78.21,311,155,156
3380,2889993,82.2555806451613,83.67,80.98,310,147,163
3381,2890507,78.5202684563758,80.71,76.58,298,140,158
3382,2892968,72.4150862068966,69.42,75.68,232,121,111
3383,2893669,73.8958490566038,75.34,72.67,318,146,172
3384,2893707,73.3873790322581,72.17,74.44,248,115,133
3385,2894123,78.9501052631579,81.82,76.06,285,143,142
3386,2894179,72.1867605633803,76.3,68.46,284,135,149
3387,2894220,79.7361764705882,79.31,80.12,306,145,161
3388,2894779,68.6957391304348,63.89,72.95,230,108,122
3389,2895073,78.6195597484277,72.73,84.15,318,154,164
3390,2895954,73.478064516129,73.76,73.19,279,141,138
3391,2899638,79.296796875,87.23,69.57,256,141,115
3392,2899836,81.0452941176471,84.67,77.56,306,150,156
3393,2901039,80.0803658536585,77.14,82.27,246,105,141
3394,2902889,70.7393333333333,70.15,71.32,270,134,136
3395,2903469,86.0654508196721,96,75.63,244,125,119
3396,2905488,83.8355639097744,77.69,89.71,266,130,136
3397,2906502,75.001198630137,80.54,69.23,292,149,143
3398,2907187,83.9674927113703,86.55,81.4,343,171,172
3399,2907340,81.3140983606557,82.4,80.56,305,125,180
3400,2908304,71.0787692307692,77.78,62.76,325,180,145
3401,2910837,69.1717669172932,74.42,64.23,266,129,137
3402,2913936,83.0776923076923,85.42,80.17,260,144,116
3403,2914799,73.0602857142857,73.95,72.22,245,119,126
3404,2915092,70.633253968254,69.49,71.64,252,118,134
3405,2916838,77.4722866894198,78.18,76.56,293,165,128
3406,2917776,64.171,66.67,62.75,240,87,153
3407,2918735,59.2298076923077,71.85,45.6,260,135,125
3408,2919431,71.486170212766,72.63,70.71,235,95,140
3409,2919484,72.2602919708029,66.1,76.92,274,118,156
3410,2919590,59.6410714285714,60,59.33,280,130,150
3411,2920008,87.1863125,86.3,87.93,320,146,174
3412,2920582,81.1486868686869,74.17,85.88,297,120,177
3413,2923376,72.518320610687,69.7,75.38,262,132,130
3414,2924111,57.6349618320611,53.45,60.96,262,116,146
3415,2924581,84.5881506849315,80,88.27,292,130,162
3416,2925837,52.9898406374502,56.9,49.63,251,116,135
3417,2926440,84.1298412698413,82.09,85.64,315,134,181
3418,2926457,77.340664652568,77.86,76.96,331,140,191
3419,2926472,80.5453799392097,74.81,84.34,329,131,198
3420,2927200,65.58,50,73.37,276,92,184
3421,2927614,73.20368,75.26,71.9,250,97,153
3422,2928449,73.743309352518,75.76,71.92,278,132,146
3423,2928523,77.0422641509434,76.16,77.84,318,151,167
3424,2928728,79.0623465703971,78.71,79.51,277,155,122
3425,2929490,72.835,66.67,78.1,254,117,137
3426,2929586,75.9408646616541,78.86,73.43,266,123,143
3427,2929592,64.9464432989691,73.17,50.7,194,123,71
3428,2929622,76.1782550335571,72.54,79.49,298,142,156
3429,2931526,67.7512052117264,61.74,73.42,307,149,158
3430,2932716,73.0790909090909,71.53,74.65,286,144,142
3431,2933219,75.8697674418605,76.7,75,344,176,168
3432,2936766,75.0793457943925,75.29,74.83,321,174,147
3433,2936779,76.3618181818182,76.19,76.54,330,168,162
3434,2936881,66.6657446808511,61.59,71.53,282,138,144
3435,2937522,43.4799604743083,19.23,69.11,253,130,123
3436,2937681,73.7578014184397,73.29,74.26,282,146,136
3437,2937918,53.0808056872038,49.55,57,211,111,100
3438,2938846,75.7146428571428,70.77,80,280,130,150
3439,2939016,76.0283146067416,78.52,73.48,267,135,132
3440,2939026,71.2241754385965,62.77,79.05,285,137,148
3441,2939128,80.8122558922559,79.86,81.65,297,139,158
3442,2939512,78.4650769230769,77.59,79.17,260,116,144
3443,2939589,74.1009561752988,80.14,66.36,251,141,110
3444,2939761,75.2729151291513,75.69,74.8,271,144,127
3445,2939960,68.8904444444444,68.18,69.57,270,132,138
3446,2940064,60.3582882882883,65.57,54,222,122,100
3447,2940422,72.2427129337539,74.68,69.94,317,154,163
3448,2940469,74.67875,76.92,72.03,312,169,143
3449,2940657,78.7786495176849,81.25,76.16,311,160,151
3450,2944160,75.2730909090909,71.54,78.62,275,130,145
3451,2944934,79.5985284280937,77.48,81.76,299,151,148
3452,2945268,70.5125641025641,70.16,70.91,234,124,110
3453,2945312,76.0889855072464,73.44,78.38,276,128,148
3454,2945629,69.4042465753425,77.45,62.39,219,102,117
3455,2946129,68.0496265560166,76.71,54.74,241,146,95
3456,2947529,69.8885304659498,70.34,69.4,279,145,134
3457,2950770,75.4906719367589,76.92,73.98,253,130,123
3458,2950892,78.2310884353741,79.11,77.21,294,158,136
3459,2951144,58.5900440528634,59.48,57.66,227,116,111
3460,2952930,75.9159146341463,71.94,78.84,328,139,189
3461,2954517,71.1847457627119,62.5,77.14,295,120,175
3462,2955286,76.3553674121406,79.71,73.71,313,138,175
3463,2955317,74.8355555555556,77.03,72.78,306,148,158
3464,2955717,57.5039583333333,38.95,69.66,240,95,145
3465,2956312,59.4401971830986,43.79,73.66,355,169,186
3466,2957047,70.3669444444444,70.32,70.41,324,155,169
3467,2957634,69.5311111111111,71.77,67.74,279,124,155
3468,2960682,78.259806763285,76.74,79.34,207,86,121
3469,2960703,79.9998,75.79,82.58,250,95,155
3470,2961360,73.1297959183673,89.86,58.33,294,138,156
3471,2964601,78.7500833333333,73.39,83.21,240,109,131
3472,2964983,68.0193117408907,57.65,73.46,247,85,162
3473,2968686,48.9768163265306,62.28,37.4,245,114,131
3474,2970443,73.5144268774704,83.45,61.4,253,139,114
3475,2971597,63.6362809917355,57.55,68.38,242,106,136
3476,2972983,72.26734375,63.64,80,256,121,135
3477,2973948,60.6226548672566,68.97,51.82,226,116,110
3478,2973961,68.155671641791,75.21,58.33,201,117,84
3479,2974810,69.8205405405405,56.25,80.16,222,96,126
3480,2975118,75.7452765957447,76.26,75,235,139,96
3481,2976221,76.786,78.29,75,280,152,128
3482,2976680,75.1127074235808,79.49,70.54,229,117,112
3483,2977157,76.1397727272727,78.4,72.55,264,162,102
3484,2977799,68.1257370517928,58.56,75.71,251,111,140
3485,2977838,82.2748945147679,88.07,77.34,237,109,128
3486,2978340,76.5078523489933,83.13,68.18,298,166,132
3487,2979892,61.8847950819672,58.25,64.54,244,103,141
3488,2980820,69.5850570342205,78.36,60.47,263,134,129
3489,2980978,72.0465748031496,76.87,65.42,254,147,107
3490,2982232,73.1930638297872,72.27,74.14,235,119,116
3491,2983422,77.6315789473684,74.36,81.08,228,117,111
3492,2984661,68.8313636363636,53.97,79.12,154,63,91
3493,2984830,11.7407042253521,5.41,18.63,213,111,102
3494,2985631,59.48,54.17,64.2,153,72,81
3495,2985676,85.4376699029126,86.84,83.7,206,114,92
3496,2986159,77.3482872928177,72.84,81,181,81,100
3497,2987901,59.7608284023669,71.84,40.91,169,103,66
3498,2989463,76.4972,70.19,83.33,200,104,96
3499,2989562,72.8135483870968,66.32,77.87,217,95,122
3500,2989578,67.2648430493274,56.14,78.9,223,114,109
3501,2990342,81.9661065573771,78.26,85.27,244,115,129
3502,2990624,75.5026104417671,78.95,71.55,249,133,116
3503,2992942,77.6518181818182,73.91,81.75,264,138,126
3504,2996645,69.9565665236052,55.96,82.26,233,109,124
3505,2998242,73.7833495145631,76.74,68.83,206,129,77
3506,3000689,76.1223183391003,71.05,81.75,289,152,137
3507,3000701,81.82,79.17,85,308,168,140
3508,3002213,69.4561924686192,71.17,67.97,239,111,128
3509,3002901,78.40156,72.73,82.12,250,99,151
3510,3003793,77.6971223021583,74.81,80.27,278,131,147
3511,3004387,81.9496389891697,72.66,89.93,277,128,149
3512,3005491,77.5312359550562,85.56,69.32,178,90,88
3513,3005950,80.0014285714286,78.95,81.25,280,152,128
3514,3006907,67.2835483870968,62.86,69.39,217,70,147
3515,3006914,70.7410480349345,78.9,63.33,229,109,120
3516,3006962,73.7402793296089,69.49,75.83,179,59,120
3517,3009366,66.5269421487603,56.86,73.57,242,102,140
3518,3010860,81.229795221843,87.5,75.17,293,144,149
3519,3010876,77.6778540772532,73.68,80.43,233,95,138
3520,3011482,78.0278923766816,84.8,69.39,223,125,98
3521,3011941,52.0925581395349,48.42,55,215,95,120
3522,3013193,71.5223841059603,71.61,71.43,302,155,147
3523,3017252,82.2511688311688,93.5,69.44,231,123,108
3524,3018079,84.7813043478261,89.88,76.85,276,168,108
3525,3019670,51.8866037735849,58.88,44.76,212,107,105
3526,3020084,81.9335294117647,70.41,90,238,98,140
3527,3020617,73.4870833333333,78.71,66.06,264,155,109
3528,3022379,83.0147435897436,77.22,88.96,312,158,154
3529,3025701,78.4456537102474,66.42,89.73,283,137,146
3530,3026190,75.0812292358804,72.39,78.26,301,163,138
3531,3027879,82.7505750798722,84.85,80.41,313,165,148
3532,3028920,82.1664012738854,82.55,81.82,314,149,165
3533,3029084,81.3884542586751,84,78.17,317,175,142
3534,3029650,79.1669230769231,80.39,77.99,312,153,159
3535,3031007,78.6056744186047,76.79,80.58,215,112,103
3536,3031646,72.6166666666667,70.69,74.26,252,116,136
3537,3032751,74.7386315789474,63.87,82.53,285,119,166
3538,3032903,83.9963333333333,82.39,85.44,300,142,158
3539,3034267,77.2253380782918,71.54,82.12,281,130,151
3540,3036498,74.701976284585,74.48,75,253,145,108
3541,3037062,71.383063973064,76.03,66.89,297,146,151
3542,3037665,74.3790495867769,63.06,83.97,242,111,131
3543,3037972,62.7173170731707,72.67,50,287,161,126
3544,3038149,36.6091964285714,51.49,24.39,224,101,123
3545,3040177,50.7589393939394,58.57,41.94,264,140,124
3546,3045184,79.2615909090909,78.92,79.64,352,185,167
3547,3045490,69.3154512635379,66.67,72.44,277,150,127
3548,3045742,89.8349180327869,85.09,95.14,305,161,144
3549,3046525,74.9185953177257,77.59,71.2,299,174,125
3550,3047010,70.1094833948339,74.17,65,271,151,120
3551,3047326,75.9838815789474,77.85,74.19,304,149,155
3552,3048409,72.0475590551181,63.64,78.47,254,110,144
3553,3050127,75.6195406360424,79.39,72.37,283,131,152
3554,3051659,73.3859315589354,68.55,77.7,263,124,139
3555,3051692,67.2139890710383,62.07,76.12,183,116,67
3556,3054508,69.3990163934426,81.82,54.76,183,99,84
3557,3055531,76.759014084507,74.19,78.75,142,62,80
3558,3056349,3.29532967032967,1.15,5.26,182,87,95
3559,3056446,12.3691397849462,10.23,14.29,186,88,98
3560,3058818,51.515,43.43,59.6,198,99,99
3561,3060345,72.9587124463519,78.86,66.36,233,123,110
3562,3061140,73.59636,76.22,70.09,250,143,107
3563,3061337,78.6683916083916,79.86,77.46,286,144,142
3564,3061649,69.4774698795181,74.6,64.23,249,126,123
3565,3065226,79.3226315789474,80.12,78.1,266,161,105
3566,3068497,75.8491320754717,68.03,82.52,265,122,143
3567,3069948,71.755534351145,77.42,63.55,262,155,107
3568,3070012,78.2467557251909,75.61,80.58,262,123,139
3569,3070983,70.0634076433121,73.14,66.19,314,175,139
3570,3071579,72.528608058608,61.72,82.07,273,128,145
3571,3071895,82.6684090909091,79.89,85.89,352,189,163
3572,3071970,77.6698742138365,72.89,82.89,318,166,152
3573,3072558,77.9795667870036,86.31,65.14,277,168,109
3574,3072858,85.4710810810811,79.07,94.35,296,172,124
3575,3073875,81.0326206896552,84.3,76.27,290,172,118
3576,3074487,74.5972668810289,79.89,67.42,311,179,132
3577,3080085,79.9231226765799,84.93,73.98,269,146,123
3578,3082358,74.433984962406,84.89,62.99,266,139,127
3579,3082515,65.3216935483871,61.76,67.81,248,102,146
3580,3082857,75.9078547854785,74.5,77.27,303,149,154
3581,3083934,74.3116438356164,74.84,73.68,292,159,133
3582,3085578,80.4791780821918,76.76,84,292,142,150
3583,3085593,68.7012195121951,43.75,84.67,246,96,150
3584,3086419,75.6377157360406,79.25,71.43,197,106,91
3585,3086560,71.1694160583941,61.48,80.58,274,135,139
3586,3086609,71.4280487804878,64.75,77.7,287,139,148
3587,3086722,63.19648,75.19,50.41,250,129,121
3588,3091524,73.4011538461539,75.93,70.67,312,162,150
3589,3092119,42.1797630331754,46.08,38.53,211,102,109
3590,3094151,56.5727490039841,58.4,54.76,251,125,126
3591,3094935,63.4978707224335,70.68,56.15,263,133,130
3592,3095155,84.2122672064777,76.79,90.37,247,112,135
3593,3095240,70.224,60.42,77.52,225,96,129
3594,3095269,73.0938181818182,70.08,75.68,275,127,148
3595,3095302,73.7811610486891,66.96,78.71,267,112,155
3596,3098991,70.5617289719626,65.35,75.22,214,101,113
3597,3100862,77.819022556391,69.11,85.31,266,123,143
3598,3102920,75.3099074074074,78.91,72.32,324,147,177
3599,3103876,72.982,71.43,74.34,285,133,152
3600,3103945,75.4336678200692,69.77,80,289,129,160
3601,3104386,86.2171153846154,82.11,88.89,312,123,189
3602,3106130,79.5639938080495,75.35,82.87,323,142,181
3603,3108885,70.5273841059603,75.15,64.96,302,165,137
3604,3109231,70.899262295082,62.18,79.2,244,119,125
3605,3114052,65.99648,75.32,51.04,250,154,96
3606,3115899,59.5966161616162,63.16,56.31,198,95,103
3607,3116438,69.5673913043478,72.06,66.67,253,136,117
3608,3117155,79.7947260273973,81.17,78.26,292,154,138
3609,3117379,78.9328428093645,79.52,78.2,299,166,133
3610,3117558,73.7218088737201,77.16,69.47,293,162,131
3611,3119048,66.4141509433962,68.25,64.75,265,126,139
3612,3119214,69.6944696969697,70.4,69.06,264,125,139
3613,3119300,76.4914741035856,87.69,64.46,251,130,121
3614,3119829,72.3863636363636,73.33,71.6,297,135,162
3615,3121011,69.8337966101695,53.85,80.34,295,117,178
3616,3121134,76.757323943662,75.38,77.92,284,130,154
3617,3124494,80.0623364485981,79.27,80.89,321,164,157
3618,3129386,78.0781381381381,84.42,68.66,333,199,134
3619,3132075,53.1525249169435,27.69,72.51,301,130,171
3620,3133183,67.9339130434783,47.22,81.25,184,72,112
3621,3133916,66.3790948275862,71.43,61.06,232,119,113
3622,3135212,76.5621875,70.09,82.01,256,117,139
3623,3135937,75.8992086330935,63.79,84.57,278,116,162
3624,3136942,78.2815151515152,83.33,73.53,198,96,102
3625,3139965,83.7991549295775,83.82,83.78,284,136,148
3626,3142435,79.2552282157676,81.89,76.32,241,127,114
3627,3142819,77.5908361204013,75.84,79.33,299,149,150
3628,3142886,78.5222818791946,76.26,80.5,298,139,159
3629,3143742,79.7740449438202,78.57,80.85,267,126,141
3630,3144088,72.5441016949153,67.97,76.05,295,128,167
3631,3144111,67.3229921259842,65.83,68.66,254,120,134
3632,3145079,70.9949618320611,78.79,63.08,262,132,130
3633,3147747,78.6466548042705,84.17,73.24,281,139,142
3634,3148347,79.7234020618557,73.33,84.21,291,120,171
3635,3149418,82.315612244898,84.91,79.26,294,159,135
3636,3149730,75.8185245901639,51.76,88.68,244,85,159
3637,3150243,64.3564356435644,57.25,70.3,303,138,165
3638,3150728,84.5888679245283,77.33,91.07,318,150,168
3639,3153131,40.3239112903226,34.11,47.06,248,129,119
3640,3153367,75.6655893536122,77.94,73.23,263,136,127
3641,3153877,77.7028919860627,75.21,79.52,287,121,166
3642,3154440,82.18675,83.93,80.26,320,168,152
3643,3155116,81.6725723472669,78.67,84.47,311,150,161
3644,3156420,83.1193312101911,85.16,81.13,314,155,159
3645,3156623,84.8779320987654,86.09,83.82,324,151,173
3646,3157011,72.3915151515152,64,78.49,297,125,172
3647,3157186,75.3711711711712,76.36,74.4,333,165,168
3648,3157466,60.7133333333333,55.88,66.38,252,136,116
3649,3159380,81.6260424028269,89.29,70.43,283,168,115
3650,3160833,58.0806923076923,66.2,48.31,260,142,118
3651,3161095,86.0577884615385,94.69,75.79,208,113,95
3652,3163005,77.303829787234,80,74.24,282,150,132
3653,3164402,75.6744015444015,81.13,67,259,159,100
3654,3166049,77.509156626506,75,80.34,249,132,117
3655,3167339,77.0419033232628,76.83,77.25,331,164,167
3656,3168056,72.3108923076923,72.32,72.3,325,177,148
3657,3168265,63.8771571906355,62.09,65.75,299,153,146
3658,3169400,79.502298136646,81.76,77.3,322,159,163
3659,3170200,66.5485971223022,67.67,65.52,278,133,145
3660,3171427,38.1509236947791,19.49,54.96,249,118,131
3661,3173301,74.80192,72.88,76.52,250,118,132
3662,3173912,73.1575324675325,80.25,58.11,231,157,74
3663,3174044,77.3017730496454,72.95,80.62,282,122,160
3664,3174504,66.4266077738516,75.69,56.83,283,144,139
3665,3174517,72.8567142857143,77.85,66.39,280,158,122
3666,3178039,79.8174480712166,77.84,81.76,337,167,170
3667,3178436,75.8652155172414,76.29,75.56,232,97,135
3668,3180268,73.445,76.27,70.62,354,177,177
3669,3184459,76.3322,87.3,68.39,300,126,174
3670,3184776,75.9859139784946,69.17,81.13,279,120,159
3671,3184789,79.9335714285714,78.81,81.12,294,151,143
3672,3187686,80.7687820512821,81.29,80.35,312,139,173
3673,3187916,72.0713103448276,83.44,57.48,290,163,127
3674,3188019,59.3969127516778,59.03,59.74,298,144,154
3675,3189630,74.1498639455782,74.04,74.21,294,104,190
3676,3190284,27.7256818181818,49.47,11.2,220,95,125
3677,3192815,59.93367003367,50,68.1,297,134,163
3678,3195346,70.3560260586319,67.9,73.1,307,162,145
3679,3195682,73.6673665480427,76.19,70.9,281,147,134
3680,3196809,80.0007142857143,75.22,85.57,210,113,97
3681,3197406,81.7834572490706,85.71,75.93,269,161,108
3682,3197704,81.6657,77.55,85.62,300,147,153
3683,3197817,73.3330666666667,65.79,81.08,300,152,148
3684,3197846,63.566468401487,57.48,69.01,269,127,142
3685,3198666,52.3405106382979,66.92,33.33,235,133,102
3686,3198909,57.3652713178295,61.03,53.28,258,136,122
3687,3199006,73.4258108108108,79.44,67.83,222,107,115
3688,3201552,76.286442687747,83.1,67.57,253,142,111
3689,3203017,35.1094222222222,40.66,31.34,225,91,134
3690,3205079,75.2796590909091,75.27,75.29,352,182,170
3691,3205097,73.6094134897361,67.5,79.01,341,160,181
3692,3206072,52.55,34.31,64.71,255,102,153
3693,3206898,75.8932738095238,78.11,73.65,336,169,167
3694,3207324,71.3639207048458,73.11,69.44,227,119,108
3695,3208235,29.3414285714286,40.54,14.41,259,148,111
3696,3209090,74.7726747720365,80.49,69.09,329,164,165
3697,3211036,64.0721111111111,44.83,73.22,270,87,183
3698,3212580,86.4384745762712,85.44,87.59,295,158,137
3699,3212864,72.8903614457831,84.83,59.09,332,178,154
3700,3213646,79.5859763313609,81.92,77.02,338,177,161
3701,3214988,72.1510759493671,75.16,69.18,316,157,159
3702,3215069,82.1831034482759,88.69,76.11,348,168,180
3703,3215143,80.8132558139535,81.55,80.11,344,168,176
3704,3215232,77.2871428571429,78.63,76.28,273,117,156
3705,3215298,81.8740785498489,84.76,79.04,331,164,167
3706,3216739,61.0160169491525,48.94,69.01,236,94,142
3707,3218091,76.7948366013072,73.13,79.65,306,134,172
3708,3218300,78.7668923076923,81.76,75.9,325,159,166
3709,3218318,80.3009090909091,85.29,75,330,170,160
3710,3219589,73.4314009661836,72.9,74,207,107,100
3711,3221617,84.581625,87.18,82.11,240,117,123
3712,3222512,67.8906422018349,62.92,71.32,218,89,129
3713,3222520,73.1030303030303,74.45,71.65,264,137,127
3714,3222676,76.80368,75.4,78.23,250,126,124
3715,3224341,75.096091954023,85.16,60.38,261,155,106
3716,3225990,75.9839144736842,78.44,72.99,304,167,137
3717,3228622,77.0067153284672,85.44,65.52,274,158,116
3718,3230715,50.5557992565056,60.56,39.37,269,142,127
3719,3233779,67.9559154929578,73.79,61.87,284,145,139
3720,3236127,69.285,74.7,61.4,280,166,114
3721,3238390,75.932813559322,74.66,77.18,295,146,149
3722,3238824,53.3524161073826,39.55,64.63,298,134,164
3723,3240223,68.3355,71.86,63.91,300,167,133
3724,3240353,60.0010491803279,60.4,59.62,305,149,156
3725,3240360,51.6958050847458,63.64,33.33,236,143,93
3726,3240367,62.5803642384106,69.46,54.07,302,167,135
3727,3240384,62.2353846153846,68.42,55.22,286,152,134
3728,3240397,70.1453333333333,68.94,71.2,345,161,184
3729,3240528,72.7800591715976,71.43,73.91,338,154,184
3730,3240775,69.7827102803738,69.54,70.07,321,174,147
3731,3242851,41.5244982698962,11.72,65.22,289,128,161
3732,3244211,82.4365591397849,85.52,79.1,279,145,134
3733,3244996,74.1497278911565,77.03,71.23,294,148,146
3734,3245986,67.4201357466063,61.86,73.79,221,118,103
3735,3246448,85.4006832298137,86.16,84.66,322,159,163
3736,3246691,74.9117525773196,73.97,75.86,291,146,145
3737,3246805,81.5041438356164,71.53,90.32,292,137,155
3738,3246924,75.2822471910112,73.61,77.24,267,144,123
3739,3247222,59.2384360189574,59.63,58.82,211,109,102
3740,3247399,88.2767931034483,87.41,89.12,290,143,147
3741,3247997,46.2404347826087,70.45,19.83,253,132,121
3742,3251334,76.1744295302014,67.59,84.31,298,145,153
3743,3255278,80.5197752808989,71.54,88.19,267,123,144
3744,3256683,88.2157142857143,87.79,88.59,280,131,149
3745,3256901,77.3518466898955,80.58,74.32,287,139,148
3746,3256950,79.5888235294118,85.93,74.03,289,135,154
3747,3258366,73.8681439393939,61.39,81.6,264,101,163
3748,3259024,75.4172083333333,67.01,81.12,240,97,143
3749,3261049,18.089590443686,15.17,20.95,293,145,148
3750,3261893,80.5450972762646,77.37,84.17,257,137,120
3751,3263534,73.7233941605839,72.34,75.19,274,141,133
3752,3264474,73.0647232472325,76.26,69.7,271,139,132
3753,3264646,76.2436879432624,76.06,76.43,282,142,140
3754,3266100,52.8057303370787,58.99,46.09,267,139,128
3755,3266330,70.8319318181818,80.69,58.82,264,145,119
3756,3267340,56.4551612903226,55.15,58.04,248,136,112
3757,3267345,57.8954251012146,45.19,73.21,247,135,112
3758,3267789,78.4163309352518,71.43,88.03,278,161,117
3759,3268397,79.2046534653465,78.47,79.87,303,144,159
3760,3268442,74.4567601246106,73.62,75.32,321,163,158
3761,3272452,75.51,78.23,72.79,294,147,147
3762,3273098,68.2267148014441,73.68,63.19,277,133,144
3763,3273359,75.5371223021583,86.09,62.99,278,151,127
3764,3274472,74.9981481481481,69.87,79.76,324,156,168
3765,3274723,82.331554770318,86.36,78.81,283,132,151
3766,3275861,69.41,70.37,68.33,255,135,120
3767,3278950,73.0898545454545,75.17,70.63,275,149,126
3768,3279694,67.6598884758364,66.03,69.91,269,156,113
3769,3279795,70.8940410958904,74.57,65.55,292,173,119
3770,3280780,77.9429411764706,83.08,73.24,272,130,142
3771,3280980,55.4982296650718,37.97,66.15,209,79,130
3772,3281240,65.9855737704918,57.76,73.44,244,116,128
3773,3282780,59.0283700440529,68.94,34.85,227,161,66
3774,3283570,73.9962271062271,73.03,75.21,273,152,121
3775,3284101,58.1792363636364,72.22,38.05,275,162,113
3776,3285511,86.5250354609929,82.82,91.6,282,163,119
3777,3286518,76.8701360544218,76.16,77.62,294,151,143
3778,3286647,75.9463573883161,77.71,73.88,291,157,134
3779,3288135,73.8710322580645,75.66,72.15,310,152,158
3780,3288323,70.9181205673759,71.53,70.34,282,137,145
3781,3288993,64.6805504587156,61.7,66.94,218,94,124
3782,3289513,75.4403157894737,75.32,75.59,285,158,127
3783,3291794,73.7201023890785,80.26,66.67,293,152,141
3784,3292255,65.7774904942966,73.13,58.14,263,134,129
3785,3293749,70.8882191780822,77.14,65.13,292,140,152
3786,3294540,72.9468493150685,72.06,73.72,292,136,156
3787,3296394,72.3077692307692,72.95,71.74,260,122,138
3788,3296420,77.7777083333333,86.96,69.33,288,138,150
3789,3298523,69.677935483871,66.88,72.44,310,154,156
3790,3298948,75.8875886524823,79.85,72.3,282,134,148
3791,3300007,77.6511363636364,81.6,74.1,264,125,139
3792,3300456,77.8813461538462,80.43,75.86,312,138,174
3793,3301184,75.2544329896907,73.64,76.54,291,129,162
3794,3301295,64.5240366972477,36.8,81.68,327,125,202
3795,3301683,77.5070934256055,84.71,68.94,289,157,132
3796,3303745,76.187619047619,82.89,66,252,152,100
3797,3308449,79.9963529411765,83.33,77.17,340,156,184
3798,3311074,73.4621538461538,74.24,72.66,260,132,128
3799,3311551,71.4265,77.92,63.49,280,154,126
3800,3312092,58.8939130434782,79.02,32.73,253,143,110
3801,3314897,74.0589473684211,68.38,80,266,136,130
3802,3315809,76.9943130990415,75.64,78.34,313,156,157
3803,3316692,65.5817209302326,51.19,74.81,215,84,131
3804,3317118,77.1066666666667,74.68,79.72,297,154,143
3805,3317730,75.7909122807017,72.56,80.17,285,164,121
3806,3317866,57.4629411764706,66.41,44.44,221,131,90
3807,3317955,25.7535622317597,17.86,33.06,233,112,121
3808,3319252,82.8975092936803,76.55,90.32,269,145,124
3809,3321324,76.3749838187702,73.78,79.31,309,164,145
3810,3321543,79.715231316726,83.66,75,281,153,128
3811,3322731,79.0879847908745,75.89,81.46,263,112,151
3812,3326171,69.2889763779528,63.81,73.15,254,105,149
3813,3326664,77.1106690140845,78.91,75.18,284,147,137
3814,3326730,72.1770967741936,77.34,66.67,248,128,120
3815,3326776,78.9095918367347,79.43,78.43,294,141,153
3816,3326842,74.3172373540856,77.61,70.73,257,134,123
3817,3326877,77.9483269961977,72.57,82,263,113,150
3818,3328409,80.1384320557491,83.47,77.71,287,121,166
3819,3328735,78.5998054474708,72.97,82.88,257,111,146
3820,3328742,76.3869003690037,72.27,79.61,271,119,152
3821,3329755,63.2580465116279,66.38,59.6,215,116,99
3822,3331628,82.0239869281046,80.92,83.46,306,173,133
3823,3331862,78.7179591836735,78.57,78.86,343,168,175
3824,3331893,77.2282508250825,80.24,73.53,303,167,136
3825,3332495,74.612421875,60.38,84.67,256,106,150
3826,3335003,73.4489655172414,84.66,59.06,290,163,127
3827,3336373,83.4925714285714,91.5,75.93,315,153,162
3828,3339952,79.7792509363296,72.82,84.15,267,103,164
3829,3340226,56.3578350515464,58.39,54.55,291,137,154
3830,3340430,62.6514457831325,50.98,70.75,249,102,147
3831,3342003,51.1016911764706,46.92,54.93,272,130,142
3832,3343906,50.9185714285714,30.77,66.03,273,117,156
3833,3345878,75.1908270676692,79.17,71.5,399,192,207
3834,3346046,83.2412290502793,82.84,83.6,358,169,189
3835,3347055,76.5444444444445,76.28,76.79,324,156,168
3836,3351945,78.7490625,78,79.41,320,150,170
3837,3353016,77.5485628742515,84.13,68.97,334,189,145
3838,3353981,72.4660759493671,77.63,67.68,316,152,164
3839,3356694,47.4845283018868,37.66,56.71,318,154,164
3840,3357705,68.7869337016575,65.61,71.22,362,157,205
3841,3357992,70.235,74.57,65.9,346,173,173
3842,3358516,67.3974294670846,54.62,75,319,119,200
3843,3358593,71.7756989247312,71.98,71.58,372,182,190
3844,3358817,53.8883233532934,43.7,60.8,334,135,199
3845,3359883,9.44358333333333,12.69,5.52,360,197,163
3846,3360669,66.8894370860927,64,68.93,302,125,177
3847,3362091,75.9226628895184,80.9,70.86,353,178,175
3848,3363073,69.9146991404011,66.67,72.63,349,159,190
3849,3364166,78.8508602150538,74.21,85,279,159,120
3850,3366136,72.8161165048544,69.87,75.82,309,156,153
3851,3366243,73.0775961538461,69.94,76.51,312,163,149
3852,3368127,46.6382511210762,38.71,52.31,223,93,130
3853,3370092,67.4772340425532,58.44,75.43,329,154,175
3854,3370204,40.6156307692308,40.23,41.06,325,174,151
3855,3370579,40.0735205992509,55.21,16.35,267,163,104
3856,3370651,47.5991266375546,56.52,38.6,229,115,114
3857,3372961,77.4766666666667,81.41,74.01,333,156,177
3858,3372985,75.7395409836066,81.06,71.68,305,132,173
3859,3373311,73.8864391691395,76.54,71.43,337,162,175
3860,3373959,37.874085106383,45.97,28.83,235,124,111
3861,3374773,80.2774394463668,78.1,82.24,289,137,152
3862,3375137,75.0021126760563,84.85,66.45,284,132,152
3863,3375434,71.25165625,68.35,73.48,320,139,181
3864,3375770,75.1711409395973,84.42,65.28,298,154,144
3865,3376258,69.6138461538462,77.61,61.11,260,134,126
3866,3376573,70.8636614173228,83.76,59.85,254,117,137
3867,3377690,79.2744363636364,81.89,77.03,275,127,148
3868,3377915,67.9191467576792,66.91,68.83,293,139,154
3869,3378519,76.1096245733788,80,71.74,293,155,138
3870,3378877,79.8227192982456,80.31,79.21,228,127,101
3871,3379992,76.7204262295082,76.71,76.73,305,146,159
3872,3384672,72.2403202846975,85.43,56.92,281,151,130
3873,3384779,54.3765,33.09,70.11,320,136,184
3874,3386893,73.4988958990536,80.39,67.07,317,153,164
3875,3391549,70.3959210526316,76.47,62.69,304,170,134
3876,3392327,60.0032,43.75,68.72,275,96,179
3877,3392864,59.1886764705882,71.52,43.8,272,151,121
3878,3393264,74.6407492795389,79.12,69.7,347,182,165
3879,3393318,58.3943065693431,65.79,49.18,274,152,122
3880,3393339,71.5453521126761,79.47,62.42,355,190,165
3881,3394391,69.285,74.4,65.16,280,125,155
3882,3395877,76.3173684210526,78.47,74.38,304,144,160
3883,3396231,45.2694650205761,67.72,20.69,243,127,116
3884,3400966,59.8410843373494,48.98,66.89,249,98,151
3885,3402083,40.5612048192771,56.64,18.87,249,143,106
3886,3407352,73.2916149068323,78.03,67.79,322,173,149
3887,3407360,60.1351162790698,82.61,24.79,301,184,117
3888,3410919,70.6352788104089,76.32,63.25,269,152,117
3889,3411364,76.505619047619,83.33,69.81,315,156,159
3890,3411708,71.7631764705882,70.63,72.87,255,126,129
3891,3412847,74.6180303030303,80.71,67.74,264,140,124
3892,3414106,70.1043060498221,68.99,71.05,281,129,152
3893,3414420,76.7044176706827,81.2,71.55,249,133,116
3894,3415859,8.60576158940397,5.62,11.97,302,160,142
3895,3416745,71.895,87.42,50.43,274,159,115
3896,3416859,69.5197602739726,73.55,64.96,292,155,137
3897,3417216,65.6632830188679,77.21,53.49,265,136,129
3898,3418040,72.65796875,82.54,63.08,256,126,130
3899,3418287,72.0283916083916,80.82,62.86,286,146,140
3900,3418397,71.5322627737226,71.09,71.92,274,128,146
3901,3419629,73.3728571428571,80.11,64.39,308,176,132
3902,3421168,78.9633009708738,81.82,75.69,309,165,144
3903,3422613,72.002,77.95,63.08,325,195,130
3904,3423548,80.2622697368421,83.92,73.33,304,199,105
3905,3424744,70.1601904761905,76.3,62.68,315,173,142
3906,3425297,78.4402095808383,79.14,77.55,334,187,147
3907,3428021,73.2611355311355,72.85,73.77,273,151,122
3908,3429703,71.8320422535211,76.23,68.52,284,122,162
3909,3431586,40.8818867924528,40.28,41.38,318,144,174
3910,3432201,71.9545018450184,65.52,76.77,271,116,155
3911,3434023,65.9304444444444,79.55,40.43,270,176,94
3912,3434897,73.0684210526316,74.86,70.95,323,175,148
3913,3437183,78.43728125,76.88,80.27,320,173,147
3914,3437213,75.9646290801187,75,76.72,337,148,189
3915,3437438,69.066036036036,67.27,70.83,333,165,168
3916,3439488,68.9522222222222,63.51,74.05,306,148,158
3917,3440673,52.7005405405405,41.76,62,370,170,200
3918,3442746,70.0025,73.47,66.17,280,147,133
3919,3443914,66.3175,73.51,58.39,288,151,137
3920,3445047,60.3567857142857,57.6,62.58,280,125,155
3921,3445591,63.6694244604316,75,50.77,278,148,130
3922,3447037,67.0550387596899,62.5,71.54,258,128,130
3923,3448825,66.796015625,43.43,81.53,256,99,157
3924,3450322,77.0245945945946,74.83,79.31,296,151,145
3925,3451028,71.5829136690648,69.03,74.8,278,155,123
3926,3451119,69.862602739726,69.29,70.39,292,140,152
3927,3453677,68.1143478260869,72.41,65,276,116,160
3928,3456784,60.5774038461538,64.78,56.21,312,159,153
3929,3457842,55.146875,38.66,67.97,272,119,153
3930,3459022,69.8675496688742,70.48,69.12,302,166,136
3931,3459101,72.5903614457831,70,75,332,160,172
3932,3459175,70.6075,72.97,66.67,296,185,111
3933,3460328,69.697037037037,70.66,68.46,297,167,130
3934,3461297,78.977957957958,79.65,78.26,333,172,161
3935,3464088,78.8710915492958,79.04,78.63,284,167,117
3936,3464494,71.3396261682243,80.41,63.58,321,148,173
3937,3464607,44.9175,45.22,44.63,236,115,121
3938,3466628,63.7855813953488,75,49.62,301,168,133
3939,3467106,74.2870714285714,80.14,67.91,280,146,134
3940,3467305,79.5549442379182,76.6,82.81,269,141,128
3941,3467990,66.1506832298137,73.46,58.75,322,162,160
3942,3468198,73.0647474747475,75,71.43,297,136,161
3943,3470085,73.0908562691131,71.17,75,327,163,164
3944,3470682,80.1315562913907,80,80.29,302,165,137
3945,3475081,76.078,73.53,78.99,255,136,119
3946,3476202,69.1803278688525,74.12,62.96,305,170,135
3947,3476492,74.1461904761905,75.97,72.14,294,154,140
3948,3481340,67.8588571428571,69.14,66.1,280,162,118
3949,3481427,67.7169824561404,60.26,76.12,285,151,134
3950,3481613,66.6651898734177,52.78,78.29,237,108,129
3951,3482561,64.2825,65.49,63.04,280,142,138
3952,3482621,61.0688571428571,64.47,57.03,280,152,128
3953,3485102,71.9701730103806,63.7,79.22,289,135,154
3954,3485190,71.2807266435986,68.49,74.13,289,146,143
3955,3487449,45.4912295081967,31.78,56.2,244,107,137
3956,3487785,76.6426277372263,79.55,73.94,274,132,142
3957,3489783,73.4525090909091,67.46,78.52,275,126,149
3958,3490858,76.2806511627907,80.99,67.12,215,142,73
3959,3490887,76.0561267605634,75.18,76.92,284,141,143
3960,3491470,82.420390625,77.6,87.02,256,125,131
3961,3495733,75.5861502347418,78,73.45,213,100,113
3962,3495846,70.5683870967742,68.12,73.64,248,138,110
3963,3497821,40.195,58.47,15.12,204,118,86
3964,3498640,48.68,65.62,36.36,228,96,132
3965,3498646,49.3998795180723,61.73,37.65,166,81,85
3966,3498652,65.7266666666667,68.27,63.3,213,104,109
3967,3498767,65.305,72.11,58.5,294,147,147
3968,3498782,68.8148387096774,73.61,63.7,279,144,135
3969,3501622,75.2671684587814,81.08,68.7,279,148,131
3970,3502674,66.1761029411765,70.7,60,272,157,115
3971,3505251,81.8753691275168,89.33,74.32,298,150,148
3972,3506738,78.7396850393701,82.48,74.36,254,137,117
3973,3507111,77.3044680851064,73.48,80.67,282,132,150
3974,3507553,77.8862376237624,74.51,81.33,303,153,150
3975,3507915,72.8655813953488,77.34,68.46,258,128,130
3976,3508440,64.1058608058608,69.54,57.38,273,151,122
3977,3509995,80.6473548387097,87.04,73.65,310,162,148
3978,3510084,78.8119205298013,78.68,78.92,302,136,166
3979,3511333,80.6881379310345,83.46,78.34,290,133,157
3980,3511400,82.8436569579288,86.36,79.35,309,154,155
3981,3511595,69.3167045454545,67.44,71.11,264,129,135
3982,3512519,61.0386206896552,72.92,49.32,290,144,146
3983,3513831,68.047969924812,76.26,59.06,266,139,127
3984,3516502,73.4806389776358,70.44,76.62,313,159,154
3985,3517075,70.703125,74.63,66.39,256,134,122
3986,3517624,67.9415331010453,77.46,58.62,287,142,145
3987,3518274,80.6085714285714,77.46,83.55,294,142,152
3988,3519314,59.9976271186441,59.26,60.62,295,135,160
3989,3520889,80.6179457364341,85.71,75.2,258,133,125
3990,3521414,67.2757454545454,53.23,78.81,275,124,151
3991,3521520,68.3559375,76.92,59.52,256,130,126
3992,3521779,40.3834615384615,20.59,59.43,208,102,106
3993,3522617,68.7753531598513,61.48,74.83,269,122,147
3994,3523356,56.0306896551724,39.47,72.03,232,114,118
3995,3523702,65.7143928571429,86.79,38.02,280,159,121
3996,3526329,62.8496180555556,52.07,70.66,288,121,167
3997,3526844,69.7086970684039,65.31,73.75,307,147,160
3998,3528267,71.9168518518518,66.67,76.44,324,150,174
3999,3528377,68.6692405063291,68.55,68.79,316,159,157
4000,3528523,62.9095845697329,52.29,71.74,337,153,184
4001,3528911,70.6966242038217,65.73,74.85,314,143,171
4002,3528968,69.3208554572271,55.26,80.75,339,152,187
4003,3529104,75,73.23,76.27,304,127,177
4004,3529237,71.8402298850575,71.51,72.19,348,179,169
4005,3529576,74.2643786982249,71.67,77.22,338,180,158
4006,3531795,78.2352849740933,78.57,77.89,386,196,190
4007,3533284,75.7820512820513,74.05,77.2,351,158,193
4008,3533503,72.9504255319149,72.79,73.08,329,147,182
4009,3533807,75.8972661870504,74.68,77.5,278,158,120
4010,3534019,74.2663192182411,70.08,77.22,307,127,180
4011,3534362,75.6480802292264,77.78,73.6,349,171,178
4012,3535531,68.5608383233533,69.62,67.61,334,158,176
4013,3537515,71.7214577259475,71.7,71.74,343,159,184
4014,3538485,65.4924705882353,52.59,76.26,255,116,139
4015,3540418,70.9359375,68.46,72.63,320,130,190
4016,3540597,70.358338762215,68.35,72.02,307,139,168
4017,3541993,67,82.67,51.33,300,150,150
4018,3542896,78.4832911392405,84.62,72.5,316,156,160
4019,3544621,73.3151906158358,78.26,67.52,341,184,157
4020,3545072,64.3136929460581,71.56,58.33,241,109,132
4021,3545323,69.4520172910663,79.43,59.3,347,175,172
4022,3547063,59.616217948718,49.25,67.42,312,134,178
4023,3547228,76.946023054755,80.85,72.33,347,188,159
4024,3547609,52.320206185567,54.73,49.73,388,201,187
4025,3549554,63.6644982698962,74.32,52.48,289,148,141
4026,3550711,71.7848571428571,75.69,67.65,280,144,136
4027,3551520,81.965,84.18,79.75,316,158,158
4028,3553638,69.824,74.22,66.24,285,128,157
4029,3554007,67.0326086956522,72.92,60.61,276,144,132
4030,3555714,80.4195481927711,77.91,82.84,332,163,169
4031,3556332,77.0101662049861,85.63,69.59,361,167,194
4032,3557312,58.2807643312102,90.36,22.3,314,166,148
4033,3558234,70.5871568627451,61.79,76.5,306,123,183
4034,3558900,66.8675301204819,65.5,68.32,332,171,161
4035,3559870,69.9041379310345,81.25,55.94,319,176,143
4036,3560477,58.8977607361963,57.4,60.51,326,169,157
4037,3561057,83.3335897435898,90.79,76.25,312,152,160
4038,3563002,62.1606756756757,54.31,67.22,296,116,180
4039,3563107,73.0780177514793,73.37,72.66,338,199,139
4040,3564131,73.9819122257053,70.47,77.06,319,149,170
4041,3564357,68.4544642857143,70.15,65.93,336,201,135
4042,3565492,49.2576119402985,58.54,34.62,268,164,104
4043,3565557,50.3760820895522,38.1,65.29,268,147,121
4044,3566122,74.7483164983165,76.33,72.66,297,169,128
4045,3566362,54.8533755274262,62.59,43.88,237,139,98
4046,3566503,49.3726359832636,31.82,64.34,239,110,129
4047,3567764,78.6998816568047,78.26,79.1,338,161,177
4048,3568741,78.1050326797386,76.43,79.87,306,157,149
4049,3570134,70.8741100323625,77.3,63.7,309,163,146
4050,3570912,73.7185897435897,68.99,78.57,312,158,154
4051,3571746,65.5921505376344,62.67,68.99,279,150,129
4052,3571877,77.7366445182724,82.01,74.07,301,139,162
4053,3572072,71.4810546875,70.09,72.48,256,107,149
4054,3573106,79.9359270516717,79.08,80.68,329,153,176
4055,3573447,78.9456842105263,78.79,79.08,285,132,153
4056,3573569,80.6284045584046,85.37,76.47,351,164,187
4057,3573869,70.5339285714286,61.36,76.47,224,88,136
4058,3573875,68.3761264822134,66.44,71.15,253,149,104
4059,3574586,65.3683116883117,67.74,63.77,231,93,138
4060,3574594,66.13125,64.22,67.63,248,109,139
4061,3574887,64.9369322709163,62.96,66.43,251,108,143
4062,3575299,75.7566666666667,78.79,73.33,297,132,165
4063,3575907,79.4433596837945,79.83,79.1,253,119,134
4064,3576716,57.2109302325581,74.05,30.95,215,131,84
4065,3578663,67.6333333333333,81.25,51.58,207,112,95
4066,3581204,64.0745925925926,55.97,72.06,270,134,136
4067,3581725,58.4570588235294,52.5,63.16,272,120,152
4068,3582112,72.335,72.67,72,300,150,150
4069,3582968,68.1446666666667,63.43,72.79,270,134,136
4070,3583513,73.3113533834587,78.42,67.72,266,139,127
4071,3584216,57.5435789473684,67.39,48.3,285,138,147
4072,3585203,63.868905109489,70.35,52.94,274,172,102
4073,3585785,68.3653090909091,63.78,72.3,275,127,148
4074,3587910,81.4619756838906,85.91,77.78,329,149,180
4075,3588335,79.2627759197324,74.69,84.67,299,162,137
4076,3589102,77.9237662337662,78.05,77.78,308,164,144
4077,3589144,76.49,77.59,75.17,319,174,145
4078,3589348,72.876862745098,62.77,81.07,306,137,169
4079,3590305,67.49525,71.79,63.41,240,117,123
4080,3590882,80.17996996997,81.46,78.71,333,178,155
4081,3592004,74.0476470588235,72.89,75.61,289,166,123
4082,3592390,76.4180081300813,79.19,72.16,246,149,97
4083,3592408,85.7670769230769,79.86,93.1,260,144,116
4084,3592546,59.3323666666667,59.73,58.94,300,149,151
4085,3593338,78.9848550724638,75.57,82.07,276,131,145
4086,3593711,75.8016014234875,72.85,79.23,281,151,130
4087,3594215,75.0897769516729,69.33,82.35,269,150,119
4088,3594579,63.7866255144033,53.21,72.39,243,109,134
4089,3594727,80.9223410404624,73.96,87.57,346,169,177
4090,3594778,83.5932492113565,78.98,88.12,317,157,160
4091,3594901,81.4900597014925,78.65,84.71,335,178,157
4092,3596284,78.616875,78.52,78.71,304,149,155
4093,3596709,77.0529745042493,73.14,80.9,353,175,178
4094,3597636,80.2444680851064,75,85.99,329,172,157
4095,3597898,74.8112406015038,81.3,69.23,266,123,143
4096,3598031,78.3181553398058,80.95,75.93,309,147,162
4097,3600179,60.3521052631579,70,46.09,285,170,115
4098,3600553,56.0127067669173,61.15,50.39,266,139,127
4099,3602359,71.0103188405797,75.82,65.64,345,182,163
4100,3603015,64.5251013513514,68.26,59.69,296,167,129
4101,3604266,72.9442808219178,69.34,76.13,292,137,155
4102,3604961,63.06,65.36,60,268,153,115
4103,3605277,66.6678395061728,67.05,66.23,324,173,151
4104,3605300,52.821935483871,64.9,34.02,248,151,97
4105,3605309,63.604495412844,55.97,70.83,327,159,168
4106,3605365,78.4555948553055,82.39,74.34,311,159,152
4107,3606854,68.791914893617,75.9,58.62,282,166,116
4108,3607044,81.2101910828026,86.5,75.5,314,163,151
4109,3608679,75.8488854489164,78.16,73.15,323,174,149
4110,3608729,75.2904651162791,72.83,78.12,344,184,160
4111,3609088,85.7983024691358,90.6,81.71,324,149,175
4112,3613323,58.8398713826367,67.7,49.33,311,161,150
4113,3613877,69.9359509202454,67.72,72.02,326,158,168
4114,3614212,73.4154113924051,75.15,71.52,316,165,151
4115,3615486,76.9228762541806,74.86,80,299,179,120
4116,3615989,70.7057239057239,63.71,75.72,297,124,173
4117,3616035,72.5226062322946,71.6,73.37,353,169,184
4118,3616613,54.9494568690096,56.96,52.9,313,158,155
4119,3617282,81.1365269461078,76.36,85.8,334,165,169
4120,3617625,77.9716783216783,79.45,76.43,286,146,140
4121,3618098,54.6557142857143,65.05,40.44,322,186,136
4122,3621414,77.4661408450704,75.16,79.38,355,161,194
4123,3622264,74.1812759643917,71.89,76.97,337,185,152
4124,3623072,75.709406779661,73.02,78.79,354,189,165
4125,3624067,80.5174498567335,77.35,83.93,349,181,168
4126,3625589,75.5348318042813,66.85,85.91,327,178,149
4127,3627293,68.6148936170213,65.62,71.74,376,192,184
4128,3628111,65.7710067114094,56.52,73.75,298,138,160
4129,3629235,74.9973493975904,76.3,73.58,332,173,159
4130,3629333,68.9806569343066,60.94,76.03,274,128,146
4131,3629483,72.4371378091873,57.89,82.25,283,114,169
4132,3629537,67.3622222222222,66.18,68.42,288,136,152
4133,3631896,81.0706428571429,77.4,85.07,280,146,134
4134,3632524,67.9988,64.22,70.92,250,109,141
4135,3632669,72.7273076923077,68.21,77.78,286,151,135
4136,3633667,72.9622962962963,71.09,74.65,270,128,142
4137,3634126,79.8217507418398,78.89,80.89,337,180,157
4138,3635273,80.0617405063291,85.35,74.84,316,157,159
4139,3636382,80.8456338028169,77.53,84.18,355,178,177
4140,3637266,75.7784161490683,68.1,83.65,322,163,159
4141,3637625,71.3732442748092,49.45,83.04,262,91,171
4142,3638672,77.7506393861892,78.57,76.8,391,210,181
4143,3639401,76.2941945288754,64.79,85.03,329,142,187
4144,3639424,78.1698525073746,76.62,79.46,339,154,185
4145,3640842,55.7419594594595,43.28,66.05,296,134,162
4146,3641249,69.0207058823529,66.12,71.64,255,121,134
4147,3642422,79.2177409638554,75.68,83.67,332,185,147
4148,3642789,75.8641644562334,70.11,81.35,377,184,193
4149,3643713,74.7693846153846,76.67,72.41,325,180,145
4150,3644181,76.2917021276596,73.47,80.45,329,196,133
4151,3648125,63.1898371335505,56.04,73.6,307,182,125
4152,3649542,75.0750146627566,74.36,76.03,341,195,146
4153,3650203,69.9166295264624,62.43,78.24,359,189,170
4154,3650853,54.8875862068965,52.46,57.58,348,183,165
4155,3652525,55.805,52.26,59.35,310,155,155
4156,3652702,39.7957142857143,26.09,51.92,294,138,156
4157,3653957,78.6591082802548,84.89,73.71,314,139,175
4158,3654141,52.1090804597701,51.25,53.47,261,160,101
4159,3654183,62.2671779141104,55.86,67.4,326,145,181
4160,3656628,67.365,65.87,68.86,334,167,167
4161,3657051,60.4140614334471,62.35,58.02,293,162,131
4162,3658268,75.5230149253731,79.41,69.47,335,204,131
4163,3658313,69.3984341637011,74.56,61.61,281,169,112
4164,3659001,73.0530194805195,71.76,74.01,308,131,177
4165,3660258,66.4795738636364,76.59,52.38,352,205,147
4166,3660783,55.0348201438849,32.81,74,278,128,150
4167,3661839,78.7022222222222,77.08,80,324,144,180
4168,3663751,70.7445671641791,67.26,74.25,335,168,167
4169,3663999,63.4430107526882,60.84,66.18,279,143,136
4170,3664391,70.23,79.75,58.82,299,163,136
4171,3664432,83.1190445859873,90.38,75.95,314,156,158
4172,3666385,65.218115942029,53.45,73.75,276,116,160
4173,3667000,73.1913058419244,86.61,62.8,291,127,164
4174,3671630,74.2330769230769,71.67,76.43,260,120,140
4175,3672334,73.9138461538462,75.16,72.46,299,161,138
4176,3672700,73.7210897435898,73.42,74.03,312,158,154
4177,3672780,70.095884244373,76.82,63.75,311,151,160
4178,3673664,76.218262195122,79.33,72.48,328,179,149
4179,3673898,66.7601734104046,69.27,64.07,346,179,167
4180,3675793,78.9323899371069,83.15,73.57,318,178,140
4181,3676174,71.5054189944134,70.65,72.41,358,184,174
4182,3676420,58.2684251968504,51.45,66.38,254,138,116
4183,3676557,67.3208823529412,64.03,70.06,306,139,167
4184,3678919,71.4287577639752,76.43,66.67,322,157,165
4185,3679018,79.5055830388693,84.62,75.16,283,130,153
4186,3679431,66.2690873015873,60.14,74.31,252,143,109
4187,3683434,63.2953183520599,51.54,74.45,267,130,137
4188,3687273,69.6308895705521,77.07,62.72,326,157,169
4189,3688740,69.4158762886598,76.82,61.43,291,151,140
4190,3691230,72.3814603174603,70.2,74.39,315,151,164
4191,3691529,73.9082608695652,73.12,74.59,345,160,185
4192,3694035,59.6875,56.67,62.35,320,150,170
4193,3695726,58.5461708860759,68.11,45.04,316,185,131
4194,3696186,70.5191185410334,66.67,73.99,329,156,173
4195,3696218,64.3076923076923,60,68.75,325,165,160
4196,3697403,68.3091076923077,68.83,67.84,325,154,171
4197,3701329,52.9687128712871,51.06,54.63,202,94,108
4198,3702126,54.7631428571429,59.65,48.96,210,114,96
4199,3702138,44.954495412844,42.5,47.96,218,120,98
4200,3702152,68.878041958042,69.18,68.5,286,159,127
4201,3703108,74.3753736654804,77.84,69.3,281,167,114
4202,3704139,75.9580769230769,76.58,75.32,312,158,154
4203,3708009,78.9686715867159,75,83.21,271,140,131
4204,3708440,59.0683122362869,59.63,58.59,237,109,128
4205,3708999,83.7639483394834,83.61,83.89,271,122,149
4206,3710342,75.9716961130742,73.33,77.53,283,105,178
4207,3710492,75.1032128514056,67.26,81.62,249,113,136
4208,3711098,63.336,60.42,65.28,240,96,144
4209,3711863,70.518085106383,73.51,67.98,329,151,178
4210,3712175,70.3857939914163,72.6,66.67,233,146,87
4211,3712556,69.7121532846715,62.41,76.6,274,133,141
4212,3714416,78.4565594855305,76.81,79.77,311,138,173
4213,3714906,64.3114869888476,34.82,85.35,269,112,157
4214,3715374,72.7855081967213,60.84,83.33,305,143,162
4215,3716951,63.7280882352941,46.67,81.82,204,105,99
4216,3718720,63.923137254902,78.62,44.55,255,145,110
4217,3719647,72.5815161290323,69.54,75.47,310,151,159
4218,3720348,75.0009191176471,74.82,75.19,272,139,133
4219,3720388,53.7110480349345,46.67,58.27,229,90,139
4220,3725818,74.4084848484848,73.61,75.16,297,144,153
4221,3728207,75.0795268138801,77.27,73.01,317,154,163
4222,3728810,77.0534560906516,75,79.19,353,180,173
4223,3729752,77.4183284457478,82.22,72.05,341,180,161
4224,3730248,71.0788,74.36,68.05,325,156,169
4225,3730760,75.1686394557823,75,75.37,294,160,134
4226,3731033,71.7478670360111,70.35,73.02,361,172,189
4227,3735021,63.0037,70.19,54.68,300,161,139
4228,3737362,64.919868852459,53.24,74.7,305,139,166
4229,3737613,71.658025477707,67.61,75,314,142,172
4230,3739416,76.1775588235294,75.74,76.61,340,169,171
4231,3740276,55.8066451612903,34.31,72.83,310,137,173
4232,3740824,70.5373354231975,55.41,83.63,319,148,171
4233,3741257,66.6663106796117,69.51,63.45,309,164,145
4234,3743353,61.7733204633205,69.93,50,259,153,106
4235,3743597,74.7590476190476,75.38,73.75,210,130,80
4236,3744960,64.4954071661238,62.14,66.47,307,140,167
4237,3744977,50.6545098039216,70.06,27.34,306,167,139
4238,3747706,66.095,63.01,69.18,292,146,146
4239,3750257,55.6419455252918,64.14,44.64,257,145,112
4240,3750263,48.4017808219178,49.61,46.67,219,129,90
4241,3750756,74.6391354466859,72.15,76.72,347,158,189
4242,3754493,68.3279359430605,62.99,72.73,281,127,154
4243,3754776,73.4890604026846,73.03,74.17,298,178,120
4244,3756211,72.9813927576602,71.04,75,359,183,176
4245,3758579,71.4806666666667,67.36,76.19,270,144,126
4246,3760195,54.4725203252032,59.54,48.7,246,131,115
4247,3761714,70.9112727272727,67.31,74.14,330,156,174
4248,3762349,61.1881818181818,69.87,50.77,286,156,130
4249,3762719,69.1501355932203,60.43,76.92,295,139,156
4250,3763500,69.8635616438356,73.48,66.88,292,132,160
4251,3763545,69.6158657243816,74.83,64.29,283,143,140
4252,3763800,71.2380392156863,63.33,76.34,306,120,186
4253,3764090,69.4075,64.29,73.03,304,126,178
4254,3764469,75.6258781362007,74.38,76.58,279,121,158
4255,3768931,60.2377952755905,69.7,50,254,132,122
4256,3769810,65.0724264705882,78.48,46.49,272,158,114
4257,3771189,75.1751063829787,76.19,74.07,282,147,135
4258,3773656,74.4296763754045,64.08,83.23,309,142,167
4259,3774694,73.2261935483871,70.44,76.16,310,159,151
4260,3781337,4.34616600790514,3.73,5.04,253,134,119
4261,3781623,69.5666403162055,72.5,66.92,253,120,133
4262,3781703,79.2783266932271,86.32,73.13,251,117,134
4263,3785219,75.4577914110429,75,75.82,163,72,91
4264,3785811,67.5679054054054,75.38,61.45,148,65,83
4265,3786291,35.8958974358974,65.96,15.71,117,47,70
4266,3786297,48.4629230769231,74.58,26.76,130,59,71
4267,3786776,70.4114201183432,71.62,69.47,169,74,95
4268,3786792,64.2885,64.41,64.2,140,59,81
4269,3786849,75.9812290502793,78.21,74.26,179,78,101
4270,3788079,74.0240909090909,69.49,76.84,154,59,95
4271,3788856,23.4850757575758,20.75,25.32,132,53,79
4272,3793103,46.8222222222222,51.92,43.24,126,52,74
4273,3793841,42.0518691588785,48.21,35.29,107,56,51
4274,3794061,49.5422018348624,56.14,42.31,109,57,52
4275,3794805,42.4776991150443,59.18,29.69,113,49,64
4276,3795076,38.3996,49.09,30,125,55,70
4277,3795196,50.380534351145,51.85,49.35,131,54,77
4278,3795791,49.1938709677419,47.62,50,124,42,82
4279,3795934,40.1794642857143,41.46,39.44,112,41,71
4280,3796368,46.8233333333333,19.05,60.71,126,42,84
4281,3797318,51.7517543859649,47.5,54.05,114,40,74
4282,3798290,54.3664429530201,55.56,53.85,149,45,104
4283,3798621,59.8630985915493,50.85,66.27,142,59,83
4284,3799166,65.0043333333333,65.52,64.84,120,29,91
4285,3799918,65.2696407185629,60.29,68.69,167,68,99
4286,3800641,70.5584263959391,70.37,70.69,197,81,116
4287,3800907,67.4666985645933,67.71,67.26,209,96,113
4288,3801548,69.5091928251121,74.73,65.91,223,91,132
4289,3804424,68.1594170403587,71,65.85,223,100,123
4290,3804777,78.7243404255319,81.98,75.81,235,111,124
4291,3805071,74.48,71.88,75.78,192,64,128
4292,3805837,72.4933624454148,68.7,76.32,229,115,114
4293,3806836,80.8524680851064,86.21,75.63,235,116,119
4294,3806991,79.1282608695652,76.8,81.9,230,125,105
4295,3808346,63.2236363636364,47.06,75,242,102,140
4296,3808448,74.2181640625,71.43,76.64,256,119,137
4297,3809022,68.8653892215569,74.26,60.61,167,101,66
4298,3810280,73.2555813953488,68.55,77.61,258,124,134
4299,3810718,81.8167355371901,72.8,91.45,242,125,117
4300,3814060,60.881156462585,64.06,58.43,294,128,166
4301,3814471,68.8602631578947,80.34,56.76,228,117,111
4302,3814641,83.1042465753425,93.33,75.97,219,90,129
4303,3815064,45.41,55.96,34.86,218,109,109
4304,3816294,73.8135317460318,72.48,74.83,252,109,143
4305,3816926,78.6643555555556,71.56,85.34,225,109,116
4306,3817043,68.4610373443983,60.95,74.26,241,105,136
4307,3818444,75.2939285714286,77.56,73.33,336,156,180
4308,3818529,79.3183950617284,80.13,78.61,324,151,173
4309,3818800,79.0194755244755,73.33,82.32,286,105,181
4310,3819334,69.0080830670926,56.91,76.84,313,123,190
4311,3820213,66.8906756756757,66.42,67.28,296,134,162
4312,3821433,64.3088888888889,64.54,64.1,297,141,156
4313,3821545,69.323215339233,69.57,69.1,339,161,178
4314,3822088,68.5133236151603,68.15,68.82,343,157,186
4315,3824070,72.26,77.42,67.1,310,155,155
4316,3824415,57.454,70.91,37.27,275,165,110
4317,3824992,63.8519594594595,62.73,65.19,296,161,135
4318,3826002,79.9344660194175,73.33,89.15,309,180,129
4319,3828324,69.1767741935484,57.72,78.21,279,123,156
4320,3828351,70.6639747634069,56.8,79.69,317,125,192
4321,3831789,64.7035640138408,56.93,71.71,289,137,152
4322,3834248,66.8905405405405,71.94,62.42,296,139,157
4323,3834292,67.3454421768707,62.59,71.61,294,139,155
4324,3834851,65.9254140127389,62.33,69.05,314,146,168
4325,3835667,52.415,62.07,42.76,290,145,145
4326,3835815,65.2282210242588,72.13,58.51,371,183,188
4327,3836149,70.6462903225807,75.51,66.26,310,147,163
4328,3836794,74.9205211726384,69.23,79.1,307,130,177
4329,3840318,72.6120307692308,67.11,77.27,325,149,176
4330,3840772,67.9195221843003,67.38,68.42,293,141,152
4331,3842863,74.7850143266476,76.47,72.84,349,187,162
4332,3843290,70.2027138643068,71.82,68.35,339,181,158
4333,3843629,71.2658620689655,68.54,74.12,348,178,170
4334,3843801,67.1452449567723,70.69,63.58,347,174,173
4335,3843884,60.0691666666667,46.67,69.64,288,120,168
4336,3847615,67.6377346278317,66.9,68.29,309,145,164
4337,3847656,73.9851724137931,73.38,74.55,319,154,165
4338,3847906,78.8510035842294,83.97,74.32,279,131,148
4339,3848998,76.6888343558282,77.99,75.45,326,159,167
4340,3850200,76.3649818181818,77.03,75.59,275,148,127
4341,3851632,74.9258409785933,78.11,71.52,327,169,158
4342,3852190,82.3710256410256,90.13,75,312,152,160
4343,3852526,77.5625641025641,80.26,75,312,152,160
4344,3852673,81.3289556962025,88.27,72.26,316,179,137
4345,3853020,74.7273992673993,84.38,61.06,273,160,113
4346,3853087,83.172,92.59,73.2,315,162,153
4347,3854651,78.1206875,85.71,71.08,320,154,166
4348,3854787,44.8497493036212,47.1,43.14,359,155,204
4349,3856852,57.6923076923077,64.84,52.72,312,128,184
4350,3856950,66.4220802919708,63.48,68.55,274,115,159
4351,3857547,83.9537313432836,78.29,89.21,268,129,139
4352,3857953,50.848813559322,75.95,21.9,295,158,137
4353,3861120,73.2176949152542,76.58,69.34,295,158,137
4354,3862029,56.6916901408451,52.21,60.81,284,136,148
4355,3865762,65.6036170212766,69.05,62.82,282,126,156
4356,3866906,70.5339285714286,76.11,64.1,336,180,156
4357,3869167,66.3804558404558,68.86,64.13,351,167,184
4358,3869553,65.7667567567567,69.77,61.49,333,172,161
4359,3869753,67.5350649350649,66.9,68.1,308,145,163
4360,3871340,69.2515527950311,70.62,67.9,322,160,162
4361,3871468,64.6437037037037,75.9,50.38,297,166,131
4362,3874067,35.4460759493671,28.32,41.94,237,113,124
4363,3874498,47.7714979757085,51.47,43.24,247,136,111
4364,3875955,59.8509090909091,67.38,51.22,264,141,123
4365,3876271,61.0207118644068,64.29,57.45,295,154,141
4366,3876294,42.8595510204082,52.99,30.63,245,134,111
4367,3876303,43.2065505226481,34.44,52.94,287,151,136
4368,3877559,73.602298136646,81.21,67.05,322,149,173
4369,3877799,68.335,82.67,54,300,150,150
4370,3877870,67.7876845637584,70.94,65.75,298,117,181
4371,3878456,71.25025,78.57,63.16,320,168,152
4372,3879032,75.5061744966443,74.83,76.13,298,143,155
4373,3880693,65.3338,72.22,57.25,300,162,138
4374,3880845,76.7822097378277,73.83,80.51,267,149,118
4375,3881521,72.1374613003096,72.96,71.34,323,159,164
4376,3882400,68.183,76.61,59.12,330,171,159
4377,3882421,71.0167515923567,77.14,66.09,314,140,174
4378,3882537,77.2182544378698,82.7,70.59,338,185,153
4379,3882781,37.7166666666667,53.57,22.41,342,168,174
4380,3884001,61.5392307692308,56.08,66.89,299,148,151
4381,3884730,66.6643181818182,68.42,65.33,264,114,150
4382,3885153,44.856261682243,33.33,56.6,321,162,159
4383,3886053,73.1602555910543,74.32,72.12,313,148,165
4384,3891174,80.7028070175439,87.5,74.14,342,168,174
4385,3892389,69.8679470198676,74.7,63.97,302,166,136
4386,3895773,62.8903459119497,65.36,59.71,318,179,139
4387,3895884,66.8524657534247,66.67,67.03,365,180,185
4388,3896482,70.9101818181818,78.43,64.41,330,153,177
4389,3897385,68.4681081081081,67.4,69.74,333,181,152
4390,3899322,60.3521585903084,76.92,42.73,227,117,110
4391,3900592,70.94109375,64.5,78.15,320,169,151
4392,3902852,50.8818021201413,48.25,53.57,283,143,140
4393,3905542,67.1675301204819,77.05,55.03,332,183,149
4394,3906157,57.7578700361011,44.09,69.33,277,127,150
4395,3906353,72.4385826771654,71.92,73.03,381,203,178
4396,3906400,65.1577620396601,54.43,73.85,353,158,195
4397,3906466,52.7488278388278,42.73,59.51,273,110,163
4398,3907121,62.8389864864865,67.8,55.46,296,177,119
4399,3907709,67.2973333333333,70.22,63.5,315,178,137
4400,3907719,55.2982196969697,36.97,70.34,264,119,145
4401,3908596,73.0965760869565,67.98,77.89,368,178,190
4402,3908875,68.4505633802817,60.89,76.14,355,179,176
4403,3910372,71.4274137931034,72.81,69.84,406,217,189
4404,3910522,71.9909685863874,68.66,75.69,382,201,181
4405,3911778,70.4660615384615,74.35,64.93,325,191,134
4406,3911792,70.0918768328446,72.49,67.11,341,189,152
4407,3912589,73.86672,74.86,72.92,375,183,192
4408,3913851,79.1882369942197,73.48,85.45,346,181,165
4409,3915995,64.2638144329897,45.19,80.77,291,135,156
4410,3918270,78.5713043478261,80.14,77.27,322,146,176
4411,3918472,78.7117647058823,79.76,77.78,357,168,189
4412,3920794,81.768660968661,76.88,86.52,351,173,178
4413,3920876,74.158165374677,71.35,76.73,387,185,202
4414,3921275,81.1920895522388,85.89,76.74,335,163,172
4415,3922407,65.7509174311927,56.05,74.71,327,157,170
4416,3924158,81.8176470588235,84.74,78.8,374,190,184
4417,3926789,77.4001547987616,79.75,75.15,323,158,165
4418,3926808,71.958277027027,81.29,61.7,296,155,141
4419,3927763,77.3177014925373,81.4,73.01,335,172,163
4420,3930868,71.7119428571429,77.27,66.09,350,176,174
4421,3930984,69.35,69.35,69.35,372,186,186
4422,3933629,68.7485,67.61,70.14,320,176,144
4423,3933742,64.9307272727273,61.73,68.25,385,196,189
4424,3934309,65.7752184466019,67.8,63.77,412,205,207
4425,3934796,67.7217867435158,74,59.18,347,200,147
4426,3935170,64.3537799043062,66.22,62.24,418,222,196
4427,3936008,71.3860377358491,78.95,64.46,318,152,166
4428,3936291,68.7150837988827,65.54,71.82,358,177,181
4429,3937074,45.256880733945,59.56,27.08,327,183,144
4430,3937924,68.8172580645161,72.41,65.66,372,174,198
4431,3938386,70.4433962264151,69.66,71.1,318,145,173
4432,3938863,64.7745970149254,68.02,61.35,335,172,163
4433,3939259,38.775,23.13,54.42,294,147,147
4434,3940697,50.6265625,32.26,67.88,320,155,165
4435,3941406,67.4682329317269,82.63,36.59,249,167,82
4436,3944999,71.4311278195489,74.17,69.18,266,120,146
4437,3945093,76.0508737864078,73.08,79.08,309,156,153
4438,3945874,64.1046153846154,66.67,62.07,312,138,174
4439,3945893,67.2835802469136,76.51,57.59,324,166,158
4440,3947991,77.8560714285714,82.07,73.33,280,145,135
4441,3948093,64.8166123778502,60.71,69.78,307,168,139
4442,3948813,75.1792907801418,74.38,75.78,282,121,161
4443,3950055,73.4210126582279,74.14,72.54,316,174,142
4444,3950547,65.8084615384615,44.79,80.43,234,96,138
4445,3950816,72.0827915194346,69.66,76.19,283,178,105
4446,3952341,72.7917006802721,61.94,81.88,294,134,160
4447,3952724,48.7358823529412,40.32,57.89,238,124,114
4448,3954863,75.6106271777004,63.64,83.05,287,110,177
4449,3955320,82.7388925081433,82.76,82.72,307,145,162
4450,3955821,67.06,85,45.22,255,140,115
4451,3959260,72.5704513888889,73.91,71.68,288,115,173
4452,3960232,75.5463636363636,79.43,72.47,319,141,178
4453,3960670,68.4603846153846,76.36,54.74,260,165,95
4454,3964666,68.3083076923077,66.23,70.18,325,154,171
4455,3966507,69.8469230769231,86.55,51.3,325,171,154
4456,3966724,62.4594019933555,60.28,64.38,301,141,160
4457,3968734,69.0984839650146,79.56,57.41,343,181,162
4458,3968846,69.3606397306397,66.19,72.15,297,139,158
4459,3970171,72.9208615384615,70.5,74.73,325,139,186
4460,3971046,82.7304316546763,80.15,85.03,278,131,147
4461,3971823,73.6803289473684,79.67,69.61,304,123,181
4462,3972543,62.5007738095238,79.56,42.58,336,181,155
4463,3972971,66.6683,80.33,45.3,300,183,117
4464,3976229,72.186338028169,76.88,66.13,284,160,124
4465,3976547,54.2211971830986,52.17,56.16,284,138,146
4466,3976589,68.8048979591837,75.14,62.05,343,177,166
4467,3976712,68.9849565217391,71.26,66.67,345,174,171
4468,3976985,82.4592307692308,88.12,76.97,325,160,165
4469,3977543,69.4704201680672,74.32,64.37,357,183,174
4470,3979208,64.2485474860335,70.97,56.98,358,186,172
4471,3981043,79.6310185185185,82.21,77.02,324,163,161
4472,3981953,71.3358598726115,74.4,67.81,314,168,146
4473,3982863,53.1481761006289,43.04,63.13,318,158,160
4474,3984340,62.9917322834646,68.03,56.07,254,147,107
4475,3984787,70.1870807453416,75.88,63.82,322,170,152
4476,3986462,65.9159176029962,62.81,68.49,267,121,146
4477,3987164,18.8572571428571,20.83,16.46,350,192,158
4478,3988103,77.106265060241,76.74,77.5,332,172,160
4479,3988416,53.1505118110236,32.8,72.87,254,125,129
4480,3989823,71.2012025316456,76.62,66.05,316,154,162
4481,3992382,21.873125,18.29,25.64,320,164,156
4482,3992387,50.1829889298893,31.25,67.13,271,128,143
4483,3992886,69.7948093841642,72.41,67.07,341,174,167
4484,3993384,74.4212786885246,70.63,77.09,305,126,179
4485,3994192,67.8787748344371,69.09,66.42,302,165,137
4486,3994441,72.1254848484848,69.57,74.56,330,161,169
4487,3994486,71.1101481481481,69.01,73.44,270,142,128
4488,3997359,66.4228832116788,71.93,57.28,274,171,103
4489,3999646,76.0508737864078,71.72,79.88,309,145,164
4490,3999740,70.3922368421053,70.11,70.77,304,174,130
4491,4001634,63.272,62.24,64.39,275,143,132
4492,4003342,65.0743382352941,52.31,76.76,272,130,142
4493,4004442,68.4397342192691,72.44,65.52,301,127,174
4494,4004600,73.2422408026756,84.21,58.59,299,171,128
4495,4005264,78.6125,80,77.3,360,175,185
4496,4005903,63.7686086956522,60.43,67.72,345,187,158
4497,4005939,61.3539661016949,59.52,63.78,295,168,127
4498,4006102,74.4230523255814,68.72,80.61,344,179,165
4499,4006196,77.0234951456311,81.18,71.94,309,170,139
4500,4006337,73.7581049562682,74.43,73.05,343,176,167
4501,4006850,70.7462985074627,69.68,72.11,335,188,147
4502,4008674,76.5147493403694,75,78.07,379,192,187
4503,4010639,77.2827415143603,75.13,79.38,383,189,194
4504,4011842,70.0922356495468,70.88,69.13,331,182,149
4505,4012295,70.4883680555556,75.98,61.47,288,179,109
4506,4013088,64.5284150943396,52.99,73.65,265,117,148
4507,4013121,77.6758490566038,75.78,79.62,318,161,157
4508,4014423,73.4838658146965,80.12,65.99,313,166,147
4509,4016892,78.6847368421053,79.58,77.78,380,191,189
4510,4017414,63.4853133514986,71.9,52.23,367,210,157
4511,4020105,77.5489212827988,83.33,70.7,343,186,157
4512,4021590,65.6892375366569,63.19,68.55,341,182,159
4513,4021815,73.0204985337243,80.77,64.15,341,182,159
4514,4022661,66.18,62.4,69.33,275,125,150
4515,4023015,69.3040594059406,77.01,58.91,303,174,129
4516,4023521,79.6787250996016,75.86,82.96,251,116,135
4517,4024788,83.1406,86.77,78.88,350,189,161
4518,4025366,72.7579401993356,68.94,75.74,301,132,169
4519,4025375,72.7281818181818,72.06,73.53,374,204,170
4520,4025400,76.9665853658537,72.73,80.83,369,176,193
4521,4025801,74.5224203821656,65.15,81.32,314,132,182
4522,4027669,75.8681233243968,78.72,72.97,373,188,185
4523,4029126,68.9375,77.85,57.39,264,149,115
4524,4029206,74.58,77.64,71.01,299,161,138
4525,4029641,81.5430872483222,83.33,79.58,298,156,142
4526,4030680,55.1257051282051,41.98,64.64,312,131,181
4527,4031457,69.7908556149733,71.51,68.09,374,186,188
4528,4032621,62.3922792022792,69.51,56.15,351,164,187
4529,4033132,72.113323943662,74.85,69.79,355,163,192
4530,4034017,69.0361300309598,68.61,69.35,323,137,186
4531,4034840,69.0537133550489,76.43,62.87,307,140,167
4532,4034879,65.7662307692308,74.83,53.21,260,151,109
4533,4036375,55.1239929328622,41.45,70.99,283,152,131
4534,4037588,81.8161363636364,78.36,86.13,308,171,137
4535,4038420,63.9697643097643,70.06,57.14,297,157,140
4536,4038431,65.2775,70.24,58.33,288,168,120
4537,4038894,83.33625,82.25,84.62,312,169,143
4538,4039873,73.056894977169,79.23,64.04,219,130,89
4539,4040687,74.3630769230769,72.96,76.32,273,159,114
4540,4041107,78.3569402985075,85.03,70.25,268,147,121
4541,4042351,78.8768544600939,83.64,73.79,213,110,103
4542,4042830,65.029754601227,79.01,51.22,163,81,82
