"MotifID","Position","Frm","FrmP","FrmN","Total_Coverage","CoverageP","CoverageN"
1,620,98.1986486486486,95.35,100,111,43,68
2,727,100,100,100,72,30,42
3,782,100,100,100,124,50,74
4,881,100,100,100,96,35,61
5,1168,99.3277181208054,98.41,100,149,63,86
6,1570,99.4097633136095,100,98.95,169,74,95
7,1635,99.4384269662921,100,98.98,178,80,98
8,1724,99.4511475409836,100,99.07,183,75,108
9,2021,100,100,100,183,75,108
10,2354,96.8414736842105,95.74,97.92,190,94,96
11,2516,100,100,100,193,84,109
12,2633,99.5033663366337,98.86,100,202,88,114
13,2762,99.0012,97.73,100,200,88,112
14,3074,98.5812322274881,97.96,99.12,211,98,113
15,3263,100,100,100,193,80,113
16,3756,98.1214084507042,100,96.49,213,99,114
17,3905,99.5377880184332,100,99.15,217,99,118
18,4821,100,100,100,196,77,119
19,4917,98.4359375,96.7,100,192,91,101
20,5346,99.0445933014354,98.08,100,209,104,105
21,5490,100,100,100,224,123,101
22,5852,98.9830456852792,98.11,100,197,106,91
23,6034,96.3134101382489,98.25,94.17,217,114,103
24,6062,99.4415642458101,98.98,100,179,98,81
25,6356,99.5899590163934,100,99.13,244,129,115
26,6515,95.5156950672646,98.36,92.08,223,122,101
27,6598,100,100,100,209,116,93
28,6788,98.5944859813084,99.07,98.11,214,108,106
29,6803,98.6928384279476,98.5,98.96,229,133,96
30,7917,93.0223837209303,91.95,94.12,172,87,85
31,8431,100,100,100,218,120,98
32,8445,100,100,100,215,126,89
33,8583,100,100,100,190,101,89
34,8617,98.6666666666667,99.2,98,225,125,100
35,8628,99.4240462427746,99.06,100,173,106,67
36,8760,99.5282464454976,99.21,100,211,126,85
37,8836,98.3964171122995,97.59,99.04,187,83,104
38,9100,100,100,100,190,102,88
39,9174,95.9092397660819,95.59,96.12,171,68,103
40,9181,98.9842639593909,98.26,100,197,115,82
41,9343,98.4848484848485,100,96,198,123,75
42,9462,99.5353023255814,100,98.97,215,118,97
43,9621,100,100,100,197,108,89
44,9648,100,100,100,192,110,82
45,9690,99.0676635514019,98.28,100,214,116,98
46,9916,97.3694736842105,97,97.78,190,100,90
47,10019,99.4741361256544,99.07,100,191,108,83
48,10076,99.0720930232558,98.25,100,215,114,101
49,10601,92.7272727272727,90,96,220,120,100
50,11327,94.8959693877551,94.17,95.7,196,103,93
51,11494,96.4090419161677,94.44,97.35,167,54,113
52,11664,100,100,100,213,116,97
53,12260,100,100,100,193,91,102
54,12871,100,100,100,246,119,127
55,12902,98.7649794238683,99.11,98.47,243,112,131
56,12926,99.59868,100,99.21,250,123,127
57,13094,99.6049011857708,99.16,100,253,119,134
58,13396,100,100,100,249,120,129
59,13576,99.4686170212766,100,98.89,188,98,90
60,13657,100,100,100,248,121,127
61,14315,98.7745306122449,100,97.84,245,106,139
62,14367,99.6034782608696,99.12,100,253,114,139
63,14573,100,100,100,240,113,127
64,14744,100,100,100,180,48,132
65,14751,98.7372268907563,99.13,98.37,238,115,123
66,14895,100,100,100,240,109,131
67,14972,99.5580616740088,99.12,100,227,114,113
68,15382,97.4467346938776,99.15,94.87,196,118,78
69,15851,99.61109375,99.24,100,256,131,125
70,16539,98.2088340807175,97.17,99.15,223,106,117
71,16731,98.9792346938776,100,97.53,196,115,81
72,16869,97.0282178217822,95.4,98.26,202,87,115
73,17461,95.7562264150943,92,99.11,212,100,112
74,17746,99.5811715481172,100,99.09,239,129,110
75,17844,100,100,100,192,103,89
76,17870,98.8443930635838,96.43,100,173,56,117
77,17948,99.578220338983,99.21,100,236,126,110
78,17979,96.2954320987654,94.74,97.67,162,76,86
79,18362,98.9328877005348,99.15,98.57,187,117,70
80,18485,99.10625,100,98.18,224,114,110
81,18549,100,100,100,193,68,125
82,19156,98.8235294117647,100,97.5,255,135,120
83,20831,92.3107100591716,87.1,95.33,169,62,107
84,20879,98.8888888888889,98.98,98.78,180,98,82
85,20909,100,100,100,233,121,112
86,21735,98.0918320610687,96.64,99.3,262,119,143
87,22449,100,100,100,208,91,117
88,22497,100,100,100,255,133,122
89,22694,100,100,100,262,136,126
90,23043,100,100,100,215,82,133
91,23186,96.2602803738318,100,92.45,214,108,106
92,23217,99.5860995850622,99.05,100,241,105,136
93,23352,100,100,100,259,132,127
94,23423,100,100,100,246,127,119
95,23627,99.1789300411523,98.28,100,243,116,127
96,23667,100,100,100,221,95,126
97,23702,99.5914285714286,99.09,100,245,110,135
98,23720,99.5387096774194,98.7,100,217,77,140
99,23919,99.173305785124,99.12,99.22,242,113,129
100,23936,99.1809836065574,99.15,99.21,244,118,126
101,23955,99.5822594142259,100,99.22,239,111,128
102,24004,98.5361951219512,97.52,100,205,121,84
103,24116,100,100,100,221,104,117
104,24320,100,100,100,250,127,123
105,24399,98.0766346153846,95.18,100,208,83,125
106,24444,98.1308411214953,96,100,214,100,114
107,25219,98.6209174311927,99.07,98.18,218,108,110
108,25274,98.3864516129032,97.44,99.07,186,78,108
109,25294,99.4408938547486,100,98.61,179,107,72
110,25450,100,100,100,184,86,98
111,25579,100,100,100,222,112,110
112,26162,100,100,100,207,100,107
113,26256,99.5165048543689,98.8,100,206,83,123
114,26283,100,100,100,214,100,114
115,26478,100,100,100,184,88,96
116,26808,98.87,100,96.61,177,118,59
117,27734,99.4952763819095,98.92,100,199,93,106
118,27798,98.9959798994975,97.78,100,199,90,109
119,27993,100,100,100,192,91,101
120,28149,98.8963535911602,100,97.73,181,93,88
121,28496,100,100,100,212,107,105
122,28674,99.3636942675159,100,98.89,157,67,90
123,28905,98.5073134328358,100,97.26,134,61,73
124,28927,98.8366279069768,98.59,99.01,172,71,101
125,29070,100,100,100,149,88,61
126,29120,97.7019540229885,98.75,96.81,174,80,94
127,29179,96.8185350318471,94.37,98.84,157,71,86
128,29445,83.7692207792208,94.19,70.59,154,86,68
129,29784,98.0647096774194,97.53,98.65,155,81,74
130,30120,98.8080357142857,100,97.75,168,79,89
131,30569,100,100,100,197,95,102
132,31406,100,100,100,177,105,72
133,31447,99.5217224880383,100,99.02,209,107,102
134,32117,99.480414507772,99.08,100,193,109,84
135,34030,97.3985714285714,96.15,98.68,154,78,76
136,34077,98.1010759493671,98.51,97.8,158,67,91
137,34387,96.6294382022472,93.75,98.98,178,80,98
138,34483,97.8018681318681,97.67,97.92,182,86,96
139,34780,99.1304347826087,97.5,100,115,40,75
140,34889,98.7662345679012,97.47,100,162,79,83
141,35118,98.8080357142857,97.75,100,168,89,79
142,35220,99.4233526011561,100,98.84,173,87,86
143,35398,100,100,100,146,87,59
144,35534,100,100,100,173,86,87
145,35717,100,100,100,153,67,86
146,36031,98.4725190839695,100,96.55,131,73,58
147,36106,97.2959459459459,93.1,100,148,58,90
148,36129,98.2438596491228,95.71,100,171,70,101
149,36319,94.2232947976879,92.86,95.51,173,84,89
150,36329,95.8657851239669,98.36,93.33,121,61,60
151,36571,98.2242603550296,97.1,99,169,69,100
152,36728,94.7098235294118,94.51,94.94,170,91,79
153,36757,98.6291095890411,98.7,98.55,146,77,69
154,36767,99.3516883116883,100,98.44,154,90,64
155,36832,99.3925,98.77,100,164,81,83
156,36970,100,100,100,191,104,87
157,37007,98.9950251256281,99,98.99,199,100,99
158,37514,100,100,100,198,105,93
159,37780,100,100,100,167,94,73
160,38426,99.5075862068966,100,98.98,203,105,98
161,38988,99.5222966507177,98.96,100,209,96,113
162,39110,98.5378048780488,98,99.05,205,100,105
163,39284,99.516425120773,100,98.9,207,116,91
164,39300,99.4207558139535,98.77,100,172,81,91
165,39328,99.0491428571429,100,98.08,210,106,104
166,39524,100,100,100,172,104,68
167,40070,98.9750256410257,98.97,98.98,195,97,98
168,40220,98.3877419354839,100,96.43,186,102,84
169,40778,98.8050299401198,98.81,98.8,167,84,83
170,40850,99.3245945945946,98.81,100,148,84,64
171,41017,99.4098235294118,100,98.73,170,91,79
172,41330,100,100,100,177,83,94
173,41597,98.0669032258064,100,96.39,155,72,83
174,41607,97.2489908256881,93.62,100,109,47,62
175,41657,100,100,100,144,64,80
176,41836,97.5,97.5,97.5,160,80,80
177,42195,88.7940517241379,69.77,100,116,43,73
178,42515,98.1808484848485,95.52,100,165,67,98
179,42743,97.1034782608696,97.62,96.3,69,42,27
180,42748,99.26,98.65,100,135,74,61
181,43135,99.3032638888889,98.73,100,144,79,65
182,43369,98.7173076923077,100,97.7,156,69,87
183,43377,98.3639344262295,98.44,98.28,122,64,58
184,43759,100,100,100,185,74,111
185,43968,100,100,100,178,69,109
186,43980,100,100,100,184,85,99
187,44049,99.4781151832461,98.88,100,191,89,102
188,44094,100,100,100,189,89,100
189,44129,97.4852201257862,92.73,100,159,55,104
190,44393,100,100,100,203,101,102
191,44564,100,100,100,223,110,113
192,44648,98.7180341880342,97.17,100,234,106,128
193,44744,98.6169585253456,100,97.54,217,95,122
194,44821,100,100,100,218,110,108
195,44981,100,100,100,195,65,130
196,45132,99.00195,98.55,99.24,200,69,131
197,45832,95.175,89.01,99.27,228,91,137
198,46197,99.1598319327731,99.06,99.24,238,106,132
199,46282,98.2147321428571,95.35,100,224,86,138
200,46347,93.6500529100529,73.91,100,189,46,143
201,46446,100,100,100,215,82,133
202,46510,100,100,100,249,117,132
203,46575,100,100,100,231,91,140
204,46806,99.0569811320755,100,98.04,212,110,102
205,46980,98.4713793103448,99.15,97.92,261,117,144
206,47115,96.2015189873418,89.77,100,237,88,149
207,47415,97.8710638297872,98.61,97.1,141,72,69
208,47420,97.4764705882353,98.61,95.74,119,72,47
209,47477,97.2734090909091,99.13,95.24,220,115,105
210,47855,99.5854771784232,100,99.1,241,130,111
211,47874,100,100,100,251,123,128
212,47992,97.4040740740741,96.52,98.06,270,115,155
213,48120,99.2843727598566,100,98.66,279,130,149
214,48246,100,100,100,257,94,163
215,48897,100,100,100,269,127,142
216,48951,99.5694420600858,99.12,100,233,114,119
217,49054,99.0469047619048,98.46,99.31,210,65,145
218,49060,99.50045,100,99.03,200,97,103
219,49186,100,100,100,240,79,161
220,49512,99.6296282527881,99.19,100,269,123,146
221,49826,99.3106206896552,100,98.64,290,143,147
222,49854,99.4833678756477,98.31,100,193,59,134
223,49902,99.2493984962406,100,98.51,266,132,134
224,50031,100,100,100,229,86,143
225,50839,100,100,100,284,142,142
226,50855,100,100,100,254,117,137
227,50971,100,100,100,279,148,131
228,50993,99.6230681818182,99.07,100,264,107,157
229,51022,100,100,100,249,127,122
230,51112,99.5897131147541,99.29,100,244,141,103
231,51173,98.8096428571428,98.29,99.26,252,117,135
232,51302,97.8509677419355,96.53,99.26,279,144,135
233,51452,99.61109375,99.24,100,256,131,125
234,51602,99.6174144486692,99.22,100,263,129,134
235,51703,98.0253289473684,95.65,100,152,69,83
236,51919,100,100,100,228,129,99
237,52221,100,100,100,258,152,106
238,52354,100,100,100,260,121,139
239,52365,99.6465957446809,99.34,100,282,151,131
240,52616,100,100,100,262,149,113
241,53067,99.5140776699029,100,98.57,206,136,70
242,53391,99.0205882352941,97.3,100,204,74,130
243,53518,99.6049011857708,100,99.16,253,134,119
244,53653,99.0194607843137,100,97.59,204,121,83
245,53683,99.5140776699029,100,98.57,206,136,70
246,53710,99.0589622641509,98.1,100,212,105,107
247,53813,100,100,100,240,126,114
248,53978,99.4979899497487,98.65,100,199,74,125
249,54091,100,100,100,250,136,114
250,54133,100,100,100,247,130,117
251,54161,99.5462443438914,99.08,100,221,109,112
252,54308,99.5712017167382,100,99.03,233,130,103
253,54367,99.16525,99.15,99.18,240,118,122
254,54412,99.5186956521739,100,99.19,207,84,123
255,54472,99.0028,98.65,99.21,200,74,126
256,54479,100,100,100,219,136,83
257,54662,100,100,100,257,119,138
258,55025,99.542752293578,99.11,100,218,112,106
259,55547,100,100,100,240,124,116
260,56102,99.2210505836576,99.19,99.25,257,124,133
261,56144,99.09592760181,100,98.15,221,113,108
262,56421,99.545,100,99.09,220,110,110
263,56481,97.7194520547945,98.04,97.44,219,102,117
264,56517,100,100,100,248,121,127
265,56757,100,100,100,254,119,135
266,57766,99.3832716049383,100,98.97,162,65,97
267,57850,99.4853608247423,100,98.96,194,98,96
268,58934,91.8704878048781,82.05,96.43,123,39,84
269,59408,98.9784693877551,97.87,100,196,94,102
270,59813,98.296875,100,97.25,176,67,109
271,60011,99.4796875,100,99.1,192,81,111
272,60377,99.5176923076923,98.86,100,208,88,120
273,60412,100,100,100,172,74,98
274,60581,98.3505494505495,96.84,100,182,95,87
275,60893,98.485,100,98.02,132,31,101
276,60898,98.1124528301887,100,97.56,106,24,82
277,60914,100,100,100,187,99,88
278,60973,100,100,100,219,107,112
279,61033,99.4916326530612,100,99.06,196,90,106
280,61052,97.6238690476191,94.55,99.12,168,55,113
281,61069,98.8083333333333,100,97.14,168,98,70
282,61118,99.5375,98.89,100,216,90,126
283,61265,99.2700729927007,97.5,100,137,40,97
284,61270,96.7237704918033,94.83,98.44,122,58,64
285,61291,98.4833333333333,97.5,99.15,198,80,118
286,61318,99.050380952381,99.03,99.07,210,103,107
287,61442,98.1861818181818,99.12,97.2,220,113,107
288,61471,98.9174594594595,98.44,99.17,185,64,121
289,61501,98.3679347826087,96.77,99.18,184,62,122
290,61739,99.5638596491228,99.12,100,228,113,115
291,61801,99.5511711711712,100,99.06,222,116,106
292,61879,100,100,100,211,109,102
293,62038,99.4691534391534,98.73,100,189,79,110
294,62135,100,100,100,232,119,113
295,62696,99.5101477832512,99.12,100,203,113,90
296,62801,99.5434246575343,100,99.01,219,118,101
297,63236,99.5157766990291,99.05,100,206,105,101
298,64204,100,100,100,227,107,120
299,64225,97.7128571428571,98,97.33,175,100,75
300,64245,100,100,100,244,135,109
301,64443,100,100,100,219,140,79
302,64479,98.6858333333333,100,96.39,228,145,83
303,64501,98.0208695652174,98.48,97.52,253,132,121
304,64756,100,100,100,247,117,130
305,64845,99.1692946058091,98.18,100,241,110,131
306,65094,99.4931979695431,100,98.44,197,133,64
307,65122,99.1586974789916,99.1,99.21,238,111,127
308,65133,100,100,100,231,129,102
309,65637,99.5839330543933,100,99.12,239,126,113
310,66429,100,100,100,156,67,89
311,66452,100,100,100,261,130,131
312,66539,98.80072,98.29,99.25,250,117,133
313,67010,100,100,100,243,112,131
314,67036,100,100,100,253,122,131
315,67135,98.9940201005025,98.67,99.19,199,75,124
316,67144,98.7391176470588,99.22,98.17,238,129,109
317,67190,100,100,100,216,85,131
318,67204,99.4907614213198,100,98.86,197,109,88
319,67244,99.6193181818182,99.25,100,264,134,130
320,67265,98.115,96.23,100,212,106,106
321,67699,98.3786486486486,99.25,96.15,185,133,52
322,67739,100,100,100,250,135,115
323,68069,100,100,100,202,118,84
324,68125,100,100,100,254,118,136
325,68700,100,100,100,197,79,118
326,68708,100,100,100,235,142,93
327,68801,100,100,100,253,126,127
328,68882,100,100,100,233,94,139
329,69363,99.5703862660944,100,99.23,233,103,130
330,69969,96.9285526315789,92.47,100,228,93,135
331,70119,98.256288209607,98.04,98.43,229,102,127
332,70406,99.5502262443439,100,99.29,221,81,140
333,70949,100,100,100,256,113,143
334,71156,97.6221428571428,97.44,97.78,252,117,135
335,71751,99.5294339622641,99.14,100,212,116,96
336,71846,98.9952261306533,98.98,99.01,199,98,101
337,72341,99.0814746543779,98.84,99.24,217,86,131
338,72445,100,100,100,256,132,124
339,72742,100,100,100,220,118,102
340,72794,100,100,100,233,106,127
341,72839,99.50185,100,98.77,200,119,81
342,73272,98.99985,100,97.59,200,117,83
343,73389,100,100,100,246,131,115
344,73593,100,100,100,243,112,131
345,73673,99.179341563786,98.31,100,243,118,125
346,73805,100,100,100,229,116,113
347,74220,99.5762025316456,100,99.19,237,113,124
348,74657,98.466,99.15,97.44,195,117,78
349,74851,99.2100787401575,100,98.48,254,122,132
350,75010,99.1159292035398,97.78,100,226,90,136
351,75037,99.557577092511,100,99.17,227,106,121
352,75551,100,100,100,204,105,99
353,75650,99.5211483253588,100,99.28,209,70,139
354,75738,100,100,100,247,111,136
355,75957,96.243661971831,92.38,100,213,105,108
356,75977,97.7793777777778,97.96,97.64,225,98,127
357,75987,97.9736032388664,96.46,99.25,247,113,134
358,76038,91.1728235294118,65.79,98.48,170,38,132
359,76067,99.0458095238095,97.67,100,210,86,124
360,76551,100,100,100,224,99,125
361,76695,100,100,100,142,76,66
362,77027,98.0601941747573,100,96.4,206,95,111
363,77036,99.5290566037736,100,99.04,212,108,104
364,77153,100,100,100,222,101,121
365,77624,99.471947368421,100,99.21,190,63,127
366,77771,97.4469387755102,99.02,95.74,196,102,94
367,77807,97.7264204545454,98.9,96.47,176,91,85
368,77853,98.9680412371134,97.14,100,194,70,124
369,78344,100,100,100,212,104,108
370,79013,99.5264928909953,99.03,100,211,103,108
371,79029,98.7082580645161,95.74,100,155,47,108
372,79783,99.4708994708995,98.75,100,189,80,109
373,79929,100,100,100,185,96,89
374,79947,98.9247311827957,97.5,100,186,80,106
375,80545,98.9060109289617,97.14,100,183,70,113
376,80605,99.50125,98.95,100,200,95,105
377,80679,98.062064516129,95.65,99.08,155,46,109
378,81180,100,100,100,212,107,105
379,81251,99.5042786069652,99.06,100,201,106,95
380,81324,100,100,100,124,55,69
381,81336,98.7169230769231,97.22,100,156,72,84
382,81381,99.4154385964912,100,98.81,171,87,84
383,81444,99.465744680851,98.92,100,188,93,95
384,82408,99.2969014084507,100,98.44,142,78,64
385,82688,99.16,100,97.06,119,85,34
386,82787,100,100,100,131,61,70
387,82835,100,100,100,170,71,99
388,83080,100,100,100,171,80,91
389,83174,99.1861788617886,98.18,100,123,55,68
390,84039,86.8678787878788,77.08,96.08,99,48,51
391,84387,97.7753333333333,100,95.77,135,64,71
392,84435,96.0028,91.67,98.44,100,36,64
393,85017,99.2697080291971,98.55,100,137,69,68
394,85576,93.6936936936937,100,87.5,111,55,56
395,85665,100,100,100,166,76,90
396,85676,100,100,100,150,58,92
397,85760,98.7886060606061,97.37,100,165,76,89
398,86546,98.3023728813559,97.67,98.9,177,86,91
399,86668,100,100,100,159,69,90
400,86761,98.7354430379747,100,97.78,158,68,90
401,86872,99.405,100,98.81,168,84,84
402,87091,94.9667924528302,100,89.74,159,81,78
403,87175,100,100,100,110,67,43
404,87475,100,100,100,155,63,92
405,87534,98.7959638554217,100,97.47,166,87,79
406,87854,100,100,100,186,90,96
407,88229,98.5901408450704,96.92,100,142,65,77
408,88236,99.3421052631579,98.75,100,152,80,72
409,88329,99.4350282485876,100,98.75,177,97,80
410,88482,99.5100487804878,99.07,100,205,108,97
411,88515,99.3782608695652,98.57,100,161,70,91
412,88650,98.9639896373057,97.85,100,193,93,100
413,90214,100,100,100,202,109,93
414,90253,100,100,100,117,71,46
415,90257,100,100,100,131,34,97
416,90299,99.4796875,98.89,100,192,90,102
417,90362,99.4031137724551,98.88,100,167,89,78
418,90376,100,100,100,172,79,93
419,90395,98.2526162790698,97.89,98.7,172,95,77
420,90805,99.4200581395349,100,98.67,172,97,75
421,91035,99.5300469483568,99.09,100,213,110,103
422,91073,98.1165566037736,98.17,98.06,212,109,103
423,91123,95.3768208092486,94.19,96.55,173,86,87
424,91284,100,100,100,219,114,105
425,91329,98.7508125,100,97.47,160,81,79
426,91363,98.5550961538462,97.87,99.12,208,94,114
427,91777,99.4769633507853,100,98.65,191,117,74
428,93013,100,100,100,221,105,116
429,93173,97.0575294117647,100,92.06,170,107,63
430,93272,98.9938693467337,97.87,100,199,94,105
431,93622,100,100,100,167,56,111
432,93686,100,100,100,149,51,98
433,93794,99.0434449760766,97.96,100,209,98,111
434,93953,99.5489592760181,99.11,100,221,112,109
435,94148,100,100,100,230,114,116
436,94331,99.4605913978495,98.73,100,186,79,107
437,94613,99.5566666666667,100,99.05,225,120,105
438,96236,99.5614096916299,99.24,100,227,131,96
439,96254,100,100,100,230,113,117
440,96386,98.66125,100,97.06,224,122,102
441,97286,100,100,100,227,115,112
442,97634,98.6677777777778,100,97.25,225,116,109
443,97643,100,100,100,236,127,109
444,98339,99.5681385281385,100,99.14,231,115,116
445,98466,100,100,100,204,109,95
446,98526,100,100,100,253,132,121
447,98536,100,100,100,224,128,96
448,98632,99.5838174273859,100,99.15,241,123,118
449,98691,99.5804219409283,100,99.12,237,124,113
450,98753,98.6921568627451,100,93.33,153,123,30
451,98772,100,100,100,249,127,122
452,98817,99.170826446281,98.73,100,121,79,42
453,98821,98.1645871559633,85.71,100,109,14,95
454,99169,100,100,100,221,111,110
455,99531,99.5941463414634,99.22,100,246,128,118
456,100900,99.5796638655462,99.18,100,238,122,116
457,101080,100,100,100,218,95,123
458,101462,100,100,100,225,103,122
459,101470,99.5035643564356,100,99.08,202,93,109
460,102071,100,100,100,220,106,114
461,102089,100,100,100,254,140,114
462,103236,100,100,100,229,132,97
463,103386,100,100,100,218,124,94
464,103555,100,100,100,250,135,115
465,103985,97.9353719008265,99.18,96.67,242,122,120
466,104207,98.7831300813008,98.43,99.16,246,127,119
467,104372,99.5797489539749,99.19,100,239,124,115
468,104408,99.5817573221757,99.16,100,239,119,120
469,104462,100,100,100,223,132,91
470,104870,100,100,100,210,103,107
471,105002,98.9538219895288,100,98.06,191,88,103
472,105206,99.5130097087379,100,98.86,206,118,88
473,105555,99.5580616740088,99.12,100,227,114,113
474,105752,99.0355555555556,100,97.83,207,115,92
475,105785,98.7833603238866,99.25,98.23,247,134,113
476,106314,96.8928,97.44,96.3,225,117,108
477,106560,98.7284745762712,100,97.58,236,112,124
478,106863,99.5100487804878,100,99.07,205,97,108
479,107112,100,100,100,208,109,99
480,107286,100,100,100,240,108,132
481,107688,99.0566037735849,100,98.4,212,87,125
482,108322,98.7007792207792,100,97.54,231,109,122
483,108468,100,100,100,183,46,137
484,108924,98.6552466367713,100,97.06,223,121,102
485,108948,100,100,100,234,120,114
486,109017,97.6291699604743,96.4,98.59,253,111,142
487,109371,99.6158778625954,100,99.32,262,114,148
488,109401,100,100,100,260,122,138
489,109543,99.2086956521739,100,98.6,253,110,143
490,109590,99.6425,100,99.35,280,126,154
491,110239,100,100,100,253,105,148
492,110671,98.8187007874016,98.13,99.32,254,107,147
493,110926,98.6188479262673,98.18,99.07,217,110,107
494,111691,95.7666137566138,100,91.01,189,100,89
495,111743,99.5559555555556,99.03,100,225,103,122
496,112255,99.1136283185841,98.99,99.21,226,99,127
497,112921,96.2804651162791,100,92.73,215,105,110
498,112999,100,100,100,208,98,110
499,113064,100,100,100,227,108,119
500,113148,99.5262559241706,100,98.98,211,113,98
501,113460,99.5691379310345,100,99.16,232,113,119
502,114089,99.5566222222222,99.14,100,225,116,109
503,114610,99.5947368421053,99.09,100,247,110,137
504,114702,97.3862303664921,96.83,97.66,191,63,128
505,114928,100,100,100,243,109,134
506,115108,100,100,100,207,85,122
507,115339,100,100,100,235,123,112
508,115416,99.60921875,100,99.18,256,134,122
509,116198,100,100,100,238,116,122
510,116222,100,100,100,192,112,80
511,116231,99.4927272727273,99.19,100,198,124,74
512,116248,100,100,100,171,104,67
513,116336,99.5186473429952,100,98.94,207,113,94
514,116347,99.5562666666667,100,98.96,225,129,96
515,116948,100,100,100,236,112,124
516,118092,99.5134146341463,100,98.95,205,110,95
517,118464,100,100,100,230,112,118
518,118726,99.1511016949153,100,98.41,236,110,126
519,118874,99.4916836734694,100,98.77,196,115,81
520,118902,99.5331775700935,98.89,100,214,90,124
521,118931,98.9974874371859,98.25,100,199,114,85
522,119211,99.5150485436893,100,99.1,206,95,111
523,119223,98.2864,92.86,100,175,42,133
524,119354,99.5811764705882,99.11,100,238,112,126
525,119911,98.2377973568282,100,96.46,227,114,113
526,120239,99.0740740740741,98,100,216,100,116
527,120254,100,100,100,167,94,73
528,120329,99.0529857819905,97.94,100,211,97,114
529,120728,100,100,100,207,100,107
530,120887,100,100,100,183,87,96
531,120979,100,100,100,202,107,95
532,121049,100,100,100,212,110,102
533,121367,99.4673796791444,98.8,100,187,83,104
534,121580,97.5132298136646,96.47,98.68,161,85,76
535,121679,94.6469047619048,94.74,94.57,168,76,92
536,122158,96.5989795918367,100,94.95,147,48,99
537,122342,99.4573913043478,98.72,100,184,78,106
538,122516,100,100,100,160,65,95
539,123045,100,100,100,117,39,78
540,123050,97.5585365853659,100,96.15,41,15,26
541,123077,100,100,100,156,62,94
542,123125,99.4709523809524,100,99.01,189,88,101
543,123743,98.8096428571429,96.97,100,168,66,102
544,123839,100,100,100,184,72,112
545,123887,99.480310880829,98.82,100,193,85,108
546,123950,100,100,100,206,91,115
547,124085,99.4922959183673,100,99.07,196,89,107
548,124113,99.3413815789474,97.87,100,152,47,105
549,124493,100,100,100,217,108,109
550,124550,100,100,100,172,58,114
551,124557,99.475,100,98.95,190,95,95
552,124571,100,100,100,194,87,107
553,124724,99.4759162303665,100,98.9,191,100,91
554,124796,100,100,100,205,101,104
555,124845,100,100,100,182,86,96
556,124889,99.4466666666667,98.8,100,180,83,97
557,125249,99.3710691823899,100,99,159,59,100
558,125752,100,100,100,182,86,96
559,125797,98.9746666666666,98.9,99.04,195,91,104
560,125863,99.0535545023697,98.9,99.17,211,91,120
561,126106,100,100,100,203,99,104
562,126172,100,100,100,217,97,120
563,126409,99.5377777777778,99.04,100,216,104,112
564,126523,100,100,100,208,99,109
565,126691,100,100,100,202,83,119
566,126961,100,100,100,200,74,126
567,127063,99.5241626794259,100,99.15,209,92,117
568,127510,100,100,100,205,99,106
569,128191,99.0876712328767,98.2,100,219,111,108
570,128317,100,100,100,206,97,109
571,128335,100,100,100,222,98,124
572,128359,100,100,100,191,97,94
573,128387,99.0669158878505,98.88,99.2,214,89,125
574,128939,99.4855384615385,100,99.12,195,81,114
575,129136,100,100,100,193,82,111
576,129798,100,100,100,228,110,118
577,130139,98.8450867052023,100,97.3,173,99,74
578,130340,100,100,100,231,113,118
579,131024,99.0946153846154,98.13,100,221,107,114
580,131268,97.3834031413613,97.03,97.78,191,101,90
581,131754,98.15,100,96.4,216,105,111
582,131921,99.1171681415929,100,98.28,226,110,116
583,132272,100,100,100,218,107,111
584,132750,100,100,100,213,91,122
585,133124,98.6017674418605,98.11,99.08,215,106,109
586,133257,100,100,100,221,85,136
587,133286,99.5536322869955,100,99.21,223,97,126
588,133371,100,100,100,222,104,118
589,133460,99.1518644067797,100,98.56,236,97,139
590,133505,99.5842677824268,100,99.31,239,95,144
591,133524,99.5018,98.94,100,200,94,106
592,133622,98.6953043478261,100,97.52,230,109,121
593,133632,99.5493273542601,100,99.25,223,89,134
594,133718,99.5663043478261,100,99.25,230,97,133
595,133910,99.5605726872247,98.95,100,227,95,132
596,135125,100,100,100,215,103,112
597,135797,99.4596756756757,100,98.53,185,117,68
598,135982,99.5703862660944,100,99.09,233,123,110
599,136052,99.3314666666667,100,98.91,150,58,92
600,136072,99.5581497797357,99.15,100,227,118,109
601,136358,100,100,100,212,100,112
602,136363,99.21,98.73,100,127,79,48
603,136372,96.9085567010309,95.87,98.63,194,121,73
604,136654,100,100,100,233,117,116
605,137188,98.8542748091603,98.44,99.25,262,128,134
606,137477,99.5456164383561,99.07,100,219,107,112
607,137581,100,100,100,267,133,134
608,137632,98.3756097560975,97.78,99.1,246,135,111
609,138200,99.0953846153846,99.02,99.16,221,102,119
610,138221,98.2682251082251,97.2,99.19,231,107,124
611,138661,93.6818421052632,92.17,96,190,115,75
612,138917,99.5197115384615,100,98.89,208,118,90
613,139198,99.5813865546218,100,99.19,238,115,123
614,139373,99.6,99.2,100,250,125,125
615,139432,99.0111386138614,100,97.65,202,117,85
616,139723,99.5024378109453,98.63,100,201,73,128
617,139822,100,100,100,211,94,117
618,139984,99.5852282157676,99.16,100,241,119,122
619,140071,100,100,100,220,126,94
620,140086,100,100,100,211,121,90
621,140132,98.9677835051546,100,97.33,194,119,75
622,140473,99.5582300884956,100,99.04,226,122,104
623,140596,99.4009580838323,100,97.56,167,126,41
624,140731,99.5537668161435,100,99.07,223,116,107
625,140789,100,100,100,226,101,125
626,140800,100,100,100,190,112,78
627,140912,100,100,100,229,109,120
628,141291,94.7624083769634,97.98,91.3,191,99,92
629,141455,97.7126285714286,98.11,97.54,175,53,122
630,141684,99.5454545454545,100,99.2,220,95,125
631,141770,99.5396313364055,100,99.1,217,106,111
632,141872,99.5204326923077,98.67,100,208,75,133
633,142101,100,100,100,208,97,111
634,142605,98.2436842105263,100,95.77,171,100,71
635,142981,98.9451851851852,97.96,99.29,189,49,140
636,143152,99.586,100,99.28,240,102,138
637,143482,99.1633054393305,99.02,99.27,239,102,137
638,143580,98.038431372549,100,95.08,153,92,61
639,143695,98.7089655172414,100,97.66,232,104,128
640,143750,98.6684444444444,98.88,98.53,225,89,136
641,143900,100,100,100,199,75,124
642,143915,100,100,100,218,105,113
643,144332,99.604347826087,99.09,100,253,110,143
644,144428,97.8250434782609,98.97,96.99,230,97,133
645,144443,100,100,100,223,103,120
646,145528,99.50407960199,98.88,100,201,89,112
647,145541,100,100,100,193,93,100
648,145759,99.5392165898618,98.99,100,217,99,118
649,147559,100,100,100,169,89,80
650,147972,99.3957831325301,98.82,100,166,85,81
651,148133,100,100,100,161,87,74
652,148320,99.3103448275862,100,98,145,95,50
653,148503,99.3972891566265,98.85,100,166,87,79
654,148595,99.3623566878981,100,98.59,157,86,71
655,148967,100,100,100,130,76,54
656,149012,100,100,100,106,80,26
657,149119,98.3493388429752,98.51,98.15,121,67,54
658,150255,89.2461290322581,84.31,95.24,93,51,42
659,150345,84.6158974358974,84.78,84.38,78,46,32
660,150453,95.3986206896552,98.21,90.32,87,56,31
661,150495,91.3047826086957,94.34,87.18,92,53,39
662,151069,88.8856790123457,96.15,75.86,81,52,29
663,151149,96.472,93.88,100,85,49,36
664,151438,97.7281818181818,95.92,100,88,49,39
665,152067,96.1553846153846,100,89.29,78,50,28
666,152610,97.4,95.45,100,77,44,33
667,153192,97.336,97.78,96.67,75,45,30
668,153264,94.9955,95.45,94.44,80,44,36
669,153957,96.3443902439024,94.74,97.73,82,38,44
670,154440,100,100,100,81,44,37
671,154467,100,100,100,79,43,36
672,154929,98.7956626506024,100,97.62,83,41,42
673,154992,100,100,100,95,48,47
674,155280,98.8393023255814,97.83,100,86,46,40
675,156085,97.9171875,100,95.35,96,53,43
676,156723,98.9909090909091,100,98.15,99,45,54
677,157445,99.1948387096774,100,98.44,124,60,64
678,157583,99.0122772277228,100,98.28,101,43,58
679,158129,100,100,100,126,47,79
680,158246,100,100,100,158,77,81
681,158435,100,100,100,162,91,71
682,158512,99.3871165644172,100,98.65,163,89,74
683,158569,99.4069642857143,100,98.77,168,87,81
684,159032,100,100,100,159,90,69
685,159357,96.8749375,99.01,93.22,160,101,59
686,159504,98.0257894736842,100,95.16,152,90,62
687,159543,98.9420634920635,97.85,100,189,93,96
688,160012,98.2230769230769,95.38,100,169,65,104
689,160206,100,100,100,202,103,99
690,160309,98.8091666666667,98.98,98.57,168,98,70
691,160318,98.7007142857143,98.99,98.18,154,99,55
692,160335,99.4570108695652,98.97,100,184,97,87
693,160437,97.6039520958084,100,94.87,167,89,78
694,160632,82.2233333333333,46.67,100,135,45,90
695,161416,100,100,100,224,110,114
696,162426,100,100,100,226,101,125
697,162465,100,100,100,240,110,130
698,162743,99.1818032786885,98.39,100,244,124,120
699,162862,100,100,100,225,97,128
700,162876,99.0953846153846,97.96,100,221,98,123
701,163000,99.4927272727273,100,99.07,198,90,108
702,163158,99.4982914572864,100,98.72,199,121,78
703,163171,99.5573333333333,100,99.17,225,105,120
704,163216,99.5234449760766,100,99.17,209,89,120
705,163240,99.4675531914894,100,98.57,188,118,70
706,163354,100,100,100,205,95,110
707,163597,99.4818652849741,99,100,193,100,93
708,163701,99.5523214285714,99.08,100,224,109,115
709,164247,98.8768539325843,100,97.06,178,110,68
710,164331,97.9995,99.13,96.47,200,115,85
711,164637,73.7402793296089,63.01,81.13,179,73,106
712,164967,98.7885454545455,98.96,98.55,165,96,69
713,164992,96.3890963855422,93.51,98.88,166,77,89
714,165262,99.5005,98.89,100,200,90,110
715,165276,99.0763888888889,98.25,100,216,114,102
716,165322,98.7327848101266,97.87,100,158,94,64
717,165333,99.43,99.05,100,175,105,70
718,165342,100,100,100,217,106,111
719,165615,99.5749152542373,99.12,100,236,114,122
720,165889,99.1190308370044,98.02,100,227,101,126
721,165951,99.5230622009569,98.88,100,209,89,120
722,166024,99.1721487603306,100,98.41,242,116,126
723,166041,98.4034262948207,97.54,99.22,251,122,129
724,166135,99.571452991453,99.08,100,234,109,125
725,166531,100,100,100,235,108,127
726,167095,100,100,100,202,94,108
727,167155,99.5194230769231,99.02,100,208,102,106
728,167238,98.9236559139785,100,97.8,186,95,91
729,167853,100,100,100,245,131,114
730,168442,99.4332386363636,100,98.95,176,81,95
731,168541,100,100,100,211,102,109
732,168829,99.55,100,99.15,221,104,117
733,168895,99.5523214285714,100,99.08,224,115,109
734,168952,99.5117073170732,100,99.09,205,95,110
735,169174,98.3841397849462,97.89,98.9,186,95,91
736,169275,98.6136111111111,99.02,98.25,216,102,114
737,169516,100,100,100,208,92,116
738,169576,100,100,100,196,89,107
739,169636,100,100,100,208,96,112
740,170148,100,100,100,237,125,112
741,170249,99.4577297297297,100,98.48,185,119,66
742,170675,97.2078212290503,92.86,100,179,70,109
743,170809,99.492385786802,100,98.75,197,117,80
744,171125,99.5328971962617,98.98,100,214,98,116
745,171248,99.5406451612903,100,99.11,217,105,112
746,171290,100,100,100,225,116,109
747,171792,100,100,100,223,101,122
748,172320,100,100,100,276,146,130
749,172336,99.0763594470046,98.47,100,217,131,86
750,172401,100,100,100,246,129,117
751,172474,100,100,100,281,149,132
752,172851,100,100,100,230,111,119
753,172860,99.382962962963,98.98,100,162,98,64
754,173370,99.1511016949153,98.11,100,236,106,130
755,173601,98.8718644067797,100,96.88,177,113,64
756,174179,100,100,100,257,122,135
757,174334,99.6081102362205,99.21,100,254,126,128
758,174839,100,100,100,200,119,81
759,175099,97.0598739495798,97.3,96.85,238,111,127
760,175431,99.5022885572139,98.78,100,201,82,119
761,175459,99.55,100,99.1,222,111,111
762,175566,100,100,100,203,104,99
763,175875,99.5744491525424,99.17,100,236,121,115
764,176331,99.4471666666667,99.07,100,180,107,73
765,176676,100,100,100,233,120,113
766,176767,100,100,100,228,111,117
767,176824,98.9360106382979,97.59,100,188,83,105
768,177230,99.513756097561,100,99.11,205,93,112
769,177433,98.597476635514,100,96.51,214,128,86
770,177442,99.0372596153846,100,97.75,208,119,89
771,177469,99.147829787234,99.22,99.06,235,129,106
772,178040,100,100,100,242,125,117
773,178223,99.1235964912281,100,98.06,228,125,103
774,178338,100,100,100,224,100,124
775,178554,98.6116666666667,100,97.06,216,114,102
776,178777,100,100,100,247,126,121
777,179318,99.1133333333333,100,98.25,225,111,114
778,179327,99.0536492890995,100,97.44,211,133,78
779,179340,99.570643776824,100,99.18,233,111,122
780,179694,100,100,100,238,123,115
781,180225,97.6737209302325,99.05,96.36,215,105,110
782,180366,97.2586301369863,98.11,96.46,219,106,113
783,181353,99.5076732673268,100,99.15,202,85,117
784,181376,98.8535632183908,98.36,99.12,174,61,113
785,181574,100,100,100,229,111,118
786,181625,100,100,100,241,118,123
787,181643,100,100,100,233,117,116
788,181889,100,100,100,239,114,125
789,181913,100,100,100,248,115,133
790,182106,100,100,100,228,87,141
791,182156,99.1836734693878,100,98.4,245,120,125
792,182581,99.0053731343284,96.43,100,201,56,145
793,182934,95.8684297520661,100,79.17,121,97,24
794,182938,98.6505405405405,97.73,99.04,148,44,104
795,183139,100,100,100,268,133,135
796,183248,99.1209251101322,99.09,99.15,227,110,117
797,183325,99.255687732342,100,98.59,269,127,142
798,183733,97.9860483870968,100,95.58,248,135,113
799,183752,99.138275862069,100,98.04,232,130,102
800,183797,99.116592920354,100,98.35,226,105,121
801,183811,99.2331034482759,100,98.61,261,117,144
802,183844,99.6202264150943,100,99.32,265,117,148
803,184045,98.134776119403,96.77,99.31,268,124,144
804,184169,97.2233333333333,94.12,100,252,119,133
805,184255,97.9931325301205,98.29,97.73,249,117,132
806,184461,100,100,100,250,100,150
807,184615,100,100,100,246,105,141
808,184704,98.1677981651376,98.89,97.66,218,90,128
809,184902,92.310989010989,98.94,85.23,182,94,88
810,185724,97.4159482758621,94.55,100,232,110,122
811,185844,100,100,100,215,119,96
812,185895,100,100,100,218,77,141
813,186140,99.1275109170306,100,98.2,229,118,111
814,186192,100,100,100,250,105,145
815,186356,99.5731063829787,100,99.34,235,83,152
816,187268,100,100,100,238,107,131
817,187485,100,100,100,265,131,134
818,187781,99.6030434782609,100,99.17,253,132,121
819,188294,100,100,100,284,144,140
820,188487,99.3,98.5,100,285,133,152
821,188826,99.2732608695652,99.22,99.32,276,129,147
822,188866,99.3304347826087,98.6,100,299,143,156
823,189381,100,100,100,283,122,161
824,189424,99.6630508474576,99.3,100,295,142,153
825,189722,94.7119711538462,92.48,98.67,208,133,75
826,190448,98.278448275862,96.08,99.19,174,51,123
827,190556,100,100,100,272,142,130
828,190834,96.3142857142857,100,93.55,217,93,124
829,191040,99.5914285714286,100,99.3,245,102,143
830,191958,94.3504347826087,94,94.62,230,100,130
831,192251,100,100,100,268,122,146
832,192375,100,100,100,195,54,141
833,192387,100,100,100,225,89,136
834,193083,99.2129133858268,98.32,100,254,119,135
835,193128,99.5902049180328,98.99,100,244,99,145
836,193206,100,100,100,261,115,146
837,193313,100,100,100,265,110,155
838,193329,98.723829787234,98,99.26,235,100,135
839,193461,98.5837735849057,98.68,98.53,212,76,136
840,193471,98.6966956521739,98.2,99.16,230,111,119
841,193804,100,100,100,251,107,144
842,193860,99.1611764705882,97.83,100,238,92,146
843,194131,99.5631578947368,99.17,100,228,120,108
844,194458,99.5966265060241,100,99.19,249,125,124
845,194789,97.8741276595745,98.25,97.52,235,114,121
846,194969,100,100,100,219,117,102
847,195411,98.3562962962963,98.31,98.4,243,118,125
848,196151,100,100,100,187,93,94
849,196380,98.2985531914894,96.43,100,235,112,123
850,196461,99.2050396825397,99.21,99.2,252,127,125
851,196735,100,100,100,238,112,126
852,197168,97.8553648068669,95.56,99.3,233,90,143
853,197281,97.9239834024896,100,95.28,241,135,106
854,197590,99.5650434782609,100,99.18,230,108,122
855,197629,98.741512605042,97.44,100,238,117,121
856,197776,97.8588235294118,97.4,98.18,187,77,110
857,197785,98.0495609756098,95.24,100,205,84,121
858,198304,99.00475,99.15,98.8,200,117,83
859,198507,100,100,100,245,127,118
860,198559,99.1262445414847,99.23,98.99,229,130,99
861,198622,99.5092118226601,99.19,100,203,123,80
862,198718,99.6003984063745,99.15,100,251,118,133
863,198795,99.1305217391304,99.11,99.15,230,112,118
864,198981,99.5855371900826,99.15,100,242,118,124
865,199066,98.44015625,98.46,98.43,192,65,127
866,199075,100,100,100,195,81,114
867,199606,100,100,100,223,103,120
868,199736,99.4640860215054,100,98.88,186,97,89
869,199788,99.1690833333333,98.31,100,240,118,122
870,199798,99.024,97.56,100,205,82,123
871,199975,98.9156756756757,97.96,99.26,185,49,136
872,200212,97.8592513368984,95.24,99.19,187,63,124
873,200410,99.11,99.11,99.11,224,112,112
874,200421,97.7281818181818,97.22,98.08,176,72,104
875,200669,99.1355844155844,98.08,100,231,104,127
876,200717,99.5849586776859,100,99.19,242,118,124
877,200792,100,100,100,252,116,136
878,200882,99.5696551724138,99.04,100,232,104,128
879,201164,98.6615178571429,97.37,100,224,114,110
880,201286,100,100,100,200,90,110
881,201460,99.4439106145251,100,99.21,179,53,126
882,201466,99.3798757763975,100,98.44,161,97,64
883,201484,100,100,100,214,94,120
884,201533,99.1658333333333,98.18,100,240,110,130
885,201553,99.0507582938389,98.81,99.21,211,84,127
886,201584,99.4828865979381,98.68,100,194,76,118
887,201595,98.8468208092486,98.8,98.89,173,83,90
888,201617,99.533488372093,98.82,100,215,85,130
889,201658,100,100,100,225,104,121
890,201769,99.5393548387097,100,99.16,217,98,119
891,202180,97.3577533039648,94.95,99.22,227,99,128
892,202426,100,100,100,169,51,118
893,202434,100,100,100,235,106,129
894,202780,99.4268571428571,98.82,100,175,85,90
895,202822,100,100,100,147,76,71
896,202914,100,100,100,152,87,65
897,203013,100,100,100,212,95,117
898,203589,99.5176811594203,98.96,100,207,96,111
899,203769,96.5676470588235,96.2,96.8,204,79,125
900,203871,97.5948076923077,95.24,99.19,208,84,124
901,203906,98.5782938388626,97.17,100,211,106,105
902,204021,99.0059701492537,98.2,100,201,111,90
903,204440,100,100,100,230,111,119
904,204496,99.1249122807017,100,98.28,228,112,116
905,204589,100,100,100,234,114,120
906,204673,99.5685344827586,99.09,100,232,110,122
907,205177,100,100,100,231,117,114
908,205246,99.4127058823529,98.44,100,170,64,106
909,205426,99.5922448979592,100,99.26,245,110,135
910,205468,99.3768944099379,100,99.12,161,47,114
911,205475,98.5461650485437,98.1,99.01,206,105,101
912,205510,98.7089655172414,98.08,99.22,232,104,128
913,205616,98.2180952380952,98.28,98.08,168,116,52
914,205636,97.9790909090909,98.89,97.22,198,90,108
915,205780,99.1210526315789,100,98.33,228,108,120
916,205805,98.2543231441048,99.06,97.56,229,106,123
917,205912,94.9251776649746,100,86.49,197,123,74
918,206264,99.5966129032258,99.18,100,248,122,126
919,206360,98.9406349206349,97.18,100,189,71,118
920,206413,98.8877777777778,100,96.92,180,115,65
921,206449,98.9844162436548,100,98.29,197,80,117
922,206495,98.0841626794258,99.07,97.03,209,108,101
923,206512,98.360218579235,97.3,99.08,183,74,109
924,206522,98.8931491712707,100,98.11,181,75,106
925,206608,99.5392660550459,100,98.92,218,125,93
926,206839,100,100,100,239,123,116
927,206890,100,100,100,222,99,123
928,206983,100,100,100,215,112,103
929,207019,100,100,100,181,83,98
930,207106,99.5619383259912,99.12,100,227,113,114
931,207637,100,100,100,215,105,110
932,207716,98.9524083769633,98.13,100,191,107,84
933,207772,100,100,100,240,118,122
934,207854,99.4548633879781,100,98.28,183,125,58
935,208544,100,100,100,225,115,110
936,208559,96.3928865979381,90.91,99.22,194,66,128
937,208790,98.7173076923077,97.39,100,234,115,119
938,208963,100,100,100,243,133,110
939,209410,100,100,100,240,127,113
940,209498,100,100,100,212,122,90
941,209507,98.2843428571429,95.83,100,175,72,103
942,210396,100,100,100,235,120,115
943,210501,99.5998795180723,99.19,100,249,123,126
944,210585,99.5804219409283,100,99.12,237,124,113
945,210630,99.085504587156,99.28,98.75,218,138,80
946,210702,98.8415057915058,99.23,98.45,259,130,129
947,210753,99.1803278688525,98.4,100,244,125,119
948,210810,100,100,100,236,134,102
949,211123,98.7096551724138,98.32,99.12,232,119,113
950,211138,97.9282901554404,96.08,100,193,102,91
951,211203,98.5768246445498,97.75,99.18,211,89,122
952,211245,96.8280952380952,98.35,94.12,189,121,68
953,211360,99.4559782608696,98.57,100,184,70,114
954,211374,92.3507103825137,93.58,90.54,183,109,74
955,211393,94.5680995475113,93.1,96.19,221,116,105
956,211408,95.896,89.74,100,195,78,117
957,211441,97.3912608695652,95.87,99.08,230,121,109
958,211455,95.6541062801932,97.2,94,207,107,100
959,211480,95.945,98.2,93.69,222,111,111
960,211527,100,100,100,231,108,123
961,211623,100,100,100,235,114,121
962,212193,99.60196,99.07,100,250,107,143
963,212229,99.024,96.72,100,205,61,144
964,212686,99.22,98.44,100,256,128,128
965,212887,98.2142857142857,97.22,99.14,224,108,116
966,213162,100,100,100,257,128,129
967,214337,99.1039461883408,97.94,100,223,97,126
968,214511,100,100,100,227,100,127
969,214730,99.1338528138528,98.36,100,231,122,109
970,214771,99.2219844357977,100,98.45,257,128,129
971,214881,99.1593697478992,100,98.29,238,121,117
972,215022,100,100,100,258,125,133
973,215630,99.1341558441558,98.23,100,231,113,118
974,216302,99.4563043478261,100,98.78,184,102,82
975,216605,96.1948369565217,98.11,95.42,184,53,131
976,216666,97.870744680851,96.55,98.46,188,58,130
977,216812,96.3468493150685,93.68,98.39,219,95,124
978,217199,99.1635146443515,98.32,100,239,119,120
979,217562,99.1055156950673,100,98.17,223,114,109
980,217594,100,100,100,190,116,74
981,217648,99.4544262295082,98.72,100,183,78,105
982,217873,99.5194230769231,100,98.81,208,124,84
983,218372,99.5194258373206,99.19,100,209,124,85
984,218576,100,100,100,202,114,88
985,218681,100,100,100,189,121,68
986,218714,100,100,100,213,115,98
987,219220,100,100,100,191,93,98
988,219419,100,100,100,230,121,109
989,219801,99.0589201877934,100,97.89,213,118,95
990,219932,99.0086633663366,100,97.75,202,113,89
991,219979,99.0185294117647,99.12,98.89,204,114,90
992,220015,92.8582467532468,81.97,100,154,61,93
993,220237,99.5353271028037,99.12,100,214,113,101
994,220465,100,100,100,208,109,99
995,220635,98.0852631578947,98.18,97.98,209,110,99
996,220650,100,100,100,192,95,97
997,220842,97.8825396825397,96.52,100,189,115,74
998,220880,98.158036809816,95.83,100,163,72,91
999,220885,91.8939189189189,80.65,100,74,31,43
1000,221224,99.4618279569893,98.9,100,186,91,95
1001,221278,100,100,100,187,113,74
1002,221987,99.4711111111111,99.02,100,189,102,87
1003,222056,99.439606741573,98.95,100,178,95,83
1004,222888,99.392,98.48,100,165,66,99
1005,222908,100,100,100,179,92,87
1006,223086,94.1593430656934,83.67,100,137,49,88
1007,223786,93.5915384615385,97.78,87.88,156,90,66
1008,224052,94.9028025477707,93.18,97.1,157,88,69
1009,224476,97.7144,98.9,96.43,175,91,84
1010,225127,99.2363358778626,100,98.36,131,70,61
1011,225301,98.4458139534884,98.68,98.11,129,76,53
1012,225557,92.4806766917293,87.69,97.06,133,65,68
1013,225657,78.0670175438596,88.76,40,114,89,25
1014,225732,87.1172727272727,94.44,78.33,132,72,60
1015,226443,98.099746835443,100,95.83,158,86,72
1016,227643,99.2493233082707,100,98.44,133,69,64
1017,228150,98.0278947368421,96.3,98.98,152,54,98
1018,229392,99.3239864864865,100,98.85,148,61,87
1019,229441,99.4469613259669,98.9,100,181,91,90
1020,229542,96.5102325581395,100,92.68,172,90,82
1021,229563,98.8501149425287,97.56,100,174,82,92
1022,229905,99.4139411764706,98.77,100,170,81,89
1023,230151,100,100,100,148,76,72
1024,230337,97.7941176470588,96,100,136,75,61
1025,230475,99.3066666666667,100,98.44,144,80,64
1026,230592,97.4005194805195,94.44,100,154,72,82
1027,231176,100,100,100,146,80,66
1028,231257,99.2900709219858,100,98.18,141,86,55
1029,231408,100,100,100,166,88,78
1030,231648,99.3095862068966,98.59,100,145,71,74
1031,231777,100,100,100,171,89,82
1032,231873,100,100,100,163,91,72
1033,232836,96.265671641791,95.38,97.1,134,65,69
1034,233017,99.3143150684931,100,98.59,146,75,71
1035,233525,98.0032,97.92,98.08,100,48,52
1036,233569,100,100,100,119,61,58
1037,233988,96.0638582677165,95.59,96.61,127,68,59
1038,234612,99.1889430894309,100,98.28,123,65,58
1039,234699,95.00025,100,71.43,80,66,14
1040,235129,98.4758015267176,98.44,98.51,131,64,67
1041,235156,100,100,100,119,52,67
1042,235697,98.4476744186046,98.63,98.21,129,73,56
1043,235758,99.1249122807017,98.28,100,114,58,56
1044,236091,99.217890625,98.59,100,128,71,57
1045,236154,99.2076984126984,98.51,100,126,67,59
1046,236230,100,100,100,112,55,57
1047,236242,98.7641975308642,95.45,100,81,22,59
1048,236355,100,100,100,100,47,53
1049,236574,100,100,100,111,58,53
1050,236755,98.9028571428571,97.92,100,91,48,43
1051,239067,95.4541818181818,90.74,100,110,54,56
1052,240077,100,100,100,153,70,83
1053,240112,100,100,100,151,66,85
1054,240925,99.2374045801527,100,97.78,131,86,45
1055,241079,100,100,100,200,93,107
1056,241231,99.4247126436782,98.57,100,174,70,104
1057,241277,100,100,100,167,80,87
1058,241781,100,100,100,187,94,93
1059,242258,100,100,100,167,67,100
1060,242360,100,100,100,187,96,91
1061,242600,99.4302272727273,98.91,100,176,92,84
1062,242635,100,100,100,179,87,92
1063,242717,100,100,100,173,87,86
1064,242801,100,100,100,187,90,97
1065,242854,99.46,100,98.92,186,93,93
1066,242873,97.9686486486487,96.36,98.92,148,55,93
1067,243553,100,100,100,121,75,46
1068,243894,99.3474509803922,98.72,100,153,78,75
1069,243924,100,100,100,157,66,91
1070,243933,99.3527741935484,100,98.86,155,67,88
1071,243966,100,100,100,189,88,101
1072,244077,100,100,100,188,86,102
1073,244089,99.3095862068966,98.59,100,145,71,74
1074,244478,99.3402631578947,100,98.91,152,60,92
1075,244903,100,100,100,154,91,63
1076,244943,100,100,100,177,90,87
1077,245405,98.2232544378698,97.85,98.68,169,93,76
1078,245638,99.4045238095238,100,98.78,168,86,82
1079,245663,99.326711409396,100,98.68,149,73,76
1080,245682,100,100,100,134,61,73
1081,245768,99.2793525179856,100,98.11,139,86,53
1082,245856,97.8852112676056,95.45,100,142,66,76
1083,246034,99.2954225352113,98.55,100,142,69,73
1084,246461,100,100,100,149,91,58
1085,246665,89.6224528301887,65.52,98.7,106,29,77
1086,247183,100,100,100,169,98,71
1087,247313,98.737358490566,98.92,98.48,159,93,66
1088,248196,98.2952840909091,100,95.89,176,103,73
1089,248568,97.8560714285714,100,93.33,140,95,45
1090,248748,99.435,99.12,100,176,113,63
1091,248992,100,100,100,187,104,83
1092,249010,98.8453179190751,97.73,100,173,88,85
1093,249058,100,100,100,157,83,74
1094,249241,100,100,100,186,98,88
1095,249376,100,100,100,205,103,102
1096,249703,100,100,100,202,108,94
1097,249784,98.5808510638298,95.65,100,141,46,95
1098,249805,99.4132352941176,100,98.67,170,95,75
1099,249814,99.2793525179856,100,98.41,139,76,63
1100,249940,99.3776397515528,100,98.33,161,101,60
1101,249957,99.3006293706294,100,98.63,143,70,73
1102,251018,99.4475138121547,99,100,181,100,81
1103,251517,97.6505294117647,98.31,97.3,170,59,111
1104,251829,98.8550285714286,98.86,98.85,175,88,87
1105,252078,96.7725806451613,100,93.33,155,80,75
1106,252892,98.7725766871166,100,97.53,163,82,81
1107,253542,91.5590909090909,98.65,85,154,74,80
1108,253557,98.2939772727273,98.78,97.87,176,82,94
1109,254614,100,100,100,204,98,106
1110,254626,100,100,100,196,97,99
1111,254860,96.4502366863905,98.04,94.03,169,102,67
1112,254988,100,100,100,198,94,104
1113,255138,99.4510989010989,98.89,100,182,90,92
1114,255435,99.5051485148515,98.98,100,202,98,104
1115,255567,100,100,100,204,108,96
1116,255734,96.833670886076,96.59,97.14,158,88,70
1117,255900,97.045763546798,97.17,96.91,203,106,97
1118,256016,98.43765625,100,96.97,192,93,99
1119,256167,100,100,100,175,78,97
1120,256695,98.4122751322751,100,96.59,189,101,88
1121,256876,100,100,100,196,91,105
1122,257314,100,100,100,202,107,95
1123,257623,98.9132608695652,98.85,98.97,184,87,97
1124,257691,98.3629508196721,98.84,97.94,183,86,97
1125,257751,94.41,98.81,89.61,161,84,77
1126,257865,98.5911267605634,98.55,98.63,142,69,73
1127,259198,98.4613333333333,99.04,97.8,195,104,91
1128,259465,99.4725925925926,98.88,100,189,89,100
1129,259894,99.5215789473684,100,98.99,209,110,99
1130,260276,100,100,100,196,90,106
1131,260444,100,100,100,185,99,86
1132,260544,100,100,100,197,105,92
1133,260896,99.5424311926605,99.05,100,218,105,113
1134,261765,98.9835025380711,97.75,100,197,89,108
1135,261923,100,100,100,211,106,105
1136,262094,99.4895408163265,98.85,100,196,87,109
1137,262154,100,100,100,199,107,92
1138,262205,96.3459817351598,99.15,93.07,219,118,101
1139,262226,100,100,100,222,118,104
1140,262476,99.4449444444444,100,98.97,180,83,97
1141,262532,100,100,100,188,93,95
1142,262724,97.8263043478261,100,95.96,184,85,99
1143,262970,96.355625,92.86,100,192,98,94
1144,263040,97.0008,96.23,97.87,200,106,94
1145,263183,100,100,100,193,100,93
1146,265303,100,100,100,194,102,92
1147,265815,99.4949494949495,99,100,198,100,98
1148,267395,91.5293220338983,85.42,98.77,177,96,81
1149,267728,94.3432704402516,93.98,94.74,159,83,76
1150,268043,96.4802816901409,100,88.1,142,100,42
1151,268691,100,100,100,179,84,95
1152,268845,98.935,97.87,100,188,94,94
1153,268913,99.4413407821229,100,98.75,179,99,80
1154,269288,97.6615789473684,97.78,97.53,171,90,81
1155,269637,97.8503225806452,96.08,100,186,102,84
1156,269710,99.4079881656805,100,98.55,169,100,69
1157,269757,98.2352941176471,100,96,170,95,75
1158,269811,95.8341666666667,98.97,91.55,168,97,71
1159,270070,98.9247311827957,100,97.5,186,106,80
1160,270711,98.1906626506024,97.33,98.9,166,75,91
1161,270873,98.8805586592179,100,97.67,179,93,86
1162,270979,96.7478048780488,97.26,96,123,73,50
1163,271377,92.9741621621622,90.1,96.43,185,101,84
1164,271549,85.1436,80.65,90.24,175,93,82
1165,271657,91.1133333333333,93.75,88.1,180,96,84
1166,272381,97.5634146341463,97.12,98.02,205,104,101
1167,272398,99.469417989418,100,99.08,189,80,109
1168,272485,100,100,100,206,105,101
1169,272896,97.2208888888889,96.81,97.67,180,94,86
1170,272967,97.9719289340102,98.35,97.37,197,121,76
1171,273169,100,100,100,190,120,70
1172,273276,99.524,100,99.02,210,108,102
1173,273405,99.1313043478261,99.22,99.02,230,128,102
1174,273553,98.5006,98.04,98.98,200,102,98
1175,273598,89.8560869565217,96.08,83.81,207,102,105
1176,273903,98.2765517241379,95.24,100,174,63,111
1177,274109,97.6959447004608,98.26,97.06,217,115,102
1178,274360,96.2143243243243,91.95,100,185,87,98
1179,274599,98.2363529411765,97.37,100,170,114,56
1180,275119,100,100,100,219,117,102
1181,276111,99.3296644295302,97.73,100,149,44,105
1182,276174,100,100,100,210,112,98
1183,276207,99.5470909090909,100,99.06,220,114,106
1184,276610,98.9357978723404,97.53,100,188,81,107
1185,276913,100,100,100,220,109,111
1186,277074,99.5264928909953,99.03,100,211,103,108
1187,277202,98.4943216080402,96.39,100,199,83,116
1188,277922,100,100,100,207,120,87
1189,277951,100,100,100,218,120,98
1190,277964,100,100,100,222,122,100
1191,278134,100,100,100,228,107,121
1192,278150,99.0918181818182,98.2,100,220,111,109
1193,278215,100,100,100,227,123,104
1194,278267,99.5303773584906,99.24,100,212,131,81
1195,278348,100,100,100,228,127,101
1196,278393,100,100,100,141,84,57
1197,278398,100,100,100,131,106,25
1198,278428,98.5501449275362,100,96.34,207,125,82
1199,278860,98.7362025316456,97.44,100,237,117,120
1200,278902,99.5768510638298,99.12,100,235,113,122
1201,279061,100,100,100,235,123,112
1202,280007,95.2169377990431,93.46,97.06,209,107,102
1203,280175,97.8727659574468,96.63,98.99,188,89,99
1204,280303,97.1005797101449,97.06,97.14,207,102,105
1205,280851,97.111387283237,100,93.51,173,96,77
1206,280872,98.2889714285714,97.06,99.07,175,68,107
1207,282146,93.7896894409938,94.74,92.94,161,76,85
1208,282216,95.7524528301887,100,91.96,212,100,112
1209,282273,97.6086124401914,98.06,97.17,209,103,106
1210,282374,98.83,98.61,98.99,171,72,99
1211,282381,97.725,96.97,98.48,132,66,66
1212,282386,98.1604587155963,98.48,97.67,109,66,43
1213,282486,97.6186666666667,97.96,97.32,210,98,112
1214,282495,98.7942168674699,98.86,98.72,166,88,78
1215,282515,98.9455263157895,98.92,98.97,190,93,97
1216,282599,100,100,100,172,85,87
1217,282638,99.4637096774194,98.95,100,186,95,91
1218,282717,99.4466666666667,98.8,100,180,83,97
1219,282815,100,100,100,155,48,107
1220,282870,100,100,100,191,88,103
1221,283073,99.5049504950495,100,99,202,102,100
1222,283252,100,100,100,188,93,95
1223,283474,98.8255882352941,98.85,98.8,170,87,83
1224,283507,100,100,100,148,86,62
1225,283525,99.3782608695652,98.46,100,161,65,96
1226,283550,100,100,100,180,84,96
1227,283621,99.3221621621622,98.68,100,148,76,72
1228,283639,100,100,100,176,80,96
1229,283669,99.4233908045977,100,98.73,174,95,79
1230,284005,100,100,100,154,89,65
1231,284104,99.3175510204082,98.48,100,147,66,81
1232,284179,100,100,100,140,47,93
1233,284464,99.3844785276074,100,98.73,163,84,79
1234,284551,100,100,100,182,90,92
1235,284566,100,100,100,136,84,52
1236,284647,99.3820987654321,98.7,100,162,77,85
1237,284656,98.7900606060606,98.8,98.78,165,83,82
1238,284698,99.4066666666667,100,98.88,168,79,89
1239,284915,100,100,100,164,89,75
1240,285713,100,100,100,182,81,101
1241,286170,100,100,100,172,94,78
1242,286286,100,100,100,199,94,105
1243,286307,99.4786458333333,98.9,100,192,91,101
1244,286541,100,100,100,160,69,91
1245,288852,98.4945864661654,95.74,100,133,47,86
1246,289001,100,100,100,161,88,73
1247,289086,100,100,100,159,74,85
1248,289125,100,100,100,186,86,100
1249,289424,100,100,100,178,86,92
1250,289757,100,100,100,142,51,91
1251,290480,93.8059292035398,98.15,89.83,113,54,59
1252,291462,97.0572794117647,95.52,98.55,136,67,69
1253,291690,99.1931451612903,100,98.55,124,55,69
1254,291842,91.3820689655172,94.92,87.72,116,59,57
1255,292008,99.0219607843137,100,98.28,102,44,58
1256,292499,98.164495412844,100,96.49,109,52,57
1257,292542,100,100,100,99,46,53
1258,292568,100,100,100,103,51,52
1259,292832,87.3383544303797,95.83,74.19,79,48,31
1260,293073,92.4724731182796,93.62,91.3,93,47,46
1261,293574,81.251,97.73,61.11,80,44,36
1262,293674,94.1166176470588,90.91,97.14,68,33,35
1263,293733,87.84,86.49,89.19,74,37,37
1264,294644,93.5092207792208,94.74,92.31,77,38,39
1265,295315,92.86,94.29,91.43,70,35,35
1266,295481,88.6070886075949,95.12,81.58,79,41,38
1267,295651,91.5538028169014,97.44,84.38,71,39,32
1268,295745,88.2389411764706,90.48,86.05,85,42,43
1269,295783,96.6653333333334,97.62,95.83,90,42,48
1270,296105,88.4630769230769,90,87.04,104,50,54
1271,296344,96.7750537634409,95.12,98.08,93,41,52
1272,296357,94.6825531914894,84.38,100,94,32,62
1273,296590,100,100,100,111,51,60
1274,296758,95.959898989899,100,91.49,99,52,47
1275,296774,97.0331683168317,97.92,96.23,101,48,53
1276,297606,98.3776422764228,98.31,98.44,123,59,64
1277,297769,100,100,100,132,59,73
1278,298040,100,100,100,128,59,69
1279,298077,99.1610084033614,97.92,100,119,48,71
1280,298106,99.19992,100,98.63,125,52,73
1281,298283,96.7729032258065,100,93.44,124,63,61
1282,298377,100,100,100,130,53,77
1283,298442,100,100,100,133,62,71
1284,299324,99.23,100,98.46,130,65,65
1285,299810,98.6921568627451,100,97.1,153,84,69
1286,299841,100,100,100,143,73,70
1287,300278,99.3720754716981,100,98.72,159,81,78
1288,300896,98.4004,95.35,100,125,43,82
1289,300900,94.5217808219178,86.21,100,73,29,44
1290,301189,100,100,100,189,91,98
1291,301978,100,100,100,178,89,89
1292,302182,99.3245945945946,100,98.81,148,64,84
1293,302274,98.6206896551724,98.81,98.36,145,84,61
1294,302296,98.2266272189349,96.3,100,169,81,88
1295,302493,100,100,100,156,72,84
1296,303247,96.00304,96.08,95.95,125,51,74
1297,303466,94.0684745762712,90,97.06,118,50,68
1298,303582,88.5268852459016,85,91.94,122,60,62
1299,303725,93.1364705882353,70.83,100,102,24,78
1300,303951,92.3076923076923,98.7,84.85,143,77,66
1301,304423,97.4552229299363,96.39,98.65,157,83,74
1302,305538,100,100,100,129,96,33
1303,305768,98.2968181818182,99.02,97.3,176,102,74
1304,305790,92.9194690265487,80.95,100,113,42,71
1305,305841,96.0267549668874,96.59,95.24,151,88,63
1306,305973,98.620275862069,98.7,98.53,145,77,68
1307,306221,100,100,100,136,66,70
1308,306644,100,100,100,188,110,78
1309,307294,99.3285906040268,98.78,100,149,82,67
1310,307665,97.4487898089172,98.82,95.83,157,85,72
1311,308044,96.4553191489362,100,91.67,141,81,60
1312,308211,100,100,100,154,80,74
1313,308311,100,100,100,169,92,77
1314,308329,100,100,100,162,80,82
1315,308470,100,100,100,155,75,80
1316,308683,100,100,100,162,87,75
1317,308934,99.2100787401575,100,98.48,127,61,66
1318,309120,100,100,100,141,89,52
1319,309521,100,100,100,137,74,63
1320,309685,99.2864285714286,98.65,100,140,74,66
1321,309749,99.3048611111111,98.7,100,144,77,67
1322,309905,95.8671074380165,97.14,94.12,121,70,51
1323,310298,100,100,100,107,46,61
1324,312028,100,100,100,57,32,25
1325,312327,87.5001785714286,77.78,96.55,56,27,29
1326,312830,81.6344897959184,97.06,46.67,49,34,15
1327,313425,94.7357894736842,93.1,96.43,57,29,28
1328,313764,88.8877777777778,78.95,96.15,45,19,26
1329,314835,100,100,100,85,41,44
1330,314916,98.6494594594595,97.37,100,74,38,36
1331,316480,91.8913513513513,90.62,92.86,74,32,42
1332,316807,85.2926470588235,77.78,90.24,68,27,41
1333,317132,98.7192307692308,100,97.3,78,41,37
1334,317625,98.7364556962025,97.83,100,79,46,33
1335,318697,95.745,97.87,93.62,94,47,47
1336,318739,100,100,100,86,40,46
1337,318794,98.9141304347826,97.78,100,92,45,47
1338,319030,94.6237634408602,96.43,91.89,93,56,37
1339,319369,100,100,100,109,58,51
1340,319408,98.9134782608696,98.04,100,92,51,41
1341,319718,99.0374038461538,97.87,100,104,47,57
1342,320275,95.0526732673267,91.84,98.08,101,49,52
1343,320605,98.9802040816327,97.37,100,98,38,60
1344,320631,97.8003296703297,100,94.59,91,54,37
1345,320668,100,100,100,115,58,57
1346,320968,97.2951351351351,100,94.44,111,57,54
1347,321393,92.9182300884956,95.92,90.62,113,49,64
1348,321548,87.651975308642,78.57,92.45,81,28,53
1349,321746,99.0491428571429,100,98.44,105,41,64
1350,321794,99.0834862385321,100,98.15,109,55,54
1351,321819,99.0755555555556,97.44,100,108,39,69
1352,321936,99.1861788617886,98.18,100,123,55,68
1353,322344,94.5069230769231,91.89,96.3,91,37,54
1354,322396,100,100,100,99,31,68
1355,322401,98.7329113924051,97.14,100,79,35,44
1356,322495,99.1658333333333,100,98.57,120,50,70
1357,322516,100,100,100,127,61,66
1358,322747,100,100,100,113,35,78
1359,322774,100,100,100,107,28,79
1360,322780,98.4603076923077,98.48,98.44,130,66,64
1361,322819,100,100,100,110,41,69
1362,322830,99.3080689655172,100,98.73,145,66,79
1363,323100,100,100,100,111,54,57
1364,323517,100,100,100,131,70,61
1365,323689,97.7086259541985,97.01,98.44,131,67,64
1366,324005,98.3613114754098,96.43,100,122,56,66
1367,324095,100,100,100,129,59,70
1368,325335,97.9978,100,95.74,100,53,47
1369,325547,93.8038938053097,98.33,88.68,113,60,53
1370,325925,100,100,100,142,63,79
1371,325947,100,100,100,137,61,76
1372,326354,98.757701863354,98.59,98.89,161,71,90
1373,326451,100,100,100,162,74,88
1374,326579,100,100,100,178,78,100
1375,326630,99.3782608695652,98.7,100,161,77,84
1376,326684,100,100,100,142,49,93
1377,326723,99.1745454545455,100,97.73,121,77,44
1378,326939,100,100,100,172,84,88
1379,326976,100,100,100,154,59,95
1380,326986,100,100,100,137,63,74
1381,327176,99.291914893617,100,97.92,141,93,48
1382,327412,99.3384105960265,98.15,100,151,54,97
1383,327571,99.4660962566845,100,98.96,187,91,96
1384,327774,100,100,100,170,94,76
1385,327930,99.3312,100,98.86,150,62,88
1386,327936,100,100,100,172,85,87
1387,327955,98.9724102564103,97.67,100,195,86,109
1388,328267,99.2693430656934,100,98.7,137,60,77
1389,328351,100,100,100,172,86,86
1390,328375,100,100,100,149,90,59
1391,328593,100,100,100,185,89,96
1392,329201,99.2351908396947,97.67,100,131,43,88
1393,329231,99.3522727272727,98.25,100,154,57,97
1394,329240,98.037908496732,96.05,100,153,76,77
1395,329291,99.3545161290323,98.55,100,155,69,86
1396,329309,100,100,100,155,80,75
1397,329559,98.6903921568627,98.48,98.85,153,66,87
1398,329775,98.5168888888889,100,95.74,135,88,47
1399,330003,100,100,100,177,86,91
1400,330060,100,100,100,157,78,79
1401,330174,99.3985542168675,100,98.72,166,88,78
1402,330201,98.7593167701863,97.65,100,161,85,76
1403,330276,100,100,100,175,84,91
1404,330927,100,100,100,168,85,83
1405,331030,99.2864285714286,100,98.65,140,66,74
1406,331401,98.7033766233766,100,97.44,154,76,78
1407,331710,93.75046875,92.54,95.08,128,67,61
1408,332013,91.0714285714286,93.75,87.5,112,64,48
1409,332629,98.3487603305785,100,95.56,121,76,45
1410,332746,99.2059523809524,100,98.55,126,57,69
1411,332840,98.5286764705882,100,96.55,136,78,58
1412,333220,96.451914893617,98.61,94.2,141,72,69
1413,333361,98.7183333333333,98.78,98.65,156,82,74
1414,333532,94.2446043165468,91.43,97.1,139,70,69
1415,333897,99.1231578947368,97.06,100,114,34,80
1416,335386,97.3318666666667,97.26,97.4,150,73,77
1417,335485,96.5118604651163,96.43,96.59,172,84,88
1418,335569,98.1725609756098,97.78,98.65,164,90,74
1419,336106,98.2943181818182,100,96.84,176,81,95
1420,336142,98.1355279503106,97.37,98.82,161,76,85
1421,337187,100,100,100,175,74,101
1422,337514,99.4349717514124,98.63,100,177,73,104
1423,337628,99.3516883116883,98.96,100,154,96,58
1424,337898,98.7798780487805,97.1,100,164,69,95
1425,338026,97.7131428571429,98.75,96.84,175,80,95
1426,338042,97.7654748603352,97.5,97.98,179,80,99
1427,338059,97.96,97.96,97.96,196,98,98
1428,338088,97.9846979865772,98.61,97.4,149,72,77
1429,338099,98.0151655629139,96.3,98.97,151,54,97
1430,338125,98.8503448275862,98.61,99.02,174,72,102
1431,338143,98.0383660130719,98.73,97.3,153,79,74
1432,338170,99.4736842105263,100,99,190,90,100
1433,338198,98.159263803681,96.72,99.02,163,61,102
1434,338575,100,100,100,181,87,94
1435,338637,100,100,100,220,108,112
1436,338713,100,100,100,213,96,117
1437,338751,98.7674074074074,100,96.88,162,98,64
1438,338789,100,100,100,199,108,91
1439,339001,100,100,100,189,83,106
1440,339336,100,100,100,160,65,95
1441,339621,99.4826943005181,100,98.96,193,97,96
1442,340441,100,100,100,187,92,95
1443,340529,99.3858895705522,98.46,100,163,65,98
1444,340711,100,100,100,210,99,111
1445,340814,100,100,100,203,104,99
1446,340864,99.3414473684211,100,98.18,152,97,55
1447,340925,99.4928426395939,100,99.03,197,94,103
1448,341566,99.4608108108108,100,99.05,185,80,105
1449,342665,96.6210810810811,100,93.42,148,72,76
1450,342784,97.2044755244755,100,94.74,143,67,76
1451,342890,98.1122641509434,100,96.55,159,72,87
1452,343011,99.3003496503497,98.55,100,143,69,74
1453,343101,100,100,100,141,65,76
1454,343128,99.281726618705,98.44,100,139,64,75
1455,343206,99.3470588235294,98.65,100,153,74,79
1456,343280,98.5814893617021,100,96.61,141,82,59
1457,343364,100,100,100,162,82,80
1458,343730,100,100,100,149,74,75
1459,343848,98.3896774193548,96.88,100,124,64,60
1460,344170,93.8490769230769,96.88,90.91,130,64,66
1461,344489,96.4302380952381,100,89.66,84,55,29
1462,345121,97.4791596638655,100,94.34,119,66,53
1463,345187,91.4327619047619,86.96,94.92,105,46,59
1464,345440,91.1770588235294,83.33,96.67,102,42,60
1465,345933,98.46,97.14,100,130,70,60
1466,346293,97.7773333333333,97.18,98.44,135,71,64
1467,346370,93.3822058823529,89.87,98.25,136,79,57
1468,346658,97.6741085271318,96.92,98.44,129,65,64
1469,346724,98.2485964912281,98.08,98.39,114,52,62
1470,346805,99.3066666666667,100,98.44,144,80,64
1471,347295,99.3957831325301,98.82,100,166,85,81
1472,348342,100,100,100,189,97,92
1473,348854,98.3256983240223,96.67,100,179,90,89
1474,349028,100,100,100,217,113,104
1475,349072,99.5393055555555,100,99.07,216,109,107
1476,349097,97.8028571428571,98.36,96.67,91,61,30
1477,349102,97.9873154362416,98.63,97.37,149,73,76
1478,349130,98.9804081632653,98.96,99,196,96,100
1479,349144,100,100,100,184,100,84
1480,349192,99.3978313253012,98.98,100,166,98,68
1481,349300,99.5065346534654,100,99.11,202,90,112
1482,350027,97.2643835616438,95.58,99.06,219,113,106
1483,350163,98.008407960199,98.13,97.87,201,107,94
1484,350207,100,100,100,166,97,69
1485,350744,99.5,99,100,200,100,100
1486,350934,100,100,100,196,111,85
1487,351252,100,100,100,227,114,113
1488,351500,100,100,100,235,115,120
1489,351659,99.06,100,97.87,213,119,94
1490,352248,99.5649344978166,99.19,100,229,123,106
1491,352274,98.6090740740741,98.11,99.09,216,106,110
1492,352361,99.0903636363636,99.11,99.07,220,112,108
1493,352377,99.5413698630137,100,99.07,219,111,108
1494,352812,100,100,100,191,99,92
1495,353031,100,100,100,170,60,110
1496,353292,100,100,100,218,106,112
1497,353760,99.5707692307692,99.19,100,234,124,110
1498,354357,100,100,100,215,114,101
1499,354472,98.8883888888889,100,98.13,180,73,107
1500,354497,98.8023952095808,100,98,167,67,100
1501,354522,96.5754794520548,96.97,96.25,146,66,80
1502,354531,96.6661904761905,99.09,94,210,110,100
1503,354549,98.6568609865471,100,97.12,223,119,104
1504,354564,97.5915662650603,96.97,98.51,166,99,67
1505,354569,97.0824817518248,96.88,97.26,137,64,73
1506,355936,100,100,100,239,130,109
1507,356110,100,100,100,224,141,83
1508,356616,96.6523444976076,93.88,99.1,209,98,111
1509,356825,99.0929864253394,100,97.89,221,126,95
1510,357123,99.56,99.12,100,226,113,113
1511,357577,99.565,100,99.13,230,115,115
1512,358417,100,100,100,197,92,105
1513,358430,100,100,100,210,105,105
1514,358965,98.4058510638298,96.67,100,188,90,98
1515,359321,100,100,100,214,122,92
1516,359526,98.9414814814815,99.16,98.57,189,119,70
1517,359565,98.282660944206,99.22,97.14,233,128,105
1518,359685,99.1435897435897,98.33,100,234,120,114
1519,360295,98.8758426966292,100,96.55,178,120,58
1520,360767,100,100,100,219,107,112
1521,360920,100,100,100,230,116,114
1522,361087,100,100,100,217,110,107
1523,361196,97.8924210526316,95.74,100,190,94,96
1524,361442,98.3695108695652,97.7,98.97,184,87,97
1525,361865,98.3414364640884,97.73,98.92,181,88,93
1526,362335,100,100,100,213,101,112
1527,362861,95.1080978260869,90.36,99.01,184,83,101
1528,363546,100,100,100,196,80,116
1529,363957,100,100,100,215,113,102
1530,364509,98.9637305699482,100,97.5,193,113,80
1531,364587,99.07,99.07,99.07,215,108,107
1532,364702,99.5618421052632,99.1,100,228,111,117
1533,364866,100,100,100,188,88,100
1534,364879,98.9052459016393,98.92,98.89,183,93,90
1535,364942,98.7641975308642,98.4,99.15,243,125,118
1536,364962,98.0965714285714,98.04,98.15,210,102,108
1537,365016,98.6854385964912,97.64,100,228,127,101
1538,365442,99.1546835443038,100,98.11,237,131,106
1539,365706,100,100,100,219,130,89
1540,366072,99.5794957983193,99.28,100,238,139,99
1541,366168,99.4958793969849,98.86,100,199,88,111
1542,366770,100,100,100,235,127,108
1543,367143,100,100,100,242,126,116
1544,367247,99.5693991416309,100,99.21,233,106,127
1545,367654,97.4858995815899,97.67,97.27,239,129,110
1546,367792,100,100,100,235,114,121
1547,367806,99.0643925233645,97.87,100,214,94,120
1548,368124,98.6307762557078,100,96.81,219,125,94
1549,368668,100,100,100,187,82,105
1550,368761,99.576170212766,100,99.17,235,115,120
1551,369224,99.5629824561403,99.06,100,228,106,122
1552,369260,99.046,100,98.41,210,84,126
1553,369473,99.5356279069767,98.96,100,215,96,119
1554,369641,99.6148648648649,100,99.25,259,126,133
1555,369922,100,100,100,211,116,95
1556,370157,100,100,100,192,120,72
1557,370431,99.6033333333333,99.16,100,252,119,133
1558,370583,100,100,100,141,103,38
1559,370587,96.6233108108108,92.16,98.97,148,51,97
1560,370953,98.2590869565217,97.98,98.47,230,99,131
1561,371414,99.2341538461538,99.14,99.31,260,116,144
1562,371443,98.8375,95.35,100,172,43,129
1563,371502,98.8445664739884,99.04,98.55,173,104,69
1564,371507,99.3110344827586,100,98.15,145,91,54
1565,371540,98.0316929133858,97.6,98.45,254,125,129
1566,371840,100,100,100,257,126,131
1567,372197,99.6292537313433,100,99.31,268,124,144
1568,372338,99.5923577235772,100,99.08,246,137,109
1569,372436,99.5647826086957,100,99.09,230,120,110
1570,372842,99.1917004048583,98.35,100,247,121,126
1571,372970,98.673185840708,98.97,98.45,226,97,129
1572,373033,99.5640174672489,100,98.96,229,133,96
1573,373098,100,100,100,214,91,123
1574,373285,99.6124513618677,99.17,100,257,120,137
1575,374151,100,100,100,262,123,139
1576,374625,98.9028571428571,97.66,100,273,128,145
1577,374676,99.1528813559322,100,98.04,236,134,102
1578,374694,99.565670995671,98.73,100,231,79,152
1579,374843,99.6373722627737,99.28,100,274,138,136
1580,374862,99.6512280701754,99.29,100,285,140,145
1581,375547,98.9064,99.3,98.48,275,143,132
1582,376161,95.9984,100,92.62,225,103,122
1583,376464,100,100,100,249,119,130
1584,376640,99.1404291845494,99.16,99.12,233,119,114
1585,377610,99.5914634146341,99.25,100,246,134,112
1586,377662,97.5201652892562,96.32,99.06,242,136,106
1587,377721,99.5453881278539,99.24,100,219,131,88
1588,378084,98.9453684210526,99.15,98.61,190,118,72
1589,378564,99.1228070175439,100,98,228,128,100
1590,378715,100,100,100,226,118,108
1591,378897,100,100,100,231,118,113
1592,379318,100,100,100,226,135,91
1593,379757,99.5599557522124,100,99.15,226,109,117
1594,380385,98.430890052356,95.95,100,191,74,117
1595,380735,99.5594713656388,99.2,100,227,125,102
1596,381405,97.0876699029126,100,93.94,206,107,99
1597,381932,99.405,98.81,100,168,84,84
1598,381956,100,100,100,181,117,64
1599,382134,100,100,100,192,95,97
1600,382233,98.5915492957746,97.5,100,142,80,62
1601,383297,100,100,100,161,66,95
1602,383321,99.3344,97.92,100,150,48,102
1603,383561,98.8083928571428,98.67,98.92,168,75,93
1604,383984,96.5513793103448,97.47,94.59,116,79,37
1605,384032,99.3686708860759,98.67,100,158,75,83
1606,384227,98.1816363636364,97.53,98.81,165,81,84
1607,384425,89.828813559322,92.42,86.54,118,66,52
1608,385587,99.2358778625954,98.46,100,131,65,66
1609,386099,100,100,100,153,78,75
1610,386904,100,100,100,107,66,41
1611,387277,100,100,100,106,79,27
1612,387317,100,100,100,110,60,50
1613,387376,99.2999300699301,100,98.59,143,72,71
1614,387406,99.1806557377049,98.53,100,122,68,54
1615,387415,97.65859375,97.3,98.15,128,74,54
1616,387706,99.2902127659574,98.61,100,141,72,69
1617,387940,100,100,100,113,66,47
1618,388038,100,100,100,133,76,57
1619,388611,98.3033898305085,96.36,100,118,55,63
1620,388807,97.437094017094,100,94.83,117,59,58
1621,389387,98.3210084033613,98.28,98.36,119,58,61
1622,389624,99.0638317757009,100,98.11,107,54,53
1623,390217,96.7401086956522,97.96,95.35,92,49,43
1624,390387,97.8038461538462,100,94.29,91,56,35
1625,390474,98.9141304347826,100,97.3,92,55,37
1626,390509,100,100,100,103,48,55
1627,390624,100,100,100,116,63,53
1628,391209,98.6486486486486,100,98,74,24,50
1629,391644,94.8724786324786,92.86,96.72,117,56,61
1630,391711,90.2947572815534,92.31,88.24,103,52,51
1631,392963,99.2693430656934,100,98.9,137,46,91
1632,393031,100,100,100,147,60,87
1633,393160,99.3457516339869,98.57,100,153,70,83
1634,393697,100,100,100,148,62,86
1635,393762,100,100,100,155,74,81
1636,393823,98.1150943396226,96.43,98.72,106,28,78
1637,394180,100,100,100,156,66,90
1638,394375,98.3563934426229,97.67,98.73,122,43,79
1639,394976,97.8282608695652,98.39,97.37,138,62,76
1640,395266,99.3820987654321,100,98.7,162,85,77
1641,395445,98.8304093567251,97.5,100,171,80,91
1642,395607,100,100,100,173,82,91
1643,395958,100,100,100,165,95,70
1644,396168,98.01,97.22,98.73,151,72,79
1645,396180,100,100,100,127,61,66
1646,396214,99.3791304347826,100,98.53,161,93,68
1647,396406,98.027302631579,98.77,97.18,152,81,71
1648,396440,100,100,100,129,49,80
1649,396771,99.3402631578947,100,98.91,152,60,92
1650,396918,100,100,100,188,90,98
1651,396988,100,100,100,175,83,92
1652,397077,99.4418994413408,100,98.89,179,89,90
1653,397089,99.3845398773006,100,98.86,163,75,88
1654,397287,100,100,100,187,90,97
1655,397425,99.4395530726257,100,98.86,179,91,88
1656,398047,100,100,100,183,87,96
1657,398146,99.4238150289017,100,98.88,173,84,89
1658,398172,100,100,100,173,88,85
1659,398329,98.020594059406,97.83,98.18,101,46,55
1660,398334,99.0644859813084,98.7,100,107,77,30
1661,398966,100,100,100,164,76,88
1662,399098,98.4598461538461,100,95.74,130,83,47
1663,399896,100,100,100,101,22,79
1664,399901,97.3682456140351,98.46,95.92,114,65,49
1665,399977,97.7272727272727,93.75,100,132,48,84
1666,399986,100,100,100,106,66,40
1667,400079,99.2623529411765,98.86,100,136,88,48
1668,400184,96.9137037037037,93.59,100,162,78,84
1669,400238,100,100,100,156,79,77
1670,400253,100,100,100,120,53,67
1671,400268,100,100,100,162,82,80
1672,400279,100,100,100,136,59,77
1673,400297,98.6111111111111,97.5,100,144,80,64
1674,400735,98.5317647058824,100,96.88,136,72,64
1675,401076,97.8984615384615,98.48,97.4,143,66,77
1676,401534,99.2522388059701,98.33,100,134,60,74
1677,401895,100,100,100,127,54,73
1678,402195,100,100,100,153,82,71
1679,402379,99.3783850931677,100,98.61,161,89,72
1680,402801,100,100,100,175,97,78
1681,402843,100,100,100,132,55,77
1682,402918,99.4152631578947,99.01,100,171,101,70
1683,403122,100,100,100,171,92,79
1684,403233,98.5182962962963,97.59,100,135,83,52
1685,403558,97.1588068181818,100,93.15,176,103,73
1686,403980,98.81,97.96,100,168,98,70
1687,404887,98.4995,98.18,98.89,200,110,90
1688,405151,100,100,100,185,102,83
1689,405977,100,100,100,137,59,78
1690,406121,100,100,100,142,72,70
1691,406346,95.1810843373494,100,89.19,166,92,74
1692,406426,98.2029341317365,98.97,97.14,167,97,70
1693,406505,100,100,100,173,94,79
1694,406546,99.3024475524475,100,98.25,143,86,57
1695,406690,99.4005988023952,100,98.57,167,97,70
1696,406918,100,100,100,166,78,88
1697,407076,99.4200578034682,100,98.73,173,94,79
1698,407099,100,100,100,176,92,84
1699,407216,97.8744680851064,100,95.56,188,98,90
1700,407446,98.7405031446541,96.77,100,159,62,97
1701,407758,98.4765482233502,98.08,98.92,197,104,93
1702,407813,98.455,97.94,98.97,194,97,97
1703,408602,95.17,93.52,96.97,207,108,99
1704,408688,99.5542857142857,100,99.04,224,120,104
1705,408763,99.0473333333333,99.16,98.9,210,119,91
1706,408829,98.1139622641509,96.43,100,212,112,100
1707,408862,99.1244978165939,98.37,100,229,123,106
1708,409237,99.5576991150443,100,99.02,226,124,102
1709,409364,99.1350216450216,99.14,99.13,231,116,115
1710,409381,98.6670222222222,98.21,99.12,225,112,113
1711,409400,98.5822169811321,97.67,100,212,129,83
1712,409631,98.9785714285714,98.82,99.1,196,85,111
1713,409869,96.1113333333333,87.72,100,180,57,123
1714,410270,100,100,100,220,100,120
1715,410796,99.5378801843318,98.91,100,217,92,125
1716,410874,98.3505494505495,96.2,100,182,79,103
1717,411994,96.5802564102564,94.57,99.05,234,129,105
1718,412141,99.1709543568465,98.52,100,241,135,106
1719,412351,98.2260444444444,98.5,97.83,225,133,92
1720,412656,97.8534763948498,98.58,96.74,233,141,92
1721,412671,97.7732,98.48,96.77,225,132,93
1722,412847,100,100,100,225,111,114
1723,413459,99.584875,99.19,100,240,123,117
1724,414549,100,100,100,217,136,81
1725,414620,100,100,100,264,138,126
1726,415544,98.7738775510204,99.2,98.33,245,125,120
1727,416098,100,100,100,226,129,97
1728,416431,99.1674273858921,99.21,99.12,241,127,114
1729,417110,99.1650416666667,99.17,99.16,240,121,119
1730,417410,99.5839330543933,99.12,100,239,113,126
1731,418067,98.1395348837209,100,96,215,115,100
1732,418835,99.5469090909091,100,99.11,220,108,112
1733,419065,99.5222966507177,98.96,100,209,96,113
1734,419376,83.4181347150259,86.14,80.43,193,101,92
1735,419608,97.5131343283582,97.06,97.98,201,102,99
1736,420363,100,100,100,222,107,115
1737,420599,98.5625179856115,95.65,99.14,139,23,116
1738,420605,99.0908636363636,98.23,100,220,113,107
1739,420749,99.053317535545,100,97.65,211,126,85
1740,420870,100,100,100,205,122,83
1741,421382,99.5936585365854,100,99.16,246,127,119
1742,421628,99.5335813953488,100,98.91,215,123,92
1743,421665,99.5491402714932,98.94,100,221,94,127
1744,422063,99.5408755760369,99.19,100,217,123,94
1745,422108,100,100,100,231,127,104
1746,422334,99.5028217821782,99.17,100,202,121,81
1747,422398,97.9701015228426,98.13,97.78,197,107,90
1748,422464,98.7974698795181,99.18,98.43,249,122,127
1749,422490,99.5399078341014,99.04,100,217,104,113
1750,422570,99.1820408163265,98.33,100,245,120,125
1751,422723,99.0569811320755,100,98.32,212,93,119
1752,422777,99.5784810126582,100,99.1,237,126,111
1753,422882,98.0312315270936,98.08,97.98,203,104,99
1754,422899,98.0703864734299,99.03,97.12,207,103,104
1755,422909,98.8023952095808,99.23,97.3,167,130,37
1756,422948,99.159243697479,100,98.26,238,123,115
1757,422983,97.490920502092,98.35,96.61,239,121,118
1758,423030,99.5219230769231,99.12,100,208,113,95
1759,423050,98.4567010309278,97.3,99.17,194,74,120
1760,423176,100,100,100,187,76,111
1761,423586,99.5233014354067,100,98.77,209,128,81
1762,423752,99.5201913875598,98.91,100,209,92,117
1763,423992,100,100,100,230,112,118
1764,424673,100,100,100,211,91,120
1765,425171,99.0609859154929,99.03,99.09,213,103,110
1766,425200,99.5009950248756,100,99.15,201,83,118
1767,425675,100,100,100,213,102,111
1768,425822,97.9892462311558,95.06,100,199,81,118
1769,426195,100,100,100,214,121,93
1770,426360,99.0750230414747,99.07,99.08,217,108,109
1771,426392,98.3955614973262,95.89,100,187,73,114
1772,426479,99.0557075471698,99.08,99.03,212,109,103
1773,426489,98.5308088235294,98.31,98.7,136,59,77
1774,426504,98.112641509434,98.18,98.04,212,110,102
1775,426534,97.6861111111111,98.94,96.72,216,94,122
1776,426557,99.5746382978723,100,99.16,235,116,119
1777,427032,98.5530917874396,99.07,98,207,107,100
1778,427398,97.314623655914,99.12,94.52,186,113,73
1779,427686,98.2216,100,96.49,225,111,114
1780,427741,100,100,100,196,78,118
1781,427755,100,100,100,184,110,74
1782,427797,99.2654411764706,96.3,100,136,27,109
1783,428934,99.5908196721311,99.22,100,244,128,116
1784,429051,99.5947368421053,100,99.09,247,137,110
1785,429108,99.5730341880342,100,99.03,234,131,103
1786,429216,100,100,100,242,128,114
1787,430186,100,100,100,220,105,115
1788,430252,99.5448401826484,99.11,100,219,112,107
1789,430454,99.480414507772,99.08,100,193,109,84
1790,430514,95.1896153846154,92.39,97.41,208,92,116
1791,430747,99.5556,99.01,100,225,101,124
1792,430813,99.5832780082987,100,99.17,241,120,121
1793,430843,100,100,100,238,119,119
1794,431273,98.105308056872,98.26,97.92,211,115,96
1795,431423,100,100,100,219,116,103
1796,431856,99.5123902439024,100,98.98,205,107,98
1797,432360,98.942380952381,98.89,98.99,189,90,99
1798,432525,98.4976,99.08,97.8,200,109,91
1799,432613,98.1508333333333,98.25,98.04,216,114,102
1800,432914,95.7637288135593,92.5,99.14,236,120,116
1801,433431,98.6688,100,96.88,225,129,96
1802,433759,99.5433789954338,100,99,219,119,100
1803,433965,100,100,100,218,122,96
1804,434056,100,100,100,254,130,124
1805,434293,99.1761983471074,99.29,99.02,242,140,102
1806,434558,97.2364976958525,97.3,97.17,217,111,106
1807,435022,98.735358649789,100,97.46,237,119,118
1808,435458,98.7715163934426,100,97.25,244,135,109
1809,435594,99.6383754512635,99.37,100,277,159,118
1810,435763,99.5723404255319,99.33,100,235,150,85
1811,435812,99.6183908045977,100,99.17,261,141,120
1812,435821,98.7697131147541,98.6,99.01,244,143,101
1813,435857,99.2713138686131,99.3,99.24,274,143,131
1814,435878,99.6126254826255,100,99.21,259,132,127
1815,435959,98.8926937269373,100,97.58,271,147,124
1816,436096,99.5964516129032,99.28,100,248,139,109
1817,436192,98.5379024390244,97.09,100,205,103,102
1818,436247,98.6332876712329,97.92,99.19,219,96,123
1819,436268,97.1428571428571,94.4,100,245,125,120
1820,436292,99.1085714285714,97.92,100,224,96,128
1821,436691,99.5905737704918,99.26,100,244,135,109
1822,436790,98.2321238938053,98.17,98.29,226,109,117
1823,436845,98.8821641791045,98.54,99.24,268,137,131
1824,436886,99.6320588235294,99.28,100,272,139,133
1825,436979,99.1019730941704,98.94,99.22,223,94,129
1826,436992,100,100,100,222,115,107
1827,437018,100,100,100,137,46,91
1828,437024,99.5235714285714,99.31,100,210,145,65
1829,437387,99.1788477366255,99.12,99.23,243,113,130
1830,437584,99.26,99.26,99.26,271,135,136
1831,437732,98.3191176470588,96.85,100,238,127,111
1832,437930,99.1617647058823,98.25,100,238,114,124
1833,438055,99.63,99.26,100,270,135,135
1834,438655,99.5676086956522,100,99.15,230,113,117
1835,438870,99.5934008097166,99.17,100,247,121,126
1836,438975,99.6271161048689,100,99.24,267,136,131
1837,439095,98.2348823529412,91.89,100,170,37,133
1838,439263,99.5820833333333,100,99.15,240,122,118
1839,439291,99.227027027027,98.46,100,259,130,129
1840,440302,93,65,100,100,20,80
1841,440307,98.7433962264151,95.56,100,159,45,114
1842,440823,99.5793220338983,99.32,100,236,146,90
1843,441847,100,100,100,266,147,119
1844,442018,99.59744,99.26,100,250,136,114
1845,442068,99.5881481481481,99.28,100,243,139,104
1846,442482,100,100,100,250,134,116
1847,442497,100,100,100,251,142,109
1848,442587,99.1362770562771,98.28,100,231,116,115
1849,442776,99.5868181818182,100,99.01,242,141,101
1850,442882,99.1250438596491,99.13,99.12,228,115,113
1851,443433,99.5452054794521,100,99.17,219,99,120
1852,443573,100,100,100,255,155,100
1853,443872,100,100,100,233,130,103
1854,444321,100,100,100,242,141,101
1855,444345,98.9996,100,96.72,200,139,61
1856,444714,97.4143965517241,99.21,95.28,232,126,106
1857,445022,99.576170212766,99.17,100,235,120,115
1858,445134,99.4376404494382,98.46,100,178,65,113
1859,445804,97.85,97.58,98.39,186,124,62
1860,446155,99.1457510729614,99.12,99.17,233,113,120
1861,446197,99.555,100,99.11,224,112,112
1862,446289,99.574406779661,100,99.07,236,128,108
1863,447215,98.7068965517241,100,97,232,132,100
1864,447260,100,100,100,222,120,102
1865,447464,98.3560493827161,97.64,99.14,243,127,116
1866,447647,98.7613636363636,100,97.25,242,133,109
1867,447970,97.3296888888889,99.26,94.38,225,136,89
1868,448029,99.1313043478261,98.52,100,230,135,95
1869,448086,96.7891978609626,98.26,94.44,187,115,72
1870,448268,100,100,100,186,79,107
1871,448569,100,100,100,193,99,94
1872,448765,100,100,100,196,105,91
1873,448777,100,100,100,220,122,98
1874,448822,98.6385454545455,98.23,99.07,220,113,107
1875,449260,99.1007207207207,100,98.39,222,98,124
1876,449371,100,100,100,242,125,117
1877,449554,99.4236416184971,100,98.31,173,114,59
1878,449770,99.0427272727273,98.95,99.12,209,95,114
1879,449874,100,100,100,159,48,111
1880,450250,99.5247393364929,99.08,100,211,109,102
1881,450310,99.5635526315789,100,99.07,228,121,107
1882,450337,98.7900606060606,98.78,98.8,165,82,83
1883,450342,99.1597478991597,100,96.97,119,86,33
1884,450538,99.5516071428571,99.19,100,224,124,100
1885,450580,98.01,98.29,97.62,201,117,84
1886,450930,98.385,96.77,100,186,93,93
1887,451024,98.7829268292683,98.84,98.72,164,86,78
1888,451518,97.4700632911392,99.05,94.34,158,105,53
1889,451633,95.4036206896552,98.06,91.55,174,103,71
1890,452992,99.3254054054054,100,98.08,148,96,52
1891,453196,100,100,100,187,86,101
1892,453411,95.2625263157895,100,88.46,190,112,78
1893,453490,99.281726618705,100,97.92,139,91,48
1894,453943,100,100,100,197,87,110
1895,454003,100,100,100,199,100,99
1896,454015,100,100,100,210,95,115
1897,454057,100,100,100,182,108,74
1898,454608,98.1220187793427,98,98.23,213,100,113
1899,455499,98.3711956521739,100,97.3,184,73,111
1900,455517,99.5217142857143,100,99.19,210,86,124
1901,455715,97.0586470588235,83.87,100,170,31,139
1902,456003,99.5586842105263,100,99.22,228,99,129
1903,456051,100,100,100,239,108,131
1904,456243,100,100,100,214,88,126
1905,456271,99.5360465116279,98.67,100,215,75,140
1906,456926,98.5933333333333,97.18,99.3,213,71,142
1907,457230,100,100,100,244,103,141
1908,457777,100,100,100,226,98,128
1909,458068,99.5865560165975,99.06,100,241,106,135
1910,458152,99.1341379310345,99.07,99.19,232,108,124
1911,458306,99.2646323529412,98.63,100,136,73,63
1912,458311,98.3904838709677,98.25,98.51,124,57,67
1913,458398,100,100,100,229,101,128
1914,458465,100,100,100,207,83,124
1915,458582,100,100,100,210,77,133
1916,459087,98.3718292682927,98.26,98.47,246,115,131
1917,459369,100,100,100,218,82,136
1918,459501,99.1635146443515,98.04,100,239,102,137
1919,459882,97.8988235294118,98.1,97.74,238,105,133
1920,459938,99.6046428571428,99.19,100,252,123,129
1921,460106,100,100,100,221,91,130
1922,460160,99.56875,100,99.13,232,117,115
1923,460191,99.5376958525346,98.86,100,217,88,129
1924,460221,99.5374537037037,98.97,100,216,97,119
1925,460272,99.0687906976744,98.97,99.15,215,97,118
1926,460335,99.5971774193548,99.26,100,248,135,113
1927,460847,100,100,100,178,113,65
1928,461006,100,100,100,243,118,125
1929,461033,98.7229361702128,98.21,99.19,235,112,123
1930,461115,98.7666666666667,98.15,99.26,243,108,135
1931,461148,98.00185,94.81,100,200,77,123
1932,461334,98.7881451612903,99.22,98.32,248,129,119
1933,461469,95.6143859649123,100,91.38,228,112,116
1934,461655,100,100,100,256,136,120
1935,462129,99.5516071428571,100,99.19,224,100,124
1936,462200,100,100,100,203,116,87
1937,462219,100,100,100,251,128,123
1938,462363,99.5585840707965,100,99.14,226,110,116
1939,462696,100,100,100,253,131,122
1940,463662,99.5772268907563,100,99.22,238,109,129
1941,464241,99.1225,98.29,100,228,117,111
1942,464730,96.6685714285714,98.28,94.68,210,116,94
1943,465876,98.9954773869347,99.2,98.65,199,125,74
1944,466171,100,100,100,226,103,123
1945,466228,99.5982661290323,100,99.19,248,125,123
1946,466522,100,100,100,250,117,133
1947,466662,97.5601219512195,95.73,99.22,246,117,129
1948,467757,100,100,100,261,124,137
1949,467847,98.8583650190114,99.21,98.53,263,127,136
1950,467863,96.6824309392265,91.84,98.48,181,49,132
1951,467872,98.0184158415842,98.21,97.78,202,112,90
1952,467889,97.3433628318584,94.68,99.24,226,94,132
1953,468058,100,100,100,218,81,137
1954,468235,97.8446762589928,96.27,99.31,278,134,144
1955,468549,99.1324242424242,98.97,99.25,231,97,134
1956,469036,100,100,100,227,101,126
1957,469048,96.4046107784431,97.56,95.29,167,82,85
1958,469244,99.5768776371308,99.08,100,237,109,128
1959,469387,98.020297029703,95.35,100,202,86,116
1960,469498,99.1851020408163,98.35,100,245,121,124
1961,469520,100,100,100,217,120,97
1962,470401,99.5186473429952,98.94,100,207,94,113
1963,471038,100,100,100,219,89,130
1964,471045,100,100,100,191,122,69
1965,471633,100,100,100,221,112,109
1966,471903,100,100,100,183,61,122
1967,472130,100,100,100,241,130,111
1968,472594,91.2830769230769,97.56,80.56,195,123,72
1969,472817,98.7111587982833,100,97.14,233,128,105
1970,473346,97.5477941176471,100,94.25,204,117,87
1971,473767,99.5778481012658,99.13,100,237,115,122
1972,473960,100,100,100,227,103,124
1973,474118,98.9044808743169,100,98.21,183,71,112
1974,474164,100,100,100,212,106,106
1975,474550,100,100,100,198,88,110
1976,474617,99.4675531914894,100,98.9,188,97,91
1977,474697,100,100,100,206,95,111
1978,475544,100,100,100,190,102,88
1979,475793,100,100,100,155,70,85
1980,476191,100,100,100,153,52,101
1981,476990,98.9314973262032,98.89,98.97,187,90,97
1982,477287,97.3540740740741,97.8,96.94,189,91,98
1983,477310,97.918125,97.78,98.04,192,90,102
1984,477415,98.7590062111801,97.78,100,161,90,71
1985,477449,95.152,88.89,100,165,72,93
1986,477479,98.4226315789474,96.67,100,190,90,100
1987,477539,96.4756338028169,95.71,97.22,142,70,72
1988,477941,94.4418055555555,96.55,93.02,144,58,86
1989,478151,100,100,100,159,69,90
1990,478728,98.1599386503067,97.37,98.85,163,76,87
1991,478848,99.4,100,98.8,166,83,83
1992,479329,95.5836029411765,95.77,95.38,136,71,65
1993,479763,97.0974637681159,97.18,97.01,138,71,67
1994,479847,98.4390625,96.67,100,128,60,68
1995,480007,96.00192,93.88,97.37,125,49,76
1996,480121,89.2581818181818,100,76.79,121,65,56
1997,480165,95.19776,95.08,95.31,125,61,64
1998,480421,94.3085365853659,96.3,92.75,123,54,69
1999,480482,94.6549618320611,88.33,100,131,60,71
2000,480578,98.4106349206349,100,96.77,126,64,62
2001,481164,92.8097122302158,91.94,93.51,139,62,77
2002,481263,99.2540298507463,100,98.53,134,66,68
2003,481480,100,100,100,144,75,69
2004,481576,99.3460784313725,100,98.85,153,66,87
2005,482496,98.1355279503106,97.37,98.82,161,76,85
2006,482764,100,100,100,200,99,101
2007,482892,100,100,100,173,107,66
2008,482944,99.4686170212766,100,98.89,188,98,90
2009,483361,100,100,100,219,107,112
2010,483532,99.3291275167785,97.96,100,149,49,100
2011,484135,97.1830985915493,100,92,142,92,50
2012,484270,97.4784033613445,99,89.47,119,100,19
2013,484324,100,100,100,206,97,109
2014,484360,100,100,100,179,76,103
2015,484383,97.8364864864865,97.89,97.78,185,95,90
2016,484549,98.5631578947368,97.14,100,209,105,104
2017,484610,99.4942131979695,100,99.06,197,91,106
2018,484768,99.2733333333333,100,99.08,138,29,109
2019,484816,99.4823834196891,100,98.89,193,103,90
2020,484880,100,100,100,180,72,108
2021,484985,100,100,100,82,31,51
2022,484990,98.86375,100,96.97,88,55,33
2023,485114,99.4863917525773,100,99.06,194,88,106
2024,485188,99.5204326923077,99.05,100,208,105,103
2025,485287,100,100,100,171,101,70
2026,485329,100,100,100,199,100,99
2027,485426,98.9143478260869,98.61,99.11,184,72,112
2028,485465,98.9680412371134,97.8,100,194,91,103
2029,485944,96.2589839572193,95.24,97.09,187,84,103
2030,486011,92.7659210526316,86.49,98.72,152,74,78
2031,486317,96.7111842105263,97.47,95.89,152,79,73
2032,486562,96.39,93.81,98.97,194,97,97
2033,486654,100,100,100,185,96,89
2034,486711,97.9897989949749,99.06,96.77,199,106,93
2035,486744,98.169512195122,97.37,98.86,164,76,88
2036,486780,97.7774444444445,95.18,100,180,83,97
2037,486984,99.4410614525139,98.85,100,179,87,92
2038,487806,98.9701030927835,98.2,100,194,111,83
2039,487961,96.9336196319018,98.06,95,163,103,60
2040,488093,99.457945945946,98.91,100,185,92,93
2041,488192,98.9953768844221,98.04,100,199,102,97
2042,488207,99.0347826086957,98.15,100,207,108,99
2043,488732,100,100,100,196,105,91
2044,488975,99.2338461538461,98.8,100,130,83,47
2045,489244,99.4438888888889,100,98.7,180,103,77
2046,489350,99.010099009901,99.02,99,202,102,100
2047,489425,98.3680434782609,98.82,97.98,184,85,99
2048,489459,100,100,100,159,83,76
2049,489473,100,100,100,205,101,104
2050,489509,100,100,100,217,107,110
2051,489548,100,100,100,201,86,115
2052,489576,99.4884102564102,98.84,100,195,86,109
2053,489687,100,100,100,182,101,81
2054,489762,100,100,100,218,105,113
2055,490198,99.5470909090909,100,99.06,220,114,106
2056,490399,100,100,100,201,114,87
2057,491731,99.609568627451,99.24,100,255,131,124
2058,491742,100,100,100,206,108,98
2059,491835,100,100,100,263,133,130
2060,491890,99.5769491525424,99.04,100,236,104,132
2061,492357,99.5108292682927,98.91,100,205,92,113
2062,492464,100,100,100,254,143,111
2063,492564,98.6387272727273,98.15,99.11,220,108,112
2064,492831,100,100,100,245,127,118
2065,493455,100,100,100,258,148,110
2066,494023,97.862905982906,100,94.68,234,140,94
2067,494157,98.4689655172414,100,96.4,261,150,111
2068,494244,100,100,100,238,142,96
2069,494511,100,100,100,229,117,112
2070,494781,99.5880658436214,99.3,100,243,143,100
2071,494825,99.2080952380953,99.31,99.07,252,145,107
2072,495026,99.1090666666667,99.22,98.96,225,129,96
2073,495180,94.5959459459459,92,97.65,185,100,85
2074,495477,98.3882661290323,99.27,97.3,248,137,111
2075,495631,100,100,100,252,133,119
2076,495747,99.5461538461538,100,99.15,221,103,118
2077,495895,98.3451239669422,98.33,98.36,242,120,122
2078,495994,98.0211881188119,99.17,96.34,202,120,82
2079,496105,99.60148,99.19,100,250,123,127
2080,496305,100,100,100,219,102,117
2081,496731,98.81,100,94.12,168,134,34
2082,496837,100,100,100,206,131,75
2083,496912,100,100,100,219,121,98
2084,496948,98.4134920634921,97.3,99.13,189,74,115
2085,497367,100,100,100,241,127,114
2086,497520,100,100,100,265,148,117
2087,497650,100,100,100,227,107,120
2088,497709,99.5856666666667,100,99.12,240,127,113
2089,497797,97.8240869565217,96.33,99.17,230,109,121
2090,498413,98.2831759656652,98.46,98.06,233,130,103
2091,498614,100,100,100,241,134,107
2092,499188,100,100,100,179,124,55
2093,499236,98.3223529411765,97.73,99.06,238,132,106
2094,499426,99.5763404255319,99.24,100,235,131,104
2095,499662,100,100,100,224,113,111
2096,500029,95.5793922651934,94.37,96.36,181,71,110
2097,500180,100,100,100,241,140,101
2098,500243,100,100,100,236,119,117
2099,500537,99.5513901345291,99.18,100,223,122,101
2100,500861,99.1543037974684,99.21,99.09,237,127,110
2101,500921,100,100,100,223,120,103
2102,500960,99.4203468208093,100,98.91,173,81,92
2103,501422,97.9810606060606,100,93.85,198,133,65
2104,501782,99.4255172413793,100,98.04,174,123,51
2105,502004,97.616,98.37,96.55,210,123,87
2106,502118,93.3725301204819,100,65.62,166,134,32
2107,502357,99.5278301886792,100,98.9,212,121,91
2108,502649,99.55,99.15,100,221,117,104
2109,502667,98.1013291139241,96.72,98.97,158,61,97
2110,502961,100,100,100,187,91,96
2111,503387,94.4673732718894,91.74,97.22,217,109,108
2112,503572,97.1690566037736,97.32,97,212,112,100
2113,503852,100,100,100,235,126,109
2114,504125,98.7006060606061,100,97.32,231,119,112
2115,504578,98.7031601731602,99.13,98.28,231,115,116
2116,504735,95.6761538461538,98.88,93.28,208,89,119
2117,505035,98.7675409836066,99.22,98.26,244,129,115
2118,505253,98.5705714285714,99.04,98.11,210,104,106
2119,505398,99.542100456621,100,99.08,219,110,109
2120,505642,100,100,100,220,124,96
2121,505655,100,100,100,213,121,92
2122,505677,100,100,100,203,91,112
2123,505746,99.1305217391304,99.11,99.15,230,112,118
2124,505949,98.7495833333333,99.2,98.26,240,125,115
2125,506034,99.1300869565217,99.12,99.14,230,114,116
2126,506097,99.5327570093458,99.01,100,214,101,113
2127,506370,99.5169082125604,98.75,100,207,80,127
2128,506643,99.5540358744395,100,99.15,223,106,117
2129,506654,99.5569777777778,99.11,100,225,112,113
2130,506819,99.5194230769231,100,99.02,208,106,102
2131,506870,98.6016744186047,97.8,99.19,215,91,124
2132,506957,99.4706878306878,100,99.18,189,67,122
2133,507014,98.6865789473684,98.04,99.21,228,102,126
2134,507887,100,100,100,204,82,122
2135,508075,98.0486829268293,97.87,98.2,205,94,111
2136,508350,99.1174889867841,99,99.21,227,100,127
2137,508450,100,100,100,222,96,126
2138,509266,99.531308411215,100,99.15,214,96,118
2139,509302,99.5475675675676,99.07,100,222,108,114
2140,509332,100,100,100,210,95,115
2141,509433,100,100,100,225,108,117
2142,509677,100,100,100,229,115,114
2143,510321,100,100,100,228,113,115
2144,510493,100,100,100,223,108,115
2145,510766,100,100,100,205,95,110
2146,511222,99.4831606217617,98.95,100,193,95,98
2147,511675,97.590421686747,100,94.03,166,99,67
2148,512573,99.5008955223881,98.68,100,201,76,125
2149,512666,100,100,100,189,96,93
2150,512987,99.3882926829268,100,98.68,164,88,76
2151,513050,99.5126829268293,100,99.1,205,94,111
2152,513074,98.9603626943005,98.73,99.12,193,79,114
2153,513237,100,100,100,199,74,125
2154,513413,99.5363720930233,100,99.11,215,103,112
2155,513677,99.5190384615385,98.78,100,208,82,126
2156,513749,99.5375,100,99.1,216,105,111
2157,514263,100,100,100,206,113,93
2158,514476,100,100,100,216,122,94
2159,514977,98.0563106796116,95.45,100,206,88,118
2160,515199,98.2224,99.07,97.44,225,108,117
2161,515451,99.4769109947644,100,98.97,191,94,97
2162,515598,98.0766826923077,100,96.19,208,103,105
2163,515615,98.8877777777778,100,97.8,180,89,91
2164,516087,97.8234239130435,98.9,96.77,184,91,93
2165,516222,99.4402808988764,100,98.77,178,97,81
2166,516237,99.4849230769231,98.92,100,195,93,102
2167,516456,99.4632258064516,98.72,100,186,78,108
2168,516952,99.4847422680412,100,99.02,194,92,102
2169,517211,94.8734615384615,85.19,100,156,54,102
2170,517413,100,100,100,173,84,89
2171,517498,100,100,100,193,97,96
2172,517542,99.3844785276074,98.73,100,163,79,84
2173,517746,100,100,100,164,96,68
2174,517831,94.1947741935484,88.61,100,155,79,76
2175,517975,100,100,100,141,93,48
2176,518590,100,100,100,168,81,87
2177,518878,98.72,97.44,100,156,78,78
2178,518908,98.26,98.46,98,115,65,50
2179,518928,99.258,100,98.41,135,72,63
2180,518952,98.6301369863014,100,93.75,73,57,16
2181,518956,96.2969135802469,93.55,98,81,31,50
2182,519127,98.5479710144928,97.67,100,138,86,52
2183,519870,99.2802877697842,100,98.36,139,78,61
2184,519895,99.2694890510949,100,98.61,137,65,72
2185,520154,99.3658227848101,100,98.33,158,98,60
2186,520525,100,100,100,161,85,76
2187,520576,100,100,100,164,90,74
2188,520747,99.3110344827586,98.65,100,145,74,71
2189,521120,99.1666666666667,98,100,120,50,70
2190,521230,100,100,100,123,54,69
2191,521241,100,100,100,137,64,73
2192,521842,99.2954225352113,98.55,100,142,69,73
2193,522085,100,100,100,151,82,69
2194,526925,95.4539772727273,91.11,100,88,45,43
2195,527058,88.885,87.8,90.32,72,41,31
2196,527172,80.5222077922078,77.78,82.93,77,36,41
2197,528121,94.0259701492537,90.62,97.14,67,32,35
2198,528217,96.9719696969697,100,94.29,66,31,35
2199,528265,86.666,71.43,94.87,60,21,39
2200,528346,91.3057971014493,100,82.86,69,34,35
2201,528410,92.21,91.43,92.86,77,35,42
2202,528982,81.3557627118644,53.33,90.91,59,15,44
2203,530099,98.2444736842105,98.04,98.41,114,51,63
2204,530484,98.5275,96.77,100,136,62,74
2205,530495,99.2665441176471,100,98.67,136,61,75
2206,530565,100,100,100,136,58,78
2207,530726,100,100,100,125,61,64
2208,531473,99.3820987654321,98.46,100,162,65,97
2209,531694,100,100,100,148,50,98
2210,531726,100,100,100,152,67,85
2211,531736,100,100,100,119,68,51
2212,532124,100,100,100,148,69,79
2213,532213,94.3371698113207,98.59,85.71,106,71,35
2214,532869,100,100,100,153,73,80
2215,533371,98.8513793103448,98.81,98.89,174,84,90
2216,533744,93.8888888888889,98,88.75,180,100,80
2217,534165,98.8613636363636,98.82,98.9,176,85,91
2218,534436,99.485,100,99.03,194,91,103
2219,534492,98.3609836065574,98.81,97.98,183,84,99
2220,534618,99.43125,98.57,100,176,70,106
2221,534655,100,100,100,164,58,106
2222,534859,100,100,100,178,97,81
2223,535152,100,100,100,181,98,83
2224,535219,100,100,100,177,73,104
2225,536473,98.8376744186047,100,97.96,172,74,98
2226,536538,94.9284782608696,98.36,92.21,138,61,77
2227,537298,100,100,100,189,88,101
2228,537409,98.8060479041916,98.84,98.77,167,86,81
2229,537679,97.6615789473684,97.53,97.78,171,81,90
2230,537912,100,100,100,195,87,108
2231,538254,99.449010989011,100,98.91,182,90,92
2232,538713,97.06,97.06,97.06,170,68,102
2233,539253,99.4384269662921,100,99.02,178,76,102
2234,539411,99.4061904761905,100,98.84,168,82,86
2235,539607,99.3493506493506,98.33,100,154,60,94
2236,539973,99.5002,100,99.02,200,98,102
2237,540017,98.6741721854305,96.15,100,151,52,99
2238,540024,98.3711956521739,96.3,100,184,81,103
2239,540354,99.2544776119403,97.3,100,134,37,97
2240,540850,99.466577540107,98.95,100,187,95,92
2241,542426,99.3153424657534,98.04,100,146,51,95
2242,543150,98.3424309392265,97.98,98.78,181,99,82
2243,543388,99.3475816993464,100,98.39,153,91,62
2244,543784,99.3435294117647,98.92,100,153,93,60
2245,544154,100,100,100,149,73,76
2246,544519,97.8562857142857,100,92.68,140,99,41
2247,545440,100,100,100,156,83,73
2248,545734,100,100,100,174,93,81
2249,545855,99.3865030674847,98.75,100,163,80,83
2250,545941,99.1932258064516,100,97.56,124,83,41
2251,546242,100,100,100,156,72,84
2252,546436,74.3615384615385,37.04,94.12,78,27,51
2253,546683,95.9336585365854,96.72,95.16,123,61,62
2254,546908,100,100,100,126,75,51
2255,547095,100,100,100,155,86,69
2256,547853,99.3485714285714,100,98.48,154,88,66
2257,547887,100,100,100,151,68,83
2258,547956,100,100,100,171,97,74
2259,548868,98.2544186046512,95.83,100,172,72,100
2260,548982,100,100,100,203,119,84
2261,549033,100,100,100,204,115,89
2262,549095,100,100,100,191,97,94
2263,549302,100,100,100,189,118,71
2264,549413,100,100,100,183,93,90
2265,549524,99.49,100,98.81,196,112,84
2266,549633,96.8101063829787,94.9,98.89,188,98,90
2267,550018,100,100,100,206,107,99
2268,550779,100,100,100,177,78,99
2269,551046,99.516425120773,99.09,100,207,110,97
2270,551096,100,100,100,200,101,99
2271,551473,99.48125,100,98.8,192,109,83
2272,551747,99.5314018691589,100,99.08,214,105,109
2273,551791,98.8957458563536,100,97.47,181,102,79
2274,551888,100,100,100,207,100,107
2275,552262,99.5277725118483,99.06,100,211,106,105
2276,553366,99.3532903225806,100,98.21,155,99,56
2277,553429,100,100,100,195,112,83
2278,553753,99.4555191256831,99.06,100,183,106,77
2279,553788,100,100,100,157,121,36
2280,553818,99.536,99.14,100,215,116,99
2281,553888,100,100,100,180,106,74
2282,553917,98.5651674641149,100,97.06,209,107,102
2283,554235,99.4578378378378,100,98.82,185,100,85
2284,554518,99.2802158273381,98.55,100,139,69,70
2285,554523,96.1530769230769,100,83.33,104,80,24
2286,554711,99.4544262295082,100,98.96,183,87,96
2287,554879,99.3615384615385,100,98.8,156,73,83
2288,554887,99.439606741573,99.05,100,178,105,73
2289,554995,99.4426111111111,100,98.73,180,101,79
2290,555056,99.4853608247423,99.04,100,194,104,90
2291,555086,98.9362765957447,97.98,100,188,99,89
2292,555929,100,100,100,176,106,70
2293,555949,98.2438596491228,100,95.45,114,70,44
2294,556660,100,100,100,169,94,75
2295,556890,99.3281879194631,100,98.46,149,84,65
2296,557080,100,100,100,141,76,65
2297,557122,96.3972072072072,93.18,98.51,111,44,67
2298,557130,97.4603389830508,97.3,97.73,118,74,44
2299,557770,92.968515625,100,84.21,128,71,57
2300,558456,94.7923958333333,91.49,97.96,96,47,49
2301,558644,90.3625301204819,80.49,100,83,41,42
2302,559052,95.2929411764706,98.21,89.66,85,56,29
2303,559278,100,100,100,104,63,41
2304,559313,94.1744660194175,89.83,100,103,59,44
2305,559453,92.8557142857143,95,89.47,98,60,38
2306,559908,97.9827272727273,96.83,100,99,63,36
2307,560688,100,100,100,81,29,52
2308,561416,97.6476470588235,100,93.55,85,54,31
2309,561717,99.09,98.46,100,110,65,45
2310,562087,97.1928037383178,98.41,95.45,107,63,44
2311,562424,93.3365714285714,94.74,91.67,105,57,48
2312,562700,93.5479569892473,91.84,95.45,93,49,44
2313,562795,95.4559090909091,96,94.74,88,50,38
2314,562844,97.56,95.12,100,82,41,41
2315,563144,100,100,100,104,59,45
2316,563161,100,100,100,99,62,37
2317,563174,100,100,100,105,60,45
2318,563640,100,100,100,106,54,52
2319,563685,100,100,100,93,47,46
2320,563831,92.7801030927835,86.36,98.11,97,44,53
2321,564122,99.0024,98.28,100,100,58,42
2322,564154,99.0365384615385,98.33,100,104,60,44
2323,564269,92.592962962963,93.75,90.91,81,48,33
2324,564461,97.9381443298969,100,96,97,47,50
2325,564653,94.5630434782609,93.75,95.45,92,48,44
2326,565196,100,100,100,102,55,47
2327,566640,99.046,98.11,100,105,53,52
2328,566779,99.0825688073395,100,98,109,59,50
2329,568031,97.2222222222222,97.14,97.3,72,35,37
2330,569557,94.546,90.91,100,55,33,22
2331,570435,86.6666666666667,84,90,45,25,20
2332,571110,97.999,95.65,100,50,23,27
2333,571484,82.8121875,90,76.47,64,30,34
2334,571749,95.1617741935484,100,90.91,62,29,33
2335,572529,98.8494252873563,100,97.14,87,52,35
2336,572794,100,100,100,89,55,34
2337,573564,100,100,100,83,52,31
2338,574109,98.8654545454545,100,97.44,88,49,39
2339,574745,98.876404494382,100,97.5,89,49,40
2340,574996,100,100,100,80,41,39
2341,575235,100,100,100,65,50,15
2342,575755,95.7894736842105,100,90,95,55,40
2343,575896,89.4742105263158,100,71.43,57,36,21
2344,575914,97.5913253012048,100,94.12,83,49,34
2345,576019,100,100,100,86,47,39
2346,576178,100,100,100,79,43,36
2347,576286,96.3425609756098,98.04,93.55,82,51,31
2348,576613,92.8585714285714,97.73,87.5,84,44,40
2349,576721,86.4881081081081,82.5,91.18,74,40,34
2350,576946,84.936301369863,88.1,80.65,73,42,31
2351,578010,98.7674074074074,97.44,100,81,39,42
2352,578509,95.7756338028169,94.29,97.22,71,35,36
2353,579559,78.1818181818182,92.86,62.96,55,28,27
2354,579905,98.2741379310345,100,96.15,58,32,26
2355,579917,94.4477777777778,96.67,91.67,54,30,24
2356,580086,93.2193220338983,90.62,96.3,59,32,27
2357,580515,96.0526315789474,92.5,100,76,40,36
2358,580630,97.2590410958904,96.77,97.62,73,31,42
2359,581060,98.7963855421687,100,97.78,83,38,45
2360,581194,100,100,100,79,40,39
2361,581227,98.61,97.22,100,72,36,36
2362,581721,100,100,100,71,33,38
2363,581967,93.75,90.62,96.88,64,32,32
2364,583014,93.4769565217391,83.33,100,46,18,28
2365,583042,77.5526530612245,79.17,76,49,24,25
2366,584773,79.4088235294117,85.71,69.23,34,21,13
2367,585235,97.2981081081081,96.15,97.92,74,26,48
2368,585325,98.0753846153846,100,95.83,52,28,24
2369,585587,89.2307692307692,88,90,65,25,40
2370,586874,100,100,100,108,54,54
2371,586946,98.4833333333333,100,97.14,132,62,70
2372,586968,98.2920512820513,98,98.51,117,50,67
2373,586990,98.1792727272727,97.87,98.41,110,47,63
2374,587619,99.2341984732824,100,98.48,131,65,66
2375,587694,99.0723148148148,100,97.67,108,65,43
2376,588460,100,100,100,124,42,82
2377,588465,100,100,100,114,60,54
2378,588907,100,100,100,150,66,84
2379,588918,99.3174829931973,98.73,100,147,79,68
2380,589152,99.3150684931507,98.75,100,146,80,66
2381,589260,100,100,100,168,78,90
2382,589314,99.4217341040462,98.78,100,173,82,91
2383,589806,99.4005389221557,98.59,100,167,71,96
2384,590208,97.8162295081967,96.39,99,183,83,100
2385,590218,96.248,91.04,100,160,67,93
2386,590242,96.7725806451613,91.67,98.86,124,36,88
2387,590247,98.6776158940397,96.88,100,151,64,87
2388,590385,98.5177832512315,99.07,97.89,203,108,95
2389,590637,100,100,100,194,108,86
2390,591055,100,100,100,204,104,100
2391,591289,100,100,100,192,105,87
2392,591521,100,100,100,207,110,97
2393,591787,100,100,100,201,109,92
2394,592055,100,100,100,202,104,98
2395,592187,99.0571226415094,99.01,99.1,212,101,111
2396,592250,99.5037313432836,99.05,100,201,105,96
2397,592598,98.2438596491228,100,95.45,171,105,66
2398,592609,100,100,100,185,104,81
2399,593556,98.8687005649717,99.08,98.53,177,109,68
2400,593655,98.8408092485549,99.07,98.46,173,108,65
2401,593706,100,100,100,167,114,53
2402,594016,98.3982887700535,97.12,100,187,104,83
2403,594090,99.5061386138614,100,98.84,202,116,86
2404,594133,99.5197115384615,99.1,100,208,111,97
2405,594178,98.8875,97.33,100,180,75,105
2406,594253,98.8503448275862,98.61,99.02,174,72,102
2407,594664,100,100,100,170,58,112
2408,594670,100,100,100,204,123,81
2409,595036,99.5328971962617,100,98.81,214,130,84
2410,595306,99.009603960396,99.17,98.77,202,121,81
2411,595485,98.6502702702703,97.73,100,222,132,90
2412,596558,96.7585185185185,94.64,99.04,216,112,104
2413,596617,98.3964171122995,97.59,99.04,187,83,104
2414,596765,100,100,100,226,120,106
2415,596912,98.6666666666667,98.4,99,225,125,100
2416,597273,99.5078325123153,100,98.97,203,106,97
2417,597306,100,100,100,206,109,97
2418,597512,98.6093981481481,99.08,98.13,216,109,107
2419,597678,98.5812322274881,99.12,97.96,211,113,98
2420,598073,100,100,100,216,124,92
2421,598130,99.5579203539823,100,98.97,226,129,97
2422,598143,100,100,100,225,114,111
2423,598226,99.5782278481013,99.16,100,237,119,118
2424,598835,99.5759322033898,99.28,100,236,139,97
2425,599018,100,100,100,240,130,110
2426,599128,98.2455701754386,99.28,96.63,228,139,89
2427,599150,98.508855721393,97.46,100,201,118,83
2428,599168,99.0204901960784,97.94,100,204,97,107
2429,599288,99.5169565217391,100,98.99,207,108,99
2430,599377,99.5595575221239,99.21,100,226,126,100
2431,599581,100,100,100,243,124,119
2432,599589,100,100,100,214,117,97
2433,599614,99.5848547717842,100,99.13,241,126,115
2434,599690,99.5074384236453,100,98.99,203,104,99
2435,599944,99.055,100,98.11,212,106,106
2436,600028,99.5888114754098,99.21,100,244,127,117
2437,600103,99.5476923076923,100,98.98,221,123,98
2438,600193,99.3708176100629,100,98.78,159,77,82
2439,600202,98.0265131578947,90.91,100,152,33,119
2440,600208,100,100,100,186,124,62
2441,600226,99.5258293838862,99.13,100,211,115,96
2442,600406,99.5576991150443,100,99.02,226,124,102
2443,601075,100,100,100,198,88,110
2444,601202,99.0809677419355,99.11,99.05,217,112,105
2445,601774,100,100,100,218,102,116
2446,602151,100,100,100,139,110,29
2447,602484,100,100,100,217,102,115
2448,602668,99.5037313432836,98.67,100,201,75,126
2449,603009,100,100,100,222,108,114
2450,603111,99.5491402714932,100,99.06,221,115,106
2451,603273,99.1134666666667,100,98.17,225,116,109
2452,603512,96.5732876712329,97.5,95.45,146,80,66
2453,603576,99.0677570093458,100,98.25,214,100,114
2454,604005,97.9698477157361,96.7,99.06,197,91,106
2455,604109,99.507881773399,100,98.89,203,113,90
2456,604158,99.56,100,99.12,228,114,114
2457,604194,99.535,99.07,100,216,108,108
2458,604224,99.5406451612903,99.11,100,217,112,105
2459,604344,99.4749738219895,100,98.91,191,99,92
2460,604613,95.0380165289256,95.52,94.44,121,67,54
2461,604617,84.4647572815534,55.88,98.55,103,34,69
2462,605032,99.5403225806452,100,99.05,217,112,105
2463,605336,98.4370833333333,96.59,100,192,88,104
2464,605542,99.4570108695652,98.97,100,184,97,87
2465,605588,99.1218421052632,97.87,100,114,47,67
2466,605593,98.72,98.72,98.72,156,78,78
2467,605716,96.9730909090909,98.88,94.74,165,89,76
2468,606062,97.6770232558139,97.96,97.44,215,98,117
2469,606281,97.9610204081633,95.88,100,196,97,99
2470,606475,98.7234394904459,98.48,98.9,157,66,91
2471,606490,99.0930909090909,100,98.28,220,104,116
2472,606718,99.5539732142857,99.03,100,224,103,121
2473,606734,99.5723605150215,99.06,100,233,106,127
2474,607250,97.5150931677019,98.99,95.16,161,99,62
2475,608471,100,100,100,223,96,127
2476,609159,97.8,98.7,97.14,182,77,105
2477,609601,95.2391666666667,100,86.21,168,110,58
2478,609916,96.6188405797101,93.1,99.17,207,87,120
2479,610017,98.50085,99.19,97.4,200,123,77
2480,610627,100,100,100,202,106,96
2481,610724,97.7764,95.41,100,225,109,116
2482,610776,99.5695238095238,100,99.12,231,118,113
2483,611130,99.5284905660377,100,98.98,212,114,98
2484,611406,99.0858447488584,100,97.8,219,128,91
2485,612286,99.4333333333333,100,99.15,177,59,118
2486,612584,98.6736725663717,97.25,100,226,109,117
2487,612843,95.9626262626263,93.62,98.08,198,94,104
2488,612909,99.0693488372093,100,98.13,215,108,107
2489,613059,100,100,100,210,126,84
2490,613113,99.0192156862745,98.78,99.18,204,82,122
2491,613430,99.4492817679558,100,98.88,181,92,89
2492,613545,100,100,100,246,120,126
2493,613554,99.5438356164383,99.1,100,219,111,108
2494,613654,99.5590308370044,99.23,100,227,130,97
2495,613778,100,100,100,241,125,116
2496,613967,100,100,100,226,109,117
2497,614431,99.117389380531,98.17,100,226,109,117
2498,614479,100,100,100,232,118,114
2499,614613,99.0516587677725,100,97.7,211,124,87
2500,615336,99.127347826087,99.17,99.08,230,121,109
2501,615424,100,100,100,236,114,122
2502,615781,99.0507142857143,98.97,99.12,210,97,113
2503,615838,100,100,100,249,123,126
2504,616558,99.524,99.02,100,210,102,108
2505,616609,99.0180295566503,99.12,98.89,203,113,90
2506,616636,99.5590308370044,100,99.09,227,117,110
2507,616729,99.5594736842105,100,99.19,228,104,124
2508,616774,100,100,100,203,83,120
2509,617017,100,100,100,180,84,96
2510,617422,100,100,100,176,95,81
2511,618422,100,100,100,211,99,112
2512,618531,98.4594358974359,98.86,98.13,195,88,107
2513,618549,98.9707216494845,100,97.92,194,98,96
2514,618890,98.1812121212121,97.8,98.65,165,91,74
2515,618927,96.6489473684211,96.36,96.97,209,110,99
2516,619280,100,100,100,210,113,97
2517,619295,100,100,100,213,98,115
2518,619450,99.4469613259669,100,98.57,181,111,70
2519,619460,99.4972864321608,100,98.78,199,117,82
2520,619591,100,100,100,233,119,114
2521,619739,100,100,100,240,118,122
2522,619786,100,100,100,244,117,127
2523,620310,100,100,100,227,120,107
2524,620639,99.5517488789238,98.98,100,223,98,125
2525,621222,99.5934693877551,100,99.17,245,125,120
2526,621359,100,100,100,246,127,119
2527,621576,100,100,100,214,102,112
2528,621588,100,100,100,228,139,89
2529,621656,100,100,100,267,140,127
2530,622228,92.5947222222222,91.23,94.12,216,114,102
2531,622429,99.5335813953488,98.91,100,215,92,123
2532,622529,99.2117322834646,98.59,100,254,142,112
2533,622747,98.3784864864865,97.17,100,185,106,79
2534,623098,100,100,100,237,115,122
2535,623190,99.4469060773481,100,97.87,181,134,47
2536,623707,99.5294339622641,100,98.84,212,126,86
2537,624109,100,100,100,241,135,106
2538,624160,100,100,100,239,120,119
2539,624308,100,100,100,213,95,118
2540,625126,98.4589743589744,98.18,98.82,195,110,85
2541,625558,99.5914634146341,99.25,100,246,134,112
2542,625597,99.0912727272727,98.32,100,220,119,101
2543,625689,99.569696969697,99.3,100,231,142,89
2544,626449,100,100,100,243,132,111
2545,626667,99.5985483870968,99.24,100,248,131,117
2546,626757,98.6560538116592,97.3,100,223,111,112
2547,626795,98.6570469798658,97.7,100,149,87,62
2548,626842,98.4761421319797,97.7,99.09,197,87,110
2549,626940,98.3945454545455,98.82,98.04,187,85,102
2550,627313,95.5555555555556,94.38,97.83,135,89,46
2551,627318,95.2395918367347,93.94,97.92,147,99,48
2552,627328,96.3869879518072,92.65,98.98,166,68,98
2553,627367,98.6661333333333,98.2,99.12,225,111,114
2554,627393,99.1226315789474,99.17,99.07,228,120,108
2555,627408,99.5594736842105,100,99.07,228,120,108
2556,627441,98.750622406639,99.22,98.21,241,129,112
2557,627583,100,100,100,239,137,102
2558,627862,100,100,100,240,126,114
2559,627953,100,100,100,220,101,119
2560,628022,99.5854771784232,99.26,100,241,135,106
2561,628357,99.5744491525424,99.17,100,236,121,115
2562,628408,99.5816806722689,99.24,100,238,131,107
2563,628657,99.4703174603175,100,98.59,189,118,71
2564,628816,99.5874380165289,99.22,100,242,128,114
2565,629202,99.1151327433628,100,98.02,226,125,101
2566,629303,100,100,100,181,77,104
2567,629497,100,100,100,182,117,65
2568,629762,97.029900990099,100,94.34,202,96,106
2569,629987,98.3590710382514,98.97,97.67,183,97,86
2570,630032,100,100,100,200,115,85
2571,630245,98.9705154639175,99.11,98.78,194,112,82
2572,630401,99.0575471698113,98.2,100,212,111,101
2573,630434,100,100,100,220,120,100
2574,630515,98.327374301676,98.1,98.65,179,105,74
2575,630926,100,100,100,228,124,104
2576,631050,98.8230588235294,96.72,100,170,61,109
2577,631211,100,100,100,208,113,95
2578,631392,99.5705603448276,99.19,100,232,123,109
2579,631509,100,100,100,174,79,95
2580,631754,99.513756097561,100,98.88,205,116,89
2581,631911,100,100,100,189,89,100
2582,631970,100,100,100,200,109,91
2583,632294,98.9147826086956,97.92,100,184,96,88
2584,632507,98.8822905027933,97.53,100,179,81,98
2585,632734,97.2791836734694,100,93.94,147,81,66
2586,632821,98.8078571428571,99.02,98.48,168,102,66
2587,632882,99.2463157894737,98.21,100,133,56,77
2588,632966,98.9,97.8,100,182,91,91
2589,633122,100,100,100,168,78,90
2590,633359,98.8877777777778,97.8,100,180,91,89
2591,633950,100,100,100,162,72,90
2592,634087,99.4323863636364,100,98.89,176,86,90
2593,634159,100,100,100,155,70,85
2594,634658,97.4662025316456,94.59,100,158,74,84
2595,635270,95.20192,100,89.29,125,69,56
2596,635305,100,100,100,141,66,75
2597,635772,99.3239864864865,98.55,100,148,69,79
2598,636079,100,100,100,122,60,62
2599,636600,88.7686516853933,71.88,98.25,89,32,57
2600,637143,97.4139655172414,96.23,98.41,116,53,63
2601,637161,99.1289565217391,98.11,100,115,53,62
2602,637169,96.808085106383,96.36,97.44,94,55,39
2603,637269,94.6927433628318,89.66,100,113,58,55
2604,637863,96.55,100,93.33,116,56,60
2605,637941,96.87375,98.11,95.35,96,53,43
2606,638061,99.2138582677165,100,98.44,127,63,64
2607,638205,100,100,100,120,46,74
2608,638648,92.3058974358974,95,89.47,117,60,57
2609,639233,100,100,100,155,68,87
2610,639951,98.7626543209877,100,97.89,162,67,95
2611,640246,99.3443137254902,98.68,100,153,76,77
2612,640497,100,100,100,150,79,71
2613,640605,100,100,100,184,81,103
2614,640632,99.3633121019108,97.62,100,157,42,115
2615,640756,99.476875,100,99.07,192,84,108
2616,641044,97.5124223602485,98.82,96.05,161,85,76
2617,641241,100,100,100,174,85,89
2618,641476,99.3806790123457,98.73,100,162,79,83
2619,641628,96.8088829787234,96.39,97.14,188,83,105
2620,642143,92.9056737588652,86,96.7,141,50,91
2621,642196,91.6654545454546,77.08,100,132,48,84
2622,642637,97.8484946236559,100,96.26,186,79,107
2623,642740,99.472,98.86,100,190,88,102
2624,642787,100,100,100,148,39,109
2625,642815,100,100,100,197,86,111
2626,643326,97.7415254237288,97.53,97.92,177,81,96
2627,643851,99.4347457627118,98.85,100,177,87,90
2628,644303,88.6817924528302,66.67,94.12,106,21,85
2629,644309,97.6097607655502,96.4,98.98,209,111,98
2630,644515,99.4506077348066,99.12,100,181,113,68
2631,644845,96.9996,94.23,100,200,104,96
2632,644899,99.015763546798,97.78,100,203,90,113
2633,646029,100,100,100,206,98,108
2634,646408,97.3096860986547,100,93.94,223,124,99
2635,646435,100,100,100,210,107,103
2636,646659,99.5283886255924,100,99.07,211,104,107
2637,646736,97.0398224852071,96.77,97.37,169,93,76
2638,646845,100,100,100,200,106,94
2639,646889,98.5653110047847,99.17,97.75,209,120,89
2640,646901,99.5608810572687,100,99.11,227,115,112
2641,646938,100,100,100,219,102,117
2642,647048,99.5815416666667,100,99.17,240,119,121
2643,647381,100,100,100,228,104,124
2644,648067,100,100,100,187,77,110
2645,648486,100,100,100,211,96,115
2646,648613,100,100,100,203,111,92
2647,648895,99.5065346534654,98.88,100,202,89,113
2648,648909,100,100,100,203,110,93
2649,649144,100,100,100,183,97,86
2650,649177,100,100,100,190,96,94
2651,649443,100,100,100,218,101,117
2652,649500,99.479585492228,98.92,100,193,93,100
2653,649636,100,100,100,205,107,98
2654,649735,100,100,100,212,109,103
2655,649777,100,100,100,211,111,100
2656,649796,98.5165925925926,96.77,100,135,62,73
2657,650018,99.4835233160622,98.88,100,193,89,104
2658,650138,100,100,100,202,95,107
2659,650906,98.6562416107383,100,97.18,149,78,71
2660,651137,98.7415094339623,97.1,100,159,69,90
2661,651961,87.0377777777778,92,82.76,108,50,58
2662,652152,82.8593333333333,67.35,96.43,105,49,56
2663,652550,96.4912280701754,92,100,114,50,64
2664,652950,100,100,100,124,39,85
2665,653331,100,100,100,149,63,86
2666,653409,100,100,100,131,58,73
2667,653474,100,100,100,147,66,81
2668,653603,98.6144444444444,98.28,98.84,144,58,86
2669,653658,99.3485714285714,98.48,100,154,66,88
2670,653814,100,100,100,133,50,83
2671,653886,96.8516535433071,100,94.12,127,59,68
2672,653997,97.6219047619048,98.08,97.3,126,52,74
2673,654701,100,100,100,117,60,57
2674,654833,100,100,100,133,81,52
2675,655208,100,100,100,157,78,79
2676,655331,96.0295238095238,100,92.42,126,60,66
2677,656762,99.221015625,98.31,100,128,59,69
2678,657753,98.4823484848485,100,97.01,132,65,67
2679,658170,100,100,100,146,60,86
2680,658182,99.3356291390729,100,98.86,151,63,88
2681,658676,100,100,100,141,52,89
2682,659116,98.5634532374101,98,98.88,139,50,89
2683,659686,98.0379738562092,98.59,97.56,153,71,82
2684,659951,99.23,98.18,100,130,55,75
2685,660403,97.7258333333333,96.72,98.59,132,61,71
2686,660470,96.4285714285714,100,92,112,62,50
2687,660881,95.8313333333333,98.21,93.75,120,56,64
2688,661242,95.7978991596639,91.49,98.61,119,47,72
2689,661289,91.4564102564103,94.83,88.14,117,58,59
2690,661802,96.0925,93.33,98.53,128,60,68
2691,662069,99.2262015503876,100,98.39,129,67,62
2692,662079,99.0492380952381,98.51,100,105,67,38
2693,662556,100,100,100,133,65,68
2694,662855,98.7649382716049,100,97.56,162,80,82
2695,662956,100,100,100,167,87,80
2696,663019,99.3820987654321,100,98.9,162,71,91
2697,663332,95.120243902439,100,90.12,164,83,81
2698,663359,98.7322151898734,98.82,98.63,158,85,73
2699,663374,99.4306857142857,98.77,100,175,81,94
2700,663569,99.4152046783626,100,98.75,171,91,80
2701,663754,98.8391860465116,98.67,98.97,172,75,97
2702,663833,98.779512195122,97.22,100,164,72,92
2703,663851,100,100,100,122,97,25
2704,664202,99.3677215189873,98.65,100,158,74,84
2705,664291,100,100,100,199,98,101
2706,664507,99.4185465116279,98.63,100,172,73,99
2707,664690,99.4505494505494,99,100,182,100,82
2708,664783,100,100,100,201,103,98
2709,664802,100,100,100,218,103,115
2710,664847,97.893052631579,100,95.83,190,94,96
2711,664885,99.4777486910995,98.95,100,191,95,96
2712,664972,98.6803524229075,98.2,99.14,227,111,116
2713,665168,98.9884343434343,98.73,99.16,198,79,119
2714,665284,95.1011274509804,91.58,98.17,204,95,109
2715,665451,99.5476818181818,99.07,100,220,107,113
2716,666246,99.1018918918919,98.96,99.21,222,96,126
2717,666263,97.4217419354839,100,94.81,155,78,77
2718,666361,98.5588461538461,98.95,98.23,208,95,113
2719,666398,100,100,100,218,109,109
2720,666806,99.5233333333333,100,98.9,210,119,91
2721,667012,97.7262121212121,100,96.51,132,46,86
2722,667016,98.9866666666667,100,98.48,99,33,66
2723,667071,98.1905429864253,99.07,97.35,221,108,113
2724,667181,100,100,100,235,125,110
2725,667282,99.5106341463415,100,98.68,205,129,76
2726,667387,99.6115175097276,99.22,100,257,128,129
2727,667453,99.2511278195489,99.22,99.28,266,128,138
2728,667888,100,100,100,231,107,124
2729,667999,98.6100925925926,97.96,99.15,216,98,118
2730,668924,99.1658333333333,98.18,100,240,110,130
2731,669764,97.5969230769231,97.92,97.32,208,96,112
2732,670093,98.0211881188119,97.09,98.99,202,103,99
2733,670117,98.3738043478261,98.17,98.67,184,109,75
2734,670184,97.1145192307692,96.94,97.27,208,98,110
2735,670534,99.4974874371859,100,98.75,199,119,80
2736,671274,99.5408294930876,100,99.06,217,111,106
2737,671328,100,100,100,211,117,94
2738,671415,99.5662608695652,99.14,100,230,116,114
2739,671438,99.5093596059113,100,98.8,203,120,83
2740,671525,98.5875471698113,99.14,97.92,212,116,96
2741,671759,100,100,100,240,127,113
2742,671858,98.7008441558442,100,94.87,154,115,39
2743,671885,100,100,100,243,126,117
2744,672061,97.787679558011,99.17,95,181,121,60
2745,672077,99.4459668508287,100,98.91,181,89,92
2746,672546,100,100,100,239,121,118
2747,672658,99.15,99.15,99.15,234,117,117
2748,673374,100,100,100,213,130,83
2749,673426,100,100,100,218,120,98
2750,673677,100,100,100,213,98,115
2751,674089,99.5204326923077,100,99.05,208,103,105
2752,674113,98.9412698412698,97.7,100,189,87,102
2753,674154,99.5073891625616,100,99,203,103,100
2754,674169,100,100,100,203,110,93
2755,674221,99.0315533980583,99.07,98.99,206,107,99
2756,674554,100,100,100,225,108,117
2757,674599,100,100,100,214,97,117
2758,674844,95.83546875,95.79,95.88,192,95,97
2759,675423,98.9245698924731,100,97.59,186,103,83
2760,675663,98.1826666666667,98.94,97.18,165,94,71
2761,676020,100,100,100,170,84,86
2762,676221,96.7056043956044,95.35,97.92,182,86,96
2763,676891,96.931472392638,98.73,95.24,163,79,84
2764,677137,97.3312666666667,98.63,96.1,150,73,77
2765,677243,100,100,100,171,88,83
2766,677433,98.7292993630573,98.65,98.8,157,74,83
2767,677518,100,100,100,164,78,86
2768,678352,99.4483977900553,100,98.96,181,85,96
2769,678364,99.2797841726619,97.87,100,139,47,92
2770,678507,99.3760625,100,98.51,160,93,67
2771,678973,90.1961764705882,96.72,80.49,102,61,41
2772,679081,91.2400729927007,95.71,86.57,137,70,67
2773,680130,99.4323863636364,98.89,100,176,90,86
2774,680315,100,100,100,183,73,110
2775,680468,97.5517647058823,98.96,96.3,204,96,108
2776,680537,98.9833502538071,98.92,99.04,197,93,104
2777,681029,98.6003738317757,96.88,100,214,96,118
2778,681730,100,100,100,222,108,114
2779,681820,99.5338785046729,98.95,100,214,95,119
2780,681832,97.7045871559633,94.44,100,218,90,128
2781,682407,99.4618279569893,100,98.7,186,109,77
2782,682878,99.5403225806452,100,99.05,217,112,105
2783,683038,100,100,100,192,104,88
2784,683361,96.1998369565217,97.2,94.81,184,107,77
2785,683457,98.123661971831,99.02,97.3,213,102,111
2786,683498,98.1983783783784,99.02,97.5,222,102,120
2787,683528,98.9950251256281,98.99,99,199,99,100
2788,683868,100,100,100,214,111,103
2789,684578,99.490306122449,100,98.65,196,122,74
2790,684636,97.7753333333333,96.77,98.85,180,93,87
2791,684741,99.5786440677966,100,99.12,236,123,113
2792,684752,98.5508695652174,98.41,98.77,207,126,81
2793,684794,98.6508108108108,98.04,99.17,222,102,120
2794,685043,99.5692207792208,100,99.07,231,124,107
2795,685337,100,100,100,254,117,137
2796,685697,99.1744628099174,99.11,99.23,242,112,130
2797,685865,100,100,100,251,119,132
2798,686355,99.0174019607843,100,97.89,204,109,95
2799,686407,95.5984905660377,100,85.42,159,111,48
2800,686560,99.5794979079498,100,99.25,239,105,134
2801,686572,100,100,100,234,93,141
2802,686596,98.7824390243902,97.12,100,246,104,142
2803,687022,100,100,100,232,108,124
2804,687190,100,100,100,232,111,121
2805,688005,98.2566812227074,98.2,98.31,229,111,118
2806,688256,99.0021,98.88,99.1,200,89,111
2807,688495,98.7946385542169,99.01,98.46,166,101,65
2808,689015,97.3784279475983,99.02,96.06,229,102,127
2809,689497,100,100,100,220,109,111
2810,689713,100,100,100,230,102,128
2811,689805,99.1394396551724,100,98.35,232,111,121
2812,689889,100,100,100,247,115,132
2813,690066,99.5126829268293,100,98.89,205,115,90
2814,691285,99.05,98.81,99.21,210,84,126
2815,691452,100,100,100,266,137,129
2816,691564,98.9264516129032,98.08,100,186,104,82
2817,691663,100,100,100,200,131,69
2818,691898,97.4469787234043,100,94.34,235,129,106
2819,691973,100,100,100,214,115,99
2820,692087,98.1753424657534,100,95.56,219,129,90
2821,692247,99.5864197530864,99.25,100,243,134,109
2822,692328,100,100,100,253,130,123
2823,692489,99.5916326530612,99.13,100,245,115,130
2824,692558,98.305,96.46,100,236,113,123
2825,693125,99.6108203125,100,99.19,256,133,123
2826,693260,100,100,100,258,128,130
2827,693700,100,100,100,272,144,128
2828,694051,99.6062992125984,100,99.2,254,129,125
2829,694090,100,100,100,257,133,124
2830,694143,100,100,100,190,74,116
2831,694231,100,100,100,217,102,115
2832,694260,100,100,100,130,54,76
2833,694264,99.275,96.55,100,138,29,109
2834,694273,100,100,100,224,127,97
2835,694296,100,100,100,246,132,114
2836,694307,100,100,100,212,90,122
2837,694612,100,100,100,232,118,114
2838,694884,98.6513452914798,99.25,97.75,223,134,89
2839,695200,100,100,100,205,94,111
2840,695254,99.5375,99.1,100,216,111,105
2841,695263,99.4890256410256,99.06,100,195,106,89
2842,695531,99.5639130434783,99.15,100,230,118,112
2843,695693,100,100,100,183,67,116
2844,696149,99.1080357142857,100,98.15,224,116,108
2845,697558,98.5070646766169,100,96.59,201,113,88
2846,697592,99.5134146341463,100,98.95,205,110,95
2847,697676,100,100,100,190,99,91
2848,697753,100,100,100,203,100,103
2849,697793,99.4976884422111,98.98,100,199,98,101
2850,698168,99.5109803921569,99.14,100,204,116,88
2851,698338,98.9119565217391,100,97.8,184,93,91
2852,698407,100,100,100,222,128,94
2853,698750,98.8651704545454,98.85,98.88,176,87,89
2854,698870,100,100,100,217,113,104
2855,698908,100,100,100,155,72,83
2856,699785,100,100,100,134,39,95
2857,700174,99.4173099415205,99.06,100,171,106,65
2858,700458,100,100,100,191,98,93
2859,701137,100,100,100,180,90,90
2860,701152,100,100,100,159,94,65
2861,701283,98.2575,97.59,98.88,172,83,89
2862,701397,100,100,100,176,83,93
2863,701410,100,100,100,158,91,67
2864,701556,97.980303030303,98.2,97.7,198,111,87
2865,702048,99.4850515463917,100,98.65,194,120,74
2866,702630,98.4468911917098,99.11,97.53,193,112,81
2867,702726,97.4855974842767,95.89,98.84,159,73,86
2868,702905,98.4519587628866,99.12,97.5,194,114,80
2869,703327,100,100,100,188,103,85
2870,703516,100,100,100,174,97,77
2871,703601,98.7771341463415,98.92,98.59,164,93,71
2872,703845,97.6354437869823,96.81,98.67,169,94,75
2873,704439,100,100,100,173,109,64
2874,704496,100,100,100,150,73,77
2875,704649,100,100,100,169,101,68
2876,705069,99.3924848484848,100,98.21,165,109,56
2877,705481,100,100,100,164,99,65
2878,705639,99.4076923076923,100,98.46,169,104,65
2879,705748,99.45,100,98.7,182,105,77
2880,705828,98.4610256410256,98.26,98.75,195,115,80
2881,705950,97.1083815028902,98.04,95.77,173,102,71
2882,706050,97.0431360946746,97.92,95.89,169,96,73
2883,706135,100,100,100,179,103,76
2884,706148,99.4475138121547,99,100,181,100,81
2885,706252,97.221875,100,91.11,144,99,45
2886,706336,99.3936363636363,98.85,100,165,87,78
2887,706406,99.4382584269663,99.01,100,178,101,77
2888,706426,99.3824074074074,98.85,100,162,87,75
2889,706435,98.76,97.83,100,161,92,69
2890,706480,100,100,100,144,66,78
2891,706655,100,100,100,163,80,83
2892,707096,98.8160946745562,97.56,100,169,82,87
2893,707135,98.0151655629139,96.49,98.94,151,57,94
2894,707258,99.3457516339869,98.18,100,153,55,98
2895,707429,100,100,100,172,80,92
2896,707587,100,100,100,157,74,83
2897,707869,100,100,100,169,86,83
2898,709076,96.7891443850267,93.81,100,187,97,90
2899,709172,99.3896341463415,98.9,100,164,91,73
2900,710055,99.4625806451613,98.81,100,186,84,102
2901,710372,98.8582857142857,97.3,100,175,74,101
2902,710380,99.3971084337349,100,98.61,166,94,72
2903,710516,96.7729032258065,94.44,98.96,186,90,96
2904,711337,98.0164851485148,99.08,96.77,202,109,93
2905,711660,100,100,100,179,106,73
2906,711863,100,100,100,186,94,92
2907,711900,99.4810416666667,99.06,100,192,106,86
2908,712218,98.6193103448276,96.15,100,145,52,93
2909,712263,99.485824742268,98.95,100,194,95,99
2910,712468,98.8287719298246,98.72,98.92,171,78,93
2911,712491,99.4645161290323,98.8,100,186,83,103
2912,712564,95.6775675675676,91.57,99.02,185,83,102
2913,712593,99.521961722488,99.03,100,209,103,106
2914,712626,97.9246113989637,98.21,97.53,193,112,81
2915,712677,99.4847422680412,100,98.98,194,96,98
2916,712689,99.0050248756219,99,99.01,201,100,101
2917,713428,100,100,100,212,93,119
2918,713464,100,100,100,201,94,107
2919,713747,98.8223529411765,100,97.4,170,93,77
2920,714174,100,100,100,207,94,113
2921,714258,100,100,100,198,84,114
2922,714336,99.4547826086957,98.68,100,184,76,108
2923,714345,99.2524626865672,98.11,100,134,53,81
2924,714386,98.9006593406593,97.56,100,182,82,100
2925,714450,100,100,100,167,68,99
2926,714620,99.4234104046243,98.95,100,173,95,78
2927,714989,100,100,100,186,90,96
2928,715106,97.2674863387978,97.56,97.03,183,82,101
2929,715230,97.8571428571429,98.68,96.88,140,76,64
2930,716247,98.5492753623188,100,96.92,138,73,65
2931,716346,100,100,100,170,81,89
2932,716372,99.3729375,98.73,100,160,79,81
2933,716781,96.4815492957747,97.06,95.95,142,68,74
2934,716842,100,100,100,135,60,75
2935,716914,98.5478260869565,98.48,98.61,138,66,72
2936,718398,99.1372413793103,95.83,100,116,24,92
2937,718856,99.2437878787879,100,98.39,132,70,62
2938,718985,96.1057142857143,98.78,93.06,154,82,72
2939,719063,97.4833962264151,100,94.87,159,81,78
2940,719157,100,100,100,166,84,82
2941,719429,94.956218487395,97.53,89.47,119,81,38
2942,719444,99.3388741721854,98.51,100,151,67,84
2943,719655,99.3770186335404,98.82,100,161,85,76
2944,719801,97.2391724137931,94.44,100,145,72,73
2945,719816,99.3081379310345,98.68,100,145,76,69
2946,719957,100,100,100,163,88,75
2947,720518,79.3089655172414,44.44,95,87,27,60
2948,720896,90.7194845360825,85.45,97.62,97,55,42
2949,720910,94.6442857142857,90.2,98.36,112,51,61
2950,721116,100,100,100,116,57,59
2951,721356,99.2585185185185,98.57,100,135,70,65
2952,721578,99.2437878787879,100,98.39,132,70,62
2953,722295,99.3096551724138,98.7,100,145,77,68
2954,722323,100,100,100,128,60,68
2955,722339,100,100,100,149,80,69
2956,722427,100,100,100,145,83,62
2957,722544,99.211811023622,98.9,100,127,91,36
2958,722943,100,100,100,149,76,73
2959,723035,100,100,100,153,71,82
2960,723311,100,100,100,152,60,92
2961,723317,100,100,100,143,71,72
2962,723452,99.3939393939394,98.75,100,165,80,85
2963,723657,100,100,100,180,84,96
2964,723731,100,100,100,175,81,94
2965,723768,100,100,100,167,70,97
2966,723857,98.6189655172414,100,97.33,145,70,75
2967,723911,100,100,100,152,81,71
2968,724098,100,100,100,136,67,69
2969,724133,100,100,100,160,78,82
2970,724382,100,100,100,164,62,102
2971,724504,100,100,100,165,78,87
2972,725361,100,100,100,173,92,81
2973,725387,100,100,100,161,90,71
2974,725529,100,100,100,189,91,98
2975,725774,99.3884662576687,98.88,100,163,89,74
2976,725786,99.3401986754967,98.77,100,151,81,70
2977,725859,98.8386046511628,97.73,100,172,88,84
2978,725880,98.4603076923077,94.44,100,130,36,94
2979,725976,99.3978313253012,98.81,100,166,84,82
2980,726216,100,100,100,184,94,90
2981,726249,99.3522077922078,100,98.28,154,96,58
2982,726426,98.7020779220779,97.37,100,154,76,78
2983,726434,96.611186440678,92.31,100,118,52,66
2984,726540,100,100,100,153,94,59
2985,726816,100,100,100,166,89,77
2986,726915,100,100,100,125,53,72
2987,727905,100,100,100,135,74,61
2988,727948,93.1818181818182,100,25,88,80,8
2989,727957,100,100,100,139,75,64
2990,728059,100,100,100,136,88,48
2991,728226,98.43625,100,95.83,128,80,48
2992,728433,98.68375,97.53,100,152,81,71
2993,728707,100,100,100,141,82,59
2994,728751,98.32,96.08,100,119,51,68
2995,729306,97.501,95.59,100,120,68,52
2996,733244,98.9274193548387,98.25,100,93,57,36
2997,733297,94.998125,92.45,100,80,53,27
2998,733310,90.2761111111111,86.36,96.43,72,44,28
2999,735115,95.5885294117647,95.12,96.3,68,41,27
3000,735262,100,100,100,59,34,25
3001,735729,90.1683606557377,94.29,84.62,61,35,26
3002,736002,95.5533333333333,93.33,100,45,30,15
3003,736053,94.1160784313726,90.32,100,51,31,20
3004,736311,100,100,100,53,28,25
3005,736412,76.9225641025641,68.42,85,39,19,20
3006,736691,93.1062068965517,100,88.24,29,12,17
3007,736792,92.8585714285714,91.67,93.75,28,12,16
3008,737251,90.4742857142857,86.36,95,42,22,20
3009,737278,95.3488372093023,92,100,43,25,18
3010,738058,96.9709090909091,92.86,100,33,14,19
3011,738518,98.1457407407407,100,96.77,54,23,31
3012,738545,96.43,92.86,100,56,28,28
3013,739272,100,100,100,85,40,45
3014,739906,100,100,100,88,53,35
3015,740043,100,100,100,108,59,49
3016,740335,100,100,100,114,60,54
3017,740414,97.5782258064516,95.38,100,124,65,59
3018,740578,98.0125165562914,98.59,97.5,151,71,80
3019,740735,100,100,100,149,75,74
3020,741177,99.2692700729927,98.59,100,137,71,66
3021,741214,99.216875,100,98.21,128,72,56
3022,741252,100,100,100,151,88,63
3023,741283,100,100,100,161,85,76
3024,742021,99.3808695652174,98.88,100,161,89,72
3025,742158,100,100,100,153,82,71
3026,742264,99.2808633093525,98.81,100,139,84,55
3027,742294,99.3052083333333,100,98.55,144,75,69
3028,742639,94.8020779220779,94.44,95.12,154,72,82
3029,743178,99.3,98.57,100,143,70,73
3030,743530,96.4295833333333,93.51,98.9,168,77,91
3031,743586,94.7061176470588,98.78,90.91,170,82,88
3032,743680,100,100,100,177,79,98
3033,744085,100,100,100,150,93,57
3034,744170,99.3617834394904,98.33,100,157,60,97
3035,744405,100,100,100,179,81,98
3036,744634,100,100,100,185,89,96
3037,744799,100,100,100,192,96,96
3038,744904,100,100,100,185,91,94
3039,745123,99.4044642857143,98.85,100,168,87,81
3040,745187,99.3953939393939,98.84,100,165,86,79
3041,745556,100,100,100,177,95,82
3042,745649,100,100,100,164,89,75
3043,745953,98.2946022727273,100,95.65,176,107,69
3044,745986,79.9996923076923,70.59,90.32,65,34,31
3045,746329,99.4017964071856,98.89,100,167,90,77
3046,746413,99.4227586206896,98.92,100,174,93,81
3047,746457,98.9,100,97.14,182,112,70
3048,746500,100,100,100,171,98,73
3049,747522,98.9206486486487,100,97.44,185,107,78
3050,747657,99.16,100,98.81,119,35,84
3051,747666,99.4145614035088,100,98.59,171,100,71
3052,748203,97.2062011173184,99.05,94.59,179,105,74
3053,748539,99.4370621468927,99.06,100,177,106,71
3054,748579,100,100,100,171,89,82
3055,748704,97.4194193548387,96.43,98.59,155,84,71
3056,748816,95.9759770114943,95.45,96.88,174,110,64
3057,749408,99.3933333333333,100,98.57,165,95,70
3058,749633,98.7031168831169,98.84,98.53,154,86,68
3059,750376,99.392,98.86,100,165,88,77
3060,750541,98.3036723163842,97.96,98.73,177,98,79
3061,750734,98.2035928143713,100,96.25,167,87,80
3062,750778,100,100,100,113,33,80
3063,750811,100,100,100,107,30,77
3064,751325,98.6379591836735,100,97.18,147,76,71
3065,751402,97.4153448275862,98.65,95.24,116,74,42
3066,751807,98.2173214285714,98.28,98.15,112,58,54
3067,751855,92.755,91.78,93.85,138,73,65
3068,752361,99.1621008403361,100,98.31,119,60,59
3069,752550,99.1362068965517,98.33,100,116,60,56
3070,752560,99.1466666666667,98.44,100,117,64,53
3071,752634,94.2140495867769,95.16,93.22,121,62,59
3072,753291,97.7516853932584,93.33,100,89,30,59
3073,753795,100,100,100,113,49,64
3074,753896,97.5023333333333,100,94.92,120,61,59
3075,754128,100,100,100,105,61,44
3076,754244,94.8081818181818,94.29,95.24,77,35,42
3077,754248,91.3026086956522,70,97.22,46,10,36
3078,754623,98.3718699186992,96.77,100,123,62,61
3079,754877,94.1169411764706,93.02,95.24,85,43,42
3080,755282,99.138275862069,98.53,100,116,68,48
3081,755704,100,100,100,145,80,65
3082,755767,98.0006,100,92.31,100,74,26
3083,755779,99.1461538461539,100,98.15,117,63,54
3084,756409,100,100,100,176,81,95
3085,756789,99.4217341040462,98.78,100,173,82,91
3086,756853,100,100,100,186,83,103
3087,756928,99.4313636363636,98.61,100,176,72,104
3088,757231,100,100,100,161,89,72
3089,757270,99.426724137931,100,99.05,174,69,105
3090,757281,99.3506493506493,98,100,154,50,104
3091,757374,99.4965656565657,100,99.11,198,86,112
3092,757546,100,100,100,156,97,59
3093,757825,98.3315,95.77,100,180,71,109
3094,757986,98.3033898305085,95.45,100,177,66,111
3095,758700,99.4709523809524,100,98.99,189,90,99
3096,758803,100,100,100,196,100,96
3097,758872,100,100,100,202,118,84
3098,758943,99.0306796116505,100,98.08,206,102,104
3099,759034,98.747625,97.67,100,160,86,74
3100,759070,99.3380132450331,97.96,100,151,49,102
3101,759076,98.4147619047619,98.96,96.67,126,96,30
3102,759091,98.8683050847458,99.01,98.68,177,101,76
3103,759255,99.45625,100,98.85,184,97,87
3104,759432,100,100,100,171,74,97
3105,759982,100,100,100,160,53,107
3106,760444,100,100,100,183,91,92
3107,760593,100,100,100,158,54,104
3108,761134,100,100,100,173,71,102
3109,761476,100,100,100,227,105,122
3110,761738,100,100,100,212,113,99
3111,761873,100,100,100,196,87,109
3112,762165,99.5497285067873,99.07,100,221,107,114
3113,762465,100,100,100,206,103,103
3114,762530,100,100,100,206,104,102
3115,762579,99.0575471698113,98.15,100,212,108,104
3116,762611,99.046,98.11,100,210,106,104
3117,762645,99.4169767441861,98.91,100,172,92,80
3118,762656,99.5073891625616,99,100,203,100,103
3119,762692,98.0873248407643,97.33,98.78,157,75,82
3120,762711,98.9069398907104,98.78,99.01,183,82,101
3121,763443,99.4472375690608,100,98.85,181,94,87
3122,763462,98.9733846153846,99.03,98.91,195,103,92
3123,763599,99.3864417177914,100,98.63,163,90,73
3124,763636,98.7968674698795,98.94,98.61,166,94,72
3125,763696,100,100,100,192,111,81
3126,763729,100,100,100,163,77,86
3127,763995,99.4685638297872,99.03,100,188,103,85
3128,764537,99.4045238095238,100,98.78,168,86,82
3129,764726,97.3165100671141,92.86,100,149,56,93
3130,764772,99.4402808988764,98.77,100,178,81,97
3131,764789,98.8967403314917,98.85,98.94,181,87,94
3132,764798,100,100,100,157,68,89
3133,764807,100,100,100,158,81,77
3134,765354,98.3274301675978,98.94,97.65,179,94,85
3135,765423,99.3013286713287,100,98.97,143,46,97
3136,765513,100,100,100,194,95,99
3137,765703,98.930320855615,98.95,98.91,187,95,92
3138,765840,98.6464189189189,97.01,100,148,67,81
3139,765976,4.84690909090909,2.63,6.74,165,76,89
3140,766027,97.484465408805,97.01,97.83,159,67,92
3141,766038,97.6887861271676,96.2,98.94,173,79,94
3142,766684,97.7784444444444,97.62,97.85,135,42,93
3143,766812,99.3095862068966,97.87,100,145,47,98
3144,767008,100,100,100,179,84,95
3145,767172,100,100,100,171,75,96
3146,767361,99.390487804878,98.81,100,164,84,80
3147,767673,95.9027049180328,86.49,100,122,37,85
3148,767692,100,100,100,161,66,95
3149,768024,99.19848,100,97.67,125,82,43
3150,768086,98.8052694610778,98.72,98.88,167,78,89
3151,768149,97.9302068965517,95.08,100,145,61,84
3152,768695,98.7600621118012,98.77,98.75,161,81,80
3153,768749,97.5767272727273,100,95.24,165,81,84
3154,768971,99.3919393939394,98.73,100,165,79,86
3155,769227,100,100,100,135,58,77
3156,769271,98.8755056179775,100,94.44,89,71,18
3157,769275,91.6705555555556,100,89.66,36,7,29
3158,769290,97.6609375,95.56,98.8,128,45,83
3159,769320,96.6453020134228,92.31,100,149,65,84
3160,769346,93.1030344827586,91.3,94.74,145,69,76
3161,769818,100,100,100,148,66,82
3162,770118,97.2406896551724,98.57,96,145,70,75
3163,771171,92.780618556701,98.18,85.71,97,55,42
3164,771210,94.3086178861789,94,94.52,123,50,73
3165,771289,93.2729807692308,96.23,90.2,104,53,51
3166,771813,97.0866019417476,100,93.18,103,59,44
3167,772284,100,100,100,103,46,57
3168,772319,100,100,100,139,58,81
3169,772866,99.2125984251968,98,100,127,50,77
3170,773045,98.4511627906977,96.67,100,129,60,69
3171,773234,100,100,100,126,56,70
3172,773312,100,100,100,145,65,80
3173,773579,99.3174829931973,100,98.73,147,68,79
3174,774089,98.5728571428571,97.3,100,140,74,66
3175,775597,98.215,100,95.92,112,63,49
3176,775880,99.2700729927007,98,100,137,50,87
3177,775939,100,100,100,153,73,80
3178,775985,97.3698245614035,98.44,96,114,64,50
3179,776090,98.7237579617834,98.55,98.86,157,69,88
3180,776173,99.3785714285714,100,98.85,161,74,87
3181,776429,97.1655319148936,98.04,96.67,141,51,90
3182,777492,98.4971428571428,94.74,100,133,38,95
3183,777539,100,100,100,160,58,102
3184,777818,96.2971111111111,98.25,94.87,135,57,78
3185,777954,99.3768944099379,98.86,100,161,88,73
3186,778577,100,100,100,171,80,91
3187,778824,100,100,100,161,61,100
3188,778933,97.1939325842697,98.94,95.24,178,94,84
3189,779287,100,100,100,171,75,96
3190,779493,99.4611891891892,100,98.88,185,96,89
3191,779877,99.4924365482234,100,99.01,197,96,101
3192,779889,98.2775862068965,100,95.95,174,100,74
3193,779938,100,100,100,167,76,91
3194,780457,98.3593442622951,98.92,97.78,183,93,90
3195,780822,99.338940397351,98.39,100,151,62,89
3196,781125,98.5107462686567,98.04,98.8,134,51,83
3197,782101,97.0308910891089,96,97.37,101,25,76
3198,782236,96.0002666666667,88.68,100,150,53,97
3199,782431,99.4446666666667,100,98.81,180,96,84
3200,782482,100,100,100,165,93,72
3201,782575,100,100,100,193,95,98
3202,782823,100,100,100,188,105,83
3203,782872,97.1247126436782,96.47,97.75,174,85,89
3204,783227,98.9077049180328,98.96,98.85,183,96,87
3205,783238,95.835,98.81,92.86,168,84,84
3206,783256,97.3349333333333,95.52,98.8,150,67,83
3207,783298,98.42,98.95,97.89,190,95,95
3208,783322,100,100,100,185,96,89
3209,783586,99.0321739130435,98.11,100,207,106,101
3210,783841,97.8714893617021,100,92.68,141,100,41
3211,783990,98.3523076923077,100,96.94,182,84,98
3212,784009,95.7903157894737,98.44,90.32,95,64,31
3213,784014,99.0569811320755,100,97.96,106,57,49
3214,784032,98.1810909090909,100,96.34,165,83,82
3215,784045,99.3460784313725,100,98.55,153,84,69
3216,785483,96.9878313253012,97.47,96.55,166,79,87
3217,785759,99.4048214285714,100,99.01,168,67,101
3218,785768,98.225325443787,100,96.74,169,77,92
3219,785787,97.7902762430939,98.84,96.84,181,86,95
3220,785826,100,100,100,162,85,77
3221,785961,100,100,100,174,75,99
3222,785987,100,100,100,167,89,78
3223,786074,100,100,100,155,70,85
3224,786422,95.1097282608696,100,88.61,184,105,79
3225,786889,99.4412849162011,98.63,100,179,73,106
3226,787057,99.4267428571429,98.86,100,175,88,87
3227,787111,99.479375,100,98.98,192,94,98
3228,787185,99.4258620689655,98.89,100,174,90,84
3229,787371,100,100,100,142,44,98
3230,787509,98.4925628140704,99,97.98,199,100,99
3231,788103,100,100,100,205,101,104
3232,788127,99.5445205479452,99.05,100,219,105,114
3233,788433,100,100,100,187,105,82
3234,788472,100,100,100,186,96,90
3235,788646,99.0350241545894,99.03,99.04,207,103,104
3236,788949,97.776,100,94.44,180,108,72
3237,789201,98.9965829145729,100,98.08,199,95,104
3238,789414,98.496783919598,98.94,98.1,199,94,105
3239,789428,99.0286893203884,100,98.13,206,99,107
3240,789458,99.4127058823529,100,99.04,170,66,104
3241,789465,98.9175675675676,100,97.75,185,96,89
3242,789630,100,100,100,172,77,95
3243,789819,100,100,100,174,77,97
3244,790268,98.8230588235294,100,96.72,170,109,61
3245,790299,97.7108571428572,95.52,99.07,175,67,108
3246,790688,98.7598757763975,97.78,99.14,161,45,116
3247,790704,100,100,100,176,94,82
3248,790748,100,100,100,204,112,92
3249,790883,99.0300970873786,100,97.78,206,116,90
3250,791006,100,100,100,220,103,117
3251,791342,100,100,100,227,122,105
3252,791480,98.5231034482759,99.13,97.73,203,115,88
3253,791570,98.5133663366337,100,96.7,202,111,91
3254,791580,99.4555191256831,99.06,100,183,106,77
3255,791666,99.4954545454545,99.1,100,198,111,87
3256,791823,100,100,100,168,79,89
3257,791843,100,100,100,192,99,93
3258,791853,100,100,100,205,106,99
3259,792490,99.5222857142857,99.12,100,210,114,96
3260,792664,96.9678787878788,95.38,98,165,65,100
3261,792862,100,100,100,194,112,82
3262,792973,98.4131216931217,100,96.74,189,97,92
3263,793196,98.3827567567567,99.07,97.44,185,107,78
3264,793475,100,100,100,194,85,109
3265,794228,99.4721693121693,100,99.14,189,73,116
3266,794292,100,100,100,180,87,93
3267,795318,98.8487356321839,98.78,98.91,174,82,92
3268,795336,99.4262068965517,100,98.96,174,78,96
3269,795374,98.2741379310345,100,97.14,174,69,105
3270,795516,100,100,100,166,61,105
3271,795875,97.4371153846154,94.74,98.99,156,57,99
3272,795949,99.4570108695652,100,98.97,184,87,97
3273,796426,100,100,100,137,71,66
3274,796492,100,100,100,192,87,105
3275,796873,100,100,100,181,79,102
3276,797127,100,100,100,180,84,96
3277,797317,99.21953125,98.15,100,128,54,74
3278,797556,97.3706578947368,94.55,98.97,152,55,97
3279,797865,100,100,100,147,75,72
3280,798854,100,100,100,161,81,80
3281,799031,99.4262068965517,100,98.96,174,78,96
3282,799205,98.6939869281046,100,98.06,153,50,103
3283,799433,100,100,100,123,50,73
3284,800838,97.9,100,95.45,143,77,66
3285,800889,97.2053846153846,97.87,96.88,143,47,96
3286,800961,100,100,100,163,65,98
3287,801929,94.6177692307692,87.88,96.91,130,33,97
3288,802290,100,100,100,163,83,80
3289,802352,100,100,100,187,90,97
3290,802508,99.466577540107,100,99.05,187,82,105
3291,803300,99.4306285714286,100,98.94,175,81,94
3292,803506,99.4186046511628,98.75,100,172,80,92
3293,803935,100,100,100,202,96,106
3294,804698,98.5706666666667,97.32,100,210,112,98
3295,805135,99.115,100,98.23,226,113,113
3296,805241,98.9126086956522,96.72,100,184,61,123
3297,805367,99.5061386138614,100,99.14,202,86,116
3298,805645,100,100,100,239,114,125
3299,806146,99.5727896995708,100,99.21,233,107,126
3300,806206,99.4523076923077,99.11,100,182,112,70
3301,807183,100,100,100,202,81,121
3302,807198,100,100,100,225,101,124
3303,807889,98.2158928571429,98.77,97.7,168,81,87
3304,808089,99.5141463414634,98.8,100,205,83,122
3305,808518,98.871186440678,96.67,100,177,60,117
3306,808550,100,100,100,215,120,95
3307,808632,100,100,100,223,113,110
3308,808790,98.9883838383838,99.15,98.75,198,118,80
3309,809091,100,100,100,177,100,77
3310,809243,96.6693333333333,97.92,95.24,180,96,84
3311,809408,99.5848962655602,100,99.18,241,119,122
3312,809450,100,100,100,224,103,121
3313,809619,100,100,100,210,98,112
3314,809896,100,100,100,188,120,68
3315,809945,100,100,100,221,86,135
3316,810097,100,100,100,248,128,120
3317,810493,100,100,100,238,114,124
3318,811595,100,100,100,211,109,102
3319,811733,98.9633678756477,100,97.53,193,112,81
3320,811835,99.0755555555556,98.08,100,216,104,112
3321,811953,100,100,100,230,123,107
3322,812879,100,100,100,227,111,116
3323,812979,95.178947368421,94.17,96.3,228,120,108
3324,813572,99.0457142857143,99.02,99.07,210,102,108
3325,813974,97.1279885057471,93.51,100,174,77,97
3326,814028,99.5445205479452,99.05,100,219,105,114
3327,814079,99.5275829383886,99.11,100,211,112,99
3328,814312,98.5871698113207,97.12,100,212,104,108
3329,814403,97.9917085427136,98.89,97.25,199,90,109
3330,814754,99.525,99.05,100,210,105,105
3331,814826,99.5656086956522,100,99.03,230,127,103
3332,814907,100,100,100,207,114,93
3333,815032,99.5475675675676,99.19,100,222,124,98
3334,815083,98.9360106382979,97.59,100,188,83,105
3335,815131,100,100,100,200,90,110
3336,815194,99.028786407767,98.29,100,206,117,89
3337,815833,99.5130097087379,100,98.68,206,130,76
3338,816096,100,100,100,231,127,104
3339,816219,99.4439779005525,99.26,100,181,136,45
3340,816237,98.6007476635514,98.44,98.84,214,128,86
3341,816333,99.0923636363636,100,98.08,220,116,104
3342,816618,98.8114285714286,98.44,99.04,168,64,104
3343,816624,99.4497237569061,99.17,100,181,120,61
3344,816838,98.7155128205128,97.67,100,234,129,105
3345,817584,98.9718041237113,98.17,100,194,109,85
3346,817710,99.4524590163934,100,98.33,183,123,60
3347,817897,100,100,100,230,125,105
3348,818050,98.6193548387097,97.2,100,217,107,110
3349,818247,99.0078606965174,98.31,100,201,118,83
3350,818308,99.5573008849557,99.13,100,226,115,111
3351,818781,100,100,100,119,74,45
3352,818786,99.3586538461538,98.85,100,156,87,69
3353,819166,100,100,100,184,100,84
3354,819722,99.4449444444444,98.97,100,180,97,83
3355,819878,98.1813333333333,100,95.16,165,103,62
3356,820070,99.4596756756757,100,98.81,185,101,84
3357,820568,98.5728571428571,100,95.56,140,95,45
3358,821181,96.5491954022988,97.5,95.74,87,40,47
3359,821606,100,100,100,144,73,71
3360,821732,97.2621232876712,94.37,100,146,71,75
3361,822019,100,100,100,164,85,79
3362,822034,100,100,100,166,71,95
3363,822458,100,100,100,193,94,99
3364,822534,98.7820731707317,98.94,98.57,164,94,70
3365,822567,99.4418994413408,98.89,100,179,90,89
3366,822765,100,100,100,173,68,105
3367,822813,99.4415642458101,98.81,100,179,84,95
3368,822846,99.4559782608696,100,98.9,184,93,91
3369,822982,100,100,100,199,93,106
3370,822991,100,100,100,165,66,99
3371,823384,99.43,98.86,100,176,88,88
3372,823452,100,100,100,165,100,65
3373,823512,99.4660962566845,100,99.04,187,83,104
3374,823708,98.9529842931937,97.98,100,191,99,92
3375,823769,100,100,100,176,76,100
3376,823839,100,100,100,195,94,101
3377,824489,97.2985405405405,97.75,96.88,185,89,96
3378,825355,99.4764397905759,98.75,100,191,80,111
3379,825456,100,100,100,213,103,110
3380,825491,100,100,100,216,109,107
3381,825540,100,100,100,207,99,108
3382,825561,99.418023255814,98.46,100,172,65,107
3383,825570,100,100,100,182,85,97
3384,825693,98.0008,100,95.92,200,102,98
3385,825750,100,100,100,218,118,100
3386,825852,100,100,100,223,118,105
3387,826005,100,100,100,227,116,111
3388,826180,100,100,100,216,109,107
3389,826291,100,100,100,185,114,71
3390,826312,100,100,100,181,83,98
3391,826558,99.0426794258373,98.36,100,209,122,87
3392,826810,99.4962121212121,98.95,100,198,95,103
3393,826819,98.4868686868687,97.2,100,198,107,91
3394,826876,100,100,100,201,104,97
3395,826978,99.0110891089109,100,97.73,202,114,88
3396,827149,100,100,100,209,111,98
3397,827178,100,100,100,191,104,87
3398,827188,100,100,100,167,72,95
3399,827239,99.5074384236453,98.99,100,203,99,104
3400,827279,99.4902551020408,99.03,100,196,103,93
3401,827311,99.4951515151515,100,98.98,198,100,98
3402,827806,99.4578804347826,99.05,100,184,105,79
3403,827944,100,100,100,221,119,102
3404,827993,99.46,99.07,100,186,108,78
3405,828179,100,100,100,187,110,77
3406,828700,100,100,100,214,119,95
3407,828767,100,100,100,99,61,38
3408,828772,100,100,100,145,92,53
3409,829088,100,100,100,197,90,107
3410,829745,99.0266341463415,99.1,98.94,205,111,94
3411,829950,99.0186274509804,97.8,100,204,91,113
3412,830036,99.5371428571428,99.07,100,217,108,109
3413,830147,100,100,100,222,108,114
3414,830348,100,100,100,214,105,109
3415,830371,100,100,100,219,114,105
3416,830965,99.0509952606635,99.02,99.08,211,102,109
3417,831061,100,100,100,218,110,108
3418,831314,98.954554973822,97.44,100,191,78,113
3419,831524,100,100,100,185,96,89
3420,831694,99.4327840909091,98.51,100,176,67,109
3421,831973,100,100,100,196,90,106
3422,832030,100,100,100,177,74,103
3423,832711,100,100,100,184,93,91
3424,832757,98.9299465240642,100,97.7,187,100,87
3425,832928,99.4488397790055,100,98.84,181,95,86
3426,833133,98.7883636363636,97.06,100,165,68,97
3427,833338,99.50245,100,99.07,200,93,107
3428,833376,100,100,100,182,82,100
3429,833386,97.9438356164384,96.84,100,146,95,51
3430,833476,99.505,99.01,100,202,101,101
3431,833554,98.6125,95.56,100,144,45,99
3432,833587,98.8671590909091,98.95,98.77,176,95,81
3433,833614,97.1588068181818,93.15,100,176,73,103
3434,833967,98.8950276243094,97.5,100,181,80,101
3435,834111,98.9255376344086,98.95,98.9,186,95,91
3436,834394,100,100,100,197,100,97
3437,834766,100,100,100,180,79,101
3438,834877,100,100,100,182,90,92
3439,834939,99.4632258064516,100,99.04,186,82,104
3440,835275,97.8483870967742,98.86,96.94,186,88,98
3441,835606,98.8902222222222,97.73,100,180,88,92
3442,835971,99.4873846153846,99.02,100,195,102,93
3443,836056,100,100,100,155,53,102
3444,836454,100,100,100,199,104,95
3445,836507,98.8967955801105,100,98.08,181,77,104
3446,836607,99.4686170212766,98.89,100,188,90,98
3447,837483,98.2856571428571,97.75,98.84,175,89,86
3448,837562,100,100,100,196,95,101
3449,838413,99.0115841584158,98.97,99.05,202,97,105
3450,838534,98.9804081632653,99,98.96,196,100,96
3451,838585,99.5387037037037,99.06,100,216,106,110
3452,838672,100,100,100,188,97,91
3453,838684,100,100,100,185,105,80
3454,838764,98.2765517241379,100,96.43,174,90,84
3455,838842,100,100,100,205,107,98
3456,840135,100,100,100,193,103,90
3457,841014,99.4637096774194,100,98.95,186,91,95
3458,841023,99.5042786069652,98.94,100,201,94,107
3459,841277,99.5044554455446,100,98.9,202,111,91
3460,841349,100,100,100,178,98,80
3461,841907,100,100,100,195,108,87
3462,842387,100,100,100,206,99,107
3463,843579,98.9371276595745,100,97.94,188,91,97
3464,844018,100,100,100,175,94,81
3465,844078,99.4338636363636,100,98.94,176,82,94
3466,844386,99.3277181208054,100,98.11,149,96,53
3467,844540,100,100,100,196,100,96
3468,845284,100,100,100,170,80,90
3469,845470,99.4273563218391,98.94,100,174,94,80
3470,845793,100,100,100,146,101,45
3471,845844,99.4250574712644,100,98.78,174,92,82
3472,845892,97.9716216216216,97.67,98.39,148,86,62
3473,845921,100,100,100,193,107,86
3474,846263,100,100,100,164,105,59
3475,846293,98.8506896551724,97.98,100,174,99,75
3476,846551,100,100,100,177,103,74
3477,846617,98.149012345679,96.81,100,162,94,68
3478,846653,98.8808379888268,99,98.73,179,100,79
3479,846824,100,100,100,170,98,72
3480,846935,99.4519230769231,100,98.67,182,107,75
3481,847543,98.79,98.89,98.67,165,90,75
3482,847621,100,100,100,167,98,69
3483,847703,100,100,100,174,92,82
3484,847750,100,100,100,169,91,78
3485,847781,99.3589743589744,98.75,100,156,80,76
3486,847849,97.7389265536723,96.94,98.73,177,98,79
3487,848034,95.970564516129,95.35,96.3,124,43,81
3488,848564,100,100,100,155,74,81
3489,848687,98.750125,100,96.97,80,47,33
3490,848691,97.1404285714286,100,94.59,70,33,37
3491,848786,98.7002597402597,98.68,98.72,154,76,78
3492,849937,99.315,98.63,100,146,73,73
3493,850636,95.14,100,91.36,144,63,81
3494,851380,98.3613114754098,100,96.43,183,99,84
3495,851930,98.4628205128205,97.25,100,195,109,86
3496,853026,90.8643147208122,85.19,97.75,197,108,89
3497,853327,97.6998275862069,97.33,97.98,174,75,99
3498,853441,100,100,100,202,105,97
3499,853681,99.5368518518518,99.18,100,216,122,94
3500,853998,99.1159292035398,98.15,100,226,108,118
3501,854526,100,100,100,230,123,107
3502,854627,98.1018009478673,99.24,96.2,211,132,79
3503,854665,99.0807339449541,98.33,100,218,120,98
3504,855371,98.9523560209424,97.7,100,191,87,104
3505,855470,100,100,100,204,102,102
3506,855617,98.1135849056604,98.26,97.94,212,115,97
3507,855902,97.6504694835681,98.21,97.03,213,112,101
3508,856098,99.0038805970149,100,97.87,201,107,94
3509,856144,100,100,100,165,75,90
3510,856177,98.663125,99.16,98.1,224,119,105
3511,856218,98.5070149253731,98.95,98.11,201,95,106
3512,856315,99.0062189054726,98.97,99.04,201,97,104
3513,856480,99.3633121019108,100,99.02,157,55,102
3514,856578,100,100,100,215,122,93
3515,856633,99.5391705069124,100,99,217,117,100
3516,857065,99.5489592760181,100,99.11,221,109,112
3517,857155,98.281330472103,99.15,97.39,233,118,115
3518,857343,100,100,100,200,102,98
3519,857427,99.05,99.05,99.05,210,105,105
3520,857502,100,100,100,187,98,89
3521,857547,99.5448401826484,100,99.11,219,107,112
3522,858363,99.469414893617,99.05,100,188,105,83
3523,858753,100,100,100,200,81,119
3524,858958,100,100,100,232,113,119
3525,859023,99.4873846153846,98.98,100,195,98,97
3526,859417,99.0327536231884,97.87,100,207,94,113
3527,859544,99.1680912863071,98.37,100,241,123,118
3528,859844,99.5813865546218,99.19,100,238,123,115
3529,860270,99.1646861924686,98.39,100,239,124,115
3530,860282,99.5814225941423,99.18,100,239,122,117
3531,860379,100,100,100,241,130,111
3532,861348,99.4420111731844,100,97.73,179,135,44
3533,861396,99.5726923076923,100,98.99,234,135,99
3534,861498,98.7609090909091,99.19,98.31,242,124,118
3535,861621,98.224,96.3,100,225,108,117
3536,861683,99.5797907949791,99.17,100,239,121,118
3537,861777,93.2654922279793,83.12,100,193,77,116
3538,861854,99.5086206896552,99.05,100,203,105,98
3539,862205,100,100,100,235,104,131
3540,862295,98.8696610169492,96.49,100,177,57,120
3541,862304,97.0773099415205,96.46,98.28,171,113,58
3542,862323,97.4085492227979,95.45,99.05,193,88,105
3543,862350,98.0615533980583,98.28,97.78,206,116,90
3544,862389,98.7030303030303,97.2,100,231,107,124
3545,862407,98.8885,96.49,100,180,57,123
3546,862464,99.5171153846154,99.19,100,208,124,84
3547,862984,99.60176,100,99.24,250,119,131
3548,863149,100,100,100,220,106,114
3549,863186,99.5633187772926,99,100,229,100,129
3550,863383,100,100,100,240,112,128
3551,864504,100,100,100,194,92,102
3552,864540,99.5479545454546,100,99.15,220,103,117
3553,864761,99.5350697674419,100,98.98,215,117,98
3554,864840,100,100,100,214,83,131
3555,865112,99.557577092511,99.17,100,227,121,106
3556,865198,100,100,100,232,123,109
3557,865553,99.5535714285714,99,100,224,100,124
3558,865622,99.1417596566524,99.21,99.06,233,127,106
3559,865678,98.7872727272727,100,97.1,165,96,69
3560,867971,100,100,100,220,107,113
3561,868138,100,100,100,200,95,105
3562,868229,100,100,100,189,89,100
3563,868556,100,100,100,206,109,97
3564,868972,100,100,100,208,118,90
3565,869042,99.0001,97.98,100,200,99,101
3566,869273,99.3650632911392,98.48,100,158,66,92
3567,869515,96.9914285714286,100,92.98,133,76,57
3568,869535,99.469414893617,98.95,100,188,95,93
3569,869763,98.9403174603175,98.96,98.92,189,96,93
3570,869822,96.8263492063492,97.37,96,126,76,50
3571,869826,99.0659813084112,97.37,100,107,38,69
3572,870399,100,100,100,175,91,84
3573,870777,97.65609375,96.08,98.7,128,51,77
3574,870842,98.3241899441341,96.97,100,179,99,80
3575,870902,97.4148275862069,97.65,96.77,116,85,31
3576,871064,100,100,100,169,89,80
3577,871139,99.428,99.09,100,175,110,65
3578,871352,98.3963636363636,98.32,98.53,187,119,68
3579,871384,100,100,100,179,119,60
3580,871651,94.0677966101695,82.5,100,118,40,78
3581,872067,96.7992307692308,96.88,96.67,156,96,60
3582,872241,100,100,100,135,70,65
3583,872290,100,100,100,145,83,62
3584,872298,98.7268789808917,98.96,98.36,157,96,61
3585,872349,99.3,98.9,100,143,91,52
3586,872782,99.1516949152542,98.46,100,118,65,53
3587,873481,96.5815384615385,97.37,95.12,117,76,41
3588,873532,99.1219298245614,98.46,100,114,65,49
3589,873601,99.1533898305085,100,97.78,118,73,45
3590,873651,97.4341025641026,98.63,95.45,117,73,44
3591,873970,99.0962162162162,98.48,100,111,66,45
3592,874035,99.0211764705882,98.08,100,102,52,50
3593,874089,97.4124137931035,95.31,100,116,64,52
3594,874099,95.4037931034483,90.91,98.15,87,33,54
3595,874170,98.9785714285714,100,97.14,98,63,35
3596,874306,98.2436842105263,97.18,100,114,71,43
3597,874626,99.2240310077519,98.57,100,129,70,59
3598,874698,95.5050561797753,95,96.55,89,60,29
3599,874944,100,100,100,137,73,64
3600,874959,99.1129203539823,98.21,100,113,56,57
3601,875181,100,100,100,125,61,64
3602,875410,99.1219298245614,98.57,100,114,70,44
3603,875519,100,100,100,116,67,49
3604,876406,98.7192948717949,98.36,98.95,156,61,95
3605,877049,98.6315068493151,96.3,100,146,54,92
3606,877190,98.668,96.67,100,150,60,90
3607,877344,98.5708571428572,96.72,100,140,61,79
3608,877461,98.8544,98.78,98.92,175,82,93
3609,877767,99.207619047619,98.44,100,126,64,62
3610,877772,100,100,100,118,66,52
3611,877890,99.3663924050633,98.59,100,158,71,87
3612,878172,96.5735616438356,94.23,97.87,146,52,94
3613,878240,90.2435975609756,94.2,87.37,164,69,95
3614,878273,96.8593193717278,96.39,97.22,191,83,108
3615,878290,99.2623529411765,100,98.48,136,70,66
3616,878441,100,100,100,148,70,78
3617,879115,98.9531937172775,98.82,99.06,191,85,106
3618,879265,100,100,100,216,96,120
3619,879363,99.0379807692308,100,98.26,208,93,115
3620,879558,92.416275862069,100,85.14,145,71,74
3621,880103,100,100,100,213,102,111
3622,880143,100,100,100,201,91,110
3623,880224,100,100,100,189,83,106
3624,880295,100,100,100,221,104,117
3625,880914,100,100,100,205,90,115
3626,881076,100,100,100,184,79,105
3627,881309,99.4111764705882,98.18,100,170,55,115
3628,881831,99.5196135265701,100,99.12,207,94,113
3629,882456,99.0172413793103,100,98.1,203,98,105
3630,882525,99.5264928909953,99.03,100,211,103,108
3631,882612,99.4530054644809,100,98.9,183,92,91
3632,882791,98.9833502538071,98.92,99.04,197,93,104
3633,882817,99.4606451612903,100,98.86,186,98,88
3634,883077,100,100,100,198,96,102
3635,883318,98.2357058823529,96.63,100,170,89,81
3636,883902,100,100,100,189,90,99
3637,884096,98.8850279329609,98.88,98.89,179,89,90
3638,884165,100,100,100,205,96,109
3639,884219,98.7578260869565,98.21,99.05,161,56,105
3640,884387,98.0264473684211,97.87,98.28,152,94,58
3641,884750,98.2032335329341,98.96,97.18,167,96,71
3642,884930,99.4847668393782,100,99.12,193,80,113
3643,885356,99.4918367346939,98.8,100,196,83,113
3644,885580,97.85,100,95.7,186,93,93
3645,885977,96.9081443298969,95.29,98.17,194,85,109
3646,886081,97.6337278106509,100,95.35,169,83,86
3647,887074,99.498743718593,99.05,100,199,105,94
3648,887167,99.5307042253521,98.98,100,213,98,115
3649,887203,100,100,100,213,87,126
3650,887342,96.5166666666667,93.67,98.36,201,79,122
3651,887439,99.5125,100,99.15,204,87,117
3652,887551,99.4005389221557,100,98.59,167,96,71
3653,887618,98.5150495049505,97.89,99.07,202,95,107
3654,887696,99.485,100,98.97,194,97,97
3655,888258,100,100,100,172,84,88
3656,888624,98.8655681818182,98.84,98.89,176,86,90
3657,888633,99.41,98.82,100,170,85,85
3658,888713,100,100,100,178,72,106
3659,888842,99.4236781609196,100,98.91,174,82,92
3660,888938,100,100,100,165,79,86
3661,888971,100,100,100,141,71,70
3662,889176,100,100,100,174,83,91
3663,889503,100,100,100,161,75,86
3664,889716,97.7582835820896,98.41,97.18,134,63,71
3665,890495,100,100,100,161,63,98
3666,890559,100,100,100,158,71,87
3667,890613,96.8374683544304,97.44,96.25,158,78,80
3668,890626,98.5263235294118,98.48,98.57,136,66,70
3669,890697,97.6761627906977,98.72,96.81,172,78,94
3670,890787,99.3981927710843,98.65,100,166,74,92
3671,890922,99.3537419354839,98.41,100,155,63,92
3672,891448,98.8751685393258,100,97.87,178,84,94
3673,891677,99.3871165644172,100,98.65,163,89,74
3674,891824,100,100,100,176,84,92
3675,892064,98.2667052023121,97.7,98.84,173,87,86
3676,892150,100,100,100,168,66,102
3677,892813,100,100,100,184,77,107
3678,892822,100,100,100,156,95,61
3679,892887,100,100,100,205,99,106
3680,893102,97.0179104477612,100,96.67,67,7,60
3681,893107,99.168,100,96.88,120,88,32
3682,893119,98.9172972972973,98.82,99,185,85,100
3683,894022,94.5804819277108,95.59,93.88,166,68,98
3684,894154,99.2691240875912,96.77,100,137,31,106
3685,894270,97.4673417721519,93.44,100,158,61,97
3686,894373,98.2869142857143,98.59,98.08,175,71,104
3687,894418,98.8942541436464,98.82,98.96,181,85,96
3688,894838,100,100,100,190,79,111
3689,895616,100,100,100,163,71,92
3690,895699,99.4654545454545,100,98.98,187,89,98
3691,895973,98.8961325966851,97.78,100,181,90,91
3692,896254,97.6061676646707,96.63,98.72,167,89,78
3693,896408,100,100,100,187,90,97
3694,896479,100,100,100,186,95,91
3695,896551,98.81,98.81,98.81,168,84,84
3696,896578,99.4258620689655,98.89,100,174,90,84
3697,896657,99.4570810810811,100,98.92,185,92,93
3698,896792,99.3845398773006,98.48,100,163,66,97
3699,896830,99.4722222222222,100,98.95,189,94,95
3700,896865,98.7641975308642,100,97.14,162,92,70
3701,896905,98.438125,92.86,100,128,28,100
3702,896941,99.4411173184357,98.78,100,179,82,97
3703,897007,99.3627388535032,98.55,100,157,69,88
3704,897324,100,100,100,159,66,93
3705,897377,100,100,100,158,89,69
3706,897399,100,100,100,160,87,73
3707,897583,100,100,100,171,96,75
3708,897610,100,100,100,194,93,101
3709,897660,100,100,100,191,99,92
3710,897672,100,100,100,191,115,76
3711,897715,98.8449710982659,100,98.06,173,70,103
3712,897723,100,100,100,183,97,86
3713,897828,100,100,100,218,109,109
3714,898091,99.5194230769231,98.98,100,208,98,110
3715,898226,98.1034123222749,100,96.26,211,104,107
3716,898609,98.9805102040816,98.06,100,196,103,93
3717,899073,98.9028571428571,100,97.44,182,104,78
3718,899130,99.4021556886228,100,98.96,167,71,96
3719,899233,100,100,100,192,101,91
3720,899298,97.3694736842105,100,89.29,114,86,28
3721,899985,100,100,100,182,95,87
3722,900090,97.6330769230769,96.47,98.81,169,85,84
3723,900147,98.0117880794702,97.18,98.75,151,71,80
3724,900207,99.4027976190476,100,98.73,168,89,79
3725,900358,100,100,100,174,105,69
3726,900429,97.6327218934911,96.97,98.57,169,99,70
3727,900903,100,100,100,117,48,69
3728,901122,100,100,100,174,90,84
3729,901185,100,100,100,178,110,68
3730,901344,100,100,100,190,103,87
3731,901607,100,100,100,200,104,96
3732,901982,99.4940101522843,100,98.88,197,108,89
3733,902503,100,100,100,195,105,90
3734,902623,99.490612244898,99.04,100,196,104,92
3735,902771,100,100,100,133,98,35
3736,902861,99.4628877005348,98.92,100,187,93,94
3737,903148,100,100,100,196,99,97
3738,903327,100,100,100,191,102,89
3739,903387,99.5071428571428,100,98.85,203,116,87
3740,903943,99.3176870748299,100,98.82,147,62,85
3741,904096,98.4142857142857,100,96.67,189,99,90
3742,904195,97.055,98.82,95.29,170,85,85
3743,904487,99.4866666666667,99.09,100,195,110,85
3744,904562,98.6563758389262,100,97.14,149,79,70
3745,904586,88.2305882352941,98.48,69.44,102,66,36
3746,904590,90.0975247524753,78.05,98.33,101,41,60
3747,904770,100,100,100,159,105,54
3748,905057,99.4433519553073,98.94,100,179,94,85
3749,905439,97.5754545454545,93.65,100,165,63,102
3750,905945,100,100,100,207,115,92
3751,906005,100,100,100,209,114,95
3752,906302,99.5633333333333,99.24,100,228,131,97
3753,906493,99.5269811320755,100,98.91,212,120,92
3754,906601,100,100,100,184,88,96
3755,906925,99.445,100,98.15,180,126,54
3756,907171,99.0437320574163,99.1,98.98,209,111,98
3757,907429,100,100,100,227,115,112
3758,907479,100,100,100,200,116,84
3759,907585,98.1472839506173,100,93.02,162,119,43
3760,907695,96.8387341772152,94.34,98.1,158,53,105
3761,907920,99.583734439834,99.12,100,241,114,127
3762,908124,98.1301869158878,98.15,98.11,214,108,106
3763,908197,99.5262264150943,99.07,100,212,108,104
3764,908744,99.5832365145228,100,99.19,241,117,124
3765,909362,99.4344632768362,99.09,100,177,110,67
3766,909437,98.0778846153846,98,98.15,208,100,108
3767,910066,99.5566222222222,99.14,100,225,116,109
3768,910640,100,100,100,237,124,113
3769,910833,99.4769633507853,98.89,100,191,90,101
3770,911717,100,100,100,201,108,93
3771,912328,99.0716744186046,99.11,99.03,215,112,103
3772,912372,100,100,100,216,116,100
3773,912532,100,100,100,214,114,100
3774,912648,98.5982242990654,99.15,97.92,214,118,96
3775,912831,98.49735,98.13,98.92,200,107,93
3776,913056,99.5300469483568,99.09,100,213,110,103
3777,913065,99.4332386363636,100,98.67,176,101,75
3778,913443,97.858,100,91.18,140,106,34
3779,913816,99.4336363636364,98.88,100,176,89,87
3780,913939,98.2741379310345,100,95.45,174,108,66
3781,913983,98.925376344086,100,97.37,186,110,76
3782,914139,100,100,100,148,100,48
3783,914171,98.8442196531792,97.85,100,173,93,80
3784,914288,97.5,98.75,96.25,160,80,80
3785,915557,96.4271428571429,100,93.9,140,58,82
3786,915602,100,100,100,138,75,63
3787,916624,98.1127044025157,96.59,100,159,88,71
3788,916906,98.7219230769231,98.67,98.77,156,75,81
3789,917346,100,100,100,143,74,69
3790,917353,99.2369465648855,100,98.53,131,63,68
3791,917697,100,100,100,170,86,84
3792,917842,100,100,100,130,41,89
3793,917994,99.4234482758621,98.86,100,174,88,86
3794,918016,99.3477922077922,98.92,100,154,93,61
3795,918321,100,100,100,139,85,54
3796,918573,99.3953939393939,98.84,100,165,86,79
3797,918642,100,100,100,159,91,68
3798,919512,99.4487912087912,98.86,100,182,88,94
3799,919668,100,100,100,167,78,89
3800,919983,96.9936842105263,92.16,100,133,51,82
3801,920159,98.8268421052632,98.73,98.91,171,79,92
3802,920181,99.3457516339869,98.18,100,153,55,98
3803,920902,100,100,100,178,89,89
3804,920921,100,100,100,185,90,95
3805,920954,100,100,100,166,74,92
3806,920986,99.1795081967213,98.46,100,122,65,57
3807,921317,98.6636666666667,100,97.89,150,55,95
3808,922066,99.4781151832461,100,98.88,191,102,89
3809,922265,99.4168604651163,100,98.82,172,87,85
3810,922318,99.45,100,98.9,182,91,91
3811,922944,98.050974025974,96.55,100,154,87,67
3812,923718,99.0543396226415,98.21,100,106,56,50
3813,924122,99.4123529411765,100,98.65,170,96,74
3814,924314,98.6000699300699,98.61,98.59,143,72,71
3815,924435,99.3535483870968,100,98.33,155,95,60
3816,924597,100,100,100,175,96,79
3817,924624,99.3610256410256,98.88,100,156,89,67
3818,924894,100,100,100,158,72,86
3819,925157,98.2036526946108,98.81,97.59,167,84,83
3820,925166,98.8578285714286,100,97.37,175,99,76
3821,925215,95.1613709677419,98.99,80,124,99,25
3822,925235,98.2831428571428,97.89,98.75,175,95,80
3823,925284,98.911847826087,97.87,100,184,94,90
3824,926857,97.7605223880597,96.72,98.63,134,61,73
3825,927098,99.1948387096774,97.92,100,124,48,76
3826,927118,99.4469613259669,100,98.57,181,111,70
3827,927247,97.2420689655172,100,90.7,145,102,43
3828,927337,97.9,96.15,100,143,78,65
3829,927458,98.4054255319149,99.05,97.59,188,105,83
3830,927658,99.5044554455446,100,98.9,202,111,91
3831,927850,99.480207253886,100,98.86,193,105,88
3832,928191,100,100,100,179,83,96
3833,928239,99.3574193548387,100,98.8,155,72,83
3834,928417,98.0006,100,92.31,150,111,39
3835,928536,99.505396039604,99.03,100,202,103,99
3836,928803,98.4021808510638,100,96.77,188,95,93
3837,929325,100,100,100,205,105,100
3838,929750,97.5475460122699,94.67,100,163,75,88
3839,929925,99.4063313609467,100,98.73,169,90,79
3840,930045,99.4450828729282,98.92,100,181,93,88
3841,930079,99.4248275862069,98.61,100,174,72,102
3842,930342,99.4446666666667,100,98.98,180,82,98
3843,930850,98.983654822335,97.87,100,197,94,103
3844,931181,99.4117058823529,98.63,100,170,73,97
3845,931409,100,100,100,172,82,90
3846,931784,100,100,100,170,89,81
3847,931802,98.6666666666667,96,100,150,50,100
3848,931812,99.4235632183908,98.82,100,174,85,89
3849,931874,98.0802564102564,97.83,98.44,156,92,64
3850,931883,94.495871559633,97.56,85.19,109,82,27
3851,932054,99.3114482758621,98.44,100,145,64,81
3852,932626,94.8028571428571,98.61,91.46,154,72,82
3853,932641,92.7696385542169,97.7,87.34,166,87,79
3854,933305,98.9790816326531,100,97.7,196,109,87
3855,934146,100,100,100,173,82,91
3856,934802,95.951676300578,94.79,97.4,173,96,77
3857,935130,98.9,97.8,100,182,91,91
3858,936162,98.9419047619048,98.02,100,189,101,88
3859,936236,99.3871165644172,98.65,100,163,74,89
3860,936287,96.4936842105263,98.72,91.67,114,78,36
3861,936480,100,100,100,182,106,76
3862,936795,99.4525274725275,99.06,100,182,106,76
3863,936894,99.4992964824121,99.06,100,199,106,93
3864,937020,100,100,100,177,100,77
3865,937032,100,100,100,205,109,96
3866,937342,95.00375,97.83,91.18,160,92,68
3867,937448,100,100,100,210,109,101
3868,937547,98.100253164557,95.31,100,158,64,94
3869,937874,97.275,94.55,100,220,110,110
3870,937970,99.5611013215859,99.19,100,227,123,104
3871,938153,100,100,100,208,110,98
3872,938276,98.95703125,100,97.75,192,103,89
3873,938751,100,100,100,216,112,104
3874,938763,100,100,100,157,62,95
3875,938853,98.7420754716981,96.61,100,159,59,100
3876,938913,100,100,100,198,94,104
3877,939306,98.9656476683938,98.99,98.94,193,99,94
3878,939435,96.2264779874214,91.07,99.03,159,56,103
3879,939589,98.1012658227848,100,95,158,98,60
3880,939972,100,100,100,202,109,93
3881,940074,99.4992964824121,100,98.94,199,105,94
3882,940130,98.284,96.1,100,175,77,98
3883,940191,99.0552132701422,99.07,99.04,211,107,104
3884,940271,100,100,100,165,95,70
3885,940310,97.0807299270073,94.34,98.81,137,53,84
3886,940466,97.8733333333333,95.74,98.94,141,47,94
3887,940493,100,100,100,167,97,70
3888,941031,99.4734210526316,100,98.85,190,103,87
3889,941421,100,100,100,181,91,90
3890,941760,100,100,100,188,102,86
3891,941770,100,100,100,172,97,75
3892,941814,99.4242774566474,98.8,100,173,83,90
3893,941871,100,100,100,173,86,87
3894,941890,99.4713756613757,99.03,100,189,103,86
3895,942273,99.421387283237,98.7,100,173,77,96
3896,942381,98.6580536912752,98.72,98.59,149,78,71
3897,942390,98.8667796610169,98.82,98.91,177,85,92
3898,942619,100,100,100,196,101,95
3899,942810,99.4146198830409,100,98.57,171,101,70
3900,942868,99.4402247191011,100,98.94,178,84,94
3901,942972,97.673488372093,100,95.12,86,45,41
3902,942976,94.1171764705882,97.73,90.24,85,44,41
3903,942987,98.2154166666667,98.02,98.51,168,101,67
3904,943018,97.3697894736842,96.88,97.87,190,96,94
3905,943134,95.2833018867924,98.63,87.88,106,73,33
3906,943188,98.158527607362,100,95.52,163,96,67
3907,943198,96.6484357541899,97.09,96.05,179,103,76
3908,943628,99.4573913043478,98.96,100,184,96,88
3909,943831,97.2222222222222,95,100,180,100,80
3910,943904,100,100,100,162,84,78
3911,943960,100,100,100,155,85,70
3912,944066,98.8954696132597,98.04,100,181,102,79
3913,944309,100,100,100,174,104,70
3914,944723,100,100,100,164,98,66
3915,945099,100,100,100,143,60,83
3916,945501,100,100,100,158,85,73
3917,945598,94.2317948717949,88.16,100,156,76,80
3918,946384,99.3975301204819,100,98.63,166,93,73
3919,946521,96.972,96.88,97.1,165,96,69
3920,946939,99.4327272727273,100,98.72,176,98,78
3921,948528,100,100,100,126,79,47
3922,948691,98.7329113924051,100,97.14,158,88,70
3923,948763,97.1422857142857,97.22,97.06,140,72,68
3924,948838,97.4822641509434,100,94.44,159,87,72
3925,949014,98.825,100,97.65,170,85,85
3926,949093,100,100,100,142,81,61
3927,949105,99.4041666666667,100,98.7,168,91,77
3928,949333,98.7725766871166,100,97.53,163,82,81
3929,949743,99.3845398773006,98.68,100,163,76,87
3930,950584,99.3470588235294,100,98.65,153,79,74
3931,950668,98.693660130719,100,97.47,153,74,79
3932,950691,98.7273885350318,100,97.3,157,83,74
3933,950739,100,100,100,139,84,55
3934,951842,99.3245945945946,100,98.53,148,80,68
3935,952112,98.55,98.55,98.55,138,69,69
3936,952158,100,100,100,141,73,68
3937,952281,100,100,100,141,63,78
3938,952557,98.43625,97.22,100,128,72,56
3939,952665,99.2544776119403,98.65,100,134,74,60
3940,952934,99.2488721804511,98.65,100,133,74,59
3941,953154,97.4578813559322,98.55,95.92,118,69,49
3942,953162,100,100,100,124,70,54
3943,953199,98.39984,97.26,100,125,73,52
3944,953688,100,100,100,132,71,61
3945,953817,100,100,100,130,77,53
3946,954203,94.5431818181818,96.92,91.11,110,65,45
3947,954443,95.4532727272727,94.23,96.55,110,52,58
3948,954536,97.4331623931624,98.57,95.74,117,70,47
3949,954720,89.6211320754717,85.96,93.88,106,57,49
3950,954956,99.202,100,98.25,125,68,57
3951,955079,100,100,100,124,65,59
3952,955202,95.4034482758621,100,87.1,87,56,31
3953,955439,99.3,100,98.7,143,66,77
3954,955977,100,100,100,118,69,49
3955,956183,99.3032638888889,100,98.73,144,65,79
3956,956240,98.9682474226804,100,95.83,97,73,24
3957,956775,99.3328,98.61,100,150,72,78
3958,956941,98.5286764705882,100,96.55,136,78,58
3959,957069,99.3423684210526,98.53,100,152,68,84
3960,957828,98.7382911392405,98.67,98.8,158,75,83
3961,959017,98.7644444444445,98.96,98.48,162,96,66
3962,959229,100,100,100,183,95,88
3963,959392,99.4657754010695,100,98.89,187,97,90
3964,959839,100,100,100,183,97,86
3965,959946,99.4092307692308,100,98.72,169,91,78
3966,959962,100,100,100,182,88,94
3967,960025,98.5308823529412,96.67,100,136,60,76
3968,960723,99.4703703703704,100,98.7,189,112,77
3969,960868,97.1925280898876,98.99,94.94,178,99,79
3970,961006,99.4936040609137,99.14,100,197,116,81
3971,961441,100,100,100,207,110,97
3972,961732,98.1593251533742,98.75,97.59,163,80,83
3973,961754,100,100,100,179,106,73
3974,962280,99.285,98.7,100,140,77,63
3975,962473,100,100,100,174,91,83
3976,962542,100,100,100,177,90,87
3977,962623,98.8504022988506,100,97.59,174,91,83
3978,962788,99.3814814814815,98.33,100,162,60,102
3979,963310,99.4541304347826,98.92,100,184,93,91
3980,963520,100,100,100,199,110,89
3981,964090,99.5147572815534,100,99.02,206,104,102
3982,964572,99.0234146341463,100,97.8,205,114,91
3983,965082,98.8439306358381,97.5,100,173,80,93
3984,965272,98.4042553191489,100,97,188,88,100
3985,965535,99.5316901408451,100,99.05,213,108,105
3986,965658,82.1441964285714,80.85,83.08,112,47,65
3987,966001,97.7288636363636,98.1,97.18,176,105,71
3988,966051,98.393743315508,97.67,99.01,187,86,101
3989,966637,99.5139512195122,99.06,100,205,106,99
3990,966702,100,100,100,188,99,89
3991,966799,97.5124378109453,95,100,201,100,101
3992,966834,99.4578260869565,100,98.84,184,98,86
3993,967077,99.5140776699029,98.9,100,206,91,115
3994,967125,97.5450306748466,93.44,100,163,61,102
3995,967375,93.2467567567568,88.24,94.74,74,17,57
3996,967380,98.2,97.3,100,111,74,37
3997,967392,98.9812244897959,100,97.92,196,100,96
3998,967623,97.8611764705882,100,95.96,187,88,99
3999,967785,100,100,100,204,99,105
4000,967837,100,100,100,177,85,92
4001,968369,98.934385026738,98.77,99.06,187,81,106
4002,968453,98.9397883597884,97.67,100,189,86,103
4003,968792,100,100,100,205,105,100
4004,969153,96.7190163934426,96.36,97.26,183,110,73
4005,969500,97.1126011560694,95.24,98.88,173,84,89
4006,969987,99.0706976744186,98.96,99.16,215,96,119
4007,970263,100,100,100,208,95,113
4008,970278,99.4519230769231,100,98.67,182,107,75
4009,970656,95.7891052631579,94.62,96.91,190,93,97
4010,970677,95.0515841584158,100,90.57,202,96,106
4011,971000,99.51875,98.9,100,208,91,117
4012,971063,99.4944444444445,100,99.09,198,88,110
4013,971131,98.8751685393258,100,97.87,178,84,94
4014,971161,98.4446113989637,98.59,98.36,193,71,122
4015,971339,98.7109677419355,100,97.78,155,65,90
4016,971345,98.5297794117647,100,93.55,136,105,31
4017,971567,98.2964772727273,97.53,98.95,176,81,95
4018,971681,97.2954054054054,97.67,96.97,185,86,99
4019,972271,99.547556561086,98.99,100,221,99,122
4020,972386,99.0896363636364,98.96,99.19,220,96,124
4021,972608,97.4203870967742,90.48,100,155,42,113
4022,972697,100,100,100,222,100,122
4023,972818,96.9250769230769,96.94,96.91,195,98,97
4024,973028,99.5262559241706,98.98,100,211,98,113
4025,973038,97.2416551724138,90.91,100,145,44,101
4026,973437,98.4307329842932,100,96.91,191,94,97
4027,973544,99.4532786885246,98.85,100,183,87,96
4028,973634,99.5167961165048,100,99.21,206,80,126
4029,973640,100,100,100,178,94,84
4030,973754,98.947,97.53,100,190,81,109
4031,973771,100,100,100,193,84,109
4032,973877,98.5282352941177,98.92,98.2,204,93,111
4033,973916,99.4682978723404,98.53,100,188,68,120
4034,974550,99.4092307692308,97.44,100,169,39,130
4035,975052,99.4063313609467,98.73,100,169,79,90
4036,975067,98.9251612903226,98.91,98.94,186,92,94
4037,975082,98.4771573604061,96.25,100,197,80,117
4038,975100,98.9856852791878,98.06,100,197,103,94
4039,975183,99.5215865384615,100,99.07,208,101,107
4040,975280,98.6332876712329,97.92,99.19,219,96,123
4041,975352,98.9847715736041,100,98.4,197,72,125
4042,975378,99.5192307692308,100,99.2,208,83,125
4043,975399,99.5022388059701,100,99.13,201,86,115
4044,975448,96.6801895734597,98.02,95.45,211,101,110
4045,975526,99.5188405797102,100,99.17,207,87,120
4046,975868,99.4387640449438,98.89,100,178,90,88
4047,976208,100,100,100,170,56,114
4048,976479,99.4017964071856,97.78,100,167,45,122
4049,976663,100,100,100,208,100,108
4050,976864,99.3899386503068,100,99.12,163,50,113
4051,976926,98.8242941176471,100,97.47,170,91,79
4052,976950,100,100,100,193,101,92
4053,977112,100,100,100,223,108,115
4054,977299,99.4537704918033,98.53,100,183,68,115
4055,977329,100,100,100,218,110,108
4056,977373,100,100,100,179,77,102
4057,977392,99.102735426009,98.13,100,223,107,116
4058,977409,99.5350697674419,98.98,100,215,98,117
4059,977565,100,100,100,217,102,115
4060,977845,100,100,100,230,111,119
4061,978303,99.556,100,99.1,225,114,111
4062,978337,99.5546875,99.05,100,224,105,119
4063,978472,99.0581132075472,98.08,100,212,104,108
4064,978523,98.0697101449275,97.09,99.04,207,103,104
4065,978534,95.3623841059603,95.24,95.45,151,63,88
4066,978544,97.8855555555556,97.85,97.92,189,93,96
4067,978616,99.0050746268657,97.98,100,201,99,102
4068,979003,99.0362980769231,97.89,100,208,95,113
4069,979276,100,100,100,211,90,121
4070,979435,98.1916742081448,95.88,100,221,97,124
4071,979852,100,100,100,202,85,117
4072,979945,98.8534482758621,98.39,99.11,174,62,112
4073,980028,99.4866666666667,100,98.9,195,104,91
4074,980221,100,100,100,222,111,111
4075,981233,100,100,100,193,100,93
4076,981468,99.3901829268293,98.63,100,164,73,91
4077,982175,98.8352906976744,100,97.01,172,105,67
4078,982263,100,100,100,168,89,79
4079,982374,99.3011188811189,97.37,100,143,38,105
4080,982653,98.4701020408163,96.81,100,196,94,102
4081,982836,97.8146994535519,96.25,99.03,183,80,103
4082,982849,99.505,100,99.01,202,101,101
4083,983738,99.2797841726619,97.87,100,139,47,92
4084,983803,99.5262264150943,99.07,100,212,108,104
4085,983972,99.5059113300493,99.15,100,203,118,85
4086,984074,98.4967336683417,97.83,99.07,199,92,107
4087,984149,97.1561363636364,97.18,97.14,176,71,105
4088,984903,100,100,100,167,80,87
4089,985441,98.7812195121951,97.37,100,164,76,88
4090,985656,95.9456756756757,97.56,93.94,148,82,66
4091,985964,99.3623566878981,98.59,100,157,71,86
4092,986047,99.3431578947368,98.72,100,152,78,74
4093,986198,99.3788819875776,100,98.75,161,81,80
4094,986755,100,100,100,114,51,63
4095,986881,100,100,100,135,75,60
4096,986954,79.5898979591837,41.94,97.01,98,31,67
4097,987479,98.3854032258065,98.36,98.41,124,61,63
4098,987720,99.2524626865672,100,98.41,134,71,63
4099,987817,100,100,100,95,57,38
4100,987978,99.2266666666667,100,98.28,129,71,58
4101,988413,99.1466666666667,100,97.44,117,78,39
4102,988437,100,100,100,135,78,57
4103,988671,99.21796875,98.9,100,128,91,37
4104,988842,100,100,100,133,76,57
4105,989445,94.0022,91.49,96.23,100,47,53
4106,989661,99.1884552845528,100,98.39,123,61,62
4107,989742,100,100,100,141,90,51
4108,990222,97.7930147058824,100,93.33,136,91,45
4109,990454,96.2409022556391,99,87.88,133,100,33
4110,990901,98.1017088607595,96.63,100,158,89,69
4111,991268,100,100,100,158,80,78
4112,991283,100,100,100,172,99,73
4113,991375,100,100,100,180,101,79
4114,991601,100,100,100,171,98,73
4115,991711,100,100,100,145,84,61
4116,991792,100,100,100,177,99,78
4117,991916,99.2798561151079,98.46,100,139,65,74
4118,992042,100,100,100,176,103,73
4119,992110,99.3896341463415,98.7,100,164,77,87
4120,992264,100,100,100,188,97,91
4121,992447,98.2850285714286,96.34,100,175,82,93
4122,993200,96.3186503067485,91.78,100,163,73,90
4123,994315,99.3899390243902,98.85,100,164,87,77
4124,994380,99.3956626506024,100,98.48,166,100,66
4125,994495,100,100,100,191,106,85
4126,994601,98.8640909090909,97.62,100,176,84,92
4127,994642,100,100,100,155,76,79
4128,995132,98.8550285714286,98.86,98.85,175,88,87
4129,995413,99.4594594594595,99,100,185,100,85
4130,995454,99.3808641975309,100,98.82,162,77,85
4131,995617,100,100,100,161,72,89
4132,995653,98.7320886075949,100,97.01,158,91,67
4133,995792,99.2952112676056,100,97.22,142,106,36
4134,995869,100,100,100,158,84,74
4135,995905,100,100,100,151,84,67
4136,996075,100,100,100,177,97,80
4137,996144,98.7728220858896,100,97.59,163,80,83
4138,996317,98.6865131578947,98.55,98.8,152,69,83
4139,996333,100,100,100,148,84,64
4140,996393,99.319387755102,100,98.55,147,78,69
4141,996567,97.8387769784173,98.61,97.01,139,72,67
4142,996583,95.9187074829932,93.15,98.65,147,73,74
4143,996708,99.2039682539682,98.82,100,126,85,41
4144,997115,99.3328,100,98.61,150,78,72
4145,997375,98.5062686567164,97.22,100,134,72,62
4146,997853,94.2021739130435,95.71,92.65,138,70,68
4147,998310,98.8742696629214,100,97.67,89,46,43
4148,999334,97.0144029850746,97.47,96.36,134,79,55
4149,999355,98.5898591549296,98.78,98.33,142,82,60
4150,999729,98.5623021582734,98.8,98.21,139,83,56
4151,1000177,97.9871812080537,97.56,98.51,149,82,67
4152,1000525,98.5804255319149,97.22,100,141,72,69
4153,1000837,98.215,100,96.08,112,61,51
4154,1000846,100,100,100,145,83,62
4155,1000885,98.7571428571429,97.7,100,161,87,74
4156,1000942,98.6672,98.72,98.61,150,78,72
4157,1001485,100,100,100,160,88,72
4158,1001734,94.8275862068966,92.5,100,116,80,36
4159,1002449,94.9670440251572,95.6,94.12,159,91,68
4160,1003004,95.0376595744681,93.59,96.83,141,78,63
4161,1003415,100,100,100,157,85,72
4162,1003531,98.7360759493671,98.99,98.31,158,99,59
4163,1004275,96.5297222222222,91.94,100,144,62,82
4164,1004808,100,100,100,145,69,76
4165,1005007,97.404025974026,97.92,96.55,77,48,29
4166,1005011,95.0826229508197,95.24,95,61,21,40
4167,1005017,98.4106349206349,98.86,97.37,126,88,38
4168,1005095,96.3613636363636,93.33,98.46,110,45,65
4169,1005342,98.6754966887417,98.65,98.7,151,74,77
4170,1005407,95.0025,95.24,94.74,120,63,57
4171,1005419,93.6945945945946,84.62,98.61,111,39,72
4172,1005429,94.8265517241379,96,92.68,116,75,41
4173,1005449,96.0325396825397,96.15,95.95,126,52,74
4174,1005516,100,100,100,157,78,79
4175,1005549,100,100,100,131,60,71
4176,1005641,99.3312,100,98.68,150,74,76
4177,1006004,100,100,100,161,77,84
4178,1007043,98.919027027027,100,98.02,185,84,101
4179,1007130,100,100,100,186,78,108
4180,1007284,99.4570108695652,100,99.03,184,81,103
4181,1007488,98.7641975308642,100,97.4,162,85,77
4182,1007502,99.4306285714286,100,99.06,175,69,106
4183,1008078,98.9190810810811,98.73,99.06,185,79,106
4184,1008189,100,100,100,171,79,92
4185,1008235,100,100,100,163,58,105
4186,1008301,99.4547282608696,98.73,100,184,79,105
4187,1008340,99.4747643979058,98.86,100,191,88,103
4188,1008360,99.4344632768362,98.7,100,177,77,100
4189,1008395,100,100,100,172,76,96
4190,1008427,100,100,100,194,83,111
4191,1008481,100,100,100,190,90,100
4192,1008693,100,100,100,214,95,119
4193,1008837,98.9206486486487,97.44,100,185,78,107
4194,1008892,99.5269811320755,100,99.08,212,103,109
4195,1009114,99.5176923076923,98.86,100,208,88,120
4196,1009417,96.9307975460123,100,92.42,163,97,66
4197,1009672,98.019801980198,100,96,101,51,50
4198,1009677,100,100,100,129,96,33
4199,1009687,97.8273369565218,95.77,99.12,184,71,113
4200,1009744,100,100,100,218,98,120
4201,1009797,99.0501428571428,100,98.17,210,101,109
4202,1009834,100,100,100,181,101,80
4203,1009920,100,100,100,205,100,105
4204,1010184,100,100,100,210,102,108
4205,1010346,97.7909392265193,100,95.24,181,97,84
4206,1010409,100,100,100,183,72,111
4207,1010637,100,100,100,144,54,90
4208,1010643,99.3349333333333,98.84,100,150,86,64
4209,1010742,98.9161413043478,98.88,98.95,184,89,95
4210,1010771,98.9130434782609,98.78,99.02,184,82,102
4211,1010783,100,100,100,183,84,99
4212,1011126,99.4387078651685,100,99.03,178,75,103
4213,1011147,98.3983422459893,97.5,99.07,187,80,107
4214,1011372,99.0039800995025,97.8,100,201,91,110
4215,1011410,99.5076470588235,98.92,100,204,93,111
4216,1011450,98.9403174603175,98.96,98.92,189,96,93
4217,1011488,98.9932663316583,100,98.11,199,93,106
4218,1011699,100,100,100,204,95,109
4219,1011871,96.7401086956522,95.56,97.87,184,90,94
4220,1012575,98.8503448275862,98.61,99.02,174,72,102
4221,1012922,99.4857435897436,98.91,100,195,92,103
4222,1012961,99.3380132450331,100,98.53,151,83,68
4223,1013220,98.3598360655738,100,96.55,183,96,87
4224,1013400,99.4578804347826,100,98.67,184,109,75
4225,1013779,100,100,100,188,81,107
4226,1013938,98.8712429378531,98.78,98.95,177,82,95
4227,1014076,99.4607567567568,98.84,100,185,86,99
4228,1014109,100,100,100,185,95,90
4229,1014368,99.4820725388601,99.02,100,193,102,91
4230,1014412,98.9059016393443,100,97.87,183,89,94
4231,1014540,100,100,100,170,76,94
4232,1014648,99.4625806451613,100,98.98,186,88,98
4233,1014784,98.39,98.39,98.39,124,62,62
4234,1014871,94.5338797814208,90.24,98.02,183,82,101
4235,1015146,99.2138582677165,100,96.88,127,95,32
4236,1015331,98.1040506329114,96.23,99.05,158,53,105
4237,1015734,97.2398342541436,100,94.51,181,90,91
4238,1016007,100,100,100,197,85,112
4239,1016246,100,100,100,179,98,81
4240,1016279,98.970412371134,98.89,99.04,194,90,104
4241,1016538,98.3898924731183,97.3,99.11,186,74,112
4242,1016899,99.449010989011,100,98.91,182,90,92
4243,1017044,95.9546242774567,98.75,93.55,173,80,93
4244,1017089,99.5169565217391,98.99,100,207,99,108
4245,1017296,99.4234482758621,98.68,100,174,76,98
4246,1017425,100,100,100,183,87,96
4247,1018204,98.3424309392265,97.98,98.78,181,99,82
4248,1018479,93.3780132450331,98.88,85.48,151,89,62
4249,1018764,98.2746551724138,98.18,98.36,116,55,61
4250,1018768,98.1656880733945,96.88,98.7,109,32,77
4251,1018909,96.9856626506024,97.67,96.25,166,86,80
4252,1019059,98.1613496932515,96.3,100,163,81,82
4253,1019073,96.6686666666667,90.32,98.88,120,31,89
4254,1019092,99.4632258064516,98.96,100,186,96,90
4255,1019170,98.1901807228916,97.7,98.73,166,87,79
4256,1019197,99.35,98.7,100,154,77,77
4257,1019307,99.2054761904762,98.59,100,126,71,55
4258,1019337,97.1842253521127,91.67,100,142,48,94
4259,1019599,99.3033333333333,100,98.68,144,68,76
4260,1020132,97.8852112676056,95.71,100,142,70,72
4261,1020573,91.0710714285714,96,81.08,112,75,37
4262,1020797,100,100,100,143,70,73
4263,1020980,91.1274193548387,88.33,93.75,124,60,64
4264,1021088,93.4306569343066,87.3,98.65,137,63,74
4265,1021162,92.80208,91.67,94.34,125,72,53
4266,1021212,98.037908496732,96.05,100,153,76,77
4267,1021362,95.775,98.59,92.96,142,71,71
4268,1022628,99.4275862068966,98.8,100,174,83,91
4269,1022981,100,100,100,145,62,83
4270,1023200,99.3072222222222,98.84,100,144,86,58
4271,1023302,100,100,100,154,78,76
4272,1023317,100,100,100,147,85,62
4273,1023519,99.205,98.11,100,126,53,73
4274,1023719,100,100,100,155,90,65
4275,1024218,99.4021556886228,98.72,100,167,78,89
4276,1024231,98.0776923076923,98.75,97.37,156,80,76
4277,1024459,95.1527272727273,97.78,92,165,90,75
4278,1024523,98.8080357142857,97.33,100,168,75,93
4279,1024534,98.0915286624204,97.78,98.51,157,90,67
4280,1024565,97.795,96.43,100,136,84,52
4281,1025540,98.8815642458101,98.92,98.84,179,93,86
4282,1025618,98.8114285714286,98.85,98.77,168,87,81
4283,1026163,100,100,100,157,86,71
4284,1026597,99.2513432835821,98.48,100,134,66,68
4285,1026719,99.4706878306878,100,98.78,189,107,82
4286,1026743,96.27,92.75,98.91,161,69,92
4287,1026783,94.9387341772152,97.09,90.91,158,103,55
4288,1026956,98.5153465346535,98.2,98.9,202,111,91
4289,1027684,98.5794786729858,99.13,97.92,211,115,96
4290,1028022,99.433220338983,100,98.86,177,89,88
4291,1028313,98.9251612903226,97.96,100,186,98,88
4292,1028333,98.5555769230769,98,99.07,208,100,108
4293,1028834,97.9279310344828,98,97.89,145,50,95
4294,1028845,99.4446666666667,98.81,100,180,84,96
4295,1029103,100,100,100,173,84,89
4296,1029163,100,100,100,180,88,92
4297,1029505,100,100,100,137,80,57
4298,1029616,98.94,98.94,98.94,188,94,94
4299,1029838,99.4026347305389,98.84,100,167,86,81
4300,1030661,99.4053571428571,100,98.89,168,78,90
4301,1030907,100,100,100,171,80,91
4302,1030928,99.3370860927152,100,98.57,151,81,70
4303,1031413,93.6725316455696,86.49,100,158,74,84
4304,1031511,95.4002298850575,95.12,95.65,174,82,92
4305,1031823,98.8671590909091,98.95,98.77,176,95,81
4306,1032307,99.3380132450331,100,98.53,151,83,68
4307,1032727,99.3739375,98.41,100,160,63,97
4308,1032773,100,100,100,177,92,85
4309,1033049,98.5400729927007,98.89,97.87,137,90,47
4310,1033369,99.3992814371258,98.48,100,167,66,101
4311,1033380,100,100,100,152,74,78
4312,1033425,100,100,100,181,94,87
4313,1033606,98.0535064935065,98.95,96.61,154,95,59
4314,1033647,98.4720408163265,99.04,97.83,196,104,92
4315,1033794,97.5170807453416,100,93.85,161,96,65
4316,1034079,100,100,100,135,39,96
4317,1034275,100,100,100,174,80,94
4318,1034329,99.4847422680412,100,99.02,194,92,102
4319,1034445,98.4505426356589,100,94.74,129,91,38
4320,1034548,99.434802259887,98.78,100,177,82,95
4321,1034824,100,100,100,192,91,101
4322,1034872,100,100,100,162,68,94
4323,1034928,100,100,100,142,42,100
4324,1034949,99.4480110497238,100,98.97,181,84,97
4325,1035027,99.3896341463415,98.46,100,164,65,99
4326,1035297,100,100,100,193,99,94
4327,1035495,100,100,100,199,104,95
4328,1035651,98.9477894736842,100,97.62,190,106,84
4329,1035705,100,100,100,192,91,101
4330,1036607,100,100,100,186,105,81
4331,1036827,100,100,100,204,111,93
4332,1036969,100,100,100,209,112,97
4333,1036993,99.0079207920792,98.33,100,202,120,82
4334,1037085,97.849247311828,98.98,96.59,186,98,88
4335,1037344,99.0075247524752,98.21,100,202,112,90
4336,1037692,94.6414285714286,93.75,95.83,168,96,72
4337,1038343,99.5180676328502,100,98.84,207,121,86
4338,1038572,100,100,100,191,109,82
4339,1038619,99.5093137254902,100,98.7,204,127,77
4340,1039165,100,100,100,148,64,84
4341,1039171,100,100,100,151,114,37
4342,1039347,98.6379591836735,97.18,100,147,71,76
4343,1039365,98.8107142857143,98.84,98.78,168,86,82
4344,1039389,99.3402631578947,98.91,100,152,92,60
4345,1039488,100,100,100,194,112,82
4346,1039566,100,100,100,182,109,73
4347,1040091,99.3806832298137,100,98.31,161,102,59
4348,1040256,100,100,100,161,79,82
4349,1040626,98.3246927374302,96.94,100,179,98,81
4350,1041047,99.3949090909091,99.04,100,165,104,61
4351,1041112,100,100,100,181,107,74
4352,1041391,96.7330718954248,100,92.19,153,89,64
4353,1041505,100,100,100,175,94,81
4354,1042285,97.9030769230769,100,89.66,143,114,29
4355,1042327,100,100,100,194,115,79
4356,1042409,98.9512041884817,99.08,98.78,191,109,82
4357,1042531,99.4028571428571,100,98.86,168,80,88
4358,1042544,100,100,100,157,85,72
4359,1042604,98.936170212766,98,100,188,100,88
4360,1043200,99.4573913043478,99.04,100,184,104,80
4361,1043222,100,100,100,192,101,91
4362,1043497,99.3650632911392,100,98.48,158,92,66
4363,1043761,100,100,100,184,99,85
4364,1043798,99.4279428571429,100,98.59,175,104,71
4365,1043939,98.8885,100,97.53,180,99,81
4366,1043972,100,100,100,182,91,91
4367,1044080,99.4709523809524,99.01,100,189,101,88
4368,1044124,100,100,100,178,91,87
4369,1044154,99.217890625,100,97.87,128,81,47
4370,1044158,98.2615652173913,95.92,100,115,49,66
4371,1044320,99.37325,100,98.91,160,68,92
4372,1044327,100,100,100,142,100,42
4373,1044434,99.3013986013986,100,98.15,143,89,54
4374,1045042,98.7243312101911,98.92,98.44,157,93,64
4375,1045296,100,100,100,142,71,71
4376,1045507,99.3413815789474,98.59,100,152,71,81
4377,1045621,100,100,100,171,98,73
4378,1046114,100,100,100,175,91,84
4379,1046677,100,100,100,190,89,101
4380,1046716,99.4902551020408,100,98.97,196,99,97
4381,1046902,99.2750724637681,100,97.56,138,97,41
4382,1047109,100,100,100,185,98,87
4383,1047178,98.8460115606936,98.81,98.88,173,84,89
4384,1047640,100,100,100,161,90,71
4385,1047754,99.46,100,98.89,185,95,90
4386,1047862,100,100,100,148,59,89
4387,1048164,97.029702970297,87.5,100,101,24,77
4388,1048524,99.410650887574,98.8,100,169,83,86
4389,1049202,100,100,100,111,46,65
4390,1049210,99.2472932330827,100,98.59,133,62,71
4391,1050565,98.3598360655738,100,97.1,122,53,69
4392,1051137,94.9494949494949,87.5,100,99,40,59
4393,1051807,100,100,100,135,67,68
4394,1052569,100,100,100,143,68,75
4395,1052961,98.4630769230769,100,96.3,130,76,54
4396,1053705,97.6629824561403,97.44,97.85,171,78,93
4397,1053764,100,100,100,182,84,98
4398,1053974,99.4021556886228,100,98.96,167,71,96
4399,1054364,100,100,100,148,95,53
4400,1054505,99.2332307692308,98.88,100,130,89,41
4401,1054815,100,100,100,195,93,102
4402,1055139,99.4829896907216,98.82,100,194,85,109
4403,1055423,100,100,100,177,98,79
4404,1055505,97.6879768786127,98.91,96.3,173,92,81
4405,1055591,97.7511235955056,97.7,97.8,178,87,91
4406,1055609,98.8970718232044,98.77,99,181,81,100
4407,1055639,99.4431284916201,98.88,100,179,89,90
4408,1055649,100,100,100,157,91,66
4409,1055727,99.3601282051282,97.83,100,156,46,110
4410,1055832,99.4097633136095,98.67,100,169,75,94
4411,1056642,98.3660869565217,98.92,97.8,184,93,91
4412,1057087,99.0016,97.92,100,200,96,104
4413,1057703,100,100,100,177,87,90
4414,1058048,97.7534831460674,98.75,96.94,178,80,98
4415,1058198,97.8900704225352,98.8,96.61,142,83,59
4416,1058526,99.4325423728813,100,98.92,177,84,93
4417,1059032,100,100,100,174,70,104
4418,1059122,99.2798561151079,100,98.46,139,74,65
4419,1059269,97.2409392265193,94.67,99.06,181,75,106
4420,1059530,100,100,100,200,94,106
4421,1059847,100,100,100,171,84,87
4422,1059986,100,100,100,167,99,68
4423,1060061,100,100,100,190,86,104
4424,1060627,99.4547826086957,98.86,100,184,88,96
4425,1060648,100,100,100,193,92,101
4426,1060735,99.4555191256831,98.94,100,183,94,89
4427,1060859,99.301958041958,97.83,100,143,46,97
4428,1061168,100,100,100,121,24,97
4429,1061174,100,100,100,154,97,57
4430,1061212,100,100,100,176,88,88
4431,1061576,100,100,100,154,70,84
4432,1062169,100,100,100,153,87,66
4433,1062180,95.6200729927007,94.59,96.83,137,74,63
4434,1062647,99.2304615384615,98.36,100,130,61,69
4435,1062743,100,100,100,123,69,54
4436,1062882,98.4251181102362,98.44,98.41,127,64,63
4437,1062978,97.6365354330709,100,94.64,127,71,56
4438,1063146,100,100,100,112,59,53
4439,1063285,99.2222480620155,98.73,100,129,79,50
4440,1063321,97.6354330708661,95.38,100,127,65,62
4441,1063554,99.16,98.53,100,119,68,51
4442,1063578,100,100,100,128,74,54
4443,1063725,99.0663551401869,100,97.3,107,70,37
4444,1064277,86.7933962264151,87.93,85.42,106,58,48
4445,1064786,94.0024,95.92,92.16,100,49,51
4446,1064853,89.4151764705882,91.67,86.49,85,48,37
4447,1065153,92.7110416666667,90.57,95.35,96,53,43
4448,1066041,100,100,100,122,58,64
4449,1066321,98.645945945946,98.68,98.61,148,76,72
4450,1066477,99.2791366906475,100,98.33,139,79,60
4451,1069259,98.1363975155279,98.96,96.92,161,96,65
4452,1069556,99.3281879194631,98.9,100,149,91,58
4453,1069640,92.4718279569893,95.08,87.5,93,61,32
4454,1069669,100,100,100,159,101,58
4455,1069896,98.4246456692913,100,94.87,127,88,39
4456,1070340,99.3875609756098,98.92,100,164,93,71
4457,1070558,99.2585185185185,98.18,100,135,55,80
4458,1070795,99.3470588235294,100,98.65,153,79,74
4459,1071037,100,100,100,159,109,50
4460,1071139,99.37,100,98.11,159,106,53
4461,1071181,99.3629936305732,98.63,100,157,73,84
4462,1071440,99.4730158730159,100,98.8,189,106,83
4463,1071972,100,100,100,183,113,70
4464,1072049,99.329932885906,98.08,100,149,52,97
4465,1072664,100,100,100,202,111,91
4466,1072753,100,100,100,175,92,83
4467,1072802,100,100,100,201,105,96
4468,1072822,98.9133152173913,97.85,100,184,93,91
4469,1073079,99.4692063492063,100,98.86,189,101,88
4470,1073401,99.5002,99.02,100,200,102,98
4471,1073769,98.125875,94.83,100,160,58,102
4472,1073809,100,100,100,181,82,99
4473,1074371,98.4706122448979,99.07,97.75,196,107,89
4474,1074521,96.3518248175182,89.8,100,137,49,88
4475,1074714,95.3324666666667,86.79,100,150,53,97
4476,1075094,98.8957458563536,98.81,98.97,181,84,97
4477,1075113,99.487641025641,99.03,100,195,103,92
4478,1075770,99.0544075829384,98.28,100,211,116,95
4479,1075863,100,100,100,206,107,99
4480,1076345,99.5086206896552,99.05,100,203,105,98
4481,1076439,100,100,100,187,83,104
4482,1076517,96.1838167938931,87.88,98.98,131,33,98
4483,1077014,100,100,100,217,113,104
4484,1077053,100,100,100,211,107,104
4485,1077134,100,100,100,223,119,104
4486,1077626,100,100,100,196,107,89
4487,1077642,100,100,100,177,95,82
4488,1077737,98.8375581395349,98.78,98.89,172,82,90
4489,1077747,100,100,100,177,92,85
4490,1077758,100,100,100,195,101,94
4491,1078152,100,100,100,178,116,62
4492,1078599,98.5911971830986,98.25,98.82,142,57,85
4493,1078805,100,100,100,196,104,92
4494,1079385,98.6294520547945,96.55,100,146,58,88
4495,1079536,98.6389115646259,100,96.72,147,86,61
4496,1079818,100,100,100,191,91,100
4497,1079899,98.9750769230769,99.1,98.81,195,111,84
4498,1079959,99.5283886255924,99.07,100,211,107,104
4499,1080139,100,100,100,232,120,112
4500,1080197,100,100,100,219,109,110
4501,1080607,100,100,100,193,89,104
4502,1081586,100,100,100,216,121,95
4503,1081598,100,100,100,187,106,81
4504,1081796,99.02,100,97.62,204,120,84
4505,1082447,99.4909644670051,100,98.91,197,105,92
4506,1082582,100,100,100,207,113,94
4507,1082817,99.3605128205128,98.84,100,156,86,70
4508,1082940,99.4738947368421,98.98,100,190,98,92
4509,1083084,99.4618279569893,100,98.9,186,95,91
4510,1083102,99.454043715847,100,98.97,183,86,97
4511,1083333,99.4391011235955,100,98.96,178,82,96
4512,1083565,100,100,100,155,77,78
4513,1083632,99.440782122905,98.9,100,179,91,88
4514,1084022,100,100,100,166,91,75
4515,1084145,98.2133333333333,98.91,97.37,168,92,76
4516,1084345,99.4586956521739,100,98.8,184,101,83
4517,1084496,98.7653086419753,97.26,100,162,73,89
4518,1084769,99.3384105960265,98.65,100,151,74,77
4519,1084923,93.1648447204969,98.82,86.84,161,85,76
4520,1084985,99.3584615384615,98.61,100,156,72,84
4521,1085289,100,100,100,159,87,72
4522,1085535,100,100,100,129,84,45
4523,1085623,99.3833333333333,98.89,100,162,90,72
4524,1085985,99.2660294117647,100,97.83,136,90,46
4525,1086403,98.5497101449275,98.7,98.36,138,77,61
4526,1086542,95.4517272727273,98.11,92.98,110,53,57
4527,1086699,94.0338805970149,90.67,98.31,134,75,59
4528,1087089,100,100,100,126,78,48
4529,1087197,99.1795081967213,98.57,100,122,70,52
4530,1087478,100,100,100,88,41,47
4531,1088502,97.98,98.36,97.37,99,61,38
4532,1088631,94.4416666666667,96.15,90,72,52,20
4533,1088784,93.1509589041096,100,61.54,73,60,13
4534,1088859,100,100,100,81,56,25
4535,1088898,97.8278260869565,98.08,97.5,92,52,40
4536,1089378,97.7010344827586,96.61,100,87,59,28
4537,1089756,98.057572815534,96.49,100,103,57,46
4538,1090784,100,100,100,85,66,19
4539,1090899,98.21375,98.57,97.62,112,70,42
4540,1091042,97.752808988764,98.15,97.14,89,54,35
4541,1091219,96.7395652173913,96,97.62,92,50,42
4542,1091312,96.5097674418605,96.15,97.06,86,52,34
4543,1091414,97.3673684210526,97.5,97.22,76,40,36
4544,1091441,98.7939759036145,98.18,100,83,55,28
4545,1091528,98.7638271604938,100,96.77,81,50,31
4546,1092491,83.5779104477612,87.8,76.92,67,41,26
4547,1092847,85.2454098360656,91.43,76.92,61,35,26
4548,1092995,87.7166666666667,86.84,89.47,57,38,19
4549,1093729,96.1553846153846,91.67,100,52,24,28
4550,1093879,98.6283561643836,100,96.77,73,42,31
4551,1094136,97.4042857142857,97.73,96.97,77,44,33
4552,1094247,98.5707142857143,100,96.55,70,41,29
4553,1095499,100,100,100,66,39,27
4554,1095788,98.7666666666667,100,97.3,81,44,37
4555,1096024,89.8547826086956,93.02,84.62,69,43,26
4556,1096263,95.3482558139535,100,91.11,86,41,45
4557,1096555,91.9207070707071,92.31,91.49,99,52,47
4558,1097834,94.2871428571429,100,86.67,105,60,45
4559,1098052,99.2415909090909,100,98.59,132,61,71
4560,1098987,100,100,100,128,49,79
4561,1098994,99.1528813559322,100,98.04,118,67,51
4562,1099080,98.6215862068966,100,97.47,145,66,79
4563,1099159,98.4480620155039,100,96.36,129,74,55
4564,1099230,99.2494736842105,100,98.39,133,71,62
4565,1099701,96.05,93.42,98.68,152,76,76
4566,1099962,100,100,100,147,70,77
4567,1100004,100,100,100,165,77,88
4568,1100200,96.051052631579,100,92.68,152,70,82
4569,1100257,97.9318620689655,95.59,100,145,68,77
4570,1100449,95.8356666666667,93.48,97.3,120,46,74
4571,1101128,100,100,100,122,61,61
4572,1101175,99.1588235294118,100,98.18,119,64,55
4573,1101777,91.0860396039604,92.45,89.58,101,53,48
4574,1101969,96.998,98.33,95,100,60,40
4575,1102324,98.9778571428571,100,98.11,98,45,53
4576,1102670,100,100,100,86,35,51
4577,1102709,100,100,100,91,43,48
4578,1102858,98.8998901098901,100,97.87,91,44,47
4579,1103150,97.499,100,95.12,80,39,41
4580,1103221,88.3150649350649,97.44,78.95,77,39,38
4581,1104231,97.6751162790698,97.56,97.78,86,41,45
4582,1104718,97.873829787234,97.78,97.96,94,45,49
4583,1104757,100,100,100,95,47,48
4584,1105208,90.7,95.35,86.05,86,43,43
4585,1105504,98.9462105263158,100,97.87,95,48,47
4586,1106034,100,100,100,118,59,59
4587,1106968,99.1853658536585,100,98.33,123,63,60
4588,1107112,99.2125984251968,100,98.75,127,47,80
4589,1107285,99.202,100,98.67,125,50,75
4590,1107424,100,100,100,130,60,70
4591,1107517,100,100,100,102,40,62
4592,1107654,94.564347826087,100,86.84,92,54,38
4593,1107667,89.7763636363636,84.38,92.86,88,32,56
4594,1108109,100,100,100,106,48,58
4595,1109273,94.6670666666667,96.55,93.48,75,29,46
4596,1109278,80.6980701754386,97.67,28.57,57,43,14
4597,1109518,96.1908571428572,90.91,100,105,44,61
4598,1109749,99.1748760330579,98.44,100,121,64,57
4599,1109911,98.1313084112149,100,95.35,107,64,43
4600,1110193,99.2555970149254,100,98.67,134,59,75
4601,1110305,99.1843089430894,100,98.73,123,44,79
4602,1110314,96.66975,95.24,98.25,120,63,57
4603,1110323,96.85,91.11,100,127,45,82
4604,1110443,100,100,100,145,66,79
4605,1110821,99.3027272727273,98.31,100,143,59,84
4606,1111089,100,100,100,158,72,86
4607,1111173,99.2292307692308,100,98.33,130,70,60
4608,1111289,100,100,100,128,53,75
4609,1111448,97.1004347826087,97.37,96.77,138,76,62
4610,1111601,100,100,100,153,77,76
4611,1111973,100,100,100,141,91,50
4612,1112265,95.4908270676692,89.66,100,133,58,75
4613,1112892,99.3729375,100,98.73,160,81,79
4614,1112936,100,100,100,149,87,62
4615,1113014,100,100,100,166,77,89
4616,1113057,99.3811801242236,100,98.77,161,80,81
4617,1113249,100,100,100,142,82,60
4618,1113273,100,100,100,143,52,91
4619,1113729,100,100,100,149,69,80
4620,1113736,97.9177777777778,97.5,98.44,144,80,64
4621,1113777,94.7403759398496,97.3,91.53,133,74,59
4622,1114460,100,100,100,168,81,87
4623,1114583,99.2135433070866,100,97.73,127,83,44
4624,1114604,99.4026347305389,100,98.84,167,81,86
4625,1114622,98.6598657718121,100,97.44,149,71,78
4626,1114642,100,100,100,131,63,68
4627,1114703,100,100,100,156,70,86
4628,1115156,99.2379389312977,100,98.51,131,64,67
4629,1115441,96.43,89.8,100,140,49,91
4630,1115983,99.1216666666667,96.77,100,114,31,83
4631,1116251,100,100,100,160,81,79
4632,1116916,97.37,97.37,97.37,152,76,76
4633,1117150,99.4234482758621,98.86,100,174,88,86
4634,1117177,100,100,100,172,84,88
4635,1117246,99.1731404958678,96.55,100,121,29,92
4636,1117797,98.8110119047619,97.65,100,168,85,83
4637,1117846,98.5406569343066,98.51,98.57,137,67,70
4638,1117937,98.0780769230769,98.67,97.53,156,75,81
4639,1118105,99.271897810219,100,98.25,137,80,57
4640,1118691,98.6036363636364,100,97.44,143,65,78
4641,1118715,98.5964084507042,98.31,98.8,142,59,83
4642,1119326,71.7645882352941,72.22,71.43,85,36,49
4643,1119331,51.0175510204082,53.12,47.06,49,32,17
4644,1119849,99.1709090909091,100,98.48,121,55,66
4645,1120120,100,100,100,115,46,69
4646,1120344,99.2884397163121,100,98.73,141,62,79
4647,1120575,99.32,100,98.81,147,63,84
4648,1122152,100,100,100,155,67,88
4649,1122350,100,100,100,153,57,96
4650,1122579,95.6802158273381,95.65,95.71,139,69,70
4651,1122942,98.2145238095238,98.68,97.83,168,76,92
4652,1123242,98.1391925465839,96.88,98.97,161,64,97
4653,1123582,100,100,100,171,70,101
4654,1124034,96.3869879518072,98.53,94.9,166,68,98
4655,1124392,99.3388079470199,100,98.72,151,73,78
4656,1124976,100,100,100,167,72,95
4657,1125210,100,100,100,180,80,100
4658,1125229,98.3083050847458,98.53,98.17,177,68,109
4659,1125635,100,100,100,180,80,100
4660,1126097,98.95609375,98.92,98.99,192,93,99
4661,1126431,99.5061881188119,98.95,100,202,95,107
4662,1126674,100,100,100,196,100,96
4663,1127272,98.0581067961165,96.33,100,206,109,97
4664,1127430,100,100,100,194,104,90
4665,1127703,98.9856852791878,98.06,100,197,103,94
4666,1128166,100,100,100,224,95,129
4667,1128259,99.1217543859649,99.08,99.16,228,109,119
4668,1128469,100,100,100,244,105,139
4669,1128547,99.5396313364055,98.89,100,217,90,127
4670,1128571,99.5871604938272,99.12,100,243,114,129
4671,1129418,94.4726130653266,94,94.95,199,100,99
4672,1129730,98.2206666666667,97.27,99.13,225,110,115
4673,1129762,98.5912676056338,98.26,98.98,213,115,98
4674,1129780,98.0289162561576,99.13,96.59,203,115,88
4675,1129811,99.5907818930041,99.12,100,243,113,130
4676,1129834,99.176049382716,99.1,99.24,243,111,132
4677,1129869,100,100,100,241,108,133
4678,1130117,96.9120704845815,95.6,97.79,227,91,136
4679,1130352,100,100,100,231,102,129
4680,1130420,98.6517117117117,98.94,98.44,222,94,128
4681,1130432,99.5284507042253,100,99.07,213,105,108
4682,1130835,99.5657205240175,100,99.15,229,112,117
4683,1131325,100,100,100,237,107,130
4684,1131879,100,100,100,247,109,138
4685,1132087,98.9776530612245,100,97.67,196,110,86
4686,1132139,99.115,100,98.23,226,113,113
4687,1132157,100,100,100,200,68,132
4688,1132469,100,100,100,203,63,140
4689,1132497,100,100,100,223,110,113
4690,1132988,99.19936,100,98.61,125,53,72
4691,1133039,99.0709302325581,98.99,99.14,215,99,116
4692,1133058,98.6728318584071,98.11,99.17,226,106,120
4693,1133223,99.4566120218579,100,99.12,183,70,113
4694,1133433,98.46,96.15,100,195,78,117
4695,1133670,99.0046766169154,98.82,99.14,201,85,116
4696,1133696,99.1098660714286,100,98.43,224,97,127
4697,1133753,99.0639252336449,99,99.12,214,100,114
4698,1133806,99.5209615384615,100,99.06,208,102,106
4699,1134124,100,100,100,168,76,92
4700,1134250,100,100,100,190,72,118
4701,1134388,100,100,100,208,93,115
4702,1134501,100,100,100,223,103,120
4703,1134732,99.4992964824121,100,99.06,199,93,106
4704,1134747,97.1275862068966,100,94.05,174,90,84
4705,1134856,100,100,100,216,101,115
4706,1135096,100,100,100,141,41,100
4707,1135146,99.4510989010989,100,98.89,182,92,90
4708,1135480,99.4875510204081,98.92,100,196,93,103
4709,1135766,100,100,100,199,101,98
4710,1136344,100,100,100,197,97,100
4711,1136766,100,100,100,162,93,69
4712,1137201,100,100,100,162,94,68
4713,1137304,100,100,100,193,94,99
4714,1137374,100,100,100,195,97,98
4715,1137453,100,100,100,192,90,102
4716,1137890,98.8513793103448,98.81,98.89,174,84,90
4717,1138209,98.4206315789474,97.98,98.9,190,99,91
4718,1138820,96.4810552763819,95.28,97.85,199,106,93
4719,1138877,99.1861788617886,97.14,100,123,35,88
4720,1138882,98.6125,98.41,98.77,144,63,81
4721,1138919,98.43546875,98.13,98.82,192,107,85
4722,1138976,98.3434806629834,99.02,97.47,181,102,79
4723,1138985,98.4632307692308,98.99,97.92,195,99,96
4724,1139185,99.3963855421687,98.33,100,166,60,106
4725,1139246,100,100,100,197,99,98
4726,1139416,98.7883636363636,100,97.62,165,81,84
4727,1139738,99.4819170984456,100,99.01,193,92,101
4728,1140157,100,100,100,168,67,101
4729,1140829,99.44,100,98.88,178,89,89
4730,1140862,98.8778651685393,98.65,99.04,178,74,104
4731,1141041,89.8191616766467,94.68,83.56,167,94,73
4732,1141615,100,100,100,198,85,113
4733,1141837,98.8877777777778,97.14,100,180,70,110
4734,1142547,100,100,100,189,83,106
4735,1142937,97.7382485875706,98.91,96.47,177,92,85
4736,1143088,98.9308021390374,98.9,98.96,187,91,96
4737,1143544,98.0979746835443,97.14,98.86,158,70,88
4738,1143556,98.2597674418605,97.44,98.94,172,78,94
4739,1143580,100,100,100,182,86,96
4740,1144057,97.1715819209039,95.29,98.91,177,85,92
4741,1144632,98.751875,98.7,98.8,160,77,83
4742,1144665,98.3053107344633,98.84,97.8,177,86,91
4743,1144849,99.4061904761905,100,98.84,168,82,86
4744,1145238,100,100,100,171,86,85
4745,1145669,100,100,100,157,80,77
4746,1145715,99.2851428571429,100,98.61,140,68,72
4747,1146092,98.8413953488372,98.8,98.88,172,83,89
4748,1146410,98.6688,96.88,100,150,64,86
4749,1146825,99.3826543209877,98.63,100,162,73,89
4750,1146879,100,100,100,129,63,66
4751,1147146,93.6711392405063,85,98.98,158,60,98
4752,1147333,97.1830985915493,96.15,97.78,142,52,90
4753,1148984,97.2834782608696,100,94.32,184,96,88
4754,1149126,100,100,100,176,86,90
4755,1149198,98.5904225352113,95.83,100,142,48,94
4756,1149207,98.8830167597765,98.82,98.94,179,85,94
4757,1149567,100,100,100,147,75,72
4758,1150802,98.8163905325444,97.59,100,169,83,86
4759,1151144,99.3499350649351,100,98.59,154,83,71
4760,1152281,96.0303968253968,93.02,97.59,126,43,83
4761,1152326,99.3537419354839,98.41,100,155,63,92
4762,1153017,100,100,100,177,73,104
4763,1153068,97.3911304347826,91.67,98.9,115,24,91
4764,1153163,91.86,94.19,89.53,172,86,86
4765,1153175,93.298156424581,90.48,95.79,179,84,95
4766,1153346,98.8435260115607,98.59,99.02,173,71,102
4767,1153546,100,100,100,185,88,97
4768,1153877,100,100,100,172,85,87
4769,1154295,100,100,100,167,79,88
4770,1154344,99.4567391304348,98.98,100,184,98,86
4771,1155419,98.3471074380165,95,100,121,40,81
4772,1155428,98.3241899441341,96.97,100,179,99,80
4773,1155593,100,100,100,195,95,100
4774,1156702,97.565487804878,98.77,96.39,164,81,83
4775,1156931,100,100,100,170,76,94
4776,1156994,99.428,98.7,100,175,77,98
4777,1157282,99.4005988023952,98.7,100,167,77,90
4778,1157369,100,100,100,171,83,88
4779,1157704,96.572,98.57,95.24,175,70,105
4780,1158061,98.0372549019608,100,96.1,153,76,77
4781,1158247,97.1408571428571,93.75,98.91,140,48,92
4782,1158331,99.5002,100,99.02,200,98,102
4783,1158721,100,100,100,190,84,106
4784,1158766,100,100,100,187,90,97
4785,1158796,99.5381944444444,99.05,100,216,105,111
4786,1158892,100,100,100,201,96,105
4787,1158943,100,100,100,183,93,90
4788,1159007,99.4299431818182,98.73,100,176,79,97
4789,1159175,100,100,100,177,72,105
4790,1159512,100,100,100,186,86,100
4791,1159989,100,100,100,189,96,93
4792,1160143,100,100,100,171,81,90
4793,1160157,100,100,100,172,91,81
4794,1160632,98.7928915662651,98.73,98.85,166,79,87
4795,1160679,99.4258620689655,98.89,100,174,90,84
4796,1160787,100,100,100,182,89,93
4797,1161172,97.6323076923077,97.18,97.96,169,71,98
4798,1161204,99.4614054054054,100,98.94,185,91,94
4799,1161229,100,100,100,154,55,99
4800,1161276,100,100,100,178,82,96
4801,1161927,100,100,100,175,81,94
4802,1161955,100,100,100,176,89,87
4803,1162008,98.9255376344086,98.95,98.9,186,95,91
4804,1162080,100,100,100,175,90,85
4805,1162140,98.2980113636363,97.85,98.8,176,93,83
4806,1162800,99.4935353535354,98.91,100,198,92,106
4807,1162834,98.04,97,99.04,204,100,104
4808,1163417,100,100,100,207,97,110
4809,1163669,100,100,100,207,93,114
4810,1164026,99.4017964071856,98.89,100,167,90,77
4811,1164207,98.7247770700637,99.09,97.87,157,110,47
4812,1164239,100,100,100,216,102,114
4813,1164279,100,100,100,176,72,104
4814,1164419,98.1558064516129,99.07,97.25,217,108,109
4815,1164507,98.2374705882353,96.39,100,170,83,87
4816,1164639,100,100,100,198,95,103
4817,1164737,99.5169082125604,100,99,207,107,100
4818,1164753,99.0269417475728,97.89,100,206,95,111
4819,1164920,100,100,100,140,49,91
4820,1164977,98.543786407767,97.17,100,206,106,100
4821,1165061,99.0946153846154,98.13,100,221,107,114
4822,1165401,99.02,97.96,100,204,98,106
4823,1165450,98.2341176470588,100,96.84,170,75,95
4824,1165516,99.4288,99.02,100,175,102,73
4825,1165894,87.9197315436242,92.22,81.36,149,90,59
4826,1166203,99.3705660377359,98.61,100,159,72,87
4827,1166347,99.5134146341463,98.95,100,205,95,110
4828,1166887,98.8618181818182,98.68,99,176,76,100
4829,1166910,99.2261240310078,98.51,100,129,67,62
4830,1167004,98.868813559322,98.48,99.1,177,66,111
4831,1167166,98.4930653266332,96.43,100,199,84,115
4832,1167448,99.5196634615385,100,99.03,208,105,103
4833,1167932,99.4041666666667,98.7,100,168,77,91
4834,1168047,99.4582608695652,98.88,100,184,89,95
4835,1168077,100,100,100,152,51,101
4836,1168091,100,100,100,194,98,96
4837,1168285,100,100,100,196,95,101
4838,1168474,97.5606097560976,98.84,96.15,164,86,78
4839,1168605,98.50135,99.03,97.94,200,103,97
4840,1168904,79.021048951049,51.72,97.65,143,58,85
4841,1168993,98.5916901408451,96.97,100,142,66,76
4842,1168999,95.3238596491228,93.46,98.44,171,107,64
4843,1169023,84.7287684729064,84.4,85.11,203,109,94
4844,1169216,97.1274712643678,100,92.54,174,107,67
4845,1169565,98.9001098901099,99.09,98.61,182,110,72
4846,1170058,100,100,100,186,91,95
4847,1170106,100,100,100,194,113,81
4848,1170141,100,100,100,191,98,93
4849,1170367,99.451912568306,98.82,100,183,85,98
4850,1170525,99.505396039604,100,99.03,202,99,103
4851,1170705,94.8250574712644,91.3,98.78,174,92,82
4852,1170741,97.518198757764,96.91,98.44,161,97,64
4853,1170800,99.5189903846154,99.13,100,208,115,93
4854,1170821,98.5784834123223,98.26,98.96,211,115,96
4855,1170840,97.5470588235294,97.39,97.75,204,115,89
4856,1170977,99.0322222222222,99.13,98.91,207,115,92
4857,1171118,99.3720754716981,100,98.08,159,107,52
4858,1171151,99.472,100,98.68,190,114,76
4859,1171298,99.5178846153846,99.08,100,208,109,99
4860,1171341,91.4295714285714,64.71,100,140,34,106
4861,1171452,99.4041071428571,98.59,100,168,71,97
4862,1171560,98.9206486486487,98.08,100,185,104,81
4863,1171689,100,100,100,185,115,70
4864,1171842,98.3536813186813,97.85,98.88,182,93,89
4865,1171917,99.3651898734177,98.82,100,158,85,73
4866,1172096,100,100,100,187,108,79
4867,1172153,99.4227586206896,100,98.92,174,81,93
4868,1172207,100,100,100,193,114,79
4869,1172553,99.5052216748768,99.07,100,203,108,95
4870,1172621,100,100,100,182,111,71
4871,1173038,100,100,100,149,102,47
4872,1173104,98.1937951807229,99.05,96.72,166,105,61
4873,1173195,97.3157046979866,90.91,100,149,44,105
4874,1173245,99.4623655913979,99,100,186,100,86
4875,1173339,99.4481318681319,98.92,100,182,93,89
4876,1173455,100,100,100,181,75,106
4877,1173773,99.4873846153846,100,99.02,195,93,102
4878,1174143,100,100,100,182,97,85
4879,1174414,100,100,100,172,89,83
4880,1174591,98.6553020134228,98.86,98.36,149,88,61
4881,1174753,100,100,100,172,91,81
4882,1174906,97.8383783783784,95.7,100,185,93,92
4883,1175023,99.3954545454545,100,98.95,165,70,95
4884,1175134,96.9317791411043,97.62,96.2,163,84,79
4885,1175203,99.2712408759124,100,98.44,137,73,64
4886,1175269,88.7302112676056,92,85.07,142,75,67
4887,1175347,94.7336257309942,89.87,98.91,171,79,92
4888,1175485,99.4446666666667,100,98.81,180,96,84
4889,1175794,98.8829608938547,98.78,98.97,179,82,97
4890,1175905,98.8413294797688,100,97.89,173,78,95
4891,1176178,99.4736842105263,99,100,190,100,90
4892,1176321,96.794358974359,91.07,100,156,56,100
4893,1176405,99.4221965317919,98.53,100,173,68,105
4894,1176628,100,100,100,189,84,105
4895,1176736,99.4056804733728,100,98.92,169,76,93
4896,1177025,98.2852571428571,100,96.59,175,87,88
4897,1177395,99.4507692307692,98.81,100,182,84,98
4898,1177443,100,100,100,171,78,93
4899,1177534,100,100,100,178,86,92
4900,1177567,99.4465,98.77,100,180,81,99
4901,1177827,97.2185185185185,91.3,98.82,108,23,85
4902,1177918,98.6125,98.55,98.67,144,69,75
4903,1177935,99.3720754716981,98.72,100,159,78,81
4904,1178121,99.4544262295082,100,99.04,183,79,104
4905,1178385,98.8315789473684,97.3,100,171,74,97
4906,1178882,99.2904964539007,98.36,100,141,61,80
4907,1179239,98.9046448087432,100,97.89,183,88,95
4908,1179764,98.7083870967742,100,97.8,155,64,91
4909,1179770,100,100,100,183,95,88
4910,1179884,100,100,100,175,103,72
4911,1180672,94.1600729927007,86.05,97.87,137,43,94
4912,1180854,97.1106936416185,96.63,97.62,173,89,84
4913,1180942,100,100,100,166,77,89
4914,1181137,98.8524137931035,98.72,98.96,174,78,96
4915,1181667,98.7259872611465,97.26,100,157,73,84
4916,1182006,99.0053731343284,98.04,100,201,102,99
4917,1182048,98.0642580645161,100,94.23,155,103,52
4918,1182147,100,100,100,200,102,98
4919,1182266,97.2538461538462,98.98,95.24,182,98,84
4920,1182371,97.1602272727273,98.89,95.35,176,90,86
4921,1182398,98.12575,100,95.59,160,92,68
4922,1182497,97.6936923076923,100,92.11,130,92,38
4923,1182534,99.3945454545455,100,98.89,165,75,90
4924,1182543,95.9014754098361,100,78.26,122,99,23
4925,1182596,98.1927710843374,100,96,166,91,75
4926,1183129,98.3162921348315,100,96.3,178,97,81
4927,1183616,100,100,100,191,94,97
4928,1183768,99.4819170984456,99.01,100,193,101,92
4929,1183917,98.759751552795,100,97.44,161,83,78
4930,1184254,100,100,100,179,91,88
4931,1184301,99.4469613259669,100,98.9,181,90,91
4932,1184386,99.4282857142857,98.85,100,175,87,88
4933,1184548,97.593734939759,97.83,97.3,166,92,74
4934,1185484,99.4154385964912,98.81,100,171,84,87
4935,1186732,100,100,100,170,90,80
4936,1186897,100,100,100,199,97,102
4937,1187032,95,100,82.5,140,100,40
4938,1187182,99.4446666666667,99.02,100,180,102,78
4939,1187267,100,100,100,190,92,98
4940,1187468,100,100,100,185,95,90
4941,1187551,100,100,100,168,105,63
4942,1187752,98.8636363636364,100,97.5,176,96,80
4943,1187767,100,100,100,164,60,104
4944,1187860,99.43125,100,98.9,176,85,91
4945,1187911,98.6666,100,96.61,150,91,59
4946,1188025,99.45625,98.85,100,184,87,97
4947,1188137,100,100,100,173,73,100
4948,1188668,97.9897487437186,96.84,99.04,199,95,104
4949,1189157,100,100,100,194,92,102
4950,1189369,98.8837988826816,97.3,100,179,74,105
4951,1189451,100,100,100,194,84,110
4952,1189664,100,100,100,184,71,113
4953,1190005,100,100,100,185,84,101
4954,1190043,99.4532786885246,98.85,100,183,87,96
4955,1190295,98.5302941176471,97.37,100,136,76,60
4956,1190850,97.915625,100,93.33,96,66,30
4957,1191073,100,100,100,141,49,92
4958,1191181,100,100,100,166,66,100
4959,1191244,98.6741721854305,96.15,100,151,52,99
4960,1191379,99.4703703703704,98.9,100,189,91,98
4961,1191519,99.3259459459459,98.84,100,148,86,62
4962,1191559,100,100,100,181,88,93
4963,1191667,100,100,100,162,92,70
4964,1191829,99.3630573248408,98.75,100,157,80,77
4965,1191989,95.0944785276074,91.25,98.8,163,80,83
4966,1192294,99.3986144578313,98.51,100,166,67,99
4967,1192793,99.3992215568862,98.73,100,167,79,88
4968,1192886,100,100,100,152,78,74
4969,1193222,99.3569230769231,100,98.68,156,80,76
4970,1193457,99.366582278481,100,98.61,158,86,72
4971,1193612,100,100,100,161,77,84
4972,1193777,99.2427272727273,100,98.04,132,81,51
4973,1194443,99.3420394736842,100,98.63,152,79,73
4974,1194827,100,100,100,143,75,68
4975,1195162,99.1593277310924,98.36,100,119,61,58
4976,1195391,100,100,100,96,48,48
4977,1195490,100,100,100,121,63,58
4978,1195762,100,100,100,111,59,52
4979,1195784,99.1362068965517,98.33,100,116,60,56
4980,1195894,98.949052631579,100,97.44,95,56,39
4981,1195945,99.10875,100,97.83,112,66,46
4982,1195987,100,100,100,117,63,54
4983,1196356,100,100,100,100,53,47
4984,1198076,84.9342465753425,90.7,76.67,73,43,30
4985,1198367,90.626875,92.86,88.89,64,28,36
4986,1198771,78.4633846153846,93.75,63.64,65,32,33
4987,1199551,92.7526086956522,91.89,93.75,69,37,32
4988,1199712,92.9584507042253,84.85,100,71,33,38
4989,1199727,97.2978378378378,97.06,97.5,74,34,40
4990,1200084,98.6119444444444,100,97.37,72,34,38
4991,1200424,92.3088461538462,86.49,97.56,78,37,41
4992,1200526,95.3493023255814,100,77.78,43,34,9
4993,1200540,98.5714285714286,100,97.5,70,30,40
4994,1200586,100,100,100,76,32,44
4995,1201038,91.0437313432836,86.67,94.59,67,30,37
4996,1201681,85.7144642857143,90.91,78.26,56,33,23
4997,1201804,80.5994029850746,63.64,97.06,67,33,34
4998,1202056,100,100,100,87,36,51
4999,1202332,94.3681690140845,94.74,93.94,71,38,33
5000,1202478,92.86,97.62,88.1,84,42,42
5001,1202730,97.5879518072289,100,95.45,83,39,44
5002,1202844,93.025,95.35,90.7,86,43,43
5003,1203425,98.5515942028985,94.74,100,69,19,50
5004,1203595,97.9611224489796,96.23,100,98,53,45
5005,1204029,100,100,100,114,60,54
5006,1204623,99.009504950495,98.36,100,101,61,40
5007,1205041,99.0394230769231,100,98.15,104,50,54
5008,1205275,99.1075,97.96,100,112,49,63
5009,1205503,100,100,100,113,59,54
5010,1205523,100,100,100,115,61,54
5011,1205552,100,100,100,120,56,64
5012,1205839,99.0994594594595,100,98.04,111,60,51
5013,1205986,100,100,100,91,34,57
5014,1206122,100,100,100,85,21,64
5015,1206266,100,100,100,94,53,41
5016,1206989,100,100,100,103,36,67
5017,1207064,100,100,100,112,48,64
5018,1207391,98.824,97.06,100,85,34,51
5019,1207601,96.7741935483871,93.75,100,93,48,45
5020,1208264,88.333,93.94,81.48,60,33,27
5021,1209343,91.6683333333333,90.91,92.86,36,22,14
5022,1209368,97.5634146341463,96.3,100,41,27,14
5023,1209731,96.2267924528302,100,90.91,53,31,22
5024,1209875,100,100,100,46,27,19
5025,1211239,71.875625,78.26,55.56,32,23,9
5026,1211560,96.9666666666667,95.45,100,33,22,11
5027,1211921,84.8466666666667,86.36,81.82,33,22,11
5028,1212539,88,81.25,100,25,16,9
5029,1213102,94.1176470588235,90,100,34,20,14
5030,1213154,100,100,100,37,26,11
5031,1213469,100,100,100,33,21,12
5032,1213667,100,100,100,36,22,14
5033,1213718,97.14,96.15,100,35,26,9
5034,1213902,100,100,100,36,22,14
5035,1214324,93.1034482758621,100,80,29,19,10
5036,1214433,95.835,100,91.67,24,12,12
5037,1214561,100,100,100,33,19,14
5038,1214822,100,100,100,32,19,13
5039,1214933,100,100,100,31,22,9
5040,1215007,96.4285714285714,100,90,28,18,10
5041,1215045,100,100,100,29,19,10
5042,1215272,91.6625,94.44,83.33,24,18,6
5043,1215360,93.1010344827586,89.47,100,29,19,10
5044,1216854,92.8571428571429,100,80,28,18,10
5045,1216905,87.9996,84.21,100,25,19,6
5046,1217199,95.6534782608695,92.31,100,23,13,10
5047,1217779,91.4282857142857,84.21,100,35,19,16
5048,1218081,97.6753488372093,100,95.24,43,22,21
5049,1218111,91.6691666666667,94.74,80,24,19,5
5050,1218601,93.1037931034483,95,88.89,29,20,9
5051,1218667,94.99825,100,89.47,40,21,19
5052,1218687,93.7515625,86.67,100,32,15,17
5053,1218858,94.5945945945946,100,90,37,17,20
5054,1219049,96.875,100,93.75,32,16,16
5055,1219145,96.875,100,93.75,32,16,16
5056,1219191,100,100,100,32,16,16
5057,1219261,92.855,100,85.71,28,14,14
5058,1219414,100,100,100,29,10,19
5059,1219861,88.002,86.67,90,25,15,10
5060,1221068,97.9575510204082,100,95.83,49,25,24
5061,1221369,98.04,100,96.43,51,23,28
5062,1221498,100,100,100,47,20,27
5063,1221848,100,100,100,55,30,25
5064,1221888,98.4106349206349,100,96.77,63,32,31
5065,1222046,98.485,96.97,100,66,33,33
5066,1222248,100,100,100,62,24,38
5067,1222348,98.4152380952381,100,96.88,63,31,32
5068,1223045,98.4119047619048,96.55,100,63,29,34
5069,1224375,97.144,100,94.12,70,36,34
5070,1224720,97.2597260273973,97.14,97.37,73,35,38
5071,1224730,98.3326666666667,97.56,100,60,41,19
5072,1224757,100,100,100,78,41,37
5073,1225038,97.401038961039,97.56,97.22,77,41,36
5074,1225384,96.43,97.62,95.24,84,42,42
5075,1225466,100,100,100,76,39,37
5076,1225649,97.4683544303797,95,100,79,40,39
5077,1226820,100,100,100,61,24,37
5078,1226886,96.4688235294118,100,93.33,85,40,45
5079,1228236,94.5454545454545,100,88,55,30,25
5080,1228256,98.5901408450704,96.15,100,71,26,45
5081,1228380,100,100,100,87,40,47
5082,1228574,100,100,100,88,42,46
5083,1228595,100,100,100,84,44,40
5084,1229242,97.14,97.14,97.14,70,35,35
5085,1230299,93.4207894736842,93.33,93.48,76,30,46
5086,1230320,94.1874418604651,91.67,96,86,36,50
5087,1230708,93.74775,92.31,94.44,80,26,54
5088,1230789,94.1183823529412,95.35,92,68,43,25
5089,1230825,100,100,100,97,40,57
5090,1230882,100,100,100,89,33,56
5091,1230899,100,100,100,79,25,54
5092,1231160,98.9802040816327,97.37,100,98,38,60
5093,1231343,97.6196428571428,93.55,100,84,31,53
5094,1231364,97.4331623931624,98.21,96.72,117,56,61
5095,1231502,100,100,100,112,54,58
5096,1231529,99.1172566371681,100,98.25,113,56,57
5097,1231600,96.7391304347826,100,92.5,92,52,40
5098,1231756,99.1610084033614,100,98.44,119,55,64
5099,1231783,98.3854838709677,100,96.15,62,36,26
5100,1232169,100,100,100,117,50,67
5101,1232371,96.9697727272727,100,94.03,132,65,67
5102,1232515,99.2076984126984,98.51,100,126,67,59
5103,1232843,99.1468376068376,97.83,100,117,46,71
5104,1233863,98.6832894736842,98.78,98.57,152,82,70
5105,1234041,100,100,100,163,67,96
5106,1234254,100,100,100,155,88,67
5107,1234710,97.8702127659574,95.45,100,141,66,75
5108,1234845,95.5866911764706,89.47,100,136,57,79
5109,1235206,99.2885714285714,98.8,100,140,83,57
5110,1235344,97.3866666666667,95.24,100,153,84,69
5111,1235554,99.4009580838323,98.78,100,167,82,85
5112,1235838,99.3629936305732,100,98.63,157,84,73
5113,1235911,99.4079881656805,98.85,100,169,87,82
5114,1235968,98.6109027777778,97.59,100,144,83,61
5115,1236024,98.05,97.4,98.7,154,77,77
5116,1237231,99.3673417721519,98.53,100,158,68,90
5117,1237659,98.8031137724551,97.37,100,167,76,91
5118,1238580,100,100,100,188,89,99
5119,1238757,100,100,100,198,92,106
5120,1238783,98.751375,98.39,98.98,160,62,98
5121,1238796,99.4250574712644,100,98.78,174,92,82
5122,1238907,96.9528658536585,97.59,96.3,164,83,81
5123,1239026,100,100,100,195,101,94
5124,1239104,98.2878285714286,96.39,100,175,83,92
5125,1239138,99.4595135135135,100,98.99,185,86,99
5126,1239285,100,100,100,170,73,97
5127,1239857,98.7346835443038,98.41,98.95,158,63,95
5128,1239965,100,100,100,179,84,95
5129,1240414,97.3841176470588,97.87,96.61,153,94,59
5130,1240596,100,100,100,176,80,96
5131,1240647,100,100,100,178,81,97
5132,1241190,99.4426111111111,98.73,100,180,79,101
5133,1241434,99.4413407821229,98.75,100,179,80,99
5134,1241545,99.4459668508287,98.91,100,181,92,89
5135,1241586,95.6810071942446,98.82,90.74,139,85,54
5136,1241950,96.9337423312883,92.65,100,163,68,95
5137,1242032,93.9779518072289,98.61,90.43,166,72,94
5138,1242530,98.4844444444444,96.59,100,198,88,110
5139,1242913,99.3956024096385,100,98.73,166,87,79
5140,1243337,98.0979746835443,97.14,98.86,158,70,88
5141,1243348,100,100,100,179,81,98
5142,1243580,98.7799390243902,100,98.13,164,57,107
5143,1243658,99.4066272189349,100,98.91,169,77,92
5144,1243672,99.3633121019108,100,98.81,157,73,84
5145,1244409,98.7717791411043,100,97.8,163,72,91
5146,1244652,89.8647297297297,80.33,96.55,148,61,87
5147,1245262,97.415935483871,96.05,98.73,155,76,79
5148,1245782,98.530294117647,98.55,98.51,136,69,67
5149,1246126,99.2975352112676,98.67,100,142,75,67
5150,1246231,97.465,98.73,96.2,158,79,79
5151,1246253,100,100,100,160,82,78
5152,1246369,99.1143362831858,100,97.22,113,77,36
5153,1246561,99.2869285714286,98.51,100,140,67,73
5154,1247110,99.2753623188406,100,98.75,138,58,80
5155,1247153,99.2437878787879,100,98.39,132,70,62
5156,1247164,98.135652173913,97.4,98.81,161,77,84
5157,1247442,97.8417985611511,98.63,96.97,139,73,66
5158,1247459,97.3721052631579,96.88,97.73,152,64,88
5159,1247536,100,100,100,161,75,86
5160,1247876,100,100,100,148,71,77
5161,1247993,99.3543225806452,98.61,100,155,72,83
5162,1248143,99.2895744680851,100,98.41,141,78,63
5163,1248230,100,100,100,166,81,85
5164,1248266,99.3221768707483,100,98.94,147,53,94
5165,1248429,98.8357558139535,97.33,100,172,75,97
5166,1248849,97.9464383561644,96.43,98.89,146,56,90
5167,1248995,94.8248275862069,98.68,87.5,116,76,40
5168,1249185,97.62,98.81,95.24,126,84,42
5169,1249668,98.8815642458101,100,97.8,179,88,91
5170,1250011,99.3355629139073,98.73,100,151,79,72
5171,1250143,100,100,100,137,48,89
5172,1250746,100,100,100,165,83,82
5173,1250825,97.4867295597484,95.51,100,159,89,70
5174,1251334,97.5832258064516,95.12,98.8,124,41,83
5175,1251463,99.2475187969925,98.61,100,133,72,61
5176,1252057,99.3285234899329,98.55,100,149,69,80
5177,1252264,98.7002597402597,98.72,98.68,154,78,76
5178,1252911,98.6481081081081,100,96.72,148,87,61
5179,1253018,95.1243902439024,96.74,93.06,164,92,72
5180,1253124,98.5511594202899,98.51,98.59,138,67,71
5181,1253622,99.3221621621622,100,98.48,148,82,66
5182,1254027,99.207619047619,100,98.44,126,62,64
5183,1254729,100,100,100,132,79,53
5184,1254745,97.6932307692308,95.59,100,130,68,62
5185,1254867,100,100,100,134,73,61
5186,1255200,99.1467521367521,98.51,100,117,67,50
5187,1255371,98.165871559633,100,96.08,109,58,51
5188,1255740,94.64,94.64,94.64,112,56,56
5189,1255914,91.5911214953271,84,98.25,107,50,57
5190,1256456,98.1657798165138,97.87,98.39,109,47,62
5191,1256466,96.8414736842105,97.92,95.74,95,48,47
5192,1257004,97.9381443298969,100,95,97,57,40
5193,1257514,100,100,100,125,55,70
5194,1257657,100,100,100,95,35,60
5195,1257669,100,100,100,119,49,70
5196,1258223,98.578085106383,98.11,98.86,141,53,88
5197,1258693,98.5298529411765,98.15,98.78,136,54,82
5198,1259179,100,100,100,134,87,47
5199,1259512,99.3313333333333,100,98.82,150,65,85
5200,1259740,100,100,100,177,84,93
5201,1260018,100,100,100,185,84,101
5202,1260370,98.5080597014925,95.24,100,134,42,92
5203,1260463,100,100,100,150,64,86
5204,1260757,97.5447852760736,93.33,100,163,60,103
5205,1260950,95.2089221556886,100,91.01,167,78,89
5206,1261121,99.4502209944751,100,99.07,181,74,107
5207,1261208,100,100,100,165,65,100
5208,1261424,100,100,100,190,82,108
5209,1261489,99.477277486911,100,99.04,191,87,104
5210,1261943,98.3067796610169,100,96.67,177,87,90
5211,1262317,99.0135643564356,98.95,99.07,202,95,107
5212,1262386,99.4606451612903,100,98.86,186,98,88
5213,1262678,99.4970854271357,98.61,100,199,72,127
5214,1263264,98.7907878787879,100,98.28,165,49,116
5215,1263648,95.8953846153846,96.04,95.74,195,101,94
5216,1263799,100,100,100,205,94,111
5217,1263961,100,100,100,217,103,114
5218,1264062,98.9317647058823,100,97.73,187,99,88
5219,1264239,98.922688172043,97.67,100,186,86,100
5220,1264618,100,100,100,209,107,102
5221,1264849,100,100,100,207,110,97
5222,1264878,100,100,100,171,79,92
5223,1265223,100,100,100,189,102,87
5224,1265322,99.5242105263158,99.12,100,209,113,96
5225,1265400,100,100,100,159,72,87
5226,1265495,99.5353271028037,99.12,100,214,113,101
5227,1265916,99.3153424657534,100,98.81,146,62,84
5228,1265967,100,100,100,173,105,68
5229,1266437,98.8635227272727,97.26,100,176,73,103
5230,1266512,99.4555191256831,98.94,100,183,94,89
5231,1266565,100,100,100,132,56,76
5232,1267325,92.0714634146342,94.25,89.61,164,87,77
5233,1267374,100,100,100,129,48,81
5234,1267506,99.46,100,98.89,185,95,90
5235,1267960,99.4304,98.88,100,175,89,86
5236,1267978,98.7885454545454,98.72,98.85,165,78,87
5237,1268067,100,100,100,167,81,86
5238,1268079,99.2138582677165,97.44,100,127,39,88
5239,1268160,97.7,96.55,98.85,174,87,87
5240,1268259,100,100,100,169,84,85
5241,1268664,99.4317613636364,98.63,100,176,73,103
5242,1268787,99.50005,98.99,100,200,99,101
5243,1268892,99.4149122807017,100,98.85,171,84,87
5244,1268979,98.8156213017752,97.22,100,169,72,97
5245,1269223,100,100,100,168,96,72
5246,1269758,100,100,100,144,82,62
5247,1270293,100,100,100,148,85,63
5248,1271287,99.2712408759124,100,98.08,137,85,52
5249,1272141,99.2549253731343,97.92,100,134,48,86
5250,1272219,100,100,100,135,77,58
5251,1272240,96.687417218543,100,93.9,151,69,82
5252,1272651,98.7054838709677,98.73,98.68,155,79,76
5253,1272665,98.5317647058824,100,96.88,136,72,64
5254,1272928,99.3399342105263,98.73,100,152,79,73
5255,1273400,98.7612422360248,98.72,98.8,161,78,83
5256,1273492,100,100,100,136,52,84
5257,1273583,97.2381379310345,95.65,98.68,145,69,76
5258,1274199,96,96.81,95.06,175,94,81
5259,1274547,97.6609941520468,96.63,98.78,171,89,82
5260,1274871,100,100,100,154,94,60
5261,1275014,100,100,100,156,96,60
5262,1275113,100,100,100,173,99,74
5263,1275485,97.816174863388,96.12,100,183,103,80
5264,1275653,95.8335119047619,95.88,95.77,168,97,71
5265,1275663,97.2473394495413,94.23,100,109,52,57
5266,1275668,94.8042857142857,90,96.49,77,20,57
5267,1275674,100,100,100,85,58,27
5268,1275788,99.3143150684931,100,98.59,146,75,71
5269,1275945,99.4741578947368,99.03,100,190,103,87
5270,1276318,100,100,100,176,94,82
5271,1276462,99.3981927710843,98.89,100,166,90,76
5272,1276491,100,100,100,146,67,79
5273,1276548,99.4275862068966,98.8,100,174,83,91
5274,1276644,100,100,100,173,87,86
5275,1276879,99.4274137931034,100,98.77,174,93,81
5276,1277214,100,100,100,164,87,77
5277,1277287,100,100,100,167,87,80
5278,1277465,95.4951351351351,81.48,100,111,27,84
5279,1277479,100,100,100,151,77,74
5280,1278021,99.3527096774194,100,98.73,155,76,79
5281,1278171,100,100,100,179,93,86
5282,1278663,100,100,100,155,67,88
5283,1279082,99.4080473372781,100,98.78,169,87,82
5284,1279104,100,100,100,158,77,81
5285,1279762,94.3375471698113,98.61,85.29,106,72,34
5286,1280114,100,100,100,149,79,70
5287,1280255,100,100,100,130,42,88
5288,1280371,99.0108910891089,97.3,100,101,37,64
5289,1280741,99.3194557823129,98.36,100,147,61,86
5290,1280942,99.3917682926829,98.67,100,164,75,89
5291,1281142,98.7942168674699,98.72,98.86,166,78,88
5292,1281290,98.2770114942529,97.3,99,174,74,100
5293,1281538,100,100,100,166,68,98
5294,1281793,99.4057142857143,98.72,100,168,78,90
5295,1282091,98.0140397350993,97.96,98.04,151,49,102
5296,1282163,98.8445664739884,98.55,99.04,173,69,104
5297,1282307,99.4533333333333,98.78,100,183,82,101
5298,1282495,100,100,100,175,77,98
5299,1282640,97.73,98.75,96.88,176,80,96
5300,1282729,99.4426666666667,98.68,100,180,76,104
5301,1282846,100,100,100,173,81,92
5302,1282963,100,100,100,148,46,102
5303,1283006,99.4063905325444,100,98.86,169,81,88
5304,1283059,100,100,100,168,87,81
5305,1283243,100,100,100,170,67,103
5306,1283458,99.443407821229,98.77,100,179,81,98
5307,1283802,100,100,100,185,93,92
5308,1283892,99.364076433121,100,98.44,157,93,64
5309,1284237,100,100,100,133,68,65
5310,1284475,98.9351595744681,98.95,98.92,188,95,93
5311,1284508,98.6833552631579,98.51,98.82,152,67,85
5312,1284517,99.2436363636364,100,98.96,132,36,96
5313,1284964,99.4902551020408,100,98.97,196,99,97
5314,1285142,100,100,100,189,100,89
5315,1285299,99.4122941176471,100,98.97,170,73,97
5316,1285614,96.9681818181818,92.75,100,165,69,96
5317,1285979,99.3646496815287,98.95,100,157,95,62
5318,1286233,99.3704402515723,98.9,100,159,91,68
5319,1287911,97.9828859060403,98.41,97.67,149,63,86
5320,1288071,99.328322147651,98.61,100,149,72,77
5321,1288178,99.410650887574,98.8,100,169,83,86
5322,1288427,100,100,100,162,76,86
5323,1288499,99.300979020979,98.53,100,143,68,75
5324,1288566,98.5188888888889,98.33,98.67,135,60,75
5325,1288725,96.3523357664234,100,91.53,137,78,59
5326,1289046,98.2877777777778,97.01,100,117,67,50
5327,1289277,95.3486046511628,100,89.83,129,70,59
5328,1289402,99.2910638297872,100,98.53,141,73,68
5329,1289468,99.3221621621622,100,98.68,148,72,76
5330,1289548,98.423937007874,100,97.22,127,55,72
5331,1289627,99.2954225352113,98.55,100,142,69,73
5332,1290005,99.3058333333333,98.53,100,144,68,76
5333,1290576,98.5880281690141,98.41,98.73,142,63,79
5334,1290831,99.3162328767123,98.51,100,146,67,79
5335,1291922,100,100,100,130,63,67
5336,1291955,100,100,100,136,73,63
5337,1292201,97.1698113207547,100,95,106,46,60
5338,1292519,100,100,100,84,30,54
5339,1292726,100,100,100,106,54,52
5340,1293651,100,100,100,97,36,61
5341,1293840,98.8524137931035,100,97.92,87,39,48
5342,1293999,97.3694736842105,92.86,100,76,28,48
5343,1295305,99.20032,100,98.53,125,57,68
5344,1295373,97.5181818181818,100,95.45,121,55,66
5345,1295396,99.0918181818182,100,98.15,110,56,54
5346,1295570,96.87375,100,92.68,96,55,41
5347,1295738,99.1690833333333,98.31,100,120,59,61
5348,1296344,97.59656,96.77,98.41,125,62,63
5349,1296461,100,100,100,120,57,63
5350,1296626,100,100,100,98,47,51
5351,1296631,97.4036363636364,100,91.67,77,53,24
5352,1296806,99.0401923076923,97.83,100,104,46,58
5353,1297163,99.1789344262295,100,98.41,122,59,63
5354,1297553,99.1681666666667,100,98.39,120,58,62
5355,1297609,95.7446808510638,90,100,47,20,27
5356,1297613,96.665,80,98.18,60,5,55
5357,1297622,97.9166666666667,95,100,48,20,28
5358,1297627,100,100,100,54,32,22
5359,1297745,100,100,100,120,55,65
5360,1297922,100,100,100,102,57,45
5361,1298348,94.6212903225806,97.22,92.98,93,36,57
5362,1298775,99.1432478632479,98.21,100,117,56,61
5363,1298880,100,100,100,121,54,67
5364,1298997,80.8219178082192,30,100,73,20,53
5365,1299528,100,100,NA,1,1,NA
5366,1300048,100,100,100,3,1,2
5367,1300287,100,100,100,3,1,2
5368,1300538,100,100,100,2,1,1
5369,1301025,95.8657024793388,100,92.75,121,52,69
5370,1301339,99.1882926829268,97.92,100,123,48,75
5371,1301411,100,100,100,128,55,73
5372,1301564,96.039900990099,82.61,100,101,23,78
5373,1301657,99.2463157894737,98.21,100,133,56,77
5374,1301681,100,100,100,122,54,68
5375,1302007,98.480606060606,98.21,98.68,132,56,76
5376,1302037,99.2304615384615,100,98.78,130,48,82
5377,1302059,100,100,100,143,65,78
5378,1302365,98.5206666666667,96.83,100,135,63,72
5379,1302764,98.4954887218045,95.65,100,133,46,87
5380,1303068,97.1698113207547,85,100,106,20,86
5381,1303073,96.43,95.24,97.62,84,42,42
5382,1303364,98.1351552795031,95.83,100,161,72,89
5383,1303553,96.8538364779874,93.24,100,159,74,85
5384,1303978,100,100,100,173,78,95
5385,1304533,99.316301369863,98.39,100,146,62,84
5386,1304735,98.6299315068493,100,97.59,146,63,83
5387,1304996,99.3114482758621,100,98.72,145,67,78
5388,1305372,98.6027972027972,98.33,98.8,143,60,83
5389,1305426,97.7550561797753,100,96.67,89,29,60
5390,1305436,97.3428318584071,98.46,95.83,113,65,48
5391,1305456,99.2721897810219,98.31,100,137,59,78
5392,1305810,98.2613043478261,98.21,98.31,115,56,59
5393,1306089,100,100,100,136,60,76
5394,1306130,97.7027586206897,97.56,97.83,87,41,46
5395,1306461,100,100,100,151,74,77
5396,1306578,97.6192857142857,88.89,100,84,18,66
5397,1306584,99.1375862068965,100,97.56,116,75,41
5398,1306637,98.6200689655172,98.61,98.63,145,72,73
5399,1306758,96.8484251968504,94.44,98.63,127,54,73
5400,1306854,97.9863758389262,100,95.89,149,76,73
5401,1306995,99.31,100,98.55,145,76,69
5402,1307058,100,100,100,129,71,58
5403,1307139,93.8774829931973,88.24,98.73,147,68,79
5404,1307633,100,100,100,137,65,72
5405,1307686,100,100,100,134,64,70
5406,1307869,98.3590163934426,100,96.36,122,67,55
5407,1307914,99.2634558823529,100,98.41,136,73,63
5408,1307957,99.1313043478261,96.3,100,115,27,88
5409,1307963,99.2424242424242,98.75,100,132,80,52
5410,1308308,100,100,100,133,61,72
5411,1308947,95.4563636363636,89.8,100,110,49,61
5412,1309340,99.1715702479339,100,98.21,121,65,56
5413,1309494,98.245,96.49,100,114,57,57
5414,1309538,96.5530172413793,92.73,100,116,55,61
5415,1310096,94.5666304347826,86.49,100,92,37,55
5416,1310716,98.7020779220779,100,94.74,77,58,19
5417,1310921,96.5496551724138,98.21,95,116,56,60
5418,1311001,97.5318518518519,91.67,100,81,24,57
5419,1311007,97.7791111111111,98.51,95.65,90,67,23
5420,1311249,99.1732231404959,100,98.36,121,60,61
5421,1311320,100,100,100,96,41,55
5422,1311884,97.3436283185841,98.41,96,113,63,50
5423,1312214,98.0965714285714,98.04,98.15,105,51,54
5424,1312733,100,100,100,140,65,75
5425,1312802,98.1986486486486,97.37,98.63,111,38,73
5426,1313912,95.6175438596491,98.28,92.86,114,58,56
5427,1313945,93.27,98.08,88.46,104,52,52
5428,1313956,95.4958558558559,91.38,100,111,58,53
5429,1314429,99.1242105263158,97.92,100,114,48,66
5430,1314456,97.2716363636364,95.08,100,110,61,49
5431,1314618,96.9064948453608,97.5,96.49,97,40,57
5432,1315042,95.7009677419355,93.33,96.83,93,30,63
5433,1315315,94.2292307692308,94.64,93.75,104,56,48
5434,1315594,97.980303030303,97.87,98.08,99,47,52
5435,1315928,97.3909565217391,100,94.23,115,63,52
5436,1316569,100,100,100,112,39,73
5437,1317142,98.62,100,97.1,145,76,69
5438,1317382,97.6737984496124,93.18,100,129,44,85
5439,1317946,99.3649044585987,100,98.31,157,98,59
5440,1318302,98.75125,97.78,100,160,90,70
5441,1319204,100,100,100,156,85,71
5442,1319225,100,100,100,146,77,69
5443,1319418,98.1235,97.62,98.68,160,84,76
5444,1319579,100,100,100,141,88,53
5445,1319595,100,100,100,136,95,41
5446,1319876,100,100,100,160,96,64
5447,1320425,100,100,100,154,85,69
5448,1320630,100,100,100,142,65,77
5449,1320899,99.3749375,100,98.63,160,87,73
5450,1321328,100,100,100,162,84,78
5451,1321544,100,100,100,166,94,72
5452,1321564,100,100,100,133,90,43
5453,1321717,97.8597142857143,98.77,96.61,140,81,59
5454,1321789,100,100,100,163,85,78
5455,1321831,100,100,100,158,96,62
5456,1321846,99.3882926829268,100,98.68,164,88,76
5457,1321882,100,100,100,173,92,81
5458,1321918,99.4030952380952,98.91,100,168,92,76
5459,1321979,99.3541935483871,100,98.7,155,78,77
5460,1322854,98.3652459016393,97.44,98.8,122,39,83
5461,1323343,100,100,100,138,70,68
5462,1323978,99.41,98.82,100,170,85,85
5463,1324006,99.2466165413534,98.33,100,133,60,73
5464,1324146,99.2586666666667,100,98.61,135,63,72
5465,1324164,99.19736,100,98.73,125,46,79
5466,1324309,98.6672,97.62,100,150,84,66
5467,1324582,96.9871084337349,96.51,97.5,166,86,80
5468,1324654,98.1116981132076,98.78,97.4,159,82,77
5469,1324827,98.5096268656716,100,96.83,134,71,63
5470,1324848,96.8516535433071,100,91.67,127,79,48
5471,1325185,93.2296992481203,93.33,93.1,133,75,58
5472,1325293,95.7566666666667,98.86,92.21,165,88,77
5473,1325368,99.3427631578947,98.89,100,152,90,62
5474,1325710,97.9441095890411,100,95.31,146,82,64
5475,1326042,93.0566666666667,94.29,91.89,144,70,74
5476,1326970,98.2101785714286,98.92,97.33,168,93,75
5477,1327102,100,100,100,122,38,84
5478,1327389,100,100,100,167,96,71
5479,1327482,100,100,100,171,90,81
5480,1327777,92.5465838509317,84,100,161,75,86
5481,1328483,100,100,100,174,100,74
5482,1329077,97.9698984771574,96.97,98.98,197,99,98
5483,1329735,100,100,100,196,94,102
5484,1330332,98.3049152542373,98.91,97.65,177,92,85
5485,1331096,98.932192513369,97.92,100,187,96,91
5486,1331486,99.3912195121951,100,98.72,164,86,78
5487,1331526,99.4745263157895,98.96,100,190,96,94
5488,1331606,99.4665957446809,98.91,100,188,92,96
5489,1332387,100,100,100,169,90,79
5490,1332545,98.3614754098361,97.85,98.89,183,93,90
5491,1332564,98.8298245614035,98.75,98.9,171,80,91
5492,1332630,99.4186046511628,100,98.75,172,92,80
5493,1332741,97.3694736842105,100,94.12,152,84,68
5494,1332789,98.68125,100,97.89,152,57,95
5495,1333071,100,100,100,156,64,92
5496,1333127,97.2233333333333,100,95.24,144,60,84
5497,1333169,98.7495625,100,97.53,160,79,81
5498,1333308,98.8083928571428,98.67,98.92,168,75,93
5499,1333509,100,100,100,137,50,87
5500,1333951,96.1248837209302,98.67,92.59,129,75,54
5501,1334378,99.168,100,97.44,120,81,39
5502,1334600,99.0733333333333,97.22,100,108,36,72
5503,1334612,96.9233076923077,91.49,100,130,47,83
5504,1335191,96.619054054054,95.45,97.56,148,66,82
5505,1335442,97.3527152317881,98.36,96.67,151,61,90
5506,1335575,92.9324242424242,94.29,92.19,99,35,64
5507,1335653,99.1533898305085,100,97.78,118,73,45
5508,1335667,97.3507947019868,97.22,97.47,151,72,79
5509,1336126,100,100,100,151,65,86
5510,1336231,100,100,100,139,53,86
5511,1336482,99.3994011976048,100,98.82,167,82,85
5512,1336521,99.2950704225352,100,98.57,142,72,70
5513,1336726,99.3882317073171,100,98.73,164,85,79
5514,1336834,99.3167123287671,100,98.84,146,60,86
5515,1336975,99.3788819875776,100,98.75,161,81,80
5516,1337050,99.390487804878,100,98.81,164,80,84
5517,1337368,98.7674074074074,97.44,100,162,78,84
5518,1337557,99.3185714285714,100,98.11,147,94,53
5519,1337569,100,100,100,172,79,93
5520,1337711,98.8320467836257,98.78,98.88,171,82,89
5521,1337820,97.4485350318471,95.38,98.91,157,65,92
5522,1338149,99.4370621468927,100,98.94,177,83,94
5523,1338340,98.6855263157895,96.67,100,152,60,92
5524,1338834,100,100,100,181,92,89
5525,1339068,98.9143478260869,97.73,100,184,88,96
5526,1339241,98.8550285714286,98.86,98.85,175,88,87
5527,1339615,95.9181632653061,93.94,97.53,147,66,81
5528,1339961,99.3691823899371,100,98.82,159,74,85
5529,1340279,99.3908536585366,100,98.89,164,74,90
5530,1340316,100,100,100,145,68,77
5531,1340814,100,100,100,159,82,77
5532,1341141,98.8095238095238,90,100,84,10,74
5533,1341147,99.3083333333333,98.8,100,144,83,61
5534,1342026,96.0336507936508,96.88,95.16,126,64,62
5535,1342339,99.1860975609756,100,98.59,123,52,71
5536,1342606,100,100,100,149,68,81
5537,1342629,99.35,98.7,100,154,77,77
5538,1342818,97.501,94.12,100,120,51,69
5539,1343648,98.5606474820144,100,96.49,139,82,57
5540,1344236,100,100,100,138,77,61
5541,1344281,98.6128472222222,97.65,100,144,85,59
5542,1344524,96.3516058394161,94.81,98.33,137,77,60
5543,1344845,97.9289655172414,95.71,100,145,70,75
5544,1344899,100,100,100,165,91,74
5545,1344935,99.2241860465116,100,98.61,129,57,72
5546,1345013,99.3961818181818,100,98.77,165,84,81
5547,1345225,99.3413815789474,100,98.59,152,81,71
5548,1345483,98.8950276243094,100,97.5,181,101,80
5549,1345975,95.5452229299363,98.94,90.48,157,94,63
5550,1346521,100,100,100,195,112,83
5551,1346620,99.4495027624309,98.94,100,181,94,87
5552,1346697,96.5753424657534,95.16,97.62,146,62,84
5553,1347396,100,100,100,166,90,76
5554,1347417,100,100,100,175,95,80
5555,1347653,100,100,100,178,102,76
5556,1347833,100,100,100,166,97,69
5557,1348106,99.4844041450777,99.07,100,193,107,86
5558,1348223,100,100,100,179,113,66
5559,1348340,98.321843575419,96.77,100,179,93,86
5560,1348445,100,100,100,179,101,78
5561,1348493,100,100,100,187,101,86
5562,1348607,99.4603243243243,98.96,100,185,96,89
5563,1348722,98.7095483870968,100,97.26,155,82,73
5564,1349115,98.75225,100,97.83,160,68,92
5565,1349623,99.4741361256544,100,98.92,191,98,93
5566,1349672,99.5067326732673,99.06,100,202,106,96
5567,1349977,98.50135,99.03,97.94,200,103,97
5568,1349997,99.50125,100,98.95,200,105,95
5569,1350172,98.4138095238095,98.96,97.85,189,96,93
5570,1350335,97.9371649484536,98.99,96.84,194,99,95
5571,1350465,100,100,100,195,97,98
5572,1350746,98.7183333333333,98.78,98.65,156,82,74
5573,1351834,99.4537704918033,100,98.98,183,85,98
5574,1352209,99.4154385964912,98.81,100,171,84,87
5575,1352347,99.4625806451613,100,99.02,186,84,102
5576,1352410,99.4624193548387,100,99.01,186,85,101
5577,1352630,99.4682978723404,98.81,100,188,84,104
5578,1352853,100,100,100,160,93,67
5579,1353188,98.9531937172775,98.82,99.06,191,85,106
5580,1353805,98.5938732394366,98.36,98.77,142,61,81
5581,1353860,99.4387078651685,100,99.03,178,75,103
5582,1354097,99.4152046783626,100,98.75,171,91,80
5583,1354187,98.7866666666667,100,97.14,165,95,70
5584,1354698,100,100,100,179,93,86
5585,1354875,100,100,100,194,97,97
5586,1354908,99.4154385964912,100,98.98,171,73,98
5587,1354944,100,100,100,178,85,93
5588,1355027,98.0753846153846,100,95.83,156,84,72
5589,1355139,99.3941818181818,98.53,100,165,68,97
5590,1355316,98.2460233918129,100,96.63,171,82,89
5591,1355707,98.7109677419355,100,96.67,155,95,60
5592,1355818,98.8751685393258,98.89,98.86,178,90,88
5593,1356502,99.3613461538461,98.77,100,156,81,75
5594,1356892,99.4167441860465,100,98.68,172,96,76
5595,1356910,99.4183139534884,98.85,100,172,87,85
5596,1357313,98.1606134969325,98.44,97.98,163,64,99
5597,1357404,100,100,100,190,92,98
5598,1357457,99.463743315508,98.91,100,187,92,95
5599,1357523,100,100,100,200,102,98
5600,1357723,100,100,100,183,77,106
5601,1357863,100,100,100,186,93,93
5602,1357997,99.0004,99.02,98.98,200,102,98
5603,1358372,97.9858389261745,98.97,96.15,149,97,52
5604,1358475,100,100,100,150,102,48
5605,1358574,100,100,100,186,85,101
5606,1359616,99.3969879518072,98.7,100,166,77,89
5607,1360411,93.749140625,74.19,100,128,31,97
5608,1360570,98.7936746987952,100,97.33,166,91,75
5609,1360618,98.9404761904762,97.75,100,189,89,100
5610,1361385,99.4291428571428,98.65,100,175,74,101
5611,1361397,98.7799390243902,98.13,100,164,107,57
5612,1361550,98.1481481481482,95,100,162,60,102
5613,1362238,98.3763783783784,97.67,98.99,185,86,99
5614,1362682,94.4074125874126,94.29,94.52,143,70,73
5615,1362864,100,100,100,171,77,94
5616,1363145,100,100,100,203,106,97
5617,1363199,100,100,100,215,115,100
5618,1363749,100,100,100,199,99,100
5619,1364481,100,100,100,188,96,92
5620,1364547,99.50045,99.03,100,200,103,97
5621,1364731,99.49975,100,98.85,200,113,87
5622,1364755,100,100,100,167,87,80
5623,1364859,100,100,100,194,102,92
5624,1365003,100,100,100,138,91,47
5625,1365045,99.3628025477707,98.36,100,157,61,96
5626,1365496,100,100,100,196,102,94
5627,1365728,100,100,100,180,100,80
5628,1366310,100,100,100,180,99,81
5629,1366628,100,100,100,165,72,93
5630,1367154,100,100,100,188,96,92
5631,1367460,100,100,100,163,87,76
5632,1367984,93.5654970760234,90,96.7,171,80,91
5633,1368149,99.4052976190476,100,98.97,168,71,97
5634,1368175,98.5078358208955,95.35,100,134,43,91
5635,1368332,100,100,100,184,89,95
5636,1368374,98.8019760479042,97.53,100,167,81,86
5637,1368662,99.4079881656805,98.85,100,169,87,82
5638,1368858,97.6858959537572,98.78,96.7,173,82,91
5639,1369018,96.5550344827586,98.88,92.86,145,89,56
5640,1369218,100,100,100,140,77,63
5641,1369758,97.351059602649,100,94.03,151,84,67
5642,1369923,98.284,96.7,100,175,91,84
5643,1370382,98.0119205298013,96.2,100,151,79,72
5644,1370703,100,100,100,150,71,79
5645,1370763,100,100,100,169,86,83
5646,1370802,94.7374436090226,86.54,100,133,52,81
5647,1371017,100,100,100,175,92,83
5648,1371822,96.4784507042254,96.51,96.43,142,86,56
5649,1372173,98.8453179190751,100,97.73,173,85,88
5650,1372225,100,100,100,166,84,82
5651,1373140,99.4252298850575,98.63,100,174,73,101
5652,1373187,98.891,98.77,98.99,180,81,99
5653,1373418,98.7742331288344,96.67,100,163,60,103
5654,1373558,100,100,100,195,82,113
5655,1373652,99.4995,98.9,100,200,91,109
5656,1374023,89.2894285714286,63.64,97.2,140,33,107
5657,1374216,99.3896341463415,98.7,100,164,77,87
5658,1374525,99.4928426395939,100,99.03,197,94,103
5659,1374603,99.4269714285714,100,98.91,175,83,92
5660,1375018,99.472,98.86,100,190,88,102
5661,1375047,99.390487804878,100,98.98,164,66,98
5662,1375528,100,100,100,181,77,104
5663,1375614,100,100,100,183,86,97
5664,1376175,98.2848,95.31,100,175,64,111
5665,1376274,99.4975376884422,100,98.99,199,100,99
5666,1376491,98.9013186813187,98.75,99.02,182,80,102
5667,1376499,98.8366279069768,99.01,98.59,172,101,71
5668,1376542,98.2729310344828,97.53,98.92,174,81,93
5669,1376773,100,100,100,167,96,71
5670,1376932,99.4728042328042,100,99.06,189,83,106
5671,1377019,100,100,100,183,87,96
5672,1377381,99.2586666666667,100,97.22,135,99,36
5673,1377471,98.1927710843374,100,96,166,91,75
5674,1377511,98.0486829268293,100,96.46,205,92,113
5675,1378586,99.4582608695652,100,98.88,184,95,89
5676,1378761,100,100,100,202,98,104
5677,1378923,99.4749738219895,98.91,100,191,92,99
5678,1379265,99.0179802955665,98.96,99.07,203,96,107
5679,1379594,99.0070149253731,98.96,99.05,201,96,105
5680,1379799,98.1234375,98.55,97.8,160,69,91
5681,1379811,97.7516853932584,95.4,100,178,87,91
5682,1380173,94.7366666666667,92.11,96.05,114,38,76
5683,1380286,98.8834078212291,100,97.47,179,100,79
5684,1380458,99.4835233160622,98.88,100,193,89,104
5685,1380475,100,100,100,202,95,107
5686,1380715,99.4022155688623,100,98.51,167,100,67
5687,1380986,99.4775,100,98.86,192,104,88
5688,1380999,98.8566857142857,97.56,100,175,82,93
5689,1381007,100,100,100,140,76,64
5690,1381349,99.4603243243243,98.96,100,185,96,89
5691,1381385,100,100,100,186,109,77
5692,1381401,100,100,100,191,111,80
5693,1381528,96.0265562913907,99.01,90,151,101,50
5694,1381559,99.4624193548387,98.99,100,186,99,87
5695,1382209,98.169512195122,98.86,97.37,164,88,76
5696,1382428,99.4502747252747,98.85,100,182,87,95
5697,1382653,99.4927272727273,99.07,100,198,108,90
5698,1382788,98.4785279187817,97.09,100,197,103,94
5699,1382895,96.8619371727749,96.23,97.65,191,106,85
5700,1383362,98.9647668393782,100,97.78,193,103,90
5701,1383635,98.3883870967742,98,98.84,186,100,86
5702,1384388,99.4183720930233,100,98.78,172,90,82
5703,1385150,98.8931491712707,98.11,100,181,106,75
5704,1385224,99.4747643979058,100,98.68,191,115,76
5705,1385563,99.468085106383,99,100,188,100,88
5706,1386004,100,100,100,177,100,77
5707,1386367,99.440782122905,100,98.7,179,102,77
5708,1386775,97.4747474747475,97.25,97.75,198,109,89
5709,1386820,98.4621538461538,95.24,100,130,42,88
5710,1387072,98.733670886076,100,96.72,158,97,61
5711,1387231,98.4037765957447,99.01,97.7,188,101,87
5712,1387268,99.329932885906,100,98.72,149,71,78
5713,1387441,99.4532786885246,100,98.85,183,96,87
5714,1387783,100,100,100,170,102,68
5715,1388554,98.0523376623377,98.96,96.55,154,96,58
5716,1388588,100,100,100,83,58,25
5717,1388710,100,100,100,172,96,76
5718,1389219,100,100,100,126,72,54
5719,1389260,100,100,100,144,72,72
5720,1389321,99.2936170212766,98.8,100,141,83,58
5721,1389449,100,100,100,154,87,67
5722,1389819,99.2752898550725,98.63,100,138,73,65
5723,1389996,99.2741304347826,100,98.41,138,75,63
5724,1390104,98.45,98.84,97.67,129,86,43
5725,1390125,99.138275862069,100,98.53,116,48,68
5726,1390600,98.2884615384615,97.33,100,117,75,42
5727,1390686,96.9226153846154,98.65,94.64,130,74,56
5728,1391005,98.5530434782609,97.44,100,138,78,60
5729,1391062,97.6740310077519,97.37,98.11,129,76,53
5730,1391464,97.4778151260504,98.36,96.55,119,61,58
5731,1391789,86.0914782608696,76.79,94.92,115,56,59
5732,1391914,96.79984,97.1,96.43,125,69,56
5733,1392013,97.4357264957265,98.39,96.36,117,62,55
5734,1392250,99.0110891089109,97.73,100,101,44,57
5735,1392456,93.94,98.18,88.64,99,55,44
5736,1392556,96.4292857142857,98.36,94.12,112,61,51
5737,1392681,100,100,100,120,67,53
5738,1392730,94.794375,90.48,98.15,96,42,54
5739,1393372,97.8424460431655,97.3,98.46,139,74,65
5740,1393417,99.2584444444444,98.59,100,135,71,64
5741,1393845,100,100,100,129,65,64
5742,1394143,100,100,100,126,71,55
5743,1394179,100,100,100,110,59,51
5744,1395252,100,100,100,131,72,59
5745,1395369,97.3902608695652,95.08,100,115,61,54
5746,1395918,97.7744444444444,97.33,98.33,135,75,60
5747,1396004,97.6155555555555,97.14,98.21,126,70,56
5748,1396073,97.7272727272727,98.65,96.55,132,74,58
5749,1396593,98.0184158415842,97.78,98.21,101,45,56
5750,1396832,100,100,100,116,65,51
5751,1397083,97.1220143884892,94.52,100,139,73,66
5752,1397753,99.3281879194631,98.7,100,149,77,72
5753,1398081,95.0016666666667,92.86,98,120,70,50
5754,1398309,99.3208163265306,98.72,100,147,78,69
5755,1398408,100,100,100,117,64,53
5756,1398501,92.7623684210526,94.12,91.04,152,85,67
5757,1398587,97.7440601503759,97.56,98.04,133,82,51
5758,1398715,90.3010447761194,88.61,92.73,134,79,55
5759,1399054,99.35,98.7,100,154,77,77
5760,1399065,99.1516949152542,100,97.14,118,83,35
5761,1399407,100,100,100,150,83,67
5762,1399522,97.3899130434783,100,90.62,115,83,32
5763,1399849,100,100,100,131,77,54
5764,1400851,99.3939393939394,98.75,100,165,80,85
5765,1400907,98.7315189873418,98.86,98.57,158,88,70
5766,1400932,98.5386861313869,100,95.45,137,93,44
5767,1401193,100,100,100,106,32,74
5768,1401334,99.4234482758621,98.86,100,174,88,86
5769,1401493,100,100,100,122,76,46
5770,1402233,98.2727011494253,97.75,98.82,174,89,85
5771,1402440,99.3730817610063,98.88,100,159,89,70
5772,1402525,98.6576510067114,98.11,98.96,149,53,96
5773,1402669,98.6228965517241,96.88,100,145,64,81
5774,1403172,99.224496124031,97.56,100,129,41,88
5775,1403184,98.6,97.14,100,143,70,73
5776,1403211,98.7565217391304,100,97.4,161,84,77
5777,1404203,100,100,100,171,89,82
5778,1405257,94.8561764705882,98.72,89.66,136,78,58
5779,1405299,97.4369230769231,95.92,98.53,117,49,68
5780,1405381,100,100,100,148,69,79
5781,1405492,99.3584615384615,98.61,100,156,72,84
5782,1406542,99.3106206896552,100,98.81,145,61,84
5783,1406896,98.0251315789474,98.57,97.56,152,70,82
5784,1406917,100,100,100,143,58,85
5785,1407604,97.8700709219858,98.57,97.18,141,70,71
5786,1407743,100,100,100,109,34,75
5787,1407800,98.4234645669291,100,97.18,127,56,71
5788,1407835,96.8,96.67,96.92,125,60,65
5789,1407859,99.2145669291339,100,98.67,127,52,75
5790,1408067,97.518347107438,98.33,96.72,121,60,61
5791,1408354,100,100,100,135,68,67
5792,1408447,99.1927419354839,97.14,100,124,35,89
5793,1408516,97.3165100671141,94.12,100,149,68,81
5794,1408582,97.7953676470588,98.67,96.72,136,75,61
5795,1408744,100,100,100,143,66,77
5796,1408929,99.2493984962406,100,98.51,133,66,67
5797,1409360,97.6177777777778,100,95.31,126,62,64
5798,1409378,98.1642201834862,100,96.55,109,51,58
5799,1409383,97.4693670886076,95.24,100,79,42,37
5800,1409457,99.2558955223881,98.31,100,134,59,75
5801,1409619,100,100,100,131,63,68
5802,1409764,100,100,100,144,68,76
5803,1409914,100,100,100,144,70,74
5804,1410112,99.2797841726619,98.59,100,139,71,68
5805,1410346,99.009900990099,100,98,101,51,50
5806,1410352,100,100,100,119,62,57
5807,1410534,98.5277941176471,97.18,100,136,71,65
5808,1411098,100,100,100,131,69,62
5809,1411109,99.0767592592593,98.31,100,108,59,49
5810,1411121,99.088,98.48,100,110,66,44
5811,1411515,99.1889430894309,100,98.28,123,65,58
5812,1411715,98.8359302325581,100,97.87,86,39,47
5813,1411829,100,100,100,102,54,48
5814,1412424,98.8359302325581,100,97.87,86,39,47
5815,1412504,95.9185714285714,98.15,93.18,98,54,44
5816,1412636,92.6334736842105,94.34,90.48,95,53,42
5817,1412785,97.5913253012048,97.96,97.06,83,49,34
5818,1414044,97.3312,100,94.44,75,39,36
5819,1414090,100,100,100,85,45,40
5820,1414416,100,100,100,98,49,49
5821,1414552,96.9073195876289,97.67,96.3,97,43,54
5822,1414627,100,100,100,87,40,47
5823,1414761,94.3645070422535,100,85.71,71,43,28
5824,1415117,100,100,100,99,45,54
5825,1415179,97.498,100,94.44,80,44,36
5826,1415623,97.6451764705882,100,94.44,85,49,36
5827,1415665,100,100,100,90,50,40
5828,1415719,100,100,100,79,52,27
5829,1415942,98.6127777777778,97.73,100,72,44,28
5830,1415962,97.1846478873239,97.92,95.65,71,48,23
5831,1416310,100,100,100,60,42,18
5832,1416325,98.9343617021277,98.11,100,94,53,41
5833,1416383,100,100,100,67,25,42
5834,1416553,98.8631818181818,100,97.56,88,47,41
5835,1416607,100,100,100,85,46,39
5836,1416631,98.8102380952381,100,97.37,84,46,38
5837,1416730,98.888,100,97.22,90,54,36
5838,1417178,90.5882352941177,83.72,97.62,85,43,42
5839,1417268,97.3344,97.22,97.44,75,36,39
5840,1417435,97.2236111111111,97.37,97.06,72,38,34
5841,1419364,100,100,100,73,35,38
5842,1420175,98.65,97.3,100,74,37,37
5843,1420470,87.9329310344827,100,69.57,58,35,23
5844,1420651,95.161935483871,94.74,95.83,62,38,24
5845,1420903,98.5488405797101,96.77,100,69,31,38
5846,1421423,97.6461176470588,95.12,100,85,41,44
5847,1421618,93.8238271604938,91.89,95.45,81,37,44
5848,1421630,81.6308163265306,64.71,90.62,49,17,32
5849,1421953,100,100,100,76,27,49
5850,1422118,100,100,100,99,51,48
5851,1422476,98.8390697674419,97.44,100,86,39,47
5852,1422551,98.332,100,95.83,60,36,24
5853,1422641,100,100,100,86,47,39
5854,1423704,77.4183870967742,82.14,73.53,62,28,34
5855,1424643,91.7990163934426,90.62,93.1,61,32,29
5856,1424959,67.1650746268657,61.54,75,67,39,28
5857,1425292,84.6113846153846,85.71,83.78,65,28,37
5858,1425643,100,100,100,88,43,45
5859,1425870,95.5556666666667,96.08,94.87,90,51,39
5860,1425909,100,100,100,96,46,50
5861,1426244,97.8259782608696,97.87,97.78,92,47,45
5862,1426644,99.0384615384615,98,100,104,50,54
5863,1426880,94.6457142857143,96.67,92.31,112,60,52
5864,1427103,100,100,100,109,52,57
5865,1427660,98.4863636363636,100,96.67,132,72,60
5866,1427754,97.0788321167883,100,93.33,137,77,60
5867,1428005,98.4253543307087,96.97,100,127,66,61
5868,1428244,99.19848,100,97.67,125,82,43
5869,1428424,99.2853571428572,98.55,100,140,69,71
5870,1428764,94.8875912408759,96.2,93.1,137,79,58
5871,1430784,98.4142857142857,96.3,100,126,54,72
5872,1431018,98.3887096774194,96.67,100,124,60,64
5873,1431884,98.1825454545454,96.08,100,110,51,59
5874,1432619,99.1658333333333,100,98.18,120,65,55
5875,1432786,98.8770786516854,97.37,100,89,38,51
5876,1432865,99.1005405405405,100,97.92,111,63,48
5877,1433459,97.5590243902439,95.83,100,82,48,34
5878,1433483,95.3481395348837,98.15,90.62,86,54,32
5879,1433633,98.8751685393258,97.87,100,89,47,42
5880,1435288,98.9260215053763,100,97.73,93,49,44
5881,1435303,98.6294520547945,100,95.65,73,50,23
5882,1435396,99.0224509803922,98.31,100,102,59,43
5883,1435705,92.954647887324,93.33,92.68,71,30,41
5884,1435925,100,100,100,101,57,44
5885,1436687,97.1985981308411,100,94.55,107,52,55
5886,1436795,96.49,92.98,100,114,57,57
5887,1437485,100,100,100,112,55,57
5888,1437554,100,100,100,113,61,52
5889,1437591,99.1786885245902,98.33,100,122,60,62
5890,1437713,100,100,100,123,64,59
5891,1437860,100,100,100,101,37,64
5892,1438079,100,100,100,126,62,64
5893,1438112,100,100,100,117,67,50
5894,1438263,98.4748854961832,98.31,98.61,131,59,72
5895,1438743,99.2379389312977,100,98.51,131,64,67
5896,1438997,99.2864285714286,98.65,100,140,74,66
5897,1439839,99.3636942675159,98.65,100,157,74,83
5898,1440153,100,100,100,159,98,61
5899,1440218,98.8513793103448,98.81,98.89,174,84,90
5900,1440419,99.3729375,100,98.73,160,81,79
5901,1440516,100,100,100,148,107,41
5902,1440921,91.4265714285714,96.05,79.31,105,76,29
5903,1441042,97.1914606741573,98.86,95.56,178,88,90
5904,1441202,100,100,100,178,96,82
5905,1441396,99.3613461538461,98.77,100,156,81,75
5906,1442017,99.19744,98.68,100,125,76,49
5907,1442049,98.235,96.47,100,170,85,85
5908,1442158,99.4057142857143,100,98.72,168,90,78
5909,1442274,98.6116666666667,100,95.92,144,95,49
5910,1442322,100,100,100,164,96,68
5911,1442541,100,100,100,128,87,41
5912,1443232,98.5407299270073,97.62,100,137,84,53
5913,1443429,98.7288535031847,98.95,98.39,157,95,62
5914,1443759,100,100,100,182,94,88
5915,1443784,100,100,100,124,37,87
5916,1444450,100,100,100,182,93,89
5917,1444657,99.4061904761905,100,98.84,168,82,86
5918,1445774,99.4595135135135,98.99,100,185,99,86
5919,1445810,98.7924698795181,98.92,98.63,166,93,73
5920,1445862,98.8177514792899,97.78,100,169,90,79
5921,1446253,95.3015436241611,92.68,98.51,149,82,67
5922,1447568,100,100,100,173,91,82
5923,1447633,99.3953939393939,100,98.84,165,79,86
5924,1447640,100,100,100,139,80,59
5925,1447793,98.8449710982659,100,97.94,173,76,97
5926,1448309,100,100,100,197,92,105
5927,1448375,98.8773033707865,98.72,99,178,78,100
5928,1448861,99.5105882352941,98.96,100,204,96,108
5929,1449380,99.5178846153846,98.91,100,208,92,116
5930,1449517,98.5288235294118,99,97.22,136,100,36
5931,1449661,98.5332352941176,98.95,98.17,204,95,109
5932,1449712,98.4307329842932,100,97.09,191,88,103
5933,1449842,100,100,100,212,92,120
5934,1449881,99.5423853211009,100,99.14,218,102,116
5935,1449992,99.412,98.98,100,170,98,72
5936,1450147,99.4567391304348,100,98.81,184,100,84
5937,1450235,99.0522274881517,97.98,100,211,99,112
5938,1450756,99.4713756613757,98.97,100,189,97,92
5939,1450883,97.7757777777778,98.91,96.59,180,92,88
5940,1451008,91.8032786885246,75,100,122,40,82
5941,1451960,98.2240828402367,97.78,98.73,169,90,79
5942,1452077,100,100,100,175,85,90
5943,1452291,98.8755617977528,98.85,98.9,178,87,91
5944,1452350,100,100,100,171,85,86
5945,1452665,100,100,100,184,85,99
5946,1452827,99.2478195488722,97.56,100,133,41,92
5947,1452983,99.304375,98.11,100,144,53,91
5948,1453011,100,100,100,159,74,85
5949,1453254,99.3992814371258,98.68,100,167,76,91
5950,1453710,96.5520689655172,100,93.94,174,75,99
5951,1453737,95.8055688622754,95.89,95.74,167,73,94
5952,1454020,100,100,100,170,65,105
5953,1454083,100,100,100,172,80,92
5954,1454314,100,100,100,167,74,93
5955,1454657,100,100,100,125,86,39
5956,1454701,98.7353164556962,100,97.94,158,61,97
5957,1455085,98.7,100,97.8,154,63,91
5958,1455267,99.4875510204081,100,99.07,196,88,108
5959,1455510,100,100,100,178,76,102
5960,1455723,100,100,100,184,71,113
5961,1455770,98.7329113924051,100,96.92,158,93,65
5962,1455988,99.3865030674847,98,100,163,50,113
5963,1456003,99.3538311688312,100,99.07,154,47,107
5964,1456072,98.3334444444445,100,97.17,180,74,106
5965,1456792,100,100,100,180,76,104
5966,1456865,96.7938461538462,98.98,93.1,156,98,58
5967,1456986,99.5312676056338,98.96,100,213,96,117
5968,1457244,99.5060098522167,100,99.08,203,94,109
5969,1457310,99.4514285714286,98.72,100,182,78,104
5970,1457509,100,100,100,196,93,103
5971,1457687,98.159263803681,94.23,100,163,52,111
5972,1457711,99.4914285714286,98.88,100,196,89,107
5973,1458203,97.3561904761905,97.98,96.67,189,99,90
5974,1458457,98.1380124223602,97.92,98.46,161,96,65
5975,1458466,97.4825157232705,97.4,97.56,159,77,82
5976,1458478,98.6933333333333,98.39,98.9,153,62,91
5977,1458570,98.9251612903226,98.81,99.02,186,84,102
5978,1458804,97.4338461538462,95.24,98.92,156,63,93
5979,1458949,100,100,100,203,106,97
5980,1459273,100,100,100,157,57,100
5981,1459757,100,100,100,169,83,86
5982,1460083,99.490306122449,100,98.89,196,106,90
5983,1460242,99.4663829787234,100,98.86,188,100,88
5984,1460975,100,100,100,189,94,95
5985,1461049,100,100,100,177,86,91
5986,1461229,100,100,100,173,85,88
5987,1461431,99.4578804347826,100,98.95,184,89,95
5988,1462333,99.368164556962,100,98.51,158,91,67
5989,1462599,99.2765217391304,97.92,100,138,48,90
5990,1462641,99.4472375690608,98.85,100,181,87,94
5991,1462665,100,100,100,171,92,79
5992,1462818,100,100,100,166,85,81
5993,1462915,99.3975903614458,100,98.75,166,86,80
5994,1463089,100,100,100,136,71,65
5995,1463340,99.2984615384615,100,98.48,143,77,66
5996,1463358,96.3658181818182,100,92.11,165,89,76
5997,1463413,98.7539130434782,98.82,98.68,161,85,76
5998,1463605,96.7545454545455,94.05,100,154,84,70
5999,1463929,98.0872611464968,100,95.71,157,87,70
6000,1464235,99.3423684210526,98.81,100,152,84,68
6001,1464546,100,100,100,136,68,68
6002,1465669,100,100,100,138,67,71
6003,1465777,100,100,100,97,32,65
6004,1466158,99.2443181818182,98.25,100,132,57,75
6005,1466245,99.2066666666667,100,98.53,126,58,68
6006,1466268,99.1224561403509,100,97.56,114,73,41
6007,1466452,100,100,100,126,59,67
6008,1466539,100,100,100,122,55,67
6009,1466746,98.5068656716418,96.72,100,134,61,73
6010,1466833,100,100,100,119,56,63
6011,1466928,100,100,100,126,60,66
6012,1467134,98.3454545454545,100,96.36,121,66,55
6013,1467292,100,100,100,113,60,53
6014,1467334,100,100,100,132,64,68
6015,1467463,97.5829032258064,100,94.92,124,65,59
6016,1468266,100,100,100,92,38,54
6017,1468365,100,100,100,137,73,64
6018,1468543,100,100,100,117,50,67
6019,1468567,100,100,100,126,73,53
6020,1469094,99.1861788617886,98.57,100,123,70,53
6021,1469466,92.4505660377359,84.44,98.36,106,45,61
6022,1469628,100,100,100,109,55,54
6023,1469734,96.3424390243902,97.5,95.24,82,40,42
6024,1470132,89.3228155339806,79.25,100,103,53,50
6025,1470304,88.1367796610169,81.13,93.85,118,53,65
6026,1470412,97.3899130434783,94.64,100,115,56,59
6027,1470588,73.3333333333333,95,56,90,40,50
6028,1470613,95.8316666666667,97.5,94.64,96,40,56
6029,1470678,97.3472566371681,95.56,98.53,113,45,68
6030,1471380,98.4497674418605,100,96.97,129,63,66
6031,1471498,97.2477064220184,93.75,100,109,48,61
6032,1472155,100,100,100,142,66,76
6033,1472203,99.2145669291339,98.25,100,127,57,70
6034,1472379,99.3048611111111,100,98.57,144,74,70
6035,1472550,100,100,100,145,72,73
6036,1473226,99.2190625,98.04,100,128,51,77
6037,1474027,98.4614615384615,96.61,100,130,59,71
6038,1474321,100,100,100,107,63,44
6039,1474634,98.4621538461538,100,97.06,130,62,68
6040,1474974,99.2969718309859,98.51,100,142,67,75
6041,1475955,97.2981081081081,98.31,96.15,111,59,52
6042,1476096,100,100,100,130,65,65
6043,1476275,98.36,96.72,100,122,61,61
6044,1476555,93.9816541353384,95.52,92.42,133,67,66
6045,1476711,96.3514598540146,92.31,100,137,65,72
6046,1477149,98.5632374100719,100,96.83,139,76,63
6047,1477254,99.1393103448276,97.44,100,116,39,77
6048,1477329,98.6302739726027,98.65,98.61,146,74,72
6049,1477450,96.2962962962963,90,100,108,40,68
6050,1478069,100,100,100,128,56,72
6051,1479471,100,100,100,166,88,78
6052,1479673,100,100,100,167,88,79
6053,1479703,100,100,100,134,53,81
6054,1479711,100,100,100,134,90,44
6055,1479745,97.1241379310345,94.44,100,174,90,84
6056,1480045,98.1913253012048,100,95.83,166,94,72
6057,1480339,100,100,100,142,73,69
6058,1480968,98.7475,98.86,98.61,160,88,72
6059,1481047,98.6563758389262,97.4,100,149,77,72
6060,1481090,98.6313698630137,99,97.83,146,100,46
6061,1481279,99.2919858156028,98.51,100,141,67,74
6062,1481522,100,100,100,163,87,76
6063,1481915,98.2876571428571,97.94,98.72,175,97,78
6064,1481945,97.5475460122699,96.34,98.77,163,82,81
6065,1482331,98.7175,97.53,100,156,81,75
6066,1482430,100,100,100,160,84,76
6067,1483335,100,100,100,176,95,81
6068,1483349,100,100,100,144,72,72
6069,1483433,96.9334969325153,100,92.96,163,92,71
6070,1483545,100,100,100,174,86,88
6071,1483604,99.4066666666667,100,98.88,168,79,89
6072,1483878,100,100,100,183,104,79
6073,1483943,100,100,100,168,105,63
6074,1484279,99.3633121019108,99.02,100,157,102,55
6075,1484334,98.8114285714286,98.85,98.77,168,87,81
6076,1484483,100,100,100,170,94,76
6077,1484646,100,100,100,188,98,90
6078,1485278,99.1675,100,97.3,120,83,37
6079,1485282,99.0654205607477,96,100,107,25,82
6080,1485566,98.1374534161491,98.72,97.59,161,78,83
6081,1485743,100,100,100,152,58,94
6082,1485948,99.4166666666667,99.05,100,171,105,66
6083,1485960,98.404414893617,97.03,100,188,101,87
6084,1486032,100,100,100,209,110,99
6085,1486217,98.7791463414634,97.18,100,164,71,93
6086,1486385,98.990303030303,100,98.04,198,96,102
6087,1486421,97.9492307692308,100,95.7,195,102,93
6088,1486737,100,100,100,166,96,70
6089,1486802,100,100,100,192,106,86
6090,1486850,100,100,100,178,83,95
6091,1487355,99.4166666666667,100,98.67,171,96,75
6092,1487413,98.8789887640449,98.97,98.77,178,97,81
6093,1488466,100,100,100,165,102,63
6094,1488520,98.8022155688623,97.59,100,167,83,84
6095,1488620,98.9177297297297,97.87,100,185,94,91
6096,1488940,100,100,100,190,96,94
6097,1489025,100,100,100,152,73,79
6098,1489127,99.421676300578,98.85,100,173,87,86
6099,1490058,100,100,100,129,88,41
6100,1490612,97.4184516129032,98.72,96.1,155,78,77
6101,1490750,93.1312213740458,92.31,93.94,131,65,66
6102,1491011,98.2775862068966,96.67,100,116,60,56
6103,1491592,95.2755118110236,96.77,93.85,127,62,65
6104,1491599,98.3188235294118,98.7,97.62,119,77,42
6105,1491770,97.1147115384615,100,91.89,104,67,37
6106,1492110,93.4951219512195,93.94,92.98,123,66,57
6107,1492609,99.278273381295,100,98.68,139,63,76
6108,1492615,100,100,100,120,76,44
6109,1492692,100,100,100,118,76,42
6110,1492959,99.4170760233918,100,98.88,171,82,89
6111,1493142,98.5308088235294,100,96.23,136,83,53
6112,1493200,96.7725806451613,91.67,98.86,124,36,88
6113,1493583,99.3344666666667,100,98.51,150,83,67
6114,1493754,100,100,100,180,85,95
6115,1494127,96.8746875,98.08,96.05,128,52,76
6116,1494135,95.3938157894737,92.77,98.55,152,83,69
6117,1494592,100,100,100,185,90,95
6118,1495208,95.6774074074074,96.2,95.18,162,79,83
6119,1495580,97.7139428571429,95.18,100,175,83,92
6120,1496210,100,100,100,178,90,88
6121,1496390,99.3992814371258,98.48,100,167,66,101
6122,1496473,99.3131034482759,98.8,100,145,83,62
6123,1496860,94.1145294117647,97.75,90.12,170,89,81
6124,1497220,98.8160946745562,97.56,100,169,82,87
6125,1497319,100,100,100,154,83,71
6126,1497456,95.6516304347826,91.11,100,92,45,47
6127,1497760,100,100,100,169,86,83
6128,1497883,98.1366459627329,100,96,161,86,75
6129,1498243,100,100,100,153,77,76
6130,1498387,98.7766463414634,98.82,98.73,164,85,79
6131,1498562,97.856,95.31,100,140,64,76
6132,1498739,99.3110344827586,98.65,100,145,74,71
6133,1499262,97.3230357142857,100,92.11,112,74,38
6134,1499331,100,100,100,140,65,75
6135,1499982,100,100,100,134,72,62
6136,1500037,98.3606557377049,96,100,122,50,72
6137,1500051,100,100,100,138,69,69
6138,1500157,100,100,100,110,37,73
6139,1500306,98.8884444444444,98.36,100,90,61,29
6140,1500310,98.5938028169014,96.88,100,71,32,39
6141,1500720,100,100,100,146,75,71
6142,1500962,99.2431818181818,98.65,100,132,74,58
6143,1501119,99.2586666666667,100,98.61,135,63,72
6144,1501565,100,100,100,140,70,70
6145,1501668,97.0596323529412,98.63,95.24,136,73,63
6146,1501818,98.3639344262295,98.28,98.44,122,58,64
6147,1502638,89.77375,87.88,90.91,88,33,55
6148,1503350,94.9689308176101,89.19,100,159,74,85
6149,1503446,97.8048901098901,99.07,96,182,107,75
6150,1504018,99.3949696969697,98.51,100,165,67,98
6151,1504558,100,100,100,170,81,89
6152,1504877,98.9248387096774,97.98,100,186,99,87
6153,1505122,100,100,100,141,98,43
6154,1505226,99.4241040462428,100,98.77,173,92,81
6155,1505542,100,100,100,125,33,92
6156,1505548,98.0615533980583,98.28,97.78,103,58,45
6157,1506407,100,100,100,142,70,72
6158,1506430,100,100,100,168,82,86
6159,1506452,97.945,95.89,100,146,73,73
6160,1506569,97.1275862068966,97,97.3,174,100,74
6161,1507220,98.9251612903226,98.04,100,93,51,42
6162,1507225,99.0751851851852,97.73,100,108,44,64
6163,1507394,98.0358169934641,96.92,98.86,153,65,88
6164,1507448,100,100,100,177,90,87
6165,1507592,98.7638888888889,97.75,100,162,89,73
6166,1507769,100,100,100,179,92,87
6167,1507964,99.3405263157895,100,98.21,152,96,56
6168,1508333,100,100,100,161,84,77
6169,1508482,99.3380132450331,100,98.53,151,83,68
6170,1508957,96.9215384615385,93.1,100,130,58,72
6171,1509104,96.7550649350649,97.83,95.16,154,92,62
6172,1509707,99.4101775147929,98.88,100,169,89,80
6173,1510073,100,100,100,161,89,72
6174,1510307,100,100,100,169,77,92
6175,1510682,97.6067664670659,95.89,98.94,167,73,94
6176,1510898,100,100,100,155,85,70
6177,1511919,100,100,100,125,42,83
6178,1512018,99.4589189189189,98.9,100,185,91,94
6179,1512279,100,100,100,179,81,98
6180,1512347,99.3530519480519,98.77,100,154,81,73
6181,1513313,100,100,100,161,89,72
6182,1513397,100,100,100,169,80,89
6183,1513424,100,100,100,175,84,91
6184,1513478,100,100,100,173,88,85
6185,1513645,100,100,100,159,77,82
6186,1514428,99.4686170212766,100,98.89,188,98,90
6187,1514489,100,100,100,177,76,101
6188,1515267,98.0669032258064,100,96.39,155,72,83
6189,1515509,98.013642384106,96.77,98.88,151,62,89
6190,1515977,100,100,100,173,68,105
6191,1515987,99.20032,98.04,100,125,51,74
6192,1516203,100,100,100,180,82,98
6193,1516433,98.749875,100,97.26,160,87,73
6194,1516616,100,100,100,180,87,93
6195,1517017,94.3628169014085,96.05,92.42,142,76,66
6196,1517036,93.3789705882353,95.52,91.3,136,67,69
6197,1517766,98.7179487179487,100,97.5,156,76,80
6198,1517801,100,100,100,144,69,75
6199,1518091,98.6006993006993,95.65,100,143,46,97
6200,1518385,98.7590062111801,100,97.78,161,71,90
6201,1518488,97.7767407407407,93.02,100,135,43,92
6202,1518577,100,100,100,144,52,92
6203,1519361,96.9355214723927,98.65,95.51,163,74,89
6204,1519379,99.4008982035928,100,98.85,167,80,87
6205,1519628,100,100,100,158,81,77
6206,1519814,97.8712765957447,96.55,100,141,87,54
6207,1520041,98.2306194690265,97.14,98.72,113,35,78
6208,1520523,99.2692700729927,100,98.59,137,66,71
6209,1521288,100,100,100,116,40,76
6210,1521401,99.1387931034483,97.78,100,116,45,71
6211,1521558,99.2466165413534,98.33,100,133,60,73
6212,1521872,90.6963953488372,100,72.41,86,57,29
6213,1523530,100,100,100,115,50,65
6214,1523559,100,100,100,121,53,68
6215,1523569,99.0659813084112,97.37,100,107,38,69
6216,1523698,99.105625,100,98.41,112,49,63
6217,1525237,96.9416326530612,94.92,100,98,59,39
6218,1525499,98.08,98.08,98.08,104,52,52
6219,1525868,100,100,100,86,47,39
6220,1525951,96.668,92.86,100,60,28,32
6221,1526473,100,100,100,69,42,27
6222,1527409,91.49,88.89,95,47,27,20
6223,1527583,98.1809090909091,96.55,100,55,29,26
6224,1529379,98.1794545454545,100,96.77,55,24,31
6225,1529689,95.2342857142857,95.83,94.44,42,24,18
6226,1529772,93.1804545454546,91.3,95.24,44,23,21
6227,1530479,87.1776923076923,85.71,88.89,39,21,18
6228,1530537,61.2883870967742,33.33,100,31,18,13
6229,1531135,82.0492307692308,73.68,90,39,19,20
6230,1531496,88.8888888888889,92,85,45,25,20
6231,1531681,82.6069565217391,90,76.92,46,20,26
6232,1531782,73.17,53.85,82.14,41,13,28
6233,1532242,93.3322222222222,87.5,96.55,45,16,29
6234,1533781,97.6736046511628,92.59,100,86,27,59
6235,1533953,99.0930909090909,98.28,100,110,58,52
6236,1534439,100,100,100,122,57,65
6237,1534547,98.3054237288136,98.28,98.33,118,58,60
6238,1535193,99.2513432835821,100,98.48,134,68,66
6239,1535257,95.4538181818182,86.84,100,110,38,72
6240,1535362,99.2260465116279,100,98.44,129,65,64
6241,1535578,99.2623529411765,98.48,100,136,66,70
6242,1536098,91.4875886524823,83.82,98.63,141,68,73
6243,1536211,99.3372185430464,100,98.61,151,79,72
6244,1536915,100,100,100,159,88,71
6245,1536950,100,100,100,158,93,65
6246,1537073,99.16,97.62,100,119,42,77
6247,1537224,100,100,100,135,80,55
6248,1537290,99.4203468208093,98.91,100,173,92,81
6249,1537302,99.3460784313725,98.85,100,153,87,66
6250,1537492,99.3443137254902,98.68,100,153,76,77
6251,1537931,97.9158333333333,96.34,100,144,82,62
6252,1537942,98.0247368421053,97.8,98.36,152,91,61
6253,1537951,99.2416666666667,100,98.46,132,67,65
6254,1538218,99.3374834437086,100,98.36,151,90,61
6255,1538441,97.8096350364963,96.59,100,137,88,49
6256,1538680,100,100,100,156,88,68
6257,1538874,99.3846913580247,98.88,100,162,89,73
6258,1538920,99.3358,98.77,100,150,81,69
6259,1538945,100,100,100,127,57,70
6260,1539235,100,100,100,140,65,75
6261,1539450,100,100,100,141,63,78
6262,1539537,100,100,100,156,86,70
6263,1539661,100,100,100,140,78,62
6264,1539966,99.3175510204082,100,98.48,147,81,66
6265,1540149,99.1789344262295,100,98.11,122,69,53
6266,1540345,97.7457142857143,94.74,100,133,57,76
6267,1540906,100,100,100,151,79,72
6268,1540918,100,100,100,150,74,76
6269,1541139,99.281726618705,100,98.44,139,75,64
6270,1541521,99.2746376811594,98.57,100,138,70,68
6271,1542016,96.668,100,90.48,120,78,42
6272,1542039,98.436640625,98.18,98.63,128,55,73
6273,1542165,100,100,100,131,78,53
6274,1542198,100,100,100,142,77,65
6275,1542573,100,100,100,99,33,66
6276,1542622,98.3632786885246,100,96.88,122,58,64
6277,1542667,94.8737606837607,90.91,98.39,117,55,62
6278,1542952,95.1224390243902,92.5,97.62,82,40,42
6279,1543099,97.5396721311475,100,95.31,122,58,64
6280,1543384,100,100,100,103,45,58
6281,1543851,87.8790909090909,91.3,84.91,99,46,53
6282,1544305,84.1473170731707,91.67,78.26,82,36,46
6283,1544413,78.5721428571429,60,88.89,70,25,45
6284,1545052,61.3337333333333,46.88,72.09,75,32,43
6285,1545505,98.6825,96.77,100,76,31,45
6286,1545562,97.6774418604651,96.88,98.15,86,32,54
6287,1545710,98.81,100,98.04,84,33,51
6288,1545822,97.648,97.06,98.04,85,34,51
6289,1546178,86.8415789473684,93.33,82.61,76,30,46
6290,1547129,98.5070895522388,98.36,98.63,134,61,73
6291,1547536,97.870780141844,96.43,98.82,141,56,85
6292,1547648,99.0114851485149,100,96.88,101,69,32
6293,1548166,99.310275862069,98.63,100,145,73,72
6294,1548176,98.1300934579439,95.12,100,107,41,66
6295,1548274,100,100,100,134,65,69
6296,1548602,98.5508695652174,100,96.97,138,72,66
6297,1548682,100,100,100,164,73,91
6298,1548878,98.7174358974359,96.72,100,156,61,95
6299,1549148,98.0514285714286,95.16,100,154,62,92
6300,1549208,99.2910638297872,98.04,100,141,51,90
6301,1549511,100,100,100,172,79,93
6302,1549612,100,100,100,160,82,78
6303,1549775,100,100,100,151,73,78
6304,1549792,98.6560402684564,100,97.75,149,60,89
6305,1550207,100,100,100,161,84,77
6306,1550672,99.3068055555556,98.39,100,144,62,82
6307,1550743,99.4547826086957,98.86,100,184,88,96
6308,1550774,100,100,100,149,55,94
6309,1550954,98.6825,96.77,100,152,62,90
6310,1551155,100,100,100,168,83,85
6311,1551188,98.4497674418605,93.94,100,129,33,96
6312,1551196,96.7080263157895,96.7,96.72,152,91,61
6313,1551332,98.796686746988,100,97.65,166,81,85
6314,1551378,100,100,100,171,83,88
6315,1551695,99.3882926829268,98.68,100,164,76,88
6316,1551797,98.0610679611651,96.43,98.67,103,28,75
6317,1551824,97.7597014925373,97.1,98.46,134,69,65
6318,1551839,98.4817424242424,98.82,97.87,132,85,47
6319,1551871,95.7039263803681,96.34,95.06,163,82,81
6320,1551887,94.3260992907801,96.43,92.94,141,56,85
6321,1552504,95.9210204081633,92.41,100,147,79,68
6322,1553270,99.389756097561,98.61,100,164,72,92
6323,1553605,99.4505494505494,100,98.75,182,102,80
6324,1553719,96.6294382022472,97.94,95.06,178,97,81
6325,1553812,98.3179775280899,97.83,98.84,178,92,86
6326,1553918,94.6753846153846,93.18,96.3,169,88,81
6327,1554435,100,100,100,165,89,76
6328,1554471,100,100,100,174,87,87
6329,1554662,99.4628494623656,99.03,100,186,103,83
6330,1554729,100,100,100,163,92,71
6331,1554822,100,100,100,176,94,82
6332,1555049,100,100,100,164,96,68
6333,1555152,99.3795031055901,100,98.65,161,87,74
6334,1555317,98.1619631901841,97.5,98.8,163,80,83
6335,1555485,100,100,100,165,90,75
6336,1556050,95.7030674846626,95.4,96.05,163,87,76
6337,1556102,96.6199324324324,100,93.33,148,73,75
6338,1556322,94.5580272108844,96.34,92.31,147,82,65
6339,1556445,89.9012121212121,77.14,96.88,99,35,64
6340,1557250,100,100,100,155,84,71
6341,1557406,98.7153205128205,98.82,98.59,156,85,71
6342,1557497,100,100,100,166,94,72
6343,1557899,98.7765853658537,98.68,98.86,164,76,88
6344,1557923,98.3060451977401,98.98,97.47,177,98,79
6345,1558145,99.3985542168675,98.72,100,166,78,88
6346,1558662,100,100,100,196,105,91
6347,1558728,99.4637096774194,98.95,100,186,95,91
6348,1559050,99.5035643564356,99.08,100,202,109,93
6349,1559134,99.5215789473684,100,99.01,209,108,101
6350,1559267,100,100,100,206,105,101
6351,1559306,99.495404040404,98.97,100,198,97,101
6352,1559659,100,100,100,186,86,100
6353,1559740,99.2841007194245,99.07,100,139,107,32
6354,1559937,99.4978,100,98.92,200,107,93
6355,1560151,97.6321893491124,100,93.44,169,108,61
6356,1560262,100,100,100,198,89,109
6357,1560405,98.9145652173913,98.84,98.98,184,86,98
6358,1560537,99.0137931034483,100,98.18,203,93,110
6359,1560825,100,100,100,159,87,72
6360,1560835,100,100,100,182,96,86
6361,1561384,99.40125748503,98.99,100,167,99,68
6362,1561603,99.4890256410256,98.94,100,195,94,101
6363,1561714,100,100,100,167,84,83
6364,1562209,96.5511034482759,98.78,93.65,145,82,63
6365,1562239,100,100,100,178,94,84
6366,1562365,97.0071856287425,100,94.12,167,82,85
6367,1562472,98.3887096774194,96.3,100,186,81,105
6368,1562540,97.2828804347826,100,95.05,184,83,101
6369,1562766,98.6675333333333,100,97.47,150,71,79
6370,1563021,95.5223880597015,90,100,134,60,74
6371,1563029,98.7254777070064,98.7,98.75,157,77,80
6372,1563126,98.77,98.77,98.77,162,81,81
6373,1563189,92.1330337078652,96.72,82.14,89,61,28
6374,1563431,98.7250955414013,100,97.22,157,85,72
6375,1563559,98.68375,97.53,100,152,81,71
6376,1563677,100,100,100,175,91,84
6377,1563985,97.3866666666667,100,94.12,153,85,68
6378,1564402,100,100,100,171,82,89
6379,1564453,98.8150295857988,98.81,98.82,169,84,85
6380,1564597,98.4951127819549,98.51,98.48,133,67,66
6381,1564736,99.3372185430464,98.61,100,151,72,79
6382,1565110,100,100,100,141,65,76
6383,1565275,100,100,100,141,69,72
6384,1566122,99.2677372262774,100,98.48,137,71,66
6385,1566773,98.3854032258065,98.36,98.41,124,61,63
6386,1567081,99.1816393442623,98.44,100,122,64,58
6387,1567202,87.9310344827586,91.8,83.64,116,61,55
6388,1567618,96.8408421052632,100,92.68,95,54,41
6389,1567909,100,100,100,142,77,65
6390,1567917,98.1125471698113,100,94.87,106,67,39
6391,1568177,100,100,100,124,64,60
6392,1568221,100,100,100,120,56,64
6393,1568237,100,100,100,134,71,63
6394,1568404,99.2564925373134,98.77,100,134,81,53
6395,1568443,98.4991729323308,98.65,98.31,133,74,59
6396,1568536,98.4497674418605,96.97,100,129,66,63
6397,1568549,99.3120689655172,98.67,100,145,75,70
6398,1569086,97.2391724137931,94.44,100,145,72,73
6399,1569384,100,100,100,118,50,68
6400,1569429,100,100,100,133,67,66
6401,1569612,97.7755555555556,97.14,98.46,135,70,65
6402,1569975,99.10625,100,98.18,112,57,55
6403,1570215,96.773064516129,100,92.59,124,70,54
6404,1570696,99.1438461538462,98.11,100,117,53,64
6405,1570885,100,100,100,105,71,34
6406,1571237,99.2388549618321,100,98.31,131,72,59
6407,1571507,100,100,100,101,53,48
6408,1571728,99.1166371681416,98.39,100,113,62,51
6409,1571792,94.1152941176471,87.8,100,85,41,44
6410,1572069,79.68625,83.33,72.73,64,42,22
6411,1572533,96.8759375,100,92.31,96,57,39
6412,1572651,98.9686597938144,98.36,100,97,61,36
6413,1572764,98.9791836734694,100,97.56,98,57,41
6414,1572830,100,100,100,107,67,40
6415,1573027,98.1818181818182,100,96,110,60,50
6416,1573124,100,100,100,106,55,51
6417,1574012,100,100,100,121,65,56
6418,1574087,96.4591150442478,95.31,97.96,113,64,49
6419,1575035,98.0944761904762,96.72,100,105,61,44
6420,1575365,97.1975700934579,94.83,100,107,58,49
6421,1575596,99.0757407407407,98.39,100,108,62,46
6422,1575898,98.9236559139785,100,97.14,93,58,35
6423,1576249,95.8762886597938,92,100,97,50,47
6424,1576573,99.0476190476191,100,98,105,55,50
6425,1576600,100,100,100,87,39,48
6426,1576690,98.999,98.18,100,100,55,45
6427,1577108,100,100,100,75,37,38
6428,1577422,100,100,100,105,57,48
6429,1577900,98.9251612903226,97.96,100,93,49,44
6430,1578201,100,100,100,85,45,40
6431,1578314,100,100,100,87,46,41
6432,1578426,100,100,100,69,37,32
6433,1578735,94.3381132075472,97.14,88.89,53,35,18
6434,1578846,100,100,100,67,32,35
6435,1578900,98.5492753623188,97.14,100,69,35,34
6436,1578966,100,100,100,65,35,30
6437,1579092,98.2765517241379,100,96.43,58,30,28
6438,1579218,100,100,100,59,31,28
6439,1580441,97.2238888888889,94.74,100,36,19,17
6440,1581001,91.2280701754386,87.1,96.15,57,31,26
6441,1581568,95.7463829787234,100,90.48,47,26,21
6442,1581640,100,100,100,56,27,29
6443,1581724,98.1836363636364,100,96.3,55,28,27
6444,1581757,100,100,100,57,29,28
6445,1582290,83.6730612244898,69.23,100,49,26,23
6446,1582324,93.749375,92.59,95.24,48,27,21
6447,1582762,76.924358974359,78.95,75,39,19,20
6448,1583536,90.5641509433962,90,91.3,53,30,23
6449,1583599,98.0008,97.06,100,50,34,16
6450,1583798,90.0016,95.65,85.19,50,23,27
6451,1583837,98.0008,96.43,100,50,28,22
6452,1584267,98.3872580645161,96.97,100,62,33,29
6453,1584501,97.5311111111111,97.78,97.22,81,45,36
6454,1584534,100,100,100,82,46,36
6455,1584588,97.532962962963,97.92,96.97,81,48,33
6456,1584753,95.9976,95.74,96.43,75,47,28
6457,1585071,98.8383720930233,100,97.3,86,49,37
6458,1585108,100,100,100,83,50,33
6459,1585381,100,100,100,66,31,35
6460,1585765,98.876404494382,100,97.5,89,49,40
6461,1586058,96.7754838709677,100,91.67,93,57,36
6462,1586319,98.7184615384615,100,97.06,78,44,34
6463,1587150,100,100,100,67,29,38
6464,1587446,97.7002298850575,95.12,100,87,41,46
6465,1587504,97.6744186046512,95,100,86,40,46
6466,1587809,98.779512195122,97.22,100,82,36,46
6467,1587830,97.0591176470588,93.94,100,68,33,35
6468,1587902,100,100,100,75,29,46
6469,1588141,95.5211940298507,100,93.18,67,23,44
6470,1588430,100,100,100,77,38,39
6471,1588453,97.7295454545455,97.44,97.96,88,39,49
6472,1588690,94.4457777777778,97.56,91.84,90,41,49
6473,1589717,100,100,100,64,12,52
6474,1589723,98.0392156862745,100,87.5,51,43,8
6475,1590546,98.9477894736842,97.62,100,95,42,53
6476,1591130,100,100,100,114,52,62
6477,1591304,99.16625,100,98.55,120,51,69
6478,1591344,99.1132743362832,100,98.33,113,53,60
6479,1591592,99.1818032786885,100,98.39,122,60,62
6480,1591953,100,100,100,114,47,67
6481,1592423,93.7515625,93.65,93.85,128,63,65
6482,1592567,98.4748091603054,100,97.3,131,57,74
6483,1592867,100,100,100,134,54,80
6484,1593385,100,100,100,141,65,76
6485,1593664,99.1161061946903,100,97.73,113,69,44
6486,1593691,99.295,98.59,100,142,71,71
6487,1594308,100,100,100,144,55,89
6488,1594764,99.2457142857143,100,98.86,133,45,88
6489,1594852,98.4244094488189,96.55,100,127,58,69
6490,1594862,98.4968421052632,96.43,100,133,56,77
6491,1595018,100,100,100,154,69,85
6492,1595378,100,100,100,114,67,47
6493,1595985,100,100,100,127,57,70
6494,1597238,95.3722222222222,100,91.67,108,48,60
6495,1597880,99.1811475409836,98.15,100,122,54,68
6496,1598659,93.59,98.15,83.33,78,54,24
6497,1598677,100,100,100,120,52,68
6498,1599128,99.2306923076923,100,98.63,130,57,73
6499,1599619,97.7283333333333,95.65,98.84,132,46,86
6500,1599652,100,100,100,141,63,78
6501,1599698,100,100,100,151,67,84
6502,1599893,98.3066949152542,96.23,100,118,53,65
6503,1600036,100,100,100,150,69,81
6504,1600321,100,100,100,161,76,85
6505,1600973,100,100,100,121,70,51
6506,1601128,100,100,100,115,38,77
6507,1601135,99.1803278688525,100,98,122,72,50
6508,1601177,100,100,100,145,66,79
6509,1601385,93.0276744186046,91.53,94.29,129,59,70
6510,1601887,100,100,100,129,50,79
6511,1601906,98.4957142857143,98.25,98.68,133,57,76
6512,1601923,100,100,100,148,70,78
6513,1601976,100,100,100,151,72,79
6514,1602112,100,100,100,131,67,64
6515,1602468,98.2139880952381,100,96.47,168,83,85
6516,1602526,99.3096551724138,100,98.46,145,80,65
6517,1602885,98.8505747126437,100,97.5,174,94,80
6518,1602901,100,100,100,172,94,78
6519,1603160,100,100,100,155,97,58
6520,1603361,99.3690566037736,98.68,100,159,76,83
6521,1603802,100,100,100,163,89,74
6522,1603841,99.3938787878788,100,98.63,165,92,73
6523,1604138,99.3311333333333,98.73,100,150,79,71
6524,1604227,97.24,100,93.33,145,85,60
6525,1604353,98.1992792792793,94.74,100,111,38,73
6526,1604762,100,100,100,149,74,75
6527,1605688,98.3334444444445,97.87,98.84,180,94,86
6528,1605908,100,100,100,199,104,95
6529,1606146,97.816174863388,95.88,100,183,97,86
6530,1606556,95.4020689655172,94.62,96.3,174,93,81
6531,1606647,100,100,100,190,106,84
6532,1606830,100,100,100,165,79,86
6533,1606938,99.3431578947368,98.72,100,152,78,74
6534,1606982,93.6622535211268,96.2,90.48,142,79,63
6535,1607393,99.3961818181818,100,98.77,165,84,81
6536,1607455,98.6091666666667,98.68,98.53,144,76,68
6537,1607629,100,100,100,158,83,75
6538,1607803,98.7593167701863,98.97,98.44,161,97,64
6539,1607968,98.7340506329114,100,97.26,158,85,73
6540,1608129,97.2222222222222,90,100,108,30,78
6541,1608243,97.9842281879194,98.91,96.49,149,92,57
6542,1608465,99.4365168539326,100,98.82,178,93,85
6543,1608588,99.3936363636363,98.85,100,165,87,78
6544,1609069,99.3024475524475,98.67,100,143,75,68
6545,1610075,100,100,100,154,87,67
6546,1610184,98.5528985507246,98.8,98.18,138,83,55
6547,1610552,96.3529197080292,98.67,93.55,137,75,62
6548,1610573,100,100,100,135,84,51
6549,1610767,98.3590163934426,100,96.15,122,70,52
6550,1610817,95.347984496124,98.68,90.57,129,76,53
6551,1610853,95.5722123893805,97.14,93.02,113,70,43
6552,1611451,98.7419496855346,97.59,100,159,83,76
6553,1611808,98.6416326530612,97.44,100,147,78,69
6554,1612311,99.1370689655172,100,98.46,116,51,65
6555,1612966,98.95,100,98.25,95,38,57
6556,1612976,97.8421582733813,97.7,98.08,139,87,52
6557,1613319,95.455303030303,91.43,100,132,70,62
6558,1613807,100,100,100,114,87,27
6559,1613960,100,100,100,124,81,43
6560,1613987,100,100,100,106,57,49
6561,1614480,100,100,100,114,67,47
6562,1614808,97.2972972972973,97.22,97.44,111,72,39
6563,1614940,97.4365811965812,100,93.48,117,71,46
6564,1615296,100,100,100,96,60,36
6565,1615479,97.8502150537634,97.83,97.87,93,46,47
6566,1616249,91.25125,94,86.67,80,50,30
6567,1616310,98.53,98.04,100,68,51,17
6568,1616442,94.4446666666667,98.08,89.47,90,52,38
6569,1616453,98.8647727272727,100,97.3,88,51,37
6570,1616941,98.4589230769231,100,98.11,65,12,53
6571,1616947,97.8050549450549,98.44,96.3,91,64,27
6572,1616987,99.1438461538462,98.41,100,117,63,54
6573,1617271,100,100,100,121,57,64
6574,1617343,100,100,100,113,64,49
6575,1617406,98.1481481481482,96,100,108,50,58
6576,1617955,96.7394565217391,100,90.91,92,59,33
6577,1617967,100,100,100,143,74,69
6578,1618331,100,100,100,120,67,53
6579,1618421,99.2251162790698,98.53,100,129,68,61
6580,1619136,96.5527586206896,94.23,98.44,116,52,64
6581,1619196,96.0334126984127,98.36,93.85,126,61,65
6582,1619346,100,100,100,115,50,65
6583,1619625,92.4993333333333,98.44,85.71,120,64,56
6584,1620446,100,100,100,120,58,62
6585,1620644,98.4637692307692,100,96.83,130,67,63
6586,1620779,99.0899090909091,97.87,100,110,47,63
6587,1621459,99.1283478260869,98.21,100,115,56,59
6588,1622448,100,100,100,104,49,55
6589,1623407,100,100,100,83,34,49
6590,1623471,98.747625,97.67,100,80,43,37
6591,1623674,97.7002298850575,95.12,100,87,41,46
6592,1623846,97.4353846153846,97.62,97.22,78,42,36
6593,1624175,98.8775280898876,100,97.78,89,44,45
6594,1624864,98.7956626506024,100,98.04,83,32,51
6595,1624978,99.0012,97.73,100,100,44,56
6596,1625416,100,100,100,115,54,61
6597,1625441,95.9986,100,92.98,100,43,57
6598,1625620,98.1818181818182,96,100,110,50,60
6599,1626175,100,100,100,111,46,65
6600,1626331,97.59832,96.15,98.63,125,52,73
6601,1626517,98.53,98.53,98.53,136,68,68
6602,1626578,99.2623529411765,98.68,100,136,76,60
6603,1626676,100,100,100,155,74,81
6604,1627318,96.8775,95.56,98.04,96,45,51
6605,1627520,98.5921126760563,100,97.06,142,74,68
6606,1628007,100,100,100,140,72,68
6607,1628842,100,100,100,140,65,75
6608,1629000,99.233,98.31,100,130,59,71
6609,1629123,98.0231683168317,97.44,98.39,101,39,62
6610,1629228,99.0975675675676,100,98.11,111,58,53
6611,1629296,100,100,100,113,43,70
6612,1629568,97.4592372881356,98.18,96.83,118,55,63
6613,1629735,96.8429473684211,100,93.48,95,49,46
6614,1630179,100,100,100,102,50,52
6615,1630282,98.9015384615385,98.04,100,91,51,40
6616,1630491,100,100,100,81,43,38
6617,1630866,96.4307142857143,92.11,100,84,38,46
6618,1631047,98.7963855421687,100,97.78,83,38,45
6619,1631141,98.6855263157895,97.3,100,76,37,39
6620,1631153,98.5731428571429,100,97.73,70,26,44
6621,1631447,100,100,100,89,37,52
6622,1631516,97.6166666666667,100,95.45,84,40,44
6623,1632074,96.7725806451613,93.1,100,62,29,33
6624,1632380,77.0511475409836,56,91.67,61,25,36
6625,1633662,91.3794827586207,96.97,84,58,33,25
6626,1633812,94.3379245283019,85.71,100,53,21,32
6627,1633836,98.18,100,96.15,55,29,26
6628,1634430,98.72,100,96.88,78,46,32
6629,1634509,98.6668,100,96.97,75,42,33
6630,1634676,100,100,100,85,47,38
6631,1635450,98.572,100,95.24,70,49,21
6632,1635973,100,100,100,72,33,39
6633,1636006,100,100,100,78,39,39
6634,1636140,98.81,97.96,100,84,49,35
6635,1636570,98.3632786885246,97.44,100,61,39,22
6636,1636685,98.5302941176471,97.37,100,68,38,30
6637,1637051,90.3884615384616,89.29,91.67,52,28,24
6638,1637302,85.1855555555556,86.67,83.33,54,30,24
6639,1637443,76.9248076923077,66.67,88,52,27,25
6640,1638008,78.2582608695652,73.68,81.48,46,19,27
6641,1638035,95.655652173913,94.74,96.3,46,19,27
6642,1639067,87.6929230769231,87.5,87.88,65,32,33
6643,1639210,100,100,100,65,31,34
6644,1639665,96.9230769230769,100,93.75,65,33,32
6645,1640630,86,84,88,50,25,25
6646,1640922,47.058431372549,32.14,65.22,51,28,23
6647,1641259,75.5057142857143,61.9,85.71,49,21,28
6648,1642102,93.1802272727273,96.77,84.62,44,31,13
6649,1643285,98.1122641509434,96.55,100,106,58,48
6650,1643396,99.0638317757009,100,98.11,107,54,53
6651,1643450,98.9707216494845,100,97.44,97,58,39
6652,1643567,95.8368055555556,94.55,100,72,55,17
6653,1644316,98.0942857142857,98.18,98,105,55,50
6654,1644691,89.2493548387097,85.19,94.87,93,54,39
6655,1645240,97.7020689655172,94.12,100,87,34,53
6656,1645975,98.4258267716535,98.46,98.39,127,65,62
6657,1646907,97.4778151260504,98.36,96.55,119,61,58
6658,1647165,95.5757522123894,98.46,91.67,113,65,48
6659,1647192,98.2744827586207,100,95.83,116,68,48
6660,1647469,100,100,100,122,71,51
6661,1647689,95.4002298850575,98.46,86.36,87,65,22
6662,1648521,99.0291262135922,98,100,103,50,53
6663,1648914,98.4946616541353,98.63,98.33,133,73,60
6664,1650376,100,100,100,103,51,52
6665,1650718,100,100,100,112,62,50
6666,1650890,98.1835454545455,100,96.23,110,57,53
6667,1650914,99.0669158878505,100,97.44,107,68,39
6668,1651092,100,100,100,113,59,54
6669,1651191,100,100,100,82,47,35
6670,1651851,93.75,89.58,97.92,96,48,48
6671,1651889,98.9492631578947,97.83,100,95,46,49
6672,1651986,98.0563106796116,100,95.45,103,59,44
6673,1652020,97.8739361702128,100,94.29,94,59,35
6674,1652155,89.8894382022472,87.5,91.84,89,40,49
6675,1652178,96.5109302325581,96.43,96.55,86,28,58
6676,1652938,96.4729411764706,97.5,95.56,85,40,45
6677,1653044,96.2598130841121,91.3,100,107,46,61
6678,1653337,98.3220168067227,100,96.88,119,55,64
6679,1653389,97.5798387096774,98.15,97.14,124,54,70
6680,1653488,100,100,100,129,60,69
6681,1653505,99.1884552845528,98.39,100,123,62,61
6682,1653664,100,100,100,109,70,39
6683,1654149,94.0554455445545,96.36,91.3,101,55,46
6684,1654995,98.4833333333333,96.36,100,132,55,77
6685,1655134,98.46,96.92,100,130,65,65
6686,1655215,91.229298245614,86.36,94.29,114,44,70
6687,1655234,96.00208,94.74,97.06,125,57,68
6688,1655375,99.2853571428572,100,98.55,140,71,69
6689,1656320,98.6315068493151,98.72,98.53,146,78,68
6690,1656344,99.3147945205479,100,98.78,146,64,82
6691,1656550,97.9992,98.7,97.26,150,77,73
6692,1656760,95.6003773584906,97.37,93.98,159,76,83
6693,1656931,81.8165909090909,94.12,74.07,44,17,27
6694,1656936,95.1932692307692,98.15,92,104,54,50
6695,1657011,99.3208843537415,100,98.51,147,80,67
6696,1657215,96.2724223602485,97.5,95.06,161,80,81
6697,1657338,96.9872289156627,98.81,95.12,166,84,82
6698,1657636,100,100,100,158,83,75
6699,1657737,100,100,100,145,79,66
6700,1658397,99.3858895705522,98.9,100,163,91,72
6701,1658555,92.258064516129,98.82,84.29,155,85,70
6702,1658850,98.9196216216216,97.47,100,185,79,106
6703,1658970,97.828115942029,100,94.92,138,79,59
6704,1659396,98.421,97.7,99.03,190,87,103
6705,1659743,97.91515625,96.7,99.01,192,91,101
6706,1659855,99.4328409090909,98.39,100,176,62,114
6707,1659912,98.066,96.23,99.02,155,53,102
6708,1660185,97.1742372881356,98.84,95.6,177,86,91
6709,1660220,100,100,100,153,84,69
6710,1660481,95.7004301075269,94.32,96.94,186,88,98
6711,1661000,99.0092039800995,98.94,99.07,201,94,107
6712,1661150,98.4920603015075,97.78,99.08,199,90,109
6713,1661324,98.9403174603175,98.96,98.92,189,96,93
6714,1661334,96.9341717791411,96.47,97.44,163,85,78
6715,1661454,100,100,100,184,85,99
6716,1661642,97.3106451612903,98.89,95.83,186,90,96
6717,1661799,99.442,98.92,100,180,93,87
6718,1661981,97.9388659793814,96.81,99,194,94,100
6719,1662173,95.7052760736196,95.24,96.2,163,84,79
6720,1662305,96.611186440678,97.62,95.7,177,84,93
6721,1662380,96.9880722891566,98.99,94.03,166,99,67
6722,1662438,98.8786516853933,98.81,98.94,178,84,94
6723,1662588,84.891726618705,50,96.19,139,34,105
6724,1662704,97.7264772727273,100,95.06,176,95,81
6725,1662879,97.2975675675676,94,98.98,148,50,98
6726,1662965,95.8055688622754,95.74,95.89,167,94,73
6727,1663075,98.4926130653266,97.87,99.05,199,94,105
6728,1663806,98.2673410404624,100,94.55,173,118,55
6729,1664176,98.6072093023256,97.35,100,215,113,102
6730,1664404,99.5255238095238,100,99.06,210,104,106
6731,1664783,99.5539732142857,100,99.03,224,121,103
6732,1664882,99.1305217391304,99.15,99.11,230,118,112
6733,1665122,99.4721693121693,99.14,100,189,116,73
6734,1665304,98.0119402985075,98.25,97.7,201,114,87
6735,1665756,98.9563541666667,100,97.67,192,106,86
6736,1666110,95.7571515151515,91.53,98.11,165,59,106
6737,1666203,98.6288584474886,98.02,99.15,219,101,118
6738,1666215,97.0385798816568,99.08,93.33,169,109,60
6739,1666744,99.4616216216216,98.8,100,185,83,102
6740,1666899,99.5026865671642,100,98.98,201,103,98
6741,1667641,98.2551162790698,100,96.34,172,90,82
6742,1667902,100,100,100,159,85,74
6743,1668166,95.4300507614213,97.06,93.68,197,102,95
6744,1668187,97.0430769230769,98.61,95.88,169,72,97
6745,1668256,97.6316568047337,98.04,97.01,169,102,67
6746,1668460,97.0453694581281,99.01,95.1,203,101,102
6747,1668487,100,100,100,201,102,99
6748,1668532,98.4046276595745,96.63,100,188,89,99
6749,1668999,99.3994011976048,98.82,100,167,85,82
6750,1669068,100,100,100,152,57,95
6751,1669078,99.4363483146067,100,98.73,178,99,79
6752,1669669,97.5476073619632,98.78,96.3,163,82,81
6753,1670683,98.1915662650602,96.2,100,166,79,87
6754,1670749,93.3325185185185,98.59,87.5,135,71,64
6755,1671177,94.8127407407407,88.52,100,135,61,74
6756,1671810,97.4844025157233,98.88,95.71,159,89,70
6757,1672043,98.78,98.78,98.78,164,82,82
6758,1672087,99.4234482758621,100,98.86,174,86,88
6759,1672296,99.3813664596273,100,98.8,161,78,83
6760,1672321,99.3081379310345,98.48,100,145,66,79
6761,1672528,97.6166666666667,95.6,100,168,91,77
6762,1672705,100,100,100,163,92,71
6763,1672762,100,100,100,149,69,80
6764,1672839,99.4191860465116,100,98.65,172,98,74
6765,1672905,100,100,100,175,97,78
6766,1672974,98.796686746988,97.65,100,166,85,81
6767,1673925,97.4336538461539,95.29,100,156,85,71
6768,1674009,100,100,100,156,76,80
6769,1674298,99.2736231884058,98.21,100,138,56,82
6770,1674931,98.3316666666667,96.7,100,180,91,89
6771,1675158,98.3472727272727,100,90.91,121,99,22
6772,1675237,100,100,100,197,106,91
6773,1675432,100,100,100,198,114,84
6774,1675506,99.4742105263158,99.1,100,190,111,79
6775,1676095,98.8379069767442,100,97.37,172,96,76
6776,1676182,99.4299428571428,98.84,100,175,86,89
6777,1676317,98.8242941176471,100,97.47,170,91,79
6778,1676822,99.4384269662921,98.98,100,178,98,80
6779,1676962,97.7389830508475,98,97.4,177,100,77
6780,1677701,97.6726744186047,96.84,98.7,172,95,77
6781,1678046,97.498875,97.67,97.3,160,86,74
6782,1678764,100,100,100,177,79,98
6783,1678988,99.3791304347826,100,98.98,161,63,98
6784,1679057,99.2823021582734,98.28,100,139,58,81
6785,1679358,97.3397872340426,96.7,97.94,188,91,97
6786,1679731,99.4318181818182,98.75,100,176,80,96
6787,1679869,100,100,100,185,106,79
6788,1679989,100,100,100,196,95,101
6789,1680172,99.4186046511628,98.75,100,172,80,92
6790,1680424,98.8184615384615,98.75,98.88,169,80,89
6791,1681297,98.8815642458101,97.8,100,179,91,88
6792,1681525,99.487641025641,99.03,100,195,103,92
6793,1681615,99.2686131386861,98.33,100,137,60,77
6794,1682598,100,100,100,191,97,94
6795,1682754,98.9808673469388,100,97.65,196,111,85
6796,1683050,97.3866666666667,94.12,100,153,68,85
6797,1683108,94.8245402298851,94.38,95.29,174,89,85
6798,1683195,99.5261428571428,99.07,100,210,107,103
6799,1683305,96.8423157894737,98.15,95.12,190,108,82
6800,1683687,100,100,100,185,102,83
6801,1684011,99.3157534246575,100,98.89,146,56,90
6802,1684023,100,100,100,160,111,49
6803,1684272,93.0816981132075,87.69,96.81,159,65,94
6804,1684709,100,100,100,180,92,88
6805,1684998,97.9601020408163,99.02,96.81,196,102,94
6806,1685153,98.3158426966292,97.59,98.95,178,83,95
6807,1685318,98.3039548022599,97.06,99.08,177,68,109
6808,1685492,99.281726618705,100,98.44,139,75,64
6809,1685549,96.8529133858268,98.8,93.18,127,83,44
6810,1687002,100,100,100,190,92,98
6811,1687031,98.9403174603175,98.92,98.96,189,93,96
6812,1687130,100,100,100,192,94,98
6813,1687269,99.5073891625616,99,100,203,100,103
6814,1687374,96.6267415730337,93.94,98.21,89,33,56
6815,1687380,98.8775280898876,97.78,100,178,90,88
6816,1687395,100,100,100,183,88,95
6817,1687545,100,100,100,186,92,94
6818,1687871,95.3258878504673,98.61,88.57,107,72,35
6819,1687875,96.040099009901,78.95,100,101,19,82
6820,1688573,92.1965957446808,88.52,95,141,61,80
6821,1688958,98.7973493975904,100,97.83,166,74,92
6822,1690141,98.7640740740741,97.18,100,162,71,91
6823,1690185,100,100,100,181,92,89
6824,1690626,97.0588235294118,100,95,136,56,80
6825,1690642,98.7248407643312,100,97.4,157,80,77
6826,1690665,98.8634659090909,97.59,100,176,83,93
6827,1690717,98.6299315068493,100,97.59,146,63,83
6828,1690909,97.7798518518519,95.12,98.94,135,41,94
6829,1690990,98.8960220994475,100,98.06,181,78,103
6830,1691038,98.3432044198895,96.43,100,181,84,97
6831,1691137,100,100,100,192,89,103
6832,1691643,99.3583333333333,100,98.7,156,79,77
6833,1691892,97.0573529411765,93.1,100,136,58,78
6834,1692345,97.6740697674419,95.18,100,172,83,89
6835,1693392,98.8891666666667,100,97.85,180,87,93
6836,1693992,100,100,100,205,97,108
6837,1694363,100,100,100,190,85,105
6838,1694458,100,100,100,200,98,102
6839,1694698,99.009900990099,100,98,202,102,100
6840,1694750,100,100,100,194,96,98
6841,1695412,100,100,100,187,78,109
6842,1695563,98.3049152542373,95.89,100,177,73,104
6843,1695913,100,100,100,194,99,95
6844,1695979,100,100,100,187,100,87
6845,1696000,99.373,100,98.86,160,72,88
6846,1696203,97.50075,98.53,96.74,160,68,92
6847,1696244,98.883687150838,100,97.94,179,82,97
6848,1696570,98.5675,97.87,98.92,140,47,93
6849,1696667,100,100,100,149,89,60
6850,1697006,97.825,93.33,100,138,45,93
6851,1697397,98.7903636363636,98.77,98.81,165,81,84
6852,1698233,98.6127777777778,100,97.73,144,56,88
6853,1698356,98.7886666666667,97.47,100,165,79,86
6854,1698627,100,100,100,169,86,83
6855,1698972,99.3204081632653,100,98.65,147,73,74
6856,1699505,98.8761797752809,98.91,98.84,178,92,86
6857,1699775,97.6226190476191,98.8,95.35,126,83,43
6858,1699784,97.7262121212121,98.73,96.23,132,79,53
6859,1699796,98.6662,100,96.49,150,93,57
6860,1699811,99.4428888888889,98.91,100,180,92,88
6861,1700342,100,100,100,187,99,88
6862,1700982,95.0345390070922,100,86.79,141,88,53
6863,1701302,99.3694303797468,98.77,100,158,81,77
6864,1701512,100,100,100,142,69,73
6865,1701905,98.8186390532544,98.95,98.65,169,95,74
6866,1702004,98.7357594936709,97.65,100,158,85,73
6867,1702396,100,100,100,176,94,82
6868,1702590,99.329932885906,98.44,100,149,64,85
6869,1702915,100,100,100,178,91,87
6870,1703068,97.7454135338346,93.62,100,133,47,86
6871,1703550,98.0623870967742,100,95.77,155,84,71
6872,1703582,96.5812820512821,98.78,91.43,117,82,35
6873,1703760,100,100,100,136,64,72
6874,1703826,100,100,100,164,91,73
6875,1704123,97.4593220338983,98.77,94.59,118,81,37
6876,1704525,89.91,93.83,78.57,109,81,28
6877,1704581,96.0338888888889,97.47,93.62,126,79,47
6878,1705046,99.1610084033614,98.08,100,119,52,67
6879,1705057,99.2301538461538,98.61,100,130,72,58
6880,1705079,98.5925352112676,98.65,98.53,142,74,68
6881,1705176,98.590985915493,97.56,100,142,82,60
6882,1705634,100,100,100,127,75,52
6883,1705959,100,100,100,130,77,53
6884,1706448,97.5206611570248,94,100,121,50,71
6885,1706781,100,100,100,168,89,79
6886,1706811,99.325,98.65,100,148,74,74
6887,1706877,98.6036363636364,100,96.88,143,79,64
6888,1707273,99.4535519125683,99,100,183,100,83
6889,1707913,99.4030952380952,98.91,100,168,92,76
6890,1708087,99.4344632768362,99.09,100,177,110,67
6891,1708576,100,100,100,185,91,94
6892,1708672,100,100,100,168,79,89
6893,1708768,100,100,100,172,85,87
6894,1708864,99.3820987654321,98.7,100,162,77,85
6895,1708960,100,100,100,161,77,84
6896,1709056,99.3743125,98.59,100,160,71,89
6897,1709280,98.2371764705882,98.84,97.62,170,86,84
6898,1709460,99.3867484662577,100,98.81,163,79,84
6899,1709538,100,100,100,159,82,77
6900,1709769,99.2555970149254,100,98.25,134,77,57
6901,1710081,100,100,100,136,63,73
6902,1710153,100,100,100,144,83,61
6903,1710343,99.1610084033614,100,98.44,119,55,64
6904,1710627,99.3038888888889,100,98.21,144,88,56
6905,1711026,100,100,100,139,69,70
6906,1711050,100,100,100,156,83,73
6907,1711086,100,100,100,144,78,66
6908,1711547,99.3646496815287,100,98.67,157,82,75
6909,1711842,99.281726618705,100,98.44,139,75,64
6910,1712060,98.5317647058824,100,96.88,136,72,64
6911,1712124,97.7394736842105,97.01,98.48,133,67,66
6912,1712334,96.2093181818182,98.41,94.2,132,63,69
6913,1712340,100,100,100,110,68,42
6914,1713342,100,100,100,149,75,74
6915,1713462,99.3417763157895,100,98.55,152,83,69
6916,1713594,99.3574193548387,98.8,100,155,83,72
6917,1713753,99.2068253968254,100,97.37,126,88,38
6918,1713963,98.6831578947368,97.22,100,152,72,80
6919,1714114,100,100,100,160,76,84
6920,1714812,98.8825139664805,100,97.59,179,96,83
6921,1715071,100,100,100,166,71,95
6922,1715554,99.3990361445783,98.84,100,166,86,80
6923,1715634,98.5995804195804,96.77,100,143,62,81
6924,1716017,96.1282320441989,95.45,96.77,181,88,93
6925,1716044,99.3656050955414,98.8,100,157,83,74
6926,1716375,97.31,96.77,97.85,186,93,93
6927,1716441,97.0362222222222,97.67,96.74,135,43,92
6928,1716482,99.392,100,98.68,165,89,76
6929,1716540,100,100,100,197,100,97
6930,1716728,98.2138095238095,100,95.16,168,106,62
6931,1716768,97.9282383419689,98.99,96.81,193,99,94
6932,1717100,97.8266304347826,100,95.7,184,91,93
6933,1717122,99.4924365482234,98.99,100,197,99,98
6934,1717366,97.6998275862069,97.8,97.59,174,91,83
6935,1717664,99.4253448275862,98.99,100,174,99,75
6936,1717918,99.4299428571428,100,98.84,175,89,86
6937,1717930,100,100,100,137,74,63
6938,1718817,99.1518644067797,100,97.22,118,82,36
6939,1719007,99.2812949640288,98.65,100,139,74,65
6940,1719322,99.335761589404,98.82,100,151,85,66
6941,1719484,96.5277777777778,100,90,144,94,50
6942,1719752,97.4369230769231,97.06,97.96,117,68,49
6943,1720526,98.9422222222222,98.04,100,189,102,87
6944,1720573,97.740395480226,95.79,100,177,95,82
6945,1720801,92.9926114649681,84.72,100,157,72,85
6946,1721065,98.236,98.77,97.75,170,81,89
6947,1721166,97.589156626506,95.4,100,166,87,79
6948,1721472,100,100,100,141,86,55
6949,1721486,98.8264705882353,98.95,98.67,170,95,75
6950,1721507,99.3175342465753,98.94,100,146,94,52
6951,1721958,100,100,100,170,78,92
6952,1722625,99.5002,99.02,100,200,102,98
6953,1723139,99.5262264150943,99.07,100,212,108,104
6954,1723427,96.9215384615385,95.83,97.98,195,96,99
6955,1723659,100,100,100,173,89,84
6956,1723715,99.4902551020408,99.03,100,196,103,93
6957,1723898,99.3260135135135,100,98.67,148,73,75
6958,1724191,97.6171428571429,96.25,98.86,168,80,88
6959,1724320,98.4293193717277,100,96,191,116,75
6960,1724374,99.2945774647887,98.11,100,142,53,89
6961,1724491,99.4871794871795,99,100,195,100,95
6962,1725273,100,100,100,204,106,98
6963,1725321,100,100,100,189,95,94
6964,1725504,98.8738764044944,100,97.89,178,83,95
6965,1726372,100,100,100,192,85,107
6966,1726422,99.4596756756757,98.98,100,185,98,87
6967,1726701,98.7724539877301,100,98.13,163,56,107
6968,1727082,99.4979396984925,99.03,100,199,103,96
6969,1727188,97.4,96.1,98.7,154,77,77
6970,1727263,99.5110294117647,99.05,100,204,105,99
6971,1727344,100,100,100,189,100,89
6972,1727595,100,100,100,186,91,95
6973,1727653,100,100,100,174,94,80
6974,1728180,99.43,100,98.86,176,88,88
6975,1728410,98.2052694610778,99.06,96.72,167,106,61
6976,1728597,97.7784444444444,84.62,100,90,13,77
6977,1728603,100,100,100,149,97,52
6978,1728720,100,100,100,156,87,69
6979,1729286,100,100,100,163,108,55
6980,1729405,100,100,100,171,92,79
6981,1729474,100,100,100,178,103,75
6982,1729540,100,100,100,168,101,67
6983,1729775,100,100,100,145,86,59
6984,1730270,98.8679096045198,100,97.67,177,91,86
6985,1730567,100,100,100,176,89,87
6986,1730738,100,100,100,170,111,59
6987,1730875,100,100,100,178,96,82
6988,1730894,99.4457458563536,100,98.68,181,105,76
6989,1730989,99.4595652173913,99.12,100,184,113,71
6990,1731070,98.7940963855422,98.91,98.65,166,92,74
6991,1731596,99.5071428571428,99.13,100,203,115,88
6992,1731812,95.4211450381679,85.37,100,131,41,90
6993,1732513,99.4614054054054,98.94,100,185,94,91
6994,1732564,100,100,100,204,112,92
6995,1732730,100,100,100,203,99,104
6996,1732847,99.5169417475728,99.07,100,206,107,99
6997,1733309,100,100,100,198,104,94
6998,1733369,100,100,100,206,110,96
6999,1733618,100,100,100,187,98,89
7000,1733803,99.469414893617,100,98.67,188,113,75
7001,1733839,100,100,100,148,87,61
7002,1734052,98.8491379310345,100,97.75,174,85,89
7003,1734459,99.3190476190476,98.9,100,147,91,56
7004,1735102,100,100,100,171,92,79
7005,1735723,99.4282857142857,98.85,100,175,87,88
7006,1736016,99.4413407821229,99,100,179,100,79
7007,1736505,98.9316042780749,98.78,99.05,187,82,105
7008,1737490,97.5906024096385,95.96,100,166,99,67
7009,1737669,92.501625,95.88,87.3,160,97,63
7010,1737907,99.4952763819095,99.07,100,199,108,91
7011,1738072,98.9195675675676,100,97.37,185,109,76
7012,1738468,99.4584782608696,98.94,100,184,94,90
7013,1738657,100,100,100,208,114,94
7014,1738711,100,100,100,193,102,91
7015,1738763,100,100,100,195,113,82
7016,1739467,97.030297029703,97.06,97,202,102,100
7017,1739566,100,100,100,184,100,84
7018,1740811,100,100,100,126,52,74
7019,1740847,99.4472375690608,98.85,100,181,87,94
7020,1740973,100,100,100,169,89,80
7021,1741122,97.7286363636364,96.34,98.94,176,82,94
7022,1741246,66.0532110091743,75,56.6,109,56,53
7023,1741388,98.236,100,96.43,170,86,84
7024,1741807,100,100,100,151,59,92
7025,1742101,99.4080473372781,100,98.78,169,87,82
7026,1742173,96.2358646616541,97.01,95.45,133,67,66
7027,1742233,98.7112903225807,98.75,98.67,155,80,75
7028,1742245,93.2755462184874,78.12,98.85,119,32,87
7029,1742600,97.7410526315789,98.21,97.4,133,56,77
7030,1742688,98.7158974358974,98.75,98.68,156,80,76
7031,1742881,97.0214285714286,98.75,95.45,168,80,88
7032,1743628,98.1469135802469,100,96.2,162,83,79
7033,1743815,98.8885,97.53,100,180,81,99
7034,1744148,100,100,100,168,81,87
7035,1744685,99.364076433121,100,98.96,157,61,96
7036,1745103,99.4042857142857,98.61,100,168,72,96
7037,1745306,98.7082580645161,97.18,100,155,71,84
7038,1745355,100,100,100,169,78,91
7039,1745494,99.3656050955414,100,98.8,157,74,83
7040,1745711,98.6927450980392,98.63,98.75,153,73,80
7041,1745952,97.7602985074627,92.68,100,134,41,93
7042,1746121,90.2779166666667,76.47,97.85,144,51,93
7043,1746279,77.0374074074074,50.91,95,135,55,80
7044,1746856,91.595462184874,95.38,87.04,119,65,54
7045,1747170,95.7672881355932,96.83,94.55,118,63,55
7046,1747408,98.1951807228916,98.72,97.73,166,78,88
7047,1747453,99.3589743589744,100,98.75,156,76,80
7048,1747531,98.125875,100,96.81,160,66,94
7049,1747608,97.8417985611511,98.51,97.22,139,67,72
7050,1747927,99.3703773584906,98.59,100,159,71,88
7051,1747975,97.3434513274336,97.37,97.33,113,38,75
7052,1748017,98.43875,97.92,98.75,128,48,80
7053,1749281,100,100,100,169,74,95
7054,1749555,100,100,100,165,73,92
7055,1749966,100,100,100,173,77,96
7056,1750166,97.62,97.22,97.92,168,72,96
7057,1750257,99.3783850931677,98.61,100,161,72,89
7058,1750484,99.3605128205128,100,98.84,156,70,86
7059,1750667,100,100,100,145,68,77
7060,1751231,99.1085714285714,98.08,100,112,52,60
7061,1751758,99.2044444444444,98.21,100,126,56,70
7062,1751878,94.8761538461539,91.53,98.28,117,59,58
7063,1751912,95.0479207920792,100,89.58,101,53,48
7064,1751920,96.1546153846154,95.24,97.56,104,63,41
7065,1751950,97.6734108527132,96.23,98.68,129,53,76
7066,1752068,98.4153968253968,98.39,98.44,126,62,64
7067,1752100,97.4148275862069,98.11,96.83,116,53,63
7068,1752598,99.0394230769231,97.3,100,104,37,67
7069,1752896,98.3608196721312,100,96.97,122,56,66
7070,1753087,100,100,100,95,50,45
7071,1753195,100,100,100,100,42,58
7072,1753629,93.3958490566038,90.38,96.3,106,52,54
7073,1754022,99.0657943925234,98.04,100,107,51,56
7074,1754133,96.9109278350516,95.56,98.08,97,45,52
7075,1754463,97.8522580645161,97.92,97.78,93,48,45
7076,1754681,93.5033766233766,97.22,90.24,77,36,41
7077,1755061,96.2025316455696,94,100,79,50,29
7078,1756085,98.2765517241379,100,96.43,116,60,56
7079,1756232,99.2060317460317,100,98.36,126,65,61
7080,1756487,98.9917171717172,100,98.39,99,37,62
7081,1756550,99.0575471698113,100,98.15,106,52,54
7082,1756817,100,100,100,111,61,50
7083,1756964,100,100,100,133,67,66
7084,1757314,95.0023,95.35,94.74,100,43,57
7085,1757503,98.4085714285714,98.33,98.48,126,60,66
7086,1757874,98.480606060606,98.68,98.21,132,76,56
7087,1758028,100,100,100,161,83,78
7088,1758532,96.5983673469388,98.72,94.2,147,78,69
7089,1759021,97.565243902439,98.8,96.3,164,83,81
7090,1759348,99.3945454545455,100,98.89,165,75,90
7091,1759558,98.254011627907,97.47,98.92,172,79,93
7092,1759757,100,100,100,146,62,84
7093,1759964,100,100,100,155,74,81
7094,1760093,99.4029761904762,100,98.82,168,83,85
7095,1760231,100,100,100,170,73,97
7096,1760626,100,100,100,179,86,93
7097,1760653,97.1017391304348,93.62,98.9,138,47,91
7098,1760842,99.3295302013423,98.65,100,149,74,75
7099,1760983,99.3933333333333,100,98.9,165,74,91
7100,1761235,99.1621008403361,98.31,100,119,59,60
7101,1761264,100,100,100,153,64,89
7102,1761619,100,100,100,133,70,63
7103,1762291,100,100,100,152,79,73
7104,1762652,100,100,100,161,77,84
7105,1762681,100,100,100,155,74,81
7106,1762880,99.3770186335404,100,98.82,161,76,85
7107,1762925,100,100,100,150,71,79
7108,1763485,100,100,100,134,60,74
7109,1763492,97.6896153846154,97.33,98.18,130,75,55
7110,1764186,98.4621538461538,100,96.43,130,74,56
7111,1764933,97.371447368421,95.95,98.72,152,74,78
7112,1765105,99.2568888888889,100,98.48,135,69,66
7113,1765777,98.6315068493151,96.3,100,146,54,92
7114,1766091,100,100,100,158,75,83
7115,1766805,98.6287671232877,100,97.4,146,69,77
7116,1766817,100,100,100,159,72,87
7117,1766890,100,100,100,129,63,66
7118,1766995,100,100,100,111,47,64
7119,1767003,100,100,100,95,63,32
7120,1767273,100,100,100,148,74,74
7121,1767559,100,100,100,164,73,91
7122,1767957,99.2585185185185,100,98.46,135,70,65
7123,1768161,100,100,100,127,50,77
7124,1768187,99.3161643835616,98.44,100,146,64,82
7125,1768213,99.2659558823529,98.51,100,136,67,69
7126,1768299,97.7946323529412,98.51,97.1,136,67,69
7127,1768447,99.2360305343511,100,98.61,131,59,72
7128,1768486,100,100,100,132,59,73
7129,1768575,99.2301538461538,100,98.61,130,58,72
7130,1769245,100,100,100,123,55,68
7131,1769399,99.2365648854962,100,98.63,131,58,73
7132,1769485,99.159243697479,100,98.55,119,50,69
7133,1769818,100,100,100,138,68,70
7134,1769998,100,100,100,132,58,74
7135,1770046,100,100,100,130,61,69
7136,1770336,97.3451327433628,100,95,113,53,60
7137,1770748,100,100,100,107,47,60
7138,1770915,97.2443119266055,97.87,96.77,109,47,62
7139,1770952,95.761186440678,94.34,96.92,118,53,65
7140,1771270,98.26,100,96.55,115,57,58
7141,1771809,96.5518965517241,98.15,95.16,116,54,62
7142,1772082,96.8257142857143,100,93.94,126,60,66
7143,1772313,97.3453982300885,98.11,96.67,113,53,60
7144,1772360,96.9371428571429,100,95.31,98,34,64
7145,1772698,97.69,100,96.15,130,52,78
7146,1772722,99.159243697479,100,98.55,119,50,69
7147,1773049,99.2423484848485,100,98.63,132,59,73
7148,1774336,100,100,100,132,61,71
7149,1774345,100,100,100,133,63,70
7150,1774708,100,100,100,148,64,84
7151,1775022,100,100,100,75,42,33
7152,1775026,97.3692105263158,84.62,100,76,13,63
7153,1775050,100,100,100,148,69,79
7154,1775275,99.3443137254902,98.68,100,153,76,77
7155,1775804,92.5601652892562,77.78,98.82,121,36,85
7156,1776023,95.8703305785124,96.23,95.59,121,53,68
7157,1776344,100,100,100,145,46,99
7158,1776350,100,100,100,105,73,32
7159,1776619,98.4603076923077,100,95.83,130,82,48
7160,1777293,98.33575,96.83,100,120,63,57
7161,1777545,100,100,100,147,55,92
7162,1777707,99.4323295454546,100,98.97,176,79,97
7163,1777722,99.2812949640288,97.78,100,139,45,94
7164,1777925,100,100,100,182,88,94
7165,1778033,100,100,100,150,60,90
7166,1778066,100,100,100,171,76,95
7167,1778112,100,100,100,168,79,89
7168,1778321,100,100,100,165,80,85
7169,1778519,96.3477372262774,97.14,95.52,137,70,67
7170,1778550,97.5614634146341,97.62,97.5,164,84,80
7171,1779041,99.3624203821656,100,98.46,157,92,65
7172,1779212,99.2584444444444,100,97.87,135,88,47
7173,1779478,98.0915286624204,96.39,100,157,83,74
7174,1779726,98.2654335260115,96.59,100,173,88,85
7175,1779938,99.4209302325581,100,98.8,172,89,83
7176,1779956,100,100,100,183,91,92
7177,1780809,99.487641025641,100,99.03,195,92,103
7178,1780827,98.3541758241758,98.89,97.83,182,90,92
7179,1781158,98.9602083333333,100,97.83,192,100,92
7180,1781178,98.7803048780488,100,97.59,164,81,83
7181,1781190,98.7662345679012,100,97.47,162,83,79
7182,1781924,99.43125,100,98.9,176,85,91
7183,1781980,98.7118064516129,98.28,98.97,155,58,97
7184,1781987,100,100,100,180,102,78
7185,1782289,100,100,100,178,94,84
7186,1782388,99.328322147651,100,98.61,149,77,72
7187,1782493,100,100,100,151,58,93
7188,1782610,99.4820725388601,100,99.02,193,91,102
7189,1782640,99.4411173184357,100,98.78,179,97,82
7190,1783200,99.4282857142857,100,98.85,175,88,87
7191,1783257,98.8565714285714,100,97.7,175,88,87
7192,1783899,96.5544827586207,95.56,97.62,174,90,84
7193,1784076,100,100,100,183,93,90
7194,1784280,97.5,97.14,97.78,160,70,90
7195,1784455,98.8180473372781,100,97.65,169,84,85
7196,1784693,94.06,100,77.78,101,74,27
7197,1784804,94.166,83.33,98.81,120,36,84
7198,1785157,99.3145205479452,100,98.61,146,74,72
7199,1785179,100,100,100,134,63,71
7200,1785185,100,100,100,137,80,57
7201,1785425,100,100,100,147,71,76
7202,1785517,100,100,100,147,83,64
7203,1785670,100,100,100,161,72,89
7204,1785842,99.2993006993007,100,98.33,143,83,60
7205,1785902,99.3464052287582,98.75,100,153,80,73
7206,1786567,100,100,100,139,72,67
7207,1786603,100,100,100,155,84,71
7208,1787243,95.9646774193548,91.11,98.73,124,45,79
7209,1787461,93.5274820143885,92.96,94.12,139,71,68
7210,1787605,100,100,100,150,70,80
7211,1787764,99.2849285714286,98.59,100,140,71,69
7212,1787904,100,100,100,161,70,91
7213,1788189,99.30625,98.15,100,144,54,90
7214,1788240,98.6842105263158,100,97.5,152,72,80
7215,1788618,99.1436752136752,97.67,100,117,43,74
7216,1788625,100,100,100,117,60,57
7217,1788760,100,100,100,105,53,52
7218,1788942,99.3477922077922,100,98.92,154,61,93
7219,1789740,99.2857142857143,100,98.75,140,60,80
7220,1790090,99.3582692307692,98.59,100,156,71,85
7221,1790417,96.9496183206107,93.75,98.8,131,48,83
7222,1791247,93.2071844660194,98.44,84.62,103,64,39
7223,1791467,100,100,100,110,59,51
7224,1792516,100,100,100,130,47,83
7225,1792709,99.16575,97.87,100,120,47,73
7226,1792983,98.1633027522936,100,96.92,109,44,65
7227,1793476,99.3213605442177,98.28,100,147,58,89
7228,1793600,98.5908450704225,100,97.1,142,73,69
7229,1793945,100,100,100,151,62,89
7230,1794340,100,100,100,174,72,102
7231,1794374,99.1533898305085,100,98.15,118,64,54
7232,1794497,98.7405660377358,100,97.75,159,70,89
7233,1794542,98.6593959731544,100,97.65,149,64,85
7234,1794560,98.4267716535433,100,96.67,127,67,60
7235,1795040,98.4266929133858,96.23,100,127,53,74
7236,1795247,99.3865644171779,100,99.01,163,62,101
7237,1795394,96.9909022556391,98.55,95.31,133,69,64
7238,1795452,100,100,100,167,78,89
7239,1795663,100,100,100,157,73,84
7240,1795923,98.2613913043478,98.15,98.36,115,54,61
7241,1796085,97.7597014925373,97.1,98.46,134,69,65
7242,1796178,100,100,100,153,67,86
7243,1796335,99.3681012658228,98.72,100,158,78,80
7244,1796374,100,100,100,156,71,85
7245,1796394,99.1759504132231,98.31,100,121,59,62
7246,1796413,99.3791304347826,100,98.81,161,77,84
7247,1796565,99.441843575419,100,98.97,179,82,97
7248,1796695,99.3583333333333,98.46,100,156,65,91
7249,1796703,99.0211764705882,96.88,100,102,32,70
7250,1796803,100,100,100,138,53,85
7251,1796850,100,100,100,160,79,81
7252,1797135,100,100,100,159,78,81
7253,1797217,99.37525,98.53,100,160,68,92
7254,1797555,100,100,100,149,71,78
7255,1797729,100,100,100,164,81,83
7256,1797986,94.2426618705036,98.63,89.39,139,73,66
7257,1798419,100,100,100,150,66,84
7258,1799469,100,100,100,126,66,60
7259,1799838,98.4843181818182,100,96.49,132,75,57
7260,1800127,100,100,100,150,72,78
7261,1800145,99.2950704225352,100,98.7,142,65,77
7262,1800472,99.2431818181818,97.78,100,132,45,87
7263,1800697,98.423779527559,98.18,98.61,127,55,72
7264,1801146,100,100,100,140,52,88
7265,1801266,99.2484210526316,100,98.81,133,49,84
7266,1801324,97.1240287769784,94.64,98.8,139,56,83
7267,1801521,100,100,100,123,56,67
7268,1802250,100,100,100,112,50,62
7269,1802362,99.0211764705882,100,98.44,102,38,64
7270,1802395,100,100,100,109,53,56
7271,1802424,98.9571875,100,97.87,96,49,47
7272,1802526,94.7358947368421,100,88.37,95,52,43
7273,1802608,93.4590654205607,86.96,98.36,107,46,61
7274,1803488,79.2218181818182,82.86,76.19,77,35,42
7275,1805979,98.0933333333333,98.21,97.96,105,56,49
7276,1806144,96.3440243902439,95.35,97.44,82,43,39
7277,1806541,100,100,100,111,49,62
7278,1806850,100,100,100,126,62,64
7279,1807413,93.6158510638298,86.21,96.92,94,29,65
7280,1807638,98.3176470588235,100,97.14,119,49,70
7281,1807768,94.0584158415842,87.1,97.14,101,31,70
7282,1808285,96.00144,100,92.54,125,58,67
7283,1808871,99.1286956521739,100,98.33,115,55,60
7284,1809061,99.138275862069,100,98.53,116,48,68
7285,1809157,92.9289898989899,95.35,91.07,99,43,56
7286,1809456,96.0794117647059,98.15,93.75,102,54,48
7287,1809555,100,100,100,108,47,61
7288,1809914,100,100,100,96,52,44
7289,1809975,100,100,100,105,51,54
7290,1810064,99.1053571428571,100,98.33,112,52,60
7291,1810353,98.3733333333333,96.72,100,123,61,62
7292,1810403,100,100,100,116,58,58
7293,1810745,97.2958558558559,94.64,100,111,56,55
7294,1810760,96.9393877551021,95.65,98.08,98,46,52
7295,1810919,97.8729787234043,97.44,98.18,94,39,55
7296,1811168,97.3236607142857,100,94.55,112,57,55
7297,1811412,98.9911111111111,100,97.73,99,55,44
7298,1811466,100,100,100,95,52,43
7299,1812422,97.1683018867924,98.04,96.36,106,51,55
7300,1812753,90.004,90.48,89.29,70,42,28
7301,1813294,93.749375,91.84,95.74,96,49,47
7302,1813315,94.8965306122449,95.65,94.23,98,46,52
7303,1813449,100,100,100,89,52,37
7304,1813786,98.1963963963964,100,96.36,111,56,55
7305,1814138,100,100,100,128,62,66
7306,1814259,99.167,100,97.96,120,71,49
7307,1814330,100,100,100,99,32,67
7308,1814642,99.02,100,98.04,102,51,51
7309,1814921,96.1239534883721,95.45,96.83,129,66,63
7310,1814930,95.8671074380165,96.72,95,121,61,60
7311,1815080,99.2798561151079,98.46,100,139,65,74
7312,1815223,93.1501369863014,100,72.22,73,55,18
7313,1815518,99.2588888888889,98.55,100,135,69,66
7314,1815620,99.2643382352941,100,98.55,136,67,69
7315,1815702,94.3415094339623,97.92,91.38,106,48,58
7316,1815994,99.2240310077519,100,98.46,129,64,65
7317,1816551,99.1505084745763,100,98.21,118,62,56
7318,1816603,100,100,100,132,69,63
7319,1816680,100,100,100,116,55,61
7320,1816879,97.4776470588235,95.52,100,119,67,52
7321,1817247,100,100,100,122,61,61
7322,1817527,100,100,100,126,61,65
7323,1817781,95.6157894736842,96.3,95,114,54,60
7324,1817974,97.850752688172,97.56,98.08,93,41,52
7325,1818282,99.0123762376238,100,98.25,101,44,57
7326,1818342,99.1075,100,98.04,112,61,51
7327,1819161,100,100,100,106,42,64
7328,1819530,99.0893636363636,100,98.41,110,47,63
7329,1819641,100,100,100,124,61,63
7330,1819732,100,100,100,95,50,45
7331,1819797,100,100,100,124,62,62
7332,1820274,98.9881818181818,98.11,100,99,53,46
7333,1820499,100,100,100,129,61,68
7334,1820565,98.3717886178862,98.11,98.57,123,53,70
7335,1821936,100,100,100,133,64,69
7336,1822072,100,100,100,144,70,74
7337,1822182,99.3096551724138,98.57,100,145,70,75
7338,1822596,100,100,100,135,82,53
7339,1822768,100,100,100,151,78,73
7340,1822939,98.7893939393939,100,97.65,165,80,85
7341,1823095,97.712748091603,96,98.77,131,50,81
7342,1823107,100,100,100,153,79,74
7343,1823752,99.3058333333333,98.81,100,144,84,60
7344,1824308,98.2751724137931,95.12,100,116,41,75
7345,1824374,98.4962406015038,98.04,98.78,133,51,82
7346,1825025,99.2805755395683,100,98.75,139,59,80
7347,1825072,99.3190476190476,98.57,100,147,70,77
7348,1825312,99.3281879194631,100,98.7,149,72,77
7349,1825432,99.3827160493827,98.75,100,162,80,82
7350,1826261,100,100,100,146,88,58
7351,1826489,99.3374172185431,98.55,100,151,69,82
7352,1826673,98.7755828220859,98.88,98.65,163,89,74
7353,1826700,100,100,100,166,93,73
7354,1827030,100,100,100,180,105,75
7355,1827048,99.4459668508287,98.91,100,181,92,89
7356,1827063,98.6093055555556,96.77,100,144,62,82
7357,1827919,99.3882926829268,98.86,100,164,88,76
7358,1828075,99.4446666666667,100,98.81,180,96,84
7359,1828487,100,100,100,175,90,85
7360,1828650,98.7006493506493,97.1,100,154,69,85
7361,1829099,100,100,100,163,92,71
7362,1829430,100,100,100,181,88,93
7363,1829776,100,100,100,155,62,93
7364,1829842,99.3862576687117,98.78,100,163,82,81
7365,1830131,98.1712195121951,100,96.74,164,72,92
7366,1830421,100,100,100,171,87,84
7367,1830514,100,100,100,136,88,48
7368,1830738,100,100,100,167,81,86
7369,1830810,99.3414473684211,98.18,100,152,55,97
7370,1830922,98.871186440678,97.78,100,177,90,87
7371,1831245,98.6379591836735,97.18,100,147,71,76
7372,1831692,99.3690566037736,98.68,100,159,76,83
7373,1831711,97.9020979020979,95,100,143,60,83
7374,1831878,100,100,100,137,60,77
7375,1832241,96.5266666666667,98.68,94.12,144,76,68
7376,1832343,98.0392156862745,96,100,153,75,78
7377,1832743,99.217890625,98.59,100,128,71,57
7378,1832900,95.7266666666667,89.74,98.72,117,39,78
7379,1833050,98.5504347826087,98.73,98.31,138,79,59
7380,1833200,99.2919858156028,100,98.51,141,74,67
7381,1833483,95.7555151515152,91.78,98.91,165,73,92
7382,1833608,97.1225179856115,91.49,100,139,47,92
7383,1833945,98.2352941176471,96.25,100,170,80,90
7384,1834059,97.3130201342282,97.4,97.22,149,77,72
7385,1834198,98.6287671232877,100,97.14,146,76,70
7386,1835060,100,100,100,171,97,74
7387,1835289,97.3500662251656,95.06,100,151,81,70
7388,1835623,99.3842592592593,98.67,100,162,75,87
7389,1835690,100,100,100,138,45,93
7390,1835703,99.4422346368715,100,98.72,179,101,78
7391,1835974,99.45,98.9,100,182,91,91
7392,1836356,99.3783850931677,98.61,100,161,72,89
7393,1836692,99.495404040404,99.03,100,198,103,95
7394,1837064,99.4654545454545,98.98,100,187,98,89
7395,1837082,100,100,100,144,77,67
7396,1837097,98.8519540229885,97.73,100,174,88,86
7397,1837154,100,100,100,184,98,86
7398,1837284,99.2753623188406,97.5,100,138,40,98
7399,1837351,99.3175510204082,98.86,100,147,88,59
7400,1837659,99.426724137931,98.95,100,174,95,79
7401,1838118,96.7777419354839,94.51,98.95,186,91,95
7402,1838128,96.878125,95.5,100,160,111,49
7403,1838139,97.9054973821989,96.19,100,191,105,86
7404,1839135,99.4960804020101,100,98.91,199,107,92
7405,1839299,98.6481756756757,96.49,100,148,57,91
7406,1839324,98.9434920634921,99,98.88,189,100,89
7407,1839728,99.5177884615384,100,98.82,208,123,85
7408,1840322,98.8585714285714,98.72,98.97,175,78,97
7409,1840722,97.8714184397163,96.23,98.86,141,53,88
7410,1840865,100,100,100,186,94,92
7411,1840922,96.3824096385542,98.91,93.24,166,92,74
7412,1841569,100,100,100,179,92,87
7413,1841977,99.3716981132075,100,98.65,159,85,74
7414,1842375,87.7215789473684,96.83,76.47,114,63,51
7415,1842551,99.3208163265306,100,98.72,147,69,78
7416,1842579,98.610625,97.53,100,144,81,63
7417,1842771,100,100,100,128,52,76
7418,1843145,100,100,100,130,62,68
7419,1844129,98.3738211382114,97.26,100,123,73,50
7420,1844362,98.3984,98.57,98.18,125,70,55
7421,1844399,95.9364227642276,92.54,100,123,67,56
7422,1844513,98.40232,98.53,98.25,125,68,57
7423,1844947,94.1175630252101,95.31,92.73,119,64,55
7424,1845149,98.1315887850467,96.08,100,107,51,56
7425,1845417,98.4506201550388,98.59,98.28,129,71,58
7426,1845428,99.20144,100,97.83,125,79,46
7427,1845453,100,100,100,128,56,72
7428,1845783,100,100,100,143,70,73
7429,1845866,100,100,100,112,79,33
7430,1845890,100,100,100,141,64,77
7431,1846524,100,100,100,109,60,49
7432,1846646,99.275,100,98.85,138,51,87
7433,1847115,98.335,100,95.56,120,75,45
7434,1847127,100,100,100,161,80,81
7435,1847245,99.1806557377049,100,97.06,122,88,34
7436,1847464,97.65515625,95.65,98.78,128,46,82
7437,1847542,97.2461467889908,94.87,98.57,109,39,70
7438,1847695,99.313904109589,100,98.41,146,83,63
7439,1847791,98.2348235294118,97.59,98.85,170,83,87
7440,1847841,98.590985915493,100,96.72,142,81,61
7441,1847892,98.2602608695652,100,94.87,115,76,39
7442,1848654,98.2240828402367,97.56,98.85,169,82,87
7443,1849035,98.6365306122449,98.68,98.59,147,76,71
7444,1849105,98.8311695906433,97.47,100,171,79,92
7445,1849192,98.7630864197531,98.57,98.91,162,70,92
7446,1849369,99.4469613259669,98.9,100,181,91,90
7447,1849581,98.7735582822086,98.63,98.89,163,73,90
7448,1850148,100,100,100,165,78,87
7449,1850717,98.7292993630573,98.8,98.65,157,83,74
7450,1851289,99.3443137254902,100,98.48,153,87,66
7451,1851644,99.3656050955414,98.8,100,157,83,74
7452,1852140,100,100,100,133,69,64
7453,1852199,100,100,100,121,49,72
7454,1852305,99.2746376811594,98.57,100,138,70,68
7455,1852325,99.2950704225352,100,98.57,142,72,70
7456,1852733,99.0918181818182,100,97.78,110,65,45
7457,1852790,99.0848623853211,100,98.25,109,52,57
7458,1852901,98.3200840336134,98.31,98.33,119,59,60
7459,1853017,97.458813559322,94.83,100,118,58,60
7460,1853965,99.22,98.72,100,128,78,50
7461,1854216,97.192523364486,98.48,95.12,107,66,41
7462,1854231,99.2771739130435,100,98.25,138,81,57
7463,1854265,99.2985915492958,98.8,100,142,83,59
7464,1854376,98.5709285714286,97.53,100,140,81,59
7465,1854738,98.2923076923077,100,96.3,117,63,54
7466,1855532,99.3427631578947,100,98.65,152,78,74
7467,1855666,96.9216923076923,96.72,97.1,130,61,69
7468,1855870,98.7792682926829,100,98.18,82,27,55
7469,1855876,98.9571875,98.59,100,96,71,25
7470,1856414,100,100,100,115,56,59
7471,1857032,93.9753012048193,96.67,92.45,83,30,53
7472,1857138,100,100,100,93,41,52
7473,1857308,100,100,100,129,69,60
7474,1857527,98.1962162162162,95.74,100,111,47,64
7475,1858579,95.5335714285714,90.38,100,112,52,60
7476,1860096,100,100,100,139,72,67
7477,1860188,99.3110344827586,100,98.65,145,71,74
7478,1860281,99.3690566037736,100,98.68,159,83,76
7479,1860356,100,100,100,137,74,63
7480,1861429,8.6968115942029,11.27,5.97,138,71,67
7481,1861449,94.616,86.54,100,130,52,78
7482,1861598,100,100,100,146,71,75
7483,1862287,97.7108396946565,100,95.24,131,68,63
7484,1862521,91.5397692307692,95.08,88.41,130,61,69
7485,1862855,95.20128,100,86.96,125,79,46
7486,1862966,100,100,100,150,79,71
7487,1863006,100,100,100,151,76,75
7488,1863536,100,100,100,134,69,65
7489,1863746,97.8724822695035,98.53,97.26,141,68,73
7490,1863784,90.5140517241379,95.08,85.45,116,61,55
7491,1863944,96.9,94.74,98.61,129,57,72
7492,1864298,98.4854545454545,100,97.62,132,48,84
7493,1864394,98.473893129771,96.43,100,131,56,75
7494,1864472,100,100,100,146,69,77
7495,1864942,100,100,100,123,80,43
7496,1865103,97.4346153846154,98.81,95.83,156,84,72
7497,1865245,96.8985271317829,95.77,98.28,129,71,58
7498,1865313,97.3529801324503,97.26,97.44,151,73,78
7499,1865742,97.9712162162162,97.33,98.63,148,75,73
7500,1866185,100,100,100,128,74,54
7501,1866921,98.335,98.72,97.62,120,78,42
7502,1866999,99.1921774193548,100,98.11,124,71,53
7503,1867344,99.3083333333333,98.8,100,144,83,61
7504,1867679,100,100,100,138,75,63
7505,1867872,98.437265625,97.59,100,128,83,45
7506,1867922,97.9145833333333,100,95.38,144,79,65
7507,1868097,96.1249612403101,94.12,98.36,129,68,61
7508,1868186,99.2665441176471,98.67,100,136,75,61
7509,1868211,97.6897692307692,95.77,100,130,71,59
7510,1868333,97.7605223880597,98.63,96.72,134,73,61
7511,1868366,100,100,100,110,52,58
7512,1868454,100,100,100,103,56,47
7513,1868469,98.946947368421,97.56,100,95,41,54
7514,1868543,100,100,100,115,78,37
7515,1869054,94.1722330097087,89.58,98.18,103,48,55
7516,1869331,97.6393700787402,98.8,95.45,127,83,44
7517,1869685,95.4574545454545,97.3,91.67,110,74,36
7518,1869739,96.81,96.43,97.37,94,56,38
7519,1870452,81.25,72.34,93.94,80,47,33
7520,1870838,92.1057894736842,88.89,95,76,36,40
7521,1870988,98.0933333333333,100,95.45,105,61,44
7522,1872432,100,100,100,114,66,48
7523,1872516,97.1947663551402,95.31,100,107,64,43
7524,1872615,99.0834862385321,100,97.78,109,64,45
7525,1872675,100,100,100,81,54,27
7526,1873415,98.3734146341463,98.48,98.25,123,66,57
7527,1873781,99.1289565217391,100,98.11,115,62,53
7528,1873794,99.0581132075472,98.44,100,106,64,42
7529,1873806,100,100,100,109,54,55
7530,1873901,97.2623287671233,94.29,100,73,35,38
7531,1874174,96.7477235772358,95.89,98,123,73,50
7532,1874373,99.278273381295,100,98.48,139,73,66
7533,1875937,98.438125,97.06,100,128,68,60
7534,1876128,99.1938709677419,100,98.04,124,73,51
7535,1876336,99.0733333333333,98.61,100,108,72,36
7536,1876381,99.2544776119403,98.65,100,134,74,60
7537,1876468,100,100,100,118,64,54
7538,1876496,99.2341984732824,98.48,100,131,66,65
7539,1876576,100,100,100,144,75,69
7540,1876937,100,100,100,146,75,71
7541,1877539,95.539375,96.83,93.88,112,63,49
7542,1877722,100,100,100,128,63,65
7543,1878071,98.4520930232558,100,96.88,129,65,64
7544,1878336,98.5166666666667,98.41,98.61,135,63,72
7545,1878349,97.7271212121212,96.61,98.63,132,59,73
7546,1878376,99.3613461538461,98.77,100,156,81,75
7547,1878400,99.2747826086957,98.61,100,138,72,66
7548,1878625,97.7793333333333,96.88,98.59,135,64,71
7549,1879119,97.7431578947368,96.92,98.53,133,65,68
7550,1879197,98.6119444444444,97.37,100,144,76,68
7551,1879392,97.335,93.85,100,150,65,85
7552,1879463,98.0681935483871,98.77,97.3,155,81,74
7553,1879749,100,100,100,138,58,80
7554,1879757,99.2348091603053,100,98.21,131,75,56
7555,1880784,92.528275862069,94.68,90,174,94,80
7556,1881213,100,100,100,204,95,109
7557,1881252,99.0644859813084,100,98.18,214,104,110
7558,1881381,99.392,100,98.48,165,99,66
7559,1881939,95.945945945946,81.25,100,148,32,116
7560,1882414,98.8360465116279,97.4,100,172,77,95
7561,1882557,98.9056830601093,98.82,98.98,183,85,98
7562,1882666,99.3765,98.84,100,160,86,74
7563,1883605,100,100,100,159,106,53
7564,1883719,99.0552830188679,99.04,99.07,212,104,108
7565,1883927,99.5227272727273,100,99.05,209,104,105
7566,1883986,100,100,100,204,101,103
7567,1884067,98.9837563451777,100,98.18,197,87,110
7568,1884341,99.4262068965517,98.44,100,174,64,110
7569,1884379,100,100,100,181,94,87
7570,1884388,99.3837037037037,98.72,100,162,78,84
7571,1884756,100,100,100,211,102,109
7572,1884863,99.5057425742574,100,99.04,202,98,104
7573,1885161,100,100,100,214,105,109
7574,1885215,100,100,100,203,102,101
7575,1885341,100,100,100,202,104,98
7576,1885490,98.8571428571429,98,100,175,100,75
7577,1886128,99.4776963350785,98.84,100,191,86,105
7578,1886716,97.3165100671141,100,90.48,149,107,42
7579,1886763,97.563756097561,97.92,97.25,205,96,109
7580,1887024,100,100,100,157,87,70
7581,1887296,100,100,100,183,102,81
7582,1887507,100,100,100,190,99,91
7583,1887737,99.47921875,99.01,100,192,101,91
7584,1887776,99.4402247191011,98.94,100,178,94,84
7585,1887786,100,100,100,183,95,88
7586,1887813,100,100,100,147,47,100
7587,1887824,100,100,100,163,91,72
7588,1888232,98.5169801980198,97.94,99.05,202,97,105
7589,1888391,99.364203821656,100,98.39,157,95,62
7590,1889285,98.7400628930818,100,97.01,159,92,67
7591,1889448,98.6104166666667,100,96.55,144,86,58
7592,1889522,100,100,100,199,100,99
7593,1889633,98.9667525773196,100,97.89,194,99,95
7594,1889697,99.265,98.04,100,136,51,85
7595,1890050,97.0577647058823,98.96,94.59,170,96,74
7596,1890752,98.989898989899,100,98,198,98,100
7597,1891284,100,100,100,183,98,85
7598,1891466,100,100,100,181,92,89
7599,1891595,98.6688,100,96.88,150,86,64
7600,1891799,98.224674556213,100,95.89,169,96,73
7601,1891860,98.9198918918919,100,97.94,185,88,97
7602,1892024,100,100,100,126,87,39
7603,1892058,98.8441040462428,98.73,98.94,173,79,94
7604,1892181,100,100,100,185,92,93
7605,1892417,98.7936746987952,97.33,100,166,75,91
7606,1892568,100,100,100,164,84,80
7607,1892589,100,100,100,150,93,57
7608,1892844,99.3820987654321,100,98.9,162,71,91
7609,1892873,98.4483720930233,100,95.83,129,81,48
7610,1893005,98.8386046511628,100,97.73,172,84,88
7611,1894512,99.3066666666667,98.44,100,144,64,80
7612,1894673,100,100,100,141,71,70
7613,1894923,100,100,100,135,66,69
7614,1895067,100,100,100,153,77,76
7615,1895142,100,100,100,125,46,79
7616,1895649,100,100,100,169,83,86
7617,1895700,98.825,100,97.65,170,85,85
7618,1895871,100,100,100,181,93,88
7619,1896534,98.6508108108108,97.44,100,148,78,70
7620,1897026,99.3786335403727,100,98.78,161,79,82
7621,1897544,100,100,100,172,82,90
7622,1897593,99.2484210526316,97.62,100,133,42,91
7623,1897698,99.325,98.15,100,148,54,94
7624,1898445,99.382962962963,100,98.81,162,78,84
7625,1898717,98.6850657894737,100,97.47,152,73,79
7626,1898838,96.2628971962617,98.55,92.11,107,69,38
7627,1899541,98.75075,97.37,100,160,76,84
7628,1899585,99.4041666666667,98.7,100,168,77,91
7629,1900077,99.32,100,98.53,147,79,68
7630,1900171,98.53,100,97.06,136,68,68
7631,1900441,97.8259782608696,97.87,97.78,92,47,45
7632,1900446,97.3325333333333,96.15,97.96,75,26,49
7633,1900678,100,100,100,141,59,82
7634,1900759,100,100,100,115,70,45
7635,1900921,100,100,100,148,64,84
7636,1901247,100,100,100,136,63,73
7637,1901726,96.489649122807,93.18,98.57,114,44,70
7638,1901889,88.095,87.3,88.89,126,63,63
7639,1902147,99.1927419354839,100,98.18,124,69,55
7640,1902973,96.5783760683761,97.01,96,117,67,50
7641,1902994,97.1805633802817,97.14,97.22,71,35,36
7642,1902999,95.7764788732394,94.74,96.97,71,38,33
7643,1903144,98.1116037735849,100,94.59,106,69,37
7644,1903256,98.4245669291339,100,96.72,127,66,61
7645,1903496,100,100,100,90,63,27
7646,1903646,100,100,100,128,70,58
7647,1903860,100,100,100,105,43,62
7648,1904189,99.1135398230088,100,98.11,113,60,53
7649,1904258,99.1242105263158,100,97.92,114,66,48
7650,1904684,100,100,100,107,59,48
7651,1904858,100,100,100,97,53,44
7652,1904865,98.847816091954,98.21,100,87,56,31
7653,1905059,93.0239534883721,100,81.82,86,53,33
7654,1905074,98.0184158415842,98.21,97.78,101,56,45
7655,1905219,92.0467045454545,88.37,95.56,88,43,45
7656,1905844,98.2463157894737,100,96.08,114,63,51
7657,1906210,98.0957142857143,100,95.35,105,62,43
7658,1906228,100,100,100,102,65,37
7659,1906920,100,100,100,93,58,35
7660,1907212,100,100,100,91,51,40
7661,1907225,98.6508108108108,98.08,100,74,52,22
7662,1907675,96.7032967032967,100,90,91,61,30
7663,1908396,100,100,100,102,55,47
7664,1908680,99.0082178217822,98.41,100,101,63,38
7665,1909455,97.5045,96.83,98.25,120,63,57
7666,1909632,98.4827272727273,98.61,98.33,132,72,60
7667,1910085,94.323829787234,95.06,93.33,141,81,60
7668,1910669,97.22125,94.87,100,144,78,66
7669,1911377,97.8717021276596,97.75,98.08,141,89,52
7670,1911637,100,100,100,131,50,81
7671,1911663,98.0112582781457,95.71,100,151,70,81
7672,1911996,99.36,98.72,100,156,78,78
7673,1912305,99.285,98.46,100,140,65,75
7674,1912377,99.4111764705882,98.9,100,170,91,79
7675,1912396,95.9214285714286,94.32,98.31,147,88,59
7676,1912467,99.3975903614458,100,98.75,166,86,80
7677,1912822,100,100,100,165,86,79
7678,1912858,99.4166081871345,100,98.84,171,85,86
7679,1912885,100,100,100,163,90,73
7680,1913071,99.2853571428571,98.85,100,140,87,53
7681,1913294,98.6212413793103,100,96.43,145,89,56
7682,1913344,100,100,100,159,90,69
7683,1914475,98.6283561643836,100,96.77,146,84,62
7684,1914628,99.3501298701299,100,98.61,154,82,72
7685,1914727,100,100,100,158,94,64
7686,1915289,100,100,100,106,87,19
7687,1915360,98.6294520547945,100,96.55,146,88,58
7688,1915403,100,100,100,145,84,61
7689,1916157,88.0305128205128,98.68,68.29,117,76,41
7690,1916203,89.9213953488372,92.94,84.09,129,85,44
7691,1916985,99.4201156069364,100,98.68,173,97,76
7692,1917245,97.6338461538462,97.8,97.44,169,91,78
7693,1917399,96.39,91.67,98.31,83,24,59
7694,1917404,99.0116831683168,97.83,100,101,46,55
7695,1917760,100,100,100,149,65,84
7696,1917937,100,100,100,184,92,92
7697,1917988,99.1743801652893,97.3,100,121,37,84
7698,1917996,100,100,100,154,90,64
7699,1918015,99.3431578947368,98.72,100,152,78,74
7700,1918059,100,100,100,145,51,94
7701,1918128,99.295,100,98.59,142,71,71
7702,1918147,98.7956626506024,97.62,100,166,84,82
7703,1918327,99.46,100,98.92,186,93,93
7704,1918492,99.3686708860759,100,98.95,158,63,95
7705,1918777,98.92,100,97.78,185,95,90
7706,1918938,100,100,100,180,91,89
7707,1919099,100,100,100,167,82,85
7708,1919176,99.4532786885246,98.85,100,183,87,96
7709,1919509,100,100,100,175,93,82
7710,1919866,99.4203468208093,100,98.91,173,81,92
7711,1920839,99.2529850746269,100,98.9,134,43,91
7712,1921049,100,100,100,170,93,77
7713,1921223,99.41,98.82,100,170,85,85
7714,1921345,99.3953939393939,98.84,100,165,86,79
7715,1921733,99.4331638418079,100,98.73,177,98,79
7716,1921850,100,100,100,153,85,68
7717,1921979,98.7624074074074,98.92,98.55,162,93,69
7718,1922016,100,100,100,156,74,82
7719,1922224,100,100,100,164,75,89
7720,1922232,98.6960130718954,98.95,98.28,153,95,58
7721,1922427,97.7118285714286,98.78,96.77,175,82,93
7722,1922802,98.7795731707317,98.85,98.7,164,87,77
7723,1922844,98.064,100,95.16,155,93,62
7724,1922994,98.2236686390532,96.2,100,169,79,90
7725,1923431,98.2039520958084,97.98,98.53,167,99,68
7726,1923753,99.4514285714286,98.96,100,182,96,86
7727,1923821,99.3807407407407,98.86,100,162,88,74
7728,1923996,100,100,100,173,90,83
7729,1924275,100,100,100,179,97,82
7730,1924425,100,100,100,189,102,87
7731,1924572,98.59,98.59,98.59,142,71,71
7732,1925036,96.4698823529412,99.04,92.42,170,104,66
7733,1925133,97.3694736842105,97.62,97.06,152,84,68
7734,1925213,98.9324064171123,98.98,98.88,187,98,89
7735,1925624,98.9130434782609,99.02,98.78,184,102,82
7736,1925708,98.94,98.94,98.94,188,94,94
7737,1925761,98.8953591160221,99.04,98.7,181,104,77
7738,1926023,98.1922891566265,97.3,98.91,166,74,92
7739,1926165,87.5003977272727,97.7,77.53,176,87,89
7740,1926238,98.858,99.05,98.57,175,105,70
7741,1926321,100,100,100,187,86,101
7742,1926447,100,100,100,169,94,75
7743,1926691,97.2396551724138,98.55,96.05,145,69,76
7744,1927085,98.9033516483516,98.99,98.8,182,99,83
7745,1927424,98.255,100,96.51,172,86,86
7746,1927769,98.9701030927835,100,97.78,194,104,90
7747,1928012,99.5027722772277,99.07,100,202,108,94
7748,1928030,98.9378723404255,99.06,98.78,188,106,82
7749,1928193,99.0845871559633,99.17,98.98,218,120,98
7750,1928663,98.3448066298343,97.44,99.03,181,78,103
7751,1929081,99.4775,100,98.86,192,104,88
7752,1929249,99.4331638418079,98.73,100,177,79,98
7753,1929391,100,100,100,188,93,95
7754,1929636,100,100,100,173,98,75
7755,1930181,98.1116981132076,100,94.44,159,105,54
7756,1930205,98.2954545454545,99.04,97.22,176,104,72
7757,1930280,98.8944751381215,100,97.1,181,112,69
7758,1930640,97.9476923076923,97.87,98.02,195,94,101
7759,1931005,98.9155434782609,98.94,98.89,184,94,90
7760,1931127,98.2130952380952,100,96.05,168,92,76
7761,1931154,100,100,100,170,72,98
7762,1931767,95.6315048543689,100,91.09,206,105,101
7763,1931823,99.010099009901,99,99.02,202,100,102
7764,1932091,97.5759393939394,98.59,96.81,165,71,94
7765,1932098,94.9955,95.45,94.44,160,88,72
7766,1932311,98.5245320197044,96.88,100,203,96,107
7767,1932413,99.335,100,99.05,150,45,105
7768,1933385,100,100,100,204,100,104
7769,1933760,99.5,99,100,200,100,100
7770,1933772,99.4849230769231,98.92,100,195,93,102
7771,1934796,96.5532019704433,96.88,96.26,203,96,107
7772,1935100,99.4547826086957,98.86,100,184,88,96
7773,1935217,95.8566839378238,98.1,93.18,193,105,88
7774,1935359,98.295,97.98,98.7,176,99,77
7775,1935608,99.3516883116883,99.04,100,154,104,50
7776,1935659,96.6642,95.4,98.41,150,87,63
7777,1935694,98.53,98.04,99.02,204,102,102
7778,1935832,99.4857435897436,99.08,100,195,109,86
7779,1935994,98.8255882352941,98.8,98.85,170,83,87
7780,1936514,96.8104787234043,98.88,94.95,188,89,99
7781,1936748,98.2370588235294,100,96.67,170,80,90
7782,1936971,100,100,100,162,88,74
7783,1937514,93.7509659090909,89.66,97.75,176,87,89
7784,1937704,99.4518681318681,100,98.84,182,96,86
7785,1937785,98.125,96.25,100,160,80,80
7786,1938256,99.3845398773006,98.68,100,163,76,87
7787,1938456,100,100,100,160,74,86
7788,1938792,98.9300534759358,98.92,98.94,187,93,94
7789,1939240,97.8630481283422,98.97,96.67,187,97,90
7790,1939372,100,100,100,176,86,90
7791,1939390,100,100,100,154,94,60
7792,1939561,99.43125,100,98.9,176,85,91
7793,1939567,99.390487804878,100,98.53,164,96,68
7794,1939829,99.4831606217617,98.95,100,193,95,98
7795,1940059,100,100,100,209,109,100
7796,1940370,100,100,100,180,86,94
7797,1940814,100,100,100,186,100,86
7798,1941423,100,100,100,205,100,105
7799,1941747,98.6212413793103,100,95.24,145,103,42
7800,1942182,99.5551785714286,100,99.06,224,118,106
7801,1942212,100,100,100,207,115,92
7802,1943200,98.2747126436782,100,96.05,174,98,76
7803,1943407,99.4669518716578,100,98.88,187,98,89
7804,1943450,99.3990963855422,99.05,100,166,105,61
7805,1943657,97.4526114649682,97.62,97.26,157,84,73
7806,1943790,100,100,100,195,97,98
7807,1943880,99.4537704918033,99.02,100,183,102,81
7808,1944793,100,100,100,188,95,93
7809,1945013,98.7809756097561,100,97.62,164,80,84
7810,1945189,98.7317721518987,100,97.67,158,72,86
7811,1945297,100,100,100,160,80,80
7812,1945563,99.3770186335404,98.82,100,161,85,76
7813,1945711,98.750125,100,96.97,160,94,66
7814,1945750,100,100,100,149,84,65
7815,1945840,100,100,100,168,87,81
7816,1946368,99.3208163265306,100,98.08,147,95,52
7817,1947353,100,100,100,137,89,48
7818,1947493,98.3692934782609,97.85,98.9,184,93,91
7819,1947550,100,100,100,179,95,84
7820,1947733,99.4488950276243,98.95,100,181,95,86
7821,1948026,99.1233333333333,100,94.74,114,95,19
7822,1948295,99.316301369863,100,98.39,146,84,62
7823,1948537,100,100,100,144,100,44
7824,1948598,99.3421052631579,98.75,100,152,80,72
7825,1949377,100,100,100,164,59,105
7826,1949522,100,100,100,203,103,100
7827,1949584,100,100,100,178,107,71
7828,1949632,100,100,100,209,104,105
7829,1949668,100,100,100,203,98,105
7830,1949734,98.8902222222222,97.73,100,180,88,92
7831,1949828,98.9458201058201,98.8,99.06,189,83,106
7832,1949888,98.8127380952381,98.39,99.06,168,62,106
7833,1950367,100,100,100,154,50,104
7834,1950373,99.0740740740741,100,95,108,88,20
7835,1950422,100,100,100,191,82,109
7836,1950436,100,100,100,175,83,92
7837,1950871,98.3946524064171,100,96.84,187,92,95
7838,1951163,99.4537704918033,100,98.98,183,85,98
7839,1951216,98.43890625,100,97.09,192,89,103
7840,1951381,100,100,100,206,102,104
7841,1951449,99.4145614035088,100,98.59,171,100,71
7842,1951986,98.0943809523809,96.26,100,210,107,103
7843,1952169,94.7617619047619,97.03,92.66,210,101,109
7844,1952795,100,100,100,189,83,106
7845,1952886,100,100,100,195,84,111
7846,1953284,99.4469060773481,100,98.59,181,110,71
7847,1953445,99.4573913043478,100,98.72,184,106,78
7848,1953776,99.3394039735099,100,98.25,151,94,57
7849,1953892,100,100,100,149,109,40
7850,1953953,100,100,100,183,103,80
7851,1954082,100,100,100,193,106,87
7852,1954163,100,100,100,163,92,71
7853,1954346,100,100,100,139,54,85
7854,1954599,100,100,100,181,102,79
7855,1954749,100,100,100,180,112,68
7856,1954792,99.3749375,98.63,100,160,73,87
7857,1954854,96.5985714285714,99.02,91.11,147,102,45
7858,1954914,99.4489010989011,100,98.82,182,97,85
7859,1954921,98.0664516129032,96.67,100,155,90,65
7860,1955145,100,100,100,178,101,77
7861,1955206,98.7659259259259,100,96.43,162,106,56
7862,1955332,97.8383783783784,98.06,97.56,185,103,82
7863,1955367,98.15,100,95.95,162,88,74
7864,1955494,97.4338461538462,97.53,97.33,156,81,75
7865,1955554,99.3686075949367,98.84,100,158,86,72
7866,1955635,98.8510344827586,98.04,100,174,102,72
7867,1956208,99.3052083333333,100,98.55,144,75,69
7868,1956258,98.6603355704698,98.89,98.31,149,90,59
7869,1956460,99.3941818181818,100,98.53,165,97,68
7870,1956584,100,100,100,152,78,74
7871,1956627,97.0777777777778,94.74,100,171,95,76
7872,1956777,100,100,100,175,93,82
7873,1957021,97.225,97.78,96.3,144,90,54
7874,1957031,98.3057627118644,96.94,100,177,98,79
7875,1957257,99.2900709219858,100,98.18,141,86,55
7876,1957444,99.390243902439,100,98.75,164,84,80
7877,1957479,100,100,100,148,75,73
7878,1958403,97.0790510948905,95.31,98.63,137,64,73
7879,1959112,99.3167808219178,100,98.67,146,71,75
7880,1959305,97.3694736842105,97.06,97.62,152,68,84
7881,1959419,100,100,100,152,75,77
7882,1959484,99.1766115702479,98.77,100,121,81,40
7883,1959632,100,100,100,149,83,66
7884,1959724,100,100,100,148,79,69
7885,1960261,99.207619047619,100,98.08,126,74,52
7886,1960290,99.2294615384615,100,98.11,130,77,53
7887,1960324,98.6206896551724,97.5,100,145,80,65
7888,1960369,100,100,100,159,85,74
7889,1960782,100,100,100,150,78,72
7890,1960792,100,100,100,136,73,63
7891,1960873,97.9963333333333,97.18,98.73,150,71,79
7892,1960968,100,100,100,160,83,77
7893,1961053,100,100,100,152,79,73
7894,1961112,98.999,100,98.18,100,45,55
7895,1961236,99.2739130434783,98.33,100,138,60,78
7896,1961359,100,100,100,142,79,63
7897,1961533,100,100,100,153,81,72
7898,1961635,98.5702857142857,98.44,98.68,140,64,76
7899,1961676,99.3190476190476,100,98.46,147,82,65
7900,1961822,99.2380152671756,98.39,100,131,62,69
7901,1961836,95.2355555555556,90.62,100,126,64,62
7902,1962116,99.3554838709677,100,98.65,155,81,74
7903,1962374,97.6720930232558,100,95.71,129,59,70
7904,1963173,99.3610191082803,98.68,100,157,76,81
7905,1963341,99.3978313253012,98.81,100,166,84,82
7906,1963473,100,100,100,179,93,86
7907,1963509,100,100,100,149,84,65
7908,1963683,100,100,100,141,92,49
7909,1963815,100,100,100,168,90,78
7910,1963936,97.5445901639344,98.94,92.86,122,94,28
7911,1964229,99.4057142857143,100,98.72,168,90,78
7912,1964413,99.3554193548387,100,98.97,155,58,97
7913,1964647,99.49,98.81,100,196,84,112
7914,1964884,100,100,100,173,90,83
7915,1964959,97.1208633093525,95.24,98.68,139,63,76
7916,1964968,99.3978313253012,98.81,100,166,84,82
7917,1964989,98.3448066298343,97.65,98.96,181,85,96
7918,1965464,100,100,100,185,98,87
7919,1965938,98.0654193548387,100,94.83,155,97,58
7920,1965962,98.9808163265306,97.73,100,196,88,108
7921,1965991,99.3128965517241,100,98.77,145,64,81
7922,1966429,99.4697872340426,98.88,100,188,89,99
7923,1966562,100,100,100,178,77,101
7924,1966609,99.4487912087912,98.86,100,182,88,94
7925,1966738,98.7101935483871,100,97.06,155,87,68
7926,1966795,99.5008955223881,100,99.12,201,87,114
7927,1966879,100,100,100,202,85,117
7928,1966924,100,100,100,210,94,116
7929,1967515,98.8184615384615,98.75,98.88,169,80,89
7930,1967666,100,100,100,196,108,88
7931,1967809,100,100,100,179,88,91
7932,1967876,97.6199047619048,98.13,97.09,210,107,103
7933,1968391,100,100,100,225,112,113
7934,1968449,99.5353488372093,100,99.1,215,104,111
7935,1968654,97.914375,100,95.74,192,98,94
7936,1968664,99.0058706467662,100,98.06,201,98,103
7937,1968685,99.508431372549,99.08,100,204,109,95
7938,1969041,99.5280660377358,99.13,100,212,115,97
7939,1969246,97.3877777777778,95.45,98.17,153,44,109
7940,1969264,97.5961538461538,98.21,96.88,208,112,96
7941,1969554,99.49785,99.17,100,200,121,79
7942,1969669,100,100,100,227,110,117
7943,1969735,97.0160199004975,96.46,97.73,201,113,88
7944,1969747,99.0105940594059,99.21,98.68,202,126,76
7945,1969936,99.5188405797102,100,99.17,207,87,120
7946,1970127,98.6523423423423,98.5,98.88,222,133,89
7947,1970251,100,100,100,229,118,111
7948,1970383,100,100,100,222,112,110
7949,1970476,100,100,100,192,116,76
7950,1970522,100,100,100,209,108,101
7951,1970592,99.5634210526316,99.21,100,228,126,102
7952,1970926,98.6494594594595,99.05,98.29,222,105,117
7953,1971051,99.4977272727273,99.15,100,198,117,81
7954,1971255,99.5726923076923,100,99.01,234,133,101
7955,1971285,100,100,100,234,132,102
7956,1971448,100,100,100,228,136,92
7957,1971637,97.2216666666667,97.39,97.03,216,115,101
7958,1971828,98.5989719626168,97.37,100,214,114,100
7959,1972717,98.605488372093,97.37,100,215,114,101
7960,1972799,99.0400961538462,99.03,99.05,208,103,105
7961,1973211,99.485,99.03,100,194,103,91
7962,1973224,98.4057446808511,98.13,98.77,188,107,81
7963,1973534,100,100,100,190,105,85
7964,1973574,100,100,100,188,102,86
7965,1973702,100,100,100,182,103,79
7966,1973823,100,100,100,169,90,79
7967,1974176,98.877808988764,100,97.65,178,93,85
7968,1974299,99.4285142857143,100,98.63,175,102,73
7969,1974509,99.3488235294118,98.77,100,153,81,72
7970,1974668,98.8711299435028,99.03,98.65,177,103,74
7971,1975176,95.4154961832061,98.73,90.38,131,79,52
7972,1975509,100,100,100,141,85,56
7973,1975608,98.6377551020408,97.33,100,147,75,72
7974,1975801,99.335,98.67,100,150,75,75
7975,1975830,98.4854545454545,100,96.43,132,76,56
7976,1975869,99.335,98.67,100,150,75,75
7977,1975893,99.2374045801527,98.65,100,131,74,57
7978,1976034,99.2456390977444,100,98.73,133,54,79
7979,1976116,97.2991216216216,100,94.37,148,77,71
7980,1976183,99.3811801242236,100,98.77,161,80,81
7981,1976564,100,100,100,143,65,78
7982,1976814,99.3415789473684,98.61,100,152,72,80
7983,1976909,98.6851973684211,98.67,98.7,152,75,77
7984,1977558,97.9363917525773,100,94.59,97,60,37
7985,1977786,100,100,100,128,65,63
7986,1977846,98.5911267605634,98.63,98.55,142,73,69
7987,1977940,98.2615652173913,100,96.43,115,59,56
7988,1978469,84.9282191780822,93.02,73.33,73,43,30
7989,1979612,94.6677333333333,91.18,97.56,75,34,41
7990,1980371,100,100,100,122,56,66
7991,1980398,100,100,100,117,58,59
7992,1980936,100,100,100,102,36,66
7993,1981043,99.1579831932773,98.33,100,119,60,59
7994,1981227,97.752808988764,90,100,89,20,69
7995,1981331,98.5587769784173,98.48,98.63,139,66,73
7996,1981463,100,100,100,127,59,68
7997,1981885,100,100,100,113,46,67
7998,1981930,99.23,98.46,100,130,65,65
7999,1982289,100,100,100,131,62,69
8000,1982328,98.3059322033898,97.83,98.61,118,46,72
8001,1982594,100,100,100,132,74,58
8002,1983143,100,100,100,127,61,66
8003,1983472,99.1522033898305,100,98.36,118,57,61
8004,1983880,100,100,100,125,69,56
8005,1983930,99.1085714285714,100,97.92,112,64,48
8006,1984053,100,100,100,122,65,57
8007,1984111,99.220078125,98.51,100,128,67,61
8008,1985194,100,100,100,118,71,47
8009,1985458,100,100,100,112,60,52
8010,1985597,98.1688990825688,98.25,98.08,109,57,52
8011,1985911,100,100,100,106,57,49
8012,1986799,94.1855813953488,100,86.11,86,50,36
8013,1986823,94.7392105263158,93.48,96.67,76,46,30
8014,1987289,98.7963855421687,97.3,100,83,37,46
8015,1987428,100,100,100,65,51,14
8016,1987735,98.6656,100,95.83,75,51,24
8017,1988367,99.0394230769231,98.15,100,104,54,50
8018,1988387,100,100,100,101,52,49
8019,1988394,98.9874747474747,98.21,100,99,56,43
8020,1988566,89.5358139534884,94.34,81.82,86,53,33
8021,1989275,98.3632786885246,100,96.88,122,58,64
8022,1989660,95.1193495934959,94.64,95.52,123,56,67
8023,1990350,98.5186666666667,96.97,100,135,66,69
8024,1990892,99.3096551724138,98.57,100,145,70,75
8025,1991005,100,100,100,166,79,87
8026,1991036,98.7851829268293,98.8,98.77,164,83,81
8027,1991089,100,100,100,157,69,88
8028,1991636,96.3418902439024,94.38,98.67,164,89,75
8029,1992240,98.2851428571429,98.82,97.78,175,85,90
8030,1992268,98.7081935483871,98.21,98.99,155,56,99
8031,1992275,97.7777777777778,100,94,135,85,50
8032,1992522,98.1389440993789,97.5,98.77,161,80,81
8033,1992896,96.4253571428572,97.67,95.12,168,86,82
8034,1993090,99.3749375,100,98.63,160,87,73
8035,1993204,98.2046107784431,98.84,97.53,167,86,81
8036,1993319,100,100,100,174,79,95
8037,1993331,97.857,98.9,95.92,140,91,49
8038,1993757,98.2868,98.85,97.73,175,87,88
8039,1994095,99.3592307692308,98.81,100,156,84,72
8040,1994519,98.7951807228916,98.81,98.78,166,84,82
8041,1994698,98.3053107344633,98.84,97.8,177,86,91
8042,1994851,99.37475,98.78,100,160,82,78
8043,1994878,98.6656,100,97.22,150,78,72
8044,1994947,97.4113793103448,98.61,95.45,116,72,44
8045,1995355,92.3835238095238,83.87,95.95,105,31,74
8046,1995532,98.2626086956522,100,95.56,115,70,45
8047,1995971,98.1503703703704,98.81,97.44,162,84,78
8048,1996109,97.5591463414634,97.4,97.7,164,77,87
8049,1996593,97.2413793103448,97.62,96.72,145,84,61
8050,1997171,91.8913513513513,100,78.57,111,69,42
8051,1997287,99.3985542168675,100,98.72,166,88,78
8052,1997480,98.3512087912088,97.78,98.91,182,90,92
8053,1997636,99.1538983050847,100,98.08,118,66,52
8054,1997887,98.8345930232558,100,97.89,172,77,95
8055,1998222,98.7781707317073,100,97.67,164,78,86
8056,1998259,99.43125,100,98.9,176,85,91
8057,1998629,99.4469613259669,98.9,100,181,91,90
8058,1998803,100,100,100,186,92,94
8059,1999079,99.3512337662338,98.97,100,154,97,57
8060,1999121,99.4475690607735,100,98.99,181,82,99
8061,1999254,91.9129411764706,98.88,78.72,136,89,47
8062,1999777,98.81,100,97.06,168,100,68
8063,1999795,99.326711409396,98.48,100,149,66,83
8064,1999805,100,100,100,157,85,72
8065,1999831,99.46,98.89,100,185,90,95
8066,1999948,98.86375,97.98,100,176,99,77
8067,2000638,96.8743125,95.52,97.85,160,67,93
8068,2000926,99.4713684210526,98.92,100,190,93,97
8069,2001301,100,100,100,177,88,89
8070,2001413,97.4036363636364,92.86,100,154,56,98
8071,2001661,100,100,100,180,88,92
8072,2002189,100,100,100,166,81,85
8073,2002380,98.7054838709677,98.73,98.68,155,79,76
8074,2003130,97.0083233532934,98.97,94.29,167,97,70
8075,2003283,97.0071856287425,94.05,100,167,84,83
8076,2003569,100,100,100,182,101,81
8077,2004074,100,100,100,176,95,81
8078,2004232,99.3393377483444,100,98.28,151,93,58
8079,2004281,100,100,100,171,86,85
8080,2004328,100,100,100,177,99,78
8081,2004917,98.7251592356688,98.57,98.85,157,70,87
8082,2005151,100,100,100,189,100,89
8083,2005486,99.4777486910995,99.05,100,191,105,86
8084,2006035,97.6912307692308,93.02,100,130,43,87
8085,2006358,99.4041666666667,98.7,100,168,77,91
8086,2006718,99.4269714285714,100,98.91,175,83,92
8087,2006900,95.6266666666667,100,90.24,183,101,82
8088,2006991,99.4445,100,98.99,180,81,99
8089,2007114,99.477277486911,100,98.96,191,95,96
8090,2007740,99.2262015503876,97.83,100,129,46,83
8091,2007833,97.4822012578616,96.25,98.73,159,80,79
8092,2008175,94.4436419753087,93.67,95.18,162,79,83
8093,2008495,89.7813138686131,100,77.42,137,75,62
8094,2008526,100,100,100,183,90,93
8095,2008848,100,100,100,172,85,87
8096,2009027,100,100,100,159,75,84
8097,2009090,100,100,100,131,88,43
8098,2009270,100,100,100,154,73,81
8099,2009474,98.3023728813559,97.67,98.9,177,86,91
8100,2009617,97.5770909090909,97.44,97.7,165,78,87
8101,2009805,93.5681428571429,90.32,96.15,140,62,78
8102,2009906,100,100,100,142,59,83
8103,2009990,97.542131147541,93.62,100,122,47,75
8104,2010259,96.0811764705882,98.67,88.89,102,75,27
8105,2010278,99.1878048780488,98.15,100,123,54,69
8106,2010508,95.0960784313725,94,96.15,102,50,52
8107,2010622,100,100,100,102,54,48
8108,2011024,96.7041758241758,93.48,100,91,46,45
8109,2011327,79.783829787234,67.92,95.12,94,53,41
8110,2011801,83.1688118811881,74.47,90.74,101,47,54
8111,2012334,79.6633898305085,78.95,80.33,118,57,61
8112,2012579,97.2732727272727,96.55,98.08,110,58,52
8113,2012605,95.6101754385965,93.1,98.21,114,58,56
8114,2012669,98.9498947368421,100,98.28,95,37,58
8115,2012886,100,100,100,122,57,65
8116,2013346,100,100,100,134,71,63
8117,2013398,100,100,100,100,49,51
8118,2013569,98.39776,97.96,98.68,125,49,76
8119,2013860,100,100,100,121,47,74
8120,2013905,100,100,100,130,65,65
8121,2013973,100,100,100,138,59,79
8122,2014310,98.5415328467153,96.23,100,137,53,84
8123,2014445,99.28,98.61,100,139,72,67
8124,2014574,100,100,100,158,71,87
8125,2014832,98.6110416666667,98.31,98.82,144,59,85
8126,2014877,100,100,100,145,64,81
8127,2015018,100,100,100,139,77,62
8128,2015238,99.3421052631579,98.75,100,152,80,72
8129,2015610,99.3033333333333,100,98.68,144,68,76
8130,2015660,100,100,100,161,77,84
8131,2015745,99.2424242424242,98,100,132,50,82
8132,2015908,97.8129197080292,98.28,97.47,137,58,79
8133,2016297,100,100,100,128,73,55
8134,2016306,100,100,100,152,70,82
8135,2016373,98.55,96.55,100,138,58,80
8136,2016439,98.5059701492537,96.15,100,134,52,82
8137,2016487,100,100,100,159,72,87
8138,2017338,100,100,100,140,92,48
8139,2017563,100,100,100,154,77,77
8140,2017589,100,100,100,151,73,78
8141,2017667,100,100,100,146,84,62
8142,2017691,100,100,100,159,85,74
8143,2017761,100,100,100,157,84,73
8144,2017797,99.33,98.51,100,149,67,82
8145,2017980,98.7163461538462,97.33,100,156,75,81
8146,2018144,99.3636942675159,98.89,100,157,90,67
8147,2018334,99.3545806451613,98.78,100,155,82,73
8148,2018578,100,100,100,164,89,75
8149,2018620,100,100,100,163,85,78
8150,2018750,100,100,100,168,85,83
8151,2019653,97.3140939597315,100,93.1,149,91,58
8152,2019663,100,100,100,104,52,52
8153,2019826,100,100,100,158,93,65
8154,2020202,100,100,100,129,60,69
8155,2020756,98.7087096774194,98.86,98.51,155,88,67
8156,2020814,100,100,100,146,81,65
8157,2020955,100,100,100,122,82,40
8158,2021137,99.1474358974359,100,98.67,117,42,75
8159,2021388,100,100,100,149,81,68
8160,2021451,100,100,100,145,78,67
8161,2021597,100,100,100,145,82,63
8162,2021863,99.075,97.3,100,108,37,71
8163,2022181,97.5196694214876,100,95.08,121,60,61
8164,2022971,100,100,100,130,68,62
8165,2023040,100,100,100,118,51,67
8166,2023124,100,100,100,136,73,63
8167,2023130,100,100,100,109,79,30
8168,2023236,99.205,98.41,100,126,63,63
8169,2024274,93.8628947368421,93.85,93.88,114,65,49
8170,2024505,94.7363157894737,91.11,98,95,45,50
8171,2024809,96.9233846153846,93.94,100,130,66,64
8172,2025061,98.4476744186046,98.33,98.55,129,60,69
8173,2025434,86.9590217391304,90.48,79.31,92,63,29
8174,2025548,98.4943609022556,100,97.33,133,58,75
8175,2025736,100,100,100,157,81,76
8176,2026076,100,100,100,157,70,87
8177,2026244,99.3571794871795,100,98.91,156,64,92
8178,2026486,100,100,100,151,73,78
8179,2026710,99.3995180722892,100,98.88,166,77,89
8180,2027109,96.878984375,93.62,98.77,128,47,81
8181,2027782,98.4055319148936,97.73,99,188,88,100
8182,2028161,99.4734210526316,98.85,100,190,87,103
8183,2028962,100,100,100,188,106,82
8184,2029007,98.4339267015707,99.12,97.44,191,113,78
8185,2029128,99.4520218579235,100,98.91,183,91,92
8186,2029168,100,100,100,190,100,90
8187,2030118,100,100,100,189,95,94
8188,2030479,100,100,100,160,80,80
8189,2030506,99.4227586206896,98.92,100,174,93,81
8190,2030628,100,100,100,172,88,84
8191,2031145,99.4331638418079,100,98.73,177,98,79
8192,2031187,100,100,100,166,93,73
8193,2031457,100,100,100,163,90,73
8194,2031532,100,100,100,117,86,31
8195,2031925,100,100,100,151,89,62
8196,2032045,97.3529801324503,100,94.29,151,81,70
8197,2032420,99.23,98.57,100,130,70,60
8198,2032564,100,100,100,142,78,64
8199,2032612,100,100,100,141,74,67
8200,2032699,100,100,100,140,74,66
8201,2033763,98.9894949494949,98.36,100,99,61,38
8202,2034249,100,100,100,76,37,39
8203,2034256,100,100,100,88,56,32
8204,2034723,97.1839436619718,97.56,96.67,71,41,30
8205,2034732,98.3616393442623,100,94.74,61,42,19
8206,2034759,98.9571875,100,97.87,96,49,47
8207,2034919,96.3840963855422,92.68,100,83,41,42
8208,2035077,100,100,100,92,46,46
8209,2035938,98.9589583333333,100,97.37,96,58,38
8210,2035994,98.7325316455696,100,96.77,79,48,31
8211,2037427,94.5037362637363,98,90.24,91,50,41
8212,2037593,98.946947368421,100,97.56,95,54,41
8213,2037998,94.795,94.12,95.56,96,51,45
8214,2038221,99.0368269230769,100,98.11,104,51,53
8215,2038639,98.0008,100,95.92,100,51,49
8216,2038681,100,100,100,108,57,51
8217,2039274,90.79,94.74,86.84,76,38,38
8218,2039391,97.0038,96.3,97.83,100,54,46
8219,2039611,100,100,100,106,59,47
8220,2039638,100,100,100,93,47,46
8221,2039773,97.7552808988764,97.78,97.73,89,45,44
8222,2039806,100,100,100,105,51,54
8223,2039857,99.0972972972973,98.33,100,111,60,51
8224,2040334,100,100,100,93,43,50
8225,2040570,97.9370103092783,97.87,98,97,47,50
8226,2040595,99.0744444444445,98.04,100,108,51,57
8227,2041190,97.7520224719101,97.62,97.87,89,42,47
8228,2041832,86.5673134328358,86.21,86.84,67,29,38
8229,2041871,93.5892307692308,92.86,94.44,78,42,36
8230,2042573,100,100,100,86,43,43
8231,2042903,96.2043037974683,89.66,100,79,29,50
8232,2043332,86.8422368421053,74.07,93.88,76,27,49
8233,2043386,69.3324,44.44,92.31,75,36,39
8234,2043723,91.305652173913,86.21,95,69,29,40
8235,2044129,100,100,100,94,39,55
8236,2044186,98.95875,100,98.04,96,45,51
8237,2044273,98.9571875,97.87,100,96,47,49
8238,2044384,98.9989,97.87,100,100,47,53
8239,2045707,96.9985,100,93.33,100,55,45
8240,2045962,96.03,92.59,98.61,126,54,72
8241,2046175,100,100,100,99,27,72
8242,2046184,94.9511111111111,100,84.38,99,67,32
8243,2046726,99.2260465116279,98.44,100,129,64,65
8244,2047258,100,100,100,134,65,69
8245,2047289,100,100,100,132,63,69
8246,2047354,97.3433628318584,98.18,96.55,113,55,58
8247,2047465,99.1856097560976,100,98.41,123,60,63
8248,2047635,94.2833333333333,98.57,85.71,105,70,35
8249,2047738,97.6749612403101,96.43,98.63,129,56,73
8250,2047989,100,100,100,139,67,72
8251,2048143,99.2363358778626,100,98.78,131,49,82
8252,2048406,100,100,100,142,60,82
8253,2048455,98.6923529411765,98.41,98.89,153,63,90
8254,2049334,100,100,100,136,54,82
8255,2049358,98.332,94.44,100,120,36,84
8256,2050096,96.969393939394,92.86,98.59,99,28,71
8257,2050368,99.1861788617886,98.18,100,123,55,68
8258,2050837,100,100,100,117,52,65
8259,2050914,98.33575,100,96.83,120,57,63
8260,2050987,97.5220661157025,98.39,96.61,121,62,59
8261,2051214,98.9147826086956,98.08,100,92,52,40
8262,2051358,97.1923364485981,95.74,98.33,107,47,60
8263,2051956,94.0265671641791,90,95.74,67,20,47
8264,2052154,100,100,100,101,58,43
8265,2052179,89.0421917808219,91.84,83.33,73,49,24
8266,2052248,96.4705882352941,95.92,97.22,85,49,36
8267,2052598,96.5544827586207,95.56,97.62,87,45,42
8268,2052710,97.2244444444444,96.88,97.5,72,32,40
8269,2052719,98.43578125,97.87,100,64,47,17
8270,2052852,88.8879012345679,88,90.32,81,50,31
8271,2052993,96.5527586206897,97.92,94.87,87,48,39
8272,2053059,98.9002197802198,100,97.22,91,55,36
8273,2053221,94.7393421052632,92.31,97.3,76,39,37
8274,2053578,93.1065517241379,92.31,94.29,87,52,35
8275,2053637,98.8625,98.18,100,88,55,33
8276,2054192,98.990303030303,100,97.62,99,57,42
8277,2054574,100,100,100,87,50,37
8278,2054973,100,100,100,89,47,42
8279,2054981,98.9147826086956,98.08,100,92,52,40
8280,2055464,100,100,100,90,54,36
8281,2055721,100,100,100,73,37,36
8282,2055728,100,100,100,66,45,21
8283,2055775,100,100,100,74,45,29
8284,2055929,100,100,100,85,49,36
8285,2056438,100,100,100,69,42,27
8286,2056849,91.8036065573771,90.7,94.44,61,43,18
8287,2056976,92.4550943396227,89.29,96,53,28,25
8288,2058548,98.6688,100,97.44,75,36,39
8289,2058699,100,100,100,94,49,45
8290,2059317,100,100,100,94,52,42
8291,2059358,100,100,100,97,40,57
8292,2059403,97.3178571428572,98.33,96.15,112,60,52
8293,2060196,97.3192857142857,94.44,100,112,54,58
8294,2060390,98.2427192982456,100,97.01,114,47,67
8295,2061439,97.3191275167785,98.67,95.95,149,75,74
8296,2061572,93.2773109243697,80,100,119,40,79
8297,2061788,97.7116030534351,97.26,98.28,131,73,58
8298,2062438,96.1914285714286,100,86.67,105,75,30
8299,2063192,100,100,100,137,65,72
8300,2063623,97.540737704918,96.36,98.51,122,55,67
8301,2063883,100,100,100,142,69,73
8302,2064261,99.2885714285714,98.8,100,140,83,57
8303,2064436,99.2239534883721,100,97.87,129,82,47
8304,2064810,100,100,100,144,77,67
8305,2064929,100,100,100,131,72,59
8306,2065815,92.7918018018018,90.91,94.64,111,55,56
8307,2066089,99.271897810219,98.67,100,137,75,62
8308,2066313,97.6584375,100,94.92,128,69,59
8309,2066564,99.0466666666667,98.18,100,105,55,50
8310,2066803,98.999,100,95.45,100,78,22
8311,2067323,97.4810924369748,100,94.55,119,64,55
8312,2067860,92.8583673469388,96.67,86.84,98,60,38
8313,2068102,86.252375,90.2,79.31,80,51,29
8314,2069297,100,100,100,95,47,48
8315,2069396,100,100,100,130,67,63
8316,2069574,98.1309345794393,97.37,98.55,107,38,69
8317,2069598,97.559674796748,98.53,96.36,123,68,55
8318,2070125,93.4789130434783,88.89,100,138,81,57
8319,2071318,56.54625,59.14,53.33,168,93,75
8320,2071337,54.4341139240506,58.43,49.28,158,89,69
8321,2071350,52.5945454545455,54.32,50.68,154,81,73
8322,2074720,99.443407821229,100,98.77,179,98,81
8323,2074803,98.2246153846154,99.04,96.92,169,104,65
8324,2074812,100,100,100,145,71,74
8325,2074998,99.4957575757576,99.04,100,198,104,94
8326,2075121,96.6482681564246,95.96,97.5,179,99,80
8327,2075145,98.1350931677019,98.99,96.77,161,99,62
8328,2075241,99.0567924528302,99.13,98.97,212,115,97
8329,2075340,99.4262068965517,98.72,100,174,78,96
8330,2075689,97.9719594594595,100,93.33,148,103,45
8331,2075830,100,100,100,181,91,90
8332,2076069,98.8826815642458,98,100,179,100,79
8333,2076244,100,100,100,186,101,85
8334,2076282,98.1105660377358,96.97,98.92,159,66,93
8335,2078651,98.3696739130435,97.17,100,184,106,78
8336,2079140,99.4685638297872,98.97,100,188,97,91
8337,2079258,99.4984,100,98.86,200,112,88
8338,2080146,100,100,100,191,102,89
8339,2082206,98.8960220994475,97.94,100,181,97,84
8340,2082326,100,100,100,176,90,86
8341,2082402,100,100,100,157,84,73
8342,2082659,95.2932941176471,97.67,92.86,170,86,84
8343,2082832,99.22,100,98.08,128,76,52
8344,2083120,98.9008791208791,99,98.78,182,100,82
8345,2083621,99.2341984732824,98.68,100,131,76,55
8346,2083882,99.4021556886228,100,98.72,167,89,78
8347,2084753,98.0538961038961,95.95,100,154,74,80
8348,2084960,98.495037593985,95.83,100,133,48,85
8349,2085194,99.3388741721854,98.51,100,151,67,84
8350,2085206,100,100,100,150,72,78
8351,2085789,100,100,100,152,84,68
8352,2085884,99.4308571428571,100,98.8,175,92,83
8353,2085915,100,100,100,174,88,86
8354,2086191,99.4334463276836,98.91,100,177,92,85
8355,2086259,97.8280434782609,96.91,100,138,97,41
8356,2086320,100,100,100,147,86,61
8357,2086332,100,100,100,171,96,75
8358,2086362,100,100,100,169,100,69
8359,2086563,97.1642553191489,100,91.67,141,93,48
8360,2086728,100,100,100,159,81,78
8361,2086878,100,100,100,158,82,76
8362,2087375,96.0258278145695,92.94,100,151,85,66
8363,2087761,98.1093710691824,98.91,97.01,159,92,67
8364,2088005,99.4332386363636,98.95,100,176,95,81
8365,2088106,98.6012587412587,97.26,100,143,73,70
8366,2088230,100,100,100,168,95,73
8367,2088299,99.3838036809816,98.92,100,163,93,70
8368,2088328,99.3103448275862,98.75,100,145,80,65
8369,2088943,98.4966165413534,100,95.35,133,90,43
8370,2089153,96.3856626506024,97.83,94.59,166,92,74
8371,2089386,84.4602702702703,96.25,70.59,148,80,68
8372,2089634,95.7938655462185,96.77,95.45,119,31,88
8373,2089645,98.4700763358779,98.46,98.48,131,65,66
8374,2089787,91.4897872340426,92,90.91,141,75,66
8375,2090080,98.6923529411765,98.89,98.41,153,90,63
8376,2090122,98.7738036809816,100,97.47,163,84,79
8377,2090309,100,100,100,186,101,85
8378,2090460,99.4304,98.88,100,175,89,86
8379,2090697,99.3239864864865,98.55,100,148,69,79
8380,2090819,99.488,100,98.96,195,99,96
8381,2090852,100,100,100,106,54,52
8382,2091091,99.4397765363129,98.91,100,179,92,87
8383,2091313,97.5806451612903,100,88,124,99,25
8384,2091601,99.4357303370786,99.07,100,178,108,70
8385,2091784,99.3613461538461,98.77,100,156,81,75
8386,2092018,100,100,100,180,96,84
8387,2092051,100,100,100,171,93,78
8388,2092081,100,100,100,168,99,69
8389,2092884,100,100,100,165,95,70
8390,2093115,97.3866666666667,100,94.12,153,85,68
8391,2093253,99.3917073170732,100,98.84,164,78,86
8392,2093344,99.3506493506493,100,98.75,154,74,80
8393,2093365,98.2633526011561,97.5,98.92,173,80,93
8394,2093493,96.8401265822785,94.81,98.77,158,77,81
8395,2093576,99.3583333333333,98.46,100,156,65,91
8396,2093624,100,100,100,180,92,88
8397,2093702,100,100,100,170,89,81
8398,2093829,99.4111764705882,98.9,100,170,91,79
8399,2093856,100,100,100,159,77,82
8400,2094027,99.4339204545454,100,98.77,176,95,81
8401,2094072,100,100,100,141,86,55
8402,2094084,100,100,100,90,46,44
8403,2094089,100,100,100,110,78,32
8404,2094150,100,100,100,161,84,77
8405,2094342,98.7009090909091,98.57,98.81,154,70,84
8406,2094359,99.421387283237,98.9,100,173,91,82
8407,2094432,98.8891666666667,97.85,100,180,93,87
8408,2094547,100,100,100,149,77,72
8409,2094698,100,100,100,177,94,83
8410,2094725,99.3147260273973,98.55,100,146,69,77
8411,2095273,100,100,100,144,69,75
8412,2095291,99.3827160493827,98.75,100,162,80,82
8413,2096060,99.3501298701299,100,98.61,154,82,72
8414,2096196,100,100,100,148,86,62
8415,2096606,98.4616923076923,100,96.97,130,64,66
8416,2096999,100,100,100,97,30,67
8417,2097170,100,100,100,137,66,71
8418,2097486,98.3765853658537,96.88,100,123,64,59
8419,2097720,97.4998333333333,96.77,98.28,120,62,58
8420,2097804,99.1286956521739,98.33,100,115,60,55
8421,2098465,95.9616161616162,94.34,97.83,99,53,46
8422,2098558,98.8524137931035,100,97.44,87,48,39
8423,2098616,98.9015384615385,98.04,100,91,51,40
8424,2098796,100,100,100,69,43,26
8425,2099356,96.7741935483871,97.56,95.24,62,41,21
8426,2099494,96.3605454545455,94.59,100,55,37,18
8427,2099947,100,100,100,55,24,31
8428,2100118,98.4833333333333,100,97.14,66,31,35
8429,2100219,100,100,100,66,34,32
8430,2100387,98.6315068493151,100,96.67,73,43,30
8431,2100453,100,100,100,72,41,31
8432,2100511,98.5067164179104,100,96.55,67,38,29
8433,2100574,96.7725806451613,93.33,100,62,30,32
8434,2100805,100,100,100,79,49,30
8435,2101252,95.4548484848485,94.29,96.77,66,35,31
8436,2101290,100,100,100,53,35,18
8437,2101423,92.6848780487805,90.48,95,41,21,20
8438,2101633,95.7434042553192,96.15,95.24,47,26,21
8439,2101683,100,100,100,54,28,26
8440,2101903,92.9585915492958,97.56,86.67,71,41,30
8441,2102154,96.77,96.77,96.77,62,31,31
8442,2102393,97.9179166666667,97.37,100,48,38,10
8443,2102913,97.8239130434783,96.15,100,46,26,20
8444,2103706,67.499,78.26,52.94,40,23,17
8445,2104743,95.4522727272727,93.33,100,22,15,7
8446,2104773,100,100,100,23,15,8
8447,2105080,93.332,83.33,100,15,6,9
8448,2105087,89.997,85.71,100,20,14,6
8449,2105220,84.6146153846154,33.33,100,13,3,10
8450,2106990,82.145,84.62,80,28,13,15
8451,2107222,85.7182142857143,86.67,84.62,28,15,13
8452,2107628,84.373125,93.33,76.47,32,15,17
8453,2107778,78.5689285714286,88.89,73.68,28,9,19
8454,2108006,68.750625,85.71,55.56,32,14,18
8455,2108948,82.7558620689655,100,73.68,29,10,19
8456,2110594,98.2125,100,95.45,56,34,22
8457,2110666,98.3877419354839,100,96.43,62,34,28
8458,2110910,92.1598039215686,84.21,96.88,51,19,32
8459,2111434,97.4658227848101,100,95.45,79,35,44
8460,2112159,100,100,100,63,23,40
8461,2112174,100,100,100,76,32,44
8462,2112348,96.8725,97.56,96.36,96,41,55
8463,2112373,97.824347826087,100,95.83,46,22,24
8464,2112378,93.88,95.24,92.86,49,21,28
8465,2112537,98.9134782608696,100,98.04,92,41,51
8466,2113728,97.8483870967742,93.33,100,93,30,63
8467,2113924,100,100,100,81,27,54
8468,2114182,96.66625,91.11,100,120,45,75
8469,2115131,98.53,96.08,100,136,51,85
8470,2115436,100,100,100,152,61,91
8471,2115760,100,100,100,163,68,95
8472,2115944,100,100,100,169,70,99
8473,2116406,97.2765986394558,95.38,98.78,147,65,82
8474,2116579,99.3860122699386,100,98.61,163,91,72
8475,2117451,97.339414893617,99.01,95.4,188,101,87
8476,2117490,100,100,100,195,104,91
8477,2117769,100,100,100,204,107,97
8478,2117838,100,100,100,169,80,89
8479,2117863,100,100,100,220,111,109
8480,2118012,99.5272511848341,100,99.05,211,106,105
8481,2118026,99.0722325581395,100,98.17,215,106,109
8482,2118234,98.749375,100,96.55,160,102,58
8483,2119017,99.1275109170306,98.15,100,229,108,121
8484,2119641,100,100,100,233,108,125
8485,2119719,99.1466666666667,98.08,100,234,104,130
8486,2119859,98.7160683760684,98.23,99.17,234,113,121
8487,2119893,99.436404494382,98.48,100,178,66,112
8488,2120100,100,100,100,207,84,123
8489,2120517,99.5608810572687,100,99.11,227,115,112
8490,2120590,98.9596354166667,100,97.65,192,107,85
8491,2120689,100,100,100,213,100,113
8492,2120845,99.5283018867924,100,99,212,112,100
8493,2121601,99.240303030303,100,99.08,132,23,109
8494,2121765,99.523981042654,100,99.19,211,87,124
8495,2121844,100,100,100,204,103,101
8496,2121943,99.3474509803922,100,97.44,153,114,39
8497,2122122,99.0192156862745,98.78,99.18,204,82,122
8498,2122132,98.019801980198,97.8,98.2,202,91,111
8499,2122456,100,100,100,203,110,93
8500,2122509,100,100,100,207,93,114
8501,2122630,100,100,100,196,99,97
8502,2122741,99.5107317073171,100,99.15,205,87,118
8503,2123102,99.3765625,98.25,100,160,57,103
8504,2123457,99.5102450980392,100,99.03,204,101,103
8505,2123540,98.7154487179487,99.08,97.87,156,109,47
8506,2123655,98.9505235602094,97.89,100,191,95,96
8507,2123807,100,100,100,137,32,105
8508,2123813,100,100,100,147,112,35
8509,2124065,99.0393269230769,100,98.06,208,105,103
8510,2124164,100,100,100,210,106,104
8511,2124410,98.8846368715084,99.05,98.65,179,105,74
8512,2124635,100,100,100,219,121,98
8513,2124985,100,100,100,223,119,104
8514,2125426,99.5417511520737,99.12,100,217,113,104
8515,2126649,99.4427374301676,98.95,100,179,95,84
8516,2126760,97.0373333333333,87.88,100,135,33,102
8517,2126872,100,100,100,135,39,96
8518,2127209,95.7145,99.01,87.18,140,101,39
8519,2127815,100,100,100,153,53,100
8520,2127852,98.2775862068965,96.67,100,174,90,84
8521,2127965,99.4967676767677,100,98.94,198,104,94
8522,2128165,99.4979396984925,100,98.97,199,102,97
8523,2128180,98.7717791411043,97.4,100,163,77,86
8524,2129307,98.1934939759036,97.96,98.53,166,98,68
8525,2129815,98.550652173913,100,96.61,138,79,59
8526,2130053,95.0008333333333,91.4,98.85,180,93,87
8527,2130239,92.3073846153846,79.07,98.85,130,43,87
8528,2130601,99.439606741573,100,98.95,178,83,95
8529,2131321,100,100,100,171,87,84
8530,2131558,100,100,100,188,90,98
8531,2131840,97.766312849162,98.89,96.63,179,90,89
8532,2132008,100,100,100,178,82,96
8533,2132317,100,100,100,189,89,100
8534,2132544,100,100,100,187,99,88
8535,2132649,98.3960962566845,96.63,100,187,89,98
8536,2132757,97.7011494252874,97.75,97.65,174,89,85
8537,2132787,100,100,100,193,90,103
8538,2133221,99.4628877005348,98.92,100,187,93,94
8539,2133285,99.487641025641,100,99.03,195,92,103
8540,2133378,97.7538202247191,98.81,96.81,178,84,94
8541,2133833,100,100,100,196,95,101
8542,2133971,99.4951515151515,98.98,100,198,98,100
8543,2134001,99.5032835820896,100,99.04,201,97,104
8544,2134141,98.8613142857143,98.94,98.77,175,94,81
8545,2134750,98.938085106383,100,97.83,188,96,92
8546,2134928,98.4207368421053,98.96,97.87,190,96,94
8547,2134939,98.3677173913044,98.98,97.67,184,98,86
8548,2135021,99.4820725388601,100,99.02,193,91,102
8549,2135206,99.475,98.95,100,190,95,95
8550,2135275,99.4532417582417,100,99.07,182,75,107
8551,2135335,99.4620967741935,100,98.85,186,99,87
8552,2135381,99.5026865671642,98.98,100,201,98,103
8553,2135754,96.5112790697674,98.59,95.05,172,71,101
8554,2135961,100,100,100,195,99,96
8555,2136177,98.5808510638298,97.1,100,141,69,72
8556,2136482,100,100,100,148,92,56
8557,2136684,100,100,100,171,96,75
8558,2136947,100,100,100,131,48,83
8559,2137005,100,100,100,146,74,72
8560,2137109,100,100,100,143,87,56
8561,2137855,97.3501324503311,97.37,97.33,151,76,75
8562,2137918,100,100,100,152,77,75
8563,2137956,98.5808510638298,100,96.55,141,83,58
8564,2138454,98.8570285714286,100,97.26,175,102,73
8565,2138571,98.9374468085106,100,97.73,188,100,88
8566,2138728,98.8867777777778,100,97.67,180,94,86
8567,2138745,98.9114673913043,98.99,98.82,184,99,85
8568,2138848,96.9692121212121,93.42,100,165,76,89
8569,2139195,98.6855263157895,100,96.3,152,98,54
8570,2139268,100,100,100,180,87,93
8571,2139664,96.468,94.62,98.7,170,93,77
8572,2139876,98.95875,97.96,100,192,98,94
8573,2140020,98.2004191616766,98.61,97.89,167,72,95
8574,2141019,100,100,100,180,110,70
8575,2141028,99.378198757764,100,98.59,161,90,71
8576,2141076,98.4804060913706,99.12,97.62,197,113,84
8577,2141193,98.5225123152709,100,96.63,203,114,89
8578,2141205,100,100,100,210,107,103
8579,2141281,100,100,100,222,120,102
8580,2141832,98.4924623115578,100,96,199,124,75
8581,2141910,99.0191176470588,100,97.7,204,117,87
8582,2141998,100,100,100,177,71,106
8583,2142057,100,100,100,201,121,80
8584,2142160,99.4450828729282,100,98.92,181,88,93
8585,2142347,94.471546961326,97.75,91.3,181,89,92
8586,2142730,99.0308737864078,99.06,99,206,106,100
8587,2142793,99.0894520547945,99.15,99.02,219,117,102
8588,2142940,100,100,100,231,125,106
8589,2143108,97.7798666666667,96.61,99.07,225,118,107
8590,2143717,98.4323036649215,97.62,99.07,191,84,107
8591,2143977,100,100,100,196,116,80
8592,2144023,100,100,100,204,103,101
8593,2144091,99.5242857142857,100,98.89,210,120,90
8594,2144329,98.1393023255814,97.27,99.05,215,110,105
8595,2144341,98.0312315270936,98.08,97.98,203,104,99
8596,2144713,98.99,100,97.98,198,99,99
8597,2145147,100,100,100,223,121,102
8598,2145424,100,100,100,150,66,84
8599,2145430,99.3837037037037,100,96.88,162,130,32
8600,2145912,99.5150485436893,98.89,100,206,90,116
8601,2146009,98.5622009569378,97.8,99.15,209,91,118
8602,2146150,99.5537668161435,99.07,100,223,107,116
8603,2146228,99.5052216748768,99.07,100,203,108,95
8604,2146297,99.4266666666666,98.28,100,174,58,116
8605,2146504,98.4395833333333,97.73,99.04,192,88,104
8606,2147292,98.3052542372881,96.97,100,177,99,78
8607,2147969,98,93.75,100,150,48,102
8608,2148056,100,100,100,203,104,99
8609,2148145,99.4681382978724,98.99,100,188,99,89
8610,2148383,99.4628877005348,98.92,100,187,93,94
8611,2148434,99.3295302013423,97.78,100,149,45,104
8612,2148517,99.4777486910995,98.95,100,191,95,96
8613,2148605,99.3357333333333,100,98.94,150,56,94
8614,2149598,100,100,100,183,82,101
8615,2149790,99.4506043956044,100,98.99,182,83,99
8616,2149861,100,100,100,179,81,98
8617,2149969,98.869604519774,100,97.56,177,95,82
8618,2150202,96.3207975460123,97.47,95.24,163,79,84
8619,2150681,94.7027814569536,93.06,96.2,151,72,79
8620,2151390,99.2555970149254,98.25,100,134,57,77
8621,2151582,100,100,100,141,66,75
8622,2152967,98.7959638554217,100,97.47,166,87,79
8623,2153586,95.62725,97.47,93.83,160,79,81
8624,2154688,96.155641025641,100,89.66,156,98,58
8625,2154697,96.7333333333333,98.04,96.08,153,51,102
8626,2154806,99.5322429906542,100,99.09,214,104,110
8627,2154985,100,100,100,200,79,121
8628,2155105,98.4425388601036,97.22,99.17,193,72,121
8629,2155130,100,100,100,195,81,114
8630,2155154,100,100,100,232,104,128
8631,2155350,97.1907303370787,93.15,100,178,73,105
8632,2155654,99.4944444444445,100,99.23,198,68,130
8633,2155696,100,100,100,195,72,123
8634,2155704,100,100,100,191,97,94
8635,2156254,100,100,100,210,106,104
8636,2156508,96.7528571428571,90.91,99.09,154,44,110
8637,2156628,100,100,100,226,102,124
8638,2156706,99.5536,99.07,100,225,108,117
8639,2157058,100,100,100,231,105,126
8640,2157166,100,100,100,205,87,118
8641,2157226,100,100,100,212,106,106
8642,2157250,99.1387931034483,98.2,100,232,111,121
8643,2157430,98.3447513812155,100,97.2,181,74,107
8644,2157456,99.3208163265306,98.72,100,147,78,69
8645,2157694,100,100,100,198,111,87
8646,2157936,100,100,100,166,106,60
8647,2158044,100,100,100,248,126,122
8648,2158077,99.1474358974359,100,98.25,234,120,114
8649,2158164,100,100,100,225,103,122
8650,2158719,100,100,100,154,72,82
8651,2158806,99.5653913043478,100,99.16,230,111,119
8652,2159070,100,100,100,237,110,127
8653,2159238,99.5260663507109,98.75,100,211,80,131
8654,2159332,99.5531838565022,99.06,100,223,106,117
8655,2159350,99.4783246073299,99.06,100,191,106,85
8656,2160024,95.6201459854015,87.8,98.96,137,41,96
8657,2160085,99.1163876651982,99.15,99.08,227,118,109
8658,2160151,97.9394329896907,96.1,99.15,194,77,117
8659,2160472,99.5355555555556,99.24,100,216,132,84
8660,2160643,100,100,100,222,120,102
8661,2160711,100,100,100,246,125,121
8662,2160846,100,100,100,106,66,40
8663,2160850,99.3698113207547,98.33,100,159,60,99
8664,2160945,100,100,100,242,130,112
8665,2161113,99.5515695067265,100,99,223,123,100
8666,2161335,100,100,100,160,122,38
8667,2161471,97.0612745098039,94.5,100,204,109,95
8668,2161959,99.0272815533981,100,97.67,206,120,86
8669,2161968,98.6863157894737,100,96.88,152,88,64
8670,2161998,99.5027722772277,100,98.92,202,109,93
8671,2162050,98.5519323671498,97.25,100,207,109,98
8672,2162373,100,100,100,191,73,118
8673,2162605,99.4776963350785,98.84,100,191,86,105
8674,2162787,99.490612244898,100,98.96,196,100,96
8675,2162948,99.1009865470852,98.21,100,223,112,111
8676,2163099,100,100,100,219,111,108
8677,2163116,100,100,100,188,102,86
8678,2163207,100,100,100,176,74,102
8679,2163305,99.469414893617,98.95,100,188,95,93
8680,2163756,99.4741361256544,98.92,100,191,93,98
8681,2163821,99.5102450980392,98.97,100,204,97,107
8682,2163924,98.9187567567568,97.59,100,185,83,102
8683,2164074,100,100,100,197,84,113
8684,2164318,100,100,100,200,95,105
8685,2164406,99.4359322033898,100,98.96,177,81,96
8686,2164442,97.1698113207547,100,87.5,106,82,24
8687,2164447,98.43703125,98.7,98.04,128,77,51
8688,2164457,99.4647058823529,100,98.9,187,96,91
8689,2164525,100,100,100,197,97,100
8690,2164555,99.3072916666667,100,98.67,144,69,75
8691,2164559,95.6514782608696,86.84,100,115,38,77
8692,2165044,96.9672222222222,95.6,98.13,198,91,107
8693,2165639,99.4379213483146,100,98.85,178,91,87
8694,2165957,99.3444444444444,100,98.82,153,68,85
8695,2166004,98.4008,98.75,97.78,125,80,45
8696,2166082,99.4657754010695,100,98.65,187,113,74
8697,2166121,98.9850253807107,100,97.85,197,104,93
8698,2166148,92.8597959183674,100,88.14,98,39,59
8699,2166154,98.801497005988,99.07,98.31,167,108,59
8700,2166391,99.4702127659575,100,98.8,188,105,83
8701,2166470,100,100,100,188,103,85
8702,2166956,98.2457309941521,98.98,97.26,171,98,73
8703,2167074,96.4044311377246,95.74,97.26,167,94,73
8704,2168709,96.689536423841,98.72,94.52,151,78,73
8705,2168814,93.752265625,88.41,100,128,69,59
8706,2170173,97.3675657894737,97.59,97.1,152,83,69
8707,2171425,100,100,100,160,83,77
8708,2171444,99.3525324675325,100,98.31,154,95,59
8709,2171656,98.8292397660819,97.8,100,171,91,80
8710,2171699,98.6563758389262,100,97.14,149,79,70
8711,2171787,98.1175471698113,98.77,97.44,159,81,78
8712,2172079,99.3066666666667,100,98.72,144,66,78
8713,2172302,98.4722900763359,98.53,98.41,131,68,63
8714,2172666,99.32,98.81,100,147,84,63
8715,2173083,95.2777952755906,97.37,92.16,127,76,51
8716,2173168,100,100,100,99,58,41
8717,2173275,100,100,100,101,48,53
8718,2173391,99.2493233082707,100,97.92,133,85,48
8719,2174384,94.9643165467626,90.79,100,139,76,63
8720,2175008,100,100,100,131,72,59
8721,2175281,99.218359375,98.55,100,128,69,59
8722,2175503,99.3954545454545,98.95,100,165,95,70
8723,2175638,99.4082840236686,99,100,169,100,69
8724,2175926,99.3457516339869,100,98.18,153,98,55
8725,2176061,97.9006993006993,98.91,96.08,143,92,51
8726,2176220,100,100,100,117,46,71
8727,2176440,97.2230555555555,100,92.31,144,92,52
8728,2177277,95.037304964539,88.14,100,141,59,82
8729,2177755,98.727898089172,99.1,97.83,157,111,46
8730,2177794,98.1825454545455,97.06,100,165,102,63
8731,2178127,98.8203529411765,98.92,98.7,170,93,77
8732,2178260,99.4044642857143,100,98.55,168,99,69
8733,2178971,98.2344117647059,96.55,100,170,87,83
8734,2179430,100,100,100,207,124,83
8735,2179670,98.8403468208092,98.86,98.82,173,88,85
8736,2179841,99.3783850931677,98.61,100,161,72,89
8737,2180061,100,100,100,212,121,91
8738,2180332,100,100,100,121,71,50
8739,2180336,98.6486486486486,50,100,74,2,72
8740,2180342,100,100,100,153,120,33
8741,2180594,100,100,100,194,103,91
8742,2180999,99.5027722772277,99.07,100,202,108,94
8743,2181183,100,100,100,203,115,88
8744,2181387,99.4869743589744,100,98.78,195,113,82
8745,2181669,100,100,100,188,102,86
8746,2181798,99.4829896907216,100,98.82,194,109,85
8747,2182062,98.9881818181818,98.11,100,198,106,92
8748,2182129,99.4457777777778,100,98.84,180,94,86
8749,2182522,99.47890625,100,98.85,192,105,87
8750,2183416,98.8664772727273,98.1,100,176,105,71
8751,2184027,100,100,100,180,100,80
8752,2184221,98.3221787709497,98,98.73,179,100,79
8753,2184448,98.1710975609756,98.98,96.97,164,98,66
8754,2184478,99.43125,100,98.57,176,106,70
8755,2184732,98.6748344370861,100,96.55,151,93,58
8756,2185005,100,100,100,163,99,64
8757,2185375,99.37,100,98.41,159,96,63
8758,2185566,99.4022155688623,100,98.51,167,100,67
8759,2186145,100,100,100,142,82,60
8760,2186205,100,100,100,156,81,75
8761,2186308,99.3548387096774,98.75,100,155,80,75
8762,2186873,100,100,100,107,68,39
8763,2186940,92.0015,92.68,91.53,100,41,59
8764,2187236,99.0810091743119,100,98.41,109,46,63
8765,2188673,100,100,100,100,53,47
8766,2189108,98.8254117647059,97.44,100,85,39,46
8767,2189162,100,100,100,89,56,33
8768,2189552,98.9357446808511,100,97.56,94,53,41
8769,2189990,100,100,100,79,45,34
8770,2192696,95.1622580645161,96.88,93.33,62,32,30
8771,2192911,98.9372340425532,97.78,100,94,45,49
8772,2193203,100,100,100,99,49,50
8773,2193405,100,100,100,107,47,60
8774,2193524,97.3712280701754,98,96.88,114,50,64
8775,2194474,100,100,100,133,58,75
8776,2194688,100,100,100,106,24,82
8777,2194757,98.824,100,96.43,85,57,28
8778,2194813,100,100,100,127,55,72
8779,2194880,100,100,100,127,56,71
8780,2195414,100,100,100,140,61,79
8781,2195648,100,100,100,145,63,82
8782,2195993,99.2369465648855,97.96,100,131,49,82
8783,2196110,100,100,100,146,66,80
8784,2196164,99.2171875,100,98.33,128,68,60
8785,2197029,99.0842201834862,97.83,100,109,46,63
8786,2197038,100,100,100,123,59,64
8787,2197141,97.7018390804598,96.88,98.18,87,32,55
8788,2197146,98.5083582089552,97.37,100,67,38,29
8789,2197750,100,100,100,137,67,70
8790,2197978,96.265,95.52,97.01,134,67,67
8791,2198205,92.0331884057971,94.29,89.71,138,70,68
8792,2198779,98.7725153374233,97.56,100,163,82,81
8793,2199004,100,100,100,154,80,74
8794,2199316,98.5815602836879,100,97.5,141,61,80
8795,2199332,99.34,98.68,100,152,76,76
8796,2199749,100,100,100,163,78,85
8797,2200024,98.656644295302,97.22,100,149,72,77
8798,2200036,96.2686567164179,90,100,134,50,84
8799,2200522,98.7640740740741,100,97.87,162,68,94
8800,2200691,99.4250574712644,98.78,100,174,82,92
8801,2200769,98.7354430379747,97.3,100,158,74,84
8802,2200888,98.8010778443114,97.18,100,167,71,96
8803,2201042,97.6484705882353,98.72,96.74,170,78,92
8804,2201881,98.89,98.81,98.96,180,84,96
8805,2202263,100,100,100,172,76,96
8806,2202701,98.8886111111111,98.82,98.95,180,85,95
8807,2202797,99.4021556886228,100,98.72,167,89,78
8808,2202811,98.9372340425532,97.78,100,188,90,98
8809,2203043,100,100,100,169,70,99
8810,2203124,100,100,100,172,76,96
8811,2203175,100,100,100,170,73,97
8812,2203975,99.3720754716981,100,98.96,159,63,96
8813,2204030,97.5157763975155,93.94,100,161,66,95
8814,2204053,97.4049350649351,95,98.94,154,60,94
8815,2204135,97.398961038961,95.08,98.92,154,61,93
8816,2204318,96.8566037735849,95.52,97.83,159,67,92
8817,2204495,85.2966666666667,73.53,91.18,102,34,68
8818,2204945,98.8982872928177,98.65,99.07,181,74,107
8819,2205212,100,100,100,190,84,106
8820,2205401,100,100,100,202,90,112
8821,2205587,99.48046875,98.95,100,192,95,97
8822,2206110,100,100,100,188,97,91
8823,2206734,100,100,100,183,79,104
8824,2206943,100,100,100,165,51,114
8825,2207346,97.9,95.38,100,143,65,78
8826,2207445,100,100,100,201,98,103
8827,2207541,99.48171875,99.07,100,192,107,85
8828,2207983,97.4861306532663,97.7,97.32,199,87,112
8829,2208112,100,100,100,184,81,103
8830,2208183,100,100,100,180,100,80
8831,2208457,98.9709278350516,99,98.94,194,100,94
8832,2208631,98.0016,96.72,98.88,150,61,89
8833,2208641,98.2164285714286,97.78,98.72,168,90,78
8834,2208660,98.8946408839779,97.53,100,181,81,100
8835,2208745,98.7745398773006,99.07,98.21,163,107,56
8836,2208766,100,100,100,181,82,99
8837,2209217,98.9483157894737,98.06,100,190,103,87
8838,2209413,99.031497584541,100,98.21,207,95,112
8839,2209731,100,100,100,201,97,104
8840,2210103,100,100,100,216,102,114
8841,2210181,98.9473684210526,97.5,100,190,80,110
8842,2211786,92.7262727272727,100,74.19,110,79,31
8843,2211813,99.3418421052632,97.56,100,152,41,111
8844,2212087,98.0666451612903,98.25,97.96,155,57,98
8845,2212844,97.5730582524272,94.95,100,206,99,107
8846,2213134,96.7552432432432,93.02,100,185,86,99
8847,2213461,100,100,100,194,109,85
8848,2213530,99.5327102803738,99,100,214,100,114
8849,2213581,100,100,100,230,106,124
8850,2213889,99.4986,99.08,100,200,109,91
8851,2214163,99.4173684210526,98.77,100,171,81,90
8852,2214175,99.5098529411765,98.99,100,204,99,105
8853,2214259,99.5113725490196,100,99.11,204,92,112
8854,2214310,99.5360465116279,100,99.05,215,110,105
8855,2214742,95.83375,94.55,96.92,240,110,130
8856,2215013,99.0816513761468,98.18,100,218,110,108
8857,2215022,99.021568627451,98.98,99.06,204,98,106
8858,2215034,99.0864383561644,98.29,100,219,117,102
8859,2215113,98.2995744680851,100,96.67,235,115,120
8860,2215175,99.3954545454545,100,98.95,165,70,95
8861,2215286,100,100,100,228,104,124
8862,2215304,99.5889344262295,99.15,100,244,118,126
8863,2215803,100,100,100,205,111,94
8864,2215836,99.5242857142857,99.1,100,210,111,99
8865,2215914,100,100,100,217,93,124
8866,2216112,100,100,100,222,110,112
8867,2216148,100,100,100,221,99,122
8868,2216163,100,100,100,200,100,100
8869,2216280,99.5309389671362,98.97,100,213,97,116
8870,2216459,99.5372222222222,100,99.02,216,114,102
8871,2216499,100,100,100,235,117,118
8872,2216781,99.5786016949153,100,99.15,236,119,117
8873,2216952,100,100,100,219,116,103
8874,2217072,100,100,100,198,96,102
8875,2217235,100,100,100,226,115,111
8876,2217351,99.0386538461538,99.12,98.94,208,114,94
8877,2217482,98.3033898305085,100,95.38,177,112,65
8878,2217716,100,100,100,232,114,118
8879,2218081,99.5328169014084,100,99.07,213,106,107
8880,2218412,98.542718446602,100,96.84,206,111,95
8881,2218777,99.49975,100,98.85,200,113,87
8882,2218874,98.8360465116279,100,97.14,172,102,70
8883,2218915,100,100,100,207,99,108
8884,2219816,97.4207741935484,94.74,98.98,155,57,98
8885,2220173,100,100,100,178,111,67
8886,2220307,100,100,100,188,105,83
8887,2220538,98.5286764705883,100,95.65,136,90,46
8888,2220679,100,100,100,188,90,98
8889,2221129,100,100,100,186,102,84
8890,2221393,97.5772121212121,94.74,100,165,76,89
8891,2221498,100,100,100,188,105,83
8892,2221708,98.9644041450777,100,97.47,193,114,79
8893,2221775,100,100,100,177,105,72
8894,2221787,99.3912195121951,100,98.08,164,112,52
8895,2222267,100,100,100,192,97,95
8896,2222436,98.8877777777778,100,97.4,180,103,77
8897,2222462,100,100,100,175,94,81
8898,2222613,100,100,100,174,97,77
8899,2222765,99.1929032258064,100,98.61,124,52,72
8900,2222788,99.4371186440678,100,98.77,177,96,81
8901,2222810,99.4294857142857,100,98.72,175,97,78
8902,2222921,98.0980952380952,95.45,98.8,105,22,83
8903,2222927,100,100,100,152,102,50
8904,2223613,99.4206976744186,99.06,100,172,106,66
8905,2223830,98.9108196721312,98.94,98.88,183,94,89
8906,2223856,98.5804255319149,100,95.83,141,93,48
8907,2224299,100,100,100,182,105,77
8908,2224691,100,100,100,179,90,89
8909,2224710,95.6290163934426,92.93,98.81,183,99,84
8910,2224730,100,100,100,193,112,81
8911,2224970,98.894861878453,98.99,98.78,181,99,82
8912,2225596,98.6560402684564,100,97.33,149,74,75
8913,2225805,98.7318987341772,98.78,98.68,158,82,76
8914,2225849,97.8266847826087,98.06,97.53,184,103,81
8915,2226366,100,100,100,185,101,84
8916,2226714,98.2907692307692,93.94,100,117,33,84
8917,2227091,100,100,100,173,87,86
8918,2227104,100,100,100,166,70,96
8919,2227230,99.3029370629371,100,98.88,143,54,89
8920,2227737,100,100,100,171,80,91
8921,2228103,99.4565760869565,100,98.99,184,85,99
8922,2228370,100,100,100,169,83,86
8923,2228443,99.3516883116883,98.08,100,154,52,102
8924,2229742,100,100,100,171,78,93
8925,2230041,100,100,100,198,88,110
8926,2230107,100,100,100,192,76,116
8927,2230272,100,100,100,179,67,112
8928,2230305,98.9114673913043,98.82,98.99,184,85,99
8929,2230563,97.7775,100,96.19,180,75,105
8930,2230756,100,100,100,195,78,117
8931,2231010,100,100,100,164,54,110
8932,2231139,100,100,100,175,75,100
8933,2231209,99.4395530726257,100,99.12,179,65,114
8934,2231268,99.4731578947368,100,99.09,190,80,110
8935,2231289,99.4603243243243,98.72,100,185,78,107
8936,2231670,100,100,100,181,87,94
8937,2231779,97.7666480446927,98.78,96.91,179,82,97
8938,2232165,99.5089655172414,98.88,100,203,89,114
8939,2232274,100,100,100,189,90,99
8940,2232349,100,100,100,177,66,111
8941,2232385,100,100,100,198,89,109
8942,2232864,92.4131034482759,96,88.57,145,75,70
8943,2232914,98.877808988764,100,97.65,178,93,85
8944,2232948,99.433220338983,98.86,100,177,88,89
8945,2232999,100,100,100,160,88,72
8946,2234028,97.9575510204082,100,95.83,147,75,72
8947,2234160,99.2823741007194,98.25,100,139,57,82
8948,2234573,100,100,100,135,74,61
8949,2234954,99.3592307692308,98.53,100,156,68,88
8950,2235278,95.9976,97.56,94.62,175,82,93
8951,2235409,98.7721472392638,98.72,98.82,163,78,85
8952,2235449,99.3527096774194,98.73,100,155,79,76
8953,2235577,98.123125,100,96.7,160,69,91
8954,2235586,100,100,100,165,78,87
8955,2235655,98.7339873417722,100,97.59,158,75,83
8956,2235893,99.436384180791,98.84,100,177,86,91
8957,2235919,99.4433519553073,98.94,100,179,94,85
8958,2235973,99.356858974359,98.73,100,156,79,77
8959,2236181,99.3945454545455,98.65,100,165,74,91
8960,2236696,94.7097354497354,96,93.26,189,100,89
8961,2237053,98.4447668393782,99.02,97.8,193,102,91
8962,2237326,100,100,100,194,107,87
8963,2237389,99.3277181208054,100,98.11,149,96,53
8964,2237398,99.4131764705882,98.84,100,170,86,84
8965,2237547,98.8885,100,97.53,180,99,81
8966,2238310,98.8808379888268,98.85,98.91,179,87,92
8967,2238418,99.3315436241611,98.8,100,149,83,66
8968,2238435,98.8846927374302,100,97.83,179,87,92
8969,2238568,100,100,100,167,88,79
8970,2238607,93.2211016949153,80.49,100,118,41,77
8971,2238817,97.451847133758,95.52,98.89,157,67,90
8972,2238864,100,100,100,160,91,69
8973,2238924,99.324054054054,100,98.36,148,87,61
8974,2239060,95.9786206896552,93.83,97.85,174,81,93
8975,2239479,100,100,100,177,91,86
8976,2239878,100,100,100,158,66,92
8977,2240125,97.332,93.1,100,75,29,46
8978,2240130,100,100,100,119,87,32
8979,2240656,98.4732824427481,98.7,98.15,131,77,54
8980,2240733,100,100,100,169,81,88
8981,2241423,100,100,100,145,72,73
8982,2241664,98.8751685393258,98.86,98.89,178,88,90
8983,2241800,100,100,100,104,16,88
8984,2241806,100,100,100,124,99,25
8985,2242066,100,100,100,158,95,63
8986,2242420,100,100,100,191,103,88
8987,2242717,100,100,100,136,76,60
8988,2242806,99.3804347826087,98.67,100,161,75,86
8989,2242915,100,100,100,167,84,83
8990,2243126,99.3509090909091,98.53,100,154,68,86
8991,2243255,99.465744680851,100,98.92,188,95,93
8992,2244025,97.8878873239437,100,93.48,142,96,46
8993,2244546,99.3259060402684,100,99.07,149,41,108
8994,2244562,100,100,100,177,69,108
8995,2244577,99.5139512195122,100,99.06,205,99,106
8996,2244673,98.9531413612565,97.85,100,191,93,98
8997,2244709,99.4849230769231,100,98.92,195,102,93
8998,2244850,100,100,100,198,93,105
8999,2245069,99.4643010752688,100,98.94,186,92,94
9000,2245130,98.9006593406593,100,97.56,182,100,82
9001,2245318,100,100,100,217,107,110
9002,2245432,98.3246927374302,100,97.06,179,77,102
9003,2245612,100,100,100,194,116,78
9004,2245655,99.51875,100,99.09,208,98,110
9005,2245987,100,100,100,173,76,97
9006,2246233,98.4142857142857,96.67,100,189,90,99
9007,2246396,98.12775,98.84,97.3,160,86,74
9008,2246407,100,100,100,167,81,86
9009,2246880,99.4901522842639,100,98.92,197,104,93
9010,2247268,94.0810059171598,99.01,86.76,169,101,68
9011,2247306,100,100,100,189,106,83
9012,2247729,99.5026865671642,99.02,100,201,102,99
9013,2247763,100,100,100,206,98,108
9014,2247834,100,100,100,178,98,80
9015,2247862,100,100,100,205,106,99
9016,2247910,100,100,100,211,96,115
9017,2248048,99.5093137254902,98.9,100,204,91,113
9018,2248138,98.9348404255319,100,97.75,188,99,89
9019,2248628,98.2125,100,96.15,168,90,78
9020,2248758,100,100,100,160,98,62
9021,2248887,100,100,100,197,95,102
9022,2249053,99.466577540107,100,99.05,187,82,105
9023,2249466,99.4200581395349,98.95,100,172,95,77
9024,2249564,95.7052147239264,89.23,100,163,65,98
9025,2250029,99.4281142857143,100,98.61,175,103,72
9026,2250125,98.4615384615385,100,97,195,95,100
9027,2251578,100,100,100,171,105,66
9028,2251614,99.4157894736842,98.65,100,171,74,97
9029,2251653,97.3843455497382,100,94.51,191,100,91
9030,2251721,100,100,100,200,97,103
9031,2252172,98.8107142857143,97.3,100,168,74,94
9032,2252453,99.3795031055901,98.65,100,161,74,87
9033,2253505,99.4302285714286,98.31,100,175,59,116
9034,2253517,99.2059523809524,98.55,100,126,69,57
9035,2253648,98.9884848484849,98.81,99.12,198,84,114
9036,2253724,95.8131413612565,93.41,98,191,91,100
9037,2254066,97.5135403726708,95.59,98.92,161,68,93
9038,2254617,99.3507142857143,100,99.01,154,53,101
9039,2254768,100,100,100,162,62,100
9040,2255154,97.6732558139535,100,95.65,129,60,69
9041,2255338,96.2719254658385,96.77,95.96,161,62,99
9042,2255535,100,100,100,171,76,95
9043,2255812,96.9736363636364,98.67,95.56,165,75,90
9044,2256413,99.4382584269663,100,98.99,178,79,99
9045,2256509,100,100,100,189,85,104
9046,2256707,100,100,100,156,76,80
9047,2256838,98.8886111111111,98.82,98.95,180,85,95
9048,2256857,98.8362790697674,97.22,100,172,72,100
9049,2256866,100,100,100,150,83,67
9050,2257609,98.8376744186047,100,97.06,86,52,34
9051,2257613,100,100,100,73,29,44
9052,2257658,99.3641401273885,100,98.51,157,90,67
9053,2258174,98.0132450331126,95,100,151,60,91
9054,2258566,100,100,100,147,70,77
9055,2258755,99.3867484662577,100,98.81,163,79,84
9056,2258805,100,100,100,132,77,55
9057,2259843,100,100,100,126,54,72
9058,2259956,100,100,100,148,77,71
9059,2260221,96.1559230769231,100,91.53,130,71,59
9060,2260308,99.3703773584906,98.59,100,159,71,88
9061,2260317,100,100,100,171,77,94
9062,2260359,99.2754347826087,96.97,100,138,33,105
9063,2260365,99.2102362204724,98.82,100,127,85,42
9064,2260526,97.45,100,95.29,157,72,85
9065,2260898,99.4796354166667,98.97,100,192,97,95
9066,2260931,100,100,100,186,90,96
9067,2261481,98.9419047619048,100,98.02,189,88,101
9068,2261650,98.212380952381,97.01,99.01,168,67,101
9069,2262770,98.2060479041916,99.03,96.88,167,103,64
9070,2263007,99.0504761904762,99.14,98.94,210,116,94
9071,2263289,98.97,100,98.06,194,91,103
9072,2263577,97.0578823529412,97.96,95.83,170,98,72
9073,2263853,97.3548677248677,98,96.63,189,100,89
9074,2264101,98.0372549019608,95.38,100,153,65,88
9075,2264484,100,100,100,187,101,86
9076,2264857,98.9420634920635,100,97.85,189,96,93
9077,2264922,100,100,100,174,83,91
9078,2264933,99.4288,100,98.81,175,91,84
9079,2264958,98.8241176470588,98.75,98.89,170,80,90
9080,2265065,92.5020833333333,97.65,80,120,85,35
9081,2265742,99.4924365482234,100,99.01,197,96,101
9082,2265850,99.3788198757764,98.63,100,161,73,88
9083,2266140,98.7959036144578,100,97.37,166,90,76
9084,2266300,100,100,100,156,82,74
9085,2266378,100,100,100,186,98,88
9086,2266413,96.6462416107383,98.61,94.81,149,72,77
9087,2266441,99.4221965317919,100,98.81,173,89,84
9088,2266696,99.4,98.8,100,166,83,83
9089,2266987,100,100,100,172,86,86
9090,2267203,99.4063905325444,100,98.68,169,93,76
9091,2267512,100,100,100,196,102,94
9092,2267608,98.6181379310345,98.55,98.68,145,69,76
9093,2267908,97.3715789473684,98.39,96.67,152,62,90
9094,2268003,99.3114482758621,98.44,100,145,64,81
9095,2268129,98.6394557823129,100,97.5,147,67,80
9096,2268136,99.22,100,98.08,128,76,52
9097,2268172,99.3529032258064,100,98.82,155,70,85
9098,2268199,98.6688,98.55,98.77,150,69,81
9099,2268352,97.7283333333333,100,94.83,132,74,58
9100,2269299,97.8405755395683,94.64,100,139,56,83
9101,2269466,95.6486335403727,98.73,92.68,161,79,82
9102,2269503,98.1478395061728,100,96.47,162,77,85
9103,2270193,100,100,100,154,69,85
9104,2270658,96.1075324675325,94.74,97.44,77,38,39
9105,2271125,95.698064516129,96.72,93.75,93,61,32
9106,2272076,99.4540983606557,98.89,100,183,90,93
9107,2272950,99.4703703703704,99.09,100,189,110,79
9108,2273325,100,100,100,173,91,82
9109,2273496,100,100,100,186,107,79
9110,2273559,99.4352542372881,98.98,100,177,98,79
9111,2273930,99.5002,99.16,100,200,119,81
9112,2273994,100,100,100,193,116,77
9113,2274215,100,100,100,166,80,86
9114,2274423,97.6178571428572,98.89,96.15,168,90,78
9115,2274434,97.8821164021164,99.08,96.25,189,109,80
9116,2274443,98.1725,99.1,96.23,164,111,53
9117,2274473,98.2848,97.8,98.81,175,91,84
9118,2275245,97.1243884892086,94.55,98.81,139,55,84
9119,2275696,100,100,100,196,119,77
9120,2275790,98.8165680473373,97.5,100,169,80,89
9121,2276006,99.4621081081081,99.07,100,185,107,78
9122,2276203,99.3633121019108,100,97.96,157,108,49
9123,2276245,98.9729230769231,99.16,98.68,195,119,76
9124,2276279,99.4881122448979,100,98.73,196,117,79
9125,2276547,100,100,100,192,114,78
9126,2276579,98.1365838509317,98.84,97.33,161,86,75
9127,2276715,99.4676595744681,100,98.61,188,116,72
9128,2277090,98.6208275862069,96.97,100,145,66,79
9129,2277189,100,100,100,151,93,58
9130,2277408,100,100,100,162,101,61
9131,2277543,98.7973493975904,97.83,100,166,92,74
9132,2277638,100,100,100,186,118,68
9133,2278319,96.757027027027,97.25,96.05,185,109,76
9134,2278423,91.3572839506173,86.36,97.3,162,88,74
9135,2278569,91.40875,93.85,88.89,128,65,63
9136,2279255,100,100,100,143,63,80
9137,2279464,100,100,100,194,122,72
9138,2280007,99.5153398058252,100,98.96,206,110,96
9139,2280247,100,100,100,186,91,95
9140,2280588,92.4357837837838,89.66,94.9,185,87,98
9141,2281112,99.0294174757281,99.09,98.96,206,110,96
9142,2281308,97.9065968586387,96.08,100,191,102,89
9143,2281590,99.5051485148515,99.16,100,202,119,83
9144,2281716,99.0498104265403,98.37,100,211,123,88
9145,2282001,99.4183139534884,98.55,100,172,69,103
9146,2282243,100,100,100,210,112,98
9147,2282462,98.6855263157895,97.3,100,228,111,117
9148,2282644,99.548,100,99.12,220,107,113
9149,2283024,98.5317647058824,96.88,100,204,96,108
9150,2283229,98.5921126760563,96.94,100,213,98,115
9151,2284589,98.5024,98.08,98.96,200,104,96
9152,2284682,97.6645794392523,99.05,96.33,214,105,109
9153,2284970,100,100,100,196,102,94
9154,2285513,99.4777083333333,98.91,100,192,92,100
9155,2285654,97.06,99.04,93.94,170,104,66
9156,2285844,100,100,100,205,113,92
9157,2285853,100,100,100,191,96,95
9158,2287005,98.844450867052,98.77,98.91,173,81,92
9159,2287039,98.9632124352332,100,97.7,193,106,87
9160,2287527,99.50045,99.03,100,200,103,97
9161,2288012,94.6345637583893,94.83,94.51,149,58,91
9162,2288022,96.8566037735849,96.67,97.1,159,90,69
9163,2288484,98.7824390243902,97.44,100,164,78,86
9164,2289073,97.6493529411765,100,95.51,170,81,89
9165,2289324,99.3541290322581,98.59,100,155,71,84
9166,2289563,100,100,100,140,81,59
9167,2290083,98.8439306358381,97.5,100,173,80,93
9168,2290540,98.3860215053764,100,96.84,186,91,95
9169,2290585,100,100,100,166,77,89
9170,2290636,99.4132352941176,98.67,100,170,75,95
9171,2290665,98.3165168539326,97.73,98.89,178,88,90
9172,2290675,98.2044910179641,97.85,98.65,167,93,74
9173,2290945,98.9414285714286,98.77,99.07,189,81,108
9174,2291234,94.3170454545455,95.35,93.33,88,43,45
9175,2291238,92.6809756097561,90.12,97.62,123,81,42
9176,2291598,99.4364406779661,100,98.67,177,102,75
9177,2291655,99.4722105263158,100,98.91,190,98,92
9178,2291820,100,100,100,205,96,109
9179,2291832,100,100,100,179,81,98
9180,2292129,98.9918686868687,99.07,98.9,198,107,91
9181,2292376,99.5204326923077,99.05,100,208,105,103
9182,2292450,97.6197142857143,95.96,99.1,210,99,111
9183,2292479,99.4209302325581,100,98.8,172,89,83
9184,2292554,99.0137931034483,100,98.18,203,93,110
9185,2292641,99.3625477707006,100,98.61,157,85,72
9186,2292869,100,100,100,172,96,76
9187,2293015,100,100,100,206,104,102
9188,2293640,98.3431491712707,99.06,97.33,181,106,75
9189,2293654,100,100,100,167,67,100
9190,2293981,100,100,100,187,116,71
9191,2294176,99.5306132075472,99.07,100,212,107,105
9192,2294255,100,100,100,178,90,88
9193,2294393,99.48,100,98.96,192,96,96
9194,2294404,98.3333333333333,98.08,98.68,180,104,76
9195,2294425,99.3317333333333,98.21,100,150,56,94
9196,2295078,99.5471363636364,100,99.19,220,97,123
9197,2295159,98.8570285714286,100,97.26,175,102,73
9198,2295276,99.5553333333333,100,99.13,225,110,115
9199,2295736,99.4291428571428,100,98.65,175,101,74
9200,2295762,95.3030872483221,85.42,100,149,48,101
9201,2296127,94.967358490566,98.99,88.33,159,99,60
9202,2296208,99.5067326732673,100,99.06,202,96,106
9203,2296292,96.5892045454545,100,93.33,176,86,90
9204,2297150,99.5287264150943,98.97,100,212,97,115
9205,2297193,100,100,100,223,101,122
9206,2297385,94.284,86.54,98.86,140,52,88
9207,2298165,99.5207692307692,100,99.11,208,96,112
9208,2298519,100,100,100,201,103,98
9209,2298557,100,100,100,205,93,112
9210,2298913,100,100,100,211,101,110
9211,2299015,100,100,100,202,96,106
9212,2299100,100,100,100,195,90,105
9213,2299134,99.4064880952381,98.31,100,168,59,109
9214,2299181,98.9164864864865,100,97.89,185,90,95
9215,2299378,100,100,100,196,95,101
9216,2299433,100,100,100,195,78,117
9217,2299893,99.485,100,99.03,194,91,103
9218,2299910,98.9434920634921,100,97.92,189,93,96
9219,2300324,100,100,100,219,108,111
9220,2300433,100,100,100,165,102,63
9221,2300483,100,100,100,171,61,110
9222,2300667,100,100,100,206,105,101
9223,2300825,100,100,100,197,87,110
9224,2300918,100,100,100,210,98,112
9225,2301020,100,100,100,208,103,105
9226,2301080,100,100,100,206,99,107
9227,2301189,100,100,100,201,94,107
9228,2301227,100,100,100,189,83,106
9229,2301254,99.449010989011,98.91,100,182,92,90
9230,2301671,100,100,100,187,104,83
9231,2301954,100,100,100,169,96,73
9232,2302089,100,100,100,195,94,101
9233,2302326,96.2232075471698,99.08,93.2,212,109,103
9234,2302391,100,100,100,195,93,102
9235,2302844,100,100,100,151,108,43
9236,2303106,99.390487804878,100,99.02,164,62,102
9237,2303618,94.442962962963,98.81,89.74,162,84,78
9238,2303641,95.2964705882353,93.62,97.37,170,94,76
9239,2304307,99.4481318681319,98.92,100,182,93,89
9240,2305286,100,100,100,195,98,97
9241,2305327,99.286,97.96,100,140,49,91
9242,2305567,100,100,100,193,94,99
9243,2305612,97.858,100,95.59,140,72,68
9244,2305678,96.7733333333333,93.18,100,186,88,98
9245,2306005,100,100,100,182,96,86
9246,2306123,100,100,100,189,86,103
9247,2306185,100,100,100,205,106,99
9248,2306222,100,100,100,173,81,92
9249,2306233,100,100,100,195,104,91
9250,2307086,100,100,100,215,107,108
9251,2307173,98.5177777777778,97.14,99,135,35,100
9252,2307179,99.4777083333333,99.08,100,192,109,83
9253,2307386,100,100,100,187,97,90
9254,2308140,100,100,100,189,98,91
9255,2308221,100,100,100,172,66,106
9256,2308414,98.438125,94.12,100,128,34,94
9257,2308853,99.5010945273632,99.08,100,201,109,92
9258,2308928,100,100,100,196,91,105
9259,2309096,99.5029850746269,100,98.89,201,111,90
9260,2309241,100,100,100,180,101,79
9261,2309333,98.8610795454545,100,97.89,176,81,95
9262,2309657,100,100,100,202,110,92
9263,2309689,99.4517486338798,100,98.73,183,104,79
9264,2310376,99.4066272189349,98.91,100,169,92,77
9265,2310555,99.436384180791,98.84,100,177,86,91
9266,2310713,100,100,100,185,104,81
9267,2310956,99.4250574712644,100,98.78,174,92,82
9268,2310989,99.4446666666667,100,98.81,180,96,84
9269,2311089,99.4713756613757,99.03,100,189,103,86
9270,2311316,100,100,100,197,108,89
9271,2311472,100,100,100,161,96,65
9272,2312097,100,100,100,157,97,60
9273,2312508,98.5810638297872,98.48,98.67,141,66,75
9274,2312651,97.9006293706294,97.14,98.63,143,70,73
9275,2313566,100,100,100,159,85,74
9276,2313707,98.7400628930818,98.75,98.73,159,80,79
9277,2313959,93.2764705882353,97.1,88,119,69,50
9278,2313981,97.6427058823529,96.1,98.92,170,77,93
9279,2314182,100,100,100,157,76,81
9280,2314202,99.3227027027027,98.21,100,148,56,92
9281,2314602,100,100,100,167,76,91
9282,2314644,98.795,97.59,100,166,83,83
9283,2314721,98.8647727272727,100,97.78,176,86,90
9284,2314742,100,100,100,177,77,100
9285,2314797,100,100,100,147,44,103
9286,2314803,100,100,100,118,86,32
9287,2314877,100,100,100,183,94,89
9288,2315184,100,100,100,136,49,87
9289,2315271,100,100,100,171,72,99
9290,2315388,100,100,100,193,95,98
9291,2315430,100,100,100,186,83,103
9292,2316300,100,100,100,194,93,101
9293,2316343,97.9279792746114,95.7,100,193,93,100
9294,2316423,97.4752525252525,98.91,96.23,198,92,106
9295,2316475,99.4829896907216,98.82,100,194,85,109
9296,2316492,98.5154455445545,100,97.06,202,100,102
9297,2316520,99.4680319148936,98.63,100,188,73,115
9298,2316687,99.4849230769231,100,98.92,195,102,93
9299,2317341,95.6183211678832,90.48,97.89,137,42,95
9300,2317351,97.5150931677019,95.31,98.97,161,64,97
9301,2317381,100,100,100,201,85,116
9302,2317456,97.8375675675676,98.86,96.91,185,88,97
9303,2317475,96.6267415730337,96.47,96.77,178,85,93
9304,2317634,100,100,100,200,97,103
9305,2317883,99.1027027027027,99.05,99.15,222,105,117
9306,2317963,99.511568627451,98.94,100,204,94,110
9307,2318264,97.4606598984772,94.25,100,197,87,110
9308,2318362,99.0274757281553,100,98.11,206,100,106
9309,2318398,100,100,100,170,79,91
9310,2318930,100,100,100,187,84,103
9311,2319076,98.9945728643216,98.92,99.06,199,93,106
9312,2319290,99.4161403508772,98.44,100,171,64,107
9313,2319454,97.6614035087719,100,95.7,171,78,93
9314,2319706,99.4960804020101,100,99.08,199,90,109
9315,2320091,100,100,100,188,78,110
9316,2320233,99.4411173184357,98.78,100,179,82,97
9317,2320242,99.4578804347826,100,98.95,184,89,95
9318,2320434,100,100,100,183,91,92
9319,2320836,100,100,100,191,76,115
9320,2321045,98.2849142857143,96.51,100,175,86,89
9321,2321279,97.2688524590164,95.7,98.89,183,93,90
9322,2321529,99.4408938547486,98.61,100,179,72,107
9323,2321567,97.0223809523809,100,93.24,168,94,74
9324,2321676,98.926935483871,98.88,98.97,186,89,97
9325,2321696,96.8584816753927,96.47,97.17,191,85,106
9326,2321703,97.19,94.38,100,178,89,89
9327,2321840,98.2167857142857,98.89,97.44,168,90,78
9328,2322188,98.8150887573965,97.33,100,169,75,94
9329,2322250,98.0675362318841,97.94,98.18,207,97,110
9330,2322767,97.9242487046632,98.86,97.14,193,88,105
9331,2322818,98.79,98.89,98.67,165,90,75
9332,2322902,100,100,100,185,80,105
9333,2323003,99.4872307692308,100,99.01,195,94,101
9334,2323019,98.8380813953489,98.95,98.7,172,95,77
9335,2323235,95.8574093264249,91.36,99.11,193,81,112
9336,2324181,97.6057894736842,98.99,96.36,209,99,110
9337,2324290,100,100,100,211,105,106
9338,2324488,100,100,100,206,97,109
9339,2324514,100,100,100,221,112,109
9340,2324731,100,100,100,192,94,98
9341,2324811,100,100,100,138,48,90
9342,2324819,100,100,100,183,107,76
9343,2324855,100,100,100,192,106,86
9344,2324885,98.9961809045226,97.73,100,199,88,111
9345,2325223,95.9778894472362,100,90.8,199,112,87
9346,2325281,96.6480446927374,88,100,179,50,129
9347,2325402,97.0930232558139,90,100,172,50,122
9348,2325500,100,100,100,229,102,127
9349,2325701,99.0004,100,97.96,200,102,98
9350,2325897,97.39703125,93.22,99.25,192,59,133
9351,2325920,100,100,100,201,90,111
9352,2327043,98.7251063829787,98.1,99.23,235,105,130
9353,2327450,99.5608810572687,99.11,100,227,112,115
9354,2327464,100,100,100,229,107,122
9355,2327944,100,100,100,230,124,106
9356,2327964,99.1,100,98.15,222,114,108
9357,2328001,99.5594736842105,99.07,100,228,108,120
9358,2328256,100,100,100,222,108,114
9359,2328304,100,100,100,243,120,123
9360,2328508,99.5503139013453,100,99.08,223,114,109
9361,2328598,100,100,100,236,119,117
9362,2328616,100,100,100,232,109,123
9363,2328802,99.5353488372093,98.89,100,215,90,125
9364,2328832,99.5613973799126,99.07,100,229,108,121
9365,2329696,97.5913253012048,100,91.84,166,117,49
9366,2330735,99.5675862068966,99.12,100,232,114,118
9367,2330963,100,100,100,212,111,101
9368,2331136,100,100,100,228,114,114
9369,2331170,100,100,100,217,118,99
9370,2331995,100,100,100,214,109,105
9371,2332145,99.3791304347826,98.04,100,161,51,110
9372,2332318,100,100,100,199,117,82
9373,2332736,100,100,100,227,116,111
9374,2333290,100,100,100,215,111,104
9375,2333309,100,100,100,231,118,113
9376,2333329,99.5392165898618,100,99.01,217,116,101
9377,2333353,99.5186473429952,98.94,100,207,94,113
9378,2333543,98.5326960784314,99.07,97.94,204,107,97
9379,2334534,100,100,100,165,88,77
9380,2335334,100,100,100,193,107,86
9381,2335959,100,100,100,189,114,75
9382,2335985,99.4926530612245,99.12,100,196,113,83
9383,2336202,100,100,100,209,123,86
9384,2336267,95.804965034965,94.37,97.22,143,71,72
9385,2336306,100,100,100,210,119,91
9386,2336354,99.4977777777778,99.12,100,198,113,85
9387,2336426,98.4464766839378,98.25,98.73,193,114,79
9388,2336483,96.8068085106383,100,91.04,188,121,67
9389,2336880,100,100,100,185,122,63
9390,2336953,98.8901111111111,98.9,98.88,180,91,89
9391,2337028,100,100,100,172,97,75
9392,2337037,100,100,100,184,100,84
9393,2337214,100,100,100,192,98,94
9394,2337373,100,100,100,198,110,88
9395,2337400,100,100,100,162,83,79
9396,2337520,100,100,100,198,116,82
9397,2337565,100,100,100,201,105,96
9398,2337820,100,100,100,165,83,82
9399,2337825,99.4028571428571,100,98.86,168,80,88
9400,2337916,99.5018,100,98.94,200,106,94
9401,2337933,98.9060109289617,100,97.8,183,92,91
9402,2337967,99.3474509803922,100,98.44,153,89,64
9403,2337972,99.2436363636364,100,98.08,132,80,52
9404,2338041,99.3870552147239,100,98.97,163,66,97
9405,2338231,99.5284905660377,100,98.98,212,114,98
9406,2338243,100,100,100,195,106,89
9407,2338296,100,100,100,198,106,92
9408,2338390,100,100,100,200,109,91
9409,2338600,99.5153623188406,99.12,100,207,114,93
9410,2339010,99.4559782608696,100,98.7,184,107,77
9411,2339155,98.830350877193,98.81,98.85,171,84,87
9412,2339615,99.5010945273632,100,98.91,201,109,92
9413,2339652,100,100,100,199,107,92
9414,2339976,100,100,100,191,96,95
9415,2340171,96.8740625,98.99,93.44,160,99,61
9416,2340221,99.535,100,99.07,216,108,108
9417,2340612,97.2786394557823,100,94.52,147,74,73
9418,2340630,98.9965829145729,100,98.08,199,95,104
9419,2340864,98.9945226130653,100,98.13,199,92,107
9420,2341116,100,100,100,206,104,102
9421,2341236,100,100,100,182,89,93
9422,2341353,99.4492817679558,100,99.11,181,69,112
9423,2341359,98.7354430379747,100,97.3,158,84,74
9424,2341371,99.4057142857143,100,99.04,168,64,104
9425,2341377,99.0300970873786,97.78,100,103,45,58
9426,2341395,100,100,100,164,82,82
9427,2341427,99.3394039735099,100,98.67,151,76,75
9428,2341539,99.48,100,98.96,192,96,96
9429,2341653,100,100,100,207,100,107
9430,2342019,100,100,100,179,98,81
9431,2342571,99.356858974359,100,98.73,156,77,79
9432,2342673,97.3535761589404,100,95.51,151,62,89
9433,2342698,98.6555033557047,100,97.01,149,82,67
9434,2342709,99.3068055555556,100,98.39,144,82,62
9435,2342730,100,100,100,119,44,75
9436,2343006,99.4221965317919,98.81,100,173,84,89
9437,2343045,99.2544776119403,100,98.15,134,80,54
9438,2343165,93.2327067669173,98.55,87.5,133,69,64
9439,2344522,84.8481818181818,83.33,86.67,99,54,45
9440,2345072,100,100,100,119,64,55
9441,2345120,100,100,100,136,56,80
9442,2345271,99.3041666666667,98.33,100,144,60,84
9443,2345546,99.3281879194631,100,98.7,149,72,77
9444,2345624,100,100,100,130,83,47
9445,2345976,100,100,100,169,76,93
9446,2346144,99.3174829931973,100,98.73,147,68,79
9447,2346362,100,100,100,149,66,83
9448,2346416,100,100,100,160,73,87
9449,2346593,97.0913953488372,98.72,95.74,172,78,94
9450,2346602,97.2808843537415,98.63,95.95,147,73,74
9451,2346621,98.7665432098765,98.39,99,162,62,100
9452,2346746,99.4283428571429,98.78,100,175,82,93
9453,2346933,99.3903048780488,100,99.01,164,63,101
9454,2346941,100,100,100,151,65,86
9455,2346963,98.137950310559,96.67,99.01,161,60,101
9456,2347095,99.32,100,98.98,147,49,98
9457,2347145,98.6766887417219,100,97.94,151,54,97
9458,2347418,97.1444571428571,98.61,96.12,175,72,103
9459,2347472,99.3954545454545,100,98.95,165,70,95
9460,2347504,97.9142361111111,98.18,97.75,144,55,89
9461,2347781,100,100,100,154,58,96
9462,2347822,100,100,100,153,59,94
9463,2347843,100,100,100,145,63,82
9464,2347867,98.5933098591549,100,97.65,142,57,85
9465,2348159,100,100,100,122,23,99
9466,2348351,98.9701030927835,98.15,100,97,54,43
9467,2348380,99.3204081632653,97.78,100,147,45,102
9468,2348389,97.3676315789474,98.18,95.24,76,55,21
9469,2349216,99.2614705882353,100,98.92,136,43,93
9470,2350730,99.3976506024097,100,98.99,166,67,99
9471,2350742,99.3558709677419,100,98.96,155,59,96
9472,2350763,100,100,100,169,66,103
9473,2350977,100,100,100,162,79,83
9474,2351272,100,100,100,196,89,107
9475,2351293,100,100,100,175,80,95
9476,2351716,98.835,100,97.67,172,86,86
9477,2352111,98.7236942675159,98.46,98.91,157,65,92
9478,2352160,98.7959036144578,97.37,100,166,76,90
9479,2352315,97.8510752688172,100,94.29,93,58,35
9480,2352319,98.6443243243243,100,98.48,74,8,66
9481,2352875,100,100,100,166,95,71
9482,2352992,98.9707216494845,100,97.92,194,98,96
9483,2353092,100,100,100,179,80,99
9484,2353277,98.6828947368421,100,97.14,152,82,70
9485,2353308,100,100,100,185,88,97
9486,2353339,100,100,100,159,84,75
9487,2353349,100,100,100,153,51,102
9488,2353356,100,100,100,151,93,58
9489,2353379,100,100,100,161,79,82
9490,2353794,99.4585326086956,98.77,100,184,81,103
9491,2353896,100,100,100,190,95,95
9492,2354393,98.4364583333333,100,96.84,192,97,95
9493,2354521,100,100,100,210,93,117
9494,2354916,100,100,100,201,97,104
9495,2355430,99.4533333333333,98.36,100,183,61,122
9496,2355915,99.5393055555555,99.07,100,216,107,109
9497,2356196,100,100,100,219,92,127
9498,2356314,100,100,100,232,114,118
9499,2356608,99.5172330097087,100,99.15,206,89,117
9500,2357328,99.5316431924882,100,99.14,213,97,116
9501,2357402,99.5338785046729,100,99.05,214,109,105
9502,2357486,98.976,100,97.92,195,99,96
9503,2357937,99.0439234449761,98.06,100,209,103,106
9504,2357979,99.0766666666667,98.96,99.17,216,96,120
9505,2358022,97.3686842105263,93.94,100,152,66,86
9506,2358102,100,100,100,177,67,110
9507,2358229,100,100,100,234,110,124
9508,2358309,100,100,100,213,92,121
9509,2358559,98.9060109289617,100,97.14,183,113,70
9510,2358628,99.5387096774194,100,99.09,217,107,110
9511,2358678,99.5356279069767,98.96,100,215,96,119
9512,2359008,99.5486425339367,99.05,100,221,105,116
9513,2359158,97.5474846625767,100,94.74,163,87,76
9514,2359684,99.35,97.14,100,154,35,119
9515,2360408,99.5455203619909,98.92,100,221,93,128
9516,2360675,100,100,100,182,99,83
9517,2360819,100,100,100,214,90,124
9518,2360893,99.4957575757576,98.72,100,198,78,120
9519,2360989,98.6285388127854,97.96,99.17,219,98,121
9520,2361004,99.0738888888889,99.01,99.13,216,101,115
9521,2361076,99.49,100,99.15,195,78,117
9522,2361083,99.382962962963,99.02,100,162,102,60
9523,2361298,99.0808755760369,99,99.15,217,100,117
9524,2361562,100,100,100,195,104,91
9525,2361969,99.015763546798,98.15,100,203,108,95
9526,2362038,96.9542682926829,97.78,95.95,164,90,74
9527,2362120,97.0713170731707,98.02,96.15,205,101,104
9528,2362858,98.8431213872832,98.78,98.9,173,82,91
9529,2363055,99.3824074074074,100,98.55,162,93,69
9530,2363440,100,100,100,164,82,82
9531,2363732,100,100,100,170,97,73
9532,2364366,87.41,95.31,81.01,143,64,79
9533,2364627,99.3461437908497,98.78,100,153,82,71
9534,2364915,96.4058273381295,98.44,94.67,139,64,75
9535,2365315,95.0396453900709,96.88,93.51,141,64,77
9536,2366012,100,100,100,147,85,62
9537,2367197,98.032315270936,98.2,97.83,203,111,92
9538,2367375,98.7873939393939,100,97.56,165,83,82
9539,2367962,100,100,100,176,99,77
9540,2368715,99.4909644670051,98.91,100,197,92,105
9541,2369054,99.5081773399015,100,99.04,203,99,104
9542,2369450,100,100,100,175,69,106
9543,2369458,98.7101935483871,100,97.62,155,71,84
9544,2369999,98.7885454545454,98.85,98.72,165,87,78
9545,2370343,100,100,100,147,97,50
9546,2370379,100,100,100,151,91,60
9547,2370393,100,100,100,169,87,82
9548,2370492,99.4195348837209,100,98.96,172,76,96
9549,2370757,100,100,100,178,86,92
9550,2370971,100,100,100,176,90,86
9551,2371311,97.7683240223464,96.39,98.96,179,83,96
9552,2371515,97.8629946524064,97.78,97.94,187,90,97
9553,2372517,98.50015,98.02,98.99,200,101,99
9554,2372560,99.5435321100917,100,99.07,218,111,107
9555,2372872,100,100,100,175,83,92
9556,2373447,99.3705660377359,100,98.61,159,87,72
9557,2373786,100,100,100,181,90,91
9558,2373996,100,100,100,175,94,81
9559,2374482,98.9378723404255,99.06,98.78,188,106,82
9560,2374999,99.4734210526316,100,98.85,190,103,87
9561,2375084,98.990101010101,98.98,99,198,98,100
9562,2375181,99.4657219251337,98.97,100,187,97,90
9563,2375498,100,100,100,151,65,86
9564,2375610,100,100,100,122,49,73
9565,2375615,97.6470588235294,100,93.75,85,53,32
9566,2375624,94.8713675213675,100,45.45,117,106,11
9567,2375829,99.3221621621622,100,98.48,148,82,66
9568,2375931,99.428,100,98.46,175,110,65
9569,2376193,99.0193137254902,99.15,98.84,204,118,86
9570,2376476,100,100,100,177,113,64
9571,2376605,100,100,100,192,103,89
9572,2376650,100,100,100,145,104,41
9573,2376847,96.5275,100,90.74,144,90,54
9574,2377116,100,100,100,167,101,66
9575,2377209,99.3376821192053,98.63,100,151,73,78
9576,2377455,99.4179651162791,100,98.59,172,101,71
9577,2377588,100,100,100,184,103,81
9578,2377916,99.3328,100,98.61,150,78,72
9579,2377934,100,100,100,167,91,76
9580,2378309,99.3837654320988,100,98.51,162,95,67
9581,2378468,100,100,100,162,86,76
9582,2378942,99.3889570552147,98.8,100,163,83,80
9583,2379591,100,100,100,159,88,71
9584,2379643,100,100,100,156,77,79
9585,2380929,99.2060317460317,100,98.36,126,65,61
9586,2380938,86.3141052631579,98.7,33.33,95,77,18
9587,2381331,98.459,97.01,100,130,67,63
9588,2381526,91.8040163934426,86.57,98.18,122,67,55
9589,2381810,100,100,100,102,63,39
9590,2383047,86.666,84.09,89.13,90,44,46
9591,2383244,89.8877528089888,100,79.07,89,46,43
9592,2383353,94.3793258426966,95.65,93.02,89,46,43
9593,2383623,92.31,90,94.29,65,30,35
9594,2384067,96.3665454545454,97.44,93.75,55,39,16
9595,2384101,96.1057142857143,93.94,97.73,77,33,44
9596,2384736,95.2350793650794,97.67,90,63,43,20
9597,2385105,98.8519540229885,100,97.73,87,43,44
9598,2386227,98.8494252873563,97.14,100,87,35,52
9599,2386518,95.3134375,90.91,97.62,64,22,42
9600,2387112,96.9243076923077,91.67,100,65,24,41
9601,2387127,100,100,100,67,24,43
9602,2387244,93.1031034482759,93.33,92.86,58,30,28
9603,2387351,97.0149253731343,93.75,100,67,32,35
9604,2387490,96.5518965517241,96,96.97,58,25,33
9605,2387629,92.4245454545455,93.33,91.67,66,30,36
9606,2387959,100,100,100,75,33,42
9607,2388097,97.4701265822785,97.3,97.62,79,37,42
9608,2389372,97.6189285714286,97.3,97.87,84,37,47
9609,2389402,92.5950617283951,82.76,98.08,81,29,52
9610,2389684,100,100,100,111,52,59
9611,2389720,94.7368421052632,90,100,114,60,54
9612,2390130,100,100,100,145,80,65
9613,2390394,100,100,100,137,75,62
9614,2391102,99.4462222222222,98.88,100,180,89,91
9615,2391156,100,100,100,172,83,89
9616,2391459,99.4714285714286,98.89,100,189,90,99
9617,2391480,97.0068263473054,94.74,98.9,167,76,91
9618,2391639,98.9950753768844,98.02,100,199,101,98
9619,2392098,99.438202247191,98.75,100,178,80,98
9620,2392257,98.771472392638,97.33,100,163,75,88
9621,2392581,99.366582278481,98.61,100,158,72,86
9622,2392674,99.4047023809524,100,98.63,168,95,73
9623,2392716,97.3995454545455,96.7,98.41,154,91,63
9624,2392827,100,100,100,168,100,68
9625,2392941,97.6190476190476,100,93.75,126,78,48
9626,2392950,98.8562285714286,100,97.22,175,103,72
9627,2393046,95.6801851851852,94.51,97.18,162,91,71
9628,2393358,100,100,100,157,97,60
9629,2393662,100,100,100,179,93,86
9630,2393842,98.8315789473684,97.78,100,171,90,81
9631,2394250,99.1854471544716,97.67,100,123,43,80
9632,2394289,98.7738036809816,100,97.47,163,84,79
9633,2394567,99.3403973509934,98.8,100,151,83,68
9634,2394586,98.742641509434,97.62,100,159,84,75
9635,2394952,100,100,100,169,78,91
9636,2395320,100,100,100,169,78,91
9637,2395341,100,100,100,155,75,80
9638,2395549,100,100,100,155,86,69
9639,2395838,98.2133333333333,97.37,98.91,168,76,92
9640,2396035,98.5530434782609,100,97.44,138,60,78
9641,2396043,98.7938554216867,98.89,98.68,166,90,76
9642,2396064,99.2950704225352,100,98.46,142,77,65
9643,2396392,98.3057627118644,96.43,100,177,84,93
9644,2396511,100,100,100,181,86,95
9645,2397206,98.8997802197802,98.73,99.03,182,79,103
9646,2397222,98.2442105263158,100,95.83,171,99,72
9647,2397249,98.3108988764045,98.91,97.67,178,92,86
9648,2397381,100,100,100,192,99,93
9649,2397411,99.5049504950495,100,99,202,102,100
9650,2397460,99.4863917525773,100,98.94,194,100,94
9651,2397826,100,100,100,153,105,48
9652,2398261,98.3936363636364,100,96.77,187,94,93
9653,2398304,100,100,100,184,90,94
9654,2398384,99.4608108108108,98.95,100,185,95,90
9655,2398456,100,100,100,167,103,64
9656,2398807,100,100,100,205,104,101
9657,2399228,99.49,98.98,100,196,98,98
9658,2399335,99.4413407821229,100,99,179,79,100
9659,2399659,100,100,100,168,92,76
9660,2400558,99.390487804878,100,99.02,164,62,102
9661,2400638,100,100,100,180,89,91
9662,2400738,99.5076470588235,100,99.07,204,96,108
9663,2400873,100,100,100,194,93,101
9664,2401580,100,100,100,180,98,82
9665,2401619,94.4151955307263,90,98.88,179,90,89
9666,2401787,98.8863888888889,97.89,100,180,95,85
9667,2401817,98.926935483871,98.97,98.88,186,97,89
9668,2401880,98.7807317073171,98.75,98.81,164,80,84
9669,2401889,98.4133333333333,98.78,97.73,126,82,44
9670,2401988,98.9531413612565,97.85,100,191,93,98
9671,2402131,100,100,100,166,83,83
9672,2402230,98.1132075471698,95,100,159,60,99
9673,2402311,98.7115483870968,96.83,100,155,63,92
9674,2402370,100,100,100,180,90,90
9675,2402557,100,100,100,142,48,94
9676,2402727,100,100,100,193,98,95
9677,2402814,97.7777777777778,100,95,180,100,80
9678,2402832,100,100,100,203,105,98
9679,2402955,100,100,100,166,76,90
9680,2402968,100,100,100,157,64,93
9681,2403285,99.4047023809524,100,98.63,168,95,73
9682,2403429,99.42,100,98.84,172,86,86
9683,2403540,100,100,100,166,87,79
9684,2403703,100,100,100,165,86,79
9685,2403789,98.6125,97.78,100,144,90,54
9686,2403801,100,100,100,167,79,88
9687,2404047,100,100,100,137,84,53
9688,2404543,92.2403448275862,88.33,96.43,116,60,56
9689,2404587,100,100,100,127,76,51
9690,2405309,91.150796460177,93.22,88.89,113,59,54
9691,2405437,77.9655084745763,95.08,59.65,118,61,57
9692,2405803,98.2119642857143,100,96.77,112,50,62
9693,2405835,100,100,100,123,53,70
9694,2406060,99.048,100,97.96,105,56,49
9695,2406082,100,100,100,113,60,53
9696,2406304,93.9383838383838,95.74,92.31,99,47,52
9697,2406570,98.959375,98.15,100,96,54,42
9698,2406600,94.645,96.43,92.86,112,56,56
9699,2406822,93.8582456140351,92,95.31,114,50,64
9700,2406844,83.1575789473684,87.23,79.17,95,47,48
9701,2407000,98.0942857142857,98,98.18,105,50,55
9702,2408074,99.1954838709677,100,98.28,124,66,58
9703,2408509,100,100,100,148,75,73
9704,2408603,100,100,100,139,64,75
9705,2408684,100,100,100,162,81,81
9706,2409091,98.6379591836735,97.18,100,147,71,76
9707,2409542,99.3418421052632,100,98.36,152,91,61
9708,2409935,93.9385454545455,87.34,100,165,79,86
9709,2410187,100,100,100,189,88,101
9710,2410462,99.341447368421,100,98.46,152,87,65
9711,2410609,100,100,100,183,92,91
9712,2410638,100,100,100,146,36,110
9713,2410696,100,100,100,187,82,105
9714,2411191,98.8561714285714,98.73,98.96,175,79,96
9715,2411429,96.0276158940397,91.07,98.95,151,56,95
9716,2411944,98.7325949367089,100,97.75,158,69,89
9717,2412063,98.7358860759494,98.7,98.77,158,77,81
9718,2412451,100,100,100,153,78,75
9719,2412529,99.3624203821656,100,98.57,157,87,70
9720,2412972,99.366835443038,100,98.78,158,76,82
9721,2412990,100,100,100,168,79,89
9722,2413782,98.7554037267081,100,97.67,161,75,86
9723,2413854,100,100,100,169,78,91
9724,2414212,99.3089583333333,100,99.07,144,37,107
9725,2414220,100,100,100,159,80,79
9726,2414539,100,100,100,190,85,105
9727,2414768,100,100,100,189,83,106
9728,2414816,100,100,100,192,84,108
9729,2414898,100,100,100,186,88,98
9730,2415017,97.4621827411167,100,95.05,197,96,101
9731,2415309,99.3969879518072,100,98.46,166,101,65
9732,2415360,97.6760465116279,95.59,99.04,172,68,104
9733,2415428,100,100,100,186,105,81
9734,2415443,99.4014371257485,98.98,100,167,98,69
9735,2415807,99.0848623853211,100,98.25,218,104,114
9736,2415866,98.542718446602,100,96.84,206,111,95
9737,2416067,100,100,100,184,101,83
9738,2416125,98.8373255813953,96.97,100,172,66,106
9739,2416328,100,100,100,201,102,99
9740,2416415,100,100,100,141,58,83
9741,2416425,100,100,100,157,80,77
9742,2416607,99.0148768472906,100,97.98,203,104,99
9743,2416713,100,100,100,180,108,72
9744,2416766,100,100,100,175,107,68
9745,2417262,97.5510784313726,96.23,98.98,204,106,98
9746,2417389,97.0918604651163,100,93.9,172,90,82
9747,2417813,99.57,99.22,100,234,129,105
9748,2417993,98.5995327102804,100,96.67,214,124,90
9749,2418140,99.3871165644172,98.65,100,163,74,89
9750,2418381,98.2446783625731,94.64,100,171,56,115
9751,2418572,97.402683982684,97.6,97.17,231,125,106
9752,2419270,98.57,100,97.14,210,105,105
9753,2419552,100,100,100,214,116,98
9754,2419688,99.5433789954338,100,99,219,119,100
9755,2419976,99.1958,99.17,99.22,250,121,129
9756,2420150,98.9572916666667,100,97.4,192,115,77
9757,2420243,98.5015,95.95,100,200,74,126
9758,2420624,96.5736301369863,100,92.75,146,77,69
9759,2420628,93.8047787610619,90.2,96.77,113,51,62
9760,2420790,98.0512195121951,98,98.1,205,100,105
9761,2421197,99.0430622009569,100,98,209,109,100
9762,2421436,98.9461052631579,98.98,98.91,190,98,92
9763,2421622,98.9808163265306,100,97.73,196,108,88
9764,2421720,100,100,100,211,97,114
9765,2421865,99.054644549763,100,98.17,211,102,109
9766,2422670,97.1434285714286,98.82,95.56,175,85,90
9767,2422979,98.6760792951542,99.13,98.21,227,115,112
9768,2423747,99.5613973799126,100,99.19,229,105,124
9769,2423958,99.1645188284519,100,98.44,239,111,128
9770,2424304,99.5595175438596,100,99.17,228,107,121
9771,2424325,97.2387292817679,98.13,95.95,181,107,74
9772,2424386,98.9138043478261,98.39,99.18,184,62,122
9773,2424395,97.9453846153846,97.33,98.33,195,75,120
9774,2424581,99.4932828282828,98.73,100,198,79,119
9775,2424682,100,100,100,236,108,128
9776,2424731,100,100,100,239,117,122
9777,2425160,100,100,100,217,107,110
9778,2425229,99.4366292134832,98.91,100,178,92,86
9779,2425435,99.5643668122271,99.14,100,229,116,113
9780,2425495,100,100,100,211,89,122
9781,2425644,99.5413302752294,100,99.01,218,117,101
9782,2426627,97.2506422018349,98.28,96.08,218,116,102
9783,2426975,100,100,100,229,121,108
9784,2427279,98.3353333333333,98.81,97.92,180,84,96
9785,2427368,94.0789473684211,77.5,100,152,40,112
9786,2427559,100,100,100,195,127,68
9787,2427630,98.0268965517241,98.41,97.4,203,126,77
9788,2428015,99.1052678571429,99.12,99.09,224,114,110
9789,2428084,98.7734426229508,99.19,98.35,244,123,121
9790,2428823,98.4621538461538,100,95.59,195,127,68
9791,2428908,97.7923529411765,94.44,100,136,54,82
9792,2428913,98.9657731958763,98.68,100,97,76,21
9793,2428922,97.9721621621622,97.87,98.15,148,94,54
9794,2428953,100,100,100,216,109,107
9795,2428989,99.5888114754098,99.21,100,244,127,117
9796,2429334,97.7389830508475,100,94.2,177,108,69
9797,2429340,98.7036363636364,99.11,97.62,154,112,42
9798,2429360,100,100,100,213,114,99
9799,2429687,99.4822680412371,99.07,100,194,108,86
9800,2430351,97.0142288557214,100,91.89,201,127,74
9801,2430473,100,100,100,219,123,96
9802,2430540,100,100,100,220,102,118
9803,2430702,98.1218309859155,96.85,100,213,127,86
9804,2431427,99.5767932489452,100,99.15,237,119,118
9805,2431538,99.5249523809524,100,98.84,210,124,86
9806,2431647,99.613861003861,99.27,100,259,137,122
9807,2432244,100,100,100,224,111,113
9808,2432403,100,100,100,218,114,104
9809,2432427,100,100,100,197,88,109
9810,2432856,99.5598678414097,100,98.97,227,130,97
9811,2433030,99.5012,99.14,100,200,116,84
9812,2433148,100,100,100,195,98,97
9813,2433157,100,100,100,211,115,96
9814,2433172,99.3605128205128,98.84,100,156,86,70
9815,2433282,98.9233870967742,100,97.33,186,111,75
9816,2433457,100,100,100,212,121,91
9817,2434167,99.082247706422,98.29,100,218,117,101
9818,2434257,99.5327570093458,100,99.01,214,113,101
9819,2434332,100,100,100,214,110,104
9820,2434503,100,100,100,215,114,101
9821,2434538,98.5436893203884,100,96.25,206,126,80
9822,2434866,100,100,100,173,118,55
9823,2436212,99.0476190476191,100,97.5,210,130,80
9824,2436369,100,100,100,189,103,86
9825,2436937,100,100,100,198,116,82
9826,2437271,100,100,100,197,116,81
9827,2437414,100,100,100,201,131,70
9828,2437490,99.4873846153846,100,98.81,195,111,84
9829,2438517,98.0680676328502,97.32,98.95,207,112,95
9830,2438812,97.8015384615385,96.34,99,182,82,100
9831,2438994,98.5206896551724,100,95.38,203,138,65
9832,2439576,99.522009569378,100,98.65,209,135,74
9833,2439893,99.5249523809524,100,98.84,210,124,86
9834,2440090,98.3620491803279,98.56,98.1,244,139,105
9835,2440469,99.6221212121212,100,99.14,264,148,116
9836,2441076,100,100,100,251,146,105
9837,2441508,99.1750413223141,98.39,100,242,124,118
9838,2441682,99.2045418326693,98.51,100,251,134,117
9839,2441731,98.7035775862069,98.37,99.08,232,123,109
9840,2442005,100,100,100,250,143,107
9841,2442797,99.6049011857708,100,99.16,253,134,119
9842,2443109,99.1748760330579,100,98.08,242,138,104
9843,2443364,100,100,100,261,133,128
9844,2443478,99.5824066390041,99.26,100,241,136,105
9845,2443586,99.1943548387097,98.52,100,248,135,113
9846,2444165,99.5769491525424,99.22,100,236,128,108
9847,2444362,100,100,100,236,120,116
9848,2444651,98.334,98.61,98.15,180,72,108
9849,2444776,99.56,100,99.12,228,114,114
9850,2444848,99.5526905829596,100,99.05,223,118,105
9851,2445315,99.5672727272727,100,99.02,231,129,102
9852,2445564,98.7467364016736,98.36,99.15,239,122,117
9853,2445710,99.5670689655172,99.19,100,232,124,108
9854,2445806,100,100,100,224,127,97
9855,2445894,100,100,100,242,127,115
9856,2446166,99.461935483871,98.61,100,186,72,114
9857,2446193,99.5843333333333,100,99.14,240,124,116
9858,2446448,98.3036723163842,98.73,97.96,177,79,98
9859,2446461,99.0465071770335,98.96,99.12,209,96,113
9860,2446482,100,100,100,202,114,88
9861,2446497,98.6345,97.98,99.17,220,99,121
9862,2446511,98.574619047619,99.07,98.06,210,107,103
9863,2446530,99.575,100,99.15,234,117,117
9864,2447220,99.5173429951691,100,98.97,207,110,97
9865,2447285,100,100,100,238,123,115
9866,2447868,99.4127058823529,100,99.04,170,66,104
9867,2447896,100,100,100,183,92,91
9868,2448079,99.5638157894737,100,99.15,228,111,117
9869,2448199,99.4831606217617,98.95,100,193,95,98
9870,2448459,99.4786458333333,100,99.09,192,82,110
9871,2448549,98.1142452830189,96.91,99.13,212,97,115
9872,2448747,100,100,100,164,59,105
9873,2450097,96.3603636363636,97.8,94.59,165,91,74
9874,2450929,100,100,100,162,79,83
9875,2451978,99.4306285714286,98.94,100,175,94,81
9876,2452013,100,100,100,191,100,91
9877,2452119,98.3762702702703,96.77,100,185,93,92
9878,2452175,95.7976470588235,100,73.68,119,100,19
9879,2452238,98.7151923076923,98.73,98.7,156,79,77
9880,2452339,97.8728723404255,100,95.7,188,95,93
9881,2452386,93.4960975609756,100,88.06,123,56,67
9882,2452500,99.4628877005348,100,98.92,187,94,93
9883,2453394,97.7787407407407,98.08,97.59,135,52,83
9884,2453884,99.3808641975309,98.82,100,162,85,77
9885,2454012,100,100,100,148,75,73
9886,2454153,98.46,100,95.45,130,86,44
9887,2454418,100,100,100,169,84,85
9888,2454487,98.334,95.24,100,120,42,78
9889,2454522,100,100,100,150,70,80
9890,2454855,95.2388888888889,91.43,100,126,70,56
9891,2455131,95.1193495934959,95.52,94.64,123,67,56
9892,2455273,97.1415238095238,100,93.02,105,62,43
9893,2455500,98.9126086956522,100,97.56,92,51,41
9894,2455747,82.50225,67.65,93.48,80,34,46
9895,2455891,80.0015294117647,81.82,78.05,85,44,41
9896,2456496,99.10875,98.39,100,112,62,50
9897,2457366,98.2758620689655,100,96,116,66,50
9898,2457441,97.1696226415094,98.18,96.08,106,55,51
9899,2457990,99.1364655172414,100,98.11,116,63,53
9900,2458098,98.9372340425532,97.3,100,94,37,57
9901,2458266,99.1041964285714,98.73,100,112,79,33
9902,2458657,99.2416666666667,98.7,100,132,77,55
9903,2458767,98.33275,98.59,97.96,120,71,49
9904,2458939,100,100,100,127,67,60
9905,2459451,97.7613432835821,97.22,98.39,134,72,62
9906,2459462,100,100,100,128,80,48
9907,2459622,100,100,100,97,74,23
9908,2459687,99.2409090909091,100,98.33,132,72,60
9909,2460309,100,100,100,116,76,40
9910,2460431,98.2008108108108,98.51,97.73,111,67,44
9911,2460511,89.42375,90.77,87.18,104,65,39
9912,2461066,89.998,89.06,91.07,120,64,56
9913,2461125,96.3328440366972,96.67,95.92,109,60,49
9914,2461139,86.4415254237288,81.43,93.75,118,70,48
9915,2461862,99.1141592920354,98.18,100,113,55,58
9916,2462105,98.2933333333333,96.88,100,117,64,53
9917,2462231,98.780487804878,97.5,100,82,40,42
9918,2463199,93.5077922077922,90,97.3,77,40,37
9919,2463399,95.6519565217391,95.56,95.74,92,45,47
9920,2463433,93.94,93.94,93.94,66,33,33
9921,2463619,98.75125,100,97.3,80,43,37
9922,2463763,94.2501149425287,90.38,100,87,52,35
9923,2463967,93.336,91.67,95.24,90,48,42
9924,2464384,100,100,100,101,52,49
9925,2464439,97.4689873417721,95.35,100,79,43,36
9926,2464936,100,100,100,84,45,39
9927,2465142,100,100,100,110,65,45
9928,2465320,100,100,100,111,66,45
9929,2465874,100,100,100,115,68,47
9930,2465892,100,100,100,103,65,38
9931,2466475,92.7830927835051,90.38,95.56,97,52,45
9932,2466780,96.327247706422,94.64,98.11,109,56,53
9933,2466993,97.75,98.11,97.22,89,53,36
9934,2467157,97.8021978021978,95,100,91,40,51
9935,2467478,97.8259782608696,97.87,97.78,92,47,45
9936,2467606,97.78,95.56,100,90,45,45
9937,2467798,67.0305494505495,60.78,75,91,51,40
9938,2468386,97.78,98.04,97.44,90,51,39
9939,2468573,83.3308333333333,85.71,80,72,42,30
9940,2472084,97.5011666666667,100,94.83,120,62,58
9941,2472247,100,100,100,122,63,59
9942,2472313,100,100,100,116,66,50
9943,2472672,99.23,100,98.18,130,75,55
9944,2472900,99.2055555555556,100,98.18,126,71,55
9945,2473055,100,100,100,129,63,66
9946,2473382,100,100,100,120,65,55
9947,2473406,98.4717557251908,97.14,100,131,70,61
9948,2474162,95.9208163265306,92.5,98.28,98,40,58
9949,2474249,99.1304347826087,98,100,115,50,65
9950,2474720,96.0794117647059,93.75,98.15,102,48,54
9951,2474792,98.3608196721312,100,96.97,122,56,66
9952,2475339,97.9364948453608,100,95.83,97,49,48
9953,2475369,97.1971962616823,97.83,96.72,107,46,61
9954,2475569,100,100,100,100,48,52
9955,2476054,97.8926315789474,100,96.36,95,40,55
9956,2476116,100,100,100,104,49,55
9957,2476234,95.1792771084337,100,85.71,83,55,28
9958,2476922,97.5617073170732,96.23,98.57,123,53,70
9959,2477169,98.1472222222222,100,96.55,108,50,58
9960,2478381,100,100,100,119,62,57
9961,2478420,100,100,100,118,60,58
9962,2478493,98.2447368421053,100,96.55,114,56,58
9963,2479254,99.1362068965517,100,98.33,116,56,60
9964,2479496,100,100,100,115,62,53
9965,2480091,100,100,100,96,46,50
9966,2480166,98.9709278350516,97.83,100,97,46,51
9967,2480295,100,100,100,87,41,46
9968,2480599,100,100,100,65,20,45
9969,2480854,92.0028,96.97,88.1,75,33,42
9970,2480934,100,100,100,78,37,41
9971,2481302,95.947027027027,94.12,97.5,74,34,40
9972,2481382,95.311875,88.46,100,64,26,38
9973,2481428,91.5281355932203,80,97.44,59,20,39
9974,2481490,100,100,100,63,37,26
9975,2481968,93.4426229508197,100,84,61,36,25
9976,2482383,98.0769230769231,100,96,52,27,25
9977,2482423,98.2463157894737,96.43,100,57,28,29
9978,2482486,96.9727272727273,96.88,97.06,66,32,34
9979,2482530,98.7012987012987,100,97.5,77,37,40
9980,2483175,92.8553571428571,90,96.15,56,30,26
9981,2483815,88.4601923076923,84,92.59,52,25,27
9982,2484332,94.6457142857143,96.67,92.31,56,30,26
9983,2484492,98.2765517241379,100,96.43,58,30,28
9984,2484687,100,100,100,51,27,24
9985,2485409,97.6178571428571,100,93.33,42,27,15
9986,2485494,95.8341666666667,95,96.43,48,20,28
9987,2485760,90.3212903225807,76.92,100,31,13,18
9988,2485764,82.8571428571429,70,100,35,20,15
9989,2486451,90.5656603773585,86.96,93.33,53,23,30
9990,2486795,98.4119047619048,96.55,100,63,29,34
9991,2486843,100,100,100,53,26,27
9992,2487089,97.0171641791045,100,94.29,67,32,35
9993,2487167,100,100,100,63,32,31
9994,2487270,97.297972972973,95.35,100,74,43,31
9995,2487384,98.4128571428571,100,96.97,63,30,33
9996,2487666,100,100,100,75,36,39
9997,2487720,98.6688,100,97.44,75,36,39
9998,2488347,97.0595588235294,100,93.55,68,37,31
9999,2488650,95.8295833333333,97.14,94.59,72,35,37
10000,2488926,87.0392592592593,94.74,68.75,54,38,16
10001,2489636,97.2194444444444,95.45,100,72,44,28
10002,2489833,96.9215384615385,93.1,100,65,29,36
10003,2490094,92.3934782608696,88.24,97.56,92,51,41
10004,2490466,100,100,100,83,45,38
10005,2490499,98.8215294117647,98.11,100,85,53,32
10006,2490545,94.1874418604651,93.75,94.74,86,48,38
10007,2491199,100,100,100,104,63,41
10008,2491525,100,100,100,99,53,46
10009,2491622,100,100,100,109,61,48
10010,2491652,100,100,100,104,57,47
10011,2491733,98.8510344827586,97.96,100,87,49,38
10012,2491942,97.9571428571429,100,95.45,98,54,44
10013,2492214,91.9995,87.27,97.78,100,55,45
10014,2492379,99,100,97.5,100,60,40
10015,2492466,100,100,100,103,65,38
10016,2492494,100,100,100,100,57,43
10017,2492722,99.010297029703,100,98.04,101,50,51
10018,2492884,95.0650617283951,96.23,92.86,81,53,28
10019,2492946,98.8376744186047,97.96,100,86,49,37
10020,2492995,100,100,100,98,56,42
10021,2494190,91.7817808219178,100,64.71,73,56,17
10022,2495183,100,100,100,100,50,50
10023,2496173,99.22,100,98.44,128,64,64
10024,2496243,100,100,100,103,61,42
10025,2496482,100,100,100,140,69,71
10026,2496512,100,100,100,92,72,20
10027,2496987,94.0171794871795,91.67,95.65,117,48,69
10028,2497269,100,100,100,126,56,70
10029,2497420,100,100,100,150,80,70
10030,2497769,100,100,100,164,88,76
10031,2497895,100,100,100,142,60,82
10032,2497936,100,100,100,161,78,83
10033,2498029,99.3725786163522,100,98.84,159,73,86
10034,2498254,100,100,100,159,84,75
10035,2498708,99.2817985611511,100,98.51,139,72,67
10036,2499004,98.4111111111111,95.45,100,126,44,82
10037,2499052,99.3509090909091,100,98.53,154,86,68
10038,2499169,96.8976744186047,100,91.3,129,83,46
10039,2499202,100,100,100,181,91,90
10040,2499419,99.4418994413408,100,98.89,179,89,90
10041,2499577,99.3995209580838,100,98.91,167,75,92
10042,2499643,99.3217006802721,100,98.31,147,88,59
10043,2499853,100,100,100,179,90,89
10044,2500039,99.3808641975309,100,98.82,162,77,85
10045,2500172,100,100,100,157,64,93
10046,2501050,99.47921875,100,99.01,192,91,101
10047,2501155,99.4736842105263,99,100,190,100,90
10048,2501173,100,100,100,214,113,101
10049,2501496,100,100,100,195,102,93
10050,2502147,100,100,100,217,119,98
10051,2502228,100,100,100,220,109,111
10052,2502252,100,100,100,211,123,88
10053,2502372,99.5342056074766,99.11,100,214,112,102
10054,2502401,100,100,100,193,107,86
10055,2502767,98.9324064171123,98.98,98.88,187,98,89
10056,2502876,100,100,100,175,74,101
10057,2502930,100,100,100,202,116,86
10058,2502942,100,100,100,182,114,68
10059,2502963,100,100,100,121,65,56
10060,2502968,100,100,100,57,27,30
10061,2502990,99.3932727272727,100,97.87,165,118,47
10062,2503250,100,100,100,198,110,88
10063,2503563,98.1137735849057,100,92.31,159,120,39
10064,2503851,99.0867123287671,98.23,100,219,113,106
10065,2504509,98.1993243243243,99.15,97.14,222,117,105
10066,2505116,99.5435321100917,100,99.07,218,111,107
10067,2505372,99.52,99.04,100,208,104,104
10068,2505408,99.5441095890411,100,99.04,219,115,104
10069,2505418,100,100,100,177,70,107
10070,2505455,99.585,100,99.17,240,120,120
10071,2505474,99.5884297520661,100,99.17,242,122,120
10072,2505504,99.054644549763,98.17,100,211,109,102
10073,2505730,99.028640776699,98.26,100,206,115,91
10074,2506201,100,100,100,221,117,104
10075,2506524,98.5742857142857,98.84,98.39,210,86,124
10076,2506535,100,100,100,210,100,110
10077,2506738,100,100,100,208,96,112
10078,2506918,99.4775,98.86,100,192,88,104
10079,2507122,100,100,100,212,94,118
10080,2507158,99.29,97.87,100,141,47,94
10081,2507227,100,100,100,203,99,104
10082,2507451,98.3129213483146,100,95.45,178,112,66
10083,2507674,97.1921910112359,94.52,99.05,178,73,105
10084,2507728,95.4249673202614,100,88.71,153,91,62
10085,2509104,96.242030075188,98.96,89.19,133,96,37
10086,2509528,95.2923529411765,88.33,99.09,170,60,110
10087,2509804,95.2425,98.1,90.48,168,105,63
10088,2509900,99.50005,98.99,100,200,99,101
10089,2509996,100,100,100,208,97,111
10090,2510180,97.5018125,97.25,98.04,160,109,51
10091,2511107,98.4254330708661,96.77,98.96,127,31,96
10092,2511113,99.3633121019108,98.98,100,157,98,59
10093,2511278,100,100,100,188,95,93
10094,2511287,99.4829896907216,98.82,100,194,85,109
10095,2511570,97.2660109289617,95.28,100,183,106,77
10096,2511675,98.3955080213904,98.96,97.8,187,96,91
10097,2511894,98.998040201005,98.94,99.05,199,94,105
10098,2512144,95.654347826087,98.15,86.67,138,108,30
10099,2512297,98.8022754491018,97.26,100,167,73,94
10100,2512354,97.9465641025641,96.51,99.08,195,86,109
10101,2512446,99.009900990099,98,100,202,100,102
10102,2512504,98.9753846153846,97.78,100,195,90,105
10103,2512605,97.3153691275168,99.09,92.31,149,110,39
10104,2512922,94.4777348066298,95.15,93.59,181,103,78
10105,2512971,93.2603370786517,88.89,97.73,178,90,88
10106,2513292,99.4376404494382,98.57,100,178,70,108
10107,2513354,95.3483720930233,98.26,92,215,115,100
10108,2513390,99.4823316062176,99.03,100,193,103,90
10109,2513675,99.0644859813084,98.18,100,214,110,104
10110,2513831,99.4101176470588,99.08,100,170,109,61
10111,2514021,99.0427272727273,98.95,99.12,209,95,114
10112,2514737,99.5629824561403,99.06,100,228,106,122
10113,2515425,97.8635828877005,96.25,99.07,187,80,107
10114,2515778,99.4845360824742,99,100,194,100,94
10115,2515789,97.1452,94.51,100,175,91,84
10116,2516001,100,100,100,169,69,100
10117,2516268,99.5435321100917,100,99.07,218,111,107
10118,2516333,98.9865989847716,100,97.83,197,105,92
10119,2516846,99.5316431924882,99.14,100,213,116,97
10120,2517432,97.8483870967742,100,95.4,186,99,87
10121,2517852,94.8558857142857,95.06,94.68,175,81,94
10122,2518058,98.3333333333333,97.85,98.85,180,93,87
10123,2518173,99.4301136363636,100,98.82,176,91,85
10124,2518894,98.1514197530864,97.47,98.8,162,79,83
10125,2519647,100,100,100,171,106,65
10126,2519825,99.3514285714286,100,97.73,154,110,44
10127,2519854,97.858,100,92.86,140,98,42
10128,2519984,100,100,100,198,108,90
10129,2520041,99.436404494382,98.86,100,178,88,90
10130,2520166,94.1188235294118,98.57,87.76,119,70,49
10131,2520194,97.055,98.82,95.29,170,85,85
10132,2520206,97.850752688172,98.08,97.56,93,52,41
10133,2520211,98.0382352941177,98.7,96,102,77,25
10134,2520412,97.2233333333333,100,91.67,108,72,36
10135,2520416,95.7446808510638,100,92,47,22,25
10136,2520433,100,100,100,152,75,77
10137,2520538,100,100,100,169,88,81
10138,2520836,98.8289473684211,97.75,100,171,89,82
10139,2520988,95.4198473282443,88,100,131,50,81
10140,2521108,95.1062237762238,89.29,98.85,143,56,87
10141,2521230,95.8920547945206,89.29,100,146,56,90
10142,2522026,100,100,100,158,71,87
10143,2522454,96.7726451612903,100,93.24,155,81,74
10144,2523080,100,100,100,114,72,42
10145,2523713,99.248045112782,98.63,100,133,73,60
10146,2523807,100,100,100,119,58,61
10147,2523840,98.5634532374101,96.88,100,139,64,75
10148,2524426,99.2902127659574,100,98.61,141,69,72
10149,2524474,98.5278676470588,98.59,98.46,136,71,65
10150,2524756,99.2437878787879,98.39,100,132,62,70
10151,2525106,92.3794285714286,90.24,93.75,105,41,64
10152,2525596,98.5200740740741,98.53,98.51,135,68,67
10153,2525948,98.3864516129032,98.48,98.28,124,66,58
10154,2526389,96.990977443609,100,93.1,133,75,58
10155,2526407,98.3316666666667,96.15,100,120,52,68
10156,2526473,99.3710062893082,98.63,100,159,73,86
10157,2526930,94.6721301775148,95.12,94.25,169,82,87
10158,2526968,96.05,96.05,96.05,152,76,76
10159,2526988,98.8331578947368,98.77,98.89,171,81,90
10160,2527626,98.2335294117647,100,96.15,170,92,78
10161,2527810,98.4068085106383,100,96.88,188,92,96
10162,2527849,98.9247311827957,100,98,186,86,100
10163,2528238,100,100,100,178,79,99
10164,2528266,100,100,100,185,99,86
10165,2528417,98.975641025641,97.65,100,195,85,110
10166,2528758,98.8355813953488,98.81,98.86,172,84,88
10167,2528797,98.3762702702703,100,96.77,185,92,93
10168,2529026,99.4402808988764,100,98.77,178,97,81
10169,2529412,99.4548633879781,100,98.84,183,97,86
10170,2529544,98.658255033557,100,96.43,149,93,56
10171,2530325,100,100,100,172,103,69
10172,2530469,99.3409868421053,100,98.41,152,89,63
10173,2531120,98.6052447552448,98.39,98.77,143,62,81
10174,2531137,96.2955555555556,98.96,92.42,162,96,66
10175,2531190,98.7019480519481,98.65,98.75,154,74,80
10176,2531634,97.9986666666667,96.05,100,150,76,74
10177,2532126,100,100,100,186,91,95
10178,2532998,99.4418994413408,98.89,100,179,90,89
10179,2533127,97.4832075471698,97.62,97.33,159,84,75
10180,2533349,95.24,96.67,93.59,168,90,78
10181,2534175,97.9871812080537,98.89,96.61,149,90,59
10182,2534234,98.2477777777778,97.37,98.95,171,76,95
10183,2534838,99.4578804347826,100,98.95,184,89,95
10184,2535159,98.2770114942529,98.8,97.8,174,83,91
10185,2535170,99.3885365853659,100,98.91,164,72,92
10186,2535180,99.3770186335404,100,98.82,161,76,85
10187,2535242,100,100,100,194,96,98
10188,2535281,99.3832716049383,100,98.97,162,65,97
10189,2535518,100,100,100,197,97,100
10190,2535831,97.5134328358209,100,95.1,201,99,102
10191,2535900,97.8630481283422,100,95.51,187,98,89
10192,2535924,97.6064071856287,100,94.37,167,96,71
10193,2536204,98.3023163841808,97.89,98.78,177,95,82
10194,2536284,99.4614054054054,98.94,100,185,94,91
10195,2536719,100,100,100,157,88,69
10196,2536863,98.4968421052632,100,95.92,133,84,49
10197,2536873,98.1599386503067,98.85,97.37,163,87,76
10198,2537261,97.5170807453416,100,94.67,161,86,75
10199,2537627,99.3004195804196,98.36,100,143,61,82
10200,2537951,90.832,94.44,87.88,120,54,66
10201,2537972,92.7703012048193,97.89,85.92,166,95,71
10202,2538050,98.12375,100,96.2,160,81,79
10203,2538152,98.2449122807017,98.92,97.44,171,93,78
10204,2538732,96.4041726618705,100,92.54,139,72,67
10205,2538741,96.8332911392405,98.82,94.52,158,85,73
10206,2538751,98.749625,98.85,98.63,160,87,73
10207,2539167,98.96,100,97.92,192,96,96
10208,2539212,100,100,100,184,96,88
10209,2539438,99.4681382978724,100,99.01,188,87,101
10210,2539458,99.4625806451613,100,98.81,186,102,84
10211,2539585,98.47,97.96,98.98,196,98,98
10212,2539674,98.6310273972603,98.97,97.96,146,97,49
10213,2539999,98.8565714285714,100,97.7,175,88,87
10214,2540149,100,100,100,183,86,97
10215,2540200,100,100,100,195,102,93
10216,2540227,100,100,100,176,102,74
10217,2540422,99.4495580110497,98.77,100,181,81,100
10218,2540596,100,100,100,190,92,98
10219,2541465,99.0061691542289,98.86,99.12,201,88,113
10220,2541503,99.2914893617021,100,97.78,141,96,45
10221,2541758,100,100,100,201,103,98
10222,2542262,100,100,100,194,91,103
10223,2542361,99.5343925233645,100,99.06,214,108,106
10224,2543221,100,100,100,179,113,66
10225,2543955,100,100,100,194,115,79
10226,2544012,100,100,100,192,113,79
10227,2544177,99.4548913043478,100,98.82,184,99,85
10228,2544309,98.8654545454545,98.78,98.94,176,82,94
10229,2544499,95.9790804597701,92.5,98.94,174,80,94
10230,2544703,96.3349214659686,99.05,93.02,191,105,86
10231,2545154,100,100,100,194,102,92
10232,2545174,98.71,98.33,98.95,155,60,95
10233,2545308,100,100,100,197,111,86
10234,2545748,97.3112903225806,98.15,96.15,186,108,78
10235,2545926,100,100,100,184,98,86
10236,2546140,98.4909547738693,100,97.14,199,94,105
10237,2546626,99.3336,100,97.06,150,116,34
10238,2546685,100,100,100,220,119,101
10239,2546803,93.2098765432099,80,100,162,55,107
10240,2547045,99.0353623188406,98.08,100,207,104,103
10241,2547343,100,100,100,231,116,115
10242,2547430,99.4692063492063,98.68,100,189,76,113
10243,2547468,99.5005,100,98.65,200,126,74
10244,2547492,100,100,100,249,144,105
10245,2547597,100,100,100,209,132,77
10246,2548232,99.5495495495496,99.2,100,222,125,97
10247,2548285,100,100,100,223,120,103
10248,2548478,99.0381730769231,99.09,98.98,208,110,98
10249,2548592,100,100,100,213,115,98
10250,2548663,100,100,100,239,128,111
10251,2548903,99.0862844036697,99.12,99.05,218,113,105
10252,2549246,98.9300534759358,97.56,100,187,82,105
10253,2549306,99.4853608247423,98.96,100,194,96,98
10254,2549375,99.5126341463415,100,98.97,205,108,97
10255,2549886,98.5308823529412,100,96.67,204,114,90
10256,2549932,98.0505365853659,96.12,100,205,103,102
10257,2549962,100,100,100,168,109,59
10258,2549976,100,100,100,198,118,80
10259,2550166,99.0603773584906,99.15,98.95,212,117,95
10260,2550259,98.2557558139535,99.03,97.1,172,103,69
10261,2550490,99.4999497487437,99.07,100,199,107,92
10262,2550906,100,100,100,218,120,98
10263,2550917,100,100,100,174,108,66
10264,2551556,98.352032967033,100,96.63,182,93,89
10265,2551825,99.4927272727273,99.07,100,198,108,90
10266,2552052,100,100,100,143,108,35
10267,2552536,100,100,100,159,95,64
10268,2552568,99.5169565217391,100,98.99,207,108,99
10269,2552698,99.4565760869565,100,98.99,184,85,99
10270,2552731,99.4916326530612,98.94,100,196,94,102
10271,2552896,100,100,100,204,106,98
10272,2552923,98.3564480874317,98.86,97.89,183,88,95
10273,2553168,99.4458563535911,98.82,100,181,85,96
10274,2553583,98.9486315789474,97.73,100,190,88,102
10275,2553967,100,100,100,198,118,80
10276,2554703,99.4318181818182,98.75,100,176,80,96
10277,2554767,99.0408653846154,99.07,99.01,208,107,101
10278,2555018,98.33275,100,96.49,240,126,114
10279,2555502,99.0371634615385,98.99,99.08,208,99,109
10280,2555582,99.5546875,100,99.05,224,119,105
10281,2555724,99.5398165137615,100,99.12,218,104,114
10282,2555963,98.8430057803468,100,97.22,173,101,72
10283,2555976,99.3939393939394,98,100,165,50,115
10284,2556533,100,100,100,216,103,113
10285,2556630,98.0568446601942,97.14,99.01,206,105,101
10286,2556651,97.7418079096045,98.08,97.26,177,104,73
10287,2556660,96.2668656716418,97.5,94.44,134,80,54
10288,2556665,97.7262121212121,98.73,96.23,132,79,53
10289,2556756,98.1911764705882,98.08,98.29,221,104,117
10290,2556777,98.4556701030928,99.02,97.83,194,102,92
10291,2557004,99.5440909090909,100,99.15,220,102,118
10292,2557292,99.521052631579,100,99.09,209,99,110
10293,2557336,99.4828865979381,100,98.68,194,118,76
10294,2557538,100,100,100,230,119,111
10295,2557636,98.3180672268908,99.15,97.5,238,118,120
10296,2557723,99.0372596153846,100,97.75,208,119,89
10297,2557976,98.6543946188341,98.36,99.01,223,122,101
10298,2557985,98.321843575419,96.77,100,179,93,86
10299,2558042,99.5599557522124,100,99.15,226,109,117
10300,2558111,99.4368361581921,100,98.88,177,88,89
10301,2558276,99.054644549763,100,98.17,211,102,109
10302,2558820,97.712,100,96.15,175,71,104
10303,2559088,98.9945728643216,98.92,99.06,199,93,106
10304,2559244,98.9217837837838,98.77,99.04,185,81,104
10305,2559389,100,100,100,184,88,96
10306,2559441,100,100,100,183,91,92
10307,2559920,98.7947590361446,100,97.53,166,85,81
10308,2560273,91.3050724637681,90.91,91.49,138,44,94
10309,2560293,93.7993798449613,93.18,94.12,129,44,85
10310,2560516,98.8722471910112,98.82,98.92,178,85,93
10311,2560783,93.6719620253165,97.65,89.04,158,85,73
10312,2560838,97.7793333333333,96.83,98.61,135,63,72
10313,2561734,97.5901807228916,98.7,96.63,166,77,89
10314,2561808,97.4666455696203,97.53,97.4,158,81,77
10315,2562258,99.3651898734177,100,98.82,158,73,85
10316,2562533,99.455,100,98.91,184,92,92
10317,2563062,98.6947058823529,96.83,100,153,63,90
10318,2563434,91.8379591836735,93.98,89.06,147,83,64
10319,2563763,96.3621818181818,97.7,94.87,165,87,78
10320,2563917,95.2034246575343,95,95.45,146,80,66
10321,2564062,98.3611475409836,97.62,98.99,183,84,99
10322,2564431,93.6060465116279,90.48,96.59,172,84,88
10323,2564616,97.324064171123,100,94.44,187,97,90
10324,2565117,99.5026865671642,99.02,100,201,102,99
10325,2565258,98.8513218390805,100,97.47,174,95,79
10326,2565525,100,100,100,175,78,97
10327,2565793,99.3807407407407,100,98.86,162,74,88
10328,2565799,98.9233870967742,100,97.75,186,97,89
10329,2565838,98.085980861244,100,96.33,209,100,109
10330,2565857,95.2378231292517,100,83.72,147,104,43
10331,2566496,100,100,100,201,103,98
10332,2566972,99.5456164383561,100,99.07,219,112,107
10333,2566999,100,100,100,210,104,106
10334,2567337,98.4058510638298,100,97.3,188,77,111
10335,2567350,98.2016167664671,99,97.01,167,100,67
10336,2567404,98.6472972972973,100,97.27,222,112,110
10337,2567431,99.0481428571429,98.92,99.15,210,93,117
10338,2567446,98.2613913043478,98.36,98.15,230,122,108
10339,2567500,98.085980861244,100,96.33,209,100,109
10340,2567509,98.3316666666667,100,95.38,180,115,65
10341,2567524,98.0491707317073,98.9,97.37,205,91,114
10342,2567560,99.5349302325582,100,99.01,215,114,101
10343,2567978,99.0927272727273,99.17,99,220,120,100
10344,2568040,98.6458371040724,98.28,99.05,221,116,105
10345,2568516,99.0549763033175,98.98,99.12,211,98,113
10346,2568937,99.5145631067961,100,99,206,106,100
10347,2569180,98.2775862068965,100,95.95,174,100,74
10348,2569547,100,100,100,203,94,109
10349,2569942,99.5728205128205,100,99.16,234,115,119
10350,2570233,98.8556,99.07,98.51,175,108,67
10351,2571826,98.0659420289855,100,95.29,207,122,85
10352,2571958,96.2064928909953,99.25,90.91,211,134,77
10353,2572188,99.5561061946903,99.12,100,226,114,112
10354,2572431,94.0361926605505,89.43,100,218,123,95
10355,2572600,99.5905737704918,100,99.1,244,133,111
10356,2573299,100,100,100,218,124,94
10357,2573530,100,100,100,243,146,97
10358,2573569,99.5712446351931,100,98.89,233,143,90
10359,2573751,100,100,100,243,134,109
10360,2573796,100,100,100,248,138,110
10361,2573985,100,100,100,229,143,86
10362,2574241,97.9105439330544,98.44,97.3,239,128,111
10363,2574417,99.477277486911,98.96,100,191,96,95
10364,2574563,99.4978,99.07,100,200,108,92
10365,2574849,99.4154385964912,100,97.96,171,122,49
10366,2574887,99.5051485148515,99.02,100,202,102,100
10367,2575252,99.52,99.04,100,208,104,104
10368,2575645,100,100,100,183,95,88
10369,2575900,98.496783919598,98.1,98.94,199,105,94
10370,2576168,100,100,100,158,97,61
10371,2576543,99.4629032258064,98.89,100,186,90,96
10372,2576753,100,100,100,165,90,75
10373,2576762,98.4052127659574,98.89,97.96,188,90,98
10374,2576780,100,100,100,175,94,81
10375,2576828,98.7515625,100,97.65,160,75,85
10376,2576866,96.9661818181818,96.2,97.67,165,79,86
10377,2576885,95.914693877551,93.44,97.67,147,61,86
10378,2576909,98.2853714285714,98.88,97.67,175,89,86
10379,2576942,99.373125,98.82,100,160,85,75
10380,2576966,98.9324064171123,100,97.83,187,95,92
10381,2577203,95.99824,94.12,96.7,125,34,91
10382,2577212,98.2152380952381,98.84,97.56,168,86,82
10383,2577223,95.8884246575342,97.89,92.16,146,95,51
10384,2577265,99.2512686567164,100,98.73,134,55,79
10385,2577271,99.232,100,96.88,130,98,32
10386,2577530,100,100,100,164,101,63
10387,2577892,100,100,100,181,90,91
10388,2578169,100,100,100,177,100,77
10389,2578276,100,100,100,186,97,89
10390,2579053,99.4635294117647,100,98.86,187,99,88
10391,2579261,99.3879754601227,98.28,100,163,58,105
10392,2579381,99.4306857142857,100,98.77,175,94,81
10393,2579576,100,100,100,203,105,98
10394,2579594,98.455,97.09,100,194,103,91
10395,2579799,100,100,100,190,90,100
10396,2580062,99.3194557823129,100,98.78,147,65,82
10397,2580069,99.4632258064516,98.96,100,186,96,90
10398,2580180,99.3956024096385,100,98.73,166,87,79
10399,2580269,98.9747692307692,100,97.96,195,97,98
10400,2580291,98.9653886010363,100,97.92,193,97,96
10401,2580314,98.5363414634146,98.98,98.13,205,98,107
10402,2580488,100,100,100,206,101,105
10403,2580774,100,100,100,154,97,57
10404,2580828,98.8774157303371,100,98.06,178,75,103
10405,2581116,100,100,100,200,92,108
10406,2581181,100,100,100,213,104,109
10407,2581224,99.5419178082192,100,99.12,219,105,114
10408,2581744,100,100,100,176,65,111
10409,2582121,100,100,100,181,95,86
10410,2582281,100,100,100,172,85,87
10411,2582367,99.5049504950495,100,99,202,102,100
10412,2582634,100,100,100,174,83,91
10413,2582979,98.5102985074627,97.92,99.05,201,96,105
10414,2583330,99.4472375690608,100,98.85,181,94,87
10415,2583350,100,100,100,197,110,87
10416,2583401,99.5025373134328,100,98.99,201,102,99
10417,2583633,100,100,100,197,102,95
10418,2584455,98.7420125786164,100,97.26,159,86,73
10419,2584599,100,100,100,190,93,97
10420,2585654,91.6235195530726,96.91,85.37,179,97,82
10421,2585871,99.3366225165563,100,98.11,151,98,53
10422,2586446,100,100,100,146,88,58
10423,2587022,99.3401986754967,98.77,100,151,81,70
10424,2587614,99.374375,98.9,100,160,91,69
10425,2587704,99.4262068965517,100,98.72,174,96,78
10426,2587890,100,100,100,155,65,90
10427,2588798,98.8080357142857,97.33,100,168,75,93
10428,2588906,100,100,100,143,52,91
10429,2589053,99.4536065573771,100,99.01,183,82,101
10430,2589879,100,100,100,162,78,84
10431,2590421,99.3743125,100,98.59,160,89,71
10432,2591712,99.3344,100,98.44,150,86,64
10433,2591833,100,100,100,167,78,89
10434,2591841,100,100,100,141,83,58
10435,2591991,100,100,100,146,80,66
10436,2592143,98.15,97.53,98.77,162,81,81
10437,2592265,99.410650887574,98.8,100,169,83,86
10438,2592405,100,100,100,175,91,84
10439,2592838,97.7449152542373,98.77,96.88,177,81,96
10440,2592946,99.4523076923077,98.88,100,182,89,93
10441,2593162,100,100,100,190,92,98
10442,2593193,99.324054054054,98.36,100,148,61,87
10443,2593282,100,100,100,172,79,93
10444,2593294,100,100,100,192,104,88
10445,2593523,100,100,100,202,104,98
10446,2593874,100,100,100,213,99,114
10447,2594162,100,100,100,179,106,73
10448,2594774,100,100,100,178,116,62
10449,2594907,98.9762051282051,100,97.83,195,103,92
10450,2595804,100,100,100,216,106,110
10451,2595910,97.6883815028902,99.13,94.83,173,115,58
10452,2596057,99.435593220339,99.1,100,177,111,66
10453,2596312,98.6007476635514,99.06,98.15,214,106,108
10454,2596771,95.6312621359223,95.54,95.74,206,112,94
10455,2596954,99.1214977973568,98.31,100,227,118,109
10456,2597232,99.46,99.19,100,186,124,62
10457,2597262,99.0059701492537,99.1,98.89,201,111,90
10458,2597487,99.4962121212121,99.05,100,198,105,93
10459,2597906,99.504328358209,100,98.77,201,120,81
10460,2597981,99.516359223301,99.19,100,206,123,83
10461,2599243,100,100,100,212,124,88
10462,2599335,100,100,100,183,111,72
10463,2599566,100,100,100,211,97,114
10464,2599645,99.472,98.68,100,190,76,114
10465,2599936,99.4931979695431,100,99.04,197,93,104
10466,2599955,99.0347826086957,100,98.15,207,99,108
10467,2600132,98.9755897435897,100,97.73,195,107,88
10468,2600527,99.4242774566474,100,98.8,173,90,83
10469,2601007,100,100,100,193,95,98
10470,2601013,98.6847368421053,98.04,100,152,102,50
10471,2601423,96.13,91.23,98.98,155,57,98
10472,2601708,100,100,100,212,109,103
10473,2601787,94.0195652173913,86.9,100,184,84,100
10474,2602298,100,100,100,197,101,96
10475,2602339,99.5520982142857,99.21,100,224,127,97
10476,2602355,100,100,100,242,130,112
10477,2602608,100,100,100,215,107,108
10478,2602661,98.5381951219512,99.01,98.08,205,101,104
10479,2603240,99.1080357142857,100,98.15,224,116,108
10480,2603705,100,100,100,209,87,122
10481,2603985,98.9837244897959,99.07,98.88,196,107,89
10482,2604157,92.9852631578947,88,96.88,114,50,64
10483,2604162,99.3643037974684,99.07,100,158,108,50
10484,2604348,100,100,100,233,116,117
10485,2604946,99.5886419753086,99.16,100,243,119,124
10486,2605034,99.5765531914894,99.07,100,235,107,128
10487,2605090,100,100,100,225,124,101
10488,2605267,100,100,100,235,118,117
10489,2605528,99.18,98.36,100,244,122,122
10490,2606041,100,100,100,220,110,110
10491,2606172,100,100,100,212,111,101
10492,2606277,96.7455691056911,99.2,94.21,246,125,121
10493,2606436,99.5169082125604,98.75,100,207,80,127
10494,2607043,98.6820175438596,99.15,98.18,228,118,110
10495,2607340,97.685,98.15,97.22,216,108,108
10496,2608022,99.5479185520362,98.97,100,221,97,124
10497,2608283,99.0269417475728,97.89,100,206,95,111
10498,2608372,100,100,100,221,114,107
10499,2608415,98.2813733905579,99.07,97.6,233,108,125
10500,2608887,100,100,100,219,117,102
10501,2609036,100,100,100,205,76,129
10502,2609447,98.579336492891,98.84,98.4,211,86,125
10503,2609661,100,100,100,175,111,64
10504,2610030,98.7848178137652,97.39,100,247,115,132
10505,2610110,99.1996,100,98.55,250,112,138
10506,2610129,98.657399103139,98.89,98.5,223,90,133
10507,2610477,99.6148837209302,100,99.28,258,120,138
10508,2610662,100,100,100,261,121,140
10509,2611007,100,100,100,196,120,76
10510,2611064,99.5784453781513,99.21,100,238,127,111
10511,2611117,100,100,100,188,89,99
10512,2611214,100,100,100,219,91,128
10513,2611252,100,100,100,237,120,117
10514,2611331,99.102735426009,100,98.13,223,116,107
10515,2611358,98.7423849372385,100,97.67,239,110,129
10516,2611403,98.6364545454545,98.94,98.41,220,94,126
10517,2612348,97.5730097087379,96.43,98.36,206,84,122
10518,2612354,96.5167164179104,97.5,95.06,201,120,81
10519,2612405,96.7563636363636,96,97.12,154,50,104
10520,2612414,91.9633928571429,92.59,91.38,112,54,58
10521,2612419,94.8958673469388,96.52,92.59,196,115,81
10522,2612440,96.1395278969957,99.11,93.39,233,112,121
10523,2612486,97.1285645933014,97.67,96.75,209,86,123
10524,2612525,96.2818181818182,94.7,98.18,242,132,110
10525,2612636,99.6137307692308,100,99.17,260,139,121
10526,2612813,100,100,100,251,125,126
10527,2613049,99.4691534391534,98.73,100,189,79,110
10528,2613061,99.5599561403509,100,99.21,228,101,127
10529,2613248,97.6813888888889,95.4,99.22,216,87,129
10530,2613328,96.8397368421053,93.22,98.47,190,59,131
10531,2613389,99.5631578947368,100,99.17,228,108,120
10532,2613407,99.1905668016194,99.17,99.21,247,120,127
10533,2613889,98.3042372881356,96.52,100,236,115,121
10534,2614072,98.8578285714286,97.37,100,175,76,99
10535,2614869,100,100,100,246,141,105
10536,2614929,99.21,99.29,99.11,252,140,112
10537,2615208,96.6665555555555,91.94,99.15,180,62,118
10538,2615220,98.410873015873,97.76,99.15,252,134,118
10539,2615917,99.0252682926829,97.94,100,205,97,108
10540,2616388,98.6052093023256,100,96.43,215,131,84
10541,2616548,100,100,100,258,143,115
10542,2616673,100,100,100,223,116,107
10543,2616746,100,100,100,206,108,98
10544,2616785,99.5881481481481,99.28,100,243,139,104
10545,2617133,100,100,100,233,131,102
10546,2617151,99.1397424892704,99.2,99.07,233,125,108
10547,2617180,99.5634934497817,99.16,100,229,119,110
10548,2617373,98.8501149425287,98.95,98.73,174,95,79
10549,2617424,99.5521428571429,99.12,100,224,114,110
10550,2617774,99.5594736842105,99.19,100,228,124,104
10551,2618141,99.4076785714286,100,99.07,168,61,107
10552,2618150,99.4890256410256,98.94,100,195,94,101
10553,2618301,97.9053926701571,99.07,96.39,191,108,83
10554,2618330,99.474947368421,100,99.14,190,74,116
10555,2618366,99.53,99.06,100,212,106,106
10556,2618376,99.4842783505155,99.13,100,194,115,79
10557,2618420,96.6325,98.26,94.62,208,115,93
10558,2618935,99.5599118942731,100,99.1,227,116,111
10559,2618947,98.592676056338,98.2,99.02,213,111,102
10560,2619040,99.5540358744395,100,99.15,223,106,117
10561,2619061,97.0786549707602,95.16,98.17,171,62,109
10562,2619100,98.9762051282051,97.83,100,195,92,103
10563,2619175,99.0386538461538,99.12,98.94,208,114,94
10564,2619271,100,100,100,194,104,90
10565,2619381,98.8201775147929,98.94,98.67,169,94,75
10566,2619393,99.5098529411765,98.99,100,204,99,105
10567,2620321,98.9157608695652,98.1,100,184,105,79
10568,2620490,99.5268867924528,100,99.15,212,94,118
10569,2620676,98.5706666666667,97.8,99.16,210,91,119
10570,2620865,97.594375,96.7,98.29,208,91,117
10571,2621453,99.4636559139785,100,99.14,186,70,116
10572,2621563,100,100,100,144,30,114
10573,2621816,100,100,100,185,75,110
10574,2621855,100,100,100,180,85,95
10575,2623164,96.3382926829268,94.87,97.67,164,78,86
10576,2623306,98.622,97.83,98.99,145,46,99
10577,2623362,98.9109782608696,97.67,100,184,86,98
10578,2623563,100,100,100,174,66,108
10579,2624202,99.4011377245509,98.63,100,167,73,94
10580,2624607,96.9029457364341,98.8,93.48,129,83,46
10581,2624683,98.6372108843537,100,97.01,147,80,67
10582,2624751,99.2540298507463,98.04,100,134,51,83
10583,2624932,99.40125748503,100,98.99,167,68,99
10584,2625164,93.697027027027,91.67,94.67,111,36,75
10585,2625555,95.5689873417722,98.81,91.89,158,84,74
10586,2626373,96.6180405405405,94.2,98.73,148,69,79
10587,2626568,97.4601694915254,100,96.67,118,28,90
10588,2626783,96.7482926829268,88.89,100,123,36,87
10589,2626810,99.2411363636364,98.41,100,132,63,69
10590,2626947,99.3358,100,98.77,150,69,81
10591,2627323,99.3096551724138,98.46,100,145,65,80
10592,2627727,98.3509917355372,98.39,98.31,121,62,59
10593,2628112,99.3041666666667,98.33,100,144,60,84
10594,2628406,95.9032786885246,90.2,100,122,51,71
10595,2628736,99.0499047619048,100,98.28,105,47,58
10596,2628778,99.1926612903226,100,98.59,124,53,71
10597,2629749,94.9007142857143,94.29,95.24,98,35,63
10598,2629874,99.1466666666667,98.08,100,117,52,65
10599,2629901,93.6933333333333,83.72,100,111,43,68
10600,2630396,96.034126984127,98.31,94.03,126,59,67
10601,2630618,100,100,100,118,51,67
10602,2630720,99.2808633093525,98.04,100,139,51,88
10603,2630807,99.2341221374046,100,98.73,131,52,79
10604,2631627,99.2267441860465,100,98.25,129,72,57
10605,2631660,99.3110344827586,98.15,100,145,54,91
10606,2631699,100,100,100,158,66,92
10607,2632782,100,100,100,204,97,107
10608,2633261,99.4142105263158,98.41,100,171,63,108
10609,2633331,100,100,100,195,92,103
10610,2633484,100,100,100,184,85,99
10611,2633493,100,100,100,211,95,116
10612,2633783,98.9592708333333,100,97.94,192,95,97
10613,2634221,98.593661971831,99.05,98.15,213,105,108
10614,2634325,98.3508791208791,100,96.51,182,96,86
10615,2634614,100,100,100,205,87,118
10616,2634664,99.5058128078818,98.68,100,203,76,127
10617,2634722,100,100,100,212,101,111
10618,2634739,100,100,100,224,103,121
10619,2634835,100,100,100,208,95,113
10620,2634980,100,100,100,206,91,115
10621,2635748,97.8131147540984,97.94,97.67,183,97,86
10622,2635776,100,100,100,158,96,62
10623,2636006,100,100,100,181,83,98
10624,2636175,99.4952763819095,100,99.07,199,91,108
10625,2636451,99.4472375690608,98.55,100,181,69,112
10626,2636457,98.6486486486486,100,96,148,98,50
10627,2636749,98.96109375,100,98.17,192,83,109
10628,2636862,99.0834862385321,100,98.15,218,110,108
10629,2636929,97.1628368794326,98.36,96.25,141,61,80
10630,2636979,99.3789440993789,100,98.99,161,62,99
10631,2636985,98.8524137931035,100,97.44,174,96,78
10632,2637514,99.3959036144578,99.08,100,166,109,57
10633,2637690,99.5110294117647,100,98.95,204,109,95
10634,2637753,98.2447368421053,100,95.65,171,102,69
10635,2637840,99.0858447488585,100,98.18,219,109,110
10636,2639598,98.1650458715596,100,96.46,218,105,113
10637,2639830,98.4605128205128,96.2,100,195,79,116
10638,2640360,97.310752688172,93.9,100,186,82,104
10639,2640771,97.6469411764706,93.22,100,170,59,111
10640,2641011,99.5238095238095,99,100,210,100,110
10641,2641062,99.0058706467662,98.06,100,201,103,98
10642,2641076,99.5044554455446,100,98.9,202,111,91
10643,2641185,100,100,100,176,73,103
10644,2641205,96.0531578947368,96.74,95,152,92,60
10645,2641209,94.6842553191489,93.88,95.56,94,49,45
10646,2641283,99.49,100,99.02,196,94,102
10647,2641298,98.2741379310345,98.53,98.11,174,68,106
10648,2641307,99.469414893617,98.95,100,188,95,93
10649,2641373,99.012118226601,99.09,98.92,203,110,93
10650,2641387,98.9251612903226,98.94,98.91,186,94,92
10651,2641410,99.390243902439,100,99,164,64,100
10652,2641903,98.2341176470588,99,97.14,170,100,70
10653,2641928,98.1293457943925,99.12,97,214,114,100
10654,2642092,100,100,100,204,122,82
10655,2642122,100,100,100,226,117,109
10656,2642233,100,100,100,211,121,90
10657,2642401,99.085,100,98.17,218,109,109
10658,2642417,100,100,100,220,109,111
10659,2642680,98.9790816326531,97.7,100,196,87,109
10660,2643358,100,100,100,209,123,86
10661,2643367,100,100,100,195,123,72
10662,2643541,99.5638596491228,100,99.12,228,115,113
10663,2643607,100,100,100,177,64,113
10664,2643775,99.5786016949153,100,99.15,236,119,117
10665,2643981,99.4722222222222,100,98.95,189,94,95
10666,2643994,98.7641975308642,97.4,100,162,77,85
10667,2644155,98.721829787234,99.15,98.29,235,118,117
10668,2644218,99.0905909090909,100,98.29,220,103,117
10669,2644601,98.6750220264317,99.17,98.11,227,121,106
10670,2644650,99.0308737864078,99.06,99,206,106,100
10671,2645725,98.9525130890052,97.53,100,191,81,110
10672,2645872,99.5539732142857,99.03,100,224,103,121
10673,2645916,100,100,100,230,127,103
10674,2646166,99.536,98.84,100,215,86,129
10675,2646253,98.8945856353591,100,97.56,181,99,82
10676,2646302,98.36,97.26,99.09,183,73,110
10677,2646311,97.1115384615384,98.21,95.83,104,56,48
10678,2646316,97.6458823529412,100,93.1,85,56,29
10679,2646363,99.4660962566845,98.72,100,187,78,109
10680,2646371,99.1350649350649,98.15,100,231,108,123
10681,2646405,99.0350241545894,97.65,100,207,85,122
10682,2646415,98.7077586206897,98.25,99.15,232,114,118
10683,2646699,99.5804184100418,99.08,100,239,109,130
10684,2646808,98.9844897959184,98.8,99.12,196,83,113
10685,2646942,100,100,100,222,110,112
10686,2647008,99.5663043478261,100,99.05,230,125,105
10687,2647071,99.594979757085,99.18,100,247,122,125
10688,2647084,99.6002788844621,100,99.21,251,124,127
10689,2647347,99.5628820960699,100,99.09,229,119,110
10690,2647500,100,100,100,218,98,120
10691,2647641,100,100,100,248,131,117
10692,2647704,98.9955778894472,100,97.37,199,123,76
10693,2647845,100,100,100,196,107,89
10694,2647881,100,100,100,227,121,106
10695,2648404,100,100,100,172,132,40
10696,2648421,99.4565217391304,99.2,100,184,125,59
10697,2648946,100,100,100,228,118,110
10698,2649549,100,100,100,245,134,111
10699,2649708,99.015763546798,100,97.78,203,113,90
10700,2649822,96.9974,99.19,93.42,200,124,76
10701,2649861,97.3694736842105,93.75,99.04,152,48,104
10702,2650179,98.4683673469388,96.84,100,196,95,101
10703,2650201,87.500625,71.43,100,32,14,18
10704,2650206,96.925,94.67,100,130,75,55
10705,2650215,93.3952830188679,92.5,96.15,106,80,26
10706,2650438,99.4897959183673,99,100,196,100,96
10707,2651103,99.5691379310345,99.16,100,232,119,113
10708,2651565,99.4785340314136,100,98.8,191,108,83
10709,2651589,100,100,100,227,127,100
10710,2651881,99.5715021459228,99.22,100,233,128,105
10711,2652006,100,100,100,158,75,83
10712,2652075,100,100,100,214,118,96
10713,2652597,98.50135,97.09,100,200,103,97
10714,2652672,99.3427631578947,100,97.78,152,107,45
10715,2652882,98.04,100,96.08,204,102,102
10716,2655463,100,100,100,237,130,107
10717,2655906,100,100,100,231,127,104
10718,2655922,98.2548837209302,95.31,100,172,64,108
10719,2655939,99.5513513513514,99.17,100,222,120,102
10720,2655958,100,100,100,169,84,85
10721,2655963,100,100,100,158,75,83
10722,2656042,100,100,100,218,112,106
10723,2656086,100,100,100,191,89,102
10724,2656152,99.024487804878,97.98,100,205,99,106
10725,2656228,99.492385786802,99,100,197,100,97
10726,2656239,97.5871084337349,97.27,98.21,166,110,56
10727,2656623,99.42,100,98.28,172,114,58
10728,2656668,100,100,100,168,92,76
10729,2656674,99.3636942675159,98.65,100,157,74,83
10730,2657051,99.5278301886792,100,99.09,212,102,110
10731,2657398,99.522009569378,100,98.89,209,119,90
10732,2657761,100,100,100,189,115,74
10733,2658025,99.5579203539823,100,99.03,226,123,103
10734,2658165,100,100,100,183,86,97
10735,2658328,99.4331638418079,100,98.73,177,98,79
10736,2658798,99.5437899543379,100,99.03,219,116,103
10737,2659154,100,100,100,207,102,105
10738,2659234,100,100,100,191,87,104
10739,2659390,100,100,100,215,100,115
10740,2659486,99.4384269662921,98.81,100,178,84,94
10741,2659949,99.389756097561,98.61,100,164,72,92
10742,2660027,100,100,100,194,97,97
10743,2660347,99.5049504950495,100,99,202,102,100
10744,2660435,98.6536322869955,97.22,100,223,108,115
10745,2660786,100,100,100,194,80,114
10746,2661284,99.4200581395349,100,98.95,172,77,95
10747,2661337,98.8373255813953,100,96.97,172,106,66
10748,2661352,99.492385786802,100,99,197,97,100
10749,2661665,99.0173891625616,100,98.17,203,94,109
10750,2662778,99.5098529411765,98.99,100,204,99,105
10751,2663383,99.0291262135922,98,100,206,100,106
10752,2663668,99.0259512195122,97.92,100,205,96,109
10753,2663692,99.5149268292683,100,99.12,205,92,113
10754,2663794,100,100,100,200,92,108
10755,2663881,100,100,100,200,84,116
10756,2664013,99.5283886255924,100,99.07,211,104,107
10757,2664523,100,100,100,183,90,93
10758,2664898,99.4350847457627,100,98.99,177,78,99
10759,2664921,99.5196135265701,100,99.12,207,94,113
10760,2664969,98.8421511627907,98.31,99.12,172,59,113
10761,2665038,99.516425120773,100,99.09,207,97,110
10762,2665069,99.0525118483412,100,98.32,211,92,119
10763,2665134,98.2125,100,97.14,168,63,105
10764,2665174,100,100,100,194,101,93
10765,2665251,99.5287203791469,100,99.12,211,98,113
10766,2665427,95.5084269662921,98.89,92.05,178,90,88
10767,2665492,97.7273295454545,96.77,98.8,176,93,83
10768,2665606,99.5008955223881,100,99.12,201,87,114
10769,2666099,98.7752147239264,97.83,100,163,92,71
10770,2666216,98.606976744186,98.06,99.11,215,103,112
10771,2666438,99.51,98.81,100,204,84,120
10772,2666647,98.98,98.98,98.98,196,98,98
10773,2666689,98.1989189189189,100,96.64,222,103,119
10774,2667032,100,100,100,187,109,78
10775,2667371,100,100,100,209,109,100
10776,2667652,99.092850678733,100,98.21,221,109,112
10777,2667973,99.0808755760369,99,99.15,217,100,117
10778,2668286,99.0595774647887,98.99,99.12,213,99,114
10779,2668315,99.5429223744292,100,99.09,219,109,110
10780,2668358,99.5465454545455,100,99.14,220,104,116
10781,2668384,98.8577714285714,98.65,99.01,175,74,101
10782,2668783,100,100,100,207,93,114
10783,2668790,99.44,99.11,100,178,112,66
10784,2669185,98.0944761904762,95.12,100,210,82,128
10785,2669386,98.3032203389831,99.12,97.54,236,114,122
10786,2669567,100,100,100,201,112,89
10787,2669617,100,100,100,224,108,116
10788,2670023,100,100,100,223,123,100
10789,2670320,98.7059051724138,98.2,99.17,232,111,121
10790,2670865,98.8184615384615,98.08,100,169,104,65
10791,2670965,100,100,100,185,117,68
10792,2671026,99.1811020408163,99.15,99.21,245,118,127
10793,2671155,100,100,100,232,111,121
10794,2671232,99.5898360655738,100,99.28,244,105,139
10795,2671269,99.5933469387755,99.19,100,245,123,122
10796,2671439,97.9604081632653,94.74,100,147,57,90
10797,2671444,99.4063313609467,98.73,100,169,79,90
10798,2671499,100,100,100,172,113,59
10799,2671972,99.2605925925926,98.39,100,270,124,146
10800,2672030,99.2188671875,99.16,99.27,256,119,137
10801,2672062,98.0711969111969,97.22,98.68,259,108,151
10802,2672351,100,100,100,207,129,78
10803,2672846,100,100,100,202,53,149
10804,2672854,100,100,100,204,129,75
10805,2673011,99.2587732342007,98.43,100,269,127,142
10806,2673181,100,100,100,245,110,135
10807,2673758,97.5685425101215,99.24,95.65,247,132,115
10808,2673882,99.426724137931,100,98.67,174,99,75
10809,2673906,99.6189312977099,100,99.22,262,134,128
10810,2674829,99.2138582677165,98.44,100,254,128,126
10811,2674904,100,100,100,252,130,122
10812,2675096,100,100,100,256,128,128
10813,2675157,100,100,100,274,135,139
10814,2675337,98.6831578947368,98.44,98.86,152,64,88
10815,2675342,99.5044776119403,99.17,100,201,120,81
10816,2675667,97.5389655172414,100,94.51,203,112,91
10817,2675714,99.5365581395349,100,98.94,215,121,94
10818,2676284,99.6264661654135,100,99.31,266,122,144
10819,2676746,99.2387786259542,99.18,99.29,262,122,140
10820,2677118,99.0588679245283,98.28,100,212,116,96
10821,2677310,99.525,98.67,100,210,75,135
10822,2677573,99.5503139013453,100,99.08,223,114,109
10823,2677615,99.6108949416342,99.2,100,257,125,132
10824,2677796,98.9679381443299,100,97.18,194,123,71
10825,2678447,99.1663333333333,100,98.36,240,118,122
10826,2678708,99.1709090909091,100,98.48,242,110,132
10827,2678954,97.6447169811321,98.15,97.12,212,108,104
10828,2679818,97.5521632653061,100,94.83,245,129,116
10829,2679851,99.4709523809524,100,99.01,189,88,101
10830,2680389,99.5801265822785,100,99.07,237,130,107
10831,2681592,98.5059701492537,100,95.71,201,131,70
10832,2682104,100,100,100,225,132,93
10833,2682531,99.5408256880734,100,98.9,218,127,91
10834,2682640,97.9685279187817,95.65,100,197,92,105
10835,2682708,100,100,100,203,118,85
10836,2683317,100,100,100,174,74,100
10837,2683493,98.8999450549451,98.97,98.82,182,97,85
10838,2683716,99.0036,99.06,98.94,200,106,94
10839,2683775,99.3981927710843,100,98.65,166,92,74
10840,2683791,100,100,100,203,111,92
10841,2684100,99.4890256410256,100,99.06,195,89,106
10842,2684452,100,100,100,153,111,42
10843,2684542,99.5129756097561,100,98.96,205,109,96
10844,2684792,100,100,100,171,108,63
10845,2685037,99.5016,100,98.88,200,111,89
10846,2685268,100,100,100,133,99,34
10847,2685272,98.5737142857143,100,97.44,70,31,39
10848,2685410,99.4928426395939,99.03,100,197,103,94
10849,2685989,98.9331016042781,98.75,99.07,187,80,107
10850,2686102,98.9625906735751,100,97.18,193,122,71
10851,2686826,99.5966129032258,99.18,100,248,122,126
10852,2686895,99.1631380753138,99.11,99.21,239,112,127
10853,2686964,99.57805907173,100,99.2,237,112,125
10854,2687440,94.7373684210526,100,88.89,228,120,108
10855,2687928,100,100,100,211,103,108
10856,2687967,100,100,100,240,127,113
10857,2688762,93.251226993865,97.81,69.23,163,137,26
10858,2689103,99.5722222222222,99.3,100,234,143,91
10859,2689261,100,100,100,212,110,102
10860,2689852,99.0867579908676,98.4,100,219,125,94
10861,2690043,99.1318260869565,98.44,100,230,128,102
10862,2690185,98.6874672489083,97.67,100,229,129,100
10863,2690476,99.5677922077922,99.22,100,231,128,103
10864,2690973,99.0355072463768,99.17,98.85,207,120,87
10865,2692055,100,100,100,210,103,107
10866,2692101,100,100,100,210,123,87
10867,2692502,99.4359322033898,100,98.44,177,113,64
10868,2692535,100,100,100,204,118,86
10869,2692799,100,100,100,182,93,89
10870,2693229,96.1532051282051,100,82.35,156,122,34
10871,2693543,100,100,100,217,117,100
10872,2693652,100,100,100,211,101,110
10873,2693747,99.2647058823529,99,100,136,100,36
10874,2693751,99.2133858267717,97.78,100,127,45,82
10875,2693774,99.5086206896552,98.95,100,203,95,108
10876,2693870,100,100,100,216,112,104
10877,2694090,99.4525274725275,99.06,100,182,106,76
10878,2694255,99.5540888888889,99.21,100,225,127,98
10879,2694275,100,100,100,231,129,102
10880,2694294,99.512243902439,98.99,100,205,99,106
10881,2694312,100,100,100,234,122,112
10882,2694794,99.1057399103139,98.31,100,223,118,105
10883,2694822,100,100,100,222,125,97
10884,2695029,98.7942168674699,98.72,98.86,166,78,88
10885,2696288,94.4435185185185,82.35,100,162,51,111
10886,2696834,100,100,100,197,112,85
10887,2696929,100,100,100,186,107,79
10888,2697512,97.2791304347826,96.15,98.11,184,78,106
10889,2697574,100,100,100,209,111,98
10890,2697631,99.51875,99.09,100,208,110,98
10891,2697699,100,100,100,155,88,67
10892,2698614,96.6485474860335,95.92,97.53,179,98,81
10893,2699036,100,100,100,188,94,94
10894,2699300,99.3745,98.61,100,160,72,88
10895,2699546,100,100,100,182,92,90
10896,2699745,98.770736196319,98.85,98.68,163,87,76
10897,2699828,99.2902127659574,98.61,100,141,72,69
10898,2699850,98.1689024390244,96.1,100,164,77,87
10899,2700133,90.1245679012346,100,80.49,162,80,82
10900,2700504,91.0859872611465,87.84,93.98,157,74,83
10901,2700796,99.376125,98.39,100,160,62,98
10902,2700924,100,100,100,160,66,94
10903,2700932,99.3006993006993,100,98.75,143,63,80
10904,2700940,99.3670886075949,100,98.75,158,78,80
10905,2700961,99.4219653179191,100,99,173,73,100
10906,2701269,100,100,100,191,96,95
10907,2701308,98.4120634920635,97.92,98.92,189,96,93
10908,2701485,100,100,100,173,80,93
10909,2701583,99.4863917525773,98.94,100,194,94,100
10910,2701652,100,100,100,181,88,93
10911,2702487,96.0461016949153,100,92.71,177,81,96
10912,2702626,99.3765625,98.67,100,160,75,85
10913,2702734,99.3475816993464,98.39,100,153,62,91
10914,2702826,99.4895408163265,98.85,100,196,87,109
10915,2702985,98.8256470588235,100,97.83,170,78,92
10916,2703211,99.4693617021276,98.84,100,188,86,102
10917,2703238,97.6187301587301,94.23,100,126,52,74
10918,2703509,98.43765625,100,97.03,192,91,101
10919,2703599,98.1821212121212,98.95,97.14,165,95,70
10920,2704572,100,100,100,173,82,91
10921,2704833,98.8275882352941,98.77,98.88,170,81,89
10922,2704893,98.5597122302158,100,97.14,139,69,70
10923,2704948,99.3157534246575,98.65,100,146,74,72
10924,2704971,98.9407407407408,100,98.18,189,79,110
10925,2705050,97.776,100,95.83,180,84,96
10926,2705392,99.0024,100,98.28,200,84,116
10927,2705507,99.4123529411765,100,98.89,170,80,90
10928,2705569,99.2654411764706,100,98.65,136,62,74
10929,2705574,99.1307826086957,100,98.04,115,64,51
10930,2705632,100,100,100,197,84,113
10931,2705757,98.8376744186047,100,98.04,172,70,102
10932,2705791,100,100,100,179,90,89
10933,2706034,98.9690721649485,100,98.75,97,17,80
10934,2706039,99.1693333333333,100,98.88,120,31,89
10935,2706045,100,100,100,146,89,57
10936,2706076,100,100,100,168,80,88
10937,2706567,98.5809929078014,100,96.72,141,80,61
10938,2706708,100,100,100,175,77,98
10939,2706756,100,100,100,187,82,105
10940,2706990,100,100,100,191,78,113
10941,2707045,100,100,100,189,85,104
10942,2707099,97.4184516129032,98.44,96.7,155,64,91
10943,2707392,100,100,100,191,78,113
10944,2707470,99.390243902439,100,98.75,164,84,80
10945,2707596,96.9029457364341,93.48,98.8,129,46,83
10946,2707797,100,100,100,181,86,95
10947,2707933,100,100,100,193,86,107
10948,2708233,99.1908870967742,100,98.73,124,45,79
10949,2708242,100,100,100,128,79,49
10950,2708341,99.4422905027933,98.51,100,179,67,112
10951,2709181,97.9266206896552,98.92,96.15,145,93,52
10952,2709959,98.4748091603054,100,96.67,131,71,60
10953,2710160,90.4166467065868,85.71,95.18,167,84,83
10954,2710655,98.3904838709677,98.51,98.25,124,67,57
10955,2710692,98.871186440678,97.78,100,177,90,87
10956,2710910,98.6485810810811,96.61,100,148,59,89
10957,2711432,99.3543225806452,98.61,100,155,72,83
10958,2711501,100,100,100,175,83,92
10959,2712007,98.0257894736842,97.59,98.55,152,83,69
10960,2712108,100,100,100,171,90,81
10961,2712324,100,100,100,154,80,74
10962,2712439,97.9168055555556,94.34,100,144,53,91
10963,2712696,99.4379213483146,98.85,100,178,87,91
10964,2713136,99.3527741935484,100,98.48,155,89,66
10965,2713176,100,100,100,173,93,80
10966,2713358,100,100,100,174,83,91
10967,2713512,98.1105660377358,96.97,98.92,159,66,93
10968,2713587,99.3826543209877,98.63,100,162,73,89
10969,2713766,100,100,100,190,94,96
10970,2714342,98.3448066298343,98.96,97.65,181,96,85
10971,2714692,99.2914893617021,100,98.15,141,87,54
10972,2714929,100,100,100,180,92,88
10973,2715060,99.4364406779661,100,98.67,177,102,75
10974,2715315,92.6169798657718,87.14,97.47,149,70,79
10975,2716408,98.8153846153846,97.8,100,169,91,78
10976,2716944,99.3788819875776,98.75,100,161,80,81
10977,2717198,100,100,100,180,91,89
10978,2717248,97.1816901408451,100,93.33,142,82,60
10979,2717593,98.9359574468085,99.01,98.85,188,101,87
10980,2717602,99.3612820512821,98.94,100,156,94,62
10981,2717996,99.3401315789474,100,98.82,152,67,85
10982,2718241,99.4576756756757,100,98.73,185,106,79
10983,2718274,100,100,100,171,98,73
10984,2718784,99.0366346153846,100,97.67,104,61,43
10985,2718789,97.3663157894737,97.87,96.55,76,47,29
10986,2718889,97.0012,94.9,99.02,200,98,102
10987,2718903,98.8808379888268,99,98.73,179,100,79
10988,2719062,100,100,100,200,92,108
10989,2719586,99.10625,99.07,99.14,224,108,116
10990,2719707,96.5836585365854,93.91,100,205,115,90
10991,2720278,99.5393055555555,100,99.07,216,109,107
10992,2720974,100,100,100,218,117,101
10993,2721622,100,100,100,202,97,105
10994,2721727,98.12425,95.08,100,160,61,99
10995,2721747,98.5288725490196,98.23,98.9,204,113,91
10996,2721787,98.8468208092486,98.8,98.89,173,83,90
10997,2721852,97.3681578947368,99,94.23,152,100,52
10998,2722201,99.0152216748768,99.03,99,203,103,100
10999,2722227,98.4680612244898,98.92,98.06,196,93,103
11000,2722269,96.985527638191,97.96,96.04,199,98,101
11001,2722279,95.8302777777778,96,95.74,144,50,94
11002,2722315,99.373,98.68,100,160,76,84
11003,2722329,98.9772959183673,97.89,100,196,95,101
11004,2722357,98.3972192513369,97.94,98.89,187,97,90
11005,2722402,97.7013793103448,97.06,98.61,174,102,72
11006,2722462,98.9590625,98.89,99.02,192,90,102
11007,2722569,94.2848571428571,96.97,91.89,140,66,74
11008,2723246,99.4530054644809,100,98.9,183,92,91
11009,2723433,99.469417989418,98.91,100,189,92,97
11010,2723702,99.3746875,100,98.55,160,91,69
11011,2723834,99.440782122905,98.9,100,179,91,88
11012,2723874,99.3474509803922,98.72,100,153,78,75
11013,2723894,97.1158653846154,91.43,100,104,35,69
11014,2723901,99.3861963190184,98.85,100,163,87,76
11015,2723948,100,100,100,178,89,89
11016,2723985,99.4302272727273,98.91,100,176,92,84
11017,2724288,97.9741216216216,98.97,96.08,148,97,51
11018,2725047,98.9203243243243,98.94,98.9,185,94,91
11019,2725238,98.3256424581006,97.85,98.84,179,93,86
11020,2725428,98.8318128654971,100,97.73,171,83,88
11021,2726792,98.1527777777778,98.1,98.25,162,105,57
11022,2727299,99.2055555555556,98.18,100,126,55,71
11023,2728499,96.248,95.83,96.59,160,72,88
11024,2729276,61.0609734513274,12.77,95.45,113,47,66
11025,2729626,98.5055970149254,100,97.33,134,59,75
11026,2729800,100,100,100,138,83,55
11027,2730451,98.8577714285714,99.01,98.65,175,101,74
11028,2730875,94.8019653179191,95.56,93.98,173,90,83
11029,2731141,93.0621965317919,90.32,96.25,173,93,80
11030,2731700,99.4547826086957,100,98.86,184,96,88
11031,2731747,98.9139130434783,99.04,98.75,184,104,80
11032,2732005,100,100,100,160,82,78
11033,2732395,99.3663924050633,100,98.59,158,87,71
11034,2732926,98.7630864197531,98.57,98.91,162,70,92
11035,2732993,98.3695652173913,97.75,98.95,184,89,95
11036,2733379,100,100,100,192,101,91
11037,2733640,99.4584782608696,99.06,100,184,106,78
11038,2733721,98.9255913978495,99.07,98.73,186,107,79
11039,2733916,99.4783246073299,99.06,100,191,106,85
11040,2734162,94.3675352112676,86.79,98.88,142,53,89
11041,2734191,95.9097660818713,94.57,97.47,171,92,79
11042,2734284,98.7866666666667,100,96.92,165,100,65
11043,2734900,99.3808695652174,100,98.88,161,72,89
11044,2735143,100,100,100,168,90,78
11045,2735262,99.3969277108434,100,98.59,166,95,71
11046,2735305,100,100,100,185,101,84
11047,2735893,100,100,100,167,77,90
11048,2735949,98.590985915493,100,97.56,142,60,82
11049,2736366,99.3569032258064,98.88,100,155,89,66
11050,2736423,100,100,100,176,92,84
11051,2736537,100,100,100,154,79,75
11052,2736546,100,100,100,120,39,81
11053,2736552,100,100,100,157,80,77
11054,2736660,98.8351744186046,98.85,98.82,172,87,85
11055,2736972,84.9215873015873,55.26,97.73,126,38,88
11056,2737385,99.3235810810811,100,98.59,148,77,71
11057,2737893,98.8893333333333,97.62,100,180,84,96
11058,2738256,98.2261538461538,97.44,98.9,169,78,91
11059,2738619,100,100,100,171,88,83
11060,2738895,98.7112903225807,100,97.65,155,70,85
11061,2739173,100,100,100,173,80,93
11062,2739332,99.4344632768362,100,98.9,177,86,91
11063,2739551,99.3221621621622,98.68,100,148,76,72
11064,2739668,100,100,100,138,55,83
11065,2739863,100,100,100,144,64,80
11066,2740040,100,100,100,154,78,76
11067,2740113,100,100,100,156,79,77
11068,2740246,97.9303448275862,97.5,98.46,145,80,65
11069,2740453,100,100,100,157,83,74
11070,2740683,99.2995104895105,100,98.41,143,80,63
11071,2740710,96.4603539823009,98.7,91.67,113,77,36
11072,2740774,98.6315068493151,98.72,98.53,146,78,68
11073,2740818,98.2135714285714,100,95.12,112,71,41
11074,2740953,98.4133333333333,100,95.24,126,84,42
11075,2740995,98.5929577464789,97.3,100,142,74,68
11076,2741158,100,100,100,143,73,70
11077,2741187,99.3143150684931,100,98.59,146,75,71
11078,2741418,98.0873248407643,98.78,97.33,157,82,75
11079,2741535,98.6656,97.22,100,150,72,78
11080,2741867,99.220625,98.28,100,128,58,70
11081,2742280,98.7117419354839,98.61,98.8,155,72,83
11082,2742479,97.9895973154362,98.77,97.06,149,81,68
11083,2742714,99.2107086614173,98.21,100,127,56,71
11084,2743461,98.517037037037,100,96.15,135,83,52
11085,2743557,100,100,100,146,75,71
11086,2743835,98.2133333333333,97.37,98.91,168,76,92
11087,2744972,100,100,100,132,70,62
11088,2745055,100,100,100,169,84,85
11089,2745187,100,100,100,151,65,86
11090,2745382,100,100,100,109,44,65
11091,2745415,99.3586538461539,98.55,100,156,69,87
11092,2745516,95.7624576271186,83.87,100,118,31,87
11093,2745550,94.9606474820144,98.91,87.23,139,92,47
11094,2745682,99.2693430656934,100,98.18,137,82,55
11095,2745707,99.4510989010989,98.89,100,182,90,92
11096,2745883,98.7939759036145,100,96.92,166,101,65
11097,2745962,100,100,100,154,95,59
11098,2745979,100,100,100,176,96,80
11099,2746021,100,100,100,134,47,87
11100,2746027,99.3445394736842,98.77,100,152,81,71
11101,2746717,100,100,100,155,97,58
11102,2746806,100,100,100,187,93,94
11103,2746885,99.440782122905,98.9,100,179,91,88
11104,2746987,98.9420634920635,100,97.85,189,96,93
11105,2747182,99.4456906077348,98.73,100,181,79,102
11106,2747775,98.9215135135135,98.88,98.96,185,89,96
11107,2748187,99.4949494949495,99,100,198,100,98
11108,2748801,100,100,100,165,86,79
11109,2748813,99.3992814371258,100,98.68,167,91,76
11110,2749366,99.4344632768362,98.7,100,177,77,100
11111,2749608,100,100,100,198,100,98
11112,2749932,99.4536065573771,100,99.01,183,82,101
11113,2750284,100,100,100,180,86,94
11114,2750400,100,100,100,173,76,97
11115,2750595,100,100,100,146,86,60
11116,2750649,99.3516883116883,98.44,100,154,64,90
11117,2750763,97.0573529411765,100,93.1,136,78,58
11118,2751024,99.428,100,98.9,175,84,91
11119,2751335,98.7007792207792,98.73,98.67,154,79,75
11120,2751355,98.6125,96.67,100,144,60,84
11121,2751515,98.8777528089888,97.73,100,178,88,90
11122,2752083,100,100,100,156,79,77
11123,2752173,99.3543225806452,98.61,100,155,72,83
11124,2752660,98.4968421052632,100,97.06,133,65,68
11125,2752669,100,100,100,140,71,69
11126,2752675,96.9086597938144,89.66,100,97,29,68
11127,2752807,100,100,100,155,62,93
11128,2752929,99.413567251462,100,98.91,171,79,92
11129,2752977,99.3808695652174,100,98.88,161,72,89
11130,2753023,100,100,100,155,72,83
11131,2753801,99.326644295302,100,98.73,149,70,79
11132,2754056,100,100,100,130,71,59
11133,2754089,99.218671875,98.63,100,128,73,55
11134,2754553,99.2712408759124,98.08,100,137,52,85
11135,2755143,99.3673417721519,100,98.81,158,74,84
11136,2755763,88.0384615384615,90.48,85.19,117,63,54
11137,2755789,96.6458389261745,100,93.83,149,68,81
11138,2756418,86.9916260162602,74,95.89,123,50,73
11139,2756808,100,100,100,109,52,57
11140,2756936,87.7519387755102,89.36,86.27,98,47,51
11141,2757330,92.2068831168831,86.21,95.83,77,29,48
11142,2757443,84.2126315789474,86.67,82.61,76,30,46
11143,2758241,83.6381818181818,92,76.67,55,25,30
11144,2758409,86.5392307692308,81.82,90,52,22,30
11145,2758469,90.5643396226415,76.47,97.22,53,17,36
11146,2758655,81.4803703703704,85.71,80,54,14,40
11147,2759286,95.915306122449,95.65,96.15,49,23,26
11148,2759379,94.9149152542373,91.67,97.14,59,24,35
11149,2759509,98.0403921568628,100,97.37,51,13,38
11150,2759540,97.8702127659574,95.45,100,47,22,25
11151,2759933,81.2472916666667,89.47,75.86,48,19,29
11152,2760512,91.0468656716418,85,93.62,67,20,47
11153,2760570,97.4374358974359,100,94.74,39,20,19
11154,2760659,88.6754716981132,83.33,90.24,53,12,41
11155,2761393,100,100,100,86,37,49
11156,2761410,93.9014634146342,86.21,98.11,82,29,53
11157,2761772,88.7641573033708,83.87,91.38,89,31,58
11158,2761832,97.6436470588235,96.55,98.21,85,29,56
11159,2761901,95.6028571428571,100,92.59,91,37,54
11160,2762086,99.0114851485149,100,98.44,101,37,64
11161,2762321,100,100,100,83,30,53
11162,2762360,98.057572815534,94.87,100,103,39,64
11163,2762561,100,100,100,103,46,57
11164,2762612,97.1934579439252,100,95.45,107,41,66
11165,2762869,99.1394827586207,100,98.39,116,54,62
11166,2762995,94.4487037037037,97.83,91.94,108,46,62
11167,2763029,96.8087234042553,100,94.34,94,41,53
11168,2763211,86.918785046729,96.23,77.78,107,53,54
11169,2763413,91.0741071428572,94.83,87.04,112,58,54
11170,2763530,94.4892913385827,98.18,91.67,127,55,72
11171,2763774,96.8231746031746,95.45,97.56,126,44,82
11172,2763912,98.4243307086614,97.87,98.75,127,47,80
11173,2763984,98.5278676470588,98.46,98.59,136,65,71
11174,2763996,100,100,100,100,52,48
11175,2764096,99.1675,100,98.15,120,66,54
11176,2764590,97.8084671532847,100,95.83,137,65,72
11177,2764618,96.875546875,94.74,98.59,128,57,71
11178,2764675,96.182213740458,96.55,95.89,131,58,73
11179,2764786,91.8930630630631,96.23,87.93,111,53,58
11180,2764903,85.9496694214876,98.55,69.23,121,69,52
11181,2765213,98.2905128205128,98.44,98.11,117,64,53
11182,2765234,95.31359375,98.36,92.54,128,61,67
11183,2765736,93.3294285714286,94.44,92.75,105,36,69
11184,2765803,82.6059130434783,67.92,95.16,115,53,62
11185,2765909,75.5554444444444,79.07,72.34,90,43,47
11186,2766174,95.9312195121951,98.48,92.98,123,66,57
11187,2767200,100,100,100,123,70,53
11188,2767424,86.3653409090909,82.05,89.8,88,39,49
11189,2767824,97.7629850746269,98.72,96.43,134,78,56
11190,2767927,99.3100689655172,98.78,100,145,82,63
11191,2767978,100,100,100,125,70,55
11192,2768086,99.2362595419847,98.55,100,131,69,62
11193,2771355,100,100,100,113,66,47
11194,2771546,98.019801980198,100,95,101,61,40
11195,2771806,99.0657943925234,98.53,100,107,68,39
11196,2771839,93.67,94.12,93.33,79,34,45
11197,2772612,100,100,100,64,25,39
11198,2772651,98.8235294117647,100,97.5,85,45,40
11199,2772797,100,100,100,92,46,46
11200,2772804,98.7006493506494,100,95.65,77,54,23
11201,2772918,98.6865789473684,97.83,100,76,46,30
11202,2773076,100,100,100,86,43,43
11203,2773106,100,100,100,79,47,32
11204,2773381,79.68703125,67.74,90.91,64,31,33
11205,2774831,81.0337931034483,75,88.46,58,32,26
11206,2775960,100,100,100,85,52,33
11207,2777679,88.998,81.25,96.15,100,48,52
11208,2778761,100,100,100,110,67,43
11209,2778843,98.9251612903226,97.96,100,93,49,44
11210,2779088,98.0778846153846,98,98.15,104,50,54
11211,2779130,96.8746875,95.92,97.87,96,49,47
11212,2779247,96.8405263157895,93.33,100,95,45,50
11213,2779400,100,100,100,91,58,33
11214,2779832,100,100,100,111,64,47
11215,2780178,96.6675,96,97.78,120,75,45
11216,2780319,93.8127835051546,90.32,100,97,62,35
11217,2783083,92.4266666666667,97.73,81.82,66,44,22
11218,2783384,79.4884615384616,71.43,88.89,39,21,18
11219,2783704,90.5662264150943,97.37,73.33,53,38,15
11220,2783800,89.6551724137931,85,100,58,40,18
11221,2784562,93.4797826086956,96.97,84.62,46,33,13
11222,2785885,100,100,100,36,23,13
11223,2786181,87.1774358974359,82.14,100,39,28,11
11224,2786476,85.7174285714286,91.67,72.73,35,24,11
11225,2786611,89.99925,85.71,94.74,40,21,19
11226,2787084,94.7389473684211,100,88.24,38,21,17
11227,2787223,95.1209756097561,95.83,94.12,41,24,17
11228,2787396,97.7755555555555,100,95.45,45,23,22
11229,2787466,95.7446808510638,90,100,47,20,27
11230,2787740,88.3704651162791,81.25,92.59,43,16,27
11231,2787964,86.54,88.46,84.62,52,26,26
11232,2788861,95.998,100,93.1,50,21,29
11233,2788975,94.8715384615384,97.3,92.68,78,37,41
11234,2789202,100,100,100,82,43,39
11235,2789273,100,100,100,89,41,48
11236,2789685,98.8998901098901,100,97.87,91,44,47
11237,2789889,100,100,100,87,55,32
11238,2790129,97.6170238095238,100,94.59,84,47,37
11239,2790214,100,100,100,100,48,52
11240,2790268,100,100,100,109,48,61
11241,2790759,100,100,100,138,69,69
11242,2790991,100,100,100,138,65,73
11243,2791086,99.2144881889764,98.28,100,127,58,69
11244,2791861,97.4778151260504,93.02,100,119,43,76
11245,2792266,100,100,100,162,76,86
11246,2793302,100,100,100,142,83,59
11247,2793434,99.2310769230769,100,98.04,130,79,51
11248,2793519,100,100,100,154,85,69
11249,2793542,100,100,100,151,60,91
11250,2793711,100,100,100,150,61,89
11251,2793767,100,100,100,153,75,78
11252,2793797,99.3208843537415,100,98.51,147,80,67
11253,2793825,99.3358,100,98.77,150,69,81
11254,2793860,100,100,100,120,73,47
11255,2793962,99.3444444444444,100,98.82,153,68,85
11256,2793980,100,100,100,146,66,80
11257,2794067,100,100,100,102,49,53
11258,2794598,97.2424827586207,92.16,100,145,51,94
11259,2794808,100,100,100,176,86,90
11260,2794877,99.3285234899329,100,98.55,149,80,69
11261,2795342,98.7165384615385,100,97.18,156,85,71
11262,2795546,99.469414893617,98.95,100,188,95,93
11263,2795653,99.2868571428571,97.92,100,140,48,92
11264,2795659,99.1153982300885,100,96.43,113,85,28
11265,2796056,99.4510989010989,100,98.89,182,92,90
11266,2796140,99.3837037037037,98.72,100,162,78,84
11267,2796215,99.4209302325581,98.8,100,172,83,89
11268,2796532,100,100,100,168,86,82
11269,2796709,100,100,100,165,84,81
11270,2797635,98.0652903225807,100,96.43,155,71,84
11271,2797874,100,100,100,140,66,74
11272,2798095,97.014776119403,93.22,100,134,59,75
11273,2798555,93.7996124031008,89.09,97.3,129,55,74
11274,2799107,93.2216949152542,92,94.12,118,50,68
11275,2799354,98.5908450704225,100,97.1,142,73,69
11276,2799458,100,100,100,114,54,60
11277,2799776,99.2550746268657,98.39,100,134,62,72
11278,2800000,100,100,100,150,73,77
11279,2800141,92.3917391304348,96.43,86.11,92,56,36
11280,2800823,99.3443137254902,98.48,100,153,66,87
11281,2800895,99.333,98.55,100,150,69,81
11282,2801097,99.4203468208093,98.91,100,173,92,81
11283,2801730,99.4480110497238,98.97,100,181,97,84
11284,2802221,97.9583673469388,92.68,100,147,41,106
11285,2803283,100,100,100,192,83,109
11286,2803320,100,100,100,158,57,101
11287,2803557,99.48109375,98.77,100,192,81,111
11288,2803938,100,100,100,190,80,110
11289,2804054,98.939417989418,100,97.89,189,94,95
11290,2804548,93.9007317073171,98.91,87.5,164,92,72
11291,2805401,98.8043113772455,98.36,99.06,167,61,106
11292,2805485,97.8945789473684,96.33,100,190,109,81
11293,2805734,99.5356481481482,100,99.15,216,98,118
11294,2805992,99.507881773399,100,99.1,203,92,111
11295,2806017,98.6138888888889,98.1,99.1,216,105,111
11296,2806173,98.9877777777778,99.09,98.86,198,110,88
11297,2806193,99.0744444444445,98.04,100,216,102,114
11298,2806223,100,100,100,195,110,85
11299,2806652,100,100,100,225,110,115
11300,2806716,100,100,100,191,96,95
11301,2806952,100,100,100,226,121,105
11302,2806971,100,100,100,210,116,94
11303,2807199,99.0833944954128,98.06,100,218,103,115
11304,2807486,100,100,100,215,122,93
11305,2807541,100,100,100,149,36,113
11306,2807549,99.0445454545454,99.13,98.94,209,115,94
11307,2807630,100,100,100,202,89,113
11308,2808062,99.0098514851485,98.23,100,202,113,89
11309,2808352,99.2002,99.26,99.13,250,135,115
11310,2808615,99.58670781893,99.17,100,243,121,122
11311,2808747,99.4977272727273,99.15,100,198,117,81
11312,2809188,97.8709787234043,95.76,100,235,118,117
11313,2809243,99.1092,98.47,100,225,131,94
11314,2810040,100,100,100,224,119,105
11315,2810848,99.5884773662551,99.2,100,243,125,118
11316,2811015,90.8507189542484,100,73.08,153,101,52
11317,2811070,99.5413302752294,100,98.99,218,119,99
11318,2811095,99.4808333333333,100,98.88,192,103,89
11319,2811215,94.6666666666667,90.48,98.33,225,105,120
11320,2811412,97.7371040723982,97.98,97.54,221,99,122
11321,2812010,99.5852282157676,100,99.16,241,122,119
11322,2812363,99.5331775700935,100,99.1,214,103,111
11323,2812567,99.5846666666667,100,99.11,240,128,112
11324,2812724,100,100,100,189,92,97
11325,2812811,100,100,100,188,96,92
11326,2812931,100,100,100,224,124,100
11327,2812973,99.5304716981132,99.21,100,212,126,86
11328,2813027,100,100,100,238,124,114
11329,2813081,100,100,100,224,115,109
11330,2813397,99.1593697478992,98.29,100,238,117,121
11331,2813570,100,100,100,208,103,105
11332,2814017,97.1225287356322,96.69,98.11,174,121,53
11333,2814053,98.7253617021277,98.39,99.1,235,124,111
11334,2814375,99.4233526011561,99.14,100,173,116,57
11335,2814386,99.5278301886792,99.23,100,212,130,82
11336,2814576,97.1829577464789,97.39,96.94,213,115,98
11337,2814623,98.5259113300493,99.12,97.78,203,113,90
11338,2814704,98.5383902439024,100,96.39,205,122,83
11339,2815108,98.8114285714286,98.77,98.85,168,81,87
11340,2815204,99.4796354166667,100,98.97,192,95,97
11341,2815216,99.036231884058,98.25,100,207,114,93
11342,2815298,100,100,100,193,115,78
11343,2815675,98.2276991150442,99.15,97.22,226,118,108
11344,2815726,100,100,100,205,132,73
11345,2816185,99.1012107623318,98.47,100,223,131,92
11346,2816435,99.5117073170732,99.23,100,205,130,75
11347,2816831,98.6672,96.08,100,150,51,99
11348,2817096,100,100,100,213,124,89
11349,2817309,99.441061452514,100,98.55,179,110,69
11350,2817359,98.2558139534884,96.25,100,172,80,92
11351,2819007,91.9788235294118,97.14,85.37,187,105,82
11352,2819540,98.43875,99.02,97.78,192,102,90
11353,2819876,100,100,100,200,105,95
11354,2820116,99.0445454545454,99.13,98.94,209,115,94
11355,2820135,99.4535519125683,100,98.75,183,103,80
11356,2820530,100,100,100,201,110,91
11357,2820663,99.5546428571429,99.14,100,224,116,108
11358,2820996,100,100,100,205,90,115
11359,2821128,100,100,100,215,104,111
11360,2821187,100,100,100,190,112,78
11361,2821221,100,100,100,174,112,62
11362,2821380,100,100,100,223,114,109
11363,2821448,98.5772037914692,99.14,97.89,211,116,95
11364,2821566,99.5101477832512,99.12,100,203,113,90
11365,2821989,99.025756097561,99.12,98.91,205,113,92
11366,2822212,98.394064171123,99.07,97.47,187,108,79
11367,2822271,100,100,100,204,110,94
11368,2822562,100,100,100,209,109,100
11369,2822592,100,100,100,170,71,99
11370,2822811,98.5222660098522,97.17,100,203,106,97
11371,2822874,99.5196634615385,99.03,100,208,103,105
11372,2822916,99.5044554455446,99.09,100,202,110,92
11373,2822982,99.5134146341463,100,99.05,205,100,105
11374,2823183,100,100,100,217,112,105
11375,2823198,99.5194230769231,100,99.02,208,106,102
11376,2823528,100,100,100,198,94,104
11377,2824153,99.5328169014084,99.07,100,213,107,106
11378,2824770,100,100,100,187,104,83
11379,2824819,100,100,100,170,101,69
11380,2824833,100,100,100,211,114,97
11381,2824950,99.525,100,98.95,210,115,95
11382,2825355,99.4708994708995,100,99,189,89,100
11383,2825746,30.7142857142857,32.39,28.99,140,71,69
11384,2826316,97.9908040201005,96.55,99.11,199,87,112
11385,2826407,95.6794444444444,100,88.89,162,99,63
11386,2827316,99.4843298969072,98.78,100,194,82,112
11387,2827700,98.2456140350877,100,94,171,121,50
11388,2828118,100,100,100,203,93,110
11389,2828151,100,100,100,200,99,101
11390,2828248,100,100,100,220,109,111
11391,2828362,100,100,100,181,101,80
11392,2828484,99.547963800905,100,99.1,221,110,111
11393,2828516,99.4480662983425,100,98.89,181,91,90
11394,2828529,99.4331818181818,98.84,100,176,86,90
11395,2828540,99.5126341463415,98.97,100,205,97,108
11396,2828802,100,100,100,195,79,116
11397,2828915,98.2266863905325,97.92,98.63,169,96,73
11398,2828928,97.8744680851064,98.08,97.62,188,104,84
11399,2829162,99.0448571428571,98.91,99.15,210,92,118
11400,2829237,97.906335078534,99.02,96.63,191,102,89
11401,2829249,98.0223762376238,98.98,97.12,202,98,104
11402,2829329,99.5178846153846,99.08,100,208,109,99
11403,2829576,100,100,100,210,99,111
11404,2829750,99.072511627907,98.98,99.15,215,98,117
11405,2829785,98.7129613733906,100,97.48,233,114,119
11406,2829794,98.9768205128205,100,98.28,195,79,116
11407,2830060,99.3624203821656,97.14,100,157,35,122
11408,2830071,99.4678723404255,100,98.78,188,106,82
11409,2830129,99.5523214285714,100,99.08,224,115,109
11410,2830674,99.60184,100,99.21,250,124,126
11411,2831427,100,100,100,194,93,101
11412,2831652,100,100,100,173,72,101
11413,2831666,98.9066666666667,100,97.56,183,101,82
11414,2831882,100,100,100,211,103,108
11415,2831916,98.9949748743719,97.5,100,199,80,119
11416,2832002,98.4307853403141,100,97.46,191,73,118
11417,2832204,100,100,100,205,82,123
11418,2832221,100,100,100,171,58,113
11419,2832617,98.2245562130177,100,96.47,169,84,85
11420,2832678,99.5262264150943,100,99.19,212,88,124
11421,2832773,99.0465071770335,98.96,99.12,209,96,113
11422,2833023,100,100,100,208,92,116
11423,2833112,99.4625806451613,100,98.98,186,88,98
11424,2833536,99.4168604651163,100,98.82,172,87,85
11425,2833782,98.9626943005181,96.92,100,193,65,128
11426,2833930,100,100,100,185,103,82
11427,2834999,100,100,100,234,99,135
11428,2835488,99.524,98.53,100,210,68,142
11429,2836226,99.5596475770925,99.02,100,227,102,125
11430,2836913,99.0843835616438,98.89,99.22,219,90,129
11431,2837638,98.3044915254237,96.58,100,236,117,119
11432,2837771,100,100,100,265,129,136
11433,2838288,98.6430769230769,98.04,99.16,221,102,119
11434,2838779,100,100,100,228,114,114
11435,2838867,99.191935483871,99.15,99.23,248,118,130
11436,2838903,99.4990954773869,98.88,100,199,89,110
11437,2838920,99.5730341880342,98.97,100,234,97,137
11438,2839163,99.5900816326531,100,99.17,245,124,121
11439,2839839,99.5575221238938,100,99,226,126,100
11440,2839854,99.5555752212389,100,99.07,226,118,108
11441,2839875,99.4508196721311,100,99.25,183,49,134
11442,2839895,98.5432038834952,99.08,97.94,206,109,97
11443,2839920,98.8473076923077,100,97.78,260,125,135
11444,2839952,98.6789427312775,100,97.48,227,108,119
11445,2840187,99.4657754010695,97.78,100,187,45,142
11446,2840343,99.4892857142857,100,98.7,196,119,77
11447,2840526,95.9014344262295,100,91.15,244,131,113
11448,2840670,98.3708695652174,96.43,99.22,184,56,128
11449,2840800,99.1646666666667,99.04,99.26,240,104,136
11450,2841095,100,100,100,244,98,146
11451,2841597,99.6035317460317,98.97,100,252,97,155
11452,2842035,99.2735869565217,98.37,100,276,123,153
11453,2842074,98.9642214532872,98.5,99.36,289,133,156
11454,2842826,99.5612280701754,99.18,100,228,122,106
11455,2843202,99.124672489083,97.89,100,229,95,134
11456,2843506,99.6222641509434,100,99.23,265,135,130
11457,2843623,100,100,100,270,134,136
11458,2843666,100,100,100,269,134,135
11459,2843839,98.0362352941177,100,96.79,255,99,156
11460,2843849,98.8187795275591,100,97.81,254,117,137
11461,2843931,98.8588,100,96.83,175,112,63
11462,2844364,99.625468164794,99.2,100,267,125,142
11463,2844484,99.5624561403509,100,99.14,228,112,116
11464,2845138,100,100,100,291,147,144
11465,2845254,99.2440151515151,99.15,99.32,264,118,146
11466,2845444,100,100,100,273,153,120
11467,2845464,98.6044755244755,98.52,98.68,286,135,151
11468,2845483,99.2912765957447,99.32,99.26,282,147,135
11469,2845522,99.345,100,98.69,306,153,153
11470,2845660,100,100,100,286,149,137
11471,2845744,99.3144329896907,98.5,100,291,133,158
11472,2846379,99.3212881355932,98.58,100,295,141,154
11473,2847120,100,100,100,294,132,162
11474,2847670,100,100,100,264,119,145
11475,2847734,100,100,100,264,130,134
11476,2848436,100,100,100,253,116,137
11477,2848460,100,100,100,245,119,126
11478,2848702,100,100,100,243,107,136
11479,2848910,98.7851417004049,99.03,98.61,247,103,144
11480,2849222,99.2,98,100,250,100,150
11481,2849280,99.2251162790698,100,98.53,258,122,136
11482,2849434,99.5375,98.89,100,216,90,126
11483,2850103,100,100,100,260,126,134
11484,2850332,98.9842639593909,97.7,100,197,87,110
11485,2850686,99.6031349206349,100,99.27,252,115,137
11486,2850792,98.7065517241379,97.52,100,232,121,111
11487,2851608,99.1666666666667,98,100,240,100,140
11488,2851888,99.6022134387352,100,99.26,253,117,136
11489,2852456,99.5762447257384,99.17,100,237,121,116
11490,2852827,98.7277966101695,100,97.22,236,128,108
11491,2853363,100,100,100,246,111,135
11492,2853378,99.5560714285714,100,99.12,224,111,113
11493,2854360,97.9360330578512,99.06,97.06,242,106,136
11494,2854414,99.105625,98.41,100,224,126,98
11495,2854762,100,100,100,214,109,105
11496,2854812,98.6886462882096,100,97.14,229,124,105
11497,2855157,98.4924905660377,98.43,98.55,265,127,138
11498,2855556,100,100,100,247,111,136
11499,2855601,100,100,100,215,101,114
11500,2855683,100,100,100,261,119,142
11501,2855908,99.6061568627451,99.17,100,255,121,134
11502,2855947,99.1673333333333,99.08,99.24,240,109,131
11503,2856435,93.4280281690141,92.59,94.29,213,108,105
11504,2856538,99.5420091324201,100,99.15,219,101,118
11505,2856753,94.8588571428571,95,94.74,175,80,95
11506,2856757,89.839375,89.02,91.3,128,82,46
11507,2857171,98.7790612244898,98.44,99.15,245,128,117
11508,2857288,98.7563975155279,95.74,100,161,47,114
11509,2857385,100,100,100,209,96,113
11510,2857754,100,100,100,224,116,108
11511,2858183,99.5452272727273,100,99.13,220,105,115
11512,2858306,99.5412903225806,100,99.21,217,91,126
11513,2858923,100,100,100,191,79,112
11514,2859044,98.9953768844221,97.96,100,199,98,101
11515,2859175,99.0605633802817,100,98.26,213,98,115
11516,2859590,98.4258267716535,95.24,100,127,42,85
11517,2859920,98.54961352657,98.95,98.21,207,95,112
11518,2860103,95.7884210526316,96.43,95.28,190,84,106
11519,2860250,98.99,98.99,98.99,198,99,99
11520,2860374,95.4522222222222,98.11,92.39,198,106,92
11521,2860497,99.1101333333333,99.12,99.1,225,114,111
11522,2860557,100,100,100,208,108,100
11523,2860734,100,100,100,227,117,110
11524,2861353,88.5531325301205,73.33,97.17,166,60,106
11525,2861441,98.0871770334928,99.1,96.94,209,111,98
11526,2861785,97.4369230769231,92.86,100,195,70,125
11527,2862039,100,100,100,239,113,126
11528,2862169,99.6066666666667,99.15,100,255,118,137
11529,2862338,99.5327102803738,100,99.2,214,89,125
11530,2862476,100,100,100,238,108,130
11531,2862569,98.3476859504132,98.28,98.41,242,116,126
11532,2863762,97.9787373737374,96.63,99.08,198,89,109
11533,2864038,100,100,100,238,110,128
11534,2864187,99.4944162436548,100,98.8,197,114,83
11535,2864864,99.5071428571428,99.13,100,203,115,88
11536,2864944,98.7522916666667,100,97.35,240,127,113
11537,2865263,98.8501149425287,96.72,100,174,61,113
11538,2865335,98.1994144144144,99.08,97.35,222,109,113
11539,2865548,100,100,100,228,128,100
11540,2865920,99.5967611336032,100,99.17,247,127,120
11541,2866959,97.8764361702128,97.2,98.77,188,107,81
11542,2867169,100,100,100,203,118,85
11543,2867268,99.528672985782,99.15,100,211,117,94
11544,2867571,100,100,100,205,109,96
11545,2867948,98.6069302325581,98.28,98.99,215,116,99
11546,2868182,100,100,100,206,102,104
11547,2869487,100,100,100,182,65,117
11548,2869705,99.4241379310345,100,98.33,174,114,60
11549,2869718,100,100,100,193,109,84
11550,2869726,100,100,100,198,107,91
11551,2869777,99.4681382978724,100,99.01,188,87,101
11552,2870170,100,100,100,196,86,110
11553,2870346,98.6997402597403,98.36,99.08,231,122,109
11554,2870744,100,100,100,234,121,113
11555,2870859,100,100,100,197,102,95
11556,2871005,99.0053731343284,97.96,100,201,98,103
11557,2871424,99.1345454545455,100,98.32,231,112,119
11558,2871586,100,100,100,224,117,107
11559,2872023,100,100,100,188,95,93
11560,2872096,100,100,100,192,109,83
11561,2872644,100,100,100,188,104,84
11562,2872668,100,100,100,201,101,100
11563,2873343,96.9076804123711,97.85,96.04,194,93,101
11564,2873392,96.632808988764,97.73,95.56,178,88,90
11565,2873420,96.6116384180791,94.74,98.02,177,76,101
11566,2873564,100,100,100,184,101,83
11567,2873750,99.4384269662921,100,98.98,178,80,98
11568,2873771,98.875,100,97.33,178,103,75
11569,2874154,98.9428571428572,100,97.78,189,99,90
11570,2874199,96.5752,98.88,94.19,175,89,86
11571,2874229,96.1585897435897,98.31,94.85,156,59,97
11572,2874242,97.0067664670659,96.34,97.65,167,82,85
11573,2874454,97.3827450980392,98.92,95,153,93,60
11574,2874473,100,100,100,163,71,92
11575,2874497,100,100,100,200,103,97
11576,2874526,93.7931724137931,100,79.07,145,102,43
11577,2874545,98.9427513227513,100,97.94,189,92,97
11578,2874710,99.3768125,100,98.31,160,101,59
11579,2874907,97.91875,100,95.56,192,102,90
11580,2874920,86.840701754386,97.5,61.76,114,80,34
11581,2874941,98.5607194244604,98.18,98.81,139,55,84
11582,2874982,98.3633333333333,98.95,97.73,183,95,88
11583,2875007,98.4548453608247,98.96,97.96,194,96,98
11584,2875016,97.1202158273381,98.53,95.77,139,68,71
11585,2875189,99.5126341463415,98.97,100,205,97,108
11586,2875249,100,100,100,198,87,111
11587,2875853,100,100,100,148,69,79
11588,2876099,100,100,100,178,72,106
11589,2876324,97.3318666666667,97.4,97.26,150,77,73
11590,2876914,100,100,100,183,97,86
11591,2878245,98.7839634146341,98.67,98.88,164,75,89
11592,2878550,94.736783625731,95.29,94.19,171,85,86
11593,2878726,96.4065269461078,95.79,97.22,167,95,72
11594,2879246,98.7662345679012,100,97.47,162,83,79
11595,2879275,97.7905882352941,98.91,95.45,136,92,44
11596,2879654,100,100,100,179,87,92
11597,2879699,93.5312941176471,90.28,95.92,170,72,98
11598,2879720,99.3807407407407,98.48,100,162,66,96
11599,2879734,97.5282716049383,97.18,97.8,162,71,91
11600,2879857,98.8109523809524,100,97.73,168,80,88
11601,2879915,96.5227826086956,97.3,95.12,115,74,41
11602,2880110,94.8488659793814,97.83,92.16,97,46,51
11603,2880343,93.4455737704918,98.31,88.89,122,59,63
11604,2880444,100,100,100,156,77,79
11605,2880551,99.2341221374046,100,98.73,131,52,79
11606,2880827,99.2688321167883,98.41,100,137,63,74
11607,2880912,97.4788235294118,95.92,98.57,119,49,70
11608,2881032,97.4353846153846,97.78,97.22,117,45,72
11609,2881042,97.7085496183206,96.72,98.57,131,61,70
11610,2881192,96.2593457943925,93.18,98.41,107,44,63
11611,2881580,96.8254761904762,100,94.03,126,59,67
11612,2882111,96.2972222222222,90.7,100,108,43,65
11613,2882577,97.247247706422,98.21,96.23,109,56,53
11614,2883410,90.7918421052632,97.83,80,76,46,30
11615,2883599,91.9992,96.97,82.35,50,33,17
11616,2883603,94.5472727272727,84.62,97.62,55,13,42
11617,2884043,99.001,100,98.15,100,46,54
11618,2884113,97.8706382978723,100,95.83,94,46,48
11619,2885396,94.4438888888889,96.08,92.98,108,51,57
11620,2885538,98.116037735849,97.73,98.39,106,44,62
11621,2885642,96.3856626506024,97.83,94.59,83,46,37
11622,2885711,96.1891428571429,100,92.98,105,48,57
11623,2885945,97.3236607142857,100,94.55,112,57,55
11624,2886221,98.876404494382,100,97.5,89,49,40
11625,2886716,95.7131428571429,86.36,100,70,22,48
11626,2887091,93.8802040816327,96.3,92.96,98,27,71
11627,2888089,100,100,100,165,74,91
11628,2888265,100,100,100,113,63,50
11629,2888298,96.5486206896552,98.59,94.59,145,71,74
11630,2888411,100,100,100,187,88,99
11631,2888859,97.0756140350877,98.67,95.83,171,75,96
11632,2888868,96.8547169811321,98.89,94.2,159,90,69
11633,2888904,98.2686705202312,100,96.88,173,77,96
11634,2888946,98.3495054945055,100,96.77,182,89,93
11635,2888955,99.3837037037037,100,98.72,162,84,78
11636,2889068,97.470253164557,100,94.29,158,88,70
11637,2889099,98.3610928961749,100,96.74,183,91,92
11638,2889114,99.3304697986577,100,98.84,149,63,86
11639,2889197,98.3495054945055,100,96.77,182,89,93
11640,2889381,98.7,100,97.4,154,77,77
11641,2889413,98.2765517241379,100,96.94,174,76,98
11642,2889435,98.868813559322,100,97.87,177,83,94
11643,2889483,99.4098823529412,100,98.86,170,82,88
11644,2889528,100,100,100,178,80,98
11645,2889804,100,100,100,180,81,99
11646,2890271,100,100,100,183,78,105
11647,2890336,100,100,100,167,85,82
11648,2890354,100,100,100,137,63,74
11649,2891050,100,100,100,180,106,74
11650,2892350,99.4138823529412,100,99.06,170,64,106
11651,2892422,98.6580536912752,98.72,98.59,149,78,71
11652,2892494,100,100,100,134,74,60
11653,2892970,99.3227027027027,98.21,100,148,56,92
11654,2893191,100,100,100,143,78,65
11655,2893284,100,100,100,192,87,105
11656,2893816,98.8094642857143,98.88,98.73,168,89,79
11657,2894592,99.4910714285714,100,99.05,196,91,105
11658,2894903,99.4826943005181,98.96,100,193,96,97
11659,2895312,98.0487317073171,98.13,97.96,205,107,98
11660,2896202,97.4896984924623,97.78,97.25,199,90,109
11661,2896268,99.4295428571428,98.51,100,175,67,108
11662,2897641,98.4128571428571,100,97.03,189,88,101
11663,2897695,99.4368361581921,100,98.88,177,88,89
11664,2898012,100,100,100,191,91,100
11665,2898148,99.4728042328042,100,98.94,189,95,94
11666,2898400,100,100,100,205,96,109
11667,2898463,100,100,100,188,102,86
11668,2898568,98.9056830601093,98.82,98.98,183,85,98
11669,2899362,98.2857714285714,98.78,97.85,175,82,93
11670,2899617,99.3782608695652,98.57,100,161,70,91
11671,2899852,94.2296153846154,100,83.33,104,68,36
11672,2899917,100,100,100,114,62,52
11673,2900402,86.6019587628866,96.83,67.65,97,63,34
11674,2900838,99.3690566037736,100,98.86,159,71,88
11675,2900907,97.2396551724138,98.63,95.83,145,73,72
11676,2900977,100,100,100,116,34,82
11677,2901384,100,100,100,151,73,78
11678,2901468,98.62,100,97.7,145,58,87
11679,2901960,98.2128571428571,94.44,100,112,36,76
11680,2902138,95.8,100,91.67,119,59,60
11681,2902629,99.0177450980392,97.67,100,102,43,59
11682,2902773,97.1167307692308,93.62,100,104,47,57
11683,2902895,100,100,100,102,44,58
11684,2903021,97.8744680851064,100,95.56,94,49,45
11685,2903049,100,100,100,103,46,57
11686,2903297,98.8367441860465,97.56,100,86,41,45
11687,2903351,100,100,100,67,22,45
11688,2905069,96.1038961038961,90,100,77,30,47
11689,2905101,100,100,100,84,36,48
11690,2905272,98.6688,100,97.44,75,36,39
11691,2905458,94.9138983050847,96.15,93.94,59,26,33
11692,2905802,93.1044827586207,94.87,91.67,87,39,48
11693,2905996,100,100,100,88,40,48
11694,2906015,98.5098507462687,97.44,100,67,39,28
11695,2906231,97.0038,97.83,96.3,100,46,54
11696,2906659,97.2705454545454,96.49,98.11,110,57,53
11697,2906767,99.0918181818182,100,98.15,110,56,54
11698,2906905,98.3467768595041,97.96,98.61,121,49,72
11699,2906920,99.1061607142857,97.87,100,112,47,65
11700,2906965,99.109375,98.25,100,112,57,55
11701,2907085,100,100,100,122,43,79
11702,2907658,100,100,100,107,38,69
11703,2907664,100,100,100,146,76,70
11704,2907684,99.3664556962025,100,98.7,158,81,77
11705,2907718,100,100,100,136,53,83
11706,2908168,98.6125,98.41,98.77,144,63,81
11707,2908182,99.3242567567568,98.63,100,148,73,75
11708,2908365,98.65,100,96.67,148,88,60
11709,2908684,99.4481318681319,98.92,100,182,93,89
11710,2908741,98.3505494505495,96.84,100,182,95,87
11711,2909028,98.6585906040269,98.51,98.78,149,67,82
11712,2909523,100,100,100,102,69,33
11713,2909541,99.3161643835616,98.72,100,146,78,68
11714,2909900,97.1079190751445,98.99,94.59,173,99,74
11715,2910168,98.8589714285714,97.92,100,175,96,79
11716,2910503,89.6271111111111,98.92,69.05,135,93,42
11717,2910524,99.4469613259669,100,98.9,181,90,91
11718,2910638,100,100,100,159,101,58
11719,2910864,99.4766492146597,99.02,100,191,102,89
11720,2911059,96.2269811320755,97.85,93.94,159,93,66
11721,2911290,99.4775,100,98.86,192,104,88
11722,2911335,98.3875268817204,96.74,100,186,92,94
11723,2911627,99.4928426395939,100,98.97,197,100,97
11724,2912090,98.1122012578616,95.31,100,159,64,95
11725,2912388,100,100,100,190,76,114
11726,2912645,97.8014285714286,99.07,95.95,182,108,74
11727,2913305,100,100,100,214,113,101
11728,2913458,100,100,100,218,119,99
11729,2913590,93.2435135135135,82,98.98,148,50,98
11730,2913604,98.8089285714286,100,96.55,168,110,58
11731,2914125,100,100,100,230,104,126
11732,2914137,99.1109333333333,99.14,99.08,225,116,109
11733,2914314,99.4685714285714,100,99.07,189,81,108
11734,2914356,99.4748691099476,100,99.15,191,73,118
11735,2914642,99.5411009174312,100,99.18,218,96,122
11736,2914954,100,100,100,203,98,105
11737,2915096,100,100,100,169,93,76
11738,2915367,98.1328971962617,97.06,99.11,214,102,112
11739,2915444,98.9794387755102,97.59,100,196,83,113
11740,2915550,99.0200980392157,99.03,99.01,204,103,101
11741,2915585,99.5553571428571,100,99.17,224,104,120
11742,2915847,100,100,100,203,90,113
11743,2915895,99.5625,100,99.25,228,95,133
11744,2916042,100,100,100,228,101,127
11745,2916263,100,100,100,207,97,110
11746,2916435,100,100,100,220,119,101
11747,2916612,99.5169082125604,100,99,207,107,100
11748,2917199,99.0151724137931,99.08,98.94,203,109,94
11749,2917700,98.6208256880734,99.19,97.87,218,124,94
11750,2918171,98.7058620689655,100,97.22,232,124,108
11751,2918232,100,100,100,243,128,115
11752,2918447,99.1452564102564,99.16,99.13,234,119,115
11753,2918514,100,100,100,202,89,113
11754,2918603,100,100,100,253,135,118
11755,2918681,99.119295154185,100,97.96,227,129,98
11756,2919020,100,100,100,206,104,102
11757,2919107,100,100,100,231,121,110
11758,2919455,99.47890625,99.13,100,192,115,77
11759,2919811,99.5536160714286,100,98.99,224,125,99
11760,2919878,100,100,100,201,102,99
11761,2919967,99.586887966805,99.24,100,241,131,110
11762,2920045,98.7878787878788,100,95,165,125,40
11763,2920159,99.5605286343612,100,99.14,227,111,116
11764,2920267,97.7675,100,94.68,224,130,94
11765,2920282,100,100,100,204,111,93
11766,2920959,100,100,100,228,134,94
11767,2921046,100,100,100,250,139,111
11768,2921112,99.5947967479675,100,99.11,246,134,112
11769,2921140,99.5476923076923,98.98,100,221,98,123
11770,2921337,100,100,100,238,124,114
11771,2921367,99.115575221239,99.04,99.18,226,104,122
11772,2921417,100,100,100,218,106,112
11773,2921427,98.6655555555556,99.13,98.18,225,115,110
11774,2921607,100,100,100,238,125,113
11775,2921826,98.7059051724138,99.17,98.2,232,121,111
11776,2921883,99.5298113207547,99.11,100,212,112,100
11777,2921942,98.5059701492537,100,96.1,201,124,77
11778,2922414,97.3801570680628,98.11,96.47,191,106,85
11779,2922871,99.5481981981982,99.15,100,222,118,104
11780,2923701,99.5067326732673,100,98.94,202,108,94
11781,2923947,90.3453793103448,100,63.16,145,107,38
11782,2924683,81.6291836734694,74.24,87.65,147,66,81
11783,2924706,93.2216384180791,90.53,96.34,177,95,82
11784,2925921,100,100,100,190,99,91
11785,2927004,100,100,100,196,95,101
11786,2927143,98.9314438502674,100,98.06,187,84,103
11787,2927160,99.436404494382,100,98.86,178,90,88
11788,2927440,98.61,100,95.83,144,96,48
11789,2928057,95.2053424657534,98.11,93.55,146,53,93
11790,2928063,92.3101183431953,94.57,89.61,169,92,77
11791,2928379,99.281726618705,97.44,100,139,39,100
11792,2928388,100,100,100,185,86,99
11793,2928562,100,100,100,188,97,91
11794,2928661,100,100,100,169,59,110
11795,2928667,100,100,100,178,104,74
11796,2928709,100,100,100,209,100,109
11797,2928778,99.4577297297297,98.68,100,185,76,109
11798,2928907,99.4083431952663,99.01,100,169,101,68
11799,2928976,99.3949696969697,98.51,100,165,67,98
11800,2929381,100,100,100,204,95,109
11801,2929670,99.4671657754011,98.94,100,187,94,93
11802,2929904,99.4283428571429,98.78,100,175,82,93
11803,2930102,99.0067661691542,97.83,100,201,92,109
11804,2930365,98.1818181818182,100,95,165,105,60
11805,2930926,99.0347826086957,98.15,100,207,108,99
11806,2931037,97.6416509433962,97.39,97.94,212,115,97
11807,2931155,100,100,100,221,108,113
11808,2931574,100,100,100,179,111,68
11809,2932323,99.5098529411765,98.99,100,204,99,105
11810,2932516,100,100,100,167,99,68
11811,2932556,99.5074384236453,99.01,100,203,101,102
11812,2932739,99.4636559139785,98.84,100,186,86,100
11813,2932910,100,100,100,175,78,97
11814,2933366,100,100,100,107,61,46
11815,2933370,100,100,100,92,39,53
11816,2934430,97.4209032258065,95.08,98.94,155,61,94
11817,2934874,99.4458333333333,100,98.95,180,85,95
11818,2934910,100,100,100,179,93,86
11819,2934969,98.8902777777778,100,97.65,180,95,85
11820,2935255,99.4544262295082,98.96,100,183,96,87
11821,2935483,98.8654545454545,97.44,100,176,78,98
11822,2935882,100,100,100,191,93,98
11823,2936161,100,100,100,179,99,80
11824,2936236,99.4553005464481,98.88,100,183,89,94
11825,2936503,100,100,100,204,94,110
11826,2936535,100,100,100,222,111,111
11827,2936754,99.4925888324873,100,98.98,197,99,98
11828,2936892,98.3606557377049,96,100,183,75,108
11829,2938461,100,100,100,235,130,105
11830,2939014,100,100,100,217,102,115
11831,2939132,99.1473076923077,99.19,99.1,234,123,111
11832,2939245,99.5598678414097,100,98.97,227,130,97
11833,2939480,99.5670995670996,99.2,100,231,125,106
11834,2939567,97.7261363636364,95.65,100,220,115,105
11835,2939782,100,100,100,257,138,119
11836,2939867,98.4472762645914,97.86,99.15,257,140,117
11837,2939893,95.2193227091634,100,88.35,251,148,103
11838,2939929,99.5590308370044,99.23,100,227,130,97
11839,2940212,100,100,100,239,146,93
11840,2940992,95.627125,87.76,99.1,160,49,111
11841,2941471,96.8920207253886,98.39,94.2,193,124,69
11842,2941513,100,100,100,208,114,94
11843,2941705,96.7209836065574,95.06,98.04,183,81,102
11844,2942013,100,100,100,245,135,110
11845,2942175,98.2055156950673,98.45,97.87,223,129,94
11846,2942607,95.4854838709677,92.5,98.67,155,80,75
11847,2942910,98.4457512953368,97.03,100,193,101,92
11848,2942924,99.045023923445,99.11,98.97,209,112,97
11849,2942961,97.1138461538462,96.36,97.96,208,110,98
11850,2943311,99.0891780821918,99.19,98.96,219,123,96
11851,2943869,100,100,100,219,138,81
11852,2944653,99.6061023622047,100,99.13,254,139,115
11853,2945339,99.6215909090909,100,99.1,264,153,111
11854,2945363,100,100,100,233,147,86
11855,2946181,99.13,99.23,99,230,130,100
11856,2946336,99.6230711610487,99.26,100,267,136,131
11857,2946532,98.2292920353982,96.26,100,226,107,119
11858,2946712,99.5742978723404,99.18,100,235,122,113
11859,2947098,100,100,100,241,136,105
11860,2947328,94.2872,92.06,95.54,175,63,112
11861,2948334,97.003,98.25,95.35,200,114,86
11862,2948456,99.603984063745,99.29,100,251,140,111
11863,2949001,95.7671957671958,90,100,189,80,109
11864,2949446,100,100,100,234,131,103
11865,2949722,99.59,99.18,100,244,122,122
11866,2950832,100,100,100,254,124,130
11867,2950953,100,100,100,278,146,132
11868,2951202,100,100,100,270,130,140
11869,2951341,99.0471428571429,100,97.7,210,123,87
11870,2951565,98.7236170212766,98.95,98.57,235,95,140
11871,2951571,94.51,96.83,89.29,182,126,56
11872,2951584,98.4957894736842,98.53,98.46,266,136,130
11873,2951598,98.0691891891892,97.48,98.57,259,119,140
11874,2951614,98.4821292775665,97.73,99.24,263,132,131
11875,2951637,95.2733783783784,95.73,93.55,148,117,31
11876,2951641,98.4584615384615,96.97,99.22,195,66,129
11877,2951965,100,100,100,266,136,130
11878,2952147,99.1635146443515,97.96,100,239,98,141
11879,2952160,100,100,100,285,144,141
11880,2952680,98.895,100,97.79,272,136,136
11881,2953023,100,100,100,247,111,136
11882,2953610,99.6191570881226,99.3,100,261,142,119
11883,2953667,100,100,100,211,71,140
11884,2953694,98.2386784140969,96.74,99.26,227,92,135
11885,2953782,99.11,99.11,99.11,224,112,112
11886,2954856,99.6448763250883,99.33,100,283,150,133
11887,2954883,100,100,100,232,155,77
11888,2955000,99.6033464566929,99.35,100,254,155,99
11889,2955021,99.6062055335968,99.19,100,253,123,130
11890,2955029,99.2403041825095,98.52,100,263,135,128
11891,2955036,98.9906060606061,99.29,98.25,198,141,57
11892,2955062,98.2775862068965,96.3,100,174,81,93
11893,2955066,97.7440601503759,94.23,100,133,52,81
11894,2955116,97.4278308823529,97.04,97.81,272,135,137
11895,2955198,96.8607623318386,98.13,95.69,223,107,116
11896,2955207,97.4576271186441,97.81,96.97,236,137,99
11897,2955245,100,100,100,270,142,128
11898,2955264,99.6038095238095,99.22,100,252,128,124
11899,2955693,97.7002298850575,95.12,100,261,123,138
11900,2955977,94.3642253521127,100,89.74,213,96,117
11901,2956242,99.6228195488722,100,99.21,266,139,127
11902,2956540,94.1439330543933,86.96,98.64,239,92,147
11903,2956989,99.6475352112676,100,99.3,284,141,143
11904,2957142,100,100,100,263,122,141
11905,2957580,100,100,100,254,127,127
11906,2957671,99.1961445783133,100,98.61,249,105,144
11907,2957787,99.1873170731707,98.32,100,246,119,127
11908,2957827,98.8606844106464,100,97.73,263,131,132
11909,2957862,98.9677835051546,100,97.75,194,105,89
11910,2958648,98.215,100,95.92,224,126,98
11911,2958705,99.6051383399209,100,99.26,253,118,135
11912,2959597,98.4732061068702,96.46,100,262,113,149
11913,2960059,99.5147572815534,98.98,100,206,98,108
11914,2960174,100,100,100,256,114,142
11915,2960491,100,100,100,225,86,139
11916,2960594,100,100,100,257,120,137
11917,2961133,99.0224878048781,98.81,99.17,205,84,121
11918,2961256,100,100,100,275,130,145
11919,2961325,100,100,100,267,136,131
11920,2961616,100,100,100,273,124,149
11921,2961670,98.8936531365314,99.26,98.53,271,135,136
11922,2962345,96.7860240963855,100,92.98,249,135,114
11923,2963064,98.4067729083665,99.08,97.89,251,109,142
11924,2963420,98.4209090909091,97.39,99.28,253,115,138
11925,2963661,99.1902429149797,99.31,99.02,247,145,102
11926,2964397,99.5802100840336,100,99.03,238,135,103
11927,2964514,99.6325274725275,99.34,100,273,152,121
11928,2964577,97.2244907407407,99.34,92.31,216,151,65
11929,2964821,98.6654666666666,97.85,99.24,225,93,132
11930,2965211,100,100,100,239,134,105
11931,2965774,99.60036,100,99.03,250,147,103
11932,2966002,98.4078884462151,100,96.23,251,145,106
11933,2966181,100,100,100,267,133,134
11934,2966413,96.6240084388186,100,91.01,237,148,89
11935,2966443,99.16575,100,97.87,240,146,94
11936,2966474,99.1410344827586,99.17,99.11,232,120,112
11937,2966545,100,100,100,273,135,138
11938,2966572,99.6406498194946,100,99.21,277,151,126
11939,2966687,99.6228571428571,100,99.12,266,152,114
11940,2966825,98.5801418439716,100,96.92,141,76,65
11941,2966834,99.19,99.19,99.19,247,123,124
11942,2966845,98.4626923076923,98.67,98.18,260,150,110
11943,2966897,99.6338461538462,99.32,100,273,147,126
11944,2967247,99.5677922077922,100,98.72,231,153,78
11945,2967281,100,100,100,275,144,131
11946,2967338,99.2380228136882,100,98.33,263,143,120
11947,2967359,99.6448763250883,99.33,100,283,150,133
11948,2967412,98.734388185654,99.17,98.28,237,121,116
11949,2967706,98.1481481481482,99.04,97.32,216,104,112
11950,2967823,100,100,100,250,140,110
11951,2968214,99.5672727272727,99.02,100,231,102,129
11952,2968297,100,100,100,190,89,101
11953,2968303,99.4689361702128,100,98.44,188,124,64
11954,2969329,89.828813559322,82.22,97.7,177,90,87
11955,2969485,93.9914754098361,94.12,93.88,183,85,98
11956,2969830,98.9505235602094,100,97.89,191,96,95
11957,2970078,100,100,100,176,113,63
11958,2970343,97.5292592592593,98.81,96.15,162,84,78
11959,2970442,98.9851776649746,100,97.96,197,99,98
11960,2970486,97.6591812865497,99.15,94.34,171,118,53
11961,2970498,94.9653237410072,97.3,85.71,139,111,28
11962,2970874,98.5095024875622,98.08,98.97,201,104,97
11963,2971428,99.4472928176796,100,98.78,181,99,82
11964,2971901,100,100,100,182,106,76
11965,2971913,99.4902551020408,99.03,100,196,103,93
11966,2971976,100,100,100,219,121,98
11967,2972186,98.9720512820513,97.89,100,195,95,100
11968,2972534,99.07,99.07,99.07,216,108,108
11969,2972688,100,100,100,190,103,87
11970,2974794,100,100,100,243,126,117
11971,2974906,99.1488936170213,100,98.23,235,122,113
11972,2974972,100,100,100,237,119,118
11973,2976190,98.093619047619,100,94.59,210,136,74
11974,2976386,90.0014705882353,99.26,54.29,170,135,35
11975,2976810,99.4953266331658,99.17,100,199,121,78
11976,2976932,99.5965725806451,100,99.13,248,133,115
11977,2976974,99.1693360995851,99.07,99.25,241,108,133
11978,2977028,100,100,100,249,136,113
11979,2977077,100,100,100,224,120,104
11980,2977176,99.537037037037,100,98.75,216,136,80
11981,2977988,100,100,100,216,127,89
11982,2978390,99.1114666666667,100,97.96,225,127,98
11983,2978585,100,100,100,246,132,114
11984,2978867,97.8151965065502,100,95.76,229,111,118
11985,2979156,99.5644104803494,99.05,100,229,105,124
11986,2979239,99.4785340314136,98.8,100,191,83,108
11987,2979256,100,100,100,194,107,87
11988,2979643,100,100,100,226,121,105
11989,2979681,99.5194230769231,100,99.02,208,106,102
11990,2979834,99.5102450980392,100,98.97,204,107,97
11991,2979980,98.8813966480447,99.03,98.68,179,103,76
11992,2981038,98.3523076923077,100,95.24,182,119,63
11993,2981431,100,100,100,123,92,31
11994,2981734,100,100,100,181,95,86
11995,2981800,100,100,100,125,42,83
11996,2982027,99.4201156069364,100,98.86,173,85,88
11997,2982439,92.3076923076923,95,90,130,60,70
11998,2982801,100,100,100,137,69,68
11999,2983028,99.2190625,97.96,100,128,49,79
12000,2983064,99.319387755102,98.55,100,147,69,78
12001,2983394,97.7247727272727,100,95.77,132,61,71
12002,2983412,100,100,100,129,57,72
12003,2984287,93.859649122807,88.68,98.36,114,53,61
12004,2984562,100,100,100,110,47,63
12005,2984660,98.21,98.21,98.21,112,56,56
12006,2984741,98.2433333333333,96.77,100,114,62,52
12007,2984997,99.048,98.04,100,105,51,54
12008,2986214,95.0614814814815,93.48,97.14,81,46,35
12009,2986379,96.9727272727273,97.06,96.88,66,34,32
12010,2986927,100,100,100,67,36,31
12011,2987035,98.6481081081081,97.56,100,74,41,33
12012,2987212,83.330625,81.48,85.71,48,27,21
12013,2987938,82.4561403508772,68,93.75,57,25,32
12014,2988467,89.7942857142857,84,95.83,49,25,24
12015,2988575,94.5945945945946,90,100,37,20,17
12016,2988808,92.1084210526316,94.12,90.48,38,17,21
12017,2989638,85.7182142857143,86.67,84.62,28,15,13
12018,2989885,76.67,86.67,66.67,30,15,15
12019,2990138,83.7835135135135,93.75,76.19,37,16,21
12020,2990606,71.43,60,77.78,28,10,18
12021,2992259,94.4461111111111,84.62,100,36,13,23
12022,2992356,82.0505128205128,64.71,95.45,39,17,22
12023,2992491,64.2857142857143,81.82,52.94,28,11,17
12024,2992590,78.124375,72.73,80.95,32,11,21
12025,2992694,82.854,85.71,80.95,35,14,21
12026,2992810,90,80,96,40,15,25
12027,2993753,84.375625,70,90.91,32,10,22
12028,2994497,89.2860714285714,93.33,84.62,28,15,13
12029,2994979,88.2335294117647,93.75,83.33,34,16,18
12030,2995063,89.58375,80,93.94,48,15,33
12031,2995509,84.0016,91.67,81.58,50,12,38
12032,2995734,63.4644230769231,82.61,48.28,52,23,29
12033,2996332,93.55,95.83,92.11,62,24,38
12034,2996717,98.0423529411765,100,96.88,51,19,32
12035,2996816,98.6460810810811,100,97.67,74,31,43
12036,2996994,100,100,100,65,14,51
12037,2997018,100,100,100,67,29,38
12038,2997545,98.7018181818182,100,97.62,77,35,42
12039,2998166,97.5308641975309,100,96,81,31,50
12040,2998415,97.998,100,96.15,100,48,52
12041,2999181,100,100,100,108,46,62
12042,3000598,100,100,100,153,71,82
12043,3000963,99.4045238095238,98.78,100,168,82,86
12044,3001468,100,100,100,150,60,90
12045,3001876,99.2865714285714,97.73,100,140,44,96
12046,3002176,100,100,100,181,85,96
12047,3002328,100,100,100,182,90,92
12048,3002398,100,100,100,183,88,95
12049,3002861,100,100,100,170,76,94
12050,3002926,100,100,100,163,70,93
12051,3003022,100,100,100,164,83,81
12052,3003714,100,100,100,184,86,98
12053,3004120,99.388773006135,98.77,100,163,81,82
12054,3004385,97.2779591836735,92.98,100,147,57,90
12055,3004500,97.6862427745665,97.56,97.8,173,82,91
12056,3005277,98.4244094488189,100,95.65,127,81,46
12057,3005290,96.2499375,95.06,97.47,160,81,79
12058,3005334,99.3629936305732,100,98.63,157,84,73
12059,3005466,98.8230588235294,97.56,100,170,82,88
12060,3005544,99.2686131386861,98.33,100,137,60,77
12061,3005686,98.733670886076,97.56,100,158,82,76
12062,3005818,93.0358860759493,85.71,100,158,77,81
12063,3005845,94.2882857142857,89.89,98.84,175,89,86
12064,3006101,98.0182178217822,100,95.83,101,53,48
12065,3006533,100,100,100,172,94,78
12066,3006595,100,100,100,173,96,77
12067,3006958,99.2190625,97.06,100,128,34,94
12068,3007127,100,100,100,185,87,98
12069,3007375,99.5233333333333,100,99.09,210,100,110
12070,3007465,98.0788461538461,96.67,100,156,90,66
12071,3007664,96.7567567567568,92,100,185,75,110
12072,3008113,100,100,100,205,109,96
12073,3009050,98.2298230088496,97.27,99.14,226,110,116
12074,3009725,99.5985542168675,100,99.16,249,130,119
12075,3009850,99.4573913043478,98.96,100,184,96,88
12076,3010040,99.1185022026432,100,98.26,227,112,115
12077,3010409,99.5054455445544,98.89,100,202,90,112
12078,3010965,99.1263318777293,98.29,100,229,117,112
12079,3011426,100,100,100,215,110,105
12080,3011723,97.5470588235294,94.44,100,204,90,114
12081,3011816,99.4758638743455,98.59,100,191,71,120
12082,3011845,99.1286956521739,98.33,100,230,120,110
12083,3012013,100,100,100,215,105,110
12084,3012139,99.59,99.19,100,243,123,120
12085,3012203,99.575,99.15,100,236,118,118
12086,3012749,98.6892576419214,99.16,98.18,229,119,110
12087,3012881,99.0850228310502,99.08,99.09,219,109,110
12088,3012901,99.5057425742574,99.04,100,202,104,98
12089,3012930,99.4489010989011,99.15,100,182,118,64
12090,3013190,99.4308522727273,100,98.41,176,113,63
12091,3013356,100,100,100,218,110,108
12092,3013524,98.2248520710059,96.55,99.1,169,58,111
12093,3013703,98.9779081632653,99.08,98.85,196,109,87
12094,3014497,100,100,100,204,113,91
12095,3014845,99.457945945946,100,98.91,185,93,92
12096,3015641,94.2537931034483,96.94,90.79,174,98,76
12097,3016861,99.0393269230769,100,97.94,208,111,97
12098,3016913,100,100,100,206,116,90
12099,3017570,100,100,100,196,108,88
12100,3018181,99.20008,99.19,99.21,250,124,126
12101,3018403,100,100,100,259,128,131
12102,3018526,100,100,100,245,113,132
12103,3018716,100,100,100,227,104,123
12104,3019444,99.1878048780488,98.2,100,246,111,135
12105,3019531,99.1321212121212,98.21,100,231,112,119
12106,3019921,99.0205882352941,98.15,100,204,108,96
12107,3020691,99.2405323193916,99.26,99.22,263,135,128
12108,3020976,100,100,100,261,131,130
12109,3021006,99.2258687258687,99.2,99.25,259,125,134
12110,3021319,99.6360727272727,99.28,100,275,139,136
12111,3021620,99.159243697479,98.26,100,238,115,123
12112,3021647,98.5005617977528,98.53,98.47,267,136,131
12113,3021656,98.3866666666667,99.2,96.72,186,125,61
12114,3021685,99.2229069767442,100,98.37,258,135,123
12115,3022124,100,100,100,256,132,124
12116,3022222,98.980612244898,98.53,99.22,196,68,128
12117,3022345,99.601593625498,99.2,100,251,125,126
12118,3022360,98.566028708134,98.52,98.65,209,135,74
12119,3022447,100,100,100,261,122,139
12120,3022529,99.2171875,100,98.33,256,136,120
12121,3023056,95.6,96.8,94.4,250,125,125
12122,3023185,99.609765625,100,99.26,256,121,135
12123,3023209,99.4575,98.39,100,184,62,122
12124,3023303,99.1977108433735,99.15,99.24,249,117,132
12125,3023320,99.5871604938272,99.12,100,243,114,129
12126,3023465,100,100,100,245,110,135
12127,3023917,100,100,100,239,121,118
12128,3024058,99.4449162011173,100,99.31,179,35,144
12129,3024322,98.6708407079646,96.77,100,226,93,133
12130,3024400,97.7505405405406,99.14,96.23,222,116,106
12131,3024546,98.7394537815126,99.2,98.23,238,125,113
12132,3024752,100,100,100,248,132,116
12133,3024822,98.4301176470588,100,97.12,255,116,139
12134,3024945,99.1953012048193,99.21,99.18,249,127,122
12135,3024990,97.4748484848485,100,93.59,198,120,78
12136,3025588,92.1473298429319,78.79,99.2,191,66,125
12137,3025829,96.4008,98.46,94.17,250,130,120
12138,3026342,97.6765891472868,100,94.92,258,140,118
12139,3026622,98.356049382716,99.32,96.88,243,147,96
12140,3027038,100,100,100,236,114,122
12141,3027535,100,100,100,236,149,87
12142,3027754,98.5643540669856,100,96.47,209,124,85
12143,3027781,98.6548430493274,97.03,100,223,101,122
12144,3028012,99.6089453125,99.29,100,256,141,115
12145,3028207,99.5195652173913,100,99.15,207,90,117
12146,3028438,100,100,100,255,137,118
12147,3028659,99.6012851405623,99.32,100,249,146,103
12148,3028711,100,100,100,246,127,119
12149,3029090,99.6155984555984,99.24,100,259,131,128
12150,3029696,98.3285355648536,98.2,98.44,239,111,128
12151,3029912,99.0326086956522,97.75,100,207,89,118
12152,3030104,98.7341772151899,97.6,100,237,125,112
12153,3030335,99.044019138756,100,98.15,209,101,108
12154,3031090,93.8652147239264,89.29,98.73,163,84,79
12155,3031457,99.5067326732673,99.06,100,202,106,96
12156,3031575,98.3435359116022,98.1,98.68,181,105,76
12157,3031592,97.025,99.05,93.65,168,105,63
12158,3031637,98.9314973262032,98.89,98.97,187,90,97
12159,3032124,98.7659259259259,96.43,100,162,56,106
12160,3032558,99.4979396984925,100,99.03,199,96,103
12161,3033042,98.816449704142,97.26,100,169,73,96
12162,3033305,99.4931979695431,100,99.04,197,93,104
12163,3033387,100,100,100,188,87,101
12164,3033455,96.5528078817734,93.94,99.04,203,99,104
12165,3033849,100,100,100,143,55,88
12166,3033870,100,100,100,210,104,106
12167,3034051,98.575971563981,98.99,98.21,211,99,112
12168,3034143,100,100,100,202,103,99
12169,3034177,100,100,100,188,107,81
12170,3034303,100,100,100,87,17,70
12171,3034308,98.8960220994475,98.06,100,181,103,78
12172,3034482,99.5503139013453,100,99.08,223,114,109
12173,3034534,100,100,100,233,124,109
12174,3034606,99.1658333333333,99.19,99.14,240,124,116
12175,3034656,99.5461818181818,100,99.04,220,116,104
12176,3034689,100,100,100,227,130,97
12177,3034866,99.4334463276836,99.08,100,177,109,68
12178,3035046,100,100,100,210,96,114
12179,3035133,99.568658008658,100,99.06,231,125,106
12180,3035220,99.5470909090909,100,99.06,220,114,106
12181,3035277,100,100,100,236,130,106
12182,3035427,99.5858436213992,99.26,100,243,136,107
12183,3035473,100,100,100,185,74,111
12184,3035568,100,100,100,216,128,88
12185,3035740,98.9430158730159,99.14,98.63,189,116,73
12186,3037112,99.1709090909091,98.48,100,242,132,110
12187,3037426,100,100,100,251,132,119
12188,3037483,100,100,100,255,135,120
12189,3037586,100,100,100,252,131,121
12190,3037627,100,100,100,217,104,113
12191,3037738,100,100,100,246,129,117
12192,3037919,99.608984375,99.23,100,256,130,126
12193,3038416,99.5533632286996,100,99.17,223,103,120
12194,3038527,99.6099224806202,99.26,100,258,136,122
12195,3038928,99.5722222222222,99.23,100,234,130,104
12196,3039360,98.1109056603774,100,95.93,265,142,123
12197,3039459,98.6229357798165,100,96.2,218,139,79
12198,3039648,99.6312592592593,100,99.24,270,139,131
12199,3039732,100,100,100,269,134,135
12200,3039770,100,100,100,242,126,116
12201,3040063,98.1642201834863,100,95.4,218,131,87
12202,3040120,98.6290410958904,99.07,98.2,219,108,111
12203,3040376,100,100,100,226,144,82
12204,3040918,100,100,100,170,112,58
12205,3041160,100,100,100,233,121,112
12206,3041228,99.5532286995516,100,99.19,223,100,123
12207,3041476,99.5693534482759,100,99.03,232,129,103
12208,3041799,99.53875,100,98.77,216,135,81
12209,3042396,98.1308878504673,98.02,98.23,214,101,113
12210,3042514,97.8159388646288,97.25,98.33,229,109,120
12211,3042964,99.5328971962617,100,99.02,214,112,102
12212,3043020,98.8203529411765,98.7,98.92,170,77,93
12213,3044049,99.5556194690266,100,99.17,226,105,121
12214,3044560,99.1228947368421,98.02,100,228,101,127
12215,3044655,99.2077777777778,98.39,100,252,124,128
12216,3044722,98.1578801843318,94.94,100,217,79,138
12217,3044914,100,100,100,255,134,121
12218,3045290,100,100,100,241,137,104
12219,3045366,100,100,100,247,118,129
12220,3045636,99.5110294117647,98.67,100,204,75,129
12221,3045680,100,100,100,244,126,118
12222,3046435,100,100,100,235,113,122
12223,3046529,100,100,100,267,138,129
12224,3046871,98.7918548387097,98.36,99.21,248,122,126
12225,3047051,97.7670982142857,98.54,96.55,224,137,87
12226,3047140,100,100,100,225,128,97
12227,3047149,99.5365740740741,99.23,100,216,130,86
12228,3047243,100,100,100,213,133,80
12229,3047474,100,100,100,236,139,97
12230,3047522,99.6043083003953,99.29,100,253,141,112
12231,3047545,99.5784388185654,100,99.03,237,134,103
12232,3047777,100,100,100,221,100,121
12233,3049130,97.5,98.4,96,200,125,75
12234,3049245,99.5610572687225,100,99.06,227,121,106
12235,3049885,100,100,100,190,102,88
12236,3050125,98.6055813953488,99.2,97.78,215,125,90
12237,3050500,100,100,100,171,111,60
12238,3050823,96.7582702702703,96.12,97.56,185,103,82
12239,3051253,99.5163106796116,99.06,100,206,106,100
12240,3051661,100,100,100,206,118,88
12241,3052030,100,100,100,219,121,98
12242,3052502,100,100,100,220,131,89
12243,3052693,100,100,100,184,90,94
12244,3053126,99.4921319796954,100,98.85,197,110,87
12245,3053270,99.2329501915709,98.6,100,261,143,118
12246,3053731,99.6007142857143,99.22,100,252,129,123
12247,3053822,98.7496666666667,97.52,100,240,121,119
12248,3054350,99.16725,99.21,99.12,240,126,114
12249,3054578,99.2252918287938,99.24,99.21,257,131,126
12250,3054963,98.56,97.84,99.28,278,139,139
12251,3054995,99.6293726937269,100,99.19,271,147,124
12252,3055037,100,100,100,257,136,121
12253,3055145,98.8786516853933,99.3,98.4,267,142,125
12254,3055709,99.0147783251231,99.12,98.88,203,114,89
12255,3055730,96.8056164383562,96.97,96.67,219,99,120
12256,3056520,97.035,98.04,96.27,236,102,134
12257,3056580,100,100,100,225,116,109
12258,3056644,99.1569620253164,100,98.52,237,102,135
12259,3057051,96.0780392156863,100,92.7,255,118,137
12260,3057473,98.2464035087719,98.06,98.4,228,103,125
12261,3057586,100,100,100,261,115,146
12262,3058115,99.5769491525424,100,99.22,236,108,128
12263,3058141,100,100,100,255,107,148
12264,3058202,100,100,100,227,94,133
12265,3058230,99.549596412556,99.07,100,223,108,115
12266,3058665,92.1489528795812,88.24,94.31,191,68,123
12267,3058823,99.6115175097276,99.04,100,257,104,153
12268,3059048,99.6291512915129,100,99.33,271,121,150
12269,3059119,99.5591150442478,100,99.06,226,120,106
12270,3059327,99.2101574803149,99.22,99.2,254,129,125
12271,3059627,97.8520600858369,99.19,96.33,233,124,109
12272,3060381,98.7304237288136,97.87,99.3,236,94,142
12273,3060470,99.5957317073171,100,99.35,246,93,153
12274,3060946,97.1271291866029,100,93.81,209,112,97
12275,3060977,100,100,100,254,104,150
12276,3061282,99.6112451361868,99.03,100,257,103,154
12277,3061694,100,100,100,252,109,143
12278,3061835,99.6101960784314,100,99.3,255,113,142
12279,3061978,99.5649344978166,100,99.19,229,106,123
12280,3062018,98.9095652173913,100,98.48,184,52,132
12281,3062031,99.0557075471698,99.08,99.03,212,109,103
12282,3062057,100,100,100,230,103,127
12283,3062095,98.9888888888889,100,97.8,198,107,91
12284,3062125,99.0848623853211,100,98.5,218,85,133
12285,3062152,99.5238095238095,100,99.2,210,85,125
12286,3062185,100,100,100,224,108,116
12287,3062234,99.5392660550459,100,99.19,218,94,124
12288,3062263,100,100,100,165,54,111
12289,3062614,100,100,100,230,113,117
12290,3062642,99.5515315315315,100,99.24,222,91,131
12291,3062659,98.8945856353591,100,97.56,181,99,82
12292,3062678,100,100,100,205,89,116
12293,3062728,98.230796460177,100,96.43,226,114,112
12294,3062803,100,100,100,180,35,145
12295,3063258,96.7891443850267,94.83,97.67,187,58,129
12296,3063531,99.5875409836066,100,99.26,244,108,136
12297,3063570,97.6747093023256,100,95.79,172,77,95
12298,3063575,98.6580536912752,100,95.35,149,106,43
12299,3063731,99.1070982142857,100,98.23,224,111,113
12300,3063876,98.3165168539326,99.11,96.97,178,112,66
12301,3064096,98.0486829268293,97.87,98.2,205,94,111
12302,3064117,95.8577720207254,93.75,97.35,193,80,113
12303,3064166,99.4972864321608,98.78,100,199,82,117
12304,3064222,97.779,96.83,98.29,180,63,117
12305,3064240,96.970303030303,95.95,97.8,165,74,91
12306,3064266,98.3960962566845,97.01,99.17,187,67,120
12307,3064287,97.3812663755458,96.19,98.39,229,105,124
12308,3064335,98.4844444444444,100,97.52,198,77,121
12309,3064348,94.5947297297297,96.49,88.24,74,57,17
12310,3064353,98.50135,97.94,99.03,200,97,103
12311,3065084,99.1365086206897,99.1,99.17,232,111,121
12312,3065231,98.8095238095238,100,97.6,252,127,125
12313,3065273,98.8085714285714,99.17,98.48,252,120,132
12314,3065298,98.3200840336134,98.31,98.33,238,118,120
12315,3065366,100,100,100,219,107,112
12316,3065382,98.5923943661972,97.37,100,213,114,99
12317,3065412,97.0024,97.22,96.88,200,72,128
12318,3065919,100,100,100,210,105,105
12319,3065975,97.0873786407767,96.55,97.78,206,116,90
12320,3066011,96.7004395604396,94.44,98.18,182,72,110
12321,3066045,99.0080198019802,98.91,99.09,202,92,110
12322,3066071,99.5832780082987,100,99.17,241,120,121
12323,3066089,97.475303030303,99.08,95.51,198,109,89
12324,3066096,97.0885922330097,95.79,98.2,206,95,111
12325,3066219,98.0512195121951,98,98.1,205,100,105
12326,3066298,98.977806122449,99.03,98.92,196,103,93
12327,3066443,98.237268722467,100,96.58,227,110,117
12328,3066524,99.072511627907,98.98,99.15,215,98,117
12329,3066847,97.1893820224719,98.73,95.96,178,79,99
12330,3067373,98.2267455621302,98.88,97.5,169,89,80
12331,3067409,100,100,100,219,105,114
12332,3067839,99.0252195121951,99.04,99.01,205,104,101
12333,3068762,97.268087431694,96.7,97.83,183,91,92
12334,3069073,98.9126630434783,100,97.53,184,103,81
12335,3069154,97.1565876777251,100,94.34,211,105,106
12336,3069169,96.3737305699482,98.86,94.29,193,88,105
12337,3069197,99.0756944444444,99.05,99.1,216,105,111
12338,3069211,98.4555154639175,100,96.39,194,111,83
12339,3069638,100,100,100,208,98,110
12340,3069698,99.4909644670051,100,98.91,197,105,92
12341,3069912,95.7174761904762,96.12,95.33,210,103,107
12342,3070178,99.0972850678733,100,98.25,221,107,114
12343,3070217,99.1215789473684,99.04,99.19,228,104,124
12344,3070255,99.549954954955,100,99.03,222,119,103
12345,3070279,99.5569777777778,100,99.11,225,113,112
12346,3070814,97.1034782608696,96.3,97.98,207,108,99
12347,3070886,100,100,100,198,95,103
12348,3070982,99.025512195122,99.15,98.86,205,117,88
12349,3071775,100,100,100,200,96,104
12350,3072560,100,100,100,209,101,108
12351,3072593,96.8960869565217,94.29,97.62,161,35,126
12352,3072599,98.1075355450237,98.43,97.62,211,127,84
12353,3072763,99.3506493506493,99,100,154,100,54
12354,3072819,99.5387096774194,100,99.09,217,107,110
12355,3073008,100,100,100,250,124,126
12356,3073069,99.5476818181818,100,99.07,220,113,107
12357,3073131,99.588305785124,100,99.19,242,119,123
12358,3073269,99.5342056074766,100,99.11,214,102,112
12359,3073305,98.8588,99.25,97.62,175,133,42
12360,3073494,100,100,100,243,117,126
12361,3073694,94.7631428571429,91.53,98.91,210,118,92
12362,3074288,99.1811111111111,99.21,99.15,243,126,117
12363,3074303,99.5328971962617,100,98.98,214,116,98
12364,3075050,98.2039910313901,96.69,100,223,121,102
12365,3075210,99.5067326732673,100,98.94,202,108,94
12366,3075263,99.5691379310345,99.16,100,232,119,113
12367,3075784,99.0609859154929,99.09,99.03,213,110,103
12368,3075931,99.476875,99.19,100,192,124,68
12369,3076296,97.3120430107527,100,91.38,186,128,58
12370,3076725,98.50165,98.29,98.8,200,117,83
12371,3077522,97.3153020134228,97.94,96.15,149,97,52
12372,3078093,100,100,100,182,91,91
12373,3078275,97.5296296296296,100,93.33,81,51,30
12374,3078279,98.8242352941177,100,97.37,85,47,38
12375,3078552,99.4697872340426,100,98.88,188,99,89
12376,3078576,99.374375,100,98.18,160,105,55
12377,3078591,99.435593220339,98.89,100,177,90,87
12378,3079549,94.7332236842105,93.33,96.1,152,75,77
12379,3080086,100,100,100,178,97,81
12380,3081393,98.5911971830986,98.82,98.25,142,85,57
12381,3081424,100,100,100,180,86,94
12382,3081647,97.2832608695652,98,96.43,184,100,84
12383,3081784,97.5320987654321,99.06,94.64,162,106,56
12384,3082061,100,100,100,185,90,95
12385,3082294,99.4168604651163,98.82,100,172,85,87
12386,3082505,98.9419047619048,100,97.98,189,90,99
12387,3082643,100,100,100,188,96,92
12388,3082958,98.9860913705584,98.9,99.06,197,91,106
12389,3083006,98.9952261306533,100,97.85,199,106,93
12390,3083039,100,100,100,206,105,101
12391,3083093,100,100,100,187,85,102
12392,3083180,100,100,100,200,113,87
12393,3083271,98.8501149425287,100,97.56,174,92,82
12394,3083528,98.3870967741936,100,96.25,186,106,80
12395,3083622,100,100,100,189,114,75
12396,3084016,98.8789887640449,98.97,98.77,178,97,81
12397,3084034,99.0025,99.05,98.95,200,105,95
12398,3084064,100,100,100,167,104,63
12399,3084200,100,100,100,190,102,88
12400,3084253,96.5299421965318,99.09,92.06,173,110,63
12401,3084370,100,100,100,169,89,80
12402,3084410,100,100,100,129,62,67
12403,3084520,100,100,100,196,101,95
12404,3084631,98.9950753768844,100,97.98,199,100,99
12405,3085535,98.9646632124352,100,97.94,193,96,97
12406,3085628,98.4144444444445,97.59,99.06,189,83,106
12407,3085699,99.0771889400922,100,97.75,217,128,89
12408,3086639,95.315,97.92,92.71,192,96,96
12409,3086796,100,100,100,174,75,99
12410,3086809,99.4422346368715,100,98.96,179,83,96
12411,3086907,99.4786458333333,100,98.7,192,115,77
12412,3087037,99.4840206185567,98.9,100,194,91,103
12413,3087285,98.0954285714286,100,96.04,210,109,101
12414,3087324,99.5134146341463,100,99.05,205,100,105
12415,3087505,99.5245714285714,100,99.04,210,106,104
12416,3087583,100,100,100,187,91,96
12417,3087742,98.990101010101,99,98.98,198,100,98
12418,3087756,98.3155056179775,98,98.72,178,100,78
12419,3087974,98.1488888888889,97.06,100,162,102,60
12420,3088542,98.9932663316583,100,98.11,199,93,106
12421,3088710,97.2255555555555,97.37,97.12,180,76,104
12422,3088731,97.6945622119816,96.26,99.09,217,107,110
12423,3088743,97.7998351648352,98.26,97.01,182,115,67
12424,3089481,99.5713793103448,99.12,100,232,113,119
12425,3090280,98.7028571428571,98.4,99.06,231,125,106
12426,3090531,100,100,100,245,119,126
12427,3090672,100,100,100,248,113,135
12428,3090741,100,100,100,181,59,122
12429,3091344,94.1180213903743,98.96,89.01,187,96,91
12430,3091351,99.5676724137931,100,99.15,232,114,118
12431,3091431,99.5733333333333,99.04,100,234,104,130
12432,3091597,100,100,100,247,115,132
12433,3091881,97.6297233201581,96.8,98.44,253,125,128
12434,3092002,99.1134666666667,98.17,100,225,109,116
12435,3092013,98.7895161290323,98.55,99.09,248,138,110
12436,3092098,100,100,100,225,119,106
12437,3092113,99.088401826484,97.83,100,219,92,127
12438,3092124,99.5808403361344,99.14,100,238,116,122
12439,3092211,100,100,100,258,132,126
12440,3092407,100,100,100,201,64,137
12441,3092649,99.5877685950413,99.14,100,242,116,126
12442,3092778,99.150170212766,99.02,99.25,235,102,133
12443,3092847,99.3022377622378,99.26,99.34,286,135,151
12444,3092983,92.2623214285714,97.75,86.08,168,89,79
12445,3093045,97.001,98.18,95.56,200,110,90
12446,3093105,99.1315217391304,99.05,99.2,230,105,125
12447,3093178,98.4846590909091,96.85,100,264,127,137
12448,3093394,99.1303913043478,100,98.23,230,117,113
12449,3094502,99.5621145374449,99.3,100,227,142,85
12450,3094572,99.2147244094488,99.31,99.09,254,144,110
12451,3094610,98.96276816609,99.34,98.55,289,151,138
12452,3094916,100,100,100,260,139,121
12453,3095030,99.6084705882353,99.04,100,255,104,151
12454,3095087,99.2246511627907,99.16,99.28,258,119,139
12455,3096223,100,100,100,254,106,148
12456,3096288,100,100,100,286,142,144
12457,3096964,98.4054183266932,97.32,99.28,251,112,139
12458,3097069,100,100,100,264,113,151
12459,3097150,99.6168582375479,99.2,100,261,125,136
12460,3097403,99.5580616740088,98.86,100,227,88,139
12461,3097589,99.220078125,99.28,99.15,256,138,118
12462,3097775,99.5918775510204,100,98.99,245,146,99
12463,3097802,100,100,100,239,116,123
12464,3099141,98.845,97.69,100,260,130,130
12465,3099188,99.0039800995025,100,97.14,201,131,70
12466,3099347,97.5304938271605,98.37,96.67,243,123,120
12467,3099467,98.3485950413223,97.62,99.14,242,126,116
12468,3099698,98.3878225806452,97.46,99.23,248,118,130
12469,3099707,98.0014,97.04,99.13,250,135,115
12470,3099718,99.153417721519,98.48,100,237,132,105
12471,3099988,98.40008,98.41,98.39,250,126,124
12472,3100825,95.3601030927835,96.84,93.94,194,95,99
12473,3101174,100,100,100,246,123,123
12474,3101475,99.5262735849057,99.17,100,212,121,91
12475,3101733,100,100,100,240,121,119
12476,3101928,99.058779342723,98.21,100,213,112,101
12477,3102601,100,100,100,219,114,105
12478,3103203,100,100,100,256,127,129
12479,3104192,99.2468421052632,98.41,100,266,126,140
12480,3104607,98.7950602409639,100,97.81,249,112,137
12481,3104641,98.9101090909091,97.64,100,275,127,148
12482,3104767,99.517729468599,100,99.33,207,58,149
12483,3104782,98.3402904564315,97.22,99.25,241,108,133
12484,3105217,100,100,100,275,123,152
12485,3106435,97.99832,97.58,98.41,250,124,126
12486,3106497,98.9101090909091,98.61,99.24,275,144,131
12487,3106569,100,100,100,277,137,140
12488,3106587,99.6185440613027,99.24,100,261,131,130
12489,3106659,100,100,100,267,150,117
12490,3107377,99.2975352112676,100,98.5,284,151,133
12491,3107575,98.5034831460674,98.79,98.04,267,165,102
12492,3107704,98.8734082397004,98.12,100,267,160,107
12493,3107719,100,100,100,274,129,145
12494,3108083,98.6324573378839,98.77,98.46,293,163,130
12495,3108140,100,100,100,206,87,119
12496,3108148,99.461935483871,100,94.44,186,168,18
12497,3108269,100,100,100,271,147,124
12498,3108535,98.231592920354,99.34,96,226,151,75
12499,3108657,97.5923367697594,96.27,99.23,291,161,130
12500,3108676,99.6327205882353,100,99.1,272,161,111
12501,3109910,99.1697095435685,100,97.7,241,154,87
12502,3109944,98.2974042553192,98.08,98.47,235,104,131
12503,3109994,98.9912457912458,100,97.86,297,157,140
12504,3110048,99.6467605633803,100,99.24,284,152,132
12505,3110486,93.8064601769912,97.06,88.89,226,136,90
12506,3110761,98.308220338983,99.3,96.81,236,142,94
12507,3111287,97.0229166666667,95.77,97.94,168,71,97
12508,3112198,97.8986842105263,97.65,98.1,190,85,105
12509,3112273,98.2319469026549,97.17,99.17,226,106,120
12510,3112357,99.165643153527,99.32,98.92,241,148,93
12511,3112391,99.0566037735849,99.26,98.7,212,135,77
12512,3112655,98.7766530612245,97.46,100,245,118,127
12513,3113097,95.5092244897959,93.8,97.41,245,129,116
12514,3113170,98.4668965517241,100,96.58,261,144,117
12515,3113617,98.1738812785388,98.32,98,219,119,100
12516,3113918,99.4979396984925,100,98.97,199,102,97
12517,3114285,99.6277153558052,99.29,100,267,140,127
12518,3114619,99.1943548387097,100,98.2,248,137,111
12519,3114742,98.8096825396825,99.15,98.51,252,118,134
12520,3115114,98.7553112033195,97.03,100,241,101,140
12521,3115211,100,100,100,263,135,128
12522,3115310,99.5897959183673,99.25,100,245,134,111
12523,3115435,100,100,100,226,132,94
12524,3115552,98.4274345549738,98.92,97.96,191,93,98
12525,3115981,100,100,100,231,106,125
12526,3116087,99.6013944223107,99.13,100,251,115,136
12527,3116119,99.5794092827004,99.11,100,237,112,125
12528,3116281,98.4523711340206,100,95.83,194,122,72
12529,3116587,96.8314027149321,96.46,97.22,221,113,108
12530,3116827,99.5141463414634,100,98.8,205,122,83
12531,3116939,96.2090521327014,99.13,92.71,211,115,96
12532,3116949,96.1515384615385,98.11,93.42,182,106,76
12533,3116972,100,100,100,137,49,88
12534,3116977,96.3258823529412,98.08,95.24,136,52,84
12535,3117043,99.5781355932203,100,99.24,236,105,131
12536,3117083,98.7724489795918,99.12,98.47,245,114,131
12537,3117106,96.5051048951049,100,93.83,143,62,81
12538,3117112,97.7906629834254,98.13,97.3,181,107,74
12539,3117854,97.8798305084746,96.33,99.21,236,109,127
12540,3117971,100,100,100,184,69,115
12541,3118066,99.5561061946903,100,99.12,226,112,114
12542,3118360,99.5042786069652,100,99.06,201,95,106
12543,3118486,100,100,100,199,105,94
12544,3118526,99.4523076923077,98.88,100,182,89,93
12545,3118888,99.4736842105263,100,99,190,90,100
12546,3118960,99.4663829787234,98.86,100,188,88,100
12547,3119022,98.71,100,97.85,155,62,93
12548,3119578,93.2531901840491,88.61,97.62,163,79,84
12549,3119760,100,100,100,172,84,88
12550,3120084,98.0645161290323,95,100,155,60,95
12551,3120237,97.1452,94.81,98.98,175,77,98
12552,3120719,100,100,100,186,90,96
12553,3120941,99.4764397905759,100,99,191,91,100
12554,3121212,94.5237671232877,98.8,88.89,146,83,63
12555,3121784,100,100,100,199,117,82
12556,3121802,100,100,100,239,114,125
12557,3122031,98.6847368421053,100,97.48,228,109,119
12558,3122081,92.6585310734463,99.12,81.25,177,113,64
12559,3122361,97.576,95.08,99.04,165,61,104
12560,3122858,99.4863917525773,98.94,100,194,94,100
12561,3123050,99.4842783505155,100,98.55,194,125,69
12562,3123329,100,100,100,208,119,89
12563,3123632,100,100,100,221,112,109
12564,3123671,99.5385185185185,100,99.11,216,104,112
12565,3123681,100,100,100,211,95,116
12566,3124339,100,100,100,217,95,122
12567,3124401,100,100,100,227,129,98
12568,3124867,100,100,100,177,65,112
12569,3124878,100,100,100,234,107,127
12570,3125241,99.5794117647059,100,99.23,238,108,130
12571,3125690,100,100,100,251,120,131
12572,3125856,99.565,99.13,100,230,115,115
12573,3125879,99.521961722488,98.97,100,209,97,112
12574,3126079,98.7295762711864,100,97.37,236,122,114
12575,3126775,99.5245023696682,100,98.73,211,132,79
12576,3127207,99.5215311004785,100,98.75,209,129,80
12577,3127385,99.5715021459228,100,99.04,233,129,104
12578,3127436,100,100,100,264,131,133
12579,3127624,99.5520179372197,100,98.89,223,133,90
12580,3127687,100,100,100,268,137,131
12581,3127900,98.545145631068,95.95,100,206,74,132
12582,3127921,98.8038247011952,98.32,99.24,251,119,132
12583,3128521,99.609568627451,100,99.24,255,124,131
12584,3128558,100,100,100,237,97,140
12585,3128701,99.5531838565022,100,98.94,223,129,94
12586,3128720,99.5441818181818,100,98.91,220,128,92
12587,3128795,99.5724786324786,100,99.18,234,112,122
12588,3128863,95.2098630136986,97.12,90.48,146,104,42
12589,3128867,99.2421212121212,100,98.78,132,50,82
12590,3128884,99.1755555555556,99.26,99.07,243,135,108
12591,3128939,100,100,100,256,138,118
12592,3129134,98.80192,100,97.66,250,122,128
12593,3129158,99.2089285714286,99.15,99.26,252,117,135
12594,3129178,99.2423484848485,100,98.54,264,127,137
12595,3129333,99.1280349344978,100,98.44,229,101,128
12596,3129343,98.6668,100,96.97,225,126,99
12597,3129419,99.5909756097561,100,99.22,246,117,129
12598,3129451,99.5871900826446,100,99.1,242,131,111
12599,3129536,99.2421212121212,99.28,99.2,264,139,125
12600,3129601,99.6150769230769,99.28,100,260,139,121
12601,3129637,98.40152,99.21,97.58,250,126,124
12602,3129812,98.3257740585774,98.58,97.96,239,141,98
12603,3129880,99.5526457399103,100,98.84,223,137,86
12604,3130087,95.121512195122,100,89.01,205,114,91
12605,3130175,97.6741085271318,98.53,96.72,258,136,122
12606,3130695,98.9263636363636,98.73,99.07,187,79,108
12607,3130934,98.5102985074627,99.05,97.92,201,105,96
12608,3131185,97.77,96.43,99.11,224,112,112
12609,3131408,99.5054455445544,100,98.89,202,112,90
12610,3131497,97.9900502512563,97.27,98.88,199,110,89
12611,3131615,99.4233908045977,98.73,100,174,79,95
12612,3131932,98.1761643835617,97.17,99.12,219,106,113
12613,3132215,98.03,99.14,96.55,203,116,87
12614,3132820,100,100,100,243,123,120
12615,3133243,100,100,100,217,97,120
12616,3133323,100,100,100,224,114,110
12617,3134606,97.97,98.97,97,197,97,100
12618,3134843,99.37,100,98.41,159,96,63
12619,3135215,100,100,100,185,76,109
12620,3135671,100,100,100,199,97,102
12621,3135784,98.4709183673469,100,97.3,196,85,111
12622,3136919,99.46,98.89,100,185,90,95
12623,3137015,98.943544973545,98.84,99.03,189,86,103
12624,3137042,100,100,100,176,99,77
12625,3137176,100,100,100,178,92,86
12626,3137489,99.5169082125604,100,99,207,107,100
12627,3137585,100,100,100,231,121,110
12628,3137779,97.9888944723618,98.85,97.32,199,87,112
12629,3137789,97.92,97.92,97.92,192,96,96
12630,3137830,95.7905263157895,97.5,92.86,190,120,70
12631,3137954,99.4138011695906,100,98.21,171,115,56
12632,3138421,95.4098469387755,96.91,93.94,196,97,99
12633,3138983,98.955445026178,98.84,99.05,191,86,105
12634,3139027,98.9940201005025,98.67,99.19,199,75,124
12635,3139043,100,100,100,229,107,122
12636,3139063,98.539756097561,97.65,99.17,205,85,120
12637,3139087,99.5731914893617,99.15,100,235,118,117
12638,3139836,98.4652873563219,99.2,97.79,261,125,136
12639,3140002,100,100,100,250,126,124
12640,3140399,99.6111627906977,100,99.24,258,126,132
12641,3140587,98.8411627906977,97.06,99.28,172,34,138
12642,3140630,100,100,100,209,98,111
12643,3140710,99.6050393700787,100,99.24,254,122,132
12644,3140928,100,100,100,210,136,74
12645,3141060,100,100,100,257,136,121
12646,3141119,99.5804184100418,99.08,100,239,109,130
12647,3141174,99.6236842105263,99.23,100,266,130,136
12648,3141403,99.6076470588235,100,99.13,255,140,115
12649,3141628,100,100,100,232,129,103
12650,3141650,100,100,100,249,123,126
12651,3142019,99.5615789473684,99.16,100,228,119,109
12652,3142046,99.166875,100,98.45,240,111,129
12653,3142066,100,100,100,225,105,120
12654,3142310,100,100,100,234,109,125
12655,3142519,99.2065338645418,99.17,99.24,251,120,131
12656,3142526,98.9428042328042,99.23,98.31,189,130,59
12657,3142843,100,100,100,238,119,119
12658,3142859,100,100,100,236,121,115
12659,3142966,100,100,100,218,124,94
12660,3143016,100,100,100,253,131,122
12661,3143587,99.4761780104712,100,98.55,191,122,69
12662,3143848,100,100,100,239,117,122
12663,3144001,98.0391176470588,99.12,96.67,204,114,90
12664,3144153,100,100,100,233,115,118
12665,3144166,98.9851269035533,99.23,98.51,197,130,67
12666,3144304,98.1667889908257,95.88,100,218,97,121
12667,3144745,100,100,100,203,133,70
12668,3144790,100,100,100,199,117,82
12669,3145032,100,100,100,208,81,127
12670,3145845,98.9430687830688,97.73,100,189,88,101
12671,3146326,98.5658851674641,100,97.09,209,106,103
12672,3146449,98.9308021390374,98.96,98.9,187,96,91
12673,3146591,98.3305555555555,97.18,99.08,180,71,109
12674,3146904,99.45,100,99.09,182,72,110
12675,3147278,95.8355555555556,98.08,90,144,104,40
12676,3148038,98.36875,95.65,100,184,69,115
12677,3148395,100,100,100,188,121,67
12678,3148774,100,100,100,217,89,128
12679,3148882,100,100,100,235,120,115
12680,3148976,99.5513513513514,100,99.17,222,102,120
12681,3149311,100,100,100,244,121,123
12682,3149587,95.5676354679803,98.17,92.55,203,109,94
12683,3149807,98.3667755102041,96.58,100,245,117,128
12684,3149893,99.0116831683168,97.83,100,202,92,110
12685,3149941,99.1704564315353,100,98.53,241,105,136
12686,3150175,98.2758620689655,94,100,174,50,124
12687,3150355,100,100,100,231,100,131
12688,3150400,100,100,100,200,69,131
12689,3151007,98.626880733945,98.25,99.04,218,114,104
12690,3151310,100,100,100,242,116,126
12691,3152540,99.5255238095238,100,98.94,210,116,94
12692,3152633,98.8062948207171,99.02,98.66,251,102,149
12693,3152785,99.5140776699029,100,99.09,206,96,110
12694,3153274,98.64,100,97.96,147,49,98
12695,3153325,97.0971784232365,100,94.74,241,108,133
12696,3153380,99.5857261410788,100,99.22,241,113,128
12697,3153392,99.130652173913,97.85,100,230,93,137
12698,3153490,92.133595505618,99.19,75.93,178,124,54
12699,3153624,100,100,100,259,127,132
12700,3154119,99.2427272727273,100,98.64,264,117,147
12701,3154142,99.5905306122449,100,99.24,245,113,132
12702,3154407,100,100,100,245,132,113
12703,3154674,99.62,100,99.24,264,132,132
12704,3155288,99.4928934010152,98.65,100,197,74,123
12705,3155312,97.7850922509225,100,95.08,271,149,122
12706,3155497,99.2117322834646,98.59,100,254,142,112
12707,3155698,97.778,94.95,100,225,99,126
12708,3155808,99.5982329317269,100,99.18,249,127,122
12709,3155881,98.7922580645161,97.44,100,248,117,131
12710,3156193,100,100,100,241,156,85
12711,3156992,96.6831753554502,97.3,96.35,211,74,137
12712,3157046,98.9015384615385,100,97.62,273,147,126
12713,3157103,99.5974089068826,100,99.12,247,134,113
12714,3157215,98.7672131147541,99.24,98.21,244,132,112
12715,3157233,99.6345454545455,100,99.25,275,141,134
12716,3157307,99.5448401826484,98.88,100,219,89,130
12717,3157404,99.5098039215686,100,99.2,204,79,125
12718,3157428,100,100,100,222,125,97
12719,3157888,99.1030044843049,99.01,99.18,223,101,122
12720,3157918,95.8724770642202,96.08,95.69,218,102,116
12721,3157960,99.6046031746032,100,99.06,252,146,106
12722,3158337,99.5851037344398,100,98.99,241,142,99
12723,3159203,99.5908196721311,100,98.96,244,148,96
12724,3159456,99.5435616438356,100,98.81,219,135,84
12725,3159635,98.80192,100,97.12,250,146,104
12726,3159678,98.8342412451362,99.3,98.25,257,143,114
12727,3159698,98.7473640167364,99.29,97.98,239,140,99
12728,3159723,98.7173076923077,100,97.39,234,119,115
12729,3159854,99.0669158878505,100,97.92,214,118,96
12730,3159894,97.826,98.55,96.74,230,138,92
12731,3159903,97.4232618025751,96.18,99.02,233,131,102
12732,3159915,98.3211764705882,97.62,99.11,238,126,112
12733,3160020,99.6074509803922,100,99.09,255,145,110
12734,3160137,100,100,100,215,111,104
12735,3160674,100,100,100,241,137,104
12736,3160733,99.5658008658009,100,99.15,231,113,118
12737,3160793,99.522009569378,100,99.1,209,98,111
12738,3160812,98.9687628865979,98.81,99.09,194,84,110
12739,3160911,100,100,100,237,114,123
12740,3160976,98.2282300884956,99.25,96.74,226,134,92
12741,3161033,99.2139763779527,100,98.35,254,133,121
12742,3161117,97.8551931330472,97.37,98.32,233,114,119
12743,3161127,96.2442253521127,94.44,98.1,213,108,105
12744,3161456,99.5966265060241,100,99.19,249,125,124
12745,3161761,99.2083333333333,100,98.25,252,138,114
12746,3161792,99.549596412556,100,98.92,223,130,93
12747,3161896,97.1310526315789,100,92.41,209,130,79
12748,3162846,99.5863636363636,100,99.09,242,132,110
12749,3163135,97.2729090909091,95.54,99.07,220,112,108
12750,3163180,100,100,100,214,120,94
12751,3163758,99.48203125,100,99.15,192,75,117
12752,3163769,99.5331308411215,100,98.97,214,117,97
12753,3163997,100,100,100,251,129,122
12754,3164109,100,100,100,215,102,113
12755,3164144,99.5294811320755,99.25,100,212,133,79
12756,3164201,100,100,100,218,120,98
12757,3164549,100,100,100,206,94,112
12758,3164724,99.6006024096386,100,99.15,249,132,117
12759,3164799,99.592,99.16,100,245,119,126
12760,3164979,99.6064822134387,99.24,100,253,131,122
12761,3165014,99.1653974895397,100,98.17,239,130,109
12762,3165047,100,100,100,223,123,100
12763,3165122,100,100,100,253,127,126
12764,3165291,99.59868,100,99.21,250,123,127
12765,3165362,100,100,100,258,127,131
12766,3165641,100,100,100,192,120,72
12767,3165897,99.2321538461538,98.39,100,260,124,136
12768,3166063,98.2221333333333,100,96.61,225,107,118
12769,3166250,100,100,100,246,118,128
12770,3166298,99.5939271255061,99.15,100,247,118,129
12771,3166558,99.5377777777778,100,99.04,216,112,104
12772,3166768,99.5171014492754,100,99.02,207,105,102
12773,3166930,99.4306857142857,100,98.77,175,94,81
12774,3167074,100,100,100,232,115,117
12775,3167233,100,100,100,222,103,119
12776,3167533,99.0633802816901,100,98.25,213,99,114
12777,3168270,96.0009714285714,96.39,95.65,175,83,92
12778,3168356,98.0429411764706,98.25,97.92,153,57,96
12779,3169303,98.8647727272727,100,97.78,176,86,90
12780,3169455,98.2147619047619,100,96.74,168,76,92
12781,3169972,100,100,100,149,60,89
12782,3170056,100,100,100,192,84,108
12783,3170659,99.4285714285714,98.75,100,175,80,95
12784,3170683,100,100,100,159,89,70
12785,3170863,99.48125,98.8,100,192,83,109
12786,3170976,100,100,100,175,66,109
12787,3171286,100,100,100,186,77,109
12788,3171330,100,100,100,88,73,15
12789,3171334,100,100,100,131,58,73
12790,3171355,100,100,100,175,77,98
12791,3171414,98.8023353293413,96.61,100,167,59,108
12792,3171427,99.4258620689655,98.65,100,174,74,100
12793,3172056,84.7250694444444,71.19,94.12,144,59,85
12794,3172423,86.9938211382114,85.92,88.46,123,71,52
12795,3172719,100,100,100,140,55,85
12796,3172837,99.4410614525139,98.85,100,179,87,92
12797,3172936,98.4131216931217,96.74,100,189,92,97
12798,3173206,100,100,100,179,97,82
12799,3173555,99.3992215568862,98.73,100,167,79,88
12800,3173609,100,100,100,211,111,100
12801,3173657,100,100,100,173,112,61
12802,3173807,99.4786458333333,100,98.57,192,122,70
12803,3173969,98.1922891566265,100,95.16,166,104,62
12804,3173984,99.0238048780488,99.11,98.92,205,112,93
12805,3173994,98.1983783783784,97.5,99.02,222,120,102
12806,3174066,98.5073134328358,98.33,98.77,201,120,81
12807,3174087,99.1170796460177,99.19,99.03,226,123,103
12808,3174104,99.574358974359,99.17,100,234,120,114
12809,3174124,99.515,99.03,100,206,103,103
12810,3174419,99.5452727272727,99.18,100,220,122,98
12811,3174455,98.3316666666667,96.97,99.12,180,66,114
12812,3174780,99.117610619469,98.31,100,226,118,108
12813,3174798,99.5953658536585,100,99.21,246,120,126
12814,3175421,99.5722222222222,99.09,100,234,110,124
12815,3175456,99.1561181434599,100,98.4,237,112,125
12816,3175591,100,100,100,231,114,117
12817,3175635,100,100,100,232,123,109
12818,3175900,100,100,100,267,131,136
12819,3176207,99.6462633451957,100,99.3,281,139,142
12820,3176306,100,100,100,261,123,138
12821,3176630,99.2247286821706,100,98.54,258,121,137
12822,3177078,100,100,100,244,116,128
12823,3177815,97.6443137254902,97.74,97.54,255,133,122
12824,3178079,98.7088362068966,98.26,99.15,232,115,117
12825,3178248,99.5748728813559,99.21,100,236,127,109
12826,3178482,100,100,100,244,124,120
12827,3178496,99.5625,99.25,100,228,133,95
12828,3178577,99.5835146443515,100,99.21,239,113,126
12829,3178593,98.0720289855072,97.35,98.94,207,113,94
12830,3178631,100,100,100,234,107,127
12831,3178733,100,100,100,233,115,118
12832,3179412,99.5991235059761,99.22,100,251,129,122
12833,3180619,99.0280582524272,100,97.87,206,112,94
12834,3180725,100,100,100,240,139,101
12835,3180817,99.5834309623431,99.24,100,239,131,108
12836,3180830,100,100,100,247,145,102
12837,3180895,96.2976851851852,100,92.73,108,53,55
12838,3180899,100,100,100,144,83,61
12839,3180974,100,100,100,229,119,110
12840,3181091,99.0955656108597,99.12,99.07,221,113,108
12841,3181295,100,100,100,237,124,113
12842,3181330,99.1068303571429,98.29,100,224,117,107
12843,3181360,100,100,100,227,124,103
12844,3181493,100,100,100,227,119,108
12845,3181534,99.091,100,97.98,220,121,99
12846,3182112,99.4276,100,98.11,175,122,53
12847,3182495,99.0253658536585,100,97.78,205,115,90
12848,3182514,95.3235087719298,90.48,100,171,84,87
12849,3182676,99.3272483221476,100,98.21,149,93,56
12850,3182862,97.2194444444444,97.89,96.47,180,95,85
12851,3183664,91.3593827160494,96.23,82.14,81,53,28
12852,3183990,99.2970422535211,100,98.39,142,80,62
12853,3184077,100,100,100,143,79,64
12854,3184230,100,100,100,133,75,58
12855,3184248,99.2379389312977,98.51,100,131,67,64
12856,3184336,100,100,100,131,70,61
12857,3184621,99.1869918699187,100,98,123,73,50
12858,3185086,99.0114851485149,100,98.08,101,49,52
12859,3185102,89.0138461538462,78.38,96.3,91,37,54
12860,3185607,95.7635593220339,94.74,96.72,118,57,61
12861,3185733,99.1611764705882,98.39,100,119,62,57
12862,3186020,90.1094505494505,80.56,96.36,91,36,55
12863,3186241,96.2983333333333,98.04,94.74,108,51,57
12864,3186768,99.0116831683168,97.83,100,101,46,55
12865,3186792,100,100,100,107,71,36
12866,3186970,100,100,100,120,65,55
12867,3187069,100,100,100,94,51,43
12868,3187494,98.0596116504854,98.15,97.96,103,54,49
12869,3187712,98.7946987951807,97.56,100,83,41,42
12870,3188001,98.8524137931035,97.44,100,87,39,48
12871,3188644,96.805,97.87,95.74,94,47,47
12872,3189039,92.9821052631579,92.86,93.1,57,28,29
12873,3189156,95.5904411764706,97.3,93.55,68,37,31
12874,3189395,100,100,100,86,39,47
12875,3189969,95.0832786885246,97.5,90.48,61,40,21
12876,3190379,96.2954320987654,100,91.89,81,44,37
12877,3190623,88.6045569620253,86.84,90.24,79,38,41
12878,3191302,97.4703797468354,97.5,97.44,79,40,39
12879,3191404,100,100,100,79,27,52
12880,3191934,90.8055172413793,77.78,100,87,36,51
12881,3192055,96.87390625,94.87,100,64,39,25
12882,3192268,90.48,90.48,90.48,84,42,42
12883,3192695,94.8708547008547,96.77,92.73,117,62,55
12884,3193050,96.2410526315789,94.12,98.46,133,68,65
12885,3193135,96.2977777777778,100,92.65,135,67,68
12886,3193821,98.8038922155689,100,97.65,167,82,85
12887,3193866,98.1783636363636,97.75,98.68,165,89,76
12888,3193987,100,100,100,172,83,89
12889,3194603,99.5283886255924,100,99.07,211,104,107
12890,3195300,95.755,97.17,94.34,212,106,106
12891,3195342,98.1661467889908,99.13,97.09,218,115,103
12892,3195473,97.6974193548387,98.1,97.32,217,105,112
12893,3195483,96.00072,92.31,96.97,125,26,99
12894,3195492,100,100,100,178,87,91
12895,3195837,99.5619213973799,100,99.12,229,115,114
12896,3196223,98.2961363636364,100,95.24,176,113,63
12897,3196263,100,100,100,241,124,117
12898,3196367,100,100,100,188,113,75
12899,3196404,99.1820408163265,100,98.33,245,125,120
12900,3196688,97.0289108910891,93.18,100,202,88,114
12901,3197119,100,100,100,229,96,133
12902,3197254,100,100,100,209,123,86
12903,3197539,97.1393333333333,98.11,96.15,210,106,104
12904,3197710,99.6027777777778,100,99.23,252,122,130
12905,3197899,99.5096078431372,100,98.78,204,122,82
12906,3198214,100,100,100,248,125,123
12907,3199009,99.6268656716418,99.2,100,268,125,143
12908,3199117,99.2464528301887,99.21,99.28,265,127,138
12909,3199805,100,100,100,266,129,137
12910,3199877,100,100,100,266,119,147
12911,3200120,99.6325,100,99.32,272,125,147
12912,3200633,100,100,100,257,108,149
12913,3201022,94.0935433070866,100,88.72,254,121,133
12914,3201225,99.2503007518797,98.31,100,266,118,148
12915,3201331,100,100,100,197,107,90
12916,3201444,100,100,100,217,79,138
12917,3201496,99.2478195488722,98.36,100,266,122,144
12918,3201606,99.5267924528302,98.68,100,212,76,136
12919,3201789,100,100,100,214,77,137
12920,3201811,99.604347826087,99.09,100,253,110,143
12921,3202150,99.2322393822394,99.15,99.3,259,117,142
12922,3202165,100,100,100,256,122,134
12923,3202234,98.0942857142857,93.1,100,210,58,152
12924,3202282,100,100,100,237,90,147
12925,3202657,100,100,100,247,98,149
12926,3202807,99.117389380531,99.16,99.07,226,119,107
12927,3203499,98.4662068965517,100,97.22,261,117,144
12928,3203854,99.1578571428571,100,98.47,238,107,131
12929,3203966,99.2328735632184,100,98.59,261,119,142
12930,3203977,99.2493233082707,100,96.88,133,101,32
12931,3204718,99.5695278969957,100,99.15,233,115,118
12932,3204788,99.542100456621,100,99.08,219,110,109
12933,3205055,99.0787096774194,100,98.04,217,115,102
12934,3205210,99.5922764227642,100,99.15,246,128,118
12935,3205301,99.0663551401869,97.78,100,214,90,124
12936,3205322,92.9610552763819,96.15,89.47,199,104,95
12937,3205825,91.1210280373832,90.35,92,214,114,100
12938,3205858,96.6378365384615,96.4,96.91,208,111,97
12939,3206135,100,100,100,214,109,105
12940,3207331,98.1128301886792,97.22,99.04,212,108,104
12941,3207380,98.6133333333333,100,97.66,216,88,128
12942,3207395,97.7022988505747,98,97.3,174,100,74
12943,3207408,97.8179912663755,97.2,98.36,229,107,122
12944,3207437,99.5105882352941,100,98.96,204,108,96
12945,3207491,99.523981042654,100,99.07,211,103,108
12946,3207509,98.4836363636364,97.78,99.07,198,90,108
12947,3207519,96.2992063492063,94.37,97.46,189,71,118
12948,3207930,99.0845205479452,100,98.37,219,96,123
12949,3207947,98.6902620087336,96.63,100,229,89,140
12950,3208153,99.5884773662551,100,99.2,243,118,125
12951,3208165,99.5540358744395,100,99.15,223,106,117
12952,3208471,99.1053571428571,98.33,100,224,120,104
12953,3208820,100,100,100,238,116,122
12954,3209584,100,100,100,235,120,115
12955,3209630,100,100,100,235,104,131
12956,3209776,100,100,100,233,119,114
12957,3210224,99.0316425120773,100,97.89,207,112,95
12958,3210368,99.5065346534654,100,98.88,202,113,89
12959,3210394,100,100,100,242,104,138
12960,3211020,94.4134636871508,82.35,99.22,179,51,128
12961,3211141,100,100,100,237,106,131
12962,3211168,98.4111111111111,96.15,100,63,26,37
12963,3211173,100,100,100,187,108,79
12964,3211317,100,100,100,229,102,127
12965,3211428,99.5262559241706,100,99.02,211,109,102
12966,3211681,100,100,100,211,64,147
12967,3211699,100,100,100,212,97,115
12968,3211981,100,100,100,237,96,141
12969,3212248,100,100,100,244,108,136
12970,3212879,99.075,100,98.52,216,81,135
12971,3213162,97.6546875,98.57,96.55,128,70,58
12972,3213167,96.8492913385827,100,94.87,127,49,78
12973,3213188,99.1939112903226,99.1,99.27,248,111,137
12974,3213237,99.1621338912134,99.05,99.25,239,105,134
12975,3213425,99.1004484304933,99.12,99.08,223,114,109
12976,3213467,100,100,100,244,120,124
12977,3213492,99.1578481012658,99.04,99.25,237,104,133
12978,3213525,95.165,91.94,98.39,124,62,62
12979,3213530,100,100,100,177,94,83
12980,3213564,98.8600760456274,99.17,98.6,263,120,143
12981,3213612,100,100,100,226,93,133
12982,3213791,99.5947580645161,100,99.25,248,114,134
12983,3213905,99.524028436019,100,99.17,211,90,121
12984,3214349,99.5372222222222,99.02,100,216,102,114
12985,3214361,99.5423853211009,99.14,100,218,116,102
12986,3214380,99.5797907949791,99.17,100,239,121,118
12987,3214526,99.5784453781513,100,99.21,238,111,127
12988,3214544,97.3452212389381,97.32,97.37,226,112,114
12989,3214577,98.7223829787234,98.2,99.19,235,111,124
12990,3214814,99.59752,100,99.22,250,121,129
12991,3214901,100,100,100,225,108,117
12992,3216336,99.5414678899083,100,98.81,218,134,84
12993,3216450,100,100,100,245,127,118
12994,3217352,98.1660550458716,99.06,97.32,218,106,112
12995,3217364,100,100,100,186,109,77
12996,3217542,99.5768085106383,100,99.15,235,118,117
12997,3217659,99.0891780821918,98.96,99.19,219,96,123
12998,3217740,98.946052631579,97.75,100,190,89,101
12999,3218064,99.521961722488,100,99.03,209,106,103
13000,3218709,100,100,100,209,108,101
13001,3219002,98.6323287671233,100,97.12,219,115,104
13002,3219172,92.668,93.62,91.07,150,94,56
13003,3219419,98.3162921348315,100,95.95,178,104,74
13004,3219573,100,100,100,201,101,100
13005,3219861,100,100,100,206,103,103
13006,3220199,100,100,100,214,105,109
13007,3220298,99.4857731958763,100,99.14,194,78,116
13008,3220629,98.3161797752809,97.92,98.78,178,96,82
13009,3220766,98.587641509434,97.98,99.12,212,99,113
13010,3220817,99.366582278481,97.22,100,158,36,122
13011,3220909,100,100,100,173,68,105
13012,3221335,97.4997,98.78,96.61,200,82,118
13013,3221539,96.5319075144509,94.34,97.5,173,53,120
13014,3221586,96.9527918781726,100,93.33,197,107,90
13015,3221694,96.035,100,94.51,126,35,91
13016,3221701,99.0271844660194,99.07,98.98,206,108,98
13017,3221718,99.4951515151515,100,99.16,198,79,119
13018,3221935,100,100,100,225,100,125
13019,3222511,98.3145569620253,97.37,99.19,237,114,123
13020,3223221,99.5560714285714,100,99.12,224,111,113
13021,3223423,100,100,100,264,135,129
13022,3223617,100,100,100,232,130,102
13023,3223666,99.622641509434,99.2,100,265,125,140
13024,3223696,100,100,100,260,124,136
13025,3223711,99.2211627906977,99.19,99.25,258,124,134
13026,3223771,99.1084444444444,98.9,99.25,225,91,134
13027,3223882,100,100,100,228,101,127
13028,3223953,99.5933469387755,100,99.19,245,122,123
13029,3224062,100,100,100,259,126,133
13030,3224280,96.9720202020202,99.01,94.85,198,101,97
13031,3224376,96.43,99.11,93.75,224,112,112
13032,3224386,99.5598678414097,100,99.03,227,124,103
13033,3224455,100,100,100,238,130,108
13034,3224613,100,100,100,235,130,105
13035,3224797,100,100,100,236,116,120
13036,3224835,100,100,100,244,123,121
13037,3224913,99.1698340248963,100,98.29,241,124,117
13038,3224934,98.3139662447257,99.22,97.25,237,128,109
13039,3224988,99.5982661290323,100,99.19,248,125,123
13040,3225045,99.5933469387755,100,99.19,245,122,123
13041,3225223,100,100,100,238,116,122
13042,3225526,99.002,99.17,98.75,200,120,80
13043,3225728,99.5947967479675,100,99.11,246,134,112
13044,3226402,96.0176991150443,98.36,93.27,226,122,104
13045,3226804,99.4483977900553,98.44,100,181,64,117
13046,3226846,99.0067821782178,99.22,98.63,202,129,73
13047,3226930,100,100,100,252,136,116
13048,3227028,98.6998268398268,99.2,98.11,231,125,106
13049,3227248,99.3837037037037,98.08,100,162,52,110
13050,3227260,99.4969,99.22,100,200,129,71
13051,3227312,98.6479279279279,97.32,100,222,112,110
13052,3227408,99.5591150442478,100,99.06,226,120,106
13053,3228270,99.0253658536585,98.15,100,205,108,97
13054,3228417,99.5776371308017,100,99.09,237,127,110
13055,3228828,95.1214634146341,88,99.23,205,75,130
13056,3229030,99.2,99.2,99.2,250,125,125
13057,3229057,100,100,100,229,126,103
13058,3229351,99.6222053231939,99.31,100,263,144,119
13059,3229513,100,100,100,275,144,131
13060,3229686,99.6003187250996,99.12,100,251,114,137
13061,3229815,100,100,100,255,114,141
13062,3230010,100,100,100,259,138,121
13063,3230248,99.2970422535211,100,97.83,142,96,46
13064,3230611,99.1967871485944,98.4,100,249,125,124
13065,3230917,98.4371875,97.73,99.19,256,132,124
13066,3231016,100,100,100,269,135,134
13067,3231905,100,100,100,273,135,138
13068,3232073,99.6384892086331,100,99.25,278,144,134
13069,3232085,99.592,100,99.16,245,126,119
13070,3232169,99.2929328621908,100,98.55,283,145,138
13071,3232539,100,100,100,231,91,140
13072,3232658,99.5851037344398,100,99.01,241,140,101
13073,3232695,98.4678571428571,97.69,100,196,130,66
13074,3232919,100,100,100,242,116,126
13075,3232970,100,100,100,253,132,121
13076,3233019,99.2421212121212,99.28,99.2,264,139,125
13077,3233045,99.5928571428571,100,99.25,245,112,133
13078,3233060,99.5709482758621,99.21,100,232,126,106
13079,3233090,97.2972972972973,100,84,148,123,25
13080,3233094,98.782012195122,100,97.65,164,79,85
13081,3233264,97.06,100,90.2,170,119,51
13082,3233315,100,100,100,192,93,99
13083,3233399,100,100,100,264,138,126
13084,3233438,98.3729674796748,98.13,98.56,246,107,139
13085,3233489,99.5081862745098,98.73,100,204,79,125
13086,3233531,100,100,100,247,116,131
13087,3233854,100,100,100,227,128,99
13088,3233878,99.5561946902655,100,99.15,226,108,118
13089,3233992,99.59984,100,99.18,250,128,122
13090,3234013,99.0464285714286,100,97.75,210,121,89
13091,3234031,98.2974893617021,98.36,98.23,235,122,113
13092,3235016,100,100,100,233,126,107
13093,3235033,99.5298113207547,100,99.11,212,100,112
13094,3235174,92.8578571428571,100,72.73,168,124,44
13095,3235541,99.5217142857143,100,98.92,210,117,93
13096,3235727,99.0125615763547,100,97.89,203,108,95
13097,3236117,99.1450214592275,99.14,99.15,233,116,117
13098,3236152,98.6470135746606,99.07,98.25,221,107,114
13099,3236179,98.2553711790393,97.12,99.2,229,104,125
13100,3236260,99.0605633802817,100,98.26,213,98,115
13101,3236311,99.5511711711712,100,99.06,222,116,106
13102,3236649,99.5657641921397,99.12,100,229,113,116
13103,3236879,97.818384279476,100,95.73,229,112,117
13104,3236906,99.1450214592275,99.15,99.14,233,117,116
13105,3237344,98.1281308411215,99.08,97.14,214,109,105
13106,3238045,99.5022885572139,100,99.18,201,79,122
13107,3238116,99.5396296296296,99.12,100,216,113,103
13108,3238197,100,100,100,218,108,110
13109,3238247,99.1485106382979,99.09,99.2,235,110,125
13110,3238403,96.9845226130653,100,94.23,199,95,104
13111,3238797,96.8620627802691,96.4,97.32,223,111,112
13112,3238967,100,100,100,262,127,135
13113,3239006,100,100,100,253,132,121
13114,3239312,100,100,100,245,102,143
13115,3239936,96.4934210526316,100,93.85,228,98,130
13116,3240046,98.3470661157025,99.12,97.67,242,113,129
13117,3240412,99.5846473029046,100,99.23,241,111,130
13118,3240794,97.3978125,98.04,96.67,192,102,90
13119,3240911,98.5214285714286,96.55,100,203,87,116
13120,3240997,100,100,100,239,98,141
13121,3241157,97.117695473251,95.19,98.56,243,104,139
13122,3241241,98.3695102040816,98.28,98.45,245,116,129
13123,3241852,99.0619718309859,100,98.2,213,102,111
13124,3241963,100,100,100,214,110,104
13125,3241987,97.5480392156863,94.29,99.25,204,70,134
13126,3242299,97.6434433962264,100,95.73,212,95,117
13127,3242307,100,100,100,232,103,129
13128,3242623,99.5516071428571,98.92,100,224,93,131
13129,3242647,99.5908943089431,100,99.26,246,110,136
13130,3242670,99.5832365145228,100,99.19,241,117,124
13131,3242799,100,100,100,210,108,102
13132,3242896,100,100,100,235,122,113
13133,3242938,100,100,100,222,101,121
13134,3242986,99.5779661016949,100,99.17,236,116,120
13135,3243000,98.2253846153846,98.18,98.31,169,110,59
13136,3243021,98.9939698492462,97.4,100,199,77,122
13137,3243051,99.3971084337349,97.22,100,166,36,130
13138,3243057,98.9095652173913,99.19,98.33,184,124,60
13139,3243298,99.1544303797468,98.33,100,237,120,117
13140,3243444,100,100,100,245,113,132
13141,3243587,99.4952284263959,99.12,100,197,113,84
13142,3243654,100,100,100,220,109,111
13143,3244061,100,100,100,204,66,138
13144,3244233,98.6252293577982,96.67,100,218,90,128
13145,3244260,100,100,100,235,98,137
13146,3244568,100,100,100,233,129,104
13147,3244843,93.7733777777778,90.38,96.69,225,104,121
13148,3245257,99.168125,100,98.35,240,119,121
13149,3245569,100,100,100,214,84,130
13150,3245890,99.5694420600858,99.12,100,233,114,119
13151,3245971,99.5551785714286,99.06,100,224,106,118
13152,3246016,99.1716182572614,100,98.39,241,117,124
13153,3246118,99.0619718309859,100,97.78,213,123,90
13154,3246178,99.5730769230769,100,99.1,234,123,111
13155,3246503,99.5581497797357,100,99.15,227,109,118
13156,3247238,99.5638596491228,99.12,100,228,113,115
13157,3247268,100,100,100,212,103,109
13158,3247318,99.5262559241706,98.98,100,211,98,113
13159,3248271,99.0321739130435,100,98.11,207,101,106
13160,3249071,96.9537055837563,99.08,94.32,197,109,88
13161,3249174,99.065046728972,99.07,99.06,214,108,106
13162,3250050,98.0107462686567,98.88,97.32,201,89,112
13163,3250128,99.5396313364055,99.1,100,217,111,106
13164,3250147,99.4008982035928,99.13,100,167,115,52
13165,3250195,100,100,100,194,108,86
13166,3250260,95.834375,86.05,100,144,43,101
13167,3251181,98.1891402714932,99.1,97.27,221,111,110
13168,3251234,100,100,100,208,105,103
13169,3251394,98.9052459016393,98.92,98.89,183,93,90
13170,3251772,97.1003623188406,92.45,100,138,53,85
13171,3251870,94.1598540145985,97.7,88,137,87,50
13172,3251892,99.4299428571428,98.84,100,175,86,89
13173,3251970,96.6312359550562,96.34,96.88,178,82,96
13174,3252650,94.0747407407407,90.57,96.34,135,53,82
13175,3253245,92.79792,78.38,98.86,125,37,88
13176,3253409,98.89,97.78,100,180,90,90
13177,3253678,100,100,100,175,76,99
13178,3253730,99.3690566037736,98.68,100,159,76,83
13179,3254158,94.030447761194,94,94.12,67,50,17
13180,3254162,100,100,100,110,45,65
13181,3255323,97.4572881355932,97.92,97.14,118,48,70
13182,3255380,100,100,100,214,104,110
13183,3255588,99.5122058823529,99.07,100,204,107,97
13184,3255600,99.4888205128205,100,98.88,195,106,89
13185,3255923,99.5540807174888,100,99.12,223,110,113
13186,3256050,98.4133333333333,100,96.43,189,105,84
13187,3256086,100,100,100,209,109,100
13188,3256293,99.3421052631579,98.75,100,152,80,72
13189,3256797,98.4939698492462,100,95.95,199,125,74
13190,3256974,98.9742564102564,97.26,100,195,73,122
13191,3257283,100,100,100,210,113,97
13192,3257505,99.1414655172414,99.21,99.06,232,126,106
13193,3257919,98.49975,100,96.47,200,115,85
13194,3258230,91.14625,96.3,84.52,192,108,84
13195,3258376,100,100,100,235,114,121
13196,3258504,100,100,100,199,117,82
13197,3258859,98.2175,96.83,99.05,168,63,105
13198,3258882,99.5107317073171,99.15,100,205,118,87
13199,3259264,100,100,100,226,101,125
13200,3259402,99.1737603305785,100,98.45,242,113,129
13201,3259506,98.635,100,97.14,220,115,105
13202,3259557,97.9242738589212,95.65,100,241,115,126
13203,3259871,98.1981081081081,100,96.46,222,109,113
13204,3259932,99.5536,100,99.07,225,117,108
13205,3259967,100,100,100,209,120,89
13206,3259986,100,100,100,199,120,79
13207,3260370,100,100,100,236,127,109
13208,3260416,99.5681385281385,99.14,100,231,116,115
13209,3260859,100,100,100,206,110,96
13210,3260964,100,100,100,218,103,115
13211,3261195,99.410650887574,100,98.8,169,86,83
13212,3261229,97.4083419689119,95.65,99.01,193,92,101
13213,3261391,100,100,100,198,108,90
13214,3261469,99.0904566210045,99.11,99.07,219,112,107
13215,3261486,98.5079104477612,98.57,98.44,134,70,64
13216,3261490,96.457610619469,95.77,97.62,113,71,42
13217,3261768,99.4603243243243,100,98.72,185,107,78
13218,3261798,100,100,100,190,100,90
13219,3261987,99.5262559241706,99.02,100,211,102,109
13220,3263912,100,100,100,188,91,97
13221,3264392,100,100,100,162,76,86
13222,3264470,100,100,100,170,85,85
13223,3264544,98.6927450980392,98.81,98.55,153,84,69
13224,3264869,98.1122641509434,100,93.33,106,76,30
13225,3265081,89.7815328467153,86.15,93.06,137,65,72
13226,3265513,99.2411363636364,100,98.41,132,69,63
13227,3265564,100,100,100,131,70,61
13228,3266011,90.8265137614679,93.85,86.36,109,65,44
13229,3266719,94.9387341772152,96.08,92.86,79,51,28
13230,3267519,89.23,97.87,66.67,65,47,18
13231,3267643,95.9981333333333,93.02,100,75,43,32
13232,3267665,100,100,100,61,31,30
13233,3267720,94.4441666666667,95.24,93.33,72,42,30
13234,3268085,92.1580392156863,92,92.31,51,25,26
13235,3268368,90.91,90.91,90.91,66,44,22
13236,3268714,91.5677108433735,95.56,86.84,83,45,38
13237,3268869,92.0006666666667,92.5,91.43,75,40,35
13238,3270426,99.3231756756757,100,98.41,148,85,63
13239,3270905,100,100,100,151,75,76
13240,3271231,99.37475,100,98.78,160,78,82
13241,3271456,100,100,100,145,74,71
13242,3271535,99.34375,100,98.67,152,77,75
13243,3271924,99.3720754716981,98.44,100,159,64,95
13244,3272035,100,100,100,182,95,87
13245,3272050,99.3654140127389,98.77,100,157,81,76
13246,3272480,98.3764864864865,97.89,98.89,185,95,90
13247,3272594,100,100,100,198,93,105
13248,3272841,98.0133774834437,100,94.34,151,98,53
13249,3273021,100,100,100,174,96,78
13250,3273967,100,100,100,170,84,86
13251,3274296,98.8300584795322,98.82,98.84,171,85,86
13252,3274321,99.21953125,98.65,100,128,74,54
13253,3274570,98.6471621621622,97.18,100,148,71,77
13254,3274809,100,100,100,152,82,70
13255,3275168,98.4827272727273,98.61,98.33,132,72,60
13256,3275537,100,100,100,138,80,58
13257,3275757,100,100,100,172,91,81
13258,3276062,97.2034965034965,100,93.55,143,81,62
13259,3276204,100,100,100,149,74,75
13260,3276266,100,100,100,158,92,66
13261,3276798,98.0625806451613,100,95.45,155,89,66
13262,3277189,97.1,95.4,100,138,87,51
13263,3277443,95.5227611940298,94.55,96.2,134,55,79
13264,3277938,99.410650887574,100,98.8,169,86,83
13265,3277965,98.5702857142857,97.22,100,140,72,68
13266,3278016,99.3813664596273,100,98.8,161,78,83
13267,3278093,98.8877777777778,98.46,100,90,65,25
13268,3278097,100,100,100,78,48,30
13269,3278159,100,100,100,174,94,80
13270,3278457,99.16,98.04,100,119,51,68
13271,3278487,100,100,100,142,65,77
13272,3278513,99.2196875,100,97.73,128,84,44
13273,3278523,98.5634532374101,98.88,98,139,89,50
13274,3278558,100,100,100,180,94,86
13275,3278601,99.3912195121951,100,98.72,164,86,78
13276,3278808,95.6133333333333,94.74,96.05,114,38,76
13277,3279317,100,100,100,116,34,82
13278,3279413,97.5471165644172,97.26,97.78,163,73,90
13279,3279608,100,100,100,183,95,88
13280,3279968,100,100,100,191,94,97
13281,3280063,100,100,100,191,103,88
13282,3280338,99.5026865671642,98.81,100,201,84,117
13283,3280382,95.9076608187134,100,92.31,171,80,91
13284,3280440,97.9029370629371,100,93.88,143,94,49
13285,3280834,100,100,100,174,69,105
13286,3281290,99.4847422680412,100,99.02,194,92,102
13287,3281529,100,100,100,149,104,45
13288,3281688,95.7342682926829,98.84,92.31,164,86,78
13289,3281819,91.445,93.42,89.47,152,76,76
13290,3282033,98.8775280898876,100,97.78,178,88,90
13291,3282057,100,100,100,180,87,93
13292,3282141,99.3251351351351,100,97.73,148,104,44
13293,3282244,100,100,100,206,103,103
13294,3282297,100,100,100,197,95,102
13295,3282311,100,100,100,173,81,92
13296,3282387,99.4777083333333,98.91,100,192,92,100
13297,3282426,99.408875739645,98.89,100,169,90,79
13298,3282475,100,100,100,204,102,102
13299,3282549,99.50045,98.97,100,200,97,103
13300,3282580,99.4092307692308,98.96,100,169,96,73
13301,3282594,99.3913414634146,98.39,100,164,62,102
13302,3282654,98.9161413043478,98.95,98.88,184,95,89
13303,3282850,98.4831818181818,100,97.87,132,38,94
13304,3282856,98.8426011560694,98.97,98.68,173,97,76
13305,3283135,98.7860606060606,98.75,98.82,165,80,85
13306,3283233,96.912962962963,95.59,97.87,162,68,94
13307,3283242,98.3218994413408,97.7,98.91,179,87,92
13308,3283268,100,100,100,115,32,83
13309,3283278,100,100,100,154,81,73
13310,3283326,100,100,100,186,97,89
13311,3283449,100,100,100,173,80,93
13312,3283609,100,100,100,168,82,86
13313,3283906,98.8022155688623,100,97.59,167,84,83
13314,3284413,97.22,98.61,95.83,144,72,72
13315,3284555,99.2240310077519,98.57,100,129,70,59
13316,3284621,88.6375,66.67,100,88,30,58
13317,3285315,100,100,100,144,79,65
13318,3285483,99.285,98.7,100,140,77,63
13319,3285598,98.4872727272727,96.88,100,132,64,68
13320,3285964,98.386935483871,100,97.26,124,51,73
13321,3286021,99.20128,98.72,100,125,78,47
13322,3286042,98.6023076923077,97.47,100,143,79,64
13323,3286396,100,100,100,136,74,62
13324,3286538,98.3877419354839,98.61,98.08,124,72,52
13325,3286855,100,100,100,100,52,48
13326,3286937,93.1010344827586,92.42,94,116,66,50
13327,3287882,100,100,100,124,52,72
13328,3288189,97.7432330827068,100,95.65,133,64,69
13329,3288492,96.6915702479339,98.33,95.08,121,60,61
13330,3288643,98.5295588235294,96.97,100,136,66,70
13331,3288735,96.3216176470588,95.52,97.1,136,67,69
13332,3288995,98.7178205128205,100,97.26,156,83,73
13333,3289210,98.7903636363636,98.77,98.81,165,81,84
13334,3289502,95.5957232704402,91.46,100,159,82,77
13335,3289747,99.4139411764706,100,98.77,170,89,81
13336,3289790,100,100,100,157,81,76
13337,3290065,98.230796460177,100,95.24,113,71,42
13338,3290483,97.7116,98.86,96.55,175,88,87
13339,3290582,97.1650354609929,100,94.37,141,70,71
13340,3290906,99.4459668508287,98.91,100,181,92,89
13341,3290996,98.2971590909091,96.3,100,176,81,95
13342,3291098,100,100,100,165,90,75
13343,3291248,98.1576687116564,100,95.45,163,97,66
13344,3292317,97.2971351351351,97.83,96.77,185,92,93
13345,3292995,100,100,100,191,97,94
13346,3293036,100,100,100,135,95,40
13347,3293219,99.4969696969697,100,99.17,198,78,120
13348,3293497,99.0049751243781,98,100,201,100,101
13349,3293586,99.3175510204082,100,98.68,147,71,76
13350,3293979,100,100,100,204,94,110
13351,3294016,100,100,100,203,105,98
13352,3294049,98.5717857142857,93.55,100,140,31,109
13353,3294072,99.4022754491018,100,98.39,167,105,62
13354,3294373,99.5235714285714,100,99.13,210,95,115
13355,3294510,99.5526457399103,100,99.14,223,107,116
13356,3294744,100,100,100,211,87,124
13357,3294766,100,100,100,198,84,114
13358,3295059,99.5145853658536,100,99.07,205,98,107
13359,3295541,97.7793333333333,98.61,96.83,135,72,63
13360,3295545,97.4351282051282,85.71,100,117,21,96
13361,3295998,98.0964761904762,99.01,97.25,210,101,109
13362,3296083,98.8235294117647,97.5,100,255,120,135
13363,3296289,99.5083333333333,98.82,100,204,85,119
13364,3296359,97.9582653061224,96.97,98.46,98,33,65
13365,3296364,100,100,100,140,92,48
13366,3296790,99.0736574074074,100,98.13,216,109,107
13367,3297444,97.1760451977401,100,92.96,177,106,71
13368,3297855,100,100,100,223,111,112
13369,3297882,99.4007185628742,100,98.61,167,95,72
13370,3297924,100,100,100,226,98,128
13371,3298391,99.4291428571428,100,98.65,175,101,74
13372,3298664,99.535,100,99.07,214,107,107
13373,3298700,100,100,100,220,98,122
13374,3299304,99.5917959183673,100,99.27,245,108,137
13375,3299352,100,100,100,249,105,144
13376,3299392,100,100,100,214,75,139
13377,3299416,100,100,100,217,82,135
13378,3299446,100,100,100,178,48,130
13379,3299659,100,100,100,181,109,72
13380,3299990,99.5408294930876,99.06,100,217,106,111
13381,3300023,99.4967676767677,100,98.94,198,104,94
13382,3300132,100,100,100,208,82,126
13383,3300372,99.4611891891892,100,98.88,185,96,89
13384,3300420,99.5372222222222,100,99.02,216,114,102
13385,3300660,100,100,100,229,105,124
13386,3300959,100,100,100,151,108,43
13387,3300989,100,100,100,231,114,117
13388,3301761,100,100,100,194,88,106
13389,3302133,100,100,100,169,88,81
13390,3302377,99.4617741935484,98.59,100,186,71,115
13391,3302775,99.0445454545454,98.94,99.13,209,94,115
13392,3303482,97.5624390243903,97.06,98.06,205,102,103
13393,3303539,98.5346341463415,99.15,97.7,205,118,87
13394,3303637,99.5736752136752,99.14,100,234,116,118
13395,3303896,100,100,100,226,99,127
13396,3304241,100,100,100,251,118,133
13397,3304339,100,100,100,246,119,127
13398,3304885,99.6196197718631,99.18,100,263,122,141
13399,3304969,99.5926229508197,100,99.29,244,104,140
13400,3305155,100,100,100,205,129,76
13401,3305672,99.1926612903226,100,98.58,248,107,141
13402,3306439,100,100,100,231,107,124
13403,3306475,99.4993467336683,98.77,100,199,81,118
13404,3306545,100,100,100,225,94,131
13405,3306601,100,100,100,245,118,127
13406,3306658,100,100,100,154,33,121
13407,3306664,100,100,100,181,122,59
13408,3307331,100,100,100,213,130,83
13409,3307478,98.1152830188679,96.63,99.19,212,89,123
13410,3307654,99.5098039215686,100,99,204,104,100
13411,3307792,97.4895979899497,99.22,94.37,199,128,71
13412,3307831,99.1085714285714,98.44,100,224,128,96
13413,3307919,98.3027966101695,98.46,98.11,236,130,106
13414,3308436,99.0455980861244,98.17,100,209,109,100
13415,3308445,96.2964021164021,100,88.71,189,127,62
13416,3308469,99.0642523364486,100,97.75,214,125,89
13417,3308512,100,100,100,206,97,109
13418,3308547,98.1909049773756,98.23,98.15,221,113,108
13419,3309129,99.5262559241706,98.98,100,211,98,113
13420,3309325,100,100,100,246,124,122
13421,3309475,98.6285388127854,99.23,97.75,219,130,89
13422,3309490,98.084019138756,100,95.74,209,115,94
13423,3309547,100,100,100,243,128,115
13424,3309616,100,100,100,256,130,126
13425,3309711,99.597004048583,100,99.21,247,121,126
13426,3309799,100,100,100,214,118,96
13427,3310198,100,100,100,227,124,103
13428,3310270,99.14,98.28,100,232,116,116
13429,3310641,100,100,100,234,127,107
13430,3310897,100,100,100,212,109,103
13431,3311155,98.0656521739131,96.97,99.07,207,99,108
13432,3311225,97,100,92.5,200,120,80
13433,3311318,97.8439655172414,95.9,100,232,122,110
13434,3311538,97.666214953271,97.35,98.02,214,113,101
13435,3311578,98.7025974025974,100,97.3,231,120,111
13436,3311722,98.2402643171806,98.39,98.06,227,124,103
13437,3311737,97.0881067961165,93.55,100,206,93,113
13438,3312064,99.0604694835681,99.08,99.04,213,109,104
13439,3312413,98.7095708154506,99.21,98.11,233,127,106
13440,3312494,98.6312785388128,97.25,100,219,109,110
13441,3313092,100,100,100,250,134,116
13442,3313123,98.2283185840708,96.36,100,226,110,116
13443,3313361,98.5297549019608,100,96.63,204,115,89
13444,3313385,98.498,98.33,98.75,200,120,80
13445,3313532,100,100,100,216,136,80
13446,3313723,100,100,100,174,75,99
13447,3313856,100,100,100,221,124,97
13448,3313904,98.552077294686,99.16,97.73,207,119,88
13449,3314491,98.5725,97.14,99.05,140,35,105
13450,3314497,99.4220231213873,100,96.97,173,140,33
13451,3314516,99.115575221239,99.18,99.04,226,122,104
13452,3314696,99.5942857142857,99.3,100,245,142,103
13453,3314965,100,100,100,210,129,81
13454,3315080,100,100,100,157,120,37
13455,3315193,100,100,100,226,129,97
13456,3315283,100,100,100,240,137,103
13457,3315730,99.0368269230769,98.41,100,208,126,82
13458,3316129,99.55375,100,98.98,224,126,98
13459,3316153,100,100,100,223,131,92
13460,3316204,99.4873711340206,99.15,100,194,117,77
13461,3316228,100,100,100,220,129,91
13462,3316460,100,100,100,178,88,90
13463,3316789,99.504900990099,100,98.63,202,129,73
13464,3316840,99.4918274111675,100,98.59,197,126,71
13465,3316910,99.4188372093023,98.98,100,172,98,74
13466,3317042,100,100,100,212,118,94
13467,3317068,100,100,100,182,95,87
13468,3317143,99.5139512195122,100,98.94,205,111,94
13469,3317242,99.5307009345794,99.17,100,214,121,93
13470,3317377,96.551724137931,100,75,87,75,12
13471,3317381,97.4127586206897,100,95.08,116,55,61
13472,3317399,97.9715736040609,96.3,100,197,108,89
13473,3317633,98.4875757575758,98.25,98.81,198,114,84
13474,3317761,97.2839130434783,96.59,97.92,184,88,96
13475,3317809,99.4138823529412,99.06,100,170,106,64
13476,3318242,92.9101418439716,87.1,97.47,141,62,79
13477,3318391,97.4190967741935,94.52,100,155,73,82
13478,3318802,100,100,100,159,83,76
13479,3318847,100,100,100,170,95,75
13480,3319253,99.4488950276243,100,98.95,181,86,95
13481,3319330,100,100,100,153,65,88
13482,3319702,99.4570810810811,100,98.92,185,92,93
13483,3319835,99.3558709677419,100,98.44,155,91,64
13484,3320219,97.8865492957746,97.1,98.63,142,69,73
13485,3320375,93.7983720930233,95.31,92.31,129,64,65
13486,3320450,94.816,100,87.04,135,81,54
13487,3320841,97.1634042553192,100,93.94,141,75,66
13488,3321311,85.8460377358491,96.1,58.62,106,77,29
13489,3321693,81.8887401574803,88.75,70.21,127,80,47
13490,3322447,95.683309352518,93.22,97.5,139,59,80
13491,3322919,97.2233333333333,100,92.86,144,88,56
13492,3323079,99.4359322033898,98.96,100,177,96,81
13493,3323286,100,100,100,124,58,66
13494,3323291,97.7290909090909,97.92,97.5,88,48,40
13495,3323336,96.7466666666667,100,90.24,123,82,41
13496,3323366,99.4357303370786,98.92,100,178,93,85
13497,3323661,98.3256424581006,97.85,98.84,179,93,86
13498,3324009,98.2457894736842,98.73,97.83,171,79,92
13499,3324634,97.5784848484848,98.39,97.09,165,62,103
13500,3324751,99.50005,100,98.99,200,101,99
13501,3324769,100,100,100,119,24,95
13502,3324853,100,100,100,174,70,104
13503,3325503,100,100,100,218,104,114
13504,3325649,100,100,100,203,105,98
13505,3325947,100,100,100,211,102,109
13506,3326385,99.4504945054945,100,98.63,182,109,73
13507,3326496,98.0392156862745,100,95,51,31,20
13508,3326501,100,100,100,160,98,62
13509,3326586,100,100,100,186,69,117
13510,3326714,99.4944444444445,100,98.9,198,107,91
13511,3327401,99.08,99.08,99.08,218,109,109
13512,3327416,99.0718518518518,100,98.21,216,104,112
13513,3327953,99.5300469483568,100,99.09,213,103,110
13514,3327973,99.5086206896552,99.05,100,203,105,98
13515,3328324,99.5625,100,99.05,228,123,105
13516,3329285,99.487641025641,99.03,100,195,103,92
13517,3329852,100,100,100,222,109,113
13518,3329890,100,100,100,201,102,99
13519,3329977,99.5530044843049,99.11,100,223,112,111
13520,3330323,99.0208333333333,100,97.65,204,119,85
13521,3330786,97.4670042194093,100,94.64,237,125,112
13522,3330817,98.7388655462185,100,97.39,238,123,115
13523,3330856,97.9403703703704,98.37,97.5,243,123,120
13524,3330897,91.604427480916,97.98,71.88,131,99,32
13525,3330901,93.3933018867925,87.18,97.01,106,39,67
13526,3330939,99.50407960199,100,98.88,201,112,89
13527,3330993,100,100,100,210,116,94
13528,3331011,99.5353488372093,99.1,100,215,111,104
13529,3331944,98.7809756097561,100,97.62,246,120,126
13530,3331984,100,100,100,220,101,119
13531,3332167,98.5652631578947,100,96.81,209,115,94
13532,3333330,99.5605286343612,99.14,100,227,116,111
13533,3333803,99.0544549763033,99.14,98.95,211,116,95
13534,3333926,98.99965,100,97.53,200,119,81
13535,3334173,98.2367647058824,94.55,100,170,55,115
13536,3334337,98.0100995024876,99,97.03,201,100,101
13537,3334398,100,100,100,194,84,110
13538,3334472,99.5441095890411,99.04,100,219,104,115
13539,3334546,99.0543396226415,100,98.21,212,100,112
13540,3334674,99.4890256410256,99.06,100,195,106,89
13541,3335120,100,100,100,233,101,132
13542,3335307,100,100,100,239,117,122
13543,3335325,99.5543111111111,98.91,100,225,92,133
13544,3335388,100,100,100,241,107,134
13545,3335802,99.5176442307692,100,99.21,208,81,127
13546,3335862,100,100,100,246,131,115
13547,3336126,98.61,99.07,98.15,216,108,108
13548,3336145,100,100,100,239,121,118
13549,3336240,99.5459090909091,100,98.89,220,130,90
13550,3336373,99.5671428571429,100,98.99,231,132,99
13551,3336570,100,100,100,249,122,127
13552,3336604,98.38,99.1,97.3,185,111,74
13553,3336807,96.859730941704,100,91.46,223,141,82
13554,3337068,96.2626970954357,98.41,93.91,241,126,115
13555,3337128,99.11,99.11,99.11,224,112,112
13556,3337194,100,100,100,205,127,78
13557,3337371,100,100,100,249,139,110
13558,3337709,100,100,100,215,128,87
13559,3337772,99.5916734693878,99.18,100,245,122,123
13560,3338027,98.7526666666667,98.44,99.11,240,128,112
13561,3338655,99.5730341880342,100,99.03,234,131,103
13562,3338738,98.2521397379913,99.16,97.27,229,119,110
13563,3338749,98.1130660377358,96.33,100,212,109,103
13564,3338835,99.6096498054475,99.24,100,257,132,125
13565,3339274,99.5933333333333,100,99.18,246,124,122
13566,3339355,100,100,100,236,118,118
13567,3339416,98.7411320754717,100,97.22,159,87,72
13568,3339427,98.3835483870968,98.41,98.37,186,63,123
13569,3339538,98.5666507177034,99.21,97.59,209,126,83
13570,3339574,99.244679245283,100,98.56,265,126,139
13571,3339872,100,100,100,230,119,111
13572,3339883,99.0644859813084,100,98.18,214,104,110
13573,3339950,100,100,100,217,103,114
13574,3339959,100,100,100,215,144,71
13575,3340389,100,100,100,274,137,137
13576,3340524,99.6076862745098,99.18,100,255,122,133
13577,3341077,99.5873858921162,99.12,100,241,113,128
13578,3341357,99.1125333333333,98.08,100,225,104,121
13579,3341911,100,100,100,242,112,130
13580,3342360,100,100,100,228,113,115
13581,3342526,100,100,100,236,117,119
13582,3342546,99.4240462427746,99.06,100,173,106,67
13583,3342582,100,100,100,227,104,123
13584,3342595,98.6772687224669,98.06,99.19,227,103,124
13585,3342649,99.5417050691244,100,99.15,217,100,117
13586,3342720,99.4969849246231,100,99.23,199,69,130
13587,3342893,98.6917030567686,100,97.2,229,122,107
13588,3342951,98.2757327586207,96.33,100,232,109,123
13589,3343050,99.57,99.22,100,234,129,105
13590,3343241,100,100,100,233,121,112
13591,3343477,98.7230638297872,100,97.58,235,111,124
13592,3343485,99.3798757763975,99.04,100,161,104,57
13593,3343800,99.6346153846154,100,99.25,273,140,133
13594,3344454,100,100,100,246,128,118
13595,3344517,100,100,100,232,104,128
13596,3344589,98.0293596059113,100,94.52,203,130,73
13597,3345224,98.4809125475285,99.29,97.56,263,140,123
13598,3345260,99.185306122449,99.17,99.2,245,120,125
13599,3345273,96.5510344827586,91.67,99.12,174,60,114
13600,3345297,100,100,100,242,116,126
13601,3345317,99.5353023255814,100,98.97,215,118,97
13602,3345371,98.4559845559846,100,96.9,259,130,129
13603,3345381,97.9361157024793,100,95.58,242,129,113
13604,3345390,97.808201754386,98.4,97.09,228,125,103
13605,3345473,99.4925888324873,100,98.98,197,99,98
13606,3345486,99.5797907949791,100,99.17,239,118,121
13607,3345506,99.514,100,99.19,205,82,123
13608,3345704,98.2363529411765,96.97,99.04,170,66,104
13609,3346206,100,100,100,226,125,101
13610,3347127,96.1335748792271,98.84,94.21,207,86,121
13611,3347230,98.3044915254237,100,96.49,236,122,114
13612,3347251,99.5309859154929,98.89,100,213,90,123
13613,3347506,100,100,100,239,114,125
13614,3347689,100,100,100,192,102,90
13615,3348423,86.1888397790055,93,77.78,181,100,81
13616,3348578,99.5688311688312,100,99.17,231,111,120
13617,3349032,99.1558823529412,99.08,99.22,238,109,129
13618,3349555,99.5413698630137,100,99.07,219,111,108
13619,3349600,97.792817679558,98.06,97.44,181,103,78
13620,3350464,97.6183333333333,97.96,97.14,168,98,70
13621,3350981,98.5633014354067,97.87,99.13,209,94,115
13622,3351110,96.6655,100,92.59,180,99,81
13623,3351518,100,100,100,198,106,92
13624,3351821,99.5192788461539,100,98.99,208,109,99
13625,3351934,98.9258064516129,100,97.3,186,112,74
13626,3353159,99.4781151832461,98.88,100,191,89,102
13627,3353190,99.4823316062176,100,98.97,193,96,97
13628,3353281,98.9856852791878,98.06,100,197,103,94
13629,3353667,100,100,100,212,111,101
13630,3354012,98.7938554216867,98.68,98.89,166,76,90
13631,3354121,99.3431578947368,100,98.08,152,100,52
13632,3354567,97.1746892655367,98.88,95.45,177,89,88
13633,3354773,97.5828985507246,100,94.62,207,114,93
13634,3354912,100,100,100,191,116,75
13635,3354996,100,100,100,208,104,104
13636,3355305,99.0872602739726,99.13,99.04,219,115,104
13637,3355326,100,100,100,188,106,82
13638,3355968,98.9299465240642,97.7,100,187,87,100
13639,3356037,99.5500452488688,100,99.12,221,108,113
13640,3356586,99.5145853658536,100,99.07,205,98,107
13641,3356624,100,100,100,173,64,109
13642,3356643,100,100,100,143,34,109
13643,3356697,100,100,100,234,122,112
13644,3357012,100,100,100,220,111,109
13645,3357219,99.5582378854626,99.08,100,227,109,118
13646,3357620,100,100,100,203,113,90
13647,3357710,100,100,100,214,106,108
13648,3357785,99.4986934673367,100,98.84,199,113,86
13649,3357917,100,100,100,210,115,95
13650,3358206,100,100,100,191,106,85
13651,3358497,100,100,100,185,90,95
13652,3358515,99.012118226601,99.09,98.92,203,110,93
13653,3358988,98.6122222222222,98.44,98.75,144,64,80
13654,3359241,99.3167123287671,98.28,100,146,58,88
13655,3359264,98.8091071428571,97.53,100,168,81,87
13656,3359877,100,100,100,157,76,81
13657,3360341,100,100,100,146,82,64
13658,3360383,100,100,100,148,73,75
13659,3360546,98.3033898305085,96.15,100,118,52,66
13660,3361029,72.50075,85.51,54.9,120,69,51
13661,3361896,97.220462962963,96.72,97.87,108,61,47
13662,3362251,98.2456140350877,100,96,114,64,50
13663,3362485,94.497247706422,95.24,93.48,109,63,46
13664,3362499,96.7401086956522,97.96,95.35,92,49,43
13665,3362901,96.740652173913,100,93.62,92,45,47
13666,3362931,93.9379797979798,83.78,100,99,37,62
13667,3363066,97.1675471698113,94.44,100,106,54,52
13668,3363212,100,100,100,120,65,55
13669,3363231,98.33275,96.49,100,120,57,63
13670,3363456,98.5263235294118,98.48,98.57,136,66,70
13671,3363711,100,100,100,125,62,63
13672,3364102,94.7363157894737,97.73,90.62,76,44,32
13673,3364107,94.4444444444444,100,81.25,54,38,16
13674,3364155,99.2503007518797,98.31,100,133,59,74
13675,3364368,95.4542424242424,95.31,95.59,132,64,68
13676,3364405,100,100,100,125,65,60
13677,3364440,98.3209243697479,96.23,100,119,53,66
13678,3364518,99.24,98.48,100,132,66,66
13679,3364659,98.5074626865672,100,97.5,134,54,80
13680,3364832,93.1638461538462,98.51,86,117,67,50
13681,3364886,98.6193103448276,96.92,100,145,65,80
13682,3365369,100,100,100,127,54,73
13683,3365458,97.7929411764706,100,95.31,136,72,64
13684,3365710,97.0780701754386,98.78,95.51,171,82,89
13685,3365961,99.2632352941176,98.33,100,136,60,76
13686,3366200,99.1588235294118,98.57,100,119,70,49
13687,3366720,98.2357647058824,100,96.74,170,78,92
13688,3367476,96.7721935483871,94.03,98.86,155,67,88
13689,3367687,95.5119230769231,96,95.06,156,75,81
13690,3368464,98.4533505154639,96.47,100,194,85,109
13691,3368532,98.2545930232558,97.18,99.01,172,71,101
13692,3368632,98.8375581395349,98.36,99.1,172,61,111
13693,3368677,97.7892817679558,95.06,100,181,81,100
13694,3369677,99.5485972850679,100,99.14,221,105,116
13695,3369871,99.4363483146067,100,98.73,178,99,79
13696,3370273,100,100,100,193,81,112
13697,3370280,100,100,100,157,86,71
13698,3370536,100,100,100,224,101,123
13699,3370809,98.856,100,97.4,175,98,77
13700,3371013,99.4359322033898,98.72,100,177,78,99
13701,3371235,100,100,100,202,95,107
13702,3371285,99.4872307692308,100,98.99,195,96,99
13703,3371301,100,100,100,199,84,115
13704,3371418,98.1715853658537,93.62,100,164,47,117
13705,3371427,99.3908536585366,98.65,100,164,74,90
13706,3371660,99.0333816425121,100,98.13,207,100,107
13707,3371826,98.5211822660099,96.84,100,203,95,108
13708,3372393,99.0652803738318,99.05,99.08,214,105,109
13709,3372837,100,100,100,198,93,105
13710,3372918,97.7027011494253,94.37,100,174,71,103
13711,3373028,98.1929518072289,97.18,98.95,166,71,95
13712,3373047,98.0879425837321,96.23,100,209,106,103
13713,3373067,99.0001,98.02,100,200,101,99
13714,3373122,99.2924822695036,98.84,100,141,86,55
13715,3373127,98.1642201834862,97.1,100,109,69,40
13716,3373217,99.477277486911,98.96,100,191,96,95
13717,3373637,83.7465,73.86,95.83,160,88,72
13718,3373677,99.4427374301676,100,98.95,179,84,95
13719,3373776,98.2549418604651,100,96.55,172,85,87
13720,3373791,100,100,100,168,79,89
13721,3373804,100,100,100,126,84,42
13722,3373816,97.5135403726708,94.44,100,161,72,89
13723,3373866,100,100,100,198,97,101
13724,3373918,99.3281879194631,98.7,100,149,77,72
13725,3373945,99.393696969697,98.78,100,165,82,83
13726,3374359,100,100,100,159,88,71
13727,3374920,89.9174789915966,77.42,94.32,119,31,88
13728,3375014,99.3633121019108,100,98.98,157,59,98
13729,3375040,97.5761818181818,98.63,96.74,165,73,92
13730,3375496,99.2869285714286,98.51,100,140,67,73
13731,3376177,97.4357692307692,93.22,100,156,59,97
13732,3376360,99.4853608247423,100,98.96,194,98,96
13733,3377229,99.3806790123457,100,98.73,162,83,79
13734,3377274,98.5073134328358,98.81,98.29,201,84,117
13735,3377308,98.9880808080808,98.68,99.18,198,76,122
13736,3377972,100,100,100,181,87,94
13737,3378839,92.9011612903226,94.52,91.46,155,73,82
13738,3378960,98.4481347150259,97.73,99.05,193,88,105
13739,3379605,100,100,100,220,100,120
13740,3379626,99.4693617021276,100,98.84,188,102,86
13741,3379999,99.5024875621891,100,99,201,101,100
13742,3380510,98.9498947368421,100,98.28,190,74,116
13743,3380846,97.1965420560748,93.94,100,214,99,115
13744,3380987,97.6588304093567,97.27,98.36,171,110,61
13745,3381853,100,100,100,222,109,113
13746,3381982,99.0224509803922,99.07,98.97,204,107,97
13747,3382001,98.3066101694915,100,97.09,177,74,103
13748,3382425,99.0612676056338,100,97.85,213,120,93
13749,3382439,97.4372307692308,98.06,96.74,195,103,92
13750,3382456,98.2752298850575,98.97,97.4,174,97,77
13751,3382504,97.3678947368421,95.35,98.59,114,43,71
13752,3382509,98.2160714285714,100,96.67,168,78,90
13753,3382559,99.0122772277228,99.14,98.84,202,116,86
13754,3382576,98.5182178217822,97.92,99.06,202,96,106
13755,3382671,99.4603243243243,100,98.96,185,89,96
13756,3382944,100,100,100,200,95,105
13757,3382962,98.8374418604651,98.48,99.06,172,66,106
13758,3382995,98.9534031413612,99.1,98.75,191,111,80
13759,3383029,98.8574285714286,98.59,99.04,175,71,104
13760,3383043,98.9835025380711,100,97.75,197,108,89
13761,3383104,99.4927272727273,98.92,100,198,93,105
13762,3383158,99.3254054054054,100,98.96,148,52,96
13763,3383190,100,100,100,186,77,109
13764,3383666,100,100,100,171,89,82
13765,3384011,98.1784848484848,98.57,97.89,165,70,95
13766,3384134,97.9569387755102,98.61,97.33,147,72,75
13767,3386028,99.5027722772277,98.92,100,202,93,109
13768,3386456,99.4518681318681,100,98.84,182,96,86
13769,3386975,99.4444444444444,100,99,180,80,100
13770,3387179,98.7291101694915,99.12,98.37,236,113,123
13771,3387392,98.6649333333333,98.13,99.15,225,107,118
13772,3387467,98.6077674418605,98.97,98.31,215,97,118
13773,3387658,98.275632183908,99.04,97.14,174,104,70
13774,3387674,95.9183673469388,96.3,95.45,98,54,44
13775,3387678,95.0486138613861,83.33,97.59,101,18,83
13776,3387731,98.6746017699115,98,99.21,226,100,126
13777,3387791,99.225503875969,100,98.97,129,32,97
13778,3387800,98.5085572139304,98.06,98.98,201,103,98
13779,3387923,100,100,100,214,96,118
13780,3387938,100,100,100,204,87,117
13781,3388257,98.8232941176471,99.01,98.55,170,101,69
13782,3388489,100,100,100,234,100,134
13783,3388589,99.5690086206897,98.99,100,232,99,133
13784,3388657,100,100,100,234,114,120
13785,3388674,100,100,100,174,51,123
13786,3388689,99.5417050691244,100,99.15,217,100,117
13787,3388756,99.476875,100,99.19,192,68,124
13788,3388978,97.5165217391304,100,91.84,161,112,49
13789,3389490,92.425404040404,98.97,86.14,198,97,101
13790,3389946,100,100,100,207,74,133
13791,3390126,100,100,100,229,102,127
13792,3390141,98.636,100,97.52,220,99,121
13793,3390156,99.5791139240506,100,99.25,237,104,133
13794,3390184,98.5279411764706,100,97.9,204,61,143
13795,3390225,98.8837988826816,100,97.3,179,105,74
13796,3390252,98.9398404255319,98.25,99.24,188,57,131
13797,3390261,98.1753424657534,100,96.67,219,99,120
13798,3390282,98.979693877551,100,98.02,196,95,101
13799,3390307,99.0720930232558,100,98.5,215,82,133
13800,3390372,99.5905306122449,100,99.24,245,113,132
13801,3391117,99.516425120773,100,98.9,207,116,91
13802,3391381,99.5269811320755,100,98.91,212,120,92
13803,3391657,100,100,100,220,115,105
13804,3391840,100,100,100,205,111,94
13805,3391918,99.1012107623318,100,98.47,223,92,131
13806,3391958,100,100,100,257,117,140
13807,3392509,98.9915151515151,100,97.92,198,102,96
13808,3393703,100,100,100,262,114,148
13809,3393877,97.6210476190476,98.35,96.63,210,121,89
13810,3393925,98.8404247104247,100,97.87,259,118,141
13811,3394126,98.3537860082305,100,96.33,243,134,109
13812,3394418,99.5990361445783,100,99.22,249,121,128
13813,3395062,99.2797833935018,98.5,100,277,133,144
13814,3395348,99.6442553191489,100,99.34,282,130,152
13815,3395507,100,100,100,239,98,141
13816,3395734,100,100,100,263,134,129
13817,3395759,99.6115234375,100,99.15,256,139,117
13818,3395818,100,100,100,259,118,141
13819,3395848,99.6541580756014,100,99.32,291,143,148
13820,3396206,99.6281040892193,99.18,100,269,122,147
13821,3396731,99.1393965517241,98.51,100,232,134,98
13822,3396992,99.5925506072874,100,99.26,247,111,136
13823,3397466,100,100,100,269,137,132
13824,3397490,98.1289719626168,100,95.45,214,126,88
13825,3398190,100,100,100,263,134,129
13826,3398670,98.9478947368421,99,98.89,190,100,90
13827,3398675,99.2358778625954,100,98.18,131,76,55
13828,3398736,99.5258767772512,98.78,100,211,82,129
13829,3399026,97.3698421052632,91.53,100,190,59,131
13830,3399160,99.5155555555556,100,99.08,207,98,109
13831,3399580,99.6372727272727,100,99.25,275,142,133
13832,3399592,100,100,100,283,141,142
13833,3400081,100,100,100,267,139,128
13834,3400459,99.2318390804598,98.37,100,261,123,138
13835,3400956,99.1204405286343,99.14,99.1,227,116,111
13836,3401660,97.1830985915493,100,92.5,213,133,80
13837,3402293,100,100,100,191,89,102
13838,3402307,99.5846666666667,100,99.11,240,128,112
13839,3402563,99.0941176470588,97.8,100,221,91,130
13840,3402589,99.5663043478261,100,99.05,230,125,105
13841,3402674,99.5707692307692,100,99.07,234,126,108
13842,3402958,100,100,100,201,122,79
13843,3403027,99.14,99.14,99.14,232,116,116
13844,3403670,98.5141089108911,100,95.65,202,133,69
13845,3403704,99.4391573033708,98.51,100,178,67,111
13846,3404426,100,100,100,198,94,104
13847,3404915,98.275,96.55,100,116,58,58
13848,3405264,97.7657541899441,98.08,97.33,179,104,75
13849,3405463,99.0826605504587,100,97.98,218,119,99
13850,3405814,100,100,100,151,80,71
13851,3406023,100,100,100,173,76,97
13852,3406029,99.4536065573771,99.01,100,183,101,82
13853,3406823,99.5470909090909,99.06,100,220,106,114
13854,3406841,100,100,100,202,98,104
13855,3406883,99.1053811659193,98.25,100,223,114,109
13856,3406944,99.5092118226601,98.77,100,203,81,122
13857,3407069,98.6803524229075,99.14,98.2,227,116,111
13858,3407144,100,100,100,235,113,122
13859,3407172,99.547556561086,99.01,100,221,101,120
13860,3407180,99.5322429906542,99.09,100,214,110,104
13861,3407319,76.3524324324324,99,29.17,148,100,48
13862,3408268,99.5169082125604,98.75,100,207,80,127
13863,3408423,98.8888888888889,98,100,180,100,80
13864,3408498,98.9847715736041,97.5,100,197,80,117
13865,3408505,98.2575581395349,97.3,100,172,111,61
13866,3408528,98.7644444444445,95.83,100,162,48,114
13867,3408573,99.4510989010989,99.1,100,182,111,71
13868,3408600,99.4826943005181,98.72,100,193,78,115
13869,3408645,98.587641509434,97.98,99.12,212,99,113
13870,3408655,98.2438596491228,96.36,100,228,110,118
13871,3408679,98.8837988826816,98.2,100,179,111,68
13872,3408780,99.574188034188,99.06,100,234,106,128
13873,3408894,100,100,100,235,115,120
13874,3409079,99.0509952606635,99.08,99.02,211,109,102
13875,3409119,99.4132352941176,98.25,100,170,57,113
13876,3409409,99.4975376884422,100,99.01,199,98,101
13877,3409464,99.4628877005348,100,99.19,187,63,124
13878,3409589,98.9697422680412,97.47,100,194,79,115
13879,3409638,99.5381481481481,98.84,100,216,86,130
13880,3409719,99.5414678899083,98.98,100,218,98,120
13881,3410180,78.830802919708,90.36,61.11,137,83,54
13882,3410316,96.7752258064516,100,92.19,155,91,64
13883,3410503,100,100,100,168,49,119
13884,3410649,99.524644549763,100,99.15,211,93,118
13885,3410976,98.9021978021978,98.95,98.85,182,95,87
13886,3411329,97.9185416666667,97.83,98,192,92,100
13887,3411737,95.4830322580645,93.15,97.56,155,73,82
13888,3411756,90.165737704918,84.21,92.86,61,19,42
13889,3411761,98.6212413793103,98.88,98.21,145,89,56
13890,3411809,96.3153684210526,95.65,96.94,190,92,98
13891,3411828,97.4876381909548,95.96,99,199,99,100
13892,3411936,96.3428048780488,93.51,98.85,164,77,87
13893,3412114,100,100,100,134,88,46
13894,3412130,96.1251612903226,96.15,96.1,155,78,77
13895,3412382,98.4323036649215,98.95,97.92,191,95,96
13896,3412521,97.3495364238411,97.5,97.18,151,80,71
13897,3412911,94.9721229050279,90,98.99,179,80,99
13898,3413909,96.7118421052632,100,92.86,152,82,70
13899,3414083,99.4041666666667,100,98.7,168,91,77
13900,3414146,96.5111627906977,98.36,92,86,61,25
13901,3414150,98.4860606060606,96.88,99,132,32,100
13902,3414489,99.4475138121547,100,99,181,81,100
13903,3414930,99.4079881656805,100,98.85,169,82,87
13904,3415111,95.8325,91.3,97.96,144,46,98
13905,3415328,100,100,100,184,78,106
13906,3415411,100,100,100,187,89,98
13907,3415604,98.0931428571429,95.74,100,210,94,116
13908,3415667,100,100,100,115,10,105
13909,3415672,99.117610619469,98.31,100,113,59,54
13910,3416131,100,100,100,173,64,109
13911,3416591,100,100,100,158,70,88
13912,3416637,93.1517808219178,100,79.17,146,98,48
13913,3416659,97.0734146341464,98.97,95.37,205,97,108
13914,3416732,99.5083333333333,100,99.15,204,86,118
13915,3416804,99.4657219251337,100,98.97,187,90,97
13916,3417001,100,100,100,152,50,102
13917,3417086,97.9899497487437,97.8,98.15,199,91,108
13918,3417862,98.4224736842105,100,97.09,190,87,103
13919,3417881,98.4155026455026,98.75,98.17,189,80,109
13920,3418114,97.0946511627907,94.37,99.01,172,71,101
13921,3418475,98.6828947368421,95.45,100,152,44,108
13922,3418591,100,100,100,143,67,76
13923,3419161,99.4625806451613,100,99.02,186,84,102
13924,3419573,99.3690566037736,100,98.68,159,83,76
13925,3419633,98.8017964071856,100,97.1,167,98,69
13926,3419900,98.5226108374384,98.89,98.23,203,90,113
13927,3420209,99.0439234449761,98.06,100,209,103,106
13928,3420312,98.7965060240964,98.88,98.7,166,89,77
13929,3420347,99.5157766990291,100,99.05,206,101,105
13930,3420521,98.9407936507936,98.97,98.91,189,97,92
13931,3420618,99.0609859154929,98.98,99.13,213,98,115
13932,3420788,97.871914893617,97.7,98.02,188,87,101
13933,3420803,99.4977777777778,100,99.12,198,85,113
13934,3420983,98.8438150289017,100,97.26,173,100,73
13935,3421301,99.0850228310502,99.09,99.08,219,110,109
13936,3421469,99.50185,98.77,100,200,81,119
13937,3421655,99.4829896907217,100,99.15,194,76,118
13938,3421856,100,100,100,160,78,82
13939,3422018,100,100,100,214,88,126
13940,3422039,100,100,100,199,85,114
13941,3422243,97.9178125,98.89,97.06,192,90,102
13942,3422262,96.87546875,98.8,95.41,192,83,109
13943,3422295,99.4928934010152,100,99.1,197,86,111
13944,3422345,98.43625,98.78,98.18,192,82,110
13945,3422354,98.29375,100,96.15,176,98,78
13946,3422556,98.085980861244,100,96.33,209,100,109
13947,3422640,95.1723188405797,96.81,93.81,207,94,113
13948,3422812,99.5234449760766,100,99.17,209,89,120
13949,3422971,98.4724489795918,98.67,98.35,196,75,121
13950,3423097,92.8905687203792,97.87,88.89,211,94,117
13951,3424391,100,100,100,171,111,60
13952,3424898,99.3423684210526,98.53,100,152,68,84
13953,3426098,95.4272,95.24,95.6,175,84,91
13954,3426875,71.0101449275362,23.4,95.6,138,47,91
13955,3426975,89.238417721519,97.7,78.87,158,87,71
13956,3427231,97.9863758389262,98.53,97.53,149,68,81
13957,3427405,99.3326666666667,100,98.46,150,85,65
13958,3428056,97.2532967032967,96.88,97.67,182,96,86
13959,3428480,94.6759763313609,100,90.22,169,77,92
13960,3428746,96.7944230769231,93.67,100,156,79,77
13961,3429065,95.5203731343284,93.22,97.33,134,59,75
13962,3429095,77.7010810810811,94.87,58.57,148,78,70
13963,3429264,97.453821656051,100,94.67,157,82,75
13964,3429296,98.7966265060241,100,97.73,166,78,88
13965,3429350,99.2260465116279,98.08,100,129,52,77
13966,3429395,97.0802189781022,98.31,96.15,137,59,78
13967,3429683,96.7407065217391,97.65,95.96,184,85,99
13968,3429765,95.7399290780142,97.01,94.59,141,67,74
13969,3429790,100,100,100,192,94,98
13970,3429920,100,100,100,195,96,99
13971,3430243,100,100,100,166,88,78
13972,3430293,100,100,100,194,88,106
13973,3430512,99.4233526011561,100,98.84,173,87,86
13974,3431308,100,100,100,151,77,74
13975,3431576,99.4161403508772,100,99.04,171,67,104
13976,3431887,99.1384482758621,100,97.37,116,78,38
13977,3432085,99.3295302013423,100,98.65,149,75,74
13978,3432099,97.9318620689655,100,95.59,145,77,68
13979,3432267,100,100,100,161,50,111
13980,3432378,98.8015568862275,98.21,99.1,167,56,111
13981,3432399,98.5275,100,96.77,136,74,62
13982,3432509,97.0045508982036,92.98,99.09,167,57,110
13983,3432655,94.4085714285714,89.36,96.49,161,47,114
13984,3433969,97.3509933774834,90,100,151,40,111
13985,3434096,98.4314136125654,100,97.2,191,84,107
13986,3434177,97.8966315789474,100,96.12,190,87,103
13987,3435006,97.3104838709677,93.33,100,186,75,111
13988,3435961,99.4273563218391,100,98.94,174,80,94
13989,3436156,97.3324666666667,95.89,98.7,150,73,77
13990,3436234,99.4132352941176,100,98.95,170,75,95
13991,3436876,100,100,100,166,68,98
13992,3436884,99.2924822695036,100,98.28,141,83,58
13993,3437092,100,100,100,145,73,72
13994,3437220,100,100,100,179,92,87
13995,3437349,95.2136526946108,98.8,91.67,167,83,84
13996,3437374,98.58,100,97.18,141,70,71
13997,3437404,95.864,96.97,94.94,145,66,79
13998,3437413,97.6194642857143,98.82,96.39,168,85,83
13999,3437505,96.731568627451,95.65,97.62,153,69,84
14000,3437527,99.3824074074074,98.85,100,162,87,75
14001,3437812,98.6668,96.97,100,150,66,84
14002,3438177,97.1231654676259,100,92.31,139,87,52
14003,3438584,95.8651724137931,98.67,92.86,145,75,70
14004,3438912,95.0915950920245,98.86,90.67,163,88,75
14005,3438922,97.1,98.91,93.48,138,92,46
14006,3438940,97.0377777777778,100,90.7,135,92,43
14007,3438999,99.3689240506329,100,98.31,158,99,59
14008,3439270,98.74875,100,97.14,160,90,70
14009,3439649,100,100,100,182,90,92
14010,3439776,99.4761780104712,100,98.85,191,104,87
14011,3440034,98.7938554216867,98.68,98.89,166,76,90
14012,3440190,97.7929281767956,96.94,98.8,181,98,83
14013,3440253,98.3240223463687,100,96,179,104,75
14014,3440275,96.7365217391304,100,94.44,92,38,54
14015,3440280,98.4621538461538,100,94.12,130,96,34
14016,3440394,99.4842783505155,100,98.85,194,107,87
14017,3440641,100,100,100,186,98,88
14018,3441077,97.9724324324324,100,96.59,148,60,88
14019,3441106,98.0780769230769,98.67,97.53,156,75,81
14020,3441593,98.9505235602094,100,97.89,191,96,95
14021,3441752,97.9917587939699,100,96.12,199,96,103
14022,3441991,97.3677894736842,95.92,98.91,190,98,92
14023,3442125,96.8162420382166,100,92.31,157,92,65
14024,3442226,100,100,100,193,94,99
14025,3442268,100,100,100,198,102,96
14026,3442338,100,100,100,188,95,93
14027,3442439,98.1934939759036,97.06,98.98,166,68,98
14028,3442938,98.1833333333333,100,94.55,165,110,55
14029,3443700,99.5232535885168,100,99.06,209,103,106
14030,3443751,99.4623655913979,100,98.75,186,106,80
14031,3443829,98.3135393258427,99.01,97.4,178,101,77
14032,3443853,97.0138059701492,92.45,100,134,53,81
14033,3443976,99.4449444444444,98.97,100,180,97,83
14034,3444208,100,100,100,200,101,99
14035,3444226,99.0611267605634,98.02,100,213,101,112
14036,3444580,100,100,100,194,109,85
14037,3444829,100,100,100,190,84,106
14038,3445051,100,100,100,157,117,40
14039,3445183,100,100,100,176,98,78
14040,3445700,100,100,100,211,113,98
14041,3445719,100,100,100,204,104,100
14042,3446064,99.4563043478261,100,98.78,184,102,82
14043,3446207,98.1035545023697,97.32,98.99,211,112,99
14044,3446526,98.748375,100,96.77,80,49,31
14045,3446531,99.207619047619,100,96.88,126,94,32
14046,3446765,98.841387283237,98.75,98.92,173,80,93
14047,3446796,98.9647150259067,99.03,98.89,193,103,90
14048,3447032,98.4788324873097,98.95,98.04,197,95,102
14049,3447128,98.94,100,98.11,189,83,106
14050,3447185,100,100,100,184,97,87
14051,3447239,98.2128571428572,95.83,100,168,72,96
14052,3447308,99.5145631067961,99,100,206,100,106
14053,3447338,99.4359322033898,100,98.96,177,81,96
14054,3448028,99.4624193548387,98.99,100,186,99,87
14055,3448145,96.6443624161074,96.74,96.49,149,92,57
14056,3448471,99.4391011235955,98.72,100,178,78,100
14057,3448952,99.4594594594595,100,99,185,85,100
14058,3448976,100,100,100,154,56,98
14059,3448982,99.16875,98.95,100,120,95,25
14060,3449033,99.3490909090909,98.21,100,154,56,98
14061,3449264,99.371320754717,98.81,100,159,84,75
14062,3449279,100,100,100,172,78,94
14063,3449582,100,100,100,194,90,104
14064,3449907,98.4228421052632,98.88,98.02,190,89,101
14065,3449952,100,100,100,177,72,105
14066,3450030,98.57,100,96.36,140,85,55
14067,3450393,98.2256804733728,94.83,100,169,58,111
14068,3450408,99.4007185628742,98.61,100,167,72,95
14069,3450874,100,100,100,182,72,110
14070,3451113,99.3653164556962,98.91,100,158,92,66
14071,3451745,100,100,100,188,87,101
14072,3451844,99.487641025641,100,98.97,195,98,97
14073,3451931,99.4186627906977,100,99.01,172,71,101
14074,3451939,98.7795731707317,98.85,98.7,164,87,77
14075,3452057,99.4395530726257,100,98.86,179,91,88
14076,3452322,100,100,100,174,80,94
14077,3452972,100,100,100,166,78,88
14078,3452998,100,100,100,148,46,102
14079,3453082,100,100,100,124,75,49
14080,3453113,99.2875,98.25,100,140,57,83
14081,3453152,100,100,100,169,82,87
14082,3453214,100,100,100,68,28,40
14083,3453218,100,100,100,71,21,50
14084,3453229,100,100,100,142,73,69
14085,3454374,98.1511111111111,100,96.88,108,44,64
14086,3454391,99.1686666666667,98.28,100,120,58,62
14087,3454454,100,100,100,130,62,68
14088,3454817,100,100,100,107,67,40
14089,3454871,97.48,96.08,98.53,119,51,68
14090,3454988,96.8429473684211,100,93.48,95,49,46
14091,3455001,99.1795081967213,98.18,100,122,55,67
14092,3455048,97.7075572519084,98.55,96.77,131,69,62
14093,3455211,97.4572881355932,94.23,100,118,52,66
14094,3455719,92.2495348837209,100,84.13,129,66,63
14095,3456220,97.9006293706294,97.14,98.63,143,70,73
14096,3456530,100,100,100,85,5,80
14097,3456536,99.0291262135922,100,96,103,78,25
14098,3456627,95.7142857142857,98.78,91.38,140,82,58
14099,3456647,99.335,100,98.67,150,75,75
14100,3456987,98.6030769230769,100,97.73,143,55,88
14101,3457580,99.2654411764706,100,97.78,136,91,45
14102,3458231,99.3356291390729,100,98.48,151,85,66
14103,3458580,97.2662841530055,95.79,98.86,183,95,88
14104,3458592,96.6850828729282,93.75,100,181,96,85
14105,3458631,98.9515706806283,97.75,100,191,89,102
14106,3458672,98.2871428571429,97.5,98.95,175,80,95
14107,3458750,100,100,100,177,87,90
14108,3459171,98.7674074074074,96.88,100,162,64,98
14109,3459623,95.0788524590164,88.89,96.15,122,18,104
14110,3459868,98.9950753768844,100,98.02,199,98,101
14111,3459982,99.4671657754011,100,98.94,187,93,94
14112,3460309,98.4286387434555,97.87,98.97,191,94,97
14113,3460894,98.5294117647059,98.97,98.13,204,97,107
14114,3460948,98.6171889400922,99,98.29,217,100,117
14115,3461077,95.7197860962567,100,90.8,187,100,87
14116,3461324,98.5042786069652,97.4,99.19,201,77,124
14117,3461378,99.5268867924528,98.82,100,212,85,127
14118,3461946,98.2905128205128,98.11,98.44,117,53,64
14119,3462525,97.7483783783784,95.83,99.21,222,96,126
14120,3462615,99.5022388059701,98.85,100,201,87,114
14121,3462723,98.4952261306533,100,97.35,199,86,113
14122,3463333,98.5871698113207,100,97.44,212,95,117
14123,3463353,99.0652803738318,99.08,99.05,214,109,105
14124,3463916,97.1414285714286,99.01,95.41,210,101,109
14125,3464031,98.8837988826816,97.78,100,179,90,89
14126,3464055,97.7285227272727,97.06,98.65,176,102,74
14127,3464087,98.7792682926829,97.14,100,164,70,94
14128,3464742,100,100,100,201,99,102
14129,3464792,96.7903743315508,98,95.4,187,100,87
14130,3464988,94.0539459459459,95.7,92.39,185,93,92
14131,3465042,95.6523913043478,93.59,97.17,184,78,106
14132,3465127,94.3871428571428,99.02,89.36,196,102,94
14133,3465260,98.1150943396226,96.67,100,159,90,69
14134,3465505,98.7939759036145,100,97.4,166,89,77
14135,3466209,95.9159183673469,95.12,96.92,147,82,65
14136,3466265,99.4133333333333,100,98.68,171,95,76
14137,3466309,100,100,100,167,77,90
14138,3466456,96.9851807228916,98.86,94.87,166,88,78
14139,3466558,95.5735443037975,94.67,96.39,158,75,83
14140,3467736,99.4066666666667,98.88,100,168,89,79
14141,3467820,100,100,100,169,94,75
14142,3468048,97.9686486486487,96.36,98.92,148,55,93
14143,3468055,97.5806451612903,100,87.5,124,100,24
14144,3468438,100,100,100,187,101,86
14145,3468537,98.7303797468354,98.91,98.48,158,92,66
14146,3468927,99.2712408759124,98.72,100,137,78,59
14147,3470230,100,100,100,143,64,79
14148,3470239,100,100,100,144,67,77
14149,3470686,99.442,100,98.92,180,87,93
14150,3470821,98.871186440678,97.3,100,177,74,103
14151,3471022,100,100,100,110,64,46
14152,3471052,100,100,100,177,86,91
14153,3471181,99.3976506024097,100,98.99,166,67,99
14154,3471554,97.2593150684932,94.87,100,146,78,68
14155,3471668,99.4892857142857,98.9,100,196,91,105
14156,3472304,98.1974774774775,100,96.72,222,100,122
14157,3472394,99.5357407407407,100,99.08,216,107,109
14158,3472631,100,100,100,216,99,117
14159,3472847,100,100,100,220,101,119
14160,3473042,100,100,100,212,102,110
14161,3473771,99.5189903846154,100,99.13,208,93,115
14162,3474024,96.1551923076923,94.74,96.97,104,38,66
14163,3474037,98.6652,98.65,98.68,150,74,76
14164,3474308,100,100,100,172,71,101
14165,3474314,99.2647058823529,99,100,136,100,36
14166,3474669,96.5524630541872,93.9,98.35,203,82,121
14167,3475066,100,100,100,213,123,90
14168,3475231,96.3605454545455,97.41,95.19,220,116,104
14169,3475815,100,100,100,196,115,81
14170,3475836,100,100,100,229,107,122
14171,3475863,99.5370833333333,99.01,100,216,101,115
14172,3475898,100,100,100,197,91,106
14173,3475946,100,100,100,238,120,118
14174,3476273,99.0548113207547,97.67,100,212,86,126
14175,3476390,100,100,100,217,91,126
14176,3476722,99.4960804020101,98.91,100,199,92,107
14177,3476776,98.1125,96.55,99.2,212,87,125
14178,3476893,99.5802510460251,99.12,100,239,114,125
14179,3477127,95.5635080645161,91.3,99.25,248,115,133
14180,3477181,97.9536065573771,96.88,98.65,244,96,148
14181,3477189,98.6799559471366,99.15,98.18,227,117,110
14182,3477285,97.6065550239234,98.36,96.55,209,122,87
14183,3477433,93.567485380117,90,96.04,171,70,101
14184,3477767,98.895955882353,100,97.9,272,129,143
14185,3477976,100,100,100,256,128,128
14186,3478015,100,100,100,255,129,126
14187,3478027,100,100,100,245,111,134
14188,3478153,100,100,100,243,132,111
14189,3478373,99.58,100,99.32,238,91,147
14190,3478614,98.3736585365854,99.2,97.52,246,125,121
14191,3478640,100,100,100,256,114,142
14192,3479243,99.5967611336032,99.17,100,247,120,127
14193,3479816,99.1756198347107,100,98.25,242,128,114
14194,3480137,99.6030158730159,99.18,100,252,122,130
14195,3480441,99.2210116731518,98.46,100,257,130,127
14196,3481830,99.248045112782,98.54,100,266,137,129
14197,3481886,98.9929797979798,98.51,99.24,198,67,131
14198,3481892,99.5700431034483,100,98.67,232,157,75
14199,3481917,95.0947852760736,95.15,95,163,103,60
14200,3481922,96.9718181818182,95.59,98.44,132,68,64
14201,3482259,99.5954435483871,99.21,100,248,127,121
14202,3482411,100,100,100,262,125,137
14203,3482775,99.6257142857143,100,99.24,266,135,131
14204,3482793,98.6929694323144,99.32,97.59,229,146,83
14205,3482820,99.0290776699029,98.59,99.26,206,71,135
14206,3482922,99.2697080291971,100,98.62,274,129,145
14207,3483377,99.5855371900826,99.15,100,242,118,124
14208,3483707,99.1701244813278,99.1,99.23,241,111,130
14209,3483920,99.2107509881423,100,98.44,253,125,128
14210,3484003,100,100,100,259,136,123
14211,3484040,98.5558122743682,100,97.26,277,131,146
14212,3484052,99.1210526315789,99.09,99.15,228,110,118
14213,3484063,96.6344230769231,93.44,97.96,208,61,147
14214,3484525,99.5854545454546,99.12,100,242,114,128
14215,3484655,100,100,100,224,91,133
14216,3484985,99.575,100,99.15,236,118,118
14217,3485183,100,100,100,250,122,128
14218,3485207,98.7024675324675,100,97.09,231,128,103
14219,3485501,98.7481666666667,100,97.41,240,124,116
14220,3485655,97.7464864864865,98.33,97.06,222,120,102
14221,3486273,99.5377777777778,98.96,100,216,96,120
14222,3486300,97.4485106382979,98,97.04,235,100,135
14223,3486697,99.5532286995516,100,99.19,223,100,123
14224,3486708,100,100,100,254,136,118
14225,3487265,98.7474476987448,99.24,98.15,239,131,108
14226,3487416,99.0784331797235,97.98,100,217,99,118
14227,3487976,100,100,100,245,126,119
14228,3488406,99.6405714285714,100,99.32,280,132,148
14229,3489203,97.036,100,92.98,135,78,57
14230,3489207,98.3498901098901,96,99.24,182,50,132
14231,3489530,100,100,100,248,131,117
14232,3489597,100,100,100,228,129,99
14233,3489626,99.5134146341463,100,98.95,205,110,95
14234,3489656,98.8545038167939,100,97.54,262,140,122
14235,3490067,99.0779723502304,97.56,100,217,82,135
14236,3490131,100,100,100,263,126,137
14237,3490187,96.2152432432432,96.61,95.52,185,118,67
14238,3490347,99.6006349206349,100,99.26,252,116,136
14239,3490648,100,100,100,204,75,129
14240,3490825,98.3806072874494,98.35,98.41,247,121,126
14241,3490921,96.4921052631579,93.65,98.15,171,63,108
14242,3491024,98.74,99.16,98.32,238,119,119
14243,3491149,98.5053731343284,98.41,98.59,268,126,142
14244,3491434,100,100,100,248,115,133
14245,3492416,97.805,97.54,98.11,228,122,106
14246,3492434,97.3571806167401,98.04,96.8,227,102,125
14247,3492493,97.7562780269058,96.19,99.15,223,105,118
14248,3493018,98.7284745762712,100,97.52,236,115,121
14249,3493183,97.0457142857143,100,93.62,203,109,94
14250,3493495,98.1907692307692,96.43,100,221,112,109
14251,3493618,100,100,100,228,120,108
14252,3494072,98.6742477876106,98.28,99.09,226,116,110
14253,3494326,99.1566244725739,99.12,99.19,237,113,124
14254,3494353,100,100,100,195,79,116
14255,3494567,100,100,100,196,96,100
14256,3494828,100,100,100,183,64,119
14257,3495073,99.59,100,99.18,244,122,122
14258,3495211,100,100,100,215,120,95
14259,3495311,100,100,100,229,120,109
14260,3495508,99.4682978723404,100,98.98,188,90,98
14261,3495712,100,100,100,204,96,108
14262,3495799,98.6473423423423,98.23,99.08,222,113,109
14263,3495845,100,100,100,178,48,130
14264,3495856,100,100,100,242,126,116
14265,3496163,99.5797489539749,100,99.07,239,131,108
14266,3496184,99.5667826086957,99.06,100,230,106,124
14267,3496198,100,100,100,205,94,111
14268,3496312,100,100,100,249,125,124
14269,3496660,100,100,100,225,106,119
14270,3496674,100,100,100,225,108,117
14271,3497126,100,100,100,191,129,62
14272,3497160,98.1228169014085,96.43,100,213,112,101
14273,3497832,97.3430088495575,100,94.44,226,118,108
14274,3497862,99.5455203619909,100,99.07,221,113,108
14275,3498414,100,100,100,210,91,119
14276,3498680,100,100,100,223,120,103
14277,3498735,100,100,100,204,100,104
14278,3499771,96.3913402061856,98.08,94.44,194,104,90
14279,3499791,96.2188648648649,97.85,94.57,185,93,92
14280,3500078,98.9107608695652,98.57,99.12,184,70,114
14281,3500277,99.1219298245614,98.18,100,228,110,118
14282,3500423,97.5487745098039,100,93.15,204,131,73
14283,3500510,99.5662931034483,99.22,100,232,129,103
14284,3500726,100,100,100,189,94,95
14285,3500753,100,100,100,223,138,85
14286,3500777,100,100,100,236,143,93
14287,3500933,98.0785576923077,99.21,96.34,208,126,82
14288,3500955,97.155971563981,95.65,98.96,211,115,96
14289,3501401,99.6084824902724,100,99.22,257,128,129
14290,3501426,100,100,100,186,131,55
14291,3501467,100,100,100,223,126,97
14292,3501479,100,100,100,225,118,107
14293,3501542,99.2389694656489,100,98.43,262,135,127
14294,3501757,100,100,100,231,117,114
14295,3501793,98.9972361809045,98.63,99.21,199,73,126
14296,3501803,99.1357142857143,98.94,99.27,231,94,137
14297,3502132,100,100,100,242,125,117
14298,3502241,99.6122093023256,99.13,100,258,115,143
14299,3502613,100,100,100,271,132,139
14300,3502770,97.3058846153846,100,94.57,260,131,129
14301,3503342,99.1452136752137,98.63,100,234,146,88
14302,3503429,100,100,100,289,149,140
14303,3504154,98.9471578947368,98.55,99.32,285,138,147
14304,3504247,99.6611447811448,99.32,100,297,148,149
14305,3504367,98.6563758389262,100,97.4,298,144,154
14306,3504496,99.6207633587786,99.31,100,262,144,118
14307,3504698,100,100,100,281,151,130
14308,3505341,100,100,100,290,157,133
14309,3506087,99.685,100,99.37,318,159,159
14310,3506312,99.6728758169935,100,99.35,306,152,154
14311,3506573,97.5252650176678,100,95.17,283,138,145
14312,3506750,97.9107949790795,96.04,99.28,239,101,138
14313,3506858,98.9226618705036,99.29,98.55,278,140,138
14314,3507014,98.9598615916955,100,98.2,289,122,167
14315,3507140,96.4801408450704,94.49,98.09,284,127,157
14316,3507233,99.6453380782918,100,99.34,281,130,151
14317,3507331,96.4360841423948,96.77,96.1,309,155,154
14318,3507430,99.7040059347181,100,99.43,337,162,175
14319,3507988,97.0925581395349,100,86.84,172,134,38
14320,3507992,98.9389893617021,100,98.17,188,79,109
14321,3508027,98.1028787878788,99.32,96.55,264,148,116
14322,3508057,99.2648897058824,100,98.45,272,143,129
14323,3508127,99.3003496503497,100,98.62,286,141,145
14324,3508214,96.4804020100503,90.48,99.26,199,63,136
14325,3508226,98.1165283018868,99.04,97.52,265,104,161
14326,3508367,98.2002702702703,97.18,98.68,222,71,151
14327,3508498,98.4035463258786,97.89,98.83,313,142,171
14328,3508537,98.5067462686567,100,97.04,335,166,169
14329,3508579,95.7251282051282,96,95.52,234,100,134
14330,3508720,99.3513636363636,99.32,99.38,308,147,161
14331,3508788,98.5502173913043,100,96.49,276,162,114
14332,3508800,99.6921052631579,100,99.35,323,170,153
14333,3509332,100,100,100,321,154,167
14334,3509430,99.3313712374582,100,98.64,299,152,147
14335,3510167,99.3311409395973,100,98.68,298,147,151
14336,3510320,99.265,97.96,100,272,98,174
14337,3510869,99.2071428571429,100,98.65,252,104,148
14338,3510879,98.6428813559322,100,97.45,295,138,157
14339,3510900,98.590985915493,97.54,100,213,122,91
14340,3511589,99.1727272727273,100,97.8,242,151,91
14341,3511656,99.6286346863469,99.32,100,271,148,123
14342,3511712,97.3136241610738,99.33,95.27,298,150,148
14343,3511766,99.2591851851852,100,98.54,270,133,137
14344,3513003,99.5998406374502,100,99.07,251,143,108
14345,3513127,99.3180136986301,99.21,99.4,292,126,166
14346,3513420,97.7675092936803,97.84,97.69,269,139,130
14347,3513499,99.5618942731278,99.15,100,227,117,110
14348,3513727,99.2414448669201,100,98.5,263,130,133
14349,3514093,100,100,100,273,127,146
14350,3514351,100,100,100,264,119,145
14351,3514653,99.6686666666667,99.3,100,300,142,158
14352,3514835,99.2051792828685,98.25,100,251,114,137
14353,3515240,99.6072440944882,100,99.14,254,138,116
14354,3515279,99.5854545454546,100,99.24,242,110,132
14355,3515371,100,100,100,250,140,110
14356,3515605,99.6203018867924,99.22,100,265,129,136
14357,3515735,98.9805423728814,99.3,98.68,295,143,152
14358,3516029,97.5738056680162,99.21,95.87,247,126,121
14359,3516780,99.2801083032491,99.29,99.27,277,140,137
14360,3516857,99.6561937716263,100,99.31,289,145,144
14361,3516878,99.6309963099631,99.2,100,271,125,146
14362,3516908,100,100,100,279,129,150
14363,3516957,100,100,100,267,132,135
14364,3517154,99.6164750957854,99.23,100,261,130,131
14365,3517191,98.8820895522388,100,97.86,268,128,140
14366,3517259,99.6115234375,99.15,100,256,117,139
14367,3517268,99.5377777777778,99.22,100,216,128,88
14368,3517989,99.6230711610487,100,99.26,267,131,136
14369,3518160,96.9086597938144,99.18,93.06,194,122,72
14370,3518597,98.7056034482759,100,97.27,232,122,110
14371,3518882,100,100,100,254,105,149
14372,3518957,96.94,97.96,95.92,196,98,98
14373,3519667,98.8889259259259,97.71,100,270,131,139
14374,3519969,99.2278461538461,99.07,99.34,260,108,152
14375,3520179,100,100,100,249,127,122
14376,3520936,99.6178461538461,100,99.28,260,122,138
14377,3521051,100,100,100,253,134,119
14378,3521602,99.1397424892704,99.2,99.07,233,125,108
14379,3522068,100,100,100,248,121,127
14380,3522107,100,100,100,184,140,44
14381,3522282,99.6118287937743,99.14,100,257,116,141
14382,3522413,99.5863636363636,99.23,100,242,130,112
14383,3522687,100,100,100,229,122,107
14384,3522738,98.79672,99.21,98.37,250,127,123
14385,3522759,98.821062992126,97.35,100,254,113,141
14386,3522895,97.3901304347826,100,94.39,230,123,107
14387,3523085,99.0439234449761,100,98.06,209,106,103
14388,3523171,98.2353303964758,98.26,98.21,227,115,112
14389,3523345,98.9556944444444,99.23,98.73,288,130,158
14390,3523517,99.6311439114391,100,99.32,271,124,147
14391,3523592,100,100,100,282,132,150
14392,3524164,100,100,100,273,130,143
14393,3524663,100,100,100,257,97,160
14394,3525104,99.6234848484848,100,99.3,264,122,142
14395,3525152,100,100,100,229,75,154
14396,3525157,98.296875,97.25,100,176,109,67
14397,3525284,100,100,100,187,46,141
14398,3525757,98.7486610878661,99.11,98.43,239,112,127
14399,3525832,94.4888188976378,96.92,91.94,254,130,124
14400,3525901,98.2816738197425,99.26,96.91,233,136,97
14401,3525962,99.5802092050209,100,99.21,239,112,127
14402,3525968,98.8775280898876,100,96.67,89,59,30
14403,3525976,97.9250777202073,99.26,94.74,193,136,57
14404,3526066,98.3142616033755,97.58,99.12,237,124,113
14405,3526156,96.9571304347826,99.27,93.55,230,137,93
14406,3526337,98.3066949152542,100,96.23,236,130,106
14407,3526543,100,100,100,178,67,111
14408,3526697,99.23,98.57,100,260,140,120
14409,3526779,98.7153846153846,99.02,98.48,234,102,132
14410,3527093,100,100,100,264,146,118
14411,3527289,98.9025274725275,98.15,99.22,182,54,128
14412,3527300,97.8427586206897,97.81,97.89,232,137,95
14413,3527370,99.6220532319392,99.3,100,263,142,121
14414,3527540,99.5850622406639,99.2,100,241,125,116
14415,3527750,99.260516605166,100,98.33,271,151,120
14416,3528237,100,100,100,204,116,88
14417,3528404,99.5278199052133,100,99.19,211,88,123
14418,3528411,99.4401123595506,99.34,100,178,151,27
14419,3528575,99.485824742268,100,98.25,194,137,57
14420,3529120,99.6252808988764,99.31,100,267,145,122
14421,3529320,99.19804,98.37,100,250,123,127
14422,3529864,99.6594178082192,99.35,100,292,153,139
14423,3530116,100,100,100,237,121,116
14424,3530438,100,100,100,219,88,131
14425,3530636,99.191935483871,99.23,99.15,248,130,118
14426,3530760,98.7971084337349,97.92,100,249,144,105
14427,3530929,98.8619696969697,100,97.41,264,148,116
14428,3530958,99.6232830188679,99.33,100,265,149,116
14429,3531015,97.5876811594203,96.63,98.31,207,89,118
14430,3531147,100,100,100,250,120,130
14431,3531630,99.6168199233716,99.27,100,261,137,124
14432,3531652,98.780487804878,97.5,100,246,120,126
14433,3531847,100,100,100,240,124,116
14434,3532264,98.00196,97.56,98.43,250,123,127
14435,3532354,97.1458571428571,95.58,98.97,210,113,97
14436,3532930,98.9077595628415,97.37,100,183,76,107
14437,3532998,98.9491578947368,99.22,98.39,190,128,62
14438,3533829,99.1876923076923,98.48,100,247,132,115
14439,3533947,100,100,100,232,108,124
14440,3534261,100,100,100,191,70,121
14441,3534301,99.5963709677419,99.23,100,248,130,118
14442,3534802,98.8049402390438,99.24,98.33,251,131,120
14443,3534859,100,100,100,230,142,88
14444,3534969,100,100,100,238,123,115
14445,3535060,99.6180842911877,100,99.11,261,149,112
14446,3535305,99.220703125,100,98.1,256,151,105
14447,3535612,99.102735426009,100,98.13,223,116,107
14448,3535630,100,100,100,225,119,106
14449,3535940,98.7844534412956,100,97.22,247,139,108
14450,3536349,99.141974248927,100,98.04,233,131,102
14451,3536462,97.4012121212121,95.31,100,231,128,103
14452,3536759,96.8745535714286,96.9,96.84,224,129,95
14453,3537215,99.5541333333333,99.12,100,225,114,111
14454,3537362,97.3520529801325,90.48,100,151,42,109
14455,3537601,100,100,100,217,122,95
14456,3537641,100,100,100,225,112,113
14457,3537782,100,100,100,226,117,109
14458,3538013,100,100,100,169,91,78
14459,3538109,97.2981081081081,94.44,98.94,148,54,94
14460,3538163,99.4636363636364,100,98.82,187,102,85
14461,3538334,100,100,100,218,99,119
14462,3538382,100,100,100,202,89,113
14463,3538537,99.5417511520737,100,99.12,217,104,113
14464,3538688,100,100,100,181,110,71
14465,3538739,99.5328971962617,100,99.02,214,112,102
14466,3538766,100,100,100,175,61,114
14467,3538874,99.4332386363636,98.25,100,176,57,119
14468,3539150,98.1711872146119,100,96.69,219,98,121
14469,3539267,99.5764255319149,100,99.21,235,109,126
14470,3539341,100,100,100,216,94,122
14471,3539453,100,100,100,220,93,127
14472,3539510,98.6784140969163,100,97.5,227,107,120
14473,3540353,99.1675,98.2,100,240,111,129
14474,3540552,97.9694416243655,97.56,98.65,197,123,74
14475,3540842,100,100,100,247,106,141
14476,3540897,99.613,100,99.22,260,131,129
14477,3541122,100,100,100,243,95,148
14478,3541598,99.6178461538461,100,99.28,260,122,138
14479,3541961,100,100,100,267,125,142
14480,3542066,98.8520114942529,97.67,99.24,174,43,131
14481,3542370,99.5690909090909,100,99.21,231,105,126
14482,3543333,99.1533050847458,97.94,100,236,97,139
14483,3543437,91.7578021978022,100,77.94,182,114,68
14484,3543591,99.6051383399209,99.1,100,253,111,142
14485,3544284,99.5644104803494,100,98.95,229,134,95
14486,3545222,100,100,100,197,134,63
14487,3545627,97.4505531914893,97.2,97.66,235,107,128
14488,3545855,98.1116981132075,100,96.4,265,126,139
14489,3545978,100,100,100,241,115,126
14490,3546110,99.606875,100,99.26,256,120,136
14491,3546159,100,100,100,259,116,143
14492,3546610,99.2565055762082,99.18,99.32,269,122,147
14493,3546748,99.5634934497817,100,98.98,229,131,98
14494,3547291,100,100,100,278,119,159
14495,3547415,100,100,100,266,124,142
14496,3547471,100,100,100,272,123,149
14497,3547742,99.1379310344828,97.5,100,232,80,152
14498,3548325,99.2401901140684,99.17,99.3,263,121,142
14499,3548391,99.1455555555555,99.04,99.23,234,104,130
14500,3548580,100,100,100,245,136,109
14501,3548640,98.8909225092251,100,97.79,271,135,136
14502,3548673,100,100,100,237,127,110
14503,3548949,99.5812552301255,99.28,100,239,139,100
14504,3549573,99.5696551724138,100,99.04,232,128,104
14505,3549608,100,100,100,223,127,96
14506,3550128,99.1731404958678,100,98.62,242,97,145
14507,3550165,99.5490990990991,100,99.09,222,112,110
14508,3550263,99.6173384030418,100,99.26,263,127,136
14509,3550606,98.4217894736842,100,94.83,190,132,58
14510,3550677,98.3731300813008,99.21,97.48,246,127,119
14511,3550687,98.7035775862069,99.08,98.37,232,109,123
14512,3550708,98.3448547717842,98.25,98.43,241,114,127
14513,3550785,100,100,100,240,111,129
14514,3550876,98.5389268292683,100,97.66,205,77,128
14515,3550906,99.6072727272727,100,99.31,253,109,144
14516,3550966,99.1839837398374,99.09,99.26,246,110,136
14517,3551020,99.5846058091286,100,99.29,241,100,141
14518,3551028,98.9851776649746,100,98.32,197,78,119
14519,3551034,99.4532786885246,100,98.55,183,114,69
14520,3551101,98.9572916666667,96.15,100,192,52,140
14521,3551178,100,100,100,219,102,117
14522,3551193,99.5412903225806,100,99.21,217,91,126
14523,3551506,99.5731063829787,99.12,100,235,114,121
14524,3551784,99.5731914893617,100,99.15,235,117,118
14525,3551862,100,100,100,225,103,122
14526,3552154,98.6533632286996,97.14,100,223,105,118
14527,3552600,97.2375576036867,95,99.15,217,100,117
14528,3552809,88.8921637426901,92.86,81.36,171,112,59
14529,3552904,97.3925217391304,100,94.83,230,114,116
14530,3553193,100,100,100,240,118,122
14531,3553481,100,100,100,250,133,117
14532,3553496,100,100,100,218,115,103
14533,3553605,100,100,100,242,134,108
14534,3553875,99.1511489361702,99.12,99.18,235,113,122
14535,3554756,100,100,100,277,141,136
14536,3555029,98.8112301587302,99.3,98.17,252,143,109
14537,3555261,100,100,100,264,104,160
14538,3555575,98.8635227272727,97.81,100,264,137,127
14539,3555623,98.1217293233083,97.66,98.55,266,128,138
14540,3555813,100,100,100,289,144,145
14541,3556797,100,100,100,243,109,134
14542,3556904,99.2525842696629,99.32,99.17,267,147,120
14543,3556962,99.6522491349481,99.25,100,289,134,155
14544,3557012,100,100,100,296,149,147
14545,3557199,98.6870819672131,97.18,100,305,142,163
14546,3557250,99.3259259259259,99.3,99.35,297,143,154
14547,3557426,98.7834959349593,99.22,98.31,246,128,118
14548,3557477,99.6180152671756,99.28,100,262,139,123
14549,3557898,99.2582962962963,99.33,99.17,270,149,121
14550,3558392,99.6540689655172,99.34,100,290,152,138
14551,3558740,100,100,100,282,137,145
14552,3558865,99.6516319444444,100,99.21,288,161,127
14553,3558880,100,100,100,235,129,106
14554,3559217,99.6481818181818,100,99.22,286,157,129
14555,3559304,100,100,100,309,157,152
14556,3559318,100,100,100,279,160,119
14557,3559667,100,100,100,281,127,154
14558,3559793,99.2759636363636,99.39,99.11,275,163,112
14559,3559847,99.3263851351351,98.73,100,296,157,139
14560,3559986,100,100,100,323,174,149
14561,3560155,99.6647811447811,99.24,100,297,131,166
14562,3560400,100,100,100,283,154,129
14563,3560460,100,100,100,280,124,156
14564,3560749,98.6658528428094,98.84,98.43,299,172,127
14565,3560799,100,100,100,298,175,123
14566,3561069,97.7938235294118,100,94.23,272,168,104
14567,3561105,99.6771521035599,99.42,100,309,172,137
14568,3561148,100,100,100,338,184,154
14569,3561270,99.2797111913357,100,98.28,277,161,116
14570,3561740,98.6685,98.79,98.52,300,165,135
14571,3561818,97.91875,98.79,96.75,288,165,123
14572,3562026,99.6781350482315,100,99.3,311,168,143
14573,3562119,99.2904964539007,98.78,100,282,164,118
14574,3562338,99.3353511705686,99.35,99.32,299,153,146
14575,3562369,98.6112962962963,99.42,95.45,216,172,44
14576,3562697,99.6162162162162,99.3,100,259,142,117
14577,3562787,100,100,100,287,145,142
14578,3562845,96.6659523809524,89.55,100,210,67,143
14579,3563322,99.65,99.25,100,285,133,152
14580,3563379,99.2473684210526,98.6,100,266,143,123
14581,3563451,100,100,100,264,148,116
14582,3563533,98.4627692307692,98.61,98.28,260,144,116
14583,3564149,95.0681614349776,98.65,88,223,148,75
14584,3564167,98.5074626865672,97.71,99.27,268,131,137
14585,3564326,99.21578125,99.24,99.19,256,132,124
14586,3564339,99.6282462686567,100,99.19,268,145,123
14587,3564356,99.5718884120172,100,99.05,233,128,105
14588,3564374,98.7151282051282,98.58,98.92,234,141,93
14589,3564533,99.633663003663,99.27,100,273,137,136
14590,3564653,99.6814012738853,99.39,100,314,164,150
14591,3564669,99.6829936305733,99.37,100,314,158,156
14592,3564737,97.4820863309353,97.56,97.37,278,164,114
14593,3564747,98.6528859060403,98.22,99.22,298,169,129
14594,3564768,98.6815789473684,98.05,99.33,304,154,150
14595,3565347,100,100,100,327,161,166
14596,3565367,98.7364353312303,98.21,99.33,317,168,149
14597,3565431,98.2036526946108,97.59,98.81,334,166,168
14598,3565575,99.3659554140127,99.34,99.39,314,151,163
14599,3565931,98.7723312883436,98.36,99.3,326,183,143
14600,3566429,99.7000898203593,99.37,100,334,159,175
14601,3567041,98.6309931506849,100,96.75,292,169,123
14602,3567378,99.6901869158878,99.35,100,321,153,168
14603,3567416,99.3103448275862,98.4,100,290,125,165
14604,3567767,99.1759670781893,98.84,99.36,243,86,157
14605,3568174,99.6940672782875,100,99.39,327,163,164
14606,3568310,98.977619047619,100,97.74,294,161,133
14607,3568366,99.3465798045602,100,98.82,307,137,170
14608,3568426,98.4503100775194,98.47,98.43,258,131,127
14609,3568462,98.2123214285714,100,96.45,280,139,141
14610,3568586,99.6196168582375,100,99.32,261,115,146
14611,3568636,100,100,100,250,149,101
14612,3568714,100,100,100,274,157,117
14613,3568864,100,100,100,297,150,147
14614,3568916,99.3936363636364,100,95.65,165,142,23
14615,3569029,99.6764285714286,100,99.34,308,157,151
14616,3569114,99.2253281853282,100,98.68,259,107,152
14617,3569132,99.6784664536741,99.32,100,313,148,165
14618,3569305,99.3805572755418,99.4,99.36,323,166,157
14619,3569494,99.21953125,100,98.52,256,121,135
14620,3569505,99.2572862453532,99.05,99.39,269,105,164
14621,3570138,99.6909657320872,100,99.38,321,161,160
14622,3570312,100,100,100,282,146,136
14623,3570475,98.6656,97.12,100,300,139,161
14624,3570766,100,100,100,294,147,147
14625,3570805,99.3038327526132,100,98.52,287,152,135
14626,3570817,99.1546610169491,98.67,100,236,150,86
14627,3570918,99.662962962963,100,99.3,297,154,143
14628,3571038,100,100,100,323,164,159
14629,3571584,100,100,100,324,160,164
14630,3571688,99.3509090909091,98.81,100,308,168,140
14631,3572235,99.3626198083067,100,98.5,313,180,133
14632,3572382,100,100,100,308,158,150
14633,3572420,100,100,100,316,173,143
14634,3572693,99.3344,98.72,100,300,156,144
14635,3573212,99.6705573770492,100,99.36,305,148,157
14636,3573443,98.175401459854,98.29,98.09,274,117,157
14637,3573494,98.6203448275862,97.86,99.33,290,140,150
14638,3573955,99.5941869918699,99.33,100,246,149,97
14639,3574124,99.6395667870036,99.22,100,277,128,149
14640,3574190,99.6311764705882,99.12,100,272,114,158
14641,3574426,98.9798299319728,98.62,99.33,294,145,149
14642,3574702,93.5468817204301,88.52,96,186,61,125
14643,3575104,98.1994144144144,99.2,96.91,222,125,97
14644,3575117,97.0602521008403,97.27,96.88,238,110,128
14645,3575317,98.666,100,96.55,225,138,87
14646,3576148,99.6112403100775,99.15,100,258,118,140
14647,3576302,99.6247169811321,100,99.15,265,148,117
14648,3576364,99.6305555555556,99.25,100,270,133,137
14649,3576526,98.6719911504425,99.3,97.59,226,143,83
14650,3576804,99.147829787234,99.22,99.06,235,129,106
14651,3576829,98.2317699115044,96.23,100,226,106,120
14652,3577122,98.75125,100,97.3,240,129,111
14653,3577339,99.20244,98.43,100,250,127,123
14654,3577410,100,100,100,236,120,116
14655,3577572,100,100,100,221,100,121
14656,3577739,96.2172432432433,95.24,97.03,185,84,101
14657,3578356,99.0871232876712,100,97.96,219,121,98
14658,3578965,97.4869346733668,98.15,96.7,199,108,91
14659,3579092,100,100,100,166,83,83
14660,3579290,98.1647706422018,83.33,100,109,12,97
14661,3579296,100,100,100,184,107,77
14662,3579553,98.5916901408451,97.98,100,142,99,43
14663,3579641,94.6193548387097,93.68,95.6,186,95,91
14664,3579692,95.7612727272727,92.86,98.77,165,84,81
14665,3580233,99.3917073170732,100,98.84,164,78,86
14666,3580617,100,100,100,143,98,45
14667,3580638,100,100,100,172,93,79
14668,3580919,90.6488489208633,88.71,92.21,139,62,77
14669,3581012,95.3022818791946,100,87.72,149,92,57
14670,3581250,97.3214285714286,100,90,112,82,30
14671,3581277,99.1224561403509,98.78,100,114,82,32
14672,3581478,97.5816129032258,100,94.12,124,73,51
14673,3582214,88.1349152542373,88.89,87.27,118,63,55
14674,3582497,96.8746875,95.92,97.87,96,49,47
14675,3583366,91.7651764705882,95.92,86.11,85,49,36
14676,3583386,94.1186274509804,95,93.55,102,40,62
14677,3584814,97.8907042253521,96.88,98.72,142,64,78
14678,3585364,100,100,100,178,79,99
14679,3585729,99.016354679803,100,97.92,203,107,96
14680,3585931,97.8038461538462,94.29,100,182,70,112
14681,3586039,100,100,100,233,119,114
14682,3586072,98.9863959390863,97.92,100,197,96,101
14683,3586254,99.0239024390244,100,97.7,205,118,87
14684,3586437,99.5089655172414,99.11,100,203,112,91
14685,3587965,98.8442307692308,98.37,99.27,260,123,137
14686,3588001,98.7887044534413,99.21,98.35,247,126,121
14687,3588270,99.226138996139,98.47,100,259,131,128
14688,3588599,100,100,100,281,140,141
14689,3588725,99.6456939501779,100,99.24,281,150,131
14690,3588956,98.7600413223141,98.56,99.03,242,139,103
14691,3588993,99.6112403100775,99.15,100,258,118,140
14692,3589315,99.2565671641791,99.29,99.22,268,140,128
14693,3589327,97.4789075630252,95.73,99.17,238,117,121
14694,3589350,99.2449811320755,100,98.36,265,143,122
14695,3589411,100,100,100,281,132,149
14696,3589492,100,100,100,271,124,147
14697,3589960,98.1805454545455,97.93,98.46,275,145,130
14698,3589969,96.0004,89.29,98.61,200,56,144
14699,3589978,97.155243902439,97.28,96.97,246,147,99
14700,3590126,99.6525,100,99.28,288,149,139
14701,3590154,98.5348351648352,98.67,98.37,273,150,123
14702,3590211,98.4012,97.27,99.29,250,110,140
14703,3590346,100,100,100,263,119,144
14704,3590502,100,100,100,188,100,88
14705,3590532,100,100,100,246,127,119
14706,3590777,98.6540358744395,100,96.55,223,136,87
14707,3591139,100,100,100,261,142,119
14708,3591739,100,100,100,223,101,122
14709,3591813,100,100,100,225,129,96
14710,3592601,95.8485062240664,95,96.69,241,120,121
14711,3592823,100,100,100,269,135,134
14712,3593276,99.0425837320574,100,97.1,209,140,69
14713,3593464,98.546,97.67,99.32,275,129,146
14714,3593485,99.6235849056604,100,99.25,265,132,133
14715,3594009,99.2446212121212,98.31,100,264,118,146
14716,3594109,98.7050862068966,97.96,99.25,232,98,134
14717,3594285,100,100,100,260,140,120
14718,3594704,98.8576045627376,98.45,99.25,263,129,134
14719,3594713,97.7969162995595,99.26,95.65,227,135,92
14720,3594807,99.5678260869565,99.29,100,230,140,90
14721,3594894,100,100,100,235,104,131
14722,3595122,100,100,100,240,97,143
14723,3595834,100,100,100,239,128,111
14724,3595925,100,100,100,232,121,111
14725,3596234,99.6034262948207,99.21,100,251,126,125
14726,3596288,100,100,100,233,113,120
14727,3596450,99.492385786802,100,99,197,97,100
14728,3596517,99.0639252336449,99.18,98.91,214,122,92
14729,3596656,100,100,100,197,84,113
14730,3596679,99.044019138756,100,97.78,209,119,90
14731,3596727,100,100,100,178,122,56
14732,3596935,99.4559782608696,100,98.7,184,107,77
14733,3597202,98.0383660130719,97.59,98.57,153,83,70
14734,3598047,99.0557075471698,99.03,99.08,212,103,109
14735,3598294,99.0761290322581,100,98.21,217,105,112
14736,3598457,93.8650920245399,97.39,85.42,163,115,48
14737,3598621,98.6022325581395,98.36,98.92,215,122,93
14738,3598702,99.5393548387097,99.16,100,217,119,98
14739,3598796,99.5718454935622,100,99.14,233,117,116
14740,3598831,100,100,100,233,119,114
14741,3599249,100,100,100,234,112,122
14742,3599300,100,100,100,209,111,98
14743,3600446,99.58125,99.25,100,240,134,106
14744,3600458,100,100,100,228,107,121
14745,3600623,99.1801234567901,99.19,99.17,243,123,120
14746,3600646,98.9839593908629,100,97.22,197,125,72
14747,3601404,100,100,100,280,131,149
14748,3601508,99.2267567567568,99.19,99.26,259,123,136
14749,3601557,100,100,100,206,151,55
14750,3601889,100,100,100,277,145,132
14751,3602033,100,100,100,246,109,137
14752,3602149,100,100,100,233,112,121
14753,3602443,99.2143529411765,100,98.11,255,149,106
14754,3602487,100,100,100,162,50,112
14755,3602605,99.6147286821705,99.29,100,258,140,118
14756,3603357,100,100,100,254,147,107
14757,3603534,99.5628820960699,99.09,100,229,110,119
14758,3603566,100,100,100,303,157,146
14759,3604643,99.6524475524475,100,99.3,286,144,142
14760,3604772,99.6081102362205,99.21,100,254,126,128
14761,3605446,100,100,100,223,120,103
14762,3606354,100,100,100,263,149,114
14763,3606973,99.5987550200803,98.97,100,249,97,152
14764,3607447,100,100,100,259,110,149
14765,3608191,100,100,100,188,71,117
14766,3608533,100,100,100,274,132,142
14767,3608659,98.6216513761468,98.85,98.47,218,87,131
14768,3608677,99.627063197026,99.24,100,269,132,137
14769,3608862,99.2366030534351,99.2,99.27,262,125,137
14770,3608988,96.1837404580153,98.33,94.37,262,120,142
14771,3609286,100,100,100,294,135,159
14772,3609445,99.6486013986014,99.25,100,286,134,152
14773,3610226,99.5956451612903,98.91,100,248,92,156
14774,3610238,99.2481954887218,99.07,99.37,266,108,158
14775,3610268,100,100,100,273,126,147
14776,3610286,100,100,100,220,106,114
14777,3610454,99.2993684210526,100,98.72,285,129,156
14778,3611141,99.6077559055118,100,99.19,254,131,123
14779,3611331,98.6175115207373,95,100,217,60,157
14780,3611738,100,100,100,252,111,141
14781,3611931,100,100,100,284,132,152
14782,3612084,99.6524305555556,99.23,100,288,130,158
14783,3613119,99.2732846715328,99.32,99.22,274,146,128
14784,3613336,100,100,100,272,142,130
14785,3613491,99.20796812749,99.12,99.28,251,113,138
14786,3613539,99.2701098901099,99.26,99.28,273,135,138
14787,3613556,98.9251071428571,98.37,99.36,280,123,157
14788,3613584,97.7364253393665,92.75,100,221,69,152
14789,3613871,99.6536896551724,99.17,100,290,121,169
14790,3614312,100,100,100,288,135,153
14791,3614468,99.3162328767123,100,98.66,292,143,149
14792,3614664,100,100,100,276,116,160
14793,3614940,100,100,100,238,112,126
14794,3615035,98.1925992779783,100,96.77,277,122,155
14795,3615194,99.59824,99.19,100,250,124,126
14796,3615277,99.5930894308943,98.7,100,246,77,169
14797,3615304,98.7480334728033,97.94,99.3,239,97,142
14798,3615422,100,100,100,248,138,110
14799,3615943,100,100,100,292,145,147
14800,3616069,99.5885185185185,98.99,100,243,99,144
14801,3616227,100,100,100,223,87,136
14802,3616351,99.3072664359862,98.57,100,289,140,149
14803,3616492,100,100,100,278,124,154
14804,3616726,100,100,100,278,127,151
14805,3616746,98.8794776119403,97.27,100,268,110,158
14806,3616975,100,100,100,256,120,136
14807,3617556,100,100,100,269,130,139
14808,3618106,100,100,100,260,119,141
14809,3618191,99.5911111111111,100,99.31,243,99,144
14810,3618323,99.2050199203187,99.2,99.21,251,125,126
14811,3619017,90.0017391304348,80.65,96.35,230,93,137
14812,3622853,96.8999224806202,95.16,98.51,129,62,67
14813,3623163,92.3084615384615,90.32,94.55,117,62,55
14814,3623987,78.3802702702703,91.67,65.79,74,36,38
14815,3624243,89.29,88.1,90.48,84,42,42
14816,3624344,75.9479746835443,73.68,78.05,79,38,41
14817,3624804,90.3252688172043,80.49,98.08,93,41,52
14818,3625272,99.1533898305085,97.78,100,118,45,73
14819,3626037,100,100,100,157,88,69
14820,3626130,98.7091612903226,97.56,100,155,82,73
14821,3626145,99.31,100,98.55,145,76,69
14822,3626208,99.255,98.51,100,134,67,67
14823,3626218,99.2771014492754,98.28,100,138,58,80
14824,3626259,98.6380952380952,98.7,98.57,147,77,70
14825,3626288,98.5735,100,96.83,140,77,63
14826,3626562,98.170243902439,97.73,98.68,164,88,76
14827,3626607,97.9466438356164,98.36,97.65,146,61,85
14828,3626630,97.3112080536913,95.71,98.73,149,70,79
14829,3626649,95.8325,96.3,95.45,120,54,66
14830,3626668,97.2981081081081,95.59,98.75,148,68,80
14831,3626899,98.8038323353293,100,97.73,167,79,88
14832,3626966,100,100,100,144,76,68
14833,3627001,91.5254237288136,100,68.75,59,43,16
14834,3627005,93.3333333333333,100,80,90,60,30
14835,3627032,97.6177777777778,100,90.62,126,94,32
14836,3627092,99.428,98.9,100,175,91,84
14837,3627353,98.2452631578947,99.02,97.1,171,102,69
14838,3627374,98.8513218390805,100,97.47,174,95,79
14839,3627563,100,100,100,133,58,75
14840,3627623,99.4031137724551,98.88,100,167,89,78
14841,3627664,99.3896341463415,98.9,100,164,91,73
14842,3627830,100,100,100,153,87,66
14843,3627868,99.3941818181818,98.81,100,165,84,81
14844,3628183,100,100,100,156,93,63
14845,3628222,100,100,100,143,97,46
14846,3628516,99.0186274509804,100,96.15,102,76,26
14847,3628660,100,100,100,156,81,75
14848,3628696,100,100,100,156,85,71
14849,3628745,97.7409022556391,98.82,95.83,133,85,48
14850,3628970,100,100,100,65,26,39
14851,3628975,100,100,100,102,24,78
14852,3629030,98.6713907284768,98.82,98.48,151,85,66
14853,3629113,99.3694303797468,100,98.77,158,77,81
14854,3629772,98.7416981132075,97.53,100,159,81,78
14855,3629791,99.35,98.7,100,154,77,77
14856,3629871,97.2609589041096,100,93.55,146,84,62
14857,3630135,100,100,100,155,81,74
14858,3630823,98.4957894736842,98.46,98.53,133,65,68
14859,3631291,90.8036781609195,92.5,89.36,87,40,47
14860,3631382,98.9572916666667,98.18,100,96,55,41
14861,3631448,98.0563106796116,96.15,100,103,52,51
14862,3631673,96.9996,97.92,96.15,100,48,52
14863,3631697,92.8558333333333,85.71,97.96,84,35,49
14864,3632015,97.0579411764706,97.62,96.15,68,42,26
14865,3632339,92.2055844155844,90,94.59,77,40,37
14866,3632966,76.5628125,71.05,84.62,64,38,26
14867,3633152,89.9991666666667,88.57,92,60,35,25
14868,3633206,90.1626229508197,97.14,80.77,61,35,26
14869,3633556,74.4674468085106,29.41,100,47,17,30
14870,3633626,91.5667469879518,90.48,92.68,83,42,41
14871,3634240,87.6530864197531,93.02,81.58,81,43,38
14872,3635636,97.0564705882353,100,94.44,136,64,72
14873,3636045,95.0688028169014,95.89,94.2,142,73,69
14874,3636979,100,100,100,144,73,71
14875,3637159,99.4427777777778,100,98.82,180,95,85
14876,3637316,97.5749090909091,95.06,100,165,81,84
14877,3637889,100,100,100,189,99,90
14878,3637908,98.036862745098,98.9,96.77,153,91,62
14879,3638023,99.4924365482234,100,99.01,197,96,101
14880,3638119,96.3446341463415,99.05,91.53,164,105,59
14881,3638284,99.5121951219512,99,100,205,100,105
14882,3638504,100,100,100,201,97,104
14883,3638645,100,100,100,181,92,89
14884,3638732,100,100,100,200,92,108
14885,3638797,100,100,100,188,100,88
14886,3639502,99.1110666666667,100,98.23,225,112,113
14887,3639610,97.1134104046243,98.1,95.59,173,105,68
14888,3639863,98.515,98.02,99.01,202,101,101
14889,3639956,95.6507065217391,100,89.87,184,105,79
14890,3640219,96.5895454545455,99.07,92.65,176,108,68
14891,3640489,100,100,100,199,107,92
14892,3640619,99.537488372093,99.12,100,215,113,102
14893,3640719,20.109347826087,26.32,13.48,184,95,89
14894,3640916,95.1117777777778,96.95,92.55,225,131,94
14895,3641274,98.9273655913978,98.8,99.03,186,83,103
14896,3641315,99.4028571428571,98.68,100,168,76,92
14897,3641357,100,100,100,212,124,88
14898,3641534,99.5815,100,99.07,240,132,108
14899,3642198,100,100,100,244,120,124
14900,3642542,98.6215668202765,99.12,98.08,217,113,104
14901,3643139,100,100,100,238,122,116
14902,3643212,100,100,100,240,119,121
14903,3643479,99.4188372093023,100,98.98,172,74,98
14904,3643789,100,100,100,229,107,122
14905,3643953,97.7904867256637,99.07,96.64,226,107,119
14906,3644283,100,100,100,212,114,98
14907,3644398,99.5298113207547,100,99.11,212,100,112
14908,3644448,100,100,100,197,85,112
14909,3644832,99.3527741935484,98.86,100,155,88,67
14910,3645457,99.5217224880383,100,98.98,209,111,98
14911,3646006,99.3854601226994,98.11,100,163,53,110
14912,3646013,100,100,100,189,97,92
14913,3646076,99.4334463276836,100,99.08,177,68,109
14914,3646213,100,100,100,193,87,106
14915,3646485,97.5107462686567,94.62,100,201,93,108
14916,3646551,87.8798484848485,98.31,79.45,132,59,73
14917,3646696,99.4418994413408,100,98.89,179,89,90
14918,3646707,100,100,100,162,87,75
14919,3647395,100,100,100,181,96,85
14920,3647489,98.844450867052,98.77,98.91,173,81,92
14921,3647733,98.5288235294118,99.07,97.92,204,108,96
14922,3648631,98.3609836065574,98.96,97.7,183,96,87
14923,3648666,99.3006993006993,100,98,143,93,50
14924,3649586,100,100,100,122,39,83
14925,3649593,98.7799390243902,98.99,98.46,164,99,65
14926,3650300,100,100,100,148,80,68
14927,3650472,98.5814893617021,98.72,98.41,141,78,63
14928,3651463,84.3390361445783,94.83,60,83,58,25
14929,3652000,81.7332692307692,91.38,69.57,104,58,46
14930,3652190,97.8729787234043,98.18,97.44,94,55,39
14931,3652441,100,100,100,78,47,31
14932,3652680,100,100,100,73,49,24
14933,3653200,91.55,91.89,91.18,71,37,34
14934,3654268,98.4603076923077,97.22,100,65,36,29
14935,3654779,98.5901408450704,100,96.15,71,45,26
14936,3655151,98.6275342465754,97.67,100,73,43,30
14937,3655169,100,100,100,72,42,30
14938,3655363,100,100,100,76,47,29
14939,3655723,100,100,100,51,31,20
14940,3656042,90.9127272727273,91.18,90.48,55,34,21
14941,3656065,96.9681818181818,100,93.33,66,36,30
14942,3656161,96.4929824561404,97.3,95,57,37,20
14943,3657032,94.64375,93.55,96,56,31,25
14944,3657268,97.3322666666667,95.12,100,75,41,34
14945,3657588,98.1818181818182,100,90,55,45,10
14946,3657613,96.49,92.59,100,57,27,30
14947,3657650,98.7184615384615,97.62,100,78,42,36
14948,3658083,89.0369863013699,94.44,83.78,73,36,37
14949,3658187,88.7096774193548,88.89,88.46,62,36,26
14950,3658462,89.3308,94.59,84.21,75,37,38
14951,3659104,99.0581132075472,100,98.44,106,42,64
14952,3659509,99.2629411764706,98.21,100,136,56,80
14953,3659724,100,100,100,140,58,82
14954,3659863,98.0759615384615,97.1,98.85,156,69,87
14955,3660289,100,100,100,103,21,82
14956,3660297,100,100,100,108,52,56
14957,3660433,97.0169402985075,100,94.37,134,63,71
14958,3660492,98.438125,98.11,98.67,128,53,75
14959,3661113,99.3081379310345,100,98.48,145,79,66
14960,3661278,98.2892307692308,100,94.44,117,81,36
14961,3661557,100,100,100,154,63,91
14962,3661725,100,100,100,152,73,79
14963,3661809,100,100,100,117,53,64
14964,3661836,100,100,100,156,76,80
14965,3662110,100,100,100,152,65,87
14966,3662346,99.35,98.7,100,154,77,77
14967,3663157,100,100,100,156,76,80
14968,3663860,97.7067175572519,98.33,97.18,131,60,71
14969,3664239,94.001,94.55,93.33,100,55,45
14970,3664596,98.1488888888889,95.24,100,108,42,66
14971,3664832,84.4444444444444,75,92,90,40,50
14972,3665084,93.5794495412844,87.04,100,109,54,55
14973,3666231,96.126511627907,92.16,98.72,129,51,78
14974,3666420,99.2712408759124,98.96,100,137,96,41
14975,3666772,98.4055319148936,99,97.73,188,100,88
14976,3667042,100,100,100,165,80,85
14977,3667263,100,100,100,179,95,84
14978,3667327,100,100,100,144,66,78
14979,3667342,99.3596153846154,100,98.65,156,82,74
14980,3667781,96.3507299270073,93.65,98.65,137,63,74
14981,3668331,99.4041666666667,99.09,100,168,110,58
14982,3668412,98.9072131147541,98.02,100,183,101,82
14983,3668601,97.8856338028169,100,94.44,142,88,54
14984,3669160,100,100,100,172,89,83
14985,3669362,96.1560256410256,95.89,96.39,156,73,83
14986,3669497,98.2873714285714,98.94,97.53,175,94,81
14987,3669586,95.1816867469879,93.18,97.44,166,88,78
14988,3669637,94.0778289473684,92.54,95.29,152,67,85
14989,3669647,96.3163157894737,94,98.89,190,100,90
14990,3669694,97.6850867052023,97.67,97.7,173,86,87
14991,3669761,98.9842639593909,98.26,100,197,115,82
14992,3670034,99.4982914572864,100,98.96,199,103,96
14993,3670201,98.94,98.94,98.94,188,94,94
14994,3670425,98.9070491803279,98.23,100,183,113,70
14995,3670451,99.4736842105263,98.75,100,190,80,110
14996,3670640,98.9949748743719,98,100,199,100,99
14997,3670889,100,100,100,171,97,74
14998,3671113,97.5915662650603,98.51,96.97,166,67,99
14999,3671410,94.707,86.57,100,170,67,103
15000,3671481,100,100,100,210,100,110
15001,3671730,100,100,100,137,86,51
15002,3672961,99.5355555555556,99.12,100,216,114,102
15003,3673134,100,100,100,229,104,125
15004,3673380,96.4830653266332,97.96,95.05,199,98,101
15005,3673399,99.5024875621891,100,99.2,201,76,125
15006,3673549,100,100,100,224,107,117
15007,3673708,99.1150442477876,100,98.4,226,101,125
15008,3673882,98.0480975609756,94.87,100,205,78,127
15009,3673965,100,100,100,206,89,117
15010,3674103,97.6431132075472,96.61,98.94,212,118,94
15011,3674834,98.7683606557377,98.46,99.12,244,130,114
15012,3674958,100,100,100,171,62,109
15013,3675051,100,100,100,240,123,117
15014,3675494,98.79824,97.41,100,250,116,134
15015,3675767,99.616641221374,100,99.19,262,138,124
15016,3676351,99.227722007722,100,98.54,259,122,137
15017,3676521,97.7586098654708,98.57,96.39,223,140,83
15018,3677049,99.2539179104478,98.45,100,268,129,139
15019,3677481,99.1635146443515,98.32,100,239,119,120
15020,3677744,98.3150632911392,96.97,99.28,237,99,138
15021,3677784,97.8068421052632,99.07,96.67,228,108,120
15022,3677802,98.7823076923077,99.17,98.41,247,121,126
15023,3677833,97.5481595092024,98.15,97.25,163,54,109
15024,3677844,96.9528658536585,96.3,97.59,164,81,83
15025,3677989,99.5370833333333,98.99,100,216,99,117
15026,3678186,97.6654672897196,100,94.51,214,123,91
15027,3678283,97.6183333333333,97.39,97.81,252,115,137
15028,3678990,99.283835125448,99.09,99.41,279,110,169
15029,3679078,99.6521602787456,100,99.33,287,138,149
15030,3679404,98.3864516129032,97.86,98.82,310,140,170
15031,3679543,99.6418996415771,99.03,100,279,103,176
15032,3679836,99.2559107806691,99.11,99.36,269,112,157
15033,3680187,97.9090149253731,100,96.02,335,159,176
15034,3680537,100,100,100,245,74,171
15035,3680633,99.6810289389067,100,99.38,311,151,160
15036,3681359,98.601958041958,100,97.06,286,150,136
15037,3681368,99.6332103321033,100,99.29,271,131,140
15038,3681627,99.5759322033898,98.61,100,236,72,164
15039,3681776,100,100,100,306,148,158
15040,3681851,99.60953125,99.16,100,256,119,137
15041,3681952,96.7008058608059,97.24,96.09,273,145,128
15042,3682333,100,100,100,301,160,141
15043,3682873,99.3558709677419,98.72,100,310,156,154
15044,3683082,100,100,100,319,165,154
15045,3683124,100,100,100,275,160,115
15046,3683305,99.1041916167665,98.88,99.36,334,178,156
15047,3683543,84.3289552238806,95,68.52,134,80,54
15048,3684227,98.802994011976,99.42,98.14,334,173,161
15049,3684422,99.3153424657534,99.25,99.37,292,133,159
15050,3684509,100,100,100,254,143,111
15051,3684684,100,100,100,312,165,147
15052,3684798,99.6987613293051,99.41,100,331,169,162
15053,3685664,99.6425,99.35,100,280,154,126
15054,3685956,100,100,100,277,169,108
15055,3686135,99.6806389776358,100,99.32,313,166,147
15056,3686154,99.0308737864078,98.14,100,309,161,148
15057,3686765,99.3008741258741,100,98.45,286,157,129
15058,3686825,100,100,100,312,161,151
15059,3686996,99.655724137931,100,99.22,290,162,128
15060,3687081,100,100,100,296,161,135
15061,3687452,99.6888544891641,100,99.33,323,173,150
15062,3687662,99.1158702064897,99.41,98.82,339,170,169
15063,3688110,98.9868918918919,100,97.62,296,170,126
15064,3688220,99.7073746312685,100,99.38,339,179,160
15065,3688373,100,100,100,322,163,159
15066,3688443,98.0737820512821,97.76,98.31,312,134,178
15067,3688589,98.9957046979866,99.32,98.68,298,147,151
15068,3688916,100,100,100,318,155,163
15069,3689000,97.9352892561983,100,93.98,242,159,83
15070,3689039,100,100,100,330,181,149
15071,3689230,99.5883127572016,100,99.39,243,79,164
15072,3689488,100,100,100,330,180,150
15073,3689546,99.38,99.38,99.38,321,160,161
15074,3690476,99.166875,100,97.85,240,147,93
15075,3690670,100,100,100,319,150,169
15076,3690758,97.4094174757281,95.14,99.39,309,144,165
15077,3690800,99.6850793650794,100,99.38,315,155,160
15078,3690967,99.6576551724138,99.32,100,290,146,144
15079,3691015,98.1488888888889,98.1,98.18,270,105,165
15080,3691405,98.3102702702703,99.23,97.59,296,130,166
15081,3691507,99.6596283783784,100,99.35,296,141,155
15082,3691732,99.3083333333333,100,98.8,288,122,166
15083,3691786,100,100,100,293,139,154
15084,3692005,99.3182653061224,98.47,100,294,131,163
15085,3692510,100,100,100,294,131,163
15086,3692639,99.1156828193833,98.9,99.26,227,91,136
15087,3693039,99.1818032786885,100,98.39,244,120,124
15088,3693045,98.1002281368821,97.64,98.53,263,127,136
15089,3693145,100,100,100,282,140,142
15090,3693333,99.2149019607843,100,98.18,255,145,110
15091,3693498,99.6455123674912,99.34,100,283,152,131
15092,3693525,100,100,100,287,155,132
15093,3693552,100,100,100,293,130,163
15094,3693621,99.6598634812287,100,99.34,293,142,151
15095,3694135,99.2830357142857,99.2,99.35,280,125,155
15096,3694308,99.6397101449275,99.12,100,276,113,163
15097,3694382,99.31264604811,100,98.54,291,154,137
15098,3694559,99.6576870748299,99.32,100,294,148,146
15099,3694671,100,100,100,227,95,132
15100,3694785,100,100,100,271,142,129
15101,3694965,99.3145205479452,98.56,100,292,139,153
15102,3695112,100,100,100,246,115,131
15103,3695563,99.6222641509434,99.23,100,265,130,135
15104,3696153,97.071589958159,98.39,95.65,239,124,115
15105,3696194,95.91,92.73,99.09,220,110,110
15106,3696558,97.3448936170213,96.88,97.83,188,96,92
15107,3696648,97.8635042735043,97.27,98.39,234,110,124
15108,3696768,83.7671428571429,61.36,92.73,154,44,110
15109,3697112,100,100,100,257,133,124
15110,3697460,98.494037735849,99.28,97.64,265,138,127
15111,3697770,99.1660669456067,98.97,99.3,239,97,142
15112,3697851,99.5977822580645,100,99.25,248,115,133
15113,3698433,100,100,100,256,135,121
15114,3699060,99.6679598662207,100,99.32,299,153,146
15115,3699256,98.5320879120879,99.25,97.84,273,134,139
15116,3699709,98.0300393700787,99.13,97.12,254,115,139
15117,3700008,99.1748148148148,99.4,98.68,243,167,76
15118,3700725,99.6521602787456,99.33,100,287,149,138
15119,3700960,98.5782206405694,98.68,98.46,281,151,130
15120,3701106,100,100,100,277,127,150
15121,3701328,100,100,100,269,127,142
15122,3701430,99.6286346863469,99.26,100,271,136,135
15123,3701604,98.8061111111111,99.17,98.47,252,121,131
15124,3701727,98.8316342412451,98.69,99.04,257,153,104
15125,3701888,99.6519163763066,100,99.26,287,152,135
15126,3702053,100,100,100,244,116,128
15127,3702486,100,100,100,307,142,165
15128,3702561,99.6411428571429,100,99.36,280,123,157
15129,3702599,99.6567474048443,99.38,100,289,160,129
15130,3702614,100,100,100,307,155,152
15131,3703358,99.1344155844156,99.07,99.19,231,107,124
15132,3703423,100,100,100,296,158,138
15133,3703568,99.3258585858586,100,98.59,297,155,142
15134,3703877,99.2639483394834,100,98.17,271,162,109
15135,3703935,98.8654339622641,98.58,99.19,265,141,124
15136,3704397,99.6796153846154,99.32,100,312,147,165
15137,3704622,100,100,100,307,149,158
15138,3704816,99.2626568265683,100,98.06,271,168,103
15139,3705174,98.9522027972028,99.27,98.66,286,137,149
15140,3705333,99.0244155844156,98.68,99.36,308,152,156
15141,3705401,99.203984063745,99.04,99.32,251,104,147
15142,3705560,97.048078817734,99.24,93.06,203,131,72
15143,3705660,99.0675348837209,98.92,99.18,215,93,122
15144,3705681,98.0240316205534,98.59,97.3,253,142,111
15145,3705692,95.2398412698413,97.46,91.55,189,118,71
15146,3705702,96.6276404494382,98.7,83.33,178,154,24
15147,3706140,99.5877685950413,100,99.14,242,126,116
15148,3706201,99.6379856115108,100,99.26,278,142,136
15149,3706218,99.6335164835165,99.31,100,273,145,128
15150,3706299,99.6090980392157,100,99.11,255,143,112
15151,3706389,99.4970854271357,100,98.61,199,127,72
15152,3706641,98.4191304347826,100,96.04,253,152,101
15153,3706693,99.6393501805054,100,99.26,277,142,135
15154,3706741,99.6548275862069,100,99.23,290,160,130
15155,3706990,97.2577254901961,95.28,99.22,255,127,128
15156,3707251,100,100,100,282,140,142
15157,3707337,100,100,100,254,137,117
15158,3707482,100,100,100,237,145,92
15159,3707594,97.6996168582375,97.12,98.36,261,139,122
15160,3707848,97.9904819277108,97.62,98.37,249,126,123
15161,3708759,96.2045569620253,95.96,96.38,237,99,138
15162,3709126,99.6186206896552,100,99.21,261,135,126
15163,3709150,99.5886776859504,100,99.21,242,116,126
15164,3709184,100,100,100,269,129,140
15165,3709301,99.1428326180257,98.84,99.32,233,86,147
15166,3711601,98.44,98.96,97.92,192,96,96
15167,3712476,99.1383189655172,99.19,99.08,232,123,109
15168,3712536,99.2157874015748,99.19,99.24,254,123,131
15169,3712776,99.6314285714286,99.22,100,273,129,144
15170,3712930,99.6287084870849,99.22,100,271,129,142
15171,3713068,99.2444528301887,100,98.58,265,124,141
15172,3713194,99.2620588235294,99.22,99.3,272,129,143
15173,3713230,97.8914345991561,100,95.87,237,116,121
15174,3713282,98.7464435146444,97.83,99.32,239,92,147
15175,3713612,98.8461923076923,100,97.71,260,129,131
15176,3713688,99.2259073359073,100,98.37,259,136,123
15177,3714178,99.354,96.77,100,155,31,124
15178,3714238,99.16875,100,98.5,240,107,133
15179,3714634,99.6277153558052,100,99.3,267,125,142
15180,3714958,99.2419771863118,99.2,99.28,263,125,138
15181,3715037,99.60953125,100,99.16,256,137,119
15182,3715070,99.2478195488722,98.36,100,266,122,144
15183,3715376,99.2298455598456,98.17,100,259,109,150
15184,3715637,100,100,100,224,86,138
15185,3715719,96.6490909090909,96.49,96.84,209,114,95
15186,3715729,95.8854117647059,97.12,93.94,170,104,66
15187,3715739,98.304406779661,100,96.72,236,114,122
15188,3715931,100,100,100,245,126,119
15189,3716119,98.275,95.65,100,232,92,140
15190,3716719,100,100,100,239,98,141
15191,3717075,100,100,100,176,94,82
15192,3717282,100,100,100,252,121,131
15193,3717526,99.5728205128205,99.02,100,234,102,132
15194,3717775,99.0706046511628,100,97.94,215,118,97
15195,3717928,100,100,100,236,118,118
15196,3718048,99.4624193548387,100,98.99,186,87,99
15197,3718170,99.4870618556701,99.07,100,194,107,87
15198,3718595,99.5098529411765,99.01,100,204,101,103
15199,3718871,98.3955614973262,100,95.89,187,114,73
15200,3718949,99.0847706422018,98.28,100,218,116,102
15201,3719321,93.3712048192771,96.15,88.71,166,104,62
15202,3719449,98.8567428571429,97.53,100,175,81,94
15203,3719491,97.4374358974359,98.51,96.63,156,67,89
15204,3720289,89.6792903225807,80.56,97.59,155,72,83
15205,3720343,92.8618181818182,85.92,98.8,154,71,83
15206,3720758,100,100,100,162,84,78
15207,3720870,97.5814516129032,96.3,98.57,124,54,70
15208,3720905,95.3516279069767,98.72,90.2,129,78,51
15209,3721062,96.0003333333333,90.77,100,150,65,85
15210,3721116,96.3404268292683,95.06,97.59,164,81,83
15211,3721634,91.0271794871795,87.5,94.74,156,80,76
15212,3721709,93.1499315068493,88,98.59,146,75,71
15213,3722901,100,100,100,161,69,92
15214,3723465,99.4895408163265,100,98.85,196,109,87
15215,3723789,99.510294117647,100,98.89,204,114,90
15216,3723849,100,100,100,177,84,93
15217,3723967,99.3421052631579,100,97.5,152,112,40
15218,3724197,99.4635294117647,100,98.86,187,99,88
15219,3724831,100,100,100,172,93,79
15220,3725281,91.8484444444444,98.92,76.19,135,93,42
15221,3725358,97.2524725274725,100,93.15,182,109,73
15222,3725575,99.4505494505494,100,98.75,182,102,80
15223,3725614,96.9709090909091,100,90.48,132,90,42
15224,3726802,98.8025149700599,100,96.97,167,101,66
15225,3727468,94.3392452830189,96.7,91.18,159,91,68
15226,3727675,95.0922699386503,95.4,94.74,163,87,76
15227,3727753,94.1568831168831,93.06,95.12,154,72,82
15228,3728071,96.7955769230769,95.06,98.67,156,81,75
15229,3729189,99.493654822335,99.05,100,197,105,92
15230,3729213,99.5516071428571,100,99.07,224,116,108
15231,3729354,92.4834682080925,94.78,87.93,173,115,58
15232,3729376,95.3472093023256,93.91,97,215,115,100
15233,3729713,98.6017674418605,99.08,98.11,215,109,106
15234,3730289,99.4706349206349,100,98.85,189,102,87
15235,3730739,99.0009,100,98.06,200,97,103
15236,3730975,95.7886842105263,91.76,99.05,190,85,105
15237,3731231,97.7012643678161,98.63,97.03,174,73,101
15238,3731258,92.9968789808917,88.89,95.15,157,54,103
15239,3731870,99.5540178571429,99.1,100,224,111,113
15240,3732052,97.6422641509434,99,96.43,212,100,112
15241,3732760,99.5696137339056,100,99.08,233,124,109
15242,3733443,100,100,100,251,118,133
15243,3733530,97.9850806451613,96.72,99.21,248,122,126
15244,3733618,99.1828571428571,100,98.46,245,115,130
15245,3735183,99.1705809128631,99.15,99.19,241,117,124
15246,3735829,99.60004,98.99,100,250,99,151
15247,3735892,100,100,100,246,104,142
15248,3735915,97.8837288135593,98.32,97.44,236,119,117
15249,3736035,98.0854066985646,96.77,99.14,209,93,116
15250,3736479,99.5989919354839,100,99.15,248,131,117
15251,3737388,96.5332673267327,96.15,96.94,202,104,98
15252,3738086,98.8044621513944,100,97.58,251,127,124
15253,3738104,99.4982914572864,98.44,100,199,64,135
15254,3738371,98.8934317343173,97.62,100,271,126,145
15255,3738640,98.9531937172775,99.06,98.82,191,106,85
15256,3738683,98.4264566929134,97.73,99.18,254,132,122
15257,3739063,100,100,100,295,139,156
15258,3739310,99.6090625,99.28,100,256,139,117
15259,3739769,100,100,100,272,135,137
15260,3739831,99.2045634920635,97.89,100,252,95,157
15261,3740147,99.6689108910891,99.34,100,303,152,151
15262,3740594,99.6323616236162,99.19,100,271,123,148
15263,3741226,99.2330769230769,99.28,99.18,260,138,122
15264,3741584,100,100,100,259,145,114
15265,3741640,99.1546610169491,98.25,100,236,114,122
15266,3741691,99.5900408163265,99.19,100,245,124,121
15267,3741985,99.1765432098766,98.55,100,243,138,105
15268,3742048,99.5283490566038,100,99.01,212,111,101
15269,3742152,99.2004382470119,99.26,99.13,251,136,115
15270,3742577,96.9387755102041,93.75,100,196,96,100
15271,3742655,79.9003921568628,93.75,63.04,204,112,92
15272,3742709,97.651455399061,95.19,100,213,104,109
15273,3742985,99.5589380530974,99.11,100,226,112,114
15274,3743016,99.0946606334842,98.36,100,221,122,99
15275,3743040,100,100,100,216,111,105
15276,3743210,99.5355092592593,99.21,100,216,127,89
15277,3743234,99.5631441048035,99.18,100,229,122,107
15278,3743438,99.6051383399209,100,99.1,253,142,111
15279,3744664,98.2683982683983,96.8,100,231,125,106
15280,3744927,100,100,100,232,124,108
15281,3745861,99.0407692307692,99.11,98.96,208,112,96
15282,3746047,89.9449735449735,89.62,90.36,189,106,83
15283,3746319,100,100,100,238,125,113
15284,3746473,100,100,100,207,91,116
15285,3746655,99.4823834196891,98.89,100,193,90,103
15286,3746724,99.1514893617021,99.24,99.04,235,131,104
15287,3746811,100,100,100,239,126,113
15288,3746914,100,100,100,235,114,121
15289,3746968,99.1593277310924,98.36,100,238,122,116
15290,3747049,99.5658008658009,100,99.15,231,113,118
15291,3747684,98.618064516129,100,96.43,217,133,84
15292,3747722,99.576170212766,99.17,100,235,120,115
15293,3747744,100,100,100,219,120,99
15294,3747840,100,100,100,218,142,76
15295,3748050,99.5465454545455,100,98.84,220,134,86
15296,3748090,98.959375,97.78,100,192,90,102
15297,3749031,97.838961038961,96.4,99.17,231,111,120
15298,3749278,99.1416309012876,100,98,233,133,100
15299,3749418,99.5517567567567,100,99.07,222,115,107
15300,3749436,100,100,100,233,131,102
15301,3749548,100,100,100,228,108,120
15302,3749853,100,100,100,227,123,104
15303,3750414,98.7977108433735,99.11,98.15,166,112,54
15304,3750530,99.5706008583691,99.13,100,233,115,118
15305,3751023,99.01,97.98,100,202,99,103
15306,3751176,99.5277725118483,100,99.06,211,105,106
15307,3752589,99.4188372093023,100,98.53,172,104,68
15308,3752604,98.748625,100,97.18,160,89,71
15309,3752824,98.9291443850267,100,97.75,187,98,89
15310,3752969,96.8094680851064,98.04,95.35,188,102,86
15311,3753044,99.4518032786885,100,98.86,183,95,88
15312,3753335,100,100,100,165,89,76
15313,3753537,98.3316666666667,100,96.1,180,103,77
15314,3753788,97.7928676470588,97.53,98.18,136,81,55
15315,3754044,95.0728169014085,92.31,98.44,142,78,64
15316,3754364,96.5213913043478,90.32,98.81,115,31,84
15317,3754376,96.2404511278195,95,97.26,133,60,73
15318,3754697,98.57,100,96.15,140,88,52
15319,3756078,99.4890256410256,100,99.06,195,89,106
15320,3756227,98.9512041884817,98.78,99.08,191,82,109
15321,3756257,99.4540983606557,98.89,100,183,90,93
15322,3756317,100,100,100,187,92,95
15323,3756513,97.5128571428571,98.91,95.65,161,92,69
15324,3756725,100,100,100,190,87,103
15325,3757196,99.5171153846154,100,99.07,208,100,108
15326,3757427,99.4969849246231,98.7,100,199,77,122
15327,3757550,99.4547826086957,98.86,100,184,88,96
15328,3757892,95.5956603773585,92.19,97.89,159,64,95
15329,3758056,98.4578350515464,98.88,98.1,194,89,105
15330,3758140,99.4364406779661,100,99.05,177,72,105
15331,3758179,97.7020689655172,100,96.43,87,31,56
15332,3758185,99.4458333333333,100,98.95,180,85,95
15333,3758192,99.1387931034483,98.89,100,116,90,26
15334,3758218,98.3341111111111,97.47,99.01,180,79,101
15335,3758236,97.7134285714286,95.83,99.03,175,72,103
15336,3758246,97.7906629834254,97.3,98.13,181,74,107
15337,3758416,100,100,100,182,77,105
15338,3759517,100,100,100,191,98,93
15339,3759634,100,100,100,212,96,116
15340,3759745,99.509802955665,100,99.07,203,96,107
15341,3760044,100,100,100,157,80,77
15342,3760315,99.5437899543379,99.03,100,219,103,116
15343,3760452,100,100,100,187,94,93
15344,3760857,100,100,100,209,104,105
15345,3760887,100,100,100,189,109,80
15346,3760999,100,100,100,201,95,106
15347,3761202,99.0841743119266,100,98.35,218,97,121
15348,3761264,100,100,100,185,89,96
15349,3761707,98.99,100,98.02,198,97,101
15350,3761762,99.5122058823529,100,99.07,204,97,107
15351,3765844,99.1938709677419,97.96,100,124,49,75
15352,3765910,93.7975968992248,91.07,95.89,129,56,73
15353,3766141,96.2628037383178,94.34,98.15,107,53,54
15354,3766437,82.4345945945946,64,91.84,74,25,49
15355,3766845,68.3553164556962,47.22,86.05,79,36,43
15356,3767597,97.7786666666667,95.24,100,90,42,48
15357,3767663,93.3295555555556,89.47,96.15,90,38,52
15358,3767705,95.7458510638298,95.12,96.23,94,41,53
15359,3767819,92.8596428571429,97.44,88.89,84,39,45
15360,3768053,85.8667391304348,88.37,83.67,92,43,49
15361,3768425,75.3271428571429,80.65,71.74,77,31,46
15362,3768814,75.6423076923077,54.55,91.11,78,33,45
15363,3769579,75.864367816092,60,80.6,87,20,67
15364,3769920,78.0460975609756,75,80.43,82,36,46
15365,3770057,99.0278640776699,96.77,100,103,31,72
15366,3770249,90.3256989247312,86.49,92.86,93,37,56
15367,3770676,98.6562416107383,97.18,100,149,71,78
15368,3770817,100,100,100,142,76,66
15369,3771189,97.6026946107785,100,95.29,167,82,85
15370,3771374,97.4659493670886,95.77,98.85,158,71,87
15371,3771386,100,100,100,152,60,92
15372,3771554,99.2969718309859,98.51,100,142,67,75
15373,3771710,96.9314110429448,98.78,95.06,163,82,81
15374,3771928,96.2511875,94.94,97.53,160,79,81
15375,3771971,95.9734899328859,91.55,100,149,71,78
15376,3772299,99.4629032258064,100,99.1,186,75,111
15377,3772446,100,100,100,213,101,112
15378,3772470,100,100,100,206,94,112
15379,3772644,97.4907537688442,95.35,99.12,199,86,113
15380,3772701,99.469414893617,98.67,100,188,75,113
15381,3773088,100,100,100,203,89,114
15382,3773529,100,100,100,226,104,122
15383,3773890,99.1468510638298,99.01,99.25,235,101,134
15384,3773962,100,100,100,254,111,143
15385,3774647,99.2158823529412,99.19,99.24,255,123,132
15386,3774932,99.1543037974684,100,98.47,237,106,131
15387,3775201,99.5859259259259,100,99.22,243,114,129
15388,3775345,99.5671428571429,99.01,100,231,101,130
15389,3775439,100,100,100,255,116,139
15390,3775468,100,100,100,254,128,126
15391,3775710,100,100,100,219,110,109
15392,3775834,99.0297087378641,98.92,99.12,206,93,113
15393,3776090,98.173698630137,95.96,100,219,99,120
15394,3776705,99.5615789473684,100,99.16,228,109,119
15395,3776738,98.7809756097561,97.48,100,246,119,127
15396,3777115,92.7145695364239,97.98,82.69,151,99,52
15397,3777424,91.5357142857143,80.65,96.85,189,62,127
15398,3777645,99.121013215859,99.21,99.01,227,126,101
15399,3777675,98.7089655172414,98.08,99.22,232,104,128
15400,3777756,99.5355555555556,100,99.12,216,102,114
15401,3778026,100,100,100,227,115,112
15402,3778404,100,100,100,265,127,138
15403,3778843,99.6274626865672,99.22,100,268,128,140
15404,3778893,100,100,100,290,134,156
15405,3778986,100,100,100,300,147,153
15406,3779010,99.6206844106464,100,99.14,263,147,116
15407,3779094,99.6545328719723,99.36,100,289,156,133
15408,3779334,100,100,100,266,119,147
15409,3779757,100,100,100,266,135,131
15410,3780224,100,100,100,258,124,134
15411,3780512,95.5387732342007,95.97,95.17,269,124,145
15412,3780544,97.7800740740741,97.58,97.95,270,124,146
15413,3780574,94.328085106383,90.7,95.92,141,43,98
15414,3780583,98.2760689655172,99.35,97.06,290,154,136
15415,3780590,99.472,98.48,100,190,66,124
15416,3780877,99.2834285714286,100,98.68,280,128,152
15417,3780925,99.3167123287671,99.24,99.38,292,132,160
15418,3781730,97.4119827586207,94.62,99.28,232,93,139
15419,3781745,94.7172357723577,88.46,99.3,246,104,142
15420,3782330,100,100,100,254,116,138
15421,3782918,91.9788235294118,100,65.91,187,143,44
15422,3783006,100,100,100,255,134,121
15423,3783164,100,100,100,285,139,146
15424,3783182,98.7669135802469,99.12,98.46,243,113,130
15425,3783272,100,100,100,266,148,118
15426,3783458,100,100,100,277,146,131
15427,3783630,98.7134763948498,98.98,98.52,233,98,135
15428,3784000,99.5715021459228,99.04,100,233,104,129
15429,3784091,96.6258426966292,95.52,97.74,267,134,133
15430,3784206,99.5539732142857,100,98.97,224,127,97
15431,3784309,100,100,100,265,155,110
15432,3784342,99.2271705426357,98.43,100,258,127,131
15433,3784870,100,100,100,244,135,109
15434,3784960,99.59752,100,99.22,250,121,129
15435,3785183,95.9335365853659,100,91.45,246,129,117
15436,3785528,99.2501123595506,99.24,99.26,267,132,135
15437,3785645,100,100,100,271,141,130
15438,3785852,100,100,100,243,138,105
15439,3786326,98.8545038167939,99.22,98.5,262,129,133
15440,3786337,99.6339705882353,100,99.24,272,141,131
15441,3786365,98.74975,98.02,99.28,240,101,139
15442,3786524,100,100,100,266,133,133
15443,3786580,100,100,100,226,119,107
15444,3786617,99.6338686131387,100,99.34,274,122,152
15445,3787060,99.1582352941176,99.04,99.25,238,104,134
15446,3788458,98.4833333333333,100,96.15,198,120,78
15447,3788614,100,100,100,210,116,94
15448,3788983,98.99985,100,97.59,200,117,83
15449,3789665,100,100,100,169,87,82
15450,3790221,94.7409210526316,94.81,94.67,152,77,75
15451,3790414,99.39,100,98.78,164,82,82
15452,3790425,97.970945945946,100,96.15,148,70,78
15453,3790516,98.7657407407407,97.85,100,162,93,69
15454,3790768,100,100,100,165,96,69
15455,3790863,100,100,100,161,98,63
15456,3790902,100,100,100,148,94,54
15457,3790966,100,100,100,128,98,30
15458,3791097,100,100,100,130,59,71
15459,3791104,99.2983098591549,98.94,100,142,94,48
15460,3791265,97.6381889763779,100,91.43,127,92,35
15461,3791580,100,100,100,140,86,54
15462,3791958,99.2727737226277,98.77,100,137,81,56
15463,3792019,100,100,100,105,56,49
15464,3792372,99.1153982300885,97.96,100,113,49,64
15465,3792516,100,100,100,94,65,29
15466,3792943,77.6700970873787,94.34,60,103,53,50
15467,3793990,98.1854545454545,98.28,98.08,110,58,52
15468,3794117,98.0188118811881,100,95.65,101,55,46
15469,3794158,100,100,100,83,40,43
15470,3794761,100,100,100,140,72,68
15471,3794822,98.5938028169014,98.72,98.44,142,78,64
15472,3794944,97.7247727272727,95.77,100,132,71,61
15473,3795377,97.4983333333333,97.14,98,120,70,50
15474,3795599,97.4787394957983,98.51,96.15,119,67,52
15475,3795686,98.3611475409836,98.57,98.08,122,70,52
15476,3795841,99.20192,100,98.28,125,67,58
15477,3795991,98.2892307692308,97.22,100,117,72,45
15478,3796826,90.5381081081081,82.14,95.65,74,28,46
15479,3797868,94.739298245614,89.66,100,57,29,28
15480,3798118,92.9842105263158,97.3,85,57,37,20
15481,3798872,75,50,93.75,28,12,16
15482,3799151,95.835,92.86,100,24,14,10
15483,3799205,76.9220512820513,90.91,58.82,39,22,17
15484,3799763,91.6666666666667,95,87.5,36,20,16
15485,3800345,90.321935483871,94.12,85.71,31,17,14
15486,3800393,97.2233333333333,94.12,100,36,17,19
15487,3800435,97.06,100,94.12,34,17,17
15488,3800604,97.0597058823529,92.31,100,34,13,21
15489,3800946,89.6551724137931,94.12,83.33,29,17,12
15490,3801355,90.0036666666667,92.31,88.24,30,13,17
15491,3801487,97.3684210526316,100,95,38,18,20
15492,3801628,84.6153846153846,80,87.5,39,15,24
15493,3802399,94.1179411764706,94.74,93.33,34,19,15
15494,3802774,96.5531034482759,100,92.86,29,15,14
15495,3802843,92.6826829268293,84.21,100,41,19,22
15496,3803002,86.954347826087,75,93.33,23,8,15
15497,3803134,88.5714285714286,95,80,35,20,15
15498,3803436,95.1239024390244,90.48,100,41,21,20
15499,3803775,87.8809090909091,86.67,88.89,33,15,18
15500,3803857,95.24,100,90.48,42,21,21
15501,3804731,80.0005,88.46,64.29,40,26,14
15502,3805390,94.9378481012658,92.31,97.5,79,39,40
15503,3805523,100,100,100,70,35,35
15504,3805606,97.5903614457831,97.56,97.62,83,41,42
15505,3806196,100,100,100,112,60,52
15506,3806432,98.28,98.28,98.28,116,58,58
15507,3806458,95.6026373626374,90.24,100,91,41,50
15508,3806822,98.1472222222222,95.65,100,108,46,62
15509,3807063,100,100,100,111,62,49
15510,3807128,99.0487619047619,97.73,100,105,44,61
15511,3807259,100,100,100,109,44,65
15512,3807352,99.19968,98.36,100,125,61,64
15513,3807451,100,100,100,131,65,66
15514,3807586,97.60096,100,95.59,125,57,68
15515,3807847,98.4854545454545,98.39,98.57,132,62,70
15516,3808435,93.200612244898,94.67,91.67,147,75,72
15517,3808588,100,100,100,157,76,81
15518,3808865,98.4643076923077,97.73,98.84,130,44,86
15519,3808987,99.4397765363129,98.91,100,179,92,87
15520,3809284,98.9233870967742,100,97.75,186,97,89
15521,3809498,100,100,100,194,94,100
15522,3809859,99.4578260869565,98.84,100,184,86,98
15523,3809913,100,100,100,215,110,105
15524,3810601,99.4195348837209,98.44,100,172,64,108
15525,3810611,98.9705154639175,98.78,99.11,194,82,112
15526,3810832,100,100,100,231,106,125
15527,3811031,99.5230622009569,100,99.11,209,97,112
15528,3811275,99.0384615384615,98,100,208,100,108
15529,3811298,96.5528735632184,97.3,96,174,74,100
15530,3811866,97.4319487179487,94.59,99.17,195,74,121
15531,3811876,99.1198237885463,98.2,100,227,111,116
15532,3812057,98.2246153846154,99.04,96.92,169,104,65
15533,3812183,98.0572815533981,95.65,100,206,92,114
15534,3812195,98.8435260115607,98.61,99.01,173,72,101
15535,3812819,100,100,100,232,116,116
15536,3813233,100,100,100,208,94,114
15537,3813338,100,100,100,223,104,119
15538,3813773,98.6653333333333,100,96.15,75,49,26
15539,3813778,98.4155555555556,98.81,98.1,189,84,105
15540,3813916,98.6563677130045,99.19,98,223,123,100
15541,3814110,100,100,100,270,138,132
15542,3814193,97.2925868725869,99.22,95.38,259,129,130
15543,3814849,100,100,100,255,130,125
15544,3814977,99.0821559633028,98.13,100,218,107,111
15545,3815233,99.2522097378277,98.51,100,267,134,133
15546,3815304,99.6043307086614,100,99.25,254,120,134
15547,3815389,100,100,100,225,112,113
15548,3815545,100,100,100,213,94,119
15549,3815574,99.6252808988764,99.31,100,267,145,122
15550,3815634,99.2302702702703,99.29,99.16,259,140,119
15551,3816028,99.2379389312977,99.31,99.15,262,144,118
15552,3816269,99.1823770491803,100,98.5,244,111,133
15553,3816374,99.607421875,100,99.25,256,122,134
15554,3816679,100,100,100,267,133,134
15555,3816910,99.6523958333333,99.29,100,288,141,147
15556,3817040,100,100,100,277,135,142
15557,3817141,99.6464664310954,100,99.31,283,138,145
15558,3817331,99.1560759493671,100,98.23,237,124,113
15559,3817949,98.335125,99.15,97.56,240,117,123
15560,3818292,94.3005699481865,92.63,95.92,193,95,98
15561,3818339,98.041568627451,97.96,98.08,153,49,104
15562,3818346,93.5116216216216,98.29,85.29,185,117,68
15563,3819507,93.3331666666667,97.25,87.32,180,109,71
15564,3819589,99.5253333333333,100,98.88,210,121,89
15565,3819777,98.7236170212766,99.05,98.46,235,105,130
15566,3820082,99.5327102803738,100,99,214,114,100
15567,3820469,97.3911940298508,95.24,99.3,268,126,142
15568,3820817,100,100,100,274,147,127
15569,3820985,100,100,100,278,136,142
15570,3822212,99.6266542750929,99.17,100,269,121,148
15571,3822280,99.6475352112676,100,99.35,284,130,154
15572,3822292,100,100,100,278,155,123
15573,3823036,98.749,95.83,100,240,72,168
15574,3823168,99.3537419354839,100,98.74,310,151,159
15575,3823195,99.6475789473684,100,99.19,285,161,124
15576,3823330,98.9021245421245,100,97.46,273,155,118
15577,3823363,99.3212244897959,99.35,99.29,294,153,141
15578,3823544,99.3290268456376,98.71,100,298,155,143
15579,3823937,100,100,100,297,148,149
15580,3823964,99.5651948051948,98.92,100,231,93,138
15581,3824101,99.5776371308017,98.9,100,237,91,146
15582,3824179,98.5041791044776,97.79,99.24,268,136,132
15583,3824570,99.5957894736842,100,99.36,247,91,156
15584,3824915,100,100,100,277,143,134
15585,3824938,99.3401639344262,99.33,99.35,305,150,155
15586,3825157,98.2347703180212,100,96.38,283,145,138
15587,3825313,98.9390812720848,99.28,98.61,283,139,144
15588,3825346,100,100,100,266,145,121
15589,3825462,99.6402898550725,99.32,100,276,146,130
15590,3825594,100,100,100,240,115,125
15591,3825622,99.1424034334764,97.94,100,233,97,136
15592,3825724,99.6634113712375,99.32,100,299,148,151
15593,3825844,99.6151724137931,100,99.38,261,99,162
15594,3826047,99.2591851851852,100,98.54,270,133,137
15595,3826482,99.677935483871,100,99.36,310,154,156
15596,3826500,99.2041434262948,99.11,99.28,251,112,139
15597,3826534,99.3092041522491,98.39,100,289,124,165
15598,3827086,100,100,100,260,108,152
15599,3827170,99.6576551724138,100,99.32,290,144,146
15600,3827181,100,100,100,245,94,151
15601,3827587,99.687375,100,99.39,320,156,164
15602,3828031,99.2306923076923,98.63,100,260,146,114
15603,3828300,99.6661,99.37,100,300,159,141
15604,3828462,100,100,100,299,137,162
15605,3829027,98.9322775800712,99.37,98.37,281,158,123
15606,3829095,100,100,100,307,160,147
15607,3829380,100,100,100,280,109,171
15608,3829782,99.6805732484076,100,99.41,314,144,170
15609,3829965,99.6204961832061,100,99.39,262,99,163
15610,3830022,99.3498058252427,99.29,99.4,309,141,168
15611,3830274,98.7129613733906,100,96.43,233,149,84
15612,3830511,98.954375,98.37,99.39,288,123,165
15613,3830614,100,100,100,225,115,110
15614,3830821,100,100,100,298,129,169
15615,3830969,99.6294095940959,100,99.17,271,150,121
15616,3831031,100,100,100,292,128,164
15617,3831231,100,100,100,292,140,152
15618,3831277,98.9523560209424,99,98.9,191,100,91
15619,3831504,100,100,100,250,101,149
15620,3831636,100,100,100,285,136,149
15621,3831715,100,100,100,283,136,147
15622,3832406,99.03875,98.51,99.29,208,67,141
15623,3832413,99.6135907335907,99.28,100,259,139,120
15624,3832513,99.60828125,100,99.08,256,147,109
15625,3832744,100,100,100,276,145,131
15626,3833242,100,100,100,237,119,118
15627,3833543,81.4123076923077,99.19,15.15,156,123,33
15628,3833782,99.6202264150943,99.26,100,265,136,129
15629,3833874,94.3502608695652,91.41,98.04,230,128,102
15630,3834073,98.7805691056911,98.44,99.15,246,128,118
15631,3834686,99.5363720930233,100,99.11,215,103,112
15632,3834848,100,100,100,238,111,127
15633,3835601,97.0179104477612,95.56,98.2,201,90,111
15634,3835624,97.5741747572816,96.88,98.18,206,96,110
15635,3835655,99.3143835616438,100,99.09,146,36,110
15636,3835720,100,100,100,191,81,110
15637,3835744,99.4480662983425,98.65,100,181,74,107
15638,3836046,95.16,93.55,96.77,186,93,93
15639,3836153,85.3805263157895,93.33,79.17,171,75,96
15640,3836227,95.2684459459459,98.41,92.94,148,63,85
15641,3836306,94.2488489208633,92.41,96.67,139,79,60
15642,3836990,98.3269273743017,98.88,97.78,179,89,90
15643,3837403,98.8298245614035,100,97.7,171,84,87
15644,3838707,97.1010144927536,94.19,99.17,207,86,121
15645,3839052,100,100,100,184,73,111
15646,3839412,98.7589440993789,100,96.23,161,108,53
15647,3839587,98.6394557823129,99.09,97.3,147,110,37
15648,3840732,99.5530044843049,100,99.11,223,111,112
15649,3840751,100,100,100,162,49,113
15650,3841072,98.8479885057471,97.89,100,174,95,79
15651,3841294,99.536,100,99.14,215,99,116
15652,3841851,98.0964761904762,99.01,97.25,210,101,109
15653,3842262,98.7706134969325,98.91,98.59,163,92,71
15654,3842304,100,100,100,221,101,120
15655,3842398,98.7674074074074,100,96.88,162,98,64
15656,3842518,99.4611891891892,100,98.88,185,96,89
15657,3842588,100,100,100,192,76,116
15658,3842999,97.8390810810811,96.63,98.96,185,89,96
15659,3843377,96.7324183006536,97.87,94.92,153,94,59
15660,3844090,99.476875,100,98.92,192,99,93
15661,3844726,100,100,100,208,87,121
15662,3844774,99.5169565217391,98.99,100,207,99,108
15663,3844834,96.7761290322581,100,92.11,186,110,76
15664,3844876,99.5551111111111,100,99.09,225,115,110
15665,3845261,100,100,100,189,105,84
15666,3845404,98.6122685185185,97.25,100,216,109,107
15667,3845650,99.5002,98.81,100,200,84,116
15668,3846386,99.5856198347108,99.08,100,242,109,133
15669,3846419,99.20008,99.1,99.28,250,111,139
15670,3846470,100,100,100,233,106,127
15671,3846860,99.193036437247,99.14,99.24,247,116,131
15672,3846959,99.5740425531915,99.09,100,235,110,125
15673,3847773,99.3816666666667,98.11,100,162,53,109
15674,3847819,100,100,100,238,113,125
15675,3847903,99.272,100,98.57,275,135,140
15676,3848004,100,100,100,220,104,116
15677,3848355,100,100,100,269,124,145
15678,3849021,100,100,100,241,118,123
15679,3849387,100,100,100,245,120,125
15680,3849409,100,100,100,228,103,125
15681,3849838,100,100,100,262,133,129
15682,3849874,98.8427799227799,100,97.64,259,132,127
15683,3850700,99.6218181818182,100,99.22,264,136,128
15684,3850722,99.578813559322,100,99.29,236,96,140
15685,3850821,98.3270292887029,100,96.43,239,127,112
15686,3850841,99.2046428571429,100,98.47,252,121,131
15687,3851178,99.626404494382,99.25,100,267,133,134
15688,3851228,100,100,100,263,128,135
15689,3851480,99.5168269230769,100,99.25,208,74,134
15690,3851664,100,100,100,252,115,137
15691,3851687,100,100,100,279,135,144
15692,3851781,100,100,100,259,133,126
15693,3852117,100,100,100,207,122,85
15694,3852435,100,100,100,253,122,131
15695,3853089,94.7080588235294,93.51,95.7,170,77,93
15696,3853272,90.9482805429864,81,99.17,221,100,121
15697,3854031,99.148,97.87,100,235,94,141
15698,3854147,100,100,100,268,127,141
15699,3854789,99.1085714285714,97.44,100,224,78,146
15700,3855047,99.6378339350181,100,99.24,277,145,132
15701,3855165,99.5726923076923,100,98.99,234,135,99
15702,3855450,96.3249387755102,98.47,93.86,245,131,114
15703,3855693,97.8813559322034,100,96,236,111,125
15704,3855783,100,100,100,296,145,151
15705,3855991,98.4843181818182,96.49,100,264,114,150
15706,3856188,100,100,100,273,126,147
15707,3856231,99.3121649484536,98.61,100,291,144,147
15708,3856891,99.6056916996047,99.14,100,253,116,137
15709,3857085,99.6388086642599,100,99.31,277,132,145
15710,3857161,98.5218450184502,97.52,99.33,271,121,150
15711,3857196,100,100,100,235,106,129
15712,3857473,100,100,100,234,87,147
15713,3857521,100,100,100,278,124,154
15714,3857553,99.6206106870229,100,99.3,262,120,142
15715,3858510,99.6126848249027,100,99.21,257,131,126
15716,3858600,100,100,100,269,127,142
15717,3858684,99.0050248756219,99.01,99,201,101,100
15718,3858930,100,100,100,200,78,122
15719,3859092,100,100,100,261,117,144
15720,3859397,98.3763414634146,100,96.83,246,120,126
15721,3859578,100,100,100,229,120,109
15722,3859857,100,100,100,248,119,129
15723,3860026,98.6231651376147,96.55,100,218,87,131
15724,3860061,100,100,100,250,121,129
15725,3860361,99.5068965517241,100,99.09,203,93,110
15726,3860382,98.6171428571429,100,96.59,217,129,88
15727,3860424,98.749375,96.55,100,160,58,102
15728,3860821,95.6715151515152,97.48,93.75,231,119,112
15729,3860910,99.5381944444444,99.05,100,216,105,111
15730,3860998,99.1369827586207,100,97.87,232,138,94
15731,3861427,100,100,100,251,125,126
15732,3861778,98.5297794117647,100,96.9,272,143,129
15733,3862084,99.3168041237113,99.35,99.28,291,153,138
15734,3862260,100,100,100,274,135,139
15735,3862477,100,100,100,223,155,68
15736,3862924,98.3746341463415,100,96.08,246,144,102
15737,3863053,99.1494893617021,100,97.47,235,156,79
15738,3863472,99.1643514644351,99.32,98.92,239,146,93
15739,3863687,99.069023255814,100,98.56,215,76,139
15740,3863721,99.6252631578947,100,99.11,266,154,112
15741,3863753,97.2709090909091,95.83,99,220,120,100
15742,3863891,98.7598347107438,100,97.56,242,119,123
15743,3863902,96.6042641509434,98.55,94.49,265,138,127
15744,3864253,99.6175,99.35,100,260,153,107
15745,3864496,100,100,100,284,157,127
15746,3864756,100,100,100,289,155,134
15747,3864856,100,100,100,283,144,139
15748,3864958,99.5227272727273,100,98.95,209,114,95
15749,3865039,100,100,100,308,170,138
15750,3865663,99.6110505836576,100,99.16,257,138,119
15751,3865812,99.6069291338583,100,99.04,254,150,104
15752,3865975,98.3176470588235,96.36,100,238,110,128
15753,3866071,99.6182824427481,99.27,100,262,137,125
15754,3866152,99.1801639344262,99.19,99.17,244,124,120
15755,3866857,97.4352136752137,95.04,100,234,121,113
15756,3867063,99.6016334661355,100,99.01,251,150,101
15757,3867678,98.5024719101124,100,96.43,267,155,112
15758,3867709,95.4564393939394,96.03,94.69,264,151,113
15759,3868068,99.2880427046263,99.33,99.24,281,150,131
15760,3868081,99.1665833333333,98.54,100,240,137,103
15761,3868821,100,100,100,283,158,125
15762,3869421,99.6027777777778,100,99.09,252,142,110
15763,3869461,100,100,100,315,155,160
15764,3869544,99.6200757575758,99.15,100,264,118,146
15765,3869584,98.5654838709677,98.65,98.47,279,148,131
15766,3869707,99.2133070866142,97.94,100,254,97,157
15767,3869879,98.4052127659574,100,92.11,188,150,38
15768,3870723,100,100,100,249,156,93
15769,3870760,100,100,100,279,154,125
15770,3870828,100,100,100,301,159,142
15771,3871003,100,100,100,305,156,149
15772,3871249,99.658801369863,100,99.19,292,169,123
15773,3871503,98.6212413793103,99.3,97.97,290,142,148
15774,3871525,98.9351063829787,100,97.27,282,172,110
15775,3871669,99.6749675324675,99.29,100,308,141,167
15776,3872225,98.9583333333333,97.6,100,288,125,163
15777,3872630,100,100,100,264,122,142
15778,3872766,98.5802127659575,99.28,97.9,282,139,143
15779,3872831,99.6707920792079,99.25,100,303,133,170
15780,3872898,100,100,100,189,84,105
15781,3873079,99.6769131832798,100,99.36,311,154,157
15782,3873332,100,100,100,319,160,159
15783,3873584,99.6216165413534,100,99.39,266,101,165
15784,3874104,99.6546391752577,99.25,100,291,134,157
15785,3874441,99.584875,98.77,100,240,81,159
15786,3874508,100,100,100,253,102,151
15787,3874655,100,100,100,250,108,142
15788,3874798,99.1601680672269,98.78,99.36,238,82,156
15789,3875111,98.8317509727626,100,97.84,257,118,139
15790,3875140,98.8948529411765,99.25,98.55,272,134,138
15791,3875204,95.0739393939394,100,89.76,264,137,127
15792,3875306,84.0645054945055,70.97,90.83,182,62,120
15793,3875697,98.0917938931298,99.19,97.12,262,123,139
15794,3876293,99.0243902439024,99.26,98.57,205,135,70
15795,3876899,99.2120553359684,99.17,99.25,253,120,133
15796,3877115,99.5176923076923,98.86,100,208,88,120
15797,3877235,99.2086956521739,100,98.18,253,143,110
15798,3877559,98.7184615384615,96.94,100,234,98,136
15799,3878086,98.7052155172414,96.77,100,232,93,139
15800,3878339,100,100,100,309,167,142
15801,3878450,99.6489045936396,100,99.31,283,139,144
15802,3878461,97.75,98.2,97.3,222,111,111
15803,3878878,100,100,100,291,167,124
15804,3879413,98.4607692307692,98.62,98.26,260,145,115
15805,3879689,100,100,100,311,163,148
15806,3879839,100,100,100,289,157,132
15807,3880227,100,100,100,303,162,141
15808,3880499,99.608,100,99.16,255,136,119
15809,3880677,99.6553082191781,99.39,100,292,165,127
15810,3881168,99.5762447257384,100,99.17,237,116,121
15811,3881199,98.5525603864734,98.02,99.06,207,101,106
15812,3881408,99.6309293680297,99.32,100,269,146,123
15813,3881539,100,100,100,238,147,91
15814,3881741,99.522009569378,100,99.1,209,98,111
15815,3882178,99.5140776699029,100,98.57,206,136,70
15816,3882399,99.5996015936255,99.25,100,251,134,117
15817,3882532,99.0831651376147,100,97.47,218,139,79
15818,3882551,96.9849246231156,100,95.2,199,74,125
15819,3882564,97.9264248704663,100,95.4,193,106,87
15820,3882669,99.5621052631579,99.22,100,228,128,100
15821,3882739,99.1158407079646,100,98.06,226,123,103
15822,3882816,97.9175,99.17,95.83,192,120,72
15823,3882849,97.7415254237288,97.53,97.92,177,81,96
15824,3882890,97.8162445414847,97.48,98.18,229,119,110
15825,3882906,97.6289573459716,96.97,98.73,211,132,79
15826,3882923,96.4413333333333,97.14,95.83,225,105,120
15827,3882939,94.4222746781116,90.83,97.58,233,109,124
15828,3882994,93.9257009345794,97.69,88.1,214,130,84
15829,3883029,99.1300869565217,99.12,99.14,230,114,116
15830,3883074,99.5456363636364,99.16,100,220,119,101
15831,3883854,95.7586060606061,98.59,93.62,165,71,94
15832,3883860,95.8105235602094,96.77,94.9,191,93,98
15833,3883873,95.0003333333333,95.45,94.74,180,66,114
15834,3883886,97.8479569892473,98.21,97.3,186,112,74
15835,3883910,90.7951882845188,86.05,96.36,239,129,110
15836,3883978,96.3643636363636,98.36,93.88,220,122,98
15837,3884055,90.1073958333333,90.91,89.57,192,77,115
15838,3884066,91.9597487437186,92.77,91.38,199,83,116
15839,3884076,94.0301492537313,94,94.06,201,100,101
15840,3885033,98.3963636363636,95.59,100,187,68,119
15841,3885130,99.0671028037383,99.02,99.11,214,102,112
15842,3885256,99.5742553191489,100,99.13,235,120,115
15843,3885281,99.0445933014354,98.44,100,209,128,81
15844,3885868,100,100,100,238,115,123
15845,3886049,100,100,100,208,118,90
15846,3886114,99.0934389140272,98.97,99.19,221,97,124
15847,3886357,99.5356279069767,98.96,100,215,96,119
15848,3886438,100,100,100,199,92,107
15849,3886480,99.5497285067873,99.07,100,221,107,114
15850,3886555,100,100,100,239,117,122
15851,3887006,100,100,100,236,117,119
15852,3887092,100,100,100,230,117,113
15853,3887219,100,100,100,191,89,102
15854,3887368,96.3945495495496,98.32,94.17,222,119,103
15855,3887423,100,100,100,193,91,102
15856,3887762,100,100,100,198,96,102
15857,3887773,99.4796354166667,100,99.03,192,89,103
15858,3887815,100,100,100,195,95,100
15859,3888496,95.8338095238095,92.11,98.91,168,76,92
15860,3888560,97.739209039548,98.98,96.2,177,98,79
15861,3888696,97.3306666666667,95.6,100,150,91,59
15862,3889100,100,100,100,140,80,60
15863,3889162,98.8413953488372,98.88,98.8,172,89,83
15864,3889486,99.415730994152,98.97,100,171,97,74
15865,3889940,100,100,100,168,71,97
15866,3890243,98.1365838509317,97.33,98.84,161,75,86
15867,3890333,96.8985271317829,98.28,95.77,129,58,71
15868,3890566,98.8700564971751,98.88,98.86,177,89,88
15869,3890626,98.2857142857143,100,96.25,175,95,80
15870,3890728,98.8967403314917,98.85,98.94,181,87,94
15871,3891253,100,100,100,207,99,108
15872,3891280,100,100,100,181,109,72
15873,3891560,98.3883870967742,98,98.84,186,100,86
15874,3891709,99.5098529411765,98.99,100,204,99,105
15875,3891802,100,100,100,230,111,119
15876,3891979,100,100,100,224,108,116
15877,3892266,99.5261137440758,100,98.99,211,112,99
15878,3892428,100,100,100,228,108,120
15879,3892461,98.9583333333333,98,100,192,100,92
15880,3892686,98.9378723404255,96.88,100,188,64,124
15881,3892790,99.5542222222222,99.15,100,225,118,107
15882,3893092,100,100,100,254,127,127
15883,3893119,99.5725957446808,99.07,100,235,108,127
15884,3893324,99.0252682926829,100,97.94,205,108,97
15885,3893674,96.6838388625592,99.05,94.34,211,105,106
15886,3894271,99.579746835443,99.17,100,237,120,117
15887,3894287,100,100,100,219,92,127
15888,3894365,98.9169565217391,98.51,99.15,184,67,117
15889,3894374,99.5531838565022,99.06,100,223,106,117
15890,3894859,97.9272199170125,98.31,97.56,241,118,123
15891,3894883,100,100,100,224,116,108
15892,3894959,99.4871282051282,100,98.63,195,122,73
15893,3895121,100,100,100,239,117,122
15894,3895145,100,100,100,219,97,122
15895,3895213,99.0779262672811,98.13,100,217,107,110
15896,3895341,100,100,100,206,117,89
15897,3895470,99.5696137339056,100,99.08,233,124,109
15898,3896401,100,100,100,212,109,103
15899,3896512,100,100,100,214,118,96
15900,3896886,97.087572815534,94.34,100,206,106,100
15901,3897071,99.5417511520737,99.12,100,217,113,104
15902,3897353,99.0407692307692,98.28,100,208,116,92
15903,3897722,98.3018644067797,98.86,97.75,177,88,89
15904,3897785,97.4352307692308,98.23,96.34,195,113,82
15905,3898449,96.2412903225806,96.88,95.56,186,96,90
15906,3898512,79.9986896551724,81.25,79.01,145,64,81
15907,3898942,100,100,100,165,77,88
15908,3899064,100,100,100,227,126,101
15909,3899116,93.9185135135135,87.04,97.87,148,54,94
15910,3899615,98.9701030927835,100,97.3,194,120,74
15911,3899831,98.622752293578,97.22,100,218,108,110
15912,3899931,98.0884076433121,100,92.68,157,116,41
15913,3900002,100,100,100,205,111,94
15914,3900147,100,100,100,184,90,94
15915,3900991,99.4384269662921,100,98.98,178,80,98
15916,3901048,100,100,100,160,87,73
15917,3901378,100,100,100,177,94,83
15918,3902005,100,100,100,193,105,88
15919,3902338,99.2348091603053,100,98.21,131,75,56
15920,3902409,96.915,93.83,100,162,81,81
15921,3902541,100,100,100,180,98,82
15922,3902649,98.5685714285714,98.18,98.82,140,55,85
15923,3902688,98.6678666666667,97.94,100,150,97,53
15924,3902734,95.7157142857143,98.75,91.67,140,80,60
15925,3903261,100,100,100,191,94,97
15926,3903349,100,100,100,156,75,81
15927,3903381,99.5122058823529,99.07,100,204,107,97
15928,3903613,92.5219158878505,88.03,97.94,214,117,97
15929,3903828,100,100,100,200,110,90
15930,3903876,99.5349302325582,100,98.99,215,116,99
15931,3903967,100,100,100,196,108,88
15932,3904526,100,100,100,196,108,88
15933,3904621,100,100,100,186,115,71
15934,3905239,97.9318620689655,95.24,100,145,63,82
15935,3905263,98.4116402116402,96.84,100,189,95,94
15936,3905828,96.2954814814815,98.59,93.75,135,71,64
15937,3906337,97.56,96.34,98.78,164,82,82
15938,3906511,97.6867630057803,96.81,98.73,173,94,79
15939,3907084,99.4585326086956,100,98.77,184,103,81
15940,3907304,100,100,100,179,101,78
15941,3907376,99.3420394736842,100,98.63,152,79,73
15942,3907432,100,100,100,192,104,88
15943,3907653,99.4098235294118,100,98.73,170,91,79
15944,3907747,99.3850306748466,98.21,100,163,56,107
15945,3907780,100,100,100,207,104,103
15946,3908426,100,100,100,190,100,90
15947,3908619,99.1821224489796,99.14,99.22,245,116,129
15948,3908682,100,100,100,212,99,113
15949,3908703,100,100,100,225,105,120
15950,3908847,100,100,100,247,114,133
15951,3909303,99.485824742268,100,98.67,194,119,75
15952,3909521,99.5886419753086,100,99.16,243,124,119
15953,3909872,100,100,100,220,112,108
15954,3910136,100,100,100,229,109,120
15955,3910175,98.019801980198,100,96,202,102,100
15956,3910274,99.0511848341232,97.8,100,211,91,120
15957,3910662,100,100,100,195,118,77
15958,3910672,98.7887878787879,98.57,98.95,165,70,95
15959,3910731,100,100,100,214,107,107
15960,3910822,100,100,100,240,120,120
15961,3910942,99.5456164383561,99.07,100,219,107,112
15962,3911897,100,100,100,215,117,98
15963,3911945,99.5448401826484,100,99.11,219,107,112
15964,3912022,100,100,100,221,118,103
15965,3912200,99.5782278481013,99.16,100,237,119,118
15966,3912244,99.3743125,100,97.87,160,113,47
15967,3912508,100,100,100,207,122,85
15968,3912635,100,100,100,236,121,115
15969,3912776,99.1546610169491,100,98.25,236,122,114
15970,3912878,99.5402764976958,99.14,100,217,116,101
15971,3912899,99.5794979079498,99.25,100,239,134,105
15972,3913187,100,100,100,257,143,114
15973,3913646,100,100,100,255,130,125
15974,3914418,100,100,100,163,90,73
15975,3914433,100,100,100,232,139,93
15976,3914698,100,100,100,216,93,123
15977,3914796,100,100,100,203,132,71
15978,3914875,100,100,100,251,136,115
15979,3915021,99.5749152542373,99.24,100,236,132,104
15980,3915135,99.5387037037037,100,99.06,216,110,106
15981,3915172,100,100,100,228,125,103
15982,3915420,91.3791954022988,89.42,94.29,174,104,70
15983,3915464,96.568669527897,98.5,94,233,133,100
15984,3915596,100,100,100,237,122,115
15985,3915706,100,100,100,148,95,53
15986,3915869,98.0761538461539,95.08,100,156,61,95
15987,3916065,99.5495022624434,99.24,100,221,131,90
15988,3916186,100,100,100,208,139,69
15989,3916399,100,100,100,238,127,111
15990,3916870,99.5725321888412,99.17,100,233,120,113
15991,3917071,99.5371428571428,99.19,100,217,124,93
15992,3917427,96.6311797752809,91.8,99.15,178,61,117
15993,3917633,100,100,100,217,122,95
15994,3917672,98.25,98.25,98.25,171,114,57
15995,3917817,99.5876229508197,99.22,100,244,129,115
15996,3917913,100,100,100,236,123,113
15997,3918155,99.5465909090909,99.05,100,220,105,115
15998,3918207,99.1664583333333,99.2,99.13,240,125,115
15999,3918234,100,100,100,188,104,84
16000,3918401,99.4843298969072,98.78,100,194,82,112
16001,3918424,99.56,99.12,100,226,113,113
16002,3918704,100,100,100,205,107,98
16003,3918800,99.5057425742574,100,98.96,202,106,96
16004,3919040,100,100,100,194,96,98
16005,3919085,100,100,100,229,119,110
16006,3919358,100,100,100,221,111,110
16007,3919388,100,100,100,170,111,59
16008,3919429,99.43125,98.57,100,176,70,106
16009,3919492,100,100,100,182,87,95
16010,3919700,99.5201913875598,99.08,100,209,109,100
16011,3919823,98.1474074074074,98.21,98.08,216,112,104
16012,3920485,99.5316431924882,99.14,100,213,116,97
16013,3920993,99.5146116504854,99.01,100,206,101,105
16014,3921058,100,100,100,176,93,83
16015,3921113,98.3033898305085,100,96.7,177,86,91
16016,3921169,100,100,100,214,109,105
16017,3921270,98.9258064516129,97.78,100,186,90,96
16018,3921309,98.954554973822,97.92,100,191,96,95
16019,3921345,99.4909644670051,99.08,100,197,109,88
16020,3921729,98.8438728323699,99.03,98.57,173,103,70
16021,3921804,98.9718041237113,98.17,100,194,109,85
16022,3921962,95.9494594594595,98.84,91.94,148,86,62
16023,3922127,98.9468947368421,98.99,98.9,190,99,91
16024,3922642,94.2649044585987,95.12,93.33,157,82,75
16025,3922695,99.4201156069364,98.86,100,173,88,85
16026,3923546,99.4967676767677,100,99.06,198,92,106
16027,3923627,98.8374418604651,98.48,99.06,172,66,106
16028,3923858,100,100,100,206,102,104
16029,3923874,100,100,100,204,97,107
16030,3923958,94.5924324324324,90.24,100,148,82,66
16031,3924101,100,100,100,205,102,103
16032,3924299,98.9583333333333,100,98,192,92,100
16033,3924587,98.9950753768844,100,98.02,199,98,101
16034,3924627,100,100,100,193,88,105
16035,3924750,100,100,100,200,93,107
16036,3924795,100,100,100,196,98,98
16037,3924828,100,100,100,116,71,45
16038,3924854,100,100,100,151,76,75
16039,3924870,100,100,100,182,89,93
16040,3925103,100,100,100,187,103,84
16041,3925235,97.50135,98.2,96.63,200,111,89
16042,3925253,97.6352662721894,98.94,96,169,94,75
16043,3925275,97.5624390243903,98.06,97.06,205,103,102
16044,3925334,100,100,100,209,102,107
16045,3925409,99.2299230769231,98.59,100,130,71,59
16046,3925413,100,100,100,106,75,31
16047,3925482,98.9458947368421,98.86,99.02,190,88,102
16048,3925619,100,100,100,169,56,113
16049,3925724,95.531061452514,91.49,100,179,94,85
16050,3925745,92.854693877551,90.62,95,196,96,100
16051,3925761,94.1469756097561,95.05,93.27,205,101,104
16052,3925776,91.5324867724868,88.76,94,189,89,100
16053,3925789,90.3025454545455,85.06,96.15,165,87,78
16054,3925815,94.708835978836,92.5,96.33,189,80,109
16055,3925829,91.3791379310345,87.67,94.06,174,73,101
16056,3925847,92.7478756476684,87.36,97.17,193,87,106
16057,3925864,95.5447524752475,94.57,96.36,202,92,110
16058,3925871,97.7762962962963,96.2,100,135,79,56
16059,3925893,94.5136585365854,92.86,96.25,164,84,80
16060,3925961,94.2834285714286,90.38,96.59,140,52,88
16061,3925994,93.4567857142857,91.03,95.56,168,78,90
16062,3926002,95.7440425531915,92.71,98.91,188,96,92
16063,3926035,93.1844318181818,88.61,96.91,176,79,97
16064,3926057,94.5135365853659,94.68,94.29,164,94,70
16065,3926075,96.6658666666667,93.22,98.9,150,59,91
16066,3926088,94.9455056179775,94.12,95.7,178,85,93
16067,3926219,100,100,100,205,91,114
16068,3926310,98.9458947368421,98.86,99.02,190,88,102
16069,3926508,98.6674666666667,98.94,98.21,150,94,56
16070,3926544,97.8024175824176,93.94,100,182,66,116
16071,3926567,97.7755555555556,97.14,98.18,180,70,110
16072,3926585,96.9834170854271,93.33,100,199,90,109
16073,3926624,97.3577777777778,98.1,96.43,189,105,84
16074,3926657,94.2670700636943,90.54,97.59,157,74,83
16075,3926852,98.9694845360825,97.62,100,194,84,110
16076,3926987,96.7218579234973,91.43,100,183,70,113
16077,3927242,94.3046835443038,98.63,90.59,158,73,85
16078,3927572,98.7273885350318,97.56,99.14,157,41,116
16079,3927642,99.382037037037,100,98.59,162,91,71
16080,3927647,99.1122123893805,98.48,100,113,66,47
16081,3927690,98.6418099547511,97.32,100,221,112,109
16082,3927729,100,100,100,203,80,123
16083,3927914,98.954554973822,100,98.08,191,87,104
16084,3927969,99.5677922077922,100,99.22,231,103,128
16085,3928212,100,100,100,174,67,107
16086,3928422,99.5209615384615,100,99.06,208,102,106
16087,3928504,96.7202732240437,87.23,100,183,47,136
16088,3928690,100,100,100,237,115,122
16089,3929194,99.6076862745098,99.18,100,255,122,133
16090,3929245,99.60765625,100,99.19,256,132,124
16091,3929320,98.181,97.06,99.15,220,102,118
16092,3929536,100,100,100,266,135,131
16093,3929548,98.3489669421488,96.95,100,242,131,111
16094,3930266,98.7731428571428,100,97.74,245,112,133
16095,3930324,99.5891358024691,99.22,100,243,128,115
16096,3930344,97.9273575129534,95.65,98.64,193,46,147
16097,3930416,99.2709090909091,99.2,99.33,275,125,150
16098,3930747,98.8697744360902,99.22,98.54,266,129,137
16099,3930930,95.15,89.39,98.99,165,66,99
16100,3931481,99.6228787878788,99.24,100,264,131,133
16101,3931562,99.4741884816754,100,99.17,191,70,121
16102,3931829,98.852786259542,97.67,100,262,129,133
16103,3932174,100,100,100,253,114,139
16104,3932186,100,100,100,254,123,131
16105,3932513,100,100,100,255,119,136
16106,3933044,100,100,100,214,99,115
16107,3933126,97.7272727272727,95,100,220,100,120
16108,3933262,99.5272037914692,100,99.14,211,95,116
16109,3933393,98.9251612903226,100,97.96,186,88,98
16110,3933567,99.1096428571428,99.04,99.17,224,104,120
16111,3934048,99.5472850678733,100,99.13,221,106,115
16112,3934199,97.6190476190476,95.79,99.13,210,95,115
16113,3934508,100,100,100,232,106,126
16114,3935029,99.0154187192118,97.47,100,203,79,124
16115,3935077,98.6114814814815,99.03,98.23,216,103,113
16116,3935165,99.0848623853211,100,98.5,218,85,133
16117,3935375,99.5391705069124,100,99.2,217,92,125
16118,3935486,99.4786458333333,98.7,100,192,77,115
16119,3935763,99.1401716738197,98.11,100,233,106,127
16120,3935819,100,100,100,212,89,123
16121,3935993,98.5767772511848,100,97.14,211,106,105
16122,3936125,100,100,100,230,104,126
16123,3936197,99.5709871244635,99.02,100,233,102,131
16124,3936846,98.3695652173913,97.75,98.95,184,89,95
16125,3937065,99.0792626728111,98.15,100,217,108,109
16126,3937143,99.5413302752294,98.99,100,218,99,119
16127,3937561,100,100,100,199,78,121
16128,3938194,99.1684647302905,100,98.33,241,121,120
16129,3938300,100,100,100,232,117,115
16130,3938422,99.5705603448276,100,99.19,232,109,123
16131,3938690,100,100,100,210,102,108
16132,3938743,98.1669724770642,100,96.3,218,110,108
16133,3939237,95.9195238095238,97.56,93.85,147,82,65
16134,3939467,100,100,100,190,94,96
16135,3939540,99.5100487804878,98.92,100,205,93,112
16136,3939588,100,100,100,228,107,121
16137,3939612,98.891,98.99,98.77,180,99,81
16138,3939816,97.0741463414634,94.74,99.09,205,95,110
16139,3940400,100,100,100,210,105,105
16140,3940569,99.485,100,98.97,194,97,97
16141,3940728,97.9279274611399,96.74,99.01,193,92,101
16142,3940867,98.8635227272727,97.26,100,176,73,103
16143,3941013,99.5261137440758,100,99.01,211,110,101
16144,3941067,99.385,100,98.77,162,81,81
16145,3941251,96.533063583815,95.06,97.83,173,81,92
16146,3941823,98.2939772727273,98.78,97.87,176,82,94
16147,3942089,95.8317857142857,92.59,98.85,168,81,87
16148,3942513,97.9186458333333,100,96.23,192,86,106
16149,3943164,98.7,96.92,100,154,65,89
16150,3943338,96.8974534161491,98.84,94.67,161,86,75
16151,3943602,77.59712,97.4,45.83,125,77,48
16152,3944388,98.2553488372093,100,96.59,172,84,88
16153,3945588,100,100,100,137,70,67
16154,3945915,93.9964,82.35,97.41,150,34,116
16155,3946095,99.4200581395349,98.25,100,172,57,115
16156,3947164,95.1892513368984,92.77,97.12,187,83,104
16157,3947372,95.0312422360248,88.71,98.99,161,62,99
16158,3947431,97.6496470588235,98.51,97.09,170,67,103
16159,3947539,98.925376344086,98.78,99.04,186,82,104
16160,3948222,97.7118285714286,98.78,96.77,175,82,93
16161,3948545,99.5034653465346,98.82,100,202,85,117
16162,3948615,97.99775,98.82,97.39,200,85,115
16163,3948816,98.7630864197531,100,97.67,162,76,86
16164,3948830,98.9662176165803,100,98.28,193,77,116
16165,3949002,97.3827450980392,95,98.92,153,60,93
16166,3949403,100,100,100,201,104,97
16167,3949496,99.0108910891089,100,98.15,202,94,108
16168,3949751,98.5379024390244,100,97.09,205,102,103
16169,3949829,100,100,100,197,80,117
16170,3949914,97.3835602094241,97.26,97.46,191,73,118
16171,3950423,92.3534117647059,93.24,91.67,170,74,96
16172,3951358,99.335761589404,100,98.82,151,66,85
16173,3951645,100,100,100,205,87,118
16174,3952742,100,100,100,221,83,138
16175,3952784,99.5308962264151,100,99.15,212,95,117
16176,3952901,95.0011666666667,100,89.89,180,91,89
16177,3953397,95.5228358208955,89.74,99.19,201,78,123
16178,3953641,100,100,100,212,82,130
16179,3953775,98.112358490566,98.9,97.52,212,91,121
16180,3953898,98.9656476683938,98.99,98.94,193,99,94
16181,3953947,98.9378723404255,98.08,100,94,52,42
16182,3953952,97.9364948453608,95.83,100,97,48,49
16183,3953965,99.4837305699482,98.94,100,193,94,99
16184,3953982,99.3941818181818,97.96,100,165,49,116
16185,3954022,100,100,100,215,84,131
16186,3954308,98.9776530612245,100,97.67,196,110,86
16187,3954496,99.523981042654,100,99.19,211,87,124
16188,3954685,100,100,100,254,118,136
16189,3955008,100,100,100,257,116,141
16190,3955116,99.5760593220339,100,99.13,236,121,115
16191,3955491,100,100,100,239,119,120
16192,3955577,100,100,100,254,122,132
16193,3955649,100,100,100,210,130,80
16194,3955757,100,100,100,260,122,138
16195,3955928,100,100,100,253,119,134
16196,3955958,99.2104724409449,99.19,99.23,254,124,130
16197,3956022,99.55375,98.81,100,224,84,140
16198,3956138,99.2387786259542,99.18,99.29,262,122,140
16199,3956553,100,100,100,255,125,130
16200,3957230,99.6028571428571,99.28,100,252,139,113
16201,3957395,99.611875,99.28,100,256,138,118
16202,3957488,100,100,100,187,50,137
16203,3957572,98.7495833333333,99.2,98.26,240,125,115
16204,3957695,100,100,100,267,144,123
16205,3957806,100,100,100,259,142,117
16206,3958255,100,100,100,237,114,123
16207,3958268,99.161129707113,99.13,99.19,239,115,124
16208,3958396,100,100,100,256,121,135
16209,3958514,100,100,100,246,104,142
16210,3958706,99.1586919831224,98.43,100,237,127,110
16211,3958852,100,100,100,275,136,139
16212,3959754,96.9931759656652,94.17,99.23,233,103,130
16213,3959815,98.4892830188679,97.9,99.18,265,143,122
16214,3959859,99.6124031007752,99.2,100,258,125,133
16215,3960183,98.7485833333333,98.23,99.21,240,113,127
16216,3960794,100,100,100,228,114,114
16217,3960917,100,100,100,263,136,127
16218,3961011,99.6487719298246,100,99.3,285,142,143
16219,3961110,97.7415789473684,96.77,98.59,266,124,142
16220,3961230,99.63,100,99.26,270,135,135
16221,3961415,99.6464056939502,99.28,100,281,138,143
16222,3961547,98.7577639751553,100,96,161,111,50
16223,3961670,98.81,98.48,99.17,253,132,121
16224,3962106,100,100,100,203,113,90
16225,3962111,100,100,100,179,108,71
16226,3962325,100,100,100,264,125,139
16227,3962586,99.009900990099,100,98.4,202,77,125
16228,3962898,98.2760344827586,100,96.04,232,131,101
16229,3963003,99.2652767527675,99.28,99.25,271,138,133
16230,3963075,99.490612244898,100,99.22,196,68,128
16231,3963213,99.1456595744681,99.07,99.21,235,108,127
16232,3963255,99.625873605948,99.26,100,269,136,133
16233,3963265,100,100,100,245,124,121
16234,3963412,99.3822222222222,94.44,100,162,18,144
16235,3963418,98.601958041958,100,91.67,143,119,24
16236,3963708,99.5255238095238,98.94,100,210,94,116
16237,3963834,99.5541333333333,100,99.12,225,111,114
16238,3963898,99.5657142857143,99.12,100,231,114,117
16239,3964194,99.5161165048544,100,98.88,206,117,89
16240,3964455,100,100,100,208,108,100
16241,3964713,100,100,100,191,111,80
16242,3964816,100,100,100,221,104,117
16243,3964879,98.0554545454546,98.1,97.96,154,105,49
16244,3965115,98.1132075471698,100,94,159,109,50
16245,3965127,99.466577540107,100,99.05,187,82,105
16246,3965332,100,100,100,202,98,104
16247,3965394,100,100,100,186,83,103
16248,3965830,98.1492592592593,96.49,99.05,162,57,105
16249,3965875,99.4819170984456,100,98.99,193,94,99
16250,3965945,98.9225806451613,98.61,99.12,186,72,114
16251,3966352,98.2755747126437,98.36,98.23,174,61,113
16252,3966459,99.1000900900901,99.09,99.11,222,110,112
16253,3966904,100,100,100,212,98,114
16254,3967041,100,100,100,198,81,117
16255,3967155,97.0017,95.24,97.47,100,21,79
16256,3967461,98.6407692307692,99.01,98.33,221,101,120
16257,3967560,99.4896923076923,100,99.07,195,88,107
16258,3967941,97.3060986547085,99.08,95.61,223,109,114
16259,3968492,99.1136888888889,98.31,100,225,118,107
16260,3968603,99.5600877192983,100,99.15,228,110,118
16261,3968765,99.0439234449761,100,97.94,209,112,97
16262,3969215,100,100,100,267,118,149
16263,3969866,98.6760792951542,98.21,99.13,227,112,115
16264,3969878,99.1297826086956,98.85,99.3,230,87,143
16265,3969926,100,100,100,196,99,97
16266,3970036,98.1880542986425,98.11,98.26,221,106,115
16267,3970209,98.8683773584906,97.48,100,265,119,146
16268,3970263,95.2385281385281,87.06,100,231,85,146
16269,3970302,95.4746913580247,90.91,99.25,243,110,133
16270,3970503,97.6458823529412,94.78,100,255,115,140
16271,3970934,94.0180341880342,97.3,88.37,117,74,43
16272,3970938,94.7802608695652,95.35,94.44,115,43,72
16273,3971528,99.6414336917563,99.18,100,279,122,157
16274,3971605,100,100,100,294,124,170
16275,3971675,100,100,100,218,141,77
16276,3971780,99.3063194444445,99.09,99.44,288,110,178
16277,3971963,100,100,100,258,101,157
16278,3972068,100,100,100,284,101,183
16279,3972137,100,100,100,305,133,172
16280,3972161,100,100,100,292,117,175
16281,3972304,100,100,100,258,136,122
16282,3972443,98.8857620817844,96.91,100,269,97,172
16283,3972706,99.2479775280899,98.99,99.4,267,99,168
16284,3973122,99.6480701754386,99.15,100,285,118,167
16285,3973134,99.6703311258278,99.24,100,302,131,171
16286,3973213,100,100,100,307,136,171
16287,3973383,100,100,100,285,139,146
16288,3973414,98.8128571428571,98.15,99.31,252,108,144
16289,3974873,100,100,100,279,144,135
16290,3975141,99.6745098039216,100,99.4,306,140,166
16291,3975368,99.6745454545455,100,99.44,308,129,179
16292,3975491,100,100,100,281,105,176
16293,3975758,100,100,100,291,143,148
16294,3975855,99.6492631578947,99.16,100,285,119,166
16295,3975897,100,100,100,296,143,153
16296,3976164,100,100,100,287,144,143
16297,3976662,96.0654494382023,100,93.91,178,63,115
16298,3976860,99.2055378486056,98.98,99.35,251,98,153
16299,3977034,98.8985347985348,100,98.06,273,118,155
16300,3977272,99.3260135135135,98.5,100,296,133,163
16301,3977340,99.2129133858268,100,98.64,254,107,147
16302,3977551,94.6606796116505,100,87.06,206,121,85
16303,3978054,100,100,100,290,127,163
16304,3978318,99.6171538461538,100,99.37,260,102,158
16305,3978468,100,100,100,244,103,141
16306,3978955,99.6450354609929,99.23,100,282,130,152
16307,3979042,99.658361774744,99.3,100,293,143,150
16308,3979597,99.6350549450549,99.19,100,273,123,150
16309,3979663,99.0946363636364,98.94,99.21,220,94,126
16310,3979678,99.2771841155235,100,98.59,277,135,142
16311,3979771,99.179012345679,98.25,100,243,114,129
16312,3979783,100,100,100,271,132,139
16313,3979864,100,100,100,271,121,150
16314,3980239,99.5939024390244,98.89,100,246,90,156
16315,3980462,99.2031474103586,100,98.23,251,138,113
16316,3980478,99.5503139013453,100,98.91,223,131,92
16317,3981199,97.0337711864407,97.98,96.35,236,99,137
16318,3981274,99.2585185185185,100,98.6,270,127,143
16319,3981352,100,100,100,266,125,141
16320,3981616,100,100,100,265,118,147
16321,3982141,98.245,100,96.58,228,111,117
16322,3983363,100,100,100,277,148,129
16323,3983702,100,100,100,205,116,89
16324,3983850,99.5990763052209,99.33,100,249,149,100
16325,3983912,96.9388505747126,99.24,94.62,261,131,130
16326,3984257,99.6141153846154,100,99.21,260,133,127
16327,3984332,99.5213397129187,98.78,100,209,82,127
16328,3984395,99.5712446351931,99.26,100,233,135,98
16329,3984478,100,100,100,260,137,123
16330,3984504,99.4813471502591,100,99.23,193,63,130
16331,3984763,98.0494140625,98.35,97.78,256,121,135
16332,3984784,98.6105555555556,100,97.54,216,94,122
16333,3984793,96.2972222222222,100,86.05,162,119,43
16334,3984824,97.3528571428572,98.29,95.83,189,117,72
16335,3984956,99.5610572687225,99.06,100,227,106,121
16336,3985192,100,100,100,147,19,128
16337,3985198,100,100,100,183,125,58
16338,3985474,100,100,100,218,124,94
16339,3985885,99.3545161290323,98.55,100,155,69,86
16340,3986068,91.25075,86.76,94.57,160,68,92
16341,3986308,87.6556790123457,83.53,92.21,162,85,77
16342,3986905,99.537037037037,99,100,216,100,116
16343,3986995,99.550990990991,99.11,100,222,112,110
16344,3987049,99.089,99.17,98.99,220,121,99
16345,3987172,99.5249523809524,99.14,100,210,116,94
16346,3987547,98.6170046082949,99.17,97.92,217,121,96
16347,3987689,100,100,100,233,107,126
16348,3987746,98.1325700934579,99.1,97.09,214,111,103
16349,3987794,99.4307386363636,100,97.67,176,133,43
16350,3987839,98.1373913043478,95.59,100,161,68,93
16351,3988041,99.5609649122807,100,99.09,228,118,110
16352,3988611,100,100,100,229,129,100
16353,3989239,100,100,100,254,128,126
16354,3989505,96.5783760683761,95.31,98.11,234,128,106
16355,3989604,99.549596412556,100,99.07,223,115,108
16356,3989667,99.5883606557377,100,99.07,244,136,108
16357,3989694,100,100,100,260,136,124
16358,3989862,99.6475177304964,99.3,100,282,142,140
16359,3990341,100,100,100,246,98,148
16360,3990458,99.6019841269841,100,99.15,252,134,118
16361,3990882,99.1436909871244,99.02,99.24,233,102,131
16362,3990994,99.2153725490196,100,98.36,255,133,122
16363,3991214,98.0958935361217,98.46,97.74,263,130,133
16364,3991412,98.8623106060606,99.21,98.54,264,127,137
16365,3991844,99.6462633451957,99.29,100,281,140,141
16366,3992051,98.32,98.53,98.04,238,136,102
16367,3992282,100,100,100,253,114,139
16368,3992344,100,100,100,273,137,136
16369,3992480,98.1701098901099,96.38,100,273,138,135
16370,3992578,99.647852112676,99.27,100,284,137,147
16371,3992797,100,100,100,265,128,137
16372,3993001,100,100,100,255,119,136
16373,3993373,100,100,100,261,135,126
16374,3993662,99.59828,99.17,100,250,121,129
16375,3993817,99.02,99.02,99.02,204,102,102
16376,3994027,99.609375,99.2,100,256,125,131
16377,3994256,99.5429223744292,98.9,100,219,91,128
16378,3994359,99.567652173913,99.12,100,230,113,117
16379,3994685,100,100,100,247,123,124
16380,3994865,100,100,100,248,126,122
16381,3994919,100,100,100,230,98,132
16382,3995096,99.1224561403509,100,98.36,228,106,122
16383,3995926,100,100,100,253,126,127
16384,3995965,100,100,100,234,142,92
16385,3996128,99.5803347280335,100,99.15,239,121,118
16386,3996392,100,100,100,250,140,110
16387,3996672,98.7464435146444,97.2,100,239,107,132
16388,3997053,96.3855421686747,90,100,166,60,106
16389,3997340,100,100,100,242,120,122
16390,3997489,100,100,100,245,115,130
16391,3997582,99.4526229508197,98.41,100,183,63,120
16392,3997720,98.0698550724638,98.96,97.3,207,96,111
16393,3997729,98.9647668393782,100,97.78,193,103,90
16394,3997748,97.2474311926606,97.53,96.43,109,81,28
16395,3997801,99.0940723981901,99.15,99.03,221,118,103
16396,3997820,97.765530726257,97.87,97.65,179,94,85
16397,3998319,100,100,100,237,130,107
16398,3998361,99.547963800905,100,99.1,221,110,111
16399,3998679,99.5272037914692,99.14,100,211,116,95
16400,3998715,100,100,100,219,110,109
16401,3999277,100,100,100,216,121,95
16402,4000937,99.1056696428571,99.13,99.08,224,115,109
16403,4001022,97.1823004694836,97.41,96.91,213,116,97
16404,4001195,100,100,100,222,108,114
16405,4001263,85.9529752066116,94.29,74.51,121,70,51
16406,4001514,93.2614606741573,98.96,86.59,178,96,82
16407,4001679,97.109710982659,97.94,96.05,173,97,76
16408,4001829,97.5745454545454,98,96.92,165,100,65
16409,4002323,100,100,100,172,90,82
16410,4002731,89.29,87.76,90.48,112,49,63
16411,4003529,98.8510344827586,97.62,100,174,84,90
16412,4004048,98.856,100,97.4,175,98,77
16413,4004389,99.487641025641,100,99.03,195,92,103
16414,4005061,98.728813559322,97.5,100,236,120,116
16415,4005612,99.5515695067265,99.2,100,223,125,98
16416,4006102,100,100,100,232,109,123
16417,4006111,100,100,100,228,114,114
16418,4006462,98.5853301886792,97.85,99.16,212,93,119
16419,4006537,99.5764406779661,99.16,100,236,119,117
16420,4006885,98.7363291139241,99.09,98.43,237,110,127
16421,4007077,99.535,99.07,100,214,107,107
16422,4007280,100,100,100,252,119,133
16423,4007458,100,100,100,211,86,125
16424,4007577,100,100,100,222,88,134
16425,4008222,100,100,100,279,141,138
16426,4008572,92.7201149425287,98.36,87.77,261,122,139
16427,4009019,98.61,98.61,98.61,288,144,144
16428,4009471,98.5417883211679,96.95,100,274,131,143
16429,4009516,99.005,100,98.01,302,151,151
16430,4009599,98.5009,94.74,100,200,57,143
16431,4009671,99.1696694214876,99.25,99.07,242,134,108
16432,4009707,100,100,100,290,144,146
16433,4010088,99.0049337748344,98.11,100,302,159,143
16434,4010414,100,100,100,280,128,152
16435,4010450,99.1350649350649,97.78,100,231,90,141
16436,4010468,99.6810223642173,99.36,100,313,156,157
16437,4010708,100,100,100,291,127,164
16438,4011467,99.362875399361,100,98.82,313,144,169
16439,4011880,100,100,100,238,79,159
16440,4011944,100,100,100,339,170,169
16441,4012268,99.6666333333333,100,99.27,300,163,137
16442,4012397,99.6569965870307,99.33,100,293,150,143
16443,4012700,100,100,100,298,169,129
16444,4012812,96.5751369863014,93.96,99.3,292,149,143
16445,4013198,100,100,100,253,155,98
16446,4013255,99.6339705882353,100,99.24,272,141,131
16447,4013923,100,100,100,300,145,155
16448,4013951,98.8564885496183,97.86,100,262,140,122
16449,4014247,100,100,100,288,129,159
16450,4014812,100,100,100,276,113,163
16451,4015597,99.1795081967213,100,98.6,244,101,143
16452,4015742,100,100,100,265,122,143
16453,4015795,100,100,100,188,46,142
16454,4015801,99.1044642857143,99.24,98.91,224,132,92
16455,4015879,100,100,100,209,118,91
16456,4016516,99.5747435897436,100,99.07,234,127,107
16457,4016530,99.4578378378378,100,98.82,185,100,85
16458,4017112,100,100,100,225,97,128
16459,4017577,99.5599557522124,99.15,100,226,117,109
16460,4017897,100,100,100,252,124,128
16461,4018095,99.5575663716814,100,98.99,226,127,99
16462,4018326,100,100,100,246,120,126
16463,4018450,100,100,100,243,131,112
16464,4019060,100,100,100,245,137,108
16465,4019504,99.535,99.07,100,214,107,107
16466,4019871,99.5058128078818,100,98.68,203,127,76
16467,4019961,99.1775819672131,99.22,99.13,244,129,115
16468,4020298,99.5255924170616,98.9,100,211,91,120
16469,4020430,98.9395238095238,99.09,98.73,189,110,79
16470,4020464,100,100,100,238,151,87
16471,4020488,100,100,100,255,140,115
16472,4020722,98.8366279069767,100,97.39,258,143,115
16473,4021541,99.5676724137931,99.15,100,232,118,114
16474,4021831,100,100,100,244,136,108
16475,4022036,97.2217777777778,94.68,100,180,94,86
16476,4022050,98.7083870967742,97.14,100,155,70,85
16477,4022516,99.59868,99.21,100,250,127,123
16478,4022817,100,100,100,245,127,118
16479,4022883,99.5780168776371,99.27,100,237,137,100
16480,4022913,100,100,100,198,104,94
16481,4022949,98.8935424354244,98.55,99.25,271,138,133
16482,4023393,97.3955729166667,93.15,100,192,73,119
16483,4024151,98.1998198198198,100,96.12,222,119,103
16484,4024185,100,100,100,252,140,112
16485,4024504,99.1152863436123,99.35,98.61,227,155,72
16486,4024724,100,100,100,234,141,93
16487,4025076,99.5928163265306,100,99.14,245,129,116
16488,4025409,99.6326199261993,99.24,100,271,131,140
16489,4025658,100,100,100,243,117,126
16490,4025772,99.6178707224335,99.33,100,263,150,113
16491,4026182,100,100,100,258,143,115
16492,4026408,99.6084824902724,99.22,100,257,129,128
16493,4026509,98.0542412451362,96.72,99.26,257,122,135
16494,4026777,99.6340363636364,99.32,100,275,148,127
16495,4026969,99.6547931034483,100,99.29,290,149,141
16496,4027092,100,100,100,280,149,131
16497,4027161,100,100,100,280,158,122
16498,4027194,99.6037795275591,99.32,100,254,148,106
16499,4027297,96.1818702290076,100,91.45,262,145,117
16500,4027565,100,100,100,270,153,117
16501,4027757,100,100,100,287,144,143
16502,4027778,99.6398916967509,99.25,100,277,133,144
16503,4027810,99.2531086142322,100,98.31,267,149,118
16504,4027829,99.2857142857143,99.31,99.26,280,144,136
16505,4028092,99.5798739495798,100,99.01,238,137,101
16506,4028459,99.6334065934066,100,99.28,273,134,139
16507,4028686,100,100,100,263,130,133
16508,4029074,100,100,100,211,148,63
16509,4029404,99.5908943089431,100,99.26,246,110,136
16510,4029839,98.95609375,98.46,99.21,192,65,127
16511,4029866,98.340622406639,98.37,98.31,241,123,118
16512,4030084,100,100,100,257,125,132
16513,4030444,99.6061023622047,100,99.13,254,139,115
16514,4030576,99.2437121212121,100,98.51,264,130,134
16515,4030672,100,100,100,245,131,114
16516,4030819,99.1610084033614,99.13,99.19,238,115,123
16517,4030997,94.3560483870968,96.4,92.7,248,111,137
16518,4031072,94.8258620689655,94.23,95.31,116,52,64
16519,4031077,98.0677777777778,99.13,96.74,207,115,92
16520,4031294,97.3937391304348,95.28,100,230,127,103
16521,4031479,100,100,100,296,143,153
16522,4032013,100,100,100,267,141,126
16523,4032140,99.5620087336245,99.15,100,229,118,111
16524,4032442,99.5129756097561,98.72,100,205,78,127
16525,4032476,99.5918775510204,100,98.99,245,146,99
16526,4032540,99.0122167487685,98.65,99.22,203,74,129
16527,4033568,98.3859139784946,99.15,97.06,186,118,68
16528,4033886,98.7883467741936,98.37,99.2,248,123,125
16529,4033956,100,100,100,235,105,130
16530,4034213,100,100,100,264,124,140
16531,4034513,99.6215909090909,100,99.26,264,129,135
16532,4034695,98.0484415584416,96.77,98.91,154,62,92
16533,4034957,100,100,100,244,126,118
16534,4035022,99.62,99.24,100,262,131,131
16535,4035546,96.4738766519824,98.98,94.57,227,98,129
16536,4035812,91.4598994974874,83.52,98.15,199,91,108
16537,4036236,97.6936405529954,100,96.09,217,89,128
16538,4036887,98.1784848484848,98.57,97.89,165,70,95
16539,4037061,97.1087861271676,94.38,100,173,89,84
16540,4037317,94.9750279329609,90,98.17,179,70,109
16541,4037417,69.1710526315789,93.67,33.33,133,79,54
16542,4038203,97.7389830508475,100,95.65,177,85,92
16543,4039404,100,100,100,135,59,76
16544,4039911,98.1373913043478,94.12,100,161,51,110
16545,4041090,98.4146560846561,96.39,100,189,83,106
16546,4041167,98.4026595744681,96.1,100,188,77,111
16547,4041327,98.9364361702128,97.85,100,188,93,95
16548,4041351,98.7284076433121,98.88,98.53,157,89,68
16549,4041481,97.9312953367876,97.73,98.1,193,88,105
16550,4041607,99.3782608695652,98.57,100,161,70,91
16551,4042219,99.4450828729282,100,98.92,181,88,93
16552,4042261,100,100,100,153,57,96
16553,4042487,99.3452941176471,98.41,100,153,63,90
16554,4042557,99.476875,100,98.92,192,99,93
16555,4042608,98.932192513369,97.92,100,187,96,91
16556,4042773,99.4791666666667,99,100,192,100,92
16557,4043064,99.4427374301676,98.95,100,179,95,84
16558,4043274,100,100,100,162,74,88
16559,4043415,92.1355056179775,96.59,87.78,178,88,90
16560,4043686,99.3882317073171,100,98.73,164,85,79
16561,4044437,98.6195862068966,97.22,100,145,72,73
16562,4044965,98.6508108108108,97.44,100,148,78,70
16563,4045082,97.3691447368421,97.26,97.47,152,73,79
16564,4046493,97.9380412371134,96.55,98.53,97,29,68
16565,4046666,89.7975510204082,80,94.12,98,30,68
16566,4046859,89.2838392857143,75.61,97.18,112,41,71
16567,4046868,92.803381294964,93.15,92.42,139,73,66
16568,4046975,95.6514782608696,89.36,100,115,47,68
16569,4047113,100,100,100,151,76,75
16570,4047225,100,100,100,140,69,71
16571,4047365,100,100,100,160,84,76
16572,4047491,98.8351744186046,98.85,98.82,172,87,85
16573,4048146,99.3820987654321,98.9,100,162,91,71
16574,4048236,100,100,100,151,65,86
16575,4048509,98.8887222222222,97.59,100,180,83,97
16576,4048604,98.3627049180328,97.65,100,122,85,37
16577,4048608,96.1038961038961,70,100,77,10,67
16578,4048907,100,100,100,138,73,65
16579,4048983,98.7809756097561,97.06,100,164,68,96
16580,4049243,99.4567391304348,98.81,100,184,84,100
16581,4049594,100,100,100,180,72,108
16582,4049739,99.3611464968153,100,98.82,157,72,85
16583,4050024,95.2964705882353,97.37,93.62,170,76,94
16584,4050388,100,100,100,178,71,107
16585,4051420,100,100,100,207,84,123
16586,4051435,100,100,100,193,93,100
16587,4051534,98.9434920634921,98.88,99,189,89,100
16588,4051747,98.5062686567164,98.92,98.15,201,93,108
16589,4052070,98.1476543209877,100,95.16,162,100,62
16590,4052081,99.3986144578313,98.51,100,166,67,99
16591,4052292,99.1228070175439,98,100,228,100,128
16592,4052474,98.028947368421,98.44,97.73,152,64,88
16593,4052484,99.4730890052356,100,99.26,191,55,136
16594,4052514,97.8073684210526,98.18,97.46,228,110,118
16595,4052748,100,100,100,230,112,118
16596,4052907,98.7942168674699,100,97.84,249,110,139
16597,4053003,100,100,100,258,111,147
16598,4053252,100,100,100,247,100,147
16599,4053341,99.596814516129,98.99,100,248,99,149
16600,4053785,91.9043930635838,80.7,97.41,173,57,116
16601,4054391,99.1756198347107,98.25,100,242,114,128
16602,4054665,100,100,100,224,114,110
16603,4055021,99.4233908045977,98.73,100,174,79,95
16604,4055368,98.752,100,97.44,240,123,117
16605,4055632,98.9294117647059,97.4,100,187,77,110
16606,4055665,99.469414893617,100,98.25,188,131,57
16607,4056029,100,100,100,241,116,125
16608,4056254,100,100,100,199,85,114
16609,4056305,98.6863157894737,97.12,100,228,104,124
16610,4056574,99.5964372469636,99.11,100,247,112,135
16611,4056766,99.6162162162162,100,99.29,259,119,140
16612,4056812,100,100,100,243,117,126
16613,4056875,99.5261137440758,99.01,100,211,101,110
16614,4056946,99.1513559322034,99.07,99.22,236,108,128
16615,4057322,99.1349783549784,98.06,100,231,103,128
16616,4057608,98.9183783783784,96.55,100,185,58,127
16617,4058295,99.5209615384615,98.94,100,208,94,114
16618,4058340,98.8936464088398,97.33,100,181,75,106
16619,4058410,97.2057342657343,94.74,98.84,143,57,86
16620,4058831,100,100,100,225,107,118
16621,4058843,99.5392165898618,99.01,100,217,101,116
16622,4058890,100,100,100,207,118,89
16623,4059203,100,100,100,216,84,132
16624,4059232,100,100,100,193,60,133
16625,4059397,99.37525,100,99.02,160,58,102
16626,4059404,100,100,100,167,104,63
16627,4059514,97.9875167785235,100,93.62,149,102,47
16628,4059733,100,100,100,164,61,103
16629,4059871,99.5831380753138,100,99.19,239,116,123
16630,4059923,100,100,100,213,102,111
16631,4060193,97.8728723404255,100,95.7,188,95,93
16632,4060493,98.0286699507389,100,96.26,203,96,107
16633,4060637,98.5638277511962,100,97.32,209,97,112
16634,4061056,98.3049152542373,97.65,98.91,177,85,92
16635,4061612,97.6856647398844,98.82,96.59,173,85,88
16636,4061711,98.8714689265537,97.65,100,177,85,92
16637,4061792,99.3765625,100,98.67,160,85,75
16638,4061987,98.6380952380952,98.57,98.7,147,70,77
16639,4063090,97.8429496402878,98.25,97.56,139,57,82
16640,4063631,98.7754601226994,98.75,98.8,163,80,83
16641,4063750,97.2004895104895,97.53,96.77,143,81,62
16642,4064191,96.6442281879195,97.44,95.77,149,78,71
16643,4065345,100,100,100,167,94,73
16644,4065933,99.389756097561,98.61,100,164,72,92
16645,4066232,97.0430177514793,100,91.53,169,110,59
16646,4066370,98.1836363636364,98.1,98.33,165,105,60
16647,4066572,100,100,100,206,107,99
16648,4066881,98.1342236024845,96.77,100,161,93,68
16649,4066947,98.2861142857143,96.63,100,175,89,86
16650,4067171,100,100,100,180,105,75
16651,4067928,99.4935353535354,100,98.91,198,106,92
16652,4068108,100,100,100,186,112,74
16653,4068149,98.9202702702703,98.99,98.84,185,99,86
16654,4068248,100,100,100,188,102,86
16655,4068857,99.4138823529412,98.94,100,170,94,76
16656,4068980,100,100,100,168,100,68
16657,4069643,97.9472602739726,100,96.3,146,65,81
16658,4069947,96.5288888888889,92.19,100,144,64,80
16659,4070181,99.3837037037037,98.44,100,162,64,98
16660,4070510,97.3249732620321,95.79,98.91,187,95,92
16661,4070588,99.4965656565657,100,98.88,198,109,89
16662,4070755,100,100,100,170,89,81
16663,4071008,98.9364893617021,98.72,99.09,188,78,110
16664,4071172,99.53,98.94,100,212,94,118
16665,4071529,100,100,100,183,93,90
16666,4071602,98.3348333333333,96.91,100,180,97,83
16667,4071981,100,100,100,190,98,92
16668,4072122,100,100,100,189,89,100
16669,4072136,100,100,100,197,96,101
16670,4072308,99.0059701492537,100,98.15,201,93,108
16671,4072454,98.896408839779,98.72,99.03,181,78,103
16672,4072586,100,100,100,196,99,97
16673,4072849,98.9953768844221,98.04,100,199,102,97
16674,4072864,99.0923636363636,98.44,100,110,64,46
16675,4072868,95.3482558139535,80.95,100,86,21,65
16676,4072888,98.5695714285714,96.77,100,210,93,117
16677,4073069,100,100,100,176,71,105
16678,4073096,100,100,100,206,103,103
16679,4073123,100,100,100,241,117,124
16680,4073365,93.9985333333333,100,80.43,150,104,46
16681,4073639,1.71325714285714,2.63,0,175,114,61
16682,4073776,96.1533653846154,97.27,94.9,208,110,98
16683,4074079,99.0344927536232,99.14,98.9,207,116,91
16684,4074265,98.6015887850467,98.96,98.31,214,96,118
16685,4074588,98.531568627451,99.06,97.96,204,106,98
16686,4074601,96.2751552795031,96.3,96.25,161,81,80
16687,4074611,95.6296721311475,96.97,94.05,183,99,84
16688,4074723,100,100,100,222,106,116
16689,4075134,99.010099009901,99.02,99,202,102,100
16690,4075303,99.5169417475728,99.07,100,206,107,99
16691,4075820,100,100,100,201,106,95
16692,4075959,100,100,100,187,85,102
16693,4076473,98.8050299401198,98.8,98.81,167,83,84
16694,4076623,100,100,100,165,93,72
16695,4076660,100,100,100,178,83,95
16696,4076716,99.4755789473684,98.94,100,190,94,96
16697,4076887,96.8154140127389,93.59,100,157,78,79
16698,4077313,100,100,100,156,95,61
16699,4078281,99.0994594594595,97.96,100,111,49,62
16700,4079377,100,100,100,124,71,53
16701,4079484,94.6543511450382,94.2,95.16,131,69,62
16702,4079803,95.3837692307692,96.49,94.52,130,57,73
16703,4079857,93.8557894736842,95.83,92.42,114,48,66
16704,4080419,96.2962962962963,100,87.5,135,95,40
16705,4080705,100,100,100,132,84,48
16706,4081001,99.4268571428571,98.82,100,175,85,90
16707,4081424,98.6499324324324,100,96.23,148,95,53
16708,4081577,96.9512195121951,93.75,100,164,80,84
16709,4081802,100,100,100,166,60,106
16710,4082115,100,100,100,188,107,81
16711,4082445,100,100,100,135,61,74
16712,4082476,99.4623655913979,100,98.75,186,106,80
16713,4083444,100,100,100,215,96,119
16714,4083465,99.5146116504854,99.01,100,206,101,105
16715,4083549,100,100,100,210,102,108
16716,4083702,100,100,100,203,96,107
16717,4083868,100,100,100,219,95,124
16718,4084003,99.0292233009709,100,97.98,206,107,99
16719,4084114,98.6785462555066,97.03,100,227,101,126
16720,4084392,99.085,100,98.17,218,109,109
16721,4084540,100,100,100,220,103,117
16722,4084891,99.5916803278688,99.19,100,244,123,121
16723,4085046,100,100,100,172,87,85
16724,4085050,100,100,100,124,53,71
16725,4085430,99.4928934010152,100,99.1,197,86,111
16726,4085574,97.0804379562044,71.43,100,137,14,123
16727,4085580,99.4142105263158,100,98.11,171,118,53
16728,4085791,100,100,100,231,115,116
16729,4086452,99.0701395348837,97.96,100,215,98,117
16730,4087269,96.2609345794393,92.39,99.18,214,92,122
16731,4088246,100,100,100,203,98,105
16732,4088663,100,100,100,266,139,127
16733,4088804,100,100,100,261,124,137
16734,4088858,98.2361176470588,93.62,100,170,47,123
16735,4088863,99.4026347305389,98.84,100,167,86,81
16736,4089397,99.2038095238095,98.48,100,252,132,120
16737,4089616,99.567652173913,99.12,100,230,113,117
16738,4089823,99.6046031746032,100,99.06,252,146,106
16739,4090252,99.5888888888889,99.1,100,243,111,132
16740,4091060,98.8430115830116,98.51,99.2,259,134,125
16741,4091114,99.260516605166,99.24,99.28,271,132,139
16742,4091573,100,100,100,200,140,60
16743,4091801,100,100,100,216,132,84
16744,4092142,99.2229069767442,100,98.37,258,135,123
16745,4092317,99.47,98.11,100,189,53,136
16746,4092338,99.51875,98.9,100,208,91,117
16747,4092497,99.5993975903614,99.25,100,249,133,116
16748,4092531,100,100,100,245,119,126
16749,4093434,100,100,100,230,127,103
16750,4093830,99.5957723577236,99.12,100,246,113,133
16751,4093857,100,100,100,227,102,125
16752,4093865,100,100,100,213,126,87
16753,4094018,99.2018326693227,100,98.41,251,125,126
16754,4094232,99.5189903846154,99.13,100,208,115,93
16755,4095035,99.6379856115108,99.32,100,278,148,130
16756,4095095,100,100,100,256,146,110
16757,4095348,100,100,100,250,142,108
16758,4095426,100,100,100,242,125,117
16759,4095503,99.6193103448276,99.28,100,261,138,123
16760,4095654,98.6430769230769,98.04,99.16,221,102,119
16761,4095749,99.52,100,98.68,209,133,76
16762,4095890,99.6230188679245,100,99.26,265,130,135
16763,4096184,100,100,100,217,110,107
16764,4096370,99.0768202764977,99.33,98.51,217,150,67
16765,4096438,98.4750190114068,99.25,97.67,263,134,129
16766,4096507,99.2086956521739,98.6,100,253,143,110
16767,4097419,99.5765531914894,100,99.07,235,128,107
16768,4097455,100,100,100,270,129,141
16769,4097935,100,100,100,230,88,142
16770,4097941,98.9258064516129,98.52,100,186,135,51
16771,4098004,99.6135135135135,99.3,100,259,143,116
16772,4098177,100,100,100,259,124,135
16773,4098319,98.1042424242424,100,96.09,264,136,128
16774,4098809,98.335125,99.15,97.56,240,117,123
16775,4098836,100,100,100,248,126,122
16776,4098887,98.0068525896414,96.12,99.32,251,103,148
16777,4099762,98.5191851851852,97.64,99.3,270,127,143
16778,4099849,99.1857142857143,100,98.25,245,131,114
16779,4099902,98.3657142857143,100,96.36,245,135,110
16780,4100272,96.9164757709251,93.86,100,227,114,113
16781,4100485,98.366612244898,96.26,100,245,107,138
16782,4100981,100,100,100,258,129,129
16783,4101517,95.4078571428571,96.1,94.96,196,77,119
16784,4101541,22.5416393442623,22.94,22.22,244,109,135
16785,4101583,99.1424892703863,100,98.2,233,122,111
16786,4101800,97.3339555555555,100,93.26,225,136,89
16787,4102368,97.9399588477366,97.32,98.47,243,112,131
16788,4103378,99.6620408163265,99.31,100,294,144,150
16789,4103461,98.7369620253165,99.04,98.5,237,104,133
16790,4103743,100,100,100,292,141,151
16791,4103791,100,100,100,274,142,132
16792,4104106,100,100,100,244,118,126
16793,4104113,100,100,100,229,144,85
16794,4104628,99.6442553191489,100,99.24,282,150,132
16795,4104665,100,100,100,279,146,133
16796,4104692,100,100,100,221,70,151
16797,4104796,99.6667549668874,99.32,100,302,148,154
16798,4105041,99.6534482758621,99.25,100,290,134,156
16799,4105330,100,100,100,307,146,161
16800,4105359,100,100,100,303,152,151
16801,4105416,100,100,100,291,148,143
16802,4105554,100,100,100,295,146,149
16803,4106001,99.2334482758621,98.29,100,261,117,144
16804,4106806,98.7669958847736,100,97.89,243,101,142
16805,4107088,99.2225680933852,100,98.2,257,146,111
16806,4107166,99.6282156133829,100,99.27,269,132,137
16807,4107262,99.2520895522388,99.29,99.21,268,141,127
16808,4107299,97.6297156398104,99.25,94.81,211,134,77
16809,4107483,97.5804032258065,96.45,99.07,248,141,107
16810,4107735,100,100,100,253,134,119
16811,4108002,98.7809756097561,100,97.62,246,120,126
16812,4108078,99.6180152671756,100,99.28,262,123,139
16813,4108203,99.6244776119403,100,99.26,268,132,136
16814,4108372,100,100,100,273,120,153
16815,4108922,99.5480630630631,100,99.21,222,95,127
16816,4109137,99.5516071428571,100,99.07,224,116,108
16817,4109215,99.2241634241245,100,98.43,257,130,127
16818,4109231,98.6775330396476,96.84,100,227,95,132
16819,4109257,100,100,100,235,109,126
16820,4109342,98.8258431372549,98.23,99.3,255,113,142
16821,4109804,96.4926315789474,92.86,100,57,28,29
16822,4109809,98.0433986928105,96.88,98.88,153,64,89
16823,4110135,97.7675,96.33,99.13,224,109,115
16824,4110210,98.3061016949152,99.14,97.5,236,116,120
16825,4110291,100,100,100,227,105,122
16826,4110311,99.5343925233645,99.06,100,214,106,108
16827,4110660,99.5471363636364,99.19,100,220,123,97
16828,4110891,99.1263755458515,99.09,99.16,229,110,119
16829,4111068,98.2224888888889,97.17,99.16,225,106,119
16830,4111182,100,100,100,218,113,105
16831,4111823,99.0300970873786,99.02,99.04,206,102,104
16832,4112086,95.7334597156398,98.96,93.04,211,96,115
16833,4112517,100,100,100,213,86,127
16834,4112661,99.5034653465346,98.82,100,202,85,117
16835,4112884,89.5967630057803,88.42,91.03,173,95,78
16836,4113172,99.0412918660287,98.78,99.21,209,82,127
16837,4113671,97.905497382199,98.86,97.09,191,88,103
16838,4114077,99.5953036437247,99.16,100,247,119,128
16839,4114287,99.5169082125604,99,100,207,100,107
16840,4114559,97.5956,95.61,99.26,250,114,136
16841,4114605,96.4839698492462,90.91,99.25,199,66,133
16842,4114657,100,100,100,254,135,119
16843,4114713,99.25,98.5,100,266,133,133
16844,4114918,100,100,100,261,128,133
16845,4115178,100,100,100,256,124,132
16846,4115325,100,100,100,236,131,105
16847,4116495,99.4117647058823,97.5,100,170,40,130
16848,4116789,100,100,100,263,136,127
16849,4117004,99.513756097561,98.88,100,205,89,116
16850,4117154,99.5410138248848,99.17,100,217,120,97
16851,4117603,100,100,100,210,96,114
16852,4117701,100,100,100,222,116,106
16853,4118097,98.6881222707424,99.12,98.26,229,114,115
16854,4118288,97.5200826446281,96.58,98.4,242,117,125
16855,4118863,99.2253488372093,99.21,99.24,258,126,132
16856,4119181,96.1331400966184,99.18,91.76,207,122,85
16857,4119802,99.6278810408922,99.09,100,269,110,159
16858,4119946,99.2801079136691,99.16,99.37,278,119,159
16859,4120177,99.641921708185,99.22,100,281,129,152
16860,4120224,99.5513452914798,100,98.85,223,136,87
16861,4120437,98.28,98.28,98.28,232,116,116
16862,4120792,100,100,100,215,122,93
16863,4120993,99.6122957198444,98.94,100,257,94,163
16864,4121220,100,100,100,141,80,61
16865,4121224,94.9972,50,98.91,100,8,92
16866,4121341,99.6304832713755,100,99.3,269,127,142
16867,4121442,100,100,100,270,122,148
16868,4121581,98.2216,94.87,100,225,78,147
16869,4121753,98.4351764705882,97.25,99.32,255,109,146
16870,4121931,98.7793469387755,98.25,99.24,245,114,131
16871,4122030,100,100,100,257,120,137
16872,4122713,99.6222264150943,100,99.29,265,124,141
16873,4123451,98.360218579235,93.18,100,183,44,139
16874,4123518,100,100,100,268,145,123
16875,4123587,100,100,100,268,139,129
16876,4123734,100,100,100,300,153,147
16877,4123803,99.6017529880478,100,98.98,251,153,98
16878,4124101,99.6345454545455,100,99.25,275,141,134
16879,4124220,98.6164705882353,100,97.06,289,153,136
16880,4124589,98.57,98.57,98.57,280,140,140
16881,4124627,99.2164705882353,100,98.2,255,144,111
16882,4124832,99.6736842105263,99.38,100,304,160,144
16883,4124882,99.6359636363636,100,99.29,275,134,141
16884,4125464,99.6339705882353,100,99.24,272,141,131
16885,4125909,100,100,100,271,159,112
16886,4126427,99.5894214876033,99.31,100,242,144,98
16887,4126871,97.8603571428572,99.32,96.27,280,146,134
16888,4126927,98.1180827067669,97.67,98.54,266,129,137
16889,4127523,99.0511848341232,100,97.8,211,120,91
16890,4127662,99.1488936170213,98.23,100,235,113,122
16891,4127779,100,100,100,269,140,129
16892,4127806,99.255,98.51,100,268,134,134
16893,4127875,100,100,100,290,150,140
16894,4128121,100,100,100,286,149,137
16895,4128168,100,100,100,276,148,128
16896,4128750,94.1176018099547,91.47,97.83,221,129,92
16897,4128946,100,100,100,220,108,112
16898,4129039,100,100,100,220,107,113
16899,4129240,98.2224,95.96,100,225,99,126
16900,4129734,100,100,100,197,137,60
16901,4130034,99.2336781609195,100,98.23,261,148,113
16902,4130085,100,100,100,249,123,126
16903,4130709,100,100,100,243,135,108
16904,4130843,98.5238007380074,100,96.85,271,144,127
16905,4130901,99.105625,99.03,99.17,224,103,121
16906,4131501,100,100,100,257,136,121
16907,4131590,100,100,100,236,129,107
16908,4131659,100,100,100,149,40,109
16909,4131678,96.5219130434783,97.98,87.5,115,99,16
16910,4131683,98.7145512820513,99.17,97.14,156,121,35
16911,4131710,98.5855188679245,99.13,97.94,212,115,97
16912,4131719,99.5433333333333,99.27,100,219,137,82
16913,4131789,100,100,100,246,134,112
16914,4131834,99.5666666666667,99.23,100,231,130,101
16915,4131906,99.1878048780488,98.52,100,246,135,111
16916,4132107,100,100,100,217,126,91
16917,4132187,100,100,100,210,103,107
16918,4132752,98.0665217391304,99.15,96.63,207,118,89
16919,4132851,99.116592920354,98.35,100,226,121,105
16920,4132974,98.1934939759036,95.24,100,166,63,103
16921,4133538,97.659649122807,97.5,97.8,171,80,91
16922,4133703,92.6994382022472,92.73,92.65,178,110,68
16923,4133712,94.2857142857143,90,100,175,100,75
16924,4133743,98.0472195121951,98.11,97.98,205,106,99
16925,4134064,98.7535684647303,98.41,99.13,241,126,115
16926,4134409,99.5833333333333,99.2,100,240,125,115
16927,4134532,98.9146195652174,100,96.83,184,121,63
16928,4134685,99.498743718593,100,99.05,199,94,105
16929,4134916,98.4657142857143,98.33,98.68,196,120,76
16930,4134925,98.4847474747475,97.06,99.23,198,68,130
16931,4134982,99.4822680412371,98.92,100,194,93,101
16932,4134999,97.3803930131004,97.41,97.35,229,116,113
16933,4135021,99.5262264150943,100,99.19,212,88,124
16934,4135126,97.409792746114,95.79,98.98,193,95,98
16935,4135131,93.3933962264151,85.29,97.22,106,34,72
16936,4135141,97.2973648648649,100,94.03,148,81,67
16937,4135158,98.4258661417323,97.52,99.25,254,121,133
16938,4135189,98.2547598253275,96.7,99.28,229,91,138
16939,4135519,100,100,100,245,113,132
16940,4135620,100,100,100,224,119,105
16941,4135876,99.5303286384977,98.78,100,213,82,131
16942,4136101,99.603187250996,99.17,100,251,120,131
16943,4136408,98.460358974359,97.3,99.17,195,74,121
16944,4137008,98.7486666666667,98.21,99.22,240,112,128
16945,4137035,92.0620105820106,82.5,99.08,189,80,109
16946,4137304,100,100,100,221,122,99
16947,4137422,99.5207692307692,99.11,100,208,112,96
16948,4137496,99.1277826086957,99.22,99.01,230,129,101
16949,4137998,100,100,100,236,126,110
16950,4138698,99.0953846153846,99.16,99.02,221,119,102
16951,4138818,99.0964705882353,97.92,100,221,96,125
16952,4139846,99.595,100,99.19,248,124,124
16953,4140494,98.8241960784314,99.25,98.36,255,133,122
16954,4140566,95.377731092437,100,90.35,238,124,114
16955,4140690,97.8837288135593,99.22,96.3,236,128,108
16956,4140708,98.3316666666667,99.23,97.27,240,130,110
16957,4140717,94.509756097561,97.87,73.91,164,141,23
16958,4140756,98.6905676855895,100,96.81,229,135,94
16959,4140977,100,100,100,245,132,113
16960,4141311,100,100,100,278,141,137
16961,4141654,99.223488372093,100,98.41,258,132,126
16962,4141805,99.2329501915709,100,98.46,261,131,130
16963,4141818,99.2631734317343,100,98.44,271,143,128
16964,4142396,98.806374501992,97.86,100,251,140,111
16965,4142548,97.7018007662835,100,95.49,261,128,133
16966,4142681,100,100,100,241,124,117
16967,4142851,100,100,100,277,148,129
16968,4143076,97.7461261261261,95.29,99.27,222,85,137
16969,4143341,98.7824390243902,97.12,100,246,104,142
16970,4144266,99.2751263537906,99.35,99.18,277,155,122
16971,4144688,99.084703196347,100,97.89,219,124,95
16972,4145102,100,100,100,201,122,79
16973,4145387,99.1457446808511,99.17,99.12,235,121,114
16974,4145399,98.9463157894737,98.18,100,190,110,80
16975,4145567,99.0876712328767,100,97.78,219,129,90
16976,4145839,99.479375,100,98.04,192,141,51
16977,4145872,99.5370232558139,99.21,100,215,126,89
16978,4146251,99.525,100,99.05,210,105,105
16979,4146435,100,100,100,200,99,101
16980,4146885,100,100,100,232,135,97
16981,4146903,99.0794930875576,99.01,99.14,217,101,116
16982,4146957,100,100,100,250,131,119
16983,4146978,99.590693877551,100,99.08,245,136,109
16984,4148219,100,100,100,193,72,121
16985,4148280,99.5374537037037,98.97,100,216,97,119
16986,4148471,98.5441747572816,99.11,97.87,206,112,94
16987,4148550,99.0054726368159,99.15,98.8,201,118,83
16988,4148578,97.1530487804878,93.91,100,246,115,131
16989,4148658,99.1436909871245,98.28,100,233,116,117
16990,4148704,100,100,100,232,110,122
16991,4148730,99.0876712328767,97.78,100,219,90,129
16992,4148955,99.5901234567901,99.17,100,243,120,123
16993,4149030,98.7121030042918,100,97.58,233,109,124
16994,4149112,100,100,100,264,132,132
16995,4149286,99.5283018867924,98.75,100,212,80,132
16996,4149351,99.5404566210046,100,99.26,219,83,136
16997,4149450,100,100,100,203,125,78
16998,4149763,97.939587628866,96.59,99.06,194,88,106
16999,4150093,97.7060550458716,100,94.68,218,124,94
17000,4150516,100,100,100,239,120,119
17001,4150636,99.1045739910314,100,97.92,223,127,96
17002,4150946,99.555625,100,99.21,224,98,126
17003,4151249,100,100,100,252,121,131
17004,4151569,99.5866115702479,99.18,100,242,122,120
17005,4151678,100,100,100,252,125,127
17006,4151807,100,100,100,249,132,117
17007,4151974,98.96015625,99.26,98.25,192,135,57
17008,4152554,100,100,100,219,102,117
17009,4152656,99.2233073929961,99.27,99.17,257,137,120
17010,4152788,100,100,100,252,123,129
17011,4153943,98.8678113207547,100,97.81,265,128,137
17012,4154254,99.3250675675676,99.33,99.32,296,150,146
17013,4154566,100,100,100,293,150,143
17014,4154761,96.1691489361702,96.03,96.33,235,126,109
17015,4155170,100,100,100,261,141,120
17016,4155509,99.6336996336996,100,99.2,273,148,125
17017,4155538,100,100,100,207,137,70
17018,4155652,98.2849356223176,100,95.51,233,144,89
17019,4156224,99.5517488789238,98.98,100,223,98,125
17020,4156536,100,100,100,247,137,110
17021,4156887,98.8025099601594,99.25,98.29,251,134,117
17022,4157126,99.1477777777778,100,98.31,234,116,118
17023,4157181,99.5732765957447,99.08,100,235,109,126
17024,4157613,98.659375,97.14,100,224,105,119
17025,4158060,100,100,100,220,99,121
17026,4158290,98.2230769230769,100,96.15,169,91,78
17027,4158299,98.0300985221675,98.97,97.17,203,97,106
17028,4158503,97.2723636363636,98.21,96.3,220,112,108
17029,4158686,100,100,100,243,120,123
17030,4158922,99.6196197718631,100,99.18,263,141,122
17031,4159004,99.5557589285714,100,99.07,224,117,107
17032,4159043,100,100,100,244,119,125
17033,4159094,99.6292537313433,99.31,100,268,144,124
17034,4159198,100,100,100,253,140,113
17035,4160039,100,100,100,247,132,115
17036,4160063,99.5895061728395,99.25,100,243,133,110
17037,4160143,99.4005988023952,100,98.9,167,76,91
17038,4160164,99.5287264150943,98.97,100,212,97,115
17039,4160177,98.6688,97.44,100,150,78,72
17040,4160182,95.7478723404255,94.29,100,94,70,24
17041,4160210,97.3318666666667,98.37,96.08,225,123,102
17042,4160231,98.3942168674699,97.06,100,249,136,113
17043,4160861,89.3517159763313,79.66,94.55,169,59,110
17044,4161385,99.5905737704918,100,99.1,244,133,111
17045,4162224,99.5411009174312,99.18,100,218,122,96
17046,4162414,98.7786991869919,97.41,100,246,116,130
17047,4162572,99.3887804878049,100,98.21,164,108,56
17048,4162732,100,100,100,212,113,99
17049,4162779,100,100,100,232,122,110
17050,4163076,99.5171014492754,100,98.98,207,109,98
17051,4163331,94.6047058823529,94.44,94.79,204,108,96
17052,4164531,97.468417721519,94.03,100,158,67,91
17053,4164699,99.5233333333333,99.09,100,210,110,100
17054,4165028,97.9581632653061,100,95.4,196,109,87
17055,4165041,99.0197058823529,100,97.98,204,105,99
17056,4165341,95.0813114754098,97.37,91.3,183,114,69
17057,4165545,100,100,100,190,105,85
17058,4165564,98.12475,99.16,95.12,160,119,41
17059,4165869,98.9883838383838,99.15,98.75,198,118,80
17060,4166674,93.6495767195767,94.68,92.63,189,94,95
17061,4166940,94.2389005235602,91.3,96.97,191,92,99
17062,4167364,98.4468911917098,100,97.25,193,84,109
17063,4168015,100,100,100,156,80,76
17064,4168189,97.5615853658537,98.95,95.65,164,95,69
17065,4168539,74.6014285714286,94.25,30.77,126,87,39
17066,4169325,96.5716571428571,97.73,95.4,175,88,87
17067,4170525,99.1085714285714,100,98.08,112,60,52
17068,4171032,97.9452054794521,93.75,100,146,48,98
17069,4172097,97.8571428571429,98.61,97.06,140,72,68
17070,4172243,100,100,100,182,77,105
17071,4172255,98.0405882352941,97.22,98.77,153,72,81
17072,4172646,100,100,100,140,83,57
17073,4172715,97.9597278911565,97.26,98.65,147,73,74
17074,4172865,97.8045604395604,97.65,97.94,182,85,97
17075,4173368,98.1273125,96.39,100,160,83,77
17076,4173623,98.7747852760736,98.95,98.53,163,95,68
17077,4173700,96.7216393442623,100,87.88,122,89,33
17078,4173751,98.6921568627451,100,97.1,153,84,69
17079,4173772,97.6930769230769,98.57,96.67,130,70,60
17080,4173782,98.4735877862595,98.75,98.04,131,80,51
17081,4174185,95.0369503546099,94.81,95.31,141,77,64
17082,4174388,93.6507142857143,94.03,93.22,126,67,59
17083,4174479,92.105350877193,100,60.87,114,91,23
17084,4174541,98.39768,98.21,98.55,125,56,69
17085,4174656,100,100,100,168,90,78
17086,4174866,96.9690909090909,98.78,95.18,165,82,83
17087,4174892,100,100,100,173,91,82
17088,4174920,96.3497080291971,94.03,98.57,137,67,70
17089,4176091,100,100,100,176,98,78
17090,4176220,100,100,100,168,85,83
17091,4176250,99.19992,100,98.63,125,52,73
17092,4176451,100,100,100,173,99,74
17093,4176586,99.4532786885246,98.85,100,183,87,96
17094,4177033,98.752125,98.84,98.65,160,86,74
17095,4177042,99.2930496453901,98.88,100,141,89,52
17096,4177312,98.8826815642458,97.5,100,179,80,99
17097,4177676,100,100,100,191,99,92
17098,4178035,99.4819170984456,98.99,100,193,99,94
17099,4178296,98.5526570048309,97.2,100,207,107,100
17100,4179174,100,100,100,212,108,104
17101,4179188,100,100,100,176,88,88
17102,4180347,97.5333333333333,97.44,97.62,162,78,84
17103,4180362,98.8146153846154,100,97.01,169,102,67
17104,4180576,98.2727011494253,98.82,97.75,174,85,89
17105,4180629,99.4957575757576,100,98.96,198,102,96
17106,4181369,99.4608602150538,100,98.91,186,94,92
17107,4181554,99.4444444444444,100,98.75,180,100,80
17108,4181810,99.3277181208054,98.41,100,149,63,86
17109,4181902,98.6283561643836,98.33,98.99,219,120,99
17110,4182097,99.0182352941177,99.07,98.96,204,108,96
17111,4182172,99.5008955223881,99.12,100,201,114,87
17112,4182203,98.8500574712644,98.13,100,174,107,67
17113,4182263,99.3289261744966,100,99.01,149,48,101
17114,4182269,100,100,100,199,119,80
17115,4182692,98.028947368421,98.44,97.73,152,64,88
17116,4182721,100,100,100,211,122,89
17117,4182958,99.5368055555555,100,98.85,216,129,87
17118,4183246,100,100,100,220,125,95
17119,4183792,98.9414285714286,99.12,98.67,189,114,75
17120,4183957,97.6225,99.21,92.86,168,126,42
17121,4184140,98.7130901287554,98.55,98.95,233,138,95
17122,4184228,100,100,100,244,150,94
17123,4184366,98.9752307692308,99.07,98.86,195,107,88
17124,4184479,96.5551724137931,99.11,91.94,174,112,62
17125,4184488,99.5309859154929,99.26,100,213,135,78
17126,4184578,99.5479185520362,100,98.97,221,124,97
17127,4184626,100,100,100,242,145,97
17128,4184693,100,100,100,201,93,108
17129,4184872,99.5539732142857,100,98.97,224,127,97
17130,4185407,98.2416374269006,97.67,98.82,171,86,85
17131,4185437,96.610790960452,93.15,99.04,177,73,104
17132,4185824,100,100,100,246,137,109
17133,4185927,97.8751063829787,97.62,98.17,235,126,109
17134,4186061,98.4427461139896,97.33,99.15,193,75,118
17135,4186092,99.5573451327434,99.18,100,226,122,104
17136,4186149,98.6287671232877,97.27,100,219,110,109
17137,4186200,98.8292397660819,100,95.45,171,127,44
17138,4186295,100,100,100,208,111,97
17139,4186340,100,100,100,197,96,101
17140,4186673,100,100,100,228,110,118
17141,4187219,99.5267924528302,99.12,100,212,114,98
17142,4187421,99.5356279069767,99.04,100,215,104,111
17143,4187859,100,100,100,219,102,117
17144,4188302,100,100,100,195,104,91
17145,4188470,100,100,100,196,96,100
17146,4188567,100,100,100,203,94,109
17147,4188617,100,100,100,190,88,102
17148,4188692,98.9945728643216,99.06,98.92,199,106,93
17149,4188900,99.4921319796954,98.85,100,197,87,110
17150,4189208,100,100,100,171,96,75
17151,4189263,100,100,100,197,94,103
17152,4189418,100,100,100,177,70,107
17153,4189452,100,100,100,157,86,71
17154,4190527,97.6631775700935,98.04,97.32,214,102,112
17155,4190837,100,100,100,209,109,100
17156,4190925,99.5278301886792,100,99.09,212,102,110
17157,4190945,100,100,100,224,106,118
17158,4191239,99.5153398058252,98.96,100,206,96,110
17159,4191851,100,100,100,246,124,122
17160,4192000,100,100,100,226,127,99
17161,4192237,99.070976744186,99.1,99.04,215,111,104
17162,4192312,100,100,100,222,123,99
17163,4192547,98.9716494845361,99.1,98.8,194,111,83
17164,4192668,98.7437238493724,99.14,98.37,239,116,123
17165,4192817,100,100,100,247,124,123
17166,4192830,100,100,100,249,121,128
17167,4193337,99.0912727272727,100,97.96,220,122,98
17168,4193923,98.7816260162602,100,97.64,246,119,127
17169,4193978,100,100,100,249,124,125
17170,4194079,99.613023255814,99.22,100,258,128,130
17171,4194131,100,100,100,208,95,113
17172,4194772,100,100,100,253,123,130
17173,4195173,99.4530054644809,98.46,100,183,65,118
17174,4195183,99.0458095238095,97.67,100,210,86,124
17175,4195213,98.9379255319149,98.88,98.99,188,89,99
17176,4195228,96.7764516129032,94.12,97.78,124,34,90
17177,4195293,99.1353246753247,99.12,99.15,231,113,118
17178,4195798,99.5245497630332,100,99.12,211,97,114
17179,4195854,99.533488372093,99.15,100,215,118,97
17180,4195954,100,100,100,238,127,111
17181,4196158,97.8007692307692,98.57,97.32,182,70,112
17182,4196219,99.5957317073171,99.15,100,246,117,129
17183,4196233,99.5360465116279,99.05,100,215,105,110
17184,4196461,98.8545038167939,99.22,98.5,262,129,133
17185,4196749,98.7774693877551,97.66,100,245,128,117
17186,4196907,93.8333920704846,99.12,88.5,227,114,113
17187,4196928,99.0639252336449,99,99.12,214,100,114
17188,4197012,98.2166666666667,100,97.2,168,61,107
17189,4197120,100,100,100,246,121,125
17190,4197181,100,100,100,239,121,118
17191,4197323,100,100,100,221,120,101
17192,4197545,100,100,100,212,95,117
17193,4197735,100,100,100,264,122,142
17194,4197932,98.9962311557789,97.65,100,199,85,114
17195,4198214,100,100,100,222,108,114
17196,4198236,99.5689270386266,100,99.19,233,109,124
17197,4198593,100,100,100,231,105,126
17198,4198794,100,100,100,239,123,116
17199,4198841,97.6223809523809,94.94,99.24,210,79,131
17200,4198851,96.8446846846847,96.69,97.03,222,121,101
17201,4198866,97.0765365853658,94.81,98.44,205,77,128
17202,4198875,94,95,90,100,80,20
17203,4198880,94.7364912280702,91.84,96.92,114,49,65
17204,4199108,100,100,100,258,133,125
17205,4199661,99.5396296296296,99.12,100,216,113,103
17206,4199760,98.1473148148148,96.26,100,216,107,109
17207,4200619,97.0163059701492,95.49,98.52,268,133,135
17208,4200894,98.5582692307692,96.43,100,208,84,124
17209,4200903,99.562096069869,99.08,100,229,109,120
17210,4200987,99.2255813953488,96.67,100,129,30,99
17211,4200992,100,100,100,165,58,107
17212,4201628,98.3793513513513,94.74,100,185,57,128
17213,4201977,98.191221719457,96.84,99.21,221,95,126
17214,4202491,97.7378733031674,95.51,99.24,221,89,132
17215,4202872,98.6719026548673,97.39,100,226,115,111
17216,4202934,100,100,100,222,99,123
17217,4203133,100,100,100,251,132,119
17218,4203471,98.2610434782609,100,96.04,230,129,101
17219,4203530,100,100,100,249,122,127
17220,4203818,100,100,100,244,118,126
17221,4204170,99.5508035714286,99.22,100,224,129,95
17222,4204209,100,100,100,210,131,79
17223,4204359,98.5898122065728,97.47,99.25,213,79,134
17224,4204490,99.2231395348837,98.47,100,258,131,127
17225,4204607,99.5835,100,99.02,240,138,102
17226,4204880,100,100,100,230,116,114
17227,4205014,100,100,100,236,120,116
17228,4205053,98.3776756756757,99.24,96.23,185,132,53
17229,4205105,100,100,100,228,118,110
17230,4205290,100,100,100,210,113,97
17231,4205582,98.0564077669903,99.15,96.59,206,118,88
17232,4205734,100,100,100,216,104,112
17233,4206363,99.5387096774194,99.09,100,217,110,107
17234,4206618,100,100,100,237,116,121
17235,4207037,99.5831666666667,99.18,100,240,122,118
17236,4207249,98.7088362068965,98.35,99.1,232,121,111
17237,4207687,96.451775147929,94.37,97.96,169,71,98
17238,4208162,94.2878571428571,99.07,89.32,210,107,103
17239,4208428,94.795,92.71,96.88,192,96,96
17240,4208852,98.1488888888889,100,96.43,216,104,112
17241,4209503,99.3807407407407,100,98.86,162,74,88
17242,4209677,98.2115476190476,97.89,98.63,168,95,73
17243,4209941,76.6924812030075,95.7,32.5,133,93,40
17244,4210727,96.6450837988827,98.91,94.25,179,92,87
17245,4211927,99.341447368421,100,98.57,152,82,70
17246,4212434,98.9995,97.1,100,200,69,131
17247,4213283,99.0619718309859,98.15,100,213,108,105
17248,4213379,96.465202020202,97.8,95.33,198,91,107
17249,4213887,99.0755555555556,100,98.08,216,112,104
17250,4213944,99.5196634615385,99.03,100,208,103,105
17251,4214397,99.4431284916201,99.11,100,179,112,67
17252,4214569,99.0004,100,97.96,200,102,98
17253,4214649,100,100,100,190,122,68
17254,4214677,99.5242105263158,100,99.12,209,96,113
17255,4214899,96.7909625668449,95,98.13,187,80,107
17256,4215082,99.0352173913044,99.05,99.02,207,105,102
17257,4215165,95.9070175438596,95.1,97.1,171,102,69
17258,4215178,98.020396039604,97.06,99,202,102,100
17259,4215226,95.980351758794,94.39,97.83,199,107,92
17260,4215426,96.856335078534,96.51,97.14,191,86,105
17261,4215456,97.5317901234568,100,92.73,162,107,55
17262,4215787,99.40625,100,98.95,168,73,95
17263,4215865,100,100,100,200,97,103
17264,4216178,99.5413302752294,100,99.01,218,117,101
17265,4216352,99.5119512195122,100,98.85,205,118,87
17266,4216573,100,100,100,209,110,99
17267,4216685,100,100,100,224,114,110
17268,4216774,100,100,100,194,90,104
17269,4216849,100,100,100,195,109,86
17270,4216861,100,100,100,191,100,91
17271,4217017,98.0314285714286,96.23,100,203,106,97
17272,4217431,99.4865979381443,99.17,100,194,120,74
17273,4217478,100,100,100,197,110,87
17274,4217503,99.2251162790698,97.96,100,129,49,80
17275,4217508,98.2128571428571,94.44,100,56,18,38
17276,4217539,97.9188888888889,96.72,98.8,144,61,83
17277,4217568,98.4885427135678,98.11,98.92,199,106,93
17278,4217668,100,100,100,196,108,88
17279,4217824,100,100,100,105,71,34
17280,4217829,100,100,100,140,68,72
17281,4217925,100,100,100,178,101,77
17282,4217989,100,100,100,187,100,87
17283,4218759,100,100,100,154,79,75
17284,4219032,98.0152317880795,95.95,100,151,74,77
17285,4219235,100,100,100,156,80,76
17286,4219271,100,100,100,159,78,81
17287,4219590,98.5407299270073,97.06,100,137,68,69
17288,4219686,100,100,100,171,84,87
17289,4219803,98.5715714285714,96.97,100,140,66,74
17290,4220793,96.9049484536082,95.74,98,97,47,50
17291,4220937,97.9562244897959,98.18,97.67,98,55,43
17292,4221497,93.7516666666667,92.86,95,96,56,40
17293,4221567,91.11,91.11,91.11,90,45,45
17294,4221684,94.6241935483871,94,95.35,93,50,43
17295,4222625,82.179900990099,66.67,98,101,51,50
17296,4223029,99.1992,98.18,100,125,55,70
17297,4223242,100,100,100,128,62,66
17298,4223251,100,100,100,121,58,63
17299,4223703,97.62,94.12,100,126,51,75
17300,4223906,100,100,100,118,39,79
17301,4224017,100,100,100,126,78,48
17302,4224270,100,100,100,152,65,87
17303,4224354,100,100,100,109,53,56
17304,4224359,99.0981981981982,98.57,100,111,70,41
17305,4224458,100,100,100,157,70,87
17306,4224681,99.3867484662577,98.53,100,163,68,95
17307,4224950,99.4166860465116,98.73,100,172,79,93
17308,4225124,99.410650887574,100,98.8,169,86,83
17309,4225545,100,100,100,116,25,91
17310,4225613,99.3157534246575,98.89,100,146,90,56
17311,4226078,100,100,100,156,67,89
17312,4226163,100,100,100,177,66,111
17313,4226223,99.4866666666667,98.9,100,195,91,104
17314,4226894,100,100,100,201,112,89
17315,4227203,100,100,100,193,77,116
17316,4227420,100,100,100,227,104,123
17317,4227884,98.7865454545455,100,97.18,165,94,71
17318,4227954,100,100,100,202,92,110
17319,4228190,100,100,100,184,89,95
17320,4228217,100,100,100,221,101,120
17321,4228556,100,100,100,194,81,113
17322,4228940,99.5439545454545,100,99.21,220,93,127
17323,4229208,98.6077674418605,98.97,98.31,215,97,118
17324,4229432,97.9179166666667,100,94.74,192,116,76
17325,4229556,100,100,100,223,111,112
17326,4229723,100,100,100,195,119,76
17327,4229898,99.0567924528302,98.97,99.13,212,97,115
17328,4229927,100,100,100,189,117,72
17329,4230427,100,100,100,228,114,114
17330,4230484,99.5226794258373,98.84,100,209,86,123
17331,4230715,97.2542857142857,93.94,99.14,182,66,116
17332,4230729,99.0030845771144,97.67,100,201,86,115
17333,4230748,99.0825688073395,98,100,218,100,118
17334,4230918,100,100,100,208,98,110
17335,4231413,99.1092,99.01,99.19,225,101,124
17336,4231560,100,100,100,201,84,117
17337,4232544,99.5194258373206,100,99.07,209,101,108
17338,4232695,100,100,100,212,103,109
17339,4232848,100,100,100,204,92,112
17340,4233253,97.660350877193,97.17,98.46,171,106,65
17341,4233836,98.0654193548387,97.1,98.84,155,69,86
17342,4233843,96.5479310344828,95.61,98.33,174,114,60
17343,4233864,97.2226111111111,97.09,97.4,180,103,77
17344,4233897,99.5255924170616,99.09,100,211,110,101
17345,4233960,99.0643661971831,99.15,98.96,213,117,96
17346,4233978,98.969175257732,100,97.98,194,95,99
17347,4234019,98.990303030303,98.04,100,198,102,96
17348,4234220,94.3255319148936,100,82.22,141,96,45
17349,4234931,99.4014371257485,100,98.81,167,83,84
17350,4235001,99.4224855491329,98.97,100,173,97,76
17351,4235094,99.3221621621622,100,98.86,148,60,88
17352,4235106,99.3503246753247,100,98.85,154,67,87
17353,4235252,100,100,100,173,84,89
17354,4235849,79.7113043478261,55,98.72,138,60,78
17355,4236500,100,100,100,177,87,90
17356,4236805,99.3978313253012,98.98,100,166,98,68
17357,4237030,98.8501724137931,98.77,98.92,174,81,93
17358,4237249,99.3288590604027,98,100,149,50,99
17359,4237438,99.4195348837209,98.96,100,172,96,76
17360,4237815,98.99775,97.89,100,200,95,105
17361,4237929,99.4161403508772,98.72,100,171,78,93
17362,4237956,100,100,100,133,99,34
17363,4238200,97.0611764705883,98.84,95.24,170,86,84
17364,4238463,100,100,100,181,75,106
17365,4238589,99.3066666666667,100,98.96,144,48,96
17366,4238597,100,100,100,196,101,95
17367,4238666,98.7782926829268,98.91,98.61,164,92,72
17368,4238684,100,100,100,144,67,77
17369,4238697,98.6937254901961,97.62,99.1,153,42,111
17370,4238711,92.595,98.77,74.07,108,81,27
17371,4238720,99.4101775147929,100,99.11,169,57,112
17372,4238916,100,100,100,188,77,111
17373,4239473,100,100,100,150,69,81
17374,4239521,98.856,97.14,100,175,70,105
17375,4239594,100,100,100,172,79,93
17376,4239825,98.8998901098901,97.18,100,182,71,111
17377,4240267,98.9794897959184,97.26,100,196,73,123
17378,4240604,99.4166666666667,98.67,100,171,75,96
17379,4240625,99.4441666666667,98.55,100,180,69,111
17380,4240635,99.2555223880597,98.28,100,134,58,76
17381,4240661,98.8949171270718,97.26,100,181,73,108
17382,4240676,98.4036170212766,97.3,99.12,188,74,114
17383,4240691,99.4813471502591,98.7,100,193,77,116
17384,4241472,99.4721693121693,98.84,100,189,86,103
17385,4242279,93.7459090909091,95.74,91.46,176,94,82
17386,4242369,93.7042657342657,90.79,97.01,143,76,67
17387,4242696,99.4101176470588,100,98.91,170,78,92
17388,4243082,99.0484761904762,98.06,100,210,103,107
17389,4243346,100,100,100,235,122,113
17390,4243368,100,100,100,197,124,73
17391,4243595,98.4184980237154,97.76,99.16,253,134,119
17392,4243717,98.7381012658228,96.88,99.21,158,32,126
17393,4243784,100,100,100,213,99,114
17394,4243919,100,100,100,244,138,106
17395,4243984,100,100,100,246,127,119
17396,4244207,99.21,99.21,99.21,252,126,126
17397,4244743,96.2541711229946,94.44,97.39,187,72,115
17398,4245299,100,100,100,206,81,125
17399,4245400,99.1467948717949,98.35,100,234,121,113
17400,4245947,99.5278199052133,99.19,100,211,123,88
17401,4245982,100,100,100,241,119,122
17402,4246019,99.545,100,99.23,220,90,130
17403,4246537,99.0595774647887,98.99,99.12,213,99,114
17404,4246946,100,100,100,175,79,96
17405,4247166,100,100,100,205,108,97
17406,4247361,100,100,100,215,102,113
17407,4247538,99.5316901408451,99.05,100,213,105,108
17408,4247741,98.0563106796116,96.36,100,206,110,96
17409,4248278,98.9723076923077,99.02,98.92,195,102,93
17410,4248319,98.7019480519481,98.75,98.65,154,80,74
17411,4248388,100,100,100,191,99,92
17412,4248877,98.8402325581395,98.72,98.94,172,78,94
17413,4249717,100,100,100,152,77,75
17414,4249897,99.1304347826087,100,98,115,65,50
17415,4249972,98.6762913907285,100,97.37,151,75,76
17416,4250053,99.2902127659574,98.61,100,141,72,69
17417,4250118,100,100,100,104,34,70
17418,4250134,100,100,100,127,68,59
17419,4250352,99.2427272727273,98.53,100,132,68,64
17420,4250423,98.1302803738318,98.46,97.62,107,65,42
17421,4250782,89.1050495049505,85.71,93.33,101,56,45
17422,4251514,89.2475268817204,84.78,93.62,93,46,47
17423,4251694,90.421914893617,83.33,96.15,94,42,52
17424,4251798,94.7352631578947,96,93.33,95,50,45
17425,4251874,95.8779381443299,91.84,100,97,49,48
17426,4251887,92.6312631578948,87.23,97.92,95,47,48
17427,4251903,89.1557831325301,86.49,91.3,83,37,46
17428,4252426,96.2646268656716,94.59,98.33,134,74,60
17429,4252557,99.19744,100,98.48,125,59,66
17430,4252570,97.521652892562,95.24,100,121,63,58
17431,4252656,100,100,100,140,71,69
17432,4253157,100,100,100,132,74,58
17433,4253697,99.325472972973,98.51,100,148,67,81
17434,4253909,99.418023255814,100,98.9,172,81,91
17435,4254299,100,100,100,141,55,86
17436,4254493,100,100,100,146,64,82
17437,4254736,99.4618279569893,100,98.9,186,95,91
17438,4254805,100,100,100,161,83,78
17439,4254934,100,100,100,183,99,84
17440,4254994,99.421676300578,100,98.55,173,104,69
17441,4255202,100,100,100,167,72,95
17442,4255279,100,100,100,170,89,81
17443,4255469,99.3383443708609,100,99.03,151,48,103
17444,4255822,100,100,100,203,96,107
17445,4256383,87.20096,56.76,100,125,37,88
17446,4256715,98.2549418604651,100,96.55,172,85,87
17447,4256930,99.4268571428571,100,98.82,175,90,85
17448,4257152,98.2457894736842,97.62,98.85,171,84,87
17449,4257164,99.3704402515723,100,98.57,159,89,70
17450,4257416,98.9528795811518,98,100,191,100,91
17451,4258130,100,100,100,175,80,95
17452,4258558,100,100,100,168,86,82
17453,4258753,100,100,100,143,78,65
17454,4259327,98.751875,98.7,98.8,160,77,83
17455,4259346,100,100,100,139,66,73
17456,4259391,98.666,98.57,98.75,150,70,80
17457,4259521,100,100,100,145,74,71
17458,4259692,99.207619047619,100,98.44,126,62,64
17459,4259728,100,100,100,135,70,65
17460,4259866,100,100,100,136,71,65
17461,4260591,92.3108653846154,88.89,94.92,104,45,59
17462,4260648,90.3512280701755,85.71,93.85,114,49,65
17463,4261155,91.8384693877551,84.62,96.61,98,39,59
17464,4261533,99.1617647058823,98.25,100,119,57,62
17465,4261934,100,100,100,116,42,74
17466,4261990,100,100,100,138,71,67
17467,4262461,98.3854838709677,96.36,100,124,55,69
17468,4262489,96.1227906976744,89.58,100,129,48,81
17469,4263098,97.3706578947368,94.55,98.97,152,55,97
17470,4263621,99.4654545454545,100,98.98,187,89,98
17471,4263644,99.487641025641,98.97,100,195,97,98
17472,4263983,99.4884615384615,98.95,100,195,95,100
17473,4264157,99.4559782608696,98.9,100,184,91,93
17474,4264366,98.8023952095808,98.7,98.89,167,77,90
17475,4264404,99.4549180327869,100,99.05,183,78,105
17476,4264561,98.0485853658537,98.81,97.52,205,84,121
17477,4264719,98.3939037433155,97.26,99.12,187,73,114
17478,4264756,98.7362025316456,97.44,100,158,78,80
17479,4264780,97.2871195652174,94.37,99.12,184,71,113
17480,4264789,97.8731914893617,95.92,100,188,98,90
17481,4264951,98.7873939393939,96.72,100,165,61,104
17482,4264992,100,100,100,197,107,90
17483,4265115,98.5797630331754,97.87,99.15,211,94,117
17484,4265337,100,100,100,206,109,97
17485,4265556,98.189185520362,99.05,97.41,221,105,116
17486,4266038,97.5834782608696,98.04,97.14,207,102,105
17487,4266446,99.4965656565657,100,98.88,198,109,89
17488,4266697,99.4708994708995,99,100,189,100,89
17489,4266740,98.7651851851852,98.75,98.78,162,80,82
17490,4267050,98.2240828402367,97.78,98.73,169,90,79
17491,4267496,97.466582278481,97.59,97.33,158,83,75
17492,4267679,99.2568888888889,98.48,100,135,66,69
17493,4267691,97.3140268456376,98.63,96.05,149,73,76
17494,4269423,99.1146017699115,98.55,100,113,69,44
17495,4269810,97.810802919708,97.37,98.36,137,76,61
17496,4269909,99.2315384615385,98.65,100,130,74,56
17497,4270107,98.318487394958,100,96.55,119,61,58
17498,4270404,99.2549253731343,98.44,100,134,64,70
17499,4270618,98.2133928571428,100,91.3,112,89,23
17500,4270742,100,100,100,161,87,74
17501,4271128,100,100,100,168,98,70
17502,4271188,100,100,100,161,83,78
17503,4271232,100,100,100,156,101,55
17504,4271626,100,100,100,170,90,80
17505,4271815,98.4128571428571,97.03,100,189,101,88
17506,4272199,100,100,100,172,81,91
17507,4272264,98.9477894736842,100,97.06,190,122,68
17508,4272477,100,100,100,172,83,89
17509,4272484,99.4881122448979,99.21,100,196,127,69
17510,4272783,98.0575242718447,98.45,97.4,206,129,77
17511,4272894,98.5015,97.3,100,200,111,89
17512,4272939,99.374375,100,98.9,160,69,91
17513,4272952,100,100,100,168,116,52
17514,4272988,98.5101492537313,98.94,97.5,134,94,40
17515,4272996,100,100,100,161,69,92
17516,4273002,100,100,100,131,103,28
17517,4273236,98.6851973684211,98.67,98.7,152,75,77
17518,4273257,98.1491203703704,97.48,98.97,216,119,97
17519,4273308,97.2982162162162,98.25,95.77,185,114,71
17520,4273317,98.0776923076923,98.77,97.33,156,81,75
17521,4273650,98.9404787234043,99.12,98.67,188,113,75
17522,4273861,95.4040229885057,94.5,96.92,174,109,65
17523,4273925,94.0814792899408,88.89,98.86,169,81,88
17524,4274396,98.9924242424242,98.1,100,198,105,93
17525,4274411,99.325,100,97.3,148,111,37
17526,4274917,100,100,100,164,92,72
17527,4275759,94.4838620689655,97.56,90.48,145,82,63
17528,4276504,98.6903921568627,98.48,98.85,153,66,87
17529,4276534,96.0435028248587,100,92.55,177,83,94
17530,4276899,100,100,100,181,83,98
17531,4277093,100,100,100,191,91,100
17532,4277357,98.8884444444444,97.56,100,180,82,98
17533,4277776,97.648,100,95.24,170,86,84
17534,4278300,98.7966265060241,98.75,98.84,166,80,86
17535,4279058,100,100,100,194,99,95
17536,4279133,98.8247058823529,100,97.78,170,80,90
17537,4279140,98.52,100,96.67,135,75,60
17538,4279352,100,100,100,173,88,85
17539,4279706,99.4397765363129,98.91,100,179,92,87
17540,4279950,92.4041772151899,98.89,83.82,158,90,68
17541,4280061,99.4234104046243,100,98.95,173,78,95
17542,4280137,99.3945454545455,98.65,100,165,74,91
17543,4280319,100,100,100,177,80,97
17544,4280502,100,100,100,142,84,58
17545,4280643,99.4266666666666,100,98.84,174,88,86
17546,4281066,98.5587769784173,98.63,98.48,139,73,66
17547,4281096,99.3175510204082,98.68,100,147,76,71
17548,4281259,100,100,100,149,96,53
17549,4281327,98.5055223880597,96.77,100,134,62,72
17550,4281552,99.301958041958,100,98.39,143,81,62
17551,4281586,100,100,100,153,76,77
17552,4282212,86.0654098360656,82.43,91.67,122,74,48
17553,4282905,92.6592660550459,96.1,84.38,109,77,32
17554,4283446,100,100,100,151,86,65
17555,4283473,100,100,100,157,97,60
17556,4283566,100,100,100,156,82,74
17557,4283671,99.4480110497238,99.03,100,181,103,78
17558,4283944,100,100,100,180,98,82
17559,4284118,96.4294642857143,100,86.67,112,82,30
17560,4284123,98.4732824427481,100,95,131,91,40
17561,4284385,98.9446031746032,98.17,100,189,109,80
17562,4284556,98.9355319148936,98.96,98.91,188,96,92
17563,4284628,99.43,98.86,100,176,88,88
17564,4284993,100,100,100,196,108,88
17565,4285083,100,100,100,175,87,88
17566,4285470,99.4559782608696,100,98.9,184,93,91
17567,4285696,99.487641025641,100,99.03,195,92,103
17568,4285932,100,100,100,209,113,96
17569,4286104,100,100,100,174,78,96
17570,4286257,98.96,98.96,98.96,192,96,96
17571,4286290,100,100,100,180,98,82
17572,4286601,99.4761780104712,100,98.85,191,104,87
17573,4286634,100,100,100,187,98,89
17574,4286821,100,100,100,194,101,93
17575,4287099,100,100,100,160,71,89
17576,4287226,92.9196460176991,86.84,96,113,38,75
17577,4287463,91.053052631579,97.92,84.04,190,96,94
17578,4287915,98.938829787234,98.25,100,188,114,74
17579,4287978,99.3862576687117,98.36,100,163,61,102
17580,4287992,100,100,100,198,97,101
17581,4288163,98.8877777777778,96.92,100,180,65,115
17582,4288797,99.5596475770925,99.16,100,227,119,108
17583,4288908,100,100,100,178,94,84
17584,4288916,100,100,100,197,111,86
17585,4289054,97.5359113300493,96.51,98.29,203,86,117
17586,4289150,99.1213157894737,98.11,100,228,106,122
17587,4289348,99.1050224215247,99.1,99.11,223,111,112
17588,4289750,99.6258426966292,99.26,100,267,135,132
17589,4290094,100,100,100,258,141,117
17590,4290175,98.3821862348178,97.04,100,247,135,112
17591,4290358,99.5033663366337,98.48,100,202,66,136
17592,4290668,100,100,100,255,130,125
17593,4290683,99.6153461538461,99.27,100,260,137,123
17594,4290872,99.5420091324201,99.15,100,219,118,101
17595,4291013,100,100,100,266,142,124
17596,4291070,100,100,100,263,148,115
17597,4291816,97.9527868852459,95.54,100,244,112,132
17598,4291894,99.6045669291339,100,99.19,254,130,124
17599,4291936,99.5998795180723,100,99.19,249,126,123
17600,4292124,99.5764406779661,100,98.81,236,152,84
17601,4292185,99.6171755725191,100,99.15,262,144,118
17602,4292550,100,100,100,292,160,132
17603,4292790,100,100,100,279,152,127
17604,4292860,100,100,100,236,150,86
17605,4293052,96.2823720930233,99.28,90.91,215,138,77
17606,4293096,97.7207984790874,96.43,99.19,263,140,123
17607,4293517,100,100,100,270,147,123
17608,4293673,100,100,100,257,130,127
17609,4293939,99.5975708502024,99.29,100,247,140,107
17610,4294057,99.1487179487179,99.28,98.96,234,138,96
17611,4294366,98.0658139534884,97.92,98.25,258,144,114
17612,4294661,100,100,100,245,126,119
17613,4294751,99.5590308370044,100,98.9,227,136,91
17614,4294778,100,100,100,185,109,76
17615,4294967,100,100,100,244,126,118
17616,4295264,100,100,100,222,140,82
17617,4295378,100,100,100,220,122,98
17618,4295787,98.856679389313,98.62,99.15,262,145,117
17619,4296721,99.2621481481481,99.37,99.11,270,158,112
17620,4296899,100,100,100,267,159,108
17621,4297297,100,100,100,279,141,138
17622,4297304,99.6012749003984,99.28,100,251,139,112
17623,4297438,100,100,100,308,163,145
17624,4297756,99.5928163265306,100,98.84,245,159,86
17625,4297865,99.2925795053004,98.7,100,283,154,129
17626,4297945,100,100,100,256,124,132
17627,4298104,99.649823943662,99.35,100,284,153,131
17628,4298155,100,100,100,291,156,135
17629,4298290,100,100,100,287,159,128
17630,4298761,100,100,100,282,150,132
17631,4299167,100,100,100,279,150,129
17632,4299197,100,100,100,248,115,133
17633,4299634,100,100,100,197,140,57
17634,4300083,98.5866509433962,100,96.39,212,129,83
17635,4300122,100,100,100,222,97,125
17636,4300201,100,100,100,209,94,115
17637,4300416,98.2699567099567,100,95.88,231,134,97
17638,4300569,100,100,100,249,128,121
17639,4300813,98.3053672316384,100,91.43,177,142,35
17640,4301026,100,100,100,272,148,124
17641,4301321,99.2428679245283,100,98.48,265,133,132
17642,4301502,99.6143076923077,100,99.08,260,151,109
17643,4301636,99.5955465587044,100,99.1,247,136,111
17644,4301925,98.6315068493151,97.3,100,219,111,108
17645,4301991,99.605905511811,99.23,100,254,130,124
17646,4302183,99.2611111111111,98.67,100,270,150,120
17647,4302302,97.0592156862745,98.28,95.45,204,116,88
17648,4302503,99.6203802281369,99.36,100,263,156,107
17649,4302744,99.549592760181,99.21,100,221,126,95
17650,4302759,100,100,100,215,142,73
17651,4302768,99.4853608247423,100,98.08,194,142,52
17652,4302798,99.0609859154929,98.23,100,213,113,100
17653,4302816,99.0851376146789,99.15,99.01,218,117,101
17654,4302846,99.1104444444444,99.13,99.09,225,115,110
17655,4302924,100,100,100,241,144,97
17656,4302942,100,100,100,243,145,98
17657,4303345,99.1176991150442,99.31,98.78,226,144,82
17658,4303367,99.5898360655738,99.28,100,244,139,105
17659,4303609,99.578220338983,99.21,100,236,126,110
17660,4304297,96.6888397790055,96.12,97.44,181,103,78
17661,4304723,99.5610572687225,100,98.94,227,133,94
17662,4304762,100,100,100,219,122,97
17663,4306433,98.6169124423963,99.21,97.78,217,127,90
17664,4307072,99.3978313253012,99.02,100,166,102,64
17665,4307086,100,100,100,179,126,53
17666,4307176,100,100,100,199,108,91
17667,4307509,99.5210096153846,99.19,100,208,123,85
17668,4308065,98.2138095238095,100,90.32,168,137,31
17669,4308144,98.3797297297297,99.18,96.83,185,122,63
17670,4308423,93.1562105263158,88.39,100,190,112,78
17671,4308446,97.9197395833333,97.09,98.88,192,103,89
17672,4308607,98.4862626262626,97.46,100,198,118,80
17673,4309015,100,100,100,190,122,68
17674,4309027,99.477277486911,98.96,100,191,96,95
17675,4309105,100,100,100,197,106,91
17676,4309273,98.0392156862745,96.8,100,204,125,79
17677,4309369,98.9347872340425,99.17,98.51,188,121,67
17678,4309722,100,100,100,191,99,92
17679,4309890,99.3558709677419,98.44,100,155,64,91
17680,4310421,97.7505617977528,95.6,100,178,91,87
17681,4310567,96.8239682539682,95.05,98.86,189,101,88
17682,4310762,97.06,96.25,97.78,170,80,90
17683,4310949,96.4280357142857,92.77,100,168,83,85
17684,4311384,99.4777083333333,99.08,100,192,109,83
17685,4311480,99.4608108108108,99.05,100,185,105,80
17686,4311812,94.7382456140351,95.24,93.94,171,105,66
17687,4312538,98.658255033557,98.8,98.48,149,83,66
17688,4312600,99.3813664596273,98.8,100,161,83,78
17689,4312618,99.4236781609196,98.91,100,174,92,82
17690,4313253,93.6063953488372,93.59,93.62,172,78,94
17691,4313375,99.466577540107,98.95,100,187,95,92
17692,4314055,100,100,100,194,97,97
17693,4314097,100,100,100,165,109,56
17694,4314118,100,100,100,148,75,73
17695,4314136,98.9407407407407,97.4,100,189,77,112
17696,4314776,99.53,100,98.94,212,118,94
17697,4314816,97.6472941176471,100,90.91,85,63,22
17698,4314821,100,100,100,119,87,32
17699,4314863,99.5536160714286,100,98.99,224,125,99
17700,4314901,99.4395505617977,100,99.14,178,62,116
17701,4314917,98.9753846153846,100,98.2,195,84,111
17702,4314926,99.5194230769231,100,98.81,208,124,84
17703,4314945,99.1170796460177,99.03,99.19,226,103,123
17704,4315312,99.5725957446808,99.19,100,235,124,111
17705,4315354,99.5821428571429,99.15,100,238,117,121
17706,4315559,99.5793697478992,99.29,100,238,141,97
17707,4315712,100,100,100,247,124,123
17708,4315831,100,100,100,236,131,105
17709,4316190,99.0609859154929,99.13,98.98,213,115,98
17710,4316479,99.558,99.15,100,225,117,108
17711,4316875,100,100,100,251,131,120
17712,4316901,100,100,100,231,117,114
17713,4317696,100,100,100,215,85,130
17714,4318349,99.2355938697318,99.11,99.33,261,112,149
17715,4318613,100,100,100,250,135,115
17716,4318871,100,100,100,255,118,137
17717,4318920,99.5253333333333,98.88,100,210,89,121
17718,4319044,99.1889068825911,100,98.11,247,141,106
17719,4319253,99.3052083333333,100,98.62,288,143,145
17720,4319518,98.8837430167598,100,96.23,179,126,53
17721,4319548,100,100,100,255,128,127
17722,4319990,100,100,100,268,142,126
17723,4320526,99.6425714285714,99.28,100,280,139,141
17724,4320629,99.549596412556,99.07,100,223,108,115
17725,4320724,100,100,100,278,144,134
17726,4320802,100,100,100,274,134,140
17727,4321581,99.2022,99.27,99.12,250,137,113
17728,4321866,100,100,100,269,126,143
17729,4322135,100,100,100,244,123,121
17730,4322573,99.61,100,99.22,258,129,129
17731,4322648,99.5846666666667,100,99.11,240,128,112
17732,4322687,99.6398550724638,100,99.29,276,136,140
17733,4323109,100,100,100,242,139,103
17734,4323613,98.496015037594,97.89,99.19,266,142,124
17735,4323655,96.6637333333333,99.08,90.24,150,109,41
17736,4323660,94.9122033898305,97.22,91.3,118,72,46
17737,4323670,98.2751724137931,99.26,96.88,232,136,96
17738,4323688,98.4705747126437,98.44,98.5,261,128,133
17739,4323903,97.3454867256637,99.17,95.28,226,120,106
17740,4323924,99.2,98.4,100,250,125,125
17741,4323945,98.0482421875,98.6,97.35,256,143,113
17742,4323961,99.633663003663,100,99.27,273,136,137
17743,4323982,99.5832635983264,100,99.17,239,119,120
17744,4324007,99.5676086956522,100,99.15,230,113,117
17745,4324053,100,100,100,230,120,110
17746,4325094,98.8658522727273,99.12,98.41,176,113,63
17747,4326387,96.6542105263158,94.12,99.07,209,102,107
17748,4326546,99.0897272727273,99.15,99.02,220,118,102
17749,4326607,98.4945226130653,97.85,99.06,199,93,106
17750,4326855,93.8469743589744,97.2,89.77,195,107,88
17751,4327624,96.8093617021277,99.06,93.9,188,106,82
17752,4327954,99.5261137440758,98.99,100,211,99,112
17753,4328033,98.8300584795322,98.82,98.84,171,85,86
17754,4328042,98.9724102564103,100,97.67,195,109,86
17755,4328270,98.5231034482759,97.73,99.13,203,88,115
17756,4328306,100,100,100,240,120,120
17757,4328394,99.547556561086,98.99,100,221,99,122
17758,4328506,98.6112037037037,100,97.17,216,110,106
17759,4329086,95.1,89.8,100,204,98,106
17760,4329427,99.1975903614458,100,98.52,249,114,135
17761,4329604,99.5355092592593,100,99.21,216,89,127
17762,4329630,99.4796875,99.1,100,192,111,81
17763,4329664,99.1050224215247,99.11,99.1,223,112,111
17764,4329793,100,100,100,228,107,121
17765,4330288,95.736018957346,94,97.3,211,100,111
17766,4330793,99.5709871244635,99.02,100,233,102,131
17767,4330823,98.3049152542373,98.13,98.45,236,107,129
17768,4330895,97.5105394190871,95.69,99.2,241,116,125
17769,4331417,99.6106976744186,100,99.19,258,134,124
17770,4331519,97.1572511848341,92.31,100,211,78,133
17771,4331591,100,100,100,267,137,130
17772,4332205,95.752277992278,97.76,93.6,259,134,125
17773,4332721,100,100,100,256,134,122
17774,4332880,100,100,100,192,126,66
17775,4333088,99.5903703703704,99.21,100,243,126,117
17776,4333108,98.6912663755459,97.3,100,229,111,118
17777,4333190,99.6151724137931,99.19,100,261,124,137
17778,4333721,99.6151923076923,99.13,100,260,115,145
17779,4334365,98.685,98.25,99.12,228,114,114
17780,4334547,99.5938617886179,99.03,100,246,103,143
17781,4336283,99.5264928909953,100,98.97,211,114,97
17782,4336553,98.856,100,96.92,175,110,65
17783,4336592,100,100,100,206,84,122
17784,4336628,100,100,100,226,100,126
17785,4336669,99.0904566210045,99.11,99.07,219,112,107
17786,4336736,99.5002985074627,98.92,100,201,93,108
17787,4337711,96.370932642487,96.97,95.74,193,99,94
17788,4338623,98.9663212435233,100,98.1,193,88,105
17789,4339406,100,100,100,135,39,96
17790,4339436,99.5107317073171,100,99.15,205,87,118
17791,4339446,99.5414678899083,100,99.16,218,99,119
17792,4339496,100,100,100,213,93,120
17793,4339517,100,100,100,208,99,109
17794,4339859,100,100,100,212,96,116
17795,4340216,99.4649732620321,100,98.85,187,100,87
17796,4340243,100,100,100,197,109,88
17797,4340295,99.0410096153846,98.17,100,208,109,99
17798,4341014,100,100,100,214,125,89
17799,4341264,99.0827981651376,99.16,98.99,218,119,99
17800,4341447,100,100,100,196,99,97
17801,4341816,97.159336492891,97.44,96.81,211,117,94
17802,4341905,98.2994042553191,98.51,98.02,235,134,101
17803,4343432,96.1963586956522,97.09,95.06,184,103,81
17804,4343525,97.3177678571429,99.12,95.45,224,114,110
17805,4343544,97.2969189189189,94.81,99.07,185,77,108
17806,4343578,97.6340828402367,97.83,97.4,169,92,77
17807,4343606,95.656,84.62,98.88,115,26,89
17808,4343612,99.0740277777778,99.21,98.88,216,127,89
17809,4343889,95.9731543624161,87.5,100,149,48,101
17810,4343927,98.0852153110048,99.18,96.55,209,122,87
17811,4344060,97.2356221198157,95.15,99.12,217,103,114
17812,4344695,98.8556571428571,96.77,100,175,62,113
17813,4344701,96.0780392156863,94.16,100,204,137,67
17814,4345640,97.1939887640449,98.35,94.74,178,121,57
17815,4345951,100,100,100,234,136,98
17816,4345980,99.5675431034483,99.21,100,232,127,105
17817,4346071,99.4703703703704,98.9,100,189,91,98
17818,4346079,99.4823834196891,99.1,100,193,111,82
17819,4346218,99.1539830508475,98.51,100,236,134,102
17820,4346323,98.1845454545455,98.77,97.62,165,81,84
17821,4346992,100,100,100,222,120,102
17822,4347099,98.8773033707865,99,98.72,178,100,78
17823,4347432,100,100,100,208,101,107
17824,4347551,99.5117073170732,99.09,100,205,110,95
17825,4347620,99.4755789473684,98.94,100,190,94,96
17826,4347630,99.2910638297872,98.53,100,141,68,73
17827,4347828,100,100,100,158,86,72
17828,4348148,98.8043113772455,100,97.44,167,89,78
17829,4348179,100,100,100,156,71,85
17830,4348226,98.8083333333333,100,97.8,168,77,91
17831,4348398,100,100,100,166,74,92
17832,4348789,92.9038064516129,90.62,94.51,155,64,91
17833,4349078,95.19984,94.83,95.52,125,58,67
17834,4349220,83.3340740740741,97.06,60,108,68,40
17835,4349310,97.0989855072464,98.36,96.1,138,61,77
17836,4349582,99.3162328767123,98.51,100,146,67,79
17837,4349618,100,100,100,141,66,75
17838,4349721,97.2208333333333,93.33,100,108,45,63
17839,4350030,100,100,100,145,67,78
17840,4350205,97.7582835820896,98.41,97.18,134,63,71
17841,4350224,96.0505263157895,95.24,96.36,76,21,55
17842,4350488,95.1629032258065,93.75,96.67,124,64,60
17843,4350621,90.1992156862745,98.51,74.29,102,67,35
17844,4350755,98.02,94.74,98.78,101,19,82
17845,4350923,100,100,100,140,68,72
17846,4350943,100,100,100,116,67,49
17847,4351136,95.1409027777778,98.46,92.41,144,65,79
17848,4351169,99.2533582089552,100,98.55,134,65,69
17849,4351381,97.7437593984962,100,95.16,133,71,62
17850,4351598,97.0129850746269,95.31,98.57,134,64,70
17851,4351847,98.4833333333333,100,96.92,132,67,65
17852,4351894,95.4198473282443,97.1,93.55,131,69,62
17853,4351987,99.1461538461539,100,98.15,117,63,54
17854,4352667,78.9011926605504,77.97,80,109,59,50
17855,4353413,99.2351145038168,100,98.33,131,71,60
17856,4353594,99.295,100,98.59,142,71,71
17857,4354232,99.2251162790698,100,98.04,129,78,51
17858,4354367,100,100,100,124,61,63
17859,4354385,99.3443137254902,100,98.68,153,77,76
17860,4354767,89.7021323529412,94.2,85.07,136,69,67
17861,4355030,100,100,100,172,91,81
17862,4355533,98.8997252747253,100,97.75,182,93,89
17863,4355648,99.2782608695652,98.8,100,138,83,55
17864,4355690,99.3068055555556,98.39,100,144,62,82
17865,4356016,100,100,100,186,93,93
17866,4356365,95.7457446808511,100,90.7,94,51,43
17867,4356624,99.4082840236686,100,98.75,169,89,80
17868,4356672,99.436404494382,100,98.86,178,90,88
17869,4356806,99.3505844155844,100,98.63,154,81,73
17870,4356887,99.374375,100,98.57,160,90,70
17871,4357152,99.4097041420118,100,98.84,169,83,86
17872,4357247,97.3680921052632,93.65,100,152,63,89
17873,4357302,100,100,100,173,94,79
17874,4357320,99.1526271186441,100,96.97,118,85,33
17875,4357344,100,100,100,160,81,79
17876,4357485,97.5988,93.33,100,125,45,80
17877,4358042,93.2042718446602,81.58,100,103,38,65
17878,4358268,98.4827272727273,98.61,98.33,132,72,60
17879,4358481,97.8087591240876,96.2,100,137,79,58
17880,4358869,99.3522727272727,98.67,100,154,75,79
17881,4359028,98.0386274509804,97.33,98.72,153,75,78
17882,4359466,99.2641176470588,98.61,100,136,72,64
17883,4359681,99.1400862068966,100,98.25,116,59,57
17884,4360012,93.860701754386,91.38,96.43,114,58,56
17885,4360212,94.7394736842105,94.55,95,95,55,40
17886,4360600,90.7442592592593,88.14,93.88,108,59,49
17887,4361830,93.749765625,98.46,88.89,128,65,63
17888,4362889,99.3517532467532,100,98.51,154,87,67
17889,4362952,100,100,100,176,80,96
17890,4362982,98.0188118811881,93.1,100,101,29,72
17891,4363357,100,100,100,192,86,106
17892,4363621,97.8267391304348,96.43,99,184,84,100
17893,4363937,99.5082352941177,98.86,100,204,88,116
17894,4364144,100,100,100,183,90,93
17895,4364525,98.0878468899522,95.88,100,209,97,112
17896,4364749,98.9995,97.7,100,200,87,113
17897,4364849,100,100,100,201,97,104
17898,4364882,99.0185294117647,98.89,99.12,204,90,114
17899,4364941,96.5729452054795,95.65,97.4,146,69,77
17900,4365017,99.0741666666667,98.02,100,216,101,115
17901,4365229,92.9604225352113,98.88,83.02,142,89,53
17902,4365468,99.5036815920398,98.84,100,201,86,115
17903,4365821,97.8707446808511,97.67,98.04,188,86,102
17904,4365983,98.7407547169811,97.78,99.12,159,45,114
17905,4366183,98.9324064171123,98.98,98.88,187,98,89
17906,4366352,98.7176923076923,98.61,98.81,156,72,84
17907,4366496,99.4685638297872,100,98.97,188,91,97
17908,4366508,98.4451295336788,97.75,99.04,193,89,104
17909,4366736,96.1789071038251,94.94,97.12,183,79,104
17910,4367393,98.7873333333333,98.73,98.84,165,79,86
17911,4367525,99.3804347826087,98.25,100,161,57,104
17912,4368055,99.4678609625668,100,99.07,187,80,107
17913,4368298,94.74,98.95,90.53,190,95,95
17914,4368439,95.5840331491713,94.51,96.67,181,91,90
17915,4368475,97.395,97.62,97.22,192,84,108
17916,4368525,96.7565945945946,96.55,96.94,185,87,98
17917,4368898,100,100,100,232,102,130
17918,4369115,99.4573913043478,100,98.96,184,88,96
17919,4369127,100,100,100,183,58,125
17920,4369223,99.5598678414097,98.97,100,227,97,130
17921,4369400,98.213125,97.96,98.41,224,98,126
17922,4370554,96.572,92.06,99.11,175,63,112
17923,4370710,99.5322429906542,100,99.23,214,84,130
17924,4370718,98.986040609137,100,97.65,197,112,85
17925,4370919,99.5452272727273,100,99.13,220,105,115
17926,4370940,100,100,100,206,81,125
17927,4371508,100,100,100,232,105,127
17928,4371769,100,100,100,222,99,123
17929,4371872,99.4535519125683,98.75,100,183,80,103
17930,4371925,99.0798156682028,97.92,100,217,96,121
17931,4371937,98.0879425837321,100,96.23,209,103,106
17932,4371997,98.975641025641,99,98.95,195,100,95
17933,4372069,98.6198617511521,98.96,98.35,217,96,121
17934,4372282,98.5445631067961,100,97.37,206,92,114
17935,4372384,99.5194258373206,100,99.07,209,101,108
17936,4372489,99.4582608695652,100,98.88,184,95,89
17937,4372508,98.7807317073171,98.75,98.81,164,80,84
17938,4372567,100,100,100,207,88,119
17939,4373029,99.0394736842105,98.86,99.17,209,88,121
17940,4373167,98.9236559139785,97.14,100,186,70,116
17941,4373306,97.9381443298969,95,100,194,80,114
17942,4373434,100,100,100,164,58,106
17943,4373546,100,100,100,214,112,102
17944,4374650,98.0652903225807,100,97.06,155,53,102
17945,4375056,100,100,100,183,133,50
17946,4375142,99.5369302325581,99.24,100,215,131,84
17947,4375160,99.5009950248756,100,98.82,201,116,85
17948,4375448,98.1542857142857,99.08,97.22,217,109,108
17949,4375475,99.5591150442478,100,99.06,226,120,106
17950,4375583,99.0930769230769,99.17,99,221,121,100
17951,4376024,99.5207692307692,99.11,100,208,112,96
17952,4376065,99.5261137440758,100,98.99,211,112,99
17953,4376114,98.9229569892473,97.01,100,186,67,119
17954,4376577,97.9058577405858,99.24,96.26,239,132,107
17955,4377357,100,100,100,217,129,88
17956,4377573,100,100,100,196,98,98
17957,4378586,99.5292018779343,98.91,100,213,92,121
17958,4378636,97.308,99.36,94.23,260,156,104
17959,4378823,99.63,100,99.1,270,159,111
17960,4379100,99.5599118942731,100,98.65,227,153,74
17961,4379152,99.1906072874494,98.32,100,247,119,128
17962,4379269,99.2865,99.35,99.21,280,153,127
17963,4379549,100,100,100,233,101,132
17964,4379561,100,100,100,291,161,130
17965,4379858,99.594008097166,100,98.91,247,155,92
17966,4380131,99.6053754940711,100,99.04,253,149,104
17967,4380168,100,100,100,271,146,125
17968,4380212,100,100,100,282,156,126
17969,4380964,99.6348905109489,99.39,100,274,164,110
17970,4381002,100,100,100,271,164,107
17971,4381224,99.6091828793774,100,99.07,257,149,108
17972,4381290,99.5941463414634,100,98.96,246,150,96
17973,4381768,99.5851666666667,99.24,100,240,131,109
17974,4381870,98.7921370967742,99.28,98.17,248,139,109
17975,4382142,99.6035458167331,100,99.07,251,144,107
17976,4382298,99.177695473251,100,98.06,243,140,103
17977,4382460,96.7347346938775,97.97,94.85,245,148,97
17978,4382531,98.3729674796748,98.56,98.13,246,139,107
17979,4382718,99.201593625498,100,98.33,251,131,120
17980,4382737,99.60224,100,99.12,250,137,113
17981,4383040,98.698961038961,99.22,98.04,231,129,102
17982,4383328,99.5745106382979,100,99.01,235,134,101
17983,4383547,100,100,100,222,125,97
17984,4383887,95.0980882352941,96.19,93.94,204,105,99
17985,4385097,99.5900408163265,99.19,100,245,124,121
17986,4385562,98.4957894736842,98.46,98.53,266,130,136
17987,4386195,100,100,100,279,138,141
17988,4386275,99.6395667870036,100,99.22,277,149,128
17989,4386309,99.5903278688525,99.32,100,244,147,97
17990,4386539,100,100,100,257,123,134
17991,4387005,99.6319852941177,100,99.23,272,142,130
17992,4387061,99.6285820895522,99.37,100,268,158,110
17993,4387175,100,100,100,230,122,108
17994,4387200,100,100,100,273,139,134
17995,4387832,99.6670903010033,99.37,100,299,158,141
17996,4388024,100,100,100,266,146,120
17997,4388315,100,100,100,306,175,131
17998,4388437,99.608984375,99.23,100,256,130,126
17999,4388531,99.6497543859649,99.38,100,285,161,124
18000,4388907,99.1557383966245,98.13,100,237,107,130
18001,4389447,96.8975172413793,95.24,99.18,290,168,122
18002,4389872,100,100,100,253,150,103
18003,4389888,99.250861423221,98.63,100,267,146,121
18004,4390118,100,100,100,266,163,103
18005,4390244,99.6436879432624,99.36,100,282,157,125
18006,4390394,99.5915447154472,99.36,100,246,157,89
18007,4390412,99.2323076923077,99.32,99.12,260,146,114
18008,4390589,98.774693877551,98.1,100,245,158,87
18009,4390809,99.2436603773585,98.69,100,265,153,112
18010,4391223,100,100,100,289,157,132
18011,4391569,97.6553990610329,99.14,95.88,213,116,97
18012,4391634,94.7356578947368,98.11,86.96,76,53,23
18013,4391638,95.7987394957983,91.11,98.65,119,45,74
18014,4391659,98.2395594713656,97.44,99.09,227,117,110
18015,4391671,99.1596638655462,98.4,100,238,125,113
18016,4391848,99.0458095238095,97.67,100,210,86,124
18017,4392859,93.106724137931,89.26,97.3,232,121,111
18018,4393182,97.488870292887,95.16,100,239,124,115
18019,4393376,94.5950810810811,98.63,79.49,185,146,39
18020,4393510,99.5408256880734,98.9,100,218,91,127
18021,4393841,100,100,100,285,142,143
18022,4393972,99.1896356275304,98.56,100,247,139,108
18023,4394050,99.5764406779661,99.02,100,236,102,134
18024,4394420,99.5990361445783,100,99.22,249,121,128
18025,4394457,98.8869259259259,98.6,99.21,270,143,127
18026,4394618,100,100,100,264,126,138
18027,4394628,100,100,100,245,125,120
18028,4394823,99.6249056603774,100,99.29,265,125,140
18029,4394853,100,100,100,230,93,137
18030,4395179,99.6218631178707,100,99.15,263,146,117
18031,4395531,100,100,100,244,128,116
18032,4395841,96.52,90.8,100,230,87,143
18033,4395867,98.6553811659193,99.14,98.13,223,116,107
18034,4396201,100,100,100,264,132,132
18035,4396366,99.6144061302682,99.32,100,261,148,113
18036,4396762,95.0907142857143,86.08,100,224,79,145
18037,4397109,98.8737078651685,99.22,98.55,267,129,138
18038,4397383,100,100,100,277,151,126
18039,4397665,99.6437275985663,100,99.3,279,137,142
18040,4397857,99.3255067567568,98.79,100,296,165,131
18041,4397931,99.2767391304348,99.37,99.15,276,159,117
18042,4397970,100,100,100,256,136,120
18043,4398109,100,100,100,261,147,114
18044,4398136,100,100,100,282,141,141
18045,4398205,99.645,99.29,100,282,141,141
18046,4398213,99.6122957198444,100,99.06,257,151,106
18047,4398225,99.300979020979,100,98.53,286,150,136
18048,4398259,99.6585567010309,100,99.31,291,147,144
18049,4398291,98.8549618320611,100,97.5,262,142,120
18050,4399472,100,100,100,264,135,129
18051,4399552,99.1850406504065,98.21,100,246,112,134
18052,4399709,99.2267567567568,99.19,99.26,259,123,136
18053,4399742,97.8876371308017,96.55,99.17,237,116,121
18054,4400313,95.1219512195122,95.97,94.26,246,124,122
18055,4400406,99.5153398058252,100,98.72,206,128,78
18056,4400417,98.8674716981132,100,97.56,265,142,123
18057,4400632,98.6831578947369,98.37,99.05,228,123,105
18058,4400650,95.8694495412844,92.39,98.41,218,92,126
18059,4401456,100,100,100,259,122,137
18060,4401584,97.6462352941176,100,94.87,255,138,117
18061,4401599,100,100,100,232,94,138
18062,4401626,98.4277165354331,100,96.88,254,126,128
18063,4401660,99.0936818181818,100,98.43,220,93,127
18064,4401893,99.2380152671756,100,98.39,262,138,124
18065,4401935,99.2188671875,99.27,99.16,256,137,119
18066,4401947,99.1188986784141,99.23,98.97,227,130,97
18067,4402008,99.5605726872247,100,99.05,227,122,105
18068,4402141,99.2264864864865,99.19,99.26,259,124,135
18069,4402223,100,100,100,258,142,116
18070,4403561,99.6084645669291,100,99.15,254,137,117
18071,4403936,100,100,100,241,117,124
18072,4403966,100,100,100,240,122,118
18073,4404168,100,100,100,189,60,129
18074,4404476,97.0952697095436,97.48,96.72,241,119,122
18075,4404599,98.7481666666667,97.41,100,240,116,124
18076,4404744,96.9896385542169,100,95.97,166,42,124
18077,4404751,98.2779310344828,97.62,99.06,232,126,106
18078,4405005,100,100,100,250,128,122
18079,4405065,100,100,100,236,116,120
18080,4405849,99.0445933014354,100,98.08,209,105,104
18081,4405917,100,100,100,233,126,107
18082,4405942,100,100,100,200,128,72
18083,4406232,100,100,100,224,125,99
18084,4406664,99.0447368421053,98.35,100,209,121,88
18085,4407018,99.5408256880734,99.09,100,218,110,108
18086,4407195,98.6027972027972,97.78,100,143,90,53
18087,4407200,100,100,100,116,33,83
18088,4407438,100,100,100,190,88,102
18089,4407831,99.4191860465116,100,99.1,172,61,111
18090,4407837,100,100,100,182,120,62
18091,4407932,100,100,100,244,130,114
18092,4408236,100,100,100,235,129,106
18093,4408299,99.0379807692308,97.7,100,208,87,121
18094,4408764,100,100,100,209,94,115
18095,4408826,100,100,100,249,129,120
18096,4409095,98.5800947867299,100,97.2,211,104,107
18097,4409217,99.1110666666667,100,98.23,225,112,113
18098,4409525,98.4513402061855,100,97.41,194,78,116
18099,4409534,99.1375862068965,100,97.56,116,75,41
18100,4409539,99.2315384615385,100,96.67,130,100,30
18101,4409552,98.7250955414013,100,97.22,157,85,72
18102,4409569,100,100,100,209,102,107
18103,4409588,99.4883673469388,98.91,100,196,92,104
18104,4409660,100,100,100,191,110,81
18105,4409785,97.2018181818182,100,89.74,143,104,39
18106,4409810,100,100,100,196,104,92
18107,4409914,99.0557075471698,99.03,99.08,212,103,109
18108,4410388,94.0851479289941,92.5,95.51,169,80,89
18109,4410500,95.1590322580645,95.83,94.23,124,72,52
18110,4410704,99.3926829268293,100,98.8,164,81,83
18111,4411486,99.3933333333333,98.18,100,165,55,110
18112,4411650,100,100,100,160,82,78
18113,4411882,98.3637704918033,96.97,99.15,183,66,117
18114,4412384,96.5164534883721,91.53,99.12,172,59,113
18115,4412768,97.4989,95.35,99.12,200,86,114
18116,4412814,98.959375,97.78,100,192,90,102
18117,4413059,100,100,100,184,118,66
18118,4413070,97.435641025641,97.85,95.83,117,93,24
18119,4413172,96.9722222222222,100,94.5,198,89,109
18120,4413221,97.8019823788546,97.35,98.25,227,113,114
18121,4413244,98.7378481012658,98.25,99.19,237,114,123
18122,4413262,98.5434466019418,96.47,100,206,85,121
18123,4413286,100,100,100,247,125,122
18124,4413311,100,100,100,247,128,119
18125,4413476,99.5796638655462,99.18,100,238,122,116
18126,4413650,98.7223829787234,98.2,99.19,235,111,124
18127,4413683,98.1918552036199,96.3,100,221,108,113
18128,4414030,100,100,100,218,99,119
18129,4414123,99.0137931034483,97.8,100,203,91,112
18130,4414144,100,100,100,210,105,105
18131,4414762,99.1889068825911,98.41,100,247,126,121
18132,4415145,98.3465289256198,100,96.58,242,125,117
18133,4415268,97.585652173913,97.37,97.85,207,114,93
18134,4415427,99.56,99.12,100,226,113,113
18135,4415653,98.2770689655172,99.25,96.97,232,133,99
18136,4415665,99.5522869955157,100,99.04,223,119,104
18137,4415853,97.6424528301887,95.65,99.17,212,92,120
18138,4416146,99.4881632653061,99.12,100,196,114,82
18139,4416171,99.114203539823,99.25,98.92,226,133,93
18140,4417123,100,100,100,177,107,70
18141,4417142,99.5388888888889,99.17,100,216,120,96
18142,4417368,99.5456363636364,99.16,100,220,119,101
18143,4417788,100,100,100,195,111,84
18144,4418038,98.9884848484849,99.12,98.81,198,114,84
18145,4418058,97.648,100,92.86,85,57,28
18146,4418062,95.1007843137255,90.91,98.28,102,44,58
18147,4418585,99.5416972477064,100,99.03,218,115,103
18148,4418714,97.157345971564,96.67,97.8,211,120,91
18149,4418742,98.1473148148148,97.74,98.8,216,133,83
18150,4418753,98.3446408839779,98.28,98.46,181,116,65
18151,4418793,98.3957219251337,97.6,100,187,125,62
18152,4418884,98.1818181818182,96,100,165,75,90
18153,4418901,98.0107462686567,96.08,100,201,102,99
18154,4419005,99.4923350253807,100,98.63,197,124,73
18155,4419044,99.0431578947369,100,97.98,209,110,99
18156,4419060,99.4682978723404,100,99.02,188,86,102
18157,4419263,98.6494144144144,98.32,99.03,222,119,103
18158,4419272,98.5042537313433,98.73,98.18,134,79,55
18159,4419297,97.6588304093567,94.59,100,171,74,97
18160,4419317,98.9680412371134,97.8,100,194,91,103
18161,4419483,98.5070149253731,97.89,99.06,201,95,106
18162,4419588,95.5772928176795,99.07,90.41,181,108,73
18163,4419974,93.0493048128342,95.5,89.47,187,111,76
18164,4419986,96.4850753768844,97.12,95.79,199,104,95
18165,4420817,99.4979899497487,100,99.1,199,88,111
18166,4420895,100,100,100,246,119,127
18167,4421030,99.5476126126126,99.17,100,222,121,101
18168,4421147,99.0772811059908,99.12,99.03,217,114,103
18169,4421444,100,100,100,244,122,122
18170,4421666,100,100,100,234,106,128
18171,4421997,99.1361038961039,99,99.24,231,100,131
18172,4422068,99.1950200803213,99.2,99.19,249,125,124
18173,4422141,100,100,100,240,122,118
18174,4422516,91.1958490566038,100,57.58,159,126,33
18175,4422651,100,100,100,242,129,113
18176,4422712,100,100,100,246,118,128
18177,4422979,99.0909589041096,99.12,99.06,219,113,106
18178,4423185,100,100,100,241,121,120
18179,4423311,100,100,100,215,110,105
18180,4423817,98.9733846153846,99.03,98.91,195,103,92
18181,4424024,99.4544262295082,98.72,100,183,78,105
18182,4424837,97.2366298342542,96.08,98.73,181,102,79
18183,4425181,100,100,100,167,98,69
18184,4425223,99.2658823529412,100,98.44,136,72,64
18185,4425268,100,100,100,191,114,77
18186,4425328,99.3994011976048,100,98.82,167,82,85
18187,4425899,98.9075409836066,100,97.06,183,115,68
18188,4426053,100,100,100,182,103,79
18189,4426157,98.7883636363636,100,97.62,165,81,84
18190,4426534,99.4294857142857,98.96,100,175,96,79
18191,4426644,95.4216030534351,91.94,98.55,131,62,69
18192,4426901,85.6171232876712,86.49,84.72,146,74,72
18193,4427249,96.091875,95.52,96.72,128,67,61
18194,4427262,96.9247692307692,95.89,98.25,130,73,57
18195,4427294,98.5870422535211,98.68,98.48,142,76,66
18196,4427958,99.1938709677419,98.53,100,124,68,56
18197,4428445,99.1967741935484,100,98.8,124,41,83
18198,4428451,99.1538983050847,100,96.88,118,86,32
18199,4428614,98.9613541666667,100,98.31,96,37,59
18200,4429259,100,100,100,174,83,91
18201,4429328,100,100,100,183,93,90
18202,4429397,100,100,100,164,74,90
18203,4429732,91.5245762711864,88.89,94.25,177,90,87
18204,4429871,98.4375,100,97,192,92,100
18205,4429895,99.495404040404,100,99.03,198,95,103
18206,4430029,100,100,100,180,75,105
18207,4430047,100,100,100,203,98,105
18208,4430227,98.7717791411043,96.15,100,163,52,111
18209,4430258,97.6334319526627,95.79,100,169,95,74
18210,4430362,100,100,100,203,92,111
18211,4430582,99.4014371257485,97.96,100,167,49,118
18212,4430623,97.8042857142857,96.39,98.99,182,83,99
18213,4430758,99.2310769230769,91.67,100,130,12,118
18214,4431088,96.6844549763033,95.18,97.66,211,83,128
18215,4431320,98.38,96.3,100,185,81,104
18216,4431375,99.5356279069767,98.96,100,215,96,119
18217,4431562,100,100,100,215,89,126
18218,4431577,99.0941176470588,97.8,100,221,91,130
18219,4431729,100,100,100,209,83,126
18220,4432986,100,100,100,166,40,126
18221,4433072,96.4890789473684,96.97,96.12,228,99,129
18222,4433810,100,100,100,244,112,132
18223,4434020,96.9573043478261,94.05,98.63,230,84,146
18224,4434970,99.4657219251337,99.03,100,187,103,84
18225,4435159,96.7944871794872,99.03,92.45,156,103,53
18226,4435258,98.4646153846154,98.89,98.1,195,90,105
18227,4435378,100,100,100,186,81,105
18228,4435384,98.438125,100,92.86,128,100,28
18229,4435447,100,100,100,160,94,66
18230,4435534,100,100,100,181,93,88
18231,4435687,98.9441798941799,99.07,98.78,189,107,82
18232,4435873,98.9108196721312,98.94,98.88,183,94,89
18233,4436473,99.4426815642458,98.84,100,179,86,93
18234,4436497,100,100,100,151,88,63
18235,4436762,95.7764788732394,96.97,94.74,142,66,76
18236,4436951,100,100,100,162,79,83
18237,4437214,100,100,100,147,68,79
18238,4437719,60.00225,84.21,38.1,80,38,42
18239,4438987,98.6389115646259,100,97.56,147,65,82
18240,4439128,99.371320754717,100,98.81,159,75,84
18241,4439155,98.4827272727273,98.61,98.33,132,72,60
18242,4439291,96.8913664596273,95.83,97.75,161,72,89
18243,4439638,96.1542307692308,97.01,95.51,156,67,89
18244,4439942,100,100,100,155,58,97
18245,4440038,99.3899390243902,100,98.55,164,95,69
18246,4440211,93.750859375,100,79.49,128,89,39
18247,4440251,100,100,100,177,71,106
18248,4440281,99.48,100,99.04,192,88,104
18249,4440538,98.8292397660819,100,97.8,171,80,91
18250,4441148,100,100,100,185,76,109
18251,4441181,97.959693877551,95.35,100,196,86,110
18252,4441240,96.9520304568528,96.55,97.27,197,87,110
18253,4441411,98.3426519337016,98.82,97.92,181,85,96
18254,4441676,98.9371276595745,100,97.94,188,91,97
18255,4441817,98.8308771929825,98.86,98.8,171,88,83
18256,4441871,99.5681818181818,99.05,100,231,105,126
18257,4442432,98.593427230047,100,97.2,213,106,107
18258,4442626,99.0485714285714,98.15,100,210,108,102
18259,4442664,98.2255621301775,100,96.94,169,71,98
18260,4442975,100,100,100,238,113,125
18261,4443046,100,100,100,218,90,128
18262,4443448,99.4648128342246,100,98.61,187,115,72
18263,4443687,100,100,100,238,112,126
18264,4443703,100,100,100,209,89,120
18265,4443775,100,100,100,242,125,117
18266,4443887,99.208253968254,100,98.28,252,136,116
18267,4444171,97.4473191489362,98.53,95.96,235,136,99
18268,4444230,100,100,100,258,136,122
18269,4444281,100,100,100,234,117,117
18270,4444395,98.8212941176471,97.67,100,255,129,126
18271,4444488,98.327489539749,99.25,97.17,239,133,106
18272,4444752,100,100,100,258,133,125
18273,4444949,100,100,100,240,135,105
18274,4445235,99.2122834645669,98.36,100,254,122,132
18275,4445309,100,100,100,235,118,117
18276,4445654,99.22861003861,99.17,99.28,259,121,138
18277,4445721,99.5798739495798,99.01,100,238,101,137
18278,4445922,99.4290857142857,100,99.03,175,72,103
18279,4445927,97.5186776859504,100,95.83,121,49,72
18280,4446090,98.3887096774194,100,96.3,186,105,81
18281,4446603,99.6168582375479,99.2,100,261,125,136
18282,4446974,99.6295925925926,100,99.27,270,133,137
18283,4447095,100,100,100,254,120,134
18284,4447266,99.1218421052632,97.87,100,228,94,134
18285,4447313,99.5867219917013,99.17,100,241,120,121
18286,4447353,100,100,100,260,125,135
18287,4447398,98.723829787234,99.26,98,235,135,100
18288,4447505,100,100,100,263,128,135
18289,4447578,99.6210188679245,99.17,100,265,121,144
18290,4448744,99.0912727272727,100,98.04,220,118,102
18291,4448951,99.1352586206897,99.15,99.12,232,118,114
18292,4449275,98.794859437751,100,97.52,249,128,121
18293,4449296,98.7755102040816,100,97.5,245,125,120
18294,4449396,100,100,100,213,117,96
18295,4449567,96.3986486486486,100,93.85,111,46,65
18296,4449572,98.4716030534351,100,95.74,131,84,47
18297,4449588,98.2940909090909,99.01,97.33,176,101,75
18298,4449620,97.9259067357513,99.15,96,193,118,75
18299,4450057,99.5215865384615,100,99.07,208,101,107
18300,4450208,99.048,98.32,100,210,119,91
18301,4450293,98.4162055335968,97.58,99.22,253,124,129
18302,4451082,99.6373913043478,99.28,100,276,139,137
18303,4451242,99.6025896414343,100,99.25,251,118,133
18304,4451539,98.8232156862745,97.52,100,255,121,134
18305,4451559,99.1975403225806,99.15,99.24,248,117,131
18306,4451635,99.2053571428571,99.19,99.22,252,123,129
18307,4451674,99.1705809128631,99.19,99.15,241,124,117
18308,4451695,99.5392660550459,100,99.19,218,94,124
18309,4451700,100,100,100,128,89,39
18310,4451760,99.13,98.26,100,230,115,115
18311,4451883,98.3126582278481,97.92,98.58,237,96,141
18312,4451896,99.4900512820513,100,99.12,195,82,113
18313,4451919,99.5414285714286,100,99.07,217,110,107
18314,4451945,98.742641509434,100,96.43,159,103,56
18315,4451973,99.2501503759399,99.24,99.26,266,131,135
18316,4452012,100,100,100,195,68,127
18317,4452038,98.6809691629956,98.28,99.1,227,116,111
18318,4452330,100,100,100,263,135,128
18319,4452378,100,100,100,260,137,123
18320,4452429,100,100,100,260,112,148
18321,4452466,100,100,100,205,83,122
18322,4452487,99.6144827586207,99.22,100,261,129,132
18323,4452507,99.6127413127413,99.15,100,259,118,141
18324,4452537,99.2066666666667,98.53,100,252,136,116
18325,4452799,100,100,100,235,124,111
18326,4452818,100,100,100,284,144,140
18327,4452961,100,100,100,280,139,141
18328,4452994,100,100,100,280,145,135
18329,4453030,100,100,100,234,118,116
18330,4453045,100,100,100,218,132,86
18331,4453067,99.6321771217712,100,99.11,271,159,112
18332,4453089,99.625,99.25,100,266,133,133
18333,4453389,98.9225899280575,98.08,100,278,156,122
18334,4453610,100,100,100,262,128,134
18335,4453685,98.2323674911661,99.32,97.04,283,148,135
18336,4453721,98.3513580246914,99.36,96.51,243,157,86
18337,4453748,98.4173913043478,98.18,98.6,253,110,143
18338,4453763,95.0823770491803,97.98,82.61,122,99,23
18339,4453767,95.9608080808081,92.68,98.28,198,82,116
18340,4453787,99.2776895306859,98.78,100,277,164,113
18341,4453907,99.654375,99.37,100,288,158,130
18342,4453922,98.2758620689655,95,100,232,80,152
18343,4455067,99.05,100,98.1,316,158,158
18344,4455972,100,100,100,303,148,155
18345,4456328,99.6849056603774,99.4,100,318,167,151
18346,4456350,98.1586764705882,96.36,99.38,272,110,162
18347,4456382,98.8154150197628,96.67,100,253,90,163
18348,4456889,97.8815677966102,98.29,97.48,236,117,119
18349,4456902,98.6002447552447,96.99,100,286,133,153
18350,4457105,99.2658241758242,98.69,100,273,153,120
18351,4457411,99.661433447099,99.38,100,293,160,133
18352,4457434,99.6638383838384,99.36,100,297,156,141
18353,4457485,94.9167796610169,92.59,96.88,59,27,32
18354,4457489,97.435811965812,84.21,100,117,19,98
18355,4457497,99.0173770491803,98.15,100,305,162,143
18356,4457680,99.65,99.29,100,284,140,144
18357,4457696,99.6412186379928,100,99.09,279,169,110
18358,4457722,97.8873839662447,98.68,96.47,237,152,85
18359,4458160,100,100,100,237,142,95
18360,4458275,99.3352491694352,99.32,99.35,301,148,153
18361,4458326,99.6367272727273,100,99.26,275,140,135
18362,4458602,99.6230188679245,99.1,100,265,111,154
18363,4458759,92.5088764044944,95.49,89.55,267,133,134
18364,4459539,98.9246594982079,99.3,98.53,279,143,136
18365,4459943,97.4794964028777,96.32,98.59,278,136,142
18366,4460140,99.6419494584838,99.43,100,277,174,103
18367,4460191,98.8557251908397,99.38,98.02,262,161,101
18368,4460201,98.9814285714286,99.37,98.53,294,158,136
18369,4460889,97.7192015209125,95.35,100,263,129,134
18370,4461008,99.5996,99.23,100,250,130,120
18371,4461074,98.1059090909091,100,95.37,264,156,108
18372,4461285,98.8789887640449,99.28,98.45,267,138,129
18373,4461435,100,100,100,286,153,133
18374,4461465,100,100,100,286,154,132
18375,4461554,99.2412547528517,99.35,99.09,263,153,110
18376,4461629,100,100,100,231,156,75
18377,4461732,100,100,100,282,160,122
18378,4462059,98.5240221402214,99.36,97.39,271,156,115
18379,4462128,98.8651515151515,97.86,100,264,140,124
18380,4462172,99.2585608856089,99.33,99.17,271,150,121
18381,4462257,99.5766525423729,98.97,100,236,97,139
18382,4462356,99.6345787545787,100,99.14,273,157,116
18383,4462400,100,100,100,268,149,119
18384,4462479,99.291554770318,100,98.37,283,160,123
18385,4462662,99.6547569444444,99.39,100,288,163,125
18386,4463184,99.5522869955157,98.96,100,223,96,127
18387,4463273,98.4640229885057,99.24,97.67,261,132,129
18388,4463735,99.6311111111111,100,99.17,270,150,120
18389,4464096,99.6053754940711,100,98.96,253,157,96
18390,4464137,99.6092549019608,100,99.06,255,149,106
18391,4464200,100,100,100,270,139,131
18392,4464488,100,100,100,253,144,109
18393,4465069,99.6446975088968,100,99.22,281,153,128
18394,4465228,100,100,100,264,143,121
18395,4465378,99.6542268041237,100,99.22,291,162,129
18396,4465483,99.6003984063745,99.41,100,251,170,81
18397,4465618,99.6170114942529,100,99.02,261,159,102
18398,4465681,98.5177777777778,98.75,98.18,270,160,110
18399,4465693,98.2253191489362,97.56,99.15,282,164,118
18400,4465714,98.5286764705882,98.16,99.08,272,163,109
18401,4465777,98.7121030042918,97.58,100,233,124,109
18402,4465798,99.2427272727273,99.37,99.05,264,159,105
18403,4465840,99.2477443609023,98.62,100,266,145,121
18404,4465858,98.9335231316726,98.72,99.2,281,156,125
18405,4466148,99.2884397163121,98.73,100,282,158,124
18406,4466273,99.2164705882353,98.52,100,255,135,120
18407,4466298,99.0475238095238,98.63,99.27,210,73,137
18408,4466360,99.6354347826087,100,99.22,276,147,129
18409,4466404,99.0009,99.29,98.31,200,141,59
18410,4466417,99.05,98.81,99.21,210,84,126
18411,4467441,98.3586885245901,97.32,99.24,244,112,132
18412,4467686,99.5764406779661,100,99.16,236,117,119
18413,4468144,98.461282051282,97.5,99.13,195,80,115
18414,4468150,99.4902030456853,99.17,100,197,121,76
18415,4468201,99.4966331658292,98.41,100,199,63,136
18416,4468235,100,100,100,265,136,129
18417,4468477,100,100,100,259,138,121
18418,4468684,99.2779061371841,100,98.54,277,140,137
18419,4469230,98.5419417475728,97.96,99.07,206,98,108
18420,4469258,99.5718454935622,99.14,100,233,116,117
18421,4469854,94.2715923566879,81.82,99.12,157,44,113
18422,4469915,98.6152534562212,99.18,97.89,217,122,95
18423,4469932,98.9945728643216,99.06,98.92,199,106,93
18424,4469947,98.244298245614,99.21,97.03,228,127,101
18425,4469956,97.8299130434783,98.43,97.09,230,127,103
18426,4470085,99.5732188841202,100,99.12,233,120,113
18427,4470139,99.5438073394496,100,99.15,218,101,117
18428,4470151,100,100,100,218,129,89
18429,4470169,98.5123762376238,99.17,97.53,202,121,81
18430,4470543,99.0981981981982,100,98.18,222,112,110
18431,4470552,98.275,95.65,100,174,69,105
18432,4470674,99.5113725490196,100,98.88,204,115,89
18433,4470735,99.06,100,97.87,213,119,94
18434,4470816,97.685,98.41,96.67,216,126,90
18435,4470834,98.5078109452736,99.11,97.75,201,112,89
18436,4470848,97.5958653846154,99.2,95.18,208,125,83
18437,4471232,98.66125,100,97.06,224,122,102
18438,4471241,99.0240487804878,100,97.53,205,124,81
18439,4471272,97.5619512195122,100,94.12,82,48,34
18440,4471277,97.7148,98.91,96.39,175,92,83
18441,4471331,99.0625352112676,100,97.92,213,117,96
18442,4471374,97.9734517766498,97.73,98.17,197,88,109
18443,4471472,99.0342028985507,100,97.96,207,109,98
18444,4471634,99.5126829268293,100,98.89,205,115,90
18445,4471773,97.5285148514852,96.3,98.94,202,108,94
18446,4472457,95.7981512605042,93.02,97.37,119,43,76
18447,4472961,94.8914598540146,98,86.49,137,100,37
18448,4473548,100,100,100,162,74,88
18449,4473646,100,100,100,153,73,80
18450,4473754,98.620275862069,98.7,98.53,145,77,68
18451,4474380,100,100,100,154,82,72
18452,4474491,100,100,100,126,67,59
18453,4474865,98.4251181102362,96.61,100,127,59,68
18454,4476179,76.8128985507246,48.39,100,69,31,38
18455,4476410,97.2609589041096,93.55,100,73,31,42
18456,4476680,79.998,88.89,71.79,75,36,39
18457,4477367,100,100,100,77,35,42
18458,4477889,100,100,100,104,44,60
18459,4478314,92.1315730337079,88.57,94.44,89,35,54
18460,4478552,98.9378723404255,100,98.44,94,30,64
18461,4478597,99.0116831683168,100,98.39,101,39,62
18462,4478657,98.9474736842105,96.97,100,95,33,62
18463,4478735,100,100,100,43,16,27
18464,4478740,100,100,100,73,38,35
18465,4478822,100,100,100,98,36,62
18466,4479403,100,100,100,90,41,49
18467,4480478,88.8860493827161,88.37,89.47,81,43,38
18468,4481208,97.3923478260869,100,91.67,115,79,36
18469,4481232,99.3958787878788,100,98.88,165,76,89
18470,4481427,100,100,100,152,68,84
18471,4481580,100,100,100,159,65,94
18472,4482279,100,100,100,188,83,105
18473,4482945,99.5076732673268,100,99.15,202,85,117
18474,4483056,99.488,98.72,100,195,78,117
18475,4483106,100,100,100,211,90,121
18476,4483121,100,100,100,148,82,66
18477,4483310,99.3522727272727,98.67,100,154,75,79
18478,4483587,97.5631707317073,95,98.39,164,40,124
18479,4483650,100,100,100,194,92,102
18480,4483722,100,100,100,171,79,92
18481,4484036,100,100,100,171,45,126
18482,4484795,99.4875510204081,100,99.07,196,88,108
18483,4485110,100,100,100,170,55,115
18484,4485385,100,100,100,198,89,109
18485,4485431,100,100,100,191,90,101
18486,4485529,99.4854871794872,98.73,100,195,79,116
18487,4486290,98.4872727272727,100,96.88,198,102,96
18488,4486317,99.537037037037,100,99.2,216,91,125
18489,4486527,100,100,100,219,94,125
18490,4486914,100,100,100,217,110,107
18491,4486996,100,100,100,223,109,114
18492,4487151,98.1921686746988,96.77,99.04,166,62,104
18493,4487427,99.5814225941423,100,99.18,239,117,122
18494,4487513,99.576170212766,99.17,100,235,120,115
18495,4487955,98.5304901960784,98.26,98.88,204,115,89
18496,4488290,100,100,100,229,119,110
18497,4488329,100,100,100,205,117,88
18498,4488922,100,100,100,214,117,97
18499,4488976,99.5867768595041,100,99.2,242,117,125
18500,4489074,98.6581614349776,98.43,98.96,223,127,96
18501,4489299,96.0884916201117,100,89.06,179,115,64
18502,4489605,100,100,100,234,126,108
18503,4489635,100,100,100,199,131,68
18504,4489722,99.5172815533981,99.12,100,206,113,93
18505,4489878,100,100,100,220,116,104
18506,4490198,97.6515023474178,99.21,95.35,213,127,86
18507,4490286,96.568431372549,100,90.54,204,130,74
18508,4490828,96.3630303030303,95,98.46,165,100,65
18509,4491000,98.1481481481482,97.32,99.04,216,112,104
18510,4491360,100,100,100,197,109,88
18511,4491401,100,100,100,199,96,103
18512,4491834,99.0282038834951,99.08,98.97,206,109,97
18513,4492218,100,100,100,205,106,99
18514,4492335,100,100,100,212,104,108
18515,4492473,99.0552830188679,99.04,99.07,212,104,108
18516,4492692,99.3776397515528,100,98.33,161,101,60
18517,4493011,98.8645454545454,98.96,98.75,176,96,80
18518,4493343,92.405,98.73,86.08,158,79,79
18519,4493726,98.949052631579,100,97.92,190,94,96
18520,4494479,96.8162420382166,98.63,95.24,157,73,84
18521,4494729,89.1493023255814,88.14,90,129,59,70
18522,4494789,94.9639568345324,97.01,93.06,139,67,72
18523,4495170,98.3622131147541,100,96.23,122,69,53
18524,4495373,100,100,100,142,69,73
18525,4495511,100,100,100,142,65,77
18526,4495547,99.2782014388489,98.73,100,139,79,60
18527,4495887,100,100,100,156,82,74
18528,4496067,98.2779885057471,96.39,100,174,83,91
18529,4496078,99.2984615384615,98.68,100,143,76,67
18530,4496091,97.1026086956522,92.86,100,138,56,82
18531,4496144,98.6911111111111,100,96.77,153,91,62
18532,4496913,96.4032374100719,88.89,100,139,45,94
18533,4497018,97.6887861271676,96.2,98.94,173,79,94
18534,4497377,96.9885542168675,95.35,98.75,166,86,80
18535,4497422,95.8882191780822,93.24,98.61,146,74,72
18536,4497606,95.7128571428571,97.5,93.33,140,80,60
18537,4498326,96.95,98.78,95.12,164,82,82
18538,4498853,98.6125,98.67,98.55,144,75,69
18539,4498877,98.5286764705883,100,95.65,136,90,46
18540,4499055,99.3867484662577,98.81,100,163,84,79
18541,4499154,100,100,100,119,67,52
18542,4499602,84.9066981132076,68.57,92.96,106,35,71
18543,4501044,96.7695698924731,97.01,96.15,93,67,26
18544,4501048,95.0960784313725,91.8,100,102,61,41
18545,4501337,95.5223134328358,98.41,92.96,134,63,71
18546,4501748,85.2667368421053,89.66,78.38,95,58,37
18547,4501942,93.3872727272727,92.98,93.75,121,57,64
18548,4502226,98.4251181102362,98.41,98.44,127,63,64
18549,4502517,88.5708571428571,83.33,94.12,105,54,51
18550,4502682,100,100,100,146,81,65
18551,4502704,97.7919117647059,96.1,100,136,77,59
18552,4503408,97.7520224719101,97.87,97.62,89,47,42
18553,4503483,95.7465957446809,98.25,91.89,94,57,37
18554,4503495,97.7550561797753,96.3,100,89,54,35
18555,4503506,100,100,100,96,58,38
18556,4503620,65.4757142857143,94.23,18.75,84,52,32
18557,4504188,84.2110526315789,79.07,90.91,76,43,33
18558,4504610,40,50,20,45,30,15
18559,4504715,83.3333333333333,96.55,53.85,84,58,26
18560,4505384,81.9458333333333,73.33,88.1,72,30,42
18561,4505479,83.1172727272727,82.61,83.87,77,46,31
18562,4506125,97.8924210526316,95.74,100,95,47,48
18563,4506348,90.695,83.72,97.67,86,43,43
18564,4506379,96.0384158415842,96.15,95.92,101,52,49
18565,4506451,86.1538461538462,68,97.5,65,25,40
18566,4506659,96.040396039604,96,96.08,101,50,51
18567,4507562,83.7576923076923,81.48,85.71,117,54,63
18568,4507670,85.00025,93.22,77.05,120,59,61
18569,4507842,92.9678125,97.06,88.33,128,68,60
18570,4508240,97.9171875,95.35,100,96,43,53
18571,4508346,98.5068656716418,98.72,98.21,134,78,56
18572,4508508,94.4813793103448,96.84,90,145,95,50
18573,4508863,95.5374522292994,98.86,91.3,157,88,69
18574,4509483,100,100,100,183,97,86
18575,4509539,99.4755789473684,99.06,100,190,106,84
18576,4509850,98.9021978021978,100,97.3,182,108,74
18577,4510112,91.2563387978142,85.57,97.67,183,97,86
18578,4510267,96.4633333333333,95.45,97.73,198,110,88
18579,4510354,71.7729838709677,55.22,91.23,124,67,57
18580,4510485,99.5150485436893,99.1,100,206,111,95
18581,4510840,100,100,100,203,109,94
18582,4511075,97.3323333333333,92.45,100,150,53,97
18583,4511186,98.3429281767956,96.63,100,181,89,92
18584,4511357,99.0517061611374,98.13,100,211,107,104
18585,4511369,100,100,100,189,115,74
18586,4511563,99.5224761904762,100,98.91,210,118,92
18587,4511806,99.0158620689655,99.11,98.9,203,112,91
18588,4512338,100,100,100,184,121,63
18589,4512483,100,100,100,228,121,107
18590,4512576,99.5605726872247,100,99.05,227,122,105
18591,4512882,99.5813807531381,100,99.13,239,124,115
18592,4512952,100,100,100,244,126,118
18593,4513201,100,100,100,230,122,108
18594,4513562,99.5764406779661,100,99.02,236,134,102
18595,4514001,100,100,100,253,123,130
18596,4514133,100,100,100,201,76,125
18597,4514262,99.5621052631579,99.22,100,228,128,100
18598,4514485,99.5073891625616,99,100,203,100,103
18599,4514800,100,100,100,172,109,63
18600,4515389,98.9147826086956,97.92,100,184,96,88
18601,4515398,99.5909756097561,99.22,100,246,129,117
18602,4515613,100,100,100,255,138,117
18603,4516259,100,100,100,261,138,123
18604,4516554,98.5154455445545,95.59,100,202,68,134
18605,4516843,100,100,100,254,139,115
18606,4516902,100,100,100,207,141,66
18607,4517589,100,100,100,272,145,127
18608,4518056,98.6306849315069,97.06,100,219,102,117
18609,4518063,98.8073214285714,99.21,97.56,168,127,41
18610,4519465,97.6444339622641,96.94,98.25,212,98,114
18611,4519712,95.8141860465116,92.55,98.35,215,94,121
18612,4519834,96.9419650655022,98.13,95.9,229,107,122
18613,4520071,99.2141176470588,98.33,100,255,120,135
18614,4520283,96.7388043478261,98.29,94.03,184,117,67
18615,4520313,99.1033183856502,98.98,99.2,223,98,125
18616,4520465,95.770985915493,94.44,97.14,213,108,105
18617,4520576,96.930490797546,97.89,95.59,163,95,68
18618,4520829,99.5515695067265,99,100,223,100,123
18619,4520915,96.969696969697,100,93.75,198,102,96
18620,4520981,99.5211538461539,98.8,100,208,83,125
18621,4521170,99.5556,99.01,100,225,101,124
18622,4521200,98.105971563981,95.88,100,211,97,114
18623,4521302,100,100,100,196,102,94
18624,4521332,100,100,100,178,58,120
18625,4522256,97.3257219251337,96.25,98.13,187,80,107
18626,4522623,100,100,100,201,111,90
18627,4522743,100,100,100,213,100,113
18628,4522830,100,100,100,231,111,120
18629,4522859,99.5106341463415,100,98.86,205,117,88
18630,4523094,100,100,100,185,98,87
18631,4523289,97.0760233918129,94.52,98.98,171,73,98
18632,4523744,100,100,100,213,104,109
18633,4523915,99.4488950276243,100,98.67,181,106,75
18634,4523969,99.3874846625767,98.96,100,163,96,67
18635,4524235,99.5365581395349,100,99.06,215,109,106
18636,4524318,100,100,100,201,114,87
18637,4524426,99.529014084507,99.12,100,213,114,99
18638,4524481,99.4928426395939,98.97,100,197,97,100
18639,4524594,100,100,100,179,78,101
18640,4524613,99.4722222222222,99.05,100,189,105,84
18641,4524640,95.9298837209302,90.14,100,172,71,101
18642,4525138,91.3538271604938,90.38,93.1,162,104,58
18643,4525457,85.5048550724638,77.46,94.03,138,71,67
18644,4525904,92.1357303370787,95.92,87.5,178,98,80
18645,4526194,97.5389655172414,99.05,95.92,203,105,98
18646,4526256,97.4367179487179,98.02,96.81,195,101,94
18647,4526335,99.20128,97.44,100,125,39,86
18648,4526398,99.5392660550459,100,99.07,218,110,108
18649,4526608,99.0905454545454,98.36,100,220,122,98
18650,4526731,100,100,100,226,122,104
18651,4527182,98.29375,95.38,100,176,65,111
18652,4527233,98.6508108108108,97.44,100,222,117,105
18653,4527284,100,100,100,227,122,105
18654,4527533,98.142,99.21,96.63,215,126,89
18655,4527856,100,100,100,230,115,115
18656,4528022,98.1806060606061,96.92,99,165,65,100
18657,4528056,99.0947058823529,98.29,100,221,117,104
18658,4528615,98.4714285714286,97.2,100,196,107,89
18659,4528783,97.4992,99.22,94.44,200,128,72
18660,4529147,99.5784810126582,100,99.1,237,126,111
18661,4529465,99.5924897959184,99.22,100,245,128,117
18662,4529587,99.1288209606987,98.5,100,229,133,96
18663,4529615,99.0490995260664,98.48,100,211,132,79
18664,4530083,94.8750769230769,96.4,92.86,195,111,84
18665,4530095,99.0725,98.11,100,216,106,110
18666,4530188,98.3270292887029,96.64,100,239,119,120
18667,4530304,99.5674891774892,99.03,100,231,103,128
18668,4530406,99.5954838709677,99.24,100,248,132,116
18669,4530523,98.0133333333333,98.48,97.5,252,132,120
18670,4530876,98.9970351758794,98.95,99.04,199,95,104
18671,4531109,98.2064573991031,100,96.04,223,122,101
18672,4531136,99.5212918660287,99.13,100,209,115,94
18673,4531953,97.9569387755102,99.12,96.34,196,114,82
18674,4532016,94.8576,97.32,90.48,175,112,63
18675,4532236,100,100,100,202,103,99
18676,4532381,94.4806748466258,95.56,93.15,163,90,73
18677,4532656,98.334,100,95.24,180,117,63
18678,4532780,98.9203243243243,98.9,98.94,185,91,94
18679,4533013,99.4870618556701,99.07,100,194,107,87
18680,4534876,96.9390816326531,88.89,100,98,27,71
18681,4535899,92.655871559633,97.01,85.71,109,67,42
18682,4536015,96.909793814433,98.25,95,97,57,40
18683,4536546,95.310625,94.52,96.36,128,73,55
18684,4536977,93.3333333333333,87.5,100,120,64,56
18685,4537228,99.1318260869565,98.08,100,115,52,63
18686,4537696,97.98,98.18,97.73,99,55,44
18687,4538187,87.1428571428571,80,92.5,70,30,40
18688,4538295,98.7649382716049,100,97.56,81,40,41
18689,4538538,100,100,100,83,42,41
18690,4539136,100,100,100,66,33,33
18691,4539232,100,100,100,69,35,34
18692,4539687,95.3486046511628,92.86,96.55,43,14,29
18693,4539806,93.9996,96.15,91.67,50,26,24
18694,4539945,75.4732075471698,59.26,92.31,53,27,26
18695,4540008,77.3592452830189,84,71.43,53,25,28
18696,4540077,94.8241379310345,91.3,97.14,58,23,35
18697,4540258,82.1442857142857,68.18,91.18,56,22,34
18698,4541135,91.38,86.21,96.55,58,29,29
18699,4542176,91.0453731343284,80,97.62,67,25,42
18700,4543269,98.7959036144578,100,97.37,83,45,38
18701,4543490,100,100,100,54,45,9
18702,4544785,98.4945864661654,97.18,100,133,71,62
18703,4545265,99.0485714285714,98.15,100,105,54,51
18704,4545573,97.841726618705,95,100,139,60,79
18705,4545631,97.1425,95.38,98.67,140,65,75
18706,4545800,97.3523178807947,98.57,96.3,151,70,81
18707,4545996,96.851968503937,96.08,97.37,127,51,76
18708,4546137,98.7284076433121,98.53,98.88,157,68,89
18709,4546348,97.7642458100559,99,96.2,179,100,79
18710,4546867,98.2940909090909,99.01,97.33,176,101,75
18711,4546972,98.429947643979,96.94,100,191,98,93
18712,4547448,99.4185465116279,98.63,100,172,73,99
18713,4547890,99.010099009901,99.02,99,202,102,100
18714,4548430,100,100,100,191,90,101
18715,4548439,97.5152173913043,96.19,100,161,105,56
18716,4548980,99.0918181818182,98.2,100,220,111,109
18717,4550175,97.6450588235294,100,94.59,170,96,74
18718,4550260,100,100,100,214,107,107
18719,4550374,99.5387037037037,98.94,100,216,94,122
18720,4550578,100,100,100,192,84,108
18721,4550587,99.4967676767677,100,99.06,198,92,106
18722,4550596,99.4675531914894,99.09,100,188,110,78
18723,4550655,99.5328971962617,98.98,100,214,98,116
18724,4550713,99.2276744186046,100,98.77,129,48,81
18725,4550740,99.4169767441861,99.08,100,172,109,63
18726,4550866,98.7182692307692,100,95.35,156,113,43
18727,4551391,98.3780540540541,98.98,97.7,185,98,87
18728,4551670,100,100,100,207,85,122
18729,4551768,100,100,100,215,103,112
18730,4551786,99.5629824561403,99.06,100,228,106,122
18731,4551879,99.0938181818182,99.03,99.15,220,103,117
18732,4552026,100,100,100,209,96,113
18733,4552342,100,100,100,182,71,111
18734,4552356,99.531214953271,100,99.12,214,100,114
18735,4552480,100,100,100,190,76,114
18736,4552494,100,100,100,201,93,108
18737,4552671,98.8232941176471,98.55,99.01,170,69,101
18738,4552794,98.050974025974,93.33,100,154,45,109
18739,4552950,99.4475690607735,99.01,100,181,101,80
18740,4553105,99.2788489208633,100,98.21,139,83,56
18741,4553325,99.4628877005348,100,98.92,187,94,93
18742,4553342,99.4992964824121,98.94,100,199,94,105
18743,4553352,99.3336,97.62,100,150,42,108
18744,4553963,100,100,100,188,95,93
18745,4554197,98.8450867052023,97.78,100,173,90,83
18746,4554267,100,100,100,183,92,91
18747,4554627,99.3222972972973,100,98.82,148,63,85
18748,4554634,100,100,100,124,88,36
18749,4554639,99.0829357798165,100,96.43,109,81,28
18750,4554738,99.4014371257485,98.81,100,167,84,83
18751,4554750,100,100,100,119,51,68
18752,4555119,99.213937007874,100,98.51,127,60,67
18753,4555174,99.305,98.61,100,144,72,72
18754,4555185,100,100,100,150,87,63
18755,4555623,96.8496062992126,98.7,94,127,77,50
18756,4555751,97.2718181818182,96.77,97.92,110,62,48
18757,4555907,95.9172448979592,98.36,91.89,98,61,37
18758,4557075,97.60056,96.55,98.51,125,58,67
18759,4557281,100,100,100,136,69,67
18760,4557330,98.5702857142857,98.59,98.55,140,71,69
18761,4557478,98.9680412371134,100,95.45,97,75,22
18762,4558057,98.7658641975309,98.8,98.73,162,83,79
18763,4558859,100,100,100,116,28,88
18764,4559026,100,100,100,139,52,87
18765,4559059,100,100,100,178,100,78
18766,4559329,99.4154385964912,100,98.98,171,73,98
18767,4559351,99.4079881656805,98.55,100,169,69,100
18768,4559365,98.4390625,98.65,98.15,128,74,54
18769,4559461,99.3275167785235,100,98.33,149,89,60
18770,4559564,98.9514659685864,98.99,98.91,191,99,92
18771,4560286,100,100,100,191,96,95
18772,4560304,99.495404040404,100,99.03,198,95,103
18773,4560521,98.3327222222222,97.4,99.03,180,77,103
18774,4561364,96.2747826086957,100,90.48,161,98,63
18775,4562389,100,100,100,201,98,103
18776,4562540,94.6723668639053,90.24,98.85,169,82,87
18777,4563115,94.8717948717949,86.67,97.7,117,30,87
18778,4563287,97.6169642857143,95.29,100,168,85,83
18779,4563298,98.2767816091954,98.98,97.37,174,98,76
18780,4563750,98.6571812080537,100,95.12,149,108,41
18781,4564184,100,100,100,195,115,80
18782,4564292,100,100,100,194,106,88
18783,4564640,98.9965829145729,98.08,100,199,104,95
18784,4564924,98.4924623115578,100,96.25,199,119,80
18785,4565204,100,100,100,214,126,88
18786,4565551,99.5171634615385,99.17,100,208,121,87
18787,4565635,99.0028358208955,99.17,98.75,201,121,80
18788,4565711,99.0321739130435,98.41,100,207,126,81
18789,4565770,100,100,100,223,120,103
18790,4565815,99.5018,100,98.94,200,106,94
18791,4565833,97.5391625615763,100,94.85,203,106,97
18792,4565927,95.171884057971,93.5,97.62,207,123,84
18793,4566071,99.0741666666667,100,97.98,216,117,99
18794,4566422,97.6357396449704,97.66,97.56,169,128,41
18795,4566441,97.8007142857143,96.92,98.29,182,65,117
18796,4566461,98.4555154639175,100,96.39,194,111,83
18797,4566477,98.4466321243523,98.18,98.8,193,110,83
18798,4566491,99.1186343612335,99.17,99.06,227,121,106
18799,4566666,100,100,100,178,81,97
18800,4566678,99.5560714285714,99.12,100,224,113,111
18801,4566707,99.5536444444444,99.17,100,225,121,104
18802,4566755,99.0142574257426,99.12,98.88,202,113,89
18803,4566843,100,100,100,233,121,112
18804,4567041,100,100,100,228,113,115
18805,4567275,99.5516071428571,99.19,100,224,124,100
18806,4567462,100,100,100,211,127,84
18807,4567689,100,100,100,224,132,92
18808,4567798,99.0463333333333,99.08,99.01,210,109,101
18809,4568113,99.5215865384615,99.07,100,208,107,101
18810,4568413,99.4728042328042,100,98.94,189,95,94
18811,4568425,100,100,100,160,68,92
18812,4568430,97.7580597014926,95.65,98.86,134,46,88
18813,4568992,94.6111377245509,99.04,87.3,167,104,63
18814,4569119,100,100,100,165,69,96
18815,4569535,100,100,100,171,77,94
18816,4569560,98.9461052631579,98.98,98.91,190,98,92
18817,4569578,96.6064971751412,95.45,97.75,177,88,89
18818,4569815,98.8184615384615,97.44,100,169,78,91
18819,4570463,99.4477348066298,98.81,100,181,84,97
18820,4570909,100,100,100,158,97,61
18821,4571299,100,100,100,159,81,78
18822,4572891,98.9121739130435,100,97.22,92,56,36
18823,4573579,96.798,95.16,98.41,125,62,63
18824,4573970,98.306779661017,100,96.67,118,58,60
18825,4574007,100,100,100,118,52,66
18826,4574829,99.105625,100,98.41,112,49,63
18827,4575300,100,100,100,116,69,47
18828,4575405,96.9915789473684,97.06,96.92,133,68,65
18829,4575807,99.1516101694915,100,97.87,118,71,47
18830,4575867,100,100,100,104,45,59
18831,4575875,100,100,100,104,72,32
18832,4575918,100,100,100,123,63,60
18833,4576071,98.1289719626168,98.04,98.21,107,51,56
18834,4576244,99.1996,98.55,100,125,69,56
18835,4576371,98.2457894736842,98.57,97.73,114,70,44
18836,4576411,100,100,100,100,70,30
18837,4576488,97.8266304347826,100,93.55,92,61,31
18838,4576551,100,100,100,118,67,51
18839,4576670,98.26,98.46,98,115,65,50
18840,4576680,97.8239130434783,96.36,100,92,55,37
18841,4576844,99.0177450980392,100,97.67,102,59,43
18842,4577263,97.7505617977528,96.15,100,89,52,37
18843,4577756,94.8703846153846,91.89,97.56,78,37,41
18844,4578330,99.0493333333333,98.39,100,105,62,43
18845,4580162,100,100,100,112,63,49
18846,4580602,89.1920720720721,89.66,88.68,111,58,53
18847,4580671,83.9537037037037,91.67,72.73,81,48,33
18848,4581685,100,100,100,155,76,79
18849,4582426,99.4092307692308,98.72,100,169,78,91
18850,4582464,99.3875609756098,98.92,100,164,93,71
18851,4583034,100,100,100,155,76,79
18852,4583417,99.4637096774194,100,99.05,186,81,105
18853,4583480,100,100,100,162,80,82
18854,4583660,98.7303797468354,98.48,98.91,158,66,92
18855,4583814,98.50015,98.99,98.02,200,99,101
18856,4584348,99.005223880597,98.99,99.02,201,99,102
18857,4584429,100,100,100,210,104,106
18858,4584474,100,100,100,174,93,81
18859,4584483,98.3877419354839,96.43,100,186,84,102
18860,4584592,97.9826767676768,98.88,97.25,198,89,109
18861,4584651,98.858,99.11,98.41,175,112,63
18862,4584692,97.5961538461538,99.11,95.83,208,112,96
18863,4584714,99.1358620689655,98.21,100,232,112,120
18864,4584795,99.5078325123153,98.97,100,203,97,106
18865,4584809,99.4275862068966,98.8,100,174,83,91
18866,4584819,100,100,100,174,84,90
18867,4584938,99.5312676056338,98.96,100,213,96,117
18868,4585296,100,100,100,198,106,92
18869,4585362,99.1213157894737,98.11,100,228,106,122
18870,4586069,99.5867768595041,100,99.2,242,117,125
18871,4586462,100,100,100,217,127,90
18872,4586570,99.145641025641,99.12,99.17,234,114,120
18873,4586669,100,100,100,175,114,61
18874,4587319,98.871186440678,96.3,100,177,54,123
18875,4587340,99.0720833333333,98.47,100,216,131,85
18876,4587373,99.5485972850679,99.14,100,221,116,105
18877,4587382,99.1098660714286,98.43,100,224,127,97
18878,4587792,97.4455102040816,98.91,96.15,196,92,104
18879,4587961,97.752808988764,93.75,100,178,64,114
18880,4588293,100,100,100,225,141,84
18881,4588557,97.9899497487437,100,92,199,149,50
18882,4588696,100,100,100,217,121,96
18883,4588725,100,100,100,257,139,118
18884,4589145,99.6103125,100,99.14,256,140,116
18885,4589609,99.1756198347107,98.5,100,242,133,109
18886,4589940,100,100,100,261,147,114
18887,4590024,99.5493212669683,99.17,100,221,120,101
18888,4590240,99.6011553784861,99.29,100,251,141,110
18889,4590450,100,100,100,232,140,92
18890,4590548,99.2179607843137,100,98.31,255,137,118
18891,4590759,99.6118677042802,99.25,100,257,133,124
18892,4590822,100,100,100,248,138,110
18893,4591164,98.1415348837209,97.66,98.85,215,128,87
18894,4591886,100,100,100,224,109,115
18895,4592029,99.5811715481172,100,99.09,239,129,110
18896,4592074,100,100,100,158,46,112
18897,4592114,99.5944489795918,99.28,100,245,138,107
18898,4592180,99.5724358974359,100,99.13,234,119,115
18899,4592257,99.6038247011952,100,99.12,251,138,113
18900,4592363,93.9241988950276,85.29,99.12,181,68,113
18901,4592525,99.1884146341463,98.35,100,246,121,125
18902,4593068,99.6194676806084,99.28,100,263,139,124
18903,4593383,99.260184501845,100,98.37,271,148,123
18904,4593497,99.628,100,99.19,270,146,124
18905,4593584,99.4481318681319,99.07,100,182,108,74
18906,4593725,99.195983935743,98.6,100,249,143,106
18907,4593994,100,100,100,247,130,117
18908,4594417,98.3952406417112,98.75,98.13,187,80,107
18909,4594696,92.0412437810945,93.81,89.77,201,113,88
18910,4594969,96.1368508287293,97.44,95.15,181,78,103
18911,4595102,98.6265137614679,98.31,99,218,118,100
18912,4595148,98.0429411764706,96.91,99.07,204,97,107
18913,4595162,93.514972972973,86.21,100,185,87,98
18914,4595306,99.3612738853503,100,99.08,157,48,109
18915,4595312,99.4871794871795,100,98.75,195,115,80
18916,4595393,98.4128571428571,98.95,97.87,189,95,94
18917,4596219,96.8273015873016,100,92.11,189,113,76
18918,4596248,99.5215865384615,99.07,100,208,107,101
18919,4596692,100,100,100,230,121,109
18920,4596801,97.0966279069767,94.81,98.95,172,77,95
18921,4597190,98.2925,98.48,98.18,176,66,110
18922,4598212,99.145641025641,99.17,99.12,234,120,114
18923,4598890,99.4636363636364,98.82,100,187,85,102
18924,4599152,100,100,100,214,95,119
18925,4599448,95.360618556701,94.34,96.59,194,106,88
18926,4599731,99.571829787234,99.22,100,235,129,106
18927,4600287,98.6988695652174,99.14,98.25,230,116,114
18928,4600409,99.45625,100,98.85,184,97,87
18929,4600416,98.8808379888268,98.85,98.91,179,87,92
18930,4600428,99.1457081545064,99.21,99.07,233,126,107
18931,4600464,99.0600938967136,98.18,100,213,110,103
18932,4600473,95.3646357615894,96.74,93.22,151,92,59
18933,4600484,97.6416509433962,97.39,97.94,212,115,97
18934,4600499,98.5713333333333,98.32,98.9,210,119,91
18935,4600581,99.5576,99.21,100,225,126,99
18936,4600860,100,100,100,218,122,96
18937,4601305,99.480207253886,100,98.86,193,105,88
18938,4601461,100,100,100,203,110,93
18939,4601946,99.43,98.95,100,175,95,80
18940,4602054,100,100,100,200,115,85
18941,4602087,99.431875,98.99,100,176,99,77
18942,4602167,100,100,100,149,90,59
18943,4602359,98.959375,100,97.78,192,102,90
18944,4602637,99.4549180327869,98.95,100,183,95,88
18945,4602951,97.6491764705882,96.43,98.84,170,84,86
18946,4603670,93.7027972027972,96.55,91.76,143,58,85
18947,4604319,96.6825414364641,98.91,94.38,181,92,89
18948,4604709,96.7202732240437,93.9,99.01,183,82,101
18949,4605092,99.5435616438356,99.16,100,219,119,100
18950,4605131,99.502,99.17,100,200,120,80
18951,4605389,100,100,100,214,105,109
18952,4605410,99.0941176470588,100,97.8,221,130,91
18953,4605439,99.3798757763975,97.92,100,161,48,113
18954,4605566,100,100,100,193,107,86
18955,4605598,99.5057425742574,99.04,100,202,104,98
18956,4605892,99.0591037735849,98.17,100,212,109,103
18957,4606733,99.5595575221239,99.21,100,226,126,100
18958,4606907,100,100,100,238,125,113
18959,4607899,99.4435,98.41,100,180,63,117
18960,4607936,99.5555752212389,99.19,100,226,124,102
18961,4607954,99.6219011406844,100,99.12,263,150,113
18962,4608399,99.0663551401869,98.15,100,214,108,106
18963,4608449,99.5454545454545,100,99,220,120,100
18964,4608817,98.3176470588235,100,96.15,238,134,104
18965,4609615,99.5745106382979,100,99.01,235,134,101
18966,4609775,99.5847302904564,99.28,100,241,139,102
18967,4609822,99.6072834645669,99.25,100,254,133,121
18968,4609918,100,100,100,264,146,118
18969,4610054,99.5819665271967,100,99.03,239,136,103
18970,4610078,100,100,100,262,136,126
18971,4610210,99.5858436213992,99.26,100,243,136,107
18972,4610437,100,100,100,239,114,125
18973,4610536,98.670796460177,98.37,99.03,226,123,103
18974,4610627,99.5882716049383,99.13,100,243,115,128
18975,4610717,99.222480620155,100,98.82,129,44,85
18976,4610722,100,100,100,172,122,50
18977,4611137,95.5785635359116,93.16,100,181,117,64
18978,4611601,99.5377777777778,99.04,100,216,104,112
18979,4611643,98.0871770334928,96.94,99.1,209,98,111
18980,4611985,100,100,100,235,109,126
18981,4612574,98.6930434782609,99.22,98.02,230,129,101
18982,4612688,97.3395744680851,94.79,100,188,96,92
18983,4612724,98.3056779661017,97.37,99.18,236,114,122
18984,4612966,100,100,100,236,113,123
18985,4613474,99.6332720588235,99.25,100,272,133,139
18986,4613586,99.5256872037915,98.61,100,211,72,139
18987,4613772,97.9069037656904,100,95.65,239,124,115
18988,4613782,99.5562831858407,100,98.91,226,134,92
18989,4613797,98.4968844221105,98.8,98.28,199,83,116
18990,4613860,100,100,100,202,79,123
18991,4613871,100,100,100,246,128,118
18992,4614900,100,100,100,260,127,133
18993,4615022,100,100,100,249,132,117
18994,4615124,99.5640350877193,99.29,100,228,140,88
18995,4615689,99.4915228426396,100,98.41,197,134,63
18996,4615861,100,100,100,155,57,98
18997,4615866,100,100,100,202,110,92
18998,4615924,100,100,100,227,98,129
18999,4616227,98.733164556962,97.22,100,237,108,129
19000,4616490,96.9691774891775,97.64,96.15,231,127,104
19001,4616548,99.1964658634538,99.12,99.26,249,113,136
19002,4616653,95.312265625,91.8,98.51,256,122,134
19003,4616784,99.6076862745098,100,99.18,255,133,122
19004,4617129,99.1074107142857,99.15,99.06,224,118,106
19005,4617187,96.9706493506494,96.9,97.06,231,129,102
19006,4617330,97.9598367346939,100,96.48,245,103,142
19007,4617410,100,100,100,257,126,131
19008,4617737,100,100,100,294,142,152
19009,4617773,100,100,100,282,131,151
19010,4617887,100,100,100,284,137,147
19011,4618562,99.6264925373134,99.23,100,268,130,138
19012,4618775,100,100,100,256,128,128
19013,4619081,100,100,100,256,107,149
19014,4619562,98.9159239130435,100,98.17,184,75,109
19015,4619567,98.8893333333333,100,96.43,180,124,56
19016,4619958,99.594979757085,99.18,100,247,122,125
19017,4620063,99.5345794392523,100,98.8,214,131,83
19018,4620629,100,100,100,241,136,105
19019,4620654,100,100,100,246,112,134
19020,4621114,99.6295925925926,100,99.27,270,133,137
19021,4621558,99.6249056603774,100,99.29,265,125,140
19022,4621785,94.1844727272727,99.25,89.44,275,133,142
19023,4621878,99.2567407407407,99.18,99.32,270,122,148
19024,4622094,98.414126984127,97.52,99.24,252,121,131
19025,4622304,97.1424,100,89.36,175,128,47
19026,4622537,99.5856198347108,100,99.08,242,133,109
19027,4622683,99.00145,100,96.83,200,137,63
19028,4622759,99.2299230769231,100,98.59,260,118,142
19029,4622931,99.2032,99.15,99.25,250,117,133
19030,4622966,100,100,100,250,104,146
19031,4623006,100,100,100,255,111,144
19032,4623534,100,100,100,193,46,147
19033,4623683,100,100,100,237,95,142
19034,4623749,99.4328409090909,100,97.83,176,130,46
19035,4623875,100,100,100,248,125,123
19036,4624496,99.5515695067265,99,100,223,100,123
19037,4624553,100,100,100,234,94,140
19038,4624560,100,100,100,245,125,120
19039,4625582,100,100,100,254,126,128
19040,4625612,99.1860408163265,100,98.31,245,127,118
19041,4625732,99.6169230769231,100,99.17,260,140,120
19042,4626395,98.8454615384615,98.58,99.16,260,141,119
19043,4626446,99.2315384615384,98.52,100,260,135,125
19044,4626867,99.2178431372549,99.13,99.29,255,115,140
19045,4626975,97.5971153846154,92.65,100,208,68,140
19046,4627089,99.6437275985663,99.3,100,279,142,137
19047,4627127,99.5470588235294,100,99.23,221,91,130
19048,4627510,97.9759459459459,97.86,98.08,296,140,156
19049,4627679,100,100,100,286,152,134
19050,4627822,95.6319417475728,97.7,94.12,206,87,119
19051,4627832,97.841726618705,100,92.5,139,99,40
19052,4627837,96.7045054945055,96.47,96.91,182,85,97
19053,4627888,96.0883240223464,97.59,94.79,179,83,96
19054,4627907,99.0643925233645,100,98.58,214,73,141
19055,4627945,99.6276029962547,100,99.39,267,104,163
19056,4628020,99.6335164835165,99.13,100,273,115,158
19057,4628143,98.1132075471698,99.16,97.26,265,119,146
19058,4628333,98.5133663366337,100,97.69,202,72,130
19059,4628341,99.1592857142857,100,98.13,238,131,107
19060,4628405,96.9293421052632,95.93,98.1,228,123,105
19061,4629212,99.1416309012876,100,98,233,133,100
19062,4629273,97.8419424460432,95.83,99.37,278,120,158
19063,4629347,98.882052238806,98.35,99.32,268,121,147
19064,4629417,98.7362025316456,100,97.66,237,109,128
19065,4629462,98.4223157894737,94.12,99.36,190,34,156
19066,4629471,97.2515596330275,95.54,99.06,218,112,106
19067,4629486,98.5144554455445,99.12,97.73,202,114,88
19068,4629518,98.1834181818182,97.48,98.72,275,119,156
19069,4629767,98.8244705882353,98.15,99.32,255,108,147
19070,4629837,100,100,100,261,121,140
19071,4630131,100,100,100,266,111,155
19072,4630184,99.5934693877551,100,99.17,245,125,120
19073,4630609,98.7546887966805,99.02,98.56,241,102,139
19074,4630949,99.0751851851852,97.73,100,216,88,128
19075,4630959,98.5816113744076,98.8,98.44,211,83,128
19076,4631271,99.5908196721311,98.96,100,244,96,148
19077,4631522,100,100,100,229,85,144
19078,4631559,100,100,100,249,101,148
19079,4631712,100,100,100,178,68,110
19080,4632102,97.8838095238095,98.92,96.88,189,93,96
19081,4632122,97.0585294117647,98.72,96.03,204,78,126
19082,4632141,99.5516143497758,99.01,100,223,101,122
19083,4632177,96.745488372093,91.67,100,215,84,131
19084,4632209,99.1738842975207,98.04,100,242,102,140
19085,4632378,99.5141747572816,98.61,100,206,72,134
19086,4632670,99.5908196721311,99.04,100,244,104,140
19087,4632857,97.7696875,94.51,100,224,91,133
19088,4633014,98.6847368421053,100,96.43,152,96,56
19089,4633270,100,100,100,184,87,97
19090,4633327,98.05,100,95.45,154,88,66
19091,4633661,98.5967289719626,97.14,100,214,105,109
19092,4633675,98.668,97.78,99.26,225,90,135
19093,4634176,100,100,100,210,81,129
19094,4634451,99.5396313364055,100,99.1,217,106,111
19095,4634489,99.4722105263158,100,99.08,190,81,109
19096,4634696,100,100,100,203,90,113
19097,4635254,96.5302777777778,92,98.94,144,50,94
19098,4635305,98.0787179487179,94.92,100,156,59,97
19099,4635539,96.5309826589595,98.82,94.32,173,85,88
19100,4635620,98.8457803468208,100,97.92,173,77,96
19101,4635630,97.7103816793893,98.98,93.94,131,98,33
19102,4635660,98.2050898203593,94.55,100,167,55,112
19103,4635795,100,100,100,188,99,89
19104,4636272,100,100,100,204,95,109
19105,4636442,99.5037313432836,100,99.05,201,96,105
19106,4636581,99.4625806451613,100,99.02,186,84,102
19107,4636641,100,100,100,177,105,72
19108,4636822,98.2874285714286,100,96.3,175,94,81
19109,4637120,98.8177514792899,96.3,100,169,54,115
19110,4637311,98.2663005780347,97.59,98.89,173,83,90
19111,4637384,98.8443930635838,100,97.62,173,89,84
19112,4637882,100,100,100,182,77,105
19113,4638800,98.1692073170732,98.85,97.4,164,87,77
19114,4639037,98.2868,97.73,98.85,175,88,87
19115,4639602,98.6205517241379,100,97.26,145,72,73
19116,4639693,99.2184375,100,98.36,128,67,61
19117,4639852,97.8726241134752,96.36,98.84,141,55,86
19118,4640152,100,100,100,120,64,56
19119,4640182,99.3143835616438,98.57,100,146,70,76
19120,4640391,100,100,100,135,66,69
19121,4640901,98.3068644067797,98.36,98.25,118,61,57
19122,4640924,99.0192156862745,97.56,100,102,41,61
19123,4641030,100,100,100,101,45,56
19124,4641091,89.2200980392157,87.76,90.57,102,49,53
