"MotifID","Position","Frm","FrmP","FrmN","Total_Coverage","CoverageP","CoverageN"
1,620,96,100,93.75,25,9,16
2,727,100,100,100,14,8,6
3,782,93.75,100,90,32,12,20
4,881,100,100,100,20,7,13
5,1168,97.0605882352941,100,94.74,34,15,19
6,1570,94.445,100,90.91,36,14,22
7,1635,91.8918918918919,100,87.5,37,13,24
8,1724,92.3107692307692,100,89.29,39,11,28
9,2021,97.1414285714286,100,95.65,35,12,23
10,2354,95.2390476190476,94.12,96,42,17,25
11,2516,97.6166666666667,100,96.15,42,16,26
12,2633,96.0016,100,94.12,50,16,34
13,2762,97.8695744680851,100,96.77,47,16,31
14,3074,94.3398113207547,90,96.97,53,20,33
15,3263,93.0237209302326,88.89,96,43,18,25
16,3756,97.9591836734694,95,100,49,20,29
17,3905,97.9179166666667,94.74,100,48,19,29
18,4821,97.3,100,96.3,37,10,27
19,4917,94.7357894736842,83.33,100,38,12,26
20,5346,95.1182926829268,93.33,96.15,41,15,26
21,5490,95.1209756097561,94.74,95.45,41,19,22
22,5852,100,100,100,27,14,13
23,6034,90.9081818181818,89.47,92.86,33,19,14
24,6062,93.1031034482759,92.86,93.33,29,14,15
25,6356,100,100,100,41,21,20
26,6515,94.7389473684211,100,88.24,38,21,17
27,6598,97.2233333333333,100,94.12,36,19,17
28,6788,97.7755555555555,95.45,100,45,22,23
29,6803,95.3476744186047,95.65,95,43,23,20
30,7917,96.43,91.67,100,28,12,16
31,8431,97.0573529411765,93.33,100,34,15,19
32,8445,93.55,86.67,100,31,15,16
33,8583,96.4285714285714,93.75,100,28,16,12
34,8617,86.8405263157895,77.27,100,38,22,16
35,8628,91.9976,85.71,100,25,14,11
36,8760,100,100,100,38,22,16
37,8836,94.12,88.24,100,34,17,17
38,9100,92.8571428571429,87.5,100,28,16,12
39,9174,93.9393939393939,90,100,33,20,13
40,9181,88.8866666666667,83.33,100,36,24,12
41,9343,90.3196774193548,85.71,100,31,21,10
42,9462,96.8725,94.44,100,32,18,14
43,9621,97.3657894736842,95.45,100,38,22,16
44,9648,88.5711428571428,84.21,93.75,35,19,16
45,9690,94.5967567567568,90.48,100,37,21,16
46,9916,81.8206060606061,75,88.24,33,16,17
47,10019,96.668,94.12,100,30,17,13
48,10076,94.1176470588235,90,100,34,20,14
49,10601,86.2068965517241,75,100,29,16,13
50,11327,96.0016,94.12,100,25,17,8
51,11494,87.4983333333333,76.92,100,24,13,11
52,11664,93.1062068965517,90.48,100,29,21,8
53,12260,96.4267857142857,93.33,100,28,15,13
54,12871,95.7431914893617,92.59,100,47,27,20
55,12902,95.4522727272727,91.3,100,44,23,21
56,12926,100,100,100,42,24,18
57,13094,95.3506976744186,91.67,100,43,24,19
58,13396,97.8260869565217,96,100,46,25,21
59,13576,95.3483720930232,95.83,94.74,43,24,19
60,13657,100,100,100,52,27,25
61,14315,93.7483333333333,90.91,96.15,48,22,26
62,14367,100,100,100,52,25,27
63,14573,98.1462962962963,100,96.15,54,28,26
64,14744,96.7745161290323,90.91,100,31,11,20
65,14751,98.0382352941176,96.55,100,51,29,22
66,14895,100,100,100,52,30,22
67,14972,96.001,93.55,100,50,31,19
68,15382,93.336,96.3,88.89,45,27,18
69,15851,97.6204761904762,94.74,100,42,19,23
70,16539,90.321935483871,85.71,94.12,31,14,17
71,16731,96.665,100,93.33,30,15,15
72,16869,92.8571428571429,80,100,28,10,18
73,17461,85.002,71.43,92.31,20,7,13
74,17746,100,100,100,26,12,14
75,17844,90.91,81.82,100,22,11,11
76,17870,100,100,100,22,6,16
77,17948,96.5527586206896,92.31,100,29,13,16
78,17979,92.592962962963,90.91,93.75,27,11,16
79,18362,100,100,100,25,14,11
80,18485,96.5527586206896,92.31,100,29,13,16
81,18549,96.551724137931,90,100,29,10,19
82,19156,97.4333333333333,95.45,100,39,22,17
83,20831,92.8589285714286,94.12,90.91,28,17,11
84,20879,94.5967567567568,92.86,100,37,28,9
85,20909,95.1231707317073,93.55,100,41,31,10
86,21735,98.3325,100,96.55,60,31,29
87,22449,100,100,100,52,21,31
88,22497,98.4828787878788,96.77,100,66,31,35
89,22694,98.5492753623188,100,97.14,69,34,35
90,23043,100,100,100,59,24,35
91,23186,96.0012,100,92.31,50,24,26
92,23217,100,100,100,53,22,31
93,23352,100,100,100,66,37,29
94,23423,100,100,100,61,36,25
95,23627,100,100,100,58,30,28
96,23667,100,100,100,52,25,27
97,23702,98.4142857142857,100,96.3,63,36,27
98,23720,96.1542307692308,90.91,100,52,22,30
99,23919,100,100,100,64,31,33
100,23936,100,100,100,66,34,32
101,23955,100,100,100,65,33,32
102,24004,100,100,100,54,31,23
103,24116,98.44,96.88,100,64,32,32
104,24320,100,100,100,70,34,36
105,24399,98.3598360655738,96.55,100,61,29,32
106,24444,96.6089830508475,92.59,100,59,27,32
107,25219,94.9152542372881,88,100,59,25,34
108,25274,100,100,100,49,16,33
109,25294,95.8322916666667,96,95.65,48,25,23
110,25450,100,100,100,49,19,30
111,25579,98.0372549019608,95.45,100,51,22,29
112,26162,100,100,100,42,16,26
113,26256,97.7766666666667,100,96.55,45,16,29
114,26283,100,100,100,44,17,27
115,26478,100,100,100,35,15,20
116,26808,100,100,100,42,26,16
117,27734,100,100,100,37,17,20
118,27798,97.2983783783784,100,95.24,37,16,21
119,27993,100,100,100,34,14,20
120,28149,100,100,100,31,11,20
121,28496,100,100,100,23,10,13
122,28674,100,100,100,19,8,11
123,28905,100,100,100,13,5,8
124,28927,100,100,100,20,8,12
125,29070,100,100,100,20,9,11
126,29120,100,100,100,20,8,12
127,29179,90.001,77.78,100,20,9,11
128,29445,92.8571428571429,100,80,14,9,5
129,29784,93.748125,100,85.71,16,9,7
130,30120,88.4603846153846,81.82,93.33,26,11,15
131,30569,100,100,100,30,14,16
132,31406,100,100,100,25,13,12
133,31447,93.336,100,88.24,30,13,17
134,32117,100,100,100,34,18,16
135,34030,83.33,83.33,83.33,12,6,6
136,34077,84.6161538461538,100,71.43,13,6,7
137,34387,76.9238461538462,88.89,50,13,9,4
138,34483,100,100,100,14,9,5
139,34780,100,100,100,10,5,5
140,34889,84.211052631579,90.91,75,19,11,8
141,35118,90.91,100,77.78,22,13,9
142,35220,95.24,92.86,100,21,14,7
143,35398,96.1519230769231,93.33,100,26,15,11
144,35534,100,100,100,22,9,13
145,35717,100,100,100,20,6,14
146,36031,91.3017391304348,100,85.71,23,9,14
147,36106,87.5020833333333,85.71,88.24,24,7,17
148,36129,91.3021739130435,87.5,93.33,23,8,15
149,36319,73.6857894736842,75,72.73,19,8,11
150,36329,73.6852631578947,77.78,70,19,9,10
151,36571,96.2966666666667,90.91,100,27,11,16
152,36728,85.1851851851852,92.86,76.92,27,14,13
153,36757,89.2857142857143,100,81.25,28,12,16
154,36767,96.4289285714286,100,90.91,28,17,11
155,36832,93.1013793103448,100,85.71,29,15,14
156,36970,100,100,100,35,18,17
157,37007,96.9715151515151,100,94.74,33,14,19
158,37514,100,100,100,42,20,22
159,37780,95.835,92.86,100,24,14,10
160,38426,93.331,100,89.47,30,11,19
161,38988,100,100,100,33,11,22
162,39110,93.5464516129032,85.71,100,31,14,17
163,39284,100,100,100,29,12,17
164,39300,100,100,100,32,10,22
165,39328,96.7761290322581,100,94.74,31,12,19
166,39524,96.4267857142857,100,93.33,28,13,15
167,40070,100,100,100,34,18,16
168,40220,100,100,100,36,19,17
169,40778,96.9715151515151,100,94.74,33,14,19
170,40850,96.87625,100,94.12,32,15,17
171,41017,97.3684210526316,100,95,38,18,20
172,41330,97.49875,100,95.65,40,17,23
173,41597,93.5467741935484,93.33,93.75,31,15,16
174,41607,80.95,75,82.35,21,4,17
175,41657,89.6551724137931,100,81.25,29,13,16
176,41836,96.0012,100,92.31,25,12,13
177,42195,78.9489473684211,87.5,72.73,19,8,11
178,42515,87.5,100,80,24,9,15
179,42743,88.8888888888889,75,100,9,4,5
180,42748,90.9090909090909,80,100,11,5,6
181,43135,87.49875,77.78,93.33,24,9,15
182,43369,96.43,100,94.12,28,11,17
183,43377,90.4771428571429,100,77.78,21,12,9
184,43759,100,100,100,45,20,25
185,43968,100,100,100,44,22,22
186,43980,97.62,100,95.24,42,21,21
187,44049,97.7755555555555,100,95.45,45,23,22
188,44094,100,100,100,47,25,22
189,44129,97.2959459459459,93.33,100,37,15,22
190,44393,100,100,100,40,23,17
191,44564,97.5619512195122,100,94.12,41,24,17
192,44648,95.4545454545455,100,90,44,24,20
193,44744,97.06,100,92.86,34,20,14
194,44821,97.7272727272727,100,93.75,44,28,16
195,44981,97.1445714285714,94.74,100,35,19,16
196,45132,100,100,100,29,15,14
197,45832,92.3051282051282,91.3,93.75,39,23,16
198,46197,97.5609756097561,100,93.75,41,25,16
199,46282,97.0573529411765,100,93.33,34,19,15
200,46347,85.1851851851852,60,100,27,10,17
201,46446,97.4338461538462,100,94.44,39,21,18
202,46510,95.7446808510638,100,90,47,27,20
203,46575,100,100,100,37,19,18
204,46806,100,100,100,27,16,11
205,46980,100,100,100,30,16,14
206,47115,96.969696969697,100,93.75,33,17,16
207,47415,100,100,100,21,13,8
208,47420,100,100,100,19,15,4
209,47477,100,100,100,35,22,13
210,47855,100,100,100,34,23,11
211,47874,100,100,100,37,21,16
212,47992,100,100,100,38,19,19
213,48120,100,100,100,40,22,18
214,48246,100,100,100,38,19,19
215,48897,100,100,100,43,24,19
216,48951,100,100,100,34,16,18
217,49054,100,100,100,30,12,18
218,49060,100,100,100,31,18,13
219,49186,100,100,100,36,16,20
220,49512,100,100,100,45,26,19
221,49826,100,100,100,52,32,20
222,49854,100,100,100,30,11,19
223,49902,100,100,100,51,32,19
224,50031,100,100,100,46,18,28
225,50839,100,100,100,56,26,30
226,50855,97.9974,100,96.77,50,19,31
227,50971,94.548,100,89.66,55,26,29
228,50993,98.0776923076923,94.12,100,52,17,35
229,51022,97.96,100,96.43,49,21,28
230,51112,98.0392156862745,100,96,51,26,25
231,51173,97.7261363636364,100,96.55,44,15,29
232,51302,94.4401851851852,91.3,96.77,54,23,31
233,51452,98.2171428571429,100,96.88,56,24,32
234,51602,98.1847272727273,100,96.88,55,23,32
235,51703,96.5537931034483,100,94.74,29,10,19
236,51919,97.9575510204082,100,95.83,49,25,24
237,52221,98.3325,100,96.55,60,31,29
238,52354,98.1847272727273,100,96.88,55,23,32
239,52365,98.44,100,96.88,64,32,32
240,52616,100,100,100,53,29,24
241,53067,97.498,100,94.44,40,22,18
242,53391,97.4361538461539,90.91,100,39,11,28
243,53518,97.7272727272727,95,100,44,20,24
244,53653,93.0227906976744,95.45,90.48,43,22,21
245,53683,100,100,100,36,24,12
246,53710,97.7777777777778,95,100,45,20,25
247,53813,100,100,100,53,21,32
248,53978,97.8260869565217,93.75,100,46,16,30
249,54091,100,100,100,55,27,28
250,54133,98.1139622641509,100,96.43,53,25,28
251,54161,98.1472222222222,100,96.55,54,25,29
252,54308,100,100,100,53,29,24
253,54367,97.96,100,96.43,49,21,28
254,54412,100,100,100,39,15,24
255,54472,94.8692307692308,100,91.3,39,16,23
256,54479,95.455,100,88.89,44,26,18
257,54662,98.1139622641509,96.43,100,53,28,25
258,55025,100,100,100,40,22,18
259,55547,97.8239130434783,100,95.45,46,24,22
260,56102,100,100,100,47,26,21
261,56144,97.9175,100,95.24,48,27,21
262,56421,100,100,100,42,27,15
263,56481,93.4765217391304,100,86.36,46,24,22
264,56517,97.96,100,95.24,49,28,21
265,56757,97.999,100,95.65,50,27,23
266,57766,96.5537931034483,100,94.74,29,10,19
267,57850,100,100,100,35,17,18
268,58934,86.666,83.33,88.89,15,6,9
269,59408,90,100,81.25,30,14,16
270,59813,96.2977777777778,100,95.24,27,6,21
271,60011,96.7741935483871,100,95,31,11,20
272,60377,93.9424242424242,92.86,94.74,33,14,19
273,60412,96.7754838709677,100,94.12,31,14,17
274,60581,96.875,100,93.75,32,16,16
275,60893,96.5489655172414,100,94.44,29,11,18
276,60898,95.0015,100,92.31,20,7,13
277,60914,90.9081818181818,88.89,93.33,33,18,15
278,60973,93.9375757575757,100,85.71,33,19,14
279,61033,94.288,100,88.24,35,18,17
280,61052,96.5537931034483,100,94.74,29,10,19
281,61069,100,100,100,32,19,13
282,61118,97.06,100,94.12,34,17,17
283,61265,95.4545454545455,100,90,22,12,10
284,61270,85.7171428571429,84.62,87.5,21,13,8
285,61291,94.4472222222222,94.74,94.12,36,19,17
286,61318,96.9706060606061,100,92.31,33,20,13
287,61442,95.2392857142857,96.3,93.33,42,27,15
288,61471,90.9081818181818,86.67,94.44,33,15,18
289,61501,93.9393939393939,87.5,100,33,16,17
290,61739,100,100,100,44,24,20
291,61801,95.3469767441861,96,94.44,43,25,18
292,61879,97.6190476190476,100,95,42,22,20
293,62038,100,100,100,36,15,21
294,62135,100,100,100,50,26,24
295,62696,100,100,100,41,23,18
296,62801,98.0392156862745,100,96,51,26,25
297,63236,97.7281818181818,100,95.24,44,23,21
298,64204,97.91875,96.3,100,48,27,21
299,64225,96.875,95,100,32,20,12
300,64245,97.9581632653061,96.55,100,49,29,20
301,64443,100,100,100,43,28,15
302,64479,96.0016,96.88,94.44,50,32,18
303,64501,95.7468085106383,96.43,94.74,47,28,19
304,64756,95.83125,93.1,100,48,29,19
305,64845,98.1122641509434,96.55,100,53,29,24
306,65094,95.8297916666667,94.59,100,48,37,11
307,65122,97.9145833333333,96.15,100,48,26,22
308,65133,98.0776923076923,97.06,100,52,34,18
309,65637,100,100,100,56,32,24
310,66429,100,100,100,50,24,26
311,66452,100,100,100,77,38,39
312,66539,100,100,100,74,37,37
313,67010,98.3325,96.55,100,60,29,31
314,67036,98.485,96.97,100,66,33,33
315,67135,96.2977777777778,91.67,100,54,24,30
316,67144,96.876875,94.74,100,64,38,26
317,67190,98.4390625,96.67,100,64,30,34
318,67204,98.0032,96.88,100,50,32,18
319,67244,100,100,100,68,33,35
320,67265,96.4910526315789,96.55,96.43,57,29,28
321,67699,98.3616393442623,100,94.74,61,42,19
322,67739,98.6111111111111,97.5,100,72,40,32
323,68069,98.2473684210526,96.67,100,57,30,27
324,68125,98.6295890410959,100,97.56,73,32,41
325,68700,98.1143396226415,94.74,100,53,19,34
326,68708,100,100,100,49,28,21
327,68801,97.9575510204082,94.44,100,49,18,31
328,68882,100,100,100,54,18,36
329,69363,97.7281818181818,100,96.43,44,16,28
330,69969,97.8269565217391,100,97.06,46,12,34
331,70119,97.6178571428571,100,96.55,42,13,29
332,70406,100,100,100,46,17,29
333,70949,100,100,100,55,23,32
334,71156,98.04,100,96.43,51,23,28
335,71751,100,100,100,44,21,23
336,71846,97.6744186046512,100,96,43,18,25
337,72341,100,100,100,44,13,31
338,72445,98.002,100,96.3,50,23,27
339,72742,100,100,100,45,22,23
340,72794,97.9139583333333,100,96.77,48,17,31
341,72839,97.4338461538462,100,94.44,39,21,18
342,73272,100,100,100,34,16,18
343,73389,100,100,100,44,18,26
344,73593,100,100,100,47,17,30
345,73673,100,100,100,42,13,29
346,73805,100,100,100,38,14,24
347,74220,97.2983783783784,94.12,100,37,17,20
348,74657,96.2966666666667,100,90.91,27,16,11
349,74851,96.87625,100,92.86,32,18,14
350,75010,100,100,100,28,14,14
351,75037,96.668,94.12,100,30,17,13
352,75551,95.835,91.67,100,24,12,12
353,75650,100,100,100,19,5,14
354,75738,100,100,100,30,15,15
355,75957,96.43,94.12,100,28,17,11
356,75977,95.83125,93.33,100,24,15,9
357,75987,96.5531034482759,94.12,100,29,17,12
358,76038,90.001,66.67,100,20,6,14
359,76067,96.6686666666667,94.74,100,30,19,11
360,76551,96.5527586206896,100,92.31,29,16,13
361,76695,95.6521739130435,100,90,23,13,10
362,77027,93.5490322580645,88.89,100,31,18,13
363,77036,96.876875,94.74,100,32,19,13
364,77153,96.5531034482759,92.86,100,29,14,15
365,77624,89.4742105263158,83.33,92.31,19,6,13
366,77771,94.1176470588235,90,100,17,10,7
367,77807,90.4785714285714,91.67,88.89,21,12,9
368,77853,81.82,70,91.67,22,10,12
369,78344,96.1553846153846,100,91.67,26,14,12
370,79013,97.1428571428571,95,100,35,20,15
371,79029,85.7157142857143,66.67,100,28,12,16
372,79783,100,100,100,37,17,20
373,79929,100,100,100,46,27,19
374,79947,100,100,100,42,24,18
375,80545,95.24,90.48,100,42,21,21
376,80605,100,100,100,43,28,15
377,80679,100,100,100,36,19,17
378,81180,100,100,100,45,27,18
379,81251,97.7755555555555,96.15,100,45,26,19
380,81324,100,100,100,35,21,14
381,81336,97.2983783783784,95.24,100,37,21,16
382,81381,100,100,100,39,23,16
383,81444,100,100,100,41,21,20
384,82408,100,100,100,33,24,9
385,82688,96.4285714285714,100,87.5,28,20,8
386,82787,100,100,100,28,19,9
387,82835,100,100,100,28,14,14
388,83080,96.668,100,91.67,30,18,12
389,83174,95,100,90,20,10,10
390,84039,83.3333333333333,75,100,6,4,2
391,84387,100,100,100,8,5,3
392,84435,100,100,100,6,3,3
393,85017,100,100,100,9,7,2
394,85576,92.3076923076923,87.5,100,13,8,5
395,85665,100,100,100,18,12,6
396,85676,93.3313333333333,85.71,100,15,7,8
397,85760,94.7389473684211,91.67,100,19,12,7
398,86546,96.1538461538462,93.75,100,26,16,10
399,86668,100,100,100,27,16,11
400,86761,100,100,100,22,15,7
401,86872,100,100,100,24,16,8
402,87091,95.8333333333333,100,90,24,14,10
403,87175,100,100,100,13,9,4
404,87475,100,100,100,22,12,10
405,87534,95.4559090909091,92.31,100,22,13,9
406,87854,100,100,100,21,13,8
407,88229,100,100,100,21,12,9
408,88236,100,100,100,24,14,10
409,88329,100,100,100,26,16,10
410,88482,100,100,100,31,19,12
411,88515,96.0012,92.31,100,25,13,12
412,88650,100,100,100,30,16,14
413,90214,100,100,100,23,13,10
414,90253,100,100,100,17,10,7
415,90257,100,100,100,10,1,9
416,90299,100,100,100,24,17,7
417,90362,100,100,100,19,10,9
418,90376,85.7157142857143,100,72.73,21,10,11
419,90395,100,100,100,20,11,9
420,90805,96,93.75,100,25,16,9
421,91035,94.44,94.44,94.44,36,18,18
422,91073,97.3694736842105,100,94.12,38,21,17
423,91123,96.5531034482759,100,92.86,29,15,14
424,91284,97.5609756097561,95,100,41,20,21
425,91329,96.9672727272727,100,94.44,33,15,18
426,91363,97.14,100,95.45,35,13,22
427,91777,96.9709090909091,100,94.12,33,16,17
428,93013,100,100,100,45,22,23
429,93173,94.288,95.24,92.86,35,21,14
430,93272,93.0211627906977,85.71,100,43,21,22
431,93622,97.6753488372093,94.12,100,43,17,26
432,93686,100,100,100,43,18,25
433,93794,96.2974074074074,92.31,100,54,26,28
434,93953,96.0796078431372,92.31,100,51,26,25
435,94148,100,100,100,60,34,26
436,94331,96.155,92.31,100,52,26,26
437,94613,98.0759615384615,96.55,100,52,29,23
438,96236,100,100,100,39,24,15
439,96254,100,100,100,43,22,21
440,96386,100,100,100,38,23,15
441,97286,100,100,100,43,20,23
442,97634,100,100,100,38,21,17
443,97643,100,100,100,45,22,23
444,98339,100,100,100,44,21,23
445,98466,97.6171428571429,95.83,100,42,24,18
446,98526,100,100,100,51,25,26
447,98536,100,100,100,49,25,24
448,98632,97.7261363636364,100,95.65,44,21,23
449,98691,100,100,100,49,28,21
450,98753,93.5483870967742,100,60,31,26,5
451,98772,98.0769230769231,100,96,52,27,25
452,98817,96.0004,100,88.89,25,16,9
453,98821,87.5025,60,94.74,24,5,19
454,99169,100,100,100,49,24,25
455,99531,96.2245283018868,100,93.33,53,23,30
456,100900,100,100,100,38,25,13
457,101080,96.969696969697,93.75,100,33,16,17
458,101462,100,100,100,38,18,20
459,101470,100,100,100,30,14,16
460,102071,100,100,100,42,20,22
461,102089,100,100,100,45,23,22
462,103236,97.5619512195122,100,95.24,41,20,21
463,103386,100,100,100,38,15,23
464,103555,97.5619512195122,95.24,100,41,21,20
465,103985,94.9975,100,91.3,40,17,23
466,104207,100,100,100,44,19,25
467,104372,97.2951351351351,94.44,100,37,18,19
468,104408,100,100,100,37,16,21
469,104462,100,100,100,38,21,17
470,104870,100,100,100,42,19,23
471,105002,97.4369230769231,92.86,100,39,14,25
472,105206,100,100,100,40,19,21
473,105555,95.998,91.3,100,50,23,27
474,105752,100,100,100,48,23,25
475,105785,100,100,100,55,28,27
476,106314,92.3107692307692,92.86,91.67,52,28,24
477,106560,96.0758823529412,95,96.77,51,20,31
478,106863,100,100,100,44,20,24
479,107112,97.8269565217391,95.24,100,46,21,25
480,107286,97.8712765957447,95.65,100,47,23,24
481,107688,95.24,95.24,95.24,42,21,21
482,108322,97.4374358974359,94.74,100,39,19,20
483,108468,96.7741935483871,87.5,100,31,8,23
484,108924,100,100,100,48,31,17
485,108948,97.9624489795918,96.88,100,49,32,17
486,109017,100,100,100,45,27,18
487,109371,100,100,100,49,30,19
488,109401,93.8783673469388,93.75,94.12,49,32,17
489,109543,100,100,100,40,24,16
490,109590,95.4522727272727,96.55,93.33,44,29,15
491,110239,100,100,100,44,23,21
492,110671,100,100,100,49,25,24
493,110926,91.6641666666666,85.71,100,48,28,20
494,111691,97.4975,96.15,100,40,26,14
495,111743,100,100,100,42,22,20
496,112255,100,100,100,32,14,18
497,112921,95.6526086956522,100,90.91,23,12,11
498,112999,100,100,100,27,13,14
499,113064,100,100,100,25,13,12
500,113148,91.3069565217391,100,84.62,23,10,13
501,113460,100,100,100,31,11,20
502,114089,100,100,100,29,13,16
503,114610,100,100,100,40,15,25
504,114702,96.7709677419355,100,95.45,31,9,22
505,114928,100,100,100,39,15,24
506,115108,100,100,100,37,13,24
507,115339,100,100,100,34,15,19
508,115416,97.2222222222222,100,95,36,16,20
509,116198,100,100,100,32,11,21
510,116222,100,100,100,28,14,14
511,116231,95.835,100,91.67,24,12,12
512,116248,94.7384210526316,100,92.31,19,6,13
513,116336,100,100,100,32,12,20
514,116347,100,100,100,29,12,17
515,116948,100,100,100,36,14,22
516,118092,97.2233333333333,100,95.24,36,15,21
517,118464,100,100,100,45,17,28
518,118726,100,100,100,39,13,26
519,118874,100,100,100,27,11,16
520,118902,100,100,100,29,7,22
521,118931,95.8333333333333,87.5,100,24,8,16
522,119211,100,100,100,25,8,17
523,119223,91.3052173913044,66.67,100,23,6,17
524,119354,96.664,100,94.44,30,12,18
525,119911,100,100,100,31,13,18
526,120239,96.7745161290323,90.91,100,31,11,20
527,120254,100,100,100,22,13,9
528,120329,92.0024,100,84.62,25,12,13
529,120728,100,100,100,26,8,18
530,120887,100,100,100,20,3,17
531,120979,100,100,100,19,5,14
532,121049,100,100,100,24,6,18
533,121367,100,100,100,18,6,12
534,121580,69.998,100,57.14,10,3,7
535,121679,100,100,100,10,2,8
536,122158,100,100,100,10,5,5
537,122342,100,100,100,17,7,10
538,122516,100,100,100,12,4,8
539,123045,90.9090909090909,100,87.5,11,3,8
540,123050,100,100,100,3,1,2
541,123077,100,100,100,15,7,8
542,123125,100,100,100,19,9,10
543,123743,100,100,100,26,12,14
544,123839,100,100,100,32,14,18
545,123887,100,100,100,34,16,18
546,123950,100,100,100,34,16,18
547,124085,100,100,100,31,14,17
548,124113,100,100,100,24,8,16
549,124493,97.5619512195122,100,95.24,41,20,21
550,124550,100,100,100,33,10,23
551,124557,96.875,100,95,32,12,20
552,124571,97.4338461538462,100,95.83,39,15,24
553,124724,100,100,100,36,17,19
554,124796,95.1219512195122,100,92,41,16,25
555,124845,97.3657894736842,100,95.45,38,16,22
556,124889,100,100,100,38,16,22
557,125249,97.3663157894737,94.44,100,38,18,20
558,125752,95.4563636363636,100,88.24,44,27,17
559,125797,95.835,92.86,100,48,28,20
560,125863,100,100,100,45,21,24
561,126106,97.7755555555555,96.15,100,45,26,19
562,126172,100,100,100,47,20,27
563,126409,100,100,100,43,22,21
564,126523,95.7425531914893,91.3,100,47,23,24
565,126691,100,100,100,46,20,26
566,126961,95.4563636363636,88.24,100,44,17,27
567,127063,97.8731914893617,95.24,100,47,21,26
568,127510,100,100,100,35,20,15
569,128191,94.8702564102564,95.45,94.12,39,22,17
570,128317,96.969696969697,93.75,100,33,16,17
571,128335,100,100,100,41,20,21
572,128359,100,100,100,30,18,12
573,128387,100,100,100,32,12,20
574,128939,97.7295454545455,100,96.3,44,17,27
575,129136,97.7254545454546,94.44,100,44,18,26
576,129798,100,100,100,50,25,25
577,130139,100,100,100,29,15,14
578,130340,95.24,100,90.48,42,21,21
579,131024,100,100,100,33,15,18
580,131268,100,100,100,23,12,11
581,131754,96.0012,100,92.31,25,12,13
582,131921,100,100,100,27,14,13
583,132272,100,100,100,25,13,12
584,132750,100,100,100,29,14,15
585,133124,96.0004,100,90.91,25,14,11
586,133257,100,100,100,25,11,14
587,133286,100,100,100,23,11,12
588,133371,93.335,100,86.67,30,15,15
589,133460,90.3209677419355,93.33,87.5,31,15,16
590,133505,93.335,100,86.67,30,15,15
591,133524,87.50125,100,66.67,24,15,9
592,133622,93.5467741935484,94.44,92.31,31,18,13
593,133632,89.6513793103448,85.71,93.33,29,14,15
594,133718,96.9681818181818,100,93.33,33,18,15
595,133910,92.5903703703704,100,85.71,27,13,14
596,135125,92.5955555555555,100,88.24,27,10,17
597,135797,100,100,100,29,17,12
598,135982,97.3657894736842,100,95.45,38,16,22
599,136052,90.9127272727273,100,88.24,22,5,17
600,136072,100,100,100,35,16,19
601,136358,96.7754838709677,100,94.12,31,14,17
602,136363,100,100,100,21,12,9
603,136372,100,100,100,26,19,7
604,136654,94.1194117647059,100,84.62,34,21,13
605,137188,100,100,100,37,23,14
606,137477,97.2951351351351,100,94.44,37,19,18
607,137581,100,100,100,38,21,17
608,137632,94.7347368421053,95,94.44,38,20,18
609,138200,97.0564705882353,100,94.44,34,16,18
610,138221,100,100,100,29,10,19
611,138661,95.2380952380952,100,87.5,21,13,8
612,138917,96.4257142857143,94.44,100,28,18,10
613,139198,96.7754838709677,100,91.67,31,19,12
614,139373,100,100,100,28,16,12
615,139432,91.3052173913044,88.89,100,23,18,5
616,139723,100,100,100,20,11,9
617,139822,95.998,93.33,100,25,15,10
618,139984,100,100,100,26,18,8
619,140071,96.0016,94.12,100,25,17,8
620,140086,100,100,100,25,17,8
621,140132,100,100,100,23,15,8
622,140473,96.667,100,90.91,30,19,11
623,140596,100,100,100,23,20,3
624,140731,100,100,100,29,18,11
625,140789,100,100,100,26,14,12
626,140800,100,100,100,25,15,10
627,140912,95,100,87.5,20,12,8
628,141291,83.3333333333333,100,50,18,12,6
629,141455,92.855,85.71,100,14,7,7
630,141684,100,100,100,31,21,10
631,141770,100,100,100,32,21,11
632,141872,100,100,100,23,13,10
633,142101,100,100,100,27,19,8
634,142605,96.2977777777778,95.24,100,27,21,6
635,142981,95.2380952380952,100,93.75,21,5,16
636,143152,87.50125,94.12,80,32,17,15
637,143482,100,100,100,33,15,18
638,143580,100,100,100,19,12,7
639,143695,97.144,100,94.12,35,18,17
640,143750,94.5956756756757,94.12,95,37,17,20
641,143900,100,100,100,29,13,16
642,143915,100,100,100,33,20,13
643,144332,95.835,100,91.67,48,24,24
644,144428,94.4425,100,89.47,36,17,19
645,144443,100,100,100,42,23,19
646,145528,100,100,100,33,21,12
647,145541,100,100,100,27,19,8
648,145759,100,100,100,35,22,13
649,147559,100,100,100,24,16,8
650,147972,100,100,100,16,8,8
651,148133,94.7368421052632,90,100,19,10,9
652,148320,100,100,100,15,9,6
653,148503,94.445,88.89,100,18,9,9
654,148595,100,100,100,22,10,12
655,148967,100,100,100,21,12,9
656,149012,93.751875,92.31,100,16,13,3
657,149119,100,100,100,22,13,9
658,150255,100,100,100,8,3,5
659,150345,54.5436363636364,50,57.14,11,4,7
660,150453,100,100,100,8,4,4
661,150495,75,75,75,8,4,4
662,151069,100,100,100,5,2,3
663,151149,100,100,100,5,2,3
664,151438,100,100,100,3,1,2
665,152067,100,100,100,3,1,2
666,152610,100,100,100,5,1,4
667,153192,75,100,50,4,2,2
668,153264,100,100,100,4,2,2
669,153957,100,100,100,6,2,4
670,154440,85.7142857142857,100,75,7,3,4
671,154467,100,100,100,9,4,5
672,154929,100,100,100,12,7,5
673,154992,100,100,100,10,7,3
674,155280,89.997,85.71,100,10,7,3
675,156085,100,100,100,7,4,3
676,156723,100,100,100,8,1,7
677,157445,100,100,100,18,9,9
678,157583,100,100,100,20,7,13
679,158129,100,100,100,30,10,20
680,158246,97.4358974358974,100,95,39,19,20
681,158435,100,100,100,32,15,17
682,158512,100,100,100,38,20,18
683,158569,100,100,100,37,20,17
684,159032,100,100,100,35,22,13
685,159357,96.667,100,90.91,30,19,11
686,159504,92.8585714285714,93.75,91.67,28,16,12
687,159543,94.5951351351351,100,88.89,37,19,18
688,160012,93.74875,92.86,94.44,32,14,18
689,160206,94.4466666666667,100,88.24,36,19,17
690,160309,96.9715151515151,94.74,100,33,19,14
691,160318,100,100,100,26,19,7
692,160335,97.06,100,94.12,34,17,17
693,160437,96.43,100,91.67,28,16,12
694,160632,89.4747368421053,66.67,100,19,6,13
695,161416,100,100,100,33,13,20
696,162426,100,100,100,51,24,27
697,162465,100,100,100,54,26,28
698,162743,100,100,100,58,31,27
699,162862,100,100,100,56,26,30
700,162876,95.92,95.24,96.43,49,21,28
701,163000,100,100,100,49,23,26
702,163158,97.62,100,92.86,42,28,14
703,163171,100,100,100,59,31,28
704,163216,96.2944444444444,100,93.33,54,24,30
705,163240,100,100,100,44,31,13
706,163354,100,100,100,46,21,25
707,163597,100,100,100,36,16,20
708,163701,100,100,100,44,20,24
709,164247,100,100,100,39,20,19
710,164331,95.3469767441861,94.44,96,43,18,25
711,164637,71.0502631578947,45.45,81.48,38,11,27
712,164967,96.9709090909091,100,95.24,33,12,21
713,164992,100,100,100,37,10,27
714,165262,100,100,100,48,19,29
715,165276,100,100,100,45,19,26
716,165322,96.0012,100,92.31,25,12,13
717,165333,97.4346153846154,100,93.33,39,24,15
718,165342,100,100,100,50,22,28
719,165615,97.9974,100,96.77,50,19,31
720,165889,100,100,100,47,18,29
721,165951,100,100,100,39,14,25
722,166024,97.7791111111111,94.74,100,45,19,26
723,166041,88.89,94.44,85.19,45,18,27
724,166135,97.7766666666667,100,96.55,45,16,29
725,166531,97.49875,100,95.65,40,17,23
726,167095,100,100,100,30,15,15
727,167155,100,100,100,33,16,17
728,167238,100,100,100,25,14,11
729,167853,100,100,100,40,21,19
730,168442,100,100,100,32,16,16
731,168541,100,100,100,40,19,21
732,168829,100,100,100,45,20,25
733,168895,100,100,100,45,23,22
734,168952,97.22,100,94.44,36,18,18
735,169174,91.4265714285714,93.75,89.47,35,16,19
736,169275,97.6190476190476,100,96,42,17,25
737,169516,93.6148936170213,95.45,92,47,22,25
738,169576,100,100,100,41,20,21
739,169636,100,100,100,43,22,21
740,170148,100,100,100,56,30,26
741,170249,97.5634146341463,96.3,100,41,27,14
742,170675,90,80,95,30,10,20
743,170809,100,100,100,41,25,16
744,171125,97.2208333333333,93.33,100,36,15,21
745,171248,97.7766666666667,95.65,100,45,23,22
746,171290,100,100,100,42,21,21
747,171792,97.3684210526316,93.75,100,38,16,22
748,172320,96.2953703703704,96,96.55,54,25,29
749,172336,94.5918918918919,91.3,100,37,23,14
750,172401,100,100,100,43,23,20
751,172474,100,100,100,49,23,26
752,172851,100,100,100,40,17,23
753,172860,100,100,100,28,16,12
754,173370,100,100,100,41,16,25
755,173601,100,100,100,28,20,8
756,174179,100,100,100,45,19,26
757,174334,92.3076923076923,85,100,39,20,19
758,174839,100,100,100,23,14,9
759,175099,100,100,100,24,10,14
760,175431,100,100,100,18,6,12
761,175459,100,100,100,23,7,16
762,175566,100,100,100,20,9,11
763,175875,100,100,100,23,10,13
764,176331,100,100,100,28,17,11
765,176676,100,100,100,28,16,12
766,176767,100,100,100,30,15,15
767,176824,100,100,100,30,14,16
768,177230,100,100,100,33,11,22
769,177433,93.9409090909091,100,86.67,33,18,15
770,177442,95.002,100,88.24,40,23,17
771,177469,97.7272727272727,100,95,44,24,20
772,178040,95.1253658536585,96.3,92.86,41,27,14
773,178223,97.2972972972973,100,93.75,37,21,16
774,178338,96.8759375,92.31,100,32,13,19
775,178554,94.5940540540541,94.74,94.44,37,19,18
776,178777,92.3076923076923,94.44,90.48,39,18,21
777,179318,97.49875,100,95.65,40,17,23
778,179327,94.1188235294118,95,92.86,34,20,14
779,179340,95.3483720930232,94.74,95.83,43,19,24
780,179694,100,100,100,37,18,19
781,180225,96.43,91.67,100,28,12,16
782,180366,96.7761290322581,100,94.74,31,12,19
783,181353,96.87625,100,95.24,32,11,21
784,181376,100,100,100,28,8,20
785,181574,97.2951351351351,94.44,100,37,18,19
786,181625,100,100,100,38,14,24
787,181643,100,100,100,34,14,20
788,181889,100,100,100,32,14,18
789,181913,97.501,100,95.24,40,19,21
790,182106,97.2208333333333,100,95.65,36,13,23
791,182156,100,100,100,36,16,20
792,182581,96.6656666666667,85.71,100,30,7,23
793,182934,100,100,100,9,7,2
794,182938,100,100,100,18,1,17
795,183139,100,100,100,34,14,20
796,183248,100,100,100,26,8,18
797,183325,100,100,100,33,11,22
798,183733,95.83125,100,93.33,24,9,15
799,183752,95.4563636363636,100,91.67,22,10,12
800,183797,100,100,100,24,9,15
801,183811,96.4307142857143,100,94.74,28,9,19
802,183844,92.5955555555555,100,88.24,27,10,17
803,184045,96.8725,100,94.44,32,14,18
804,184169,96.4267857142857,100,93.33,28,13,15
805,184255,96.2977777777778,91.67,100,27,12,15
806,184461,96.668,92.86,100,30,14,16
807,184615,100,100,100,33,14,19
808,184704,100,100,100,26,10,16
809,184902,83.8687096774194,89.47,75,31,19,12
810,185724,100,100,100,41,24,17
811,185844,97.7261363636364,95.65,100,44,23,21
812,185895,100,100,100,35,14,21
813,186140,95.915306122449,96.15,95.65,49,26,23
814,186192,100,100,100,52,22,30
815,186356,100,100,100,49,20,29
816,187268,100,100,100,40,21,19
817,187485,100,100,100,45,23,22
818,187781,97.2981081081081,100,92.31,37,24,13
819,188294,100,100,100,38,21,17
820,188487,94.4444444444444,90,100,36,20,16
821,188826,100,100,100,34,18,16
822,188866,100,100,100,38,22,16
823,189381,100,100,100,32,17,15
824,189424,97.06,94.12,100,34,17,17
825,189722,100,100,100,25,18,7
826,190448,96.4285714285714,90,100,28,10,18
827,190556,100,100,100,43,25,18
828,190834,96.5531034482759,92.86,100,29,14,15
829,191040,100,100,100,42,20,22
830,191958,100,100,100,30,17,13
831,192251,100,100,100,30,17,13
832,192375,100,100,100,25,7,18
833,192387,100,100,100,29,12,17
834,193083,100,100,100,37,21,16
835,193128,100,100,100,29,15,14
836,193206,100,100,100,35,19,16
837,193313,100,100,100,40,23,17
838,193329,97.2972972972973,100,93.75,37,21,16
839,193461,95.835,91.67,100,24,12,12
840,193471,96.97,100,90.91,33,22,11
841,193804,100,100,100,32,20,12
842,193860,100,100,100,34,19,15
843,194131,100,100,100,36,22,14
844,194458,100,100,100,38,22,16
845,194789,100,100,100,31,22,9
846,194969,94.5967567567568,90.48,100,37,21,16
847,195411,100,100,100,40,23,17
848,196151,100,100,100,31,18,13
849,196380,100,100,100,28,16,12
850,196461,97.3684210526316,95,100,38,20,18
851,196735,100,100,100,36,20,16
852,197168,100,100,100,41,18,23
853,197281,100,100,100,37,21,16
854,197590,100,100,100,41,20,21
855,197629,97.8269565217391,95.24,100,46,21,25
856,197776,100,100,100,31,11,20
857,197785,100,100,100,37,18,19
858,198304,100,100,100,36,20,16
859,198507,100,100,100,44,24,20
860,198559,100,100,100,35,20,15
861,198622,100,100,100,31,21,10
862,198718,100,100,100,36,18,18
863,198795,100,100,100,39,21,18
864,198981,100,100,100,37,19,18
865,199066,96.665,93.33,100,30,15,15
866,199075,100,100,100,34,16,18
867,199606,100,100,100,40,22,18
868,199736,93.9354545454545,94.44,93.33,33,18,15
869,199788,100,100,100,31,17,14
870,199798,100,100,100,26,11,15
871,199975,100,100,100,19,6,13
872,200212,95.2385714285714,90.91,100,21,11,10
873,200410,96.2944444444444,93.33,100,27,15,12
874,200421,100,100,100,24,14,10
875,200669,100,100,100,29,18,11
876,200717,100,100,100,33,22,11
877,200792,96.9666666666667,95.45,100,33,22,11
878,200882,100,100,100,26,15,11
879,201164,100,100,100,25,14,11
880,201286,100,100,100,28,13,15
881,201460,100,100,100,19,4,15
882,201466,100,100,100,31,16,15
883,201484,100,100,100,30,14,16
884,201533,100,100,100,30,14,16
885,201553,100,100,100,27,11,16
886,201584,100,100,100,23,10,13
887,201595,100,100,100,21,10,11
888,201617,100,100,100,25,9,16
889,201658,100,100,100,30,14,16
890,201769,100,100,100,30,12,18
891,202180,97.3684210526316,100,96,38,13,25
892,202426,96.87625,91.67,100,32,12,20
893,202434,97.7286363636364,94.74,100,44,19,25
894,202780,93.9424242424242,92.86,94.74,33,14,19
895,202822,100,100,100,35,16,19
896,202914,96.9681818181818,100,93.33,33,18,15
897,203013,100,100,100,40,19,21
898,203589,89.7448717948718,78.95,100,39,19,20
899,203769,86.4832432432433,78.57,91.3,37,14,23
900,203871,92.3058974358974,89.47,95,39,19,20
901,203906,97.6166666666667,95.45,100,42,22,20
902,204021,95.6539130434783,92.86,100,46,28,18
903,204440,94.5436363636364,96,93.33,55,25,30
904,204496,96.3623636363636,92.59,100,55,27,28
905,204589,96.15,96.15,96.15,52,26,26
906,204673,92.7254545454545,92,93.33,55,25,30
907,205177,98.215,100,96.43,56,28,28
908,205246,97.6732558139535,93.33,100,43,15,28
909,205426,100,100,100,57,26,31
910,205468,100,100,100,35,12,23
911,205475,97.8260869565217,100,96,46,21,25
912,205510,93.88,100,89.29,49,21,28
913,205616,94.2857142857143,100,80,35,25,10
914,205636,97.9145833333333,100,96.15,48,22,26
915,205780,93.75,100,88,48,23,25
916,205805,98.002,100,96.67,50,20,30
917,205912,86.4878378378378,100,66.67,37,22,15
918,206264,98.0366666666667,100,96.77,51,20,31
919,206360,97.8295652173913,100,96.88,46,14,32
920,206413,97.0573529411765,100,93.33,34,19,15
921,206449,100,100,100,42,14,28
922,206495,97.8260869565217,95,100,46,20,26
923,206512,97.3710526315789,100,96.3,38,11,27
924,206522,97.3,100,96.3,37,10,27
925,206608,100,100,100,47,21,26
926,206839,100,100,100,47,20,27
927,206890,97.5617073170732,92.31,100,41,13,28
928,206983,96.001,95.65,96.3,50,23,27
929,207019,95.1209756097561,94.74,95.45,41,19,22
930,207106,96.001,95.65,96.3,50,23,27
931,207637,97.6178571428572,100,95.65,42,19,23
932,207716,100,100,100,39,21,18
933,207772,97.9145833333333,96.15,100,48,26,22
934,207854,97.4369230769231,96.43,100,39,28,11
935,208544,100,100,100,43,20,23
936,208559,96.6656666666667,85.71,100,30,7,23
937,208790,97.2983783783784,94.12,100,37,17,20
938,208963,100,100,100,37,18,19
939,209410,100,100,100,38,19,19
940,209498,100,100,100,29,17,12
941,209507,100,100,100,21,2,19
942,210396,100,100,100,26,12,14
943,210501,100,100,100,31,16,15
944,210585,96.5531034482759,100,92.86,29,15,14
945,210630,100,100,100,21,15,6
946,210702,100,100,100,30,15,15
947,210753,100,100,100,23,12,11
948,210810,100,100,100,22,12,10
949,211123,100,100,100,25,12,13
950,211138,95.6539130434783,100,91.67,23,11,12
951,211203,95.83125,100,93.33,24,9,15
952,211245,100,100,100,15,10,5
953,211360,100,100,100,26,11,15
954,211374,94.7352631578947,100,85.71,19,12,7
955,211393,87.5029166666666,84.62,90.91,24,13,11
956,211408,96.5489655172414,100,94.44,29,11,18
957,211441,100,100,100,27,13,14
958,211455,95,100,90,20,10,10
959,211480,95.8345833333333,100,92.31,24,11,13
960,211527,96.664,100,94.44,30,12,18
961,211623,100,100,100,26,10,16
962,212193,96.5537931034483,100,94.74,29,10,19
963,212229,96.2962962962963,100,95,27,7,20
964,212686,100,100,100,37,17,20
965,212887,97.0564705882353,100,94.44,34,16,18
966,213162,100,100,100,37,15,22
967,214337,97.2233333333333,92.86,100,36,14,22
968,214511,100,100,100,40,16,24
969,214730,100,100,100,37,14,23
970,214771,100,100,100,42,19,23
971,214881,97.2951351351351,100,94.44,37,19,18
972,215022,95.0025,94.74,95.24,40,19,21
973,215630,95.1209756097561,94.12,95.83,41,17,24
974,216302,95.8345833333333,100,92.31,24,11,13
975,216605,89.6551724137931,100,87.5,29,5,24
976,216666,100,100,100,32,9,23
977,216812,97.06,92.86,100,34,14,20
978,217199,100,100,100,37,15,22
979,217562,97.4975,100,96.15,40,14,26
980,217594,100,100,100,30,13,17
981,217648,100,100,100,26,8,18
982,217873,100,100,100,26,13,13
983,218372,100,100,100,24,11,13
984,218576,100,100,100,21,6,15
985,218681,100,100,100,20,7,13
986,218714,100,100,100,20,7,13
987,219220,100,100,100,21,4,17
988,219419,100,100,100,24,6,18
989,219801,100,100,100,21,7,14
990,219932,94.7352631578947,85.71,100,19,7,12
991,219979,94.7368421052632,87.5,100,19,8,11
992,220015,85.7142857142857,75,90,14,4,10
993,220237,100,100,100,22,9,13
994,220465,100,100,100,19,7,12
995,220635,100,100,100,20,9,11
996,220650,100,100,100,19,8,11
997,220842,94.1182352941177,88.89,100,17,9,8
998,220880,100,100,100,15,7,8
999,220885,100,100,100,5,2,3
1000,221224,100,100,100,22,9,13
1001,221278,100,100,100,24,14,10
1002,221987,95.24,91.67,100,21,12,9
1003,222056,95.0005,100,90.91,20,9,11
1004,222888,93.3333333333333,80,100,15,5,10
1005,222908,94.445,88.89,100,18,9,9
1006,223086,92.8571428571429,80,100,14,5,9
1007,223786,88.2335294117647,85.71,90,17,7,10
1008,224052,86.6666666666667,60,100,15,5,10
1009,224476,95.0015,100,92.31,20,7,13
1010,225127,100,100,100,10,5,5
1011,225301,92.3061538461538,83.33,100,13,6,7
1012,225557,87.50125,77.78,100,16,9,7
1013,225657,93.3333333333333,100,75,15,11,4
1014,225732,100,100,100,11,7,4
1015,226443,91.6666666666667,100,75,12,8,4
1016,227643,100,100,100,15,9,6
1017,228150,100,100,100,18,10,8
1018,229392,100,100,100,15,7,8
1019,229441,100,100,100,19,11,8
1020,229542,100,100,100,18,10,8
1021,229563,94.4427777777778,100,85.71,18,11,7
1022,229905,94.7368421052632,100,90,19,9,10
1023,230151,100,100,100,17,9,8
1024,230337,100,100,100,14,6,8
1025,230475,100,100,100,16,7,9
1026,230592,95.24,100,91.67,21,9,12
1027,231176,92.8571428571429,100,75,14,10,4
1028,231257,100,100,100,12,9,3
1029,231408,100,100,100,28,16,12
1030,231648,96.1538461538462,90,100,26,10,16
1031,231777,100,100,100,25,11,14
1032,231873,100,100,100,28,15,13
1033,232836,95.4545454545455,90,100,22,10,12
1034,233017,100,100,100,21,10,11
1035,233525,94.445,88.89,100,18,9,9
1036,233569,100,100,100,17,9,8
1037,233988,100,100,100,14,6,8
1038,234612,100,100,100,16,10,6
1039,234699,92.8571428571429,100,50,14,12,2
1040,235129,100,100,100,13,5,8
1041,235156,100,100,100,17,9,8
1042,235697,100,100,100,16,11,5
1043,235758,100,100,100,17,10,7
1044,236091,100,100,100,21,10,11
1045,236154,100,100,100,18,7,11
1046,236230,100,100,100,19,7,12
1047,236242,100,100,100,15,3,12
1048,236355,100,100,100,14,2,12
1049,236574,100,100,100,10,1,9
1050,236755,100,100,100,9,1,8
1051,239067,86.6666666666667,75,100,15,8,7
1052,240077,100,100,100,20,8,12
1053,240112,95.24,100,91.67,21,9,12
1054,240925,89.6555172413793,90,88.89,29,20,9
1055,241079,97.144,100,94.12,35,18,17
1056,241231,84.6115384615384,83.33,85.71,26,12,14
1057,241277,96.7725806451613,93.33,100,31,15,16
1058,241781,97.0564705882353,100,94.44,34,16,18
1059,242258,93.5461290322581,100,89.47,31,12,19
1060,242360,96.969696969697,100,93.75,33,17,16
1061,242600,100,100,100,29,13,16
1062,242635,100,100,100,33,12,21
1063,242717,100,100,100,30,12,18
1064,242801,94.7342105263158,100,91.3,38,15,23
1065,242854,96.9709090909091,100,95.24,33,12,21
1066,242873,96,100,95,25,5,20
1067,243553,100,100,100,21,11,10
1068,243894,100,100,100,26,12,14
1069,243924,94.2837142857143,100,89.47,35,16,19
1070,243933,89.998,90.91,89.47,30,11,19
1071,243966,97.2233333333333,100,95.24,36,15,21
1072,244077,94.2857142857143,100,90,35,15,20
1073,244089,93.1051724137931,100,86.67,29,14,15
1074,244478,88.8866666666667,100,83.33,27,9,18
1075,244903,100,100,100,17,9,8
1076,244943,100,100,100,18,7,11
1077,245405,100,100,100,20,11,9
1078,245638,100,100,100,19,9,10
1079,245663,100,100,100,19,8,11
1080,245682,100,100,100,16,6,10
1081,245768,92.8557142857143,100,83.33,14,8,6
1082,245856,100,100,100,15,7,8
1083,246034,100,100,100,14,7,7
1084,246461,100,100,100,10,4,6
1085,246665,90.001,66.67,100,10,3,7
1086,247183,100,100,100,18,9,9
1087,247313,100,100,100,19,10,9
1088,248196,96.969696969697,100,93.75,33,17,16
1089,248568,100,100,100,26,20,6
1090,248748,97.1428571428571,100,93.75,35,19,16
1091,248992,95.2357142857143,95.45,95,42,22,20
1092,249010,100,100,100,39,18,21
1093,249058,96.43,91.67,100,28,12,16
1094,249241,100,100,100,37,18,19
1095,249376,100,100,100,41,19,22
1096,249703,100,100,100,43,21,22
1097,249784,100,100,100,33,15,18
1098,249805,100,100,100,39,23,16
1099,249814,100,100,100,28,14,14
1100,249940,100,100,100,42,23,19
1101,249957,100,100,100,33,19,14
1102,251018,100,100,100,19,13,6
1103,251517,82.3511764705882,85.71,80,17,7,10
1104,251829,100,100,100,14,8,6
1105,252078,92.8571428571429,87.5,100,14,8,6
1106,252892,93.3333333333333,87.5,100,15,8,7
1107,253542,100,100,100,17,11,6
1108,253557,95.2380952380952,100,90,21,11,10
1109,254614,100,100,100,30,10,20
1110,254626,96.4257142857143,100,94.44,28,10,18
1111,254860,100,100,100,25,12,13
1112,254988,100,100,100,29,12,17
1113,255138,100,100,100,21,9,12
1114,255435,100,100,100,32,17,15
1115,255567,100,100,100,33,18,15
1116,255734,90.91,90.91,90.91,22,11,11
1117,255900,100,100,100,27,13,14
1118,256016,100,100,100,26,10,16
1119,256167,96.5537931034483,100,94.74,29,10,19
1120,256695,100,100,100,26,12,14
1121,256876,100,100,100,32,14,18
1122,257314,100,100,100,27,13,14
1123,257623,95,87.5,100,20,8,12
1124,257691,100,100,100,21,9,12
1125,257751,92.3061538461538,100,83.33,13,7,6
1126,257865,92.3076923076923,100,90,13,3,10
1127,259198,100,100,100,15,8,7
1128,259465,100,100,100,20,9,11
1129,259894,95.2385714285714,88.89,100,21,9,12
1130,260276,100,100,100,21,10,11
1131,260444,100,100,100,18,10,8
1132,260544,100,100,100,23,14,9
1133,260896,100,100,100,29,14,15
1134,261765,96.551724137931,90,100,29,10,19
1135,261923,96.4257142857143,100,94.44,28,10,18
1136,262094,100,100,100,31,10,21
1137,262154,100,100,100,32,14,18
1138,262205,96.875,100,93.75,32,16,16
1139,262226,97.1428571428571,100,95,35,15,20
1140,262476,96.6666666666667,100,95,30,10,20
1141,262532,100,100,100,30,12,18
1142,262724,96.1538461538462,100,93.75,26,10,16
1143,262970,89.4726315789474,76.92,96,38,13,25
1144,263040,91.6675,93.33,90.48,36,15,21
1145,263183,94.8705128205128,93.75,95.65,39,16,23
1146,265303,97.5619512195122,94.12,100,41,17,24
1147,265815,100,100,100,37,17,20
1148,267395,100,100,100,34,15,19
1149,267728,100,100,100,32,17,15
1150,268043,76.667,94.74,45.45,30,19,11
1151,268691,97.6190476190476,100,95,42,22,20
1152,268845,97.3684210526316,93.75,100,38,16,22
1153,268913,100,100,100,33,16,17
1154,269288,94.2874285714286,93.75,94.74,35,16,19
1155,269637,91.1738235294118,100,85.71,34,13,21
1156,269710,100,100,100,30,13,17
1157,269757,96.7761290322581,100,94.74,31,12,19
1158,269811,93.3346666666667,93.75,92.86,30,16,14
1159,270070,100,100,100,30,13,17
1160,270711,96.668,92.86,100,30,14,16
1161,270873,100,100,100,30,13,17
1162,270979,85.7171428571429,87.5,84.62,21,8,13
1163,271377,94.288,92.86,95.24,35,14,21
1164,271549,81.8218181818182,66.67,90.48,33,12,21
1165,271657,75,75,75,32,16,16
1166,272381,94.5481818181818,95,94.29,55,20,35
1167,272398,92.3121153846154,88.24,94.29,52,17,35
1168,272485,98.215,100,97.06,56,22,34
1169,272896,96.0016,100,92.86,50,22,28
1170,272967,97.7272727272727,100,93.75,44,28,16
1171,273169,96.3650909090909,100,92.86,55,27,28
1172,273276,98.3033898305085,100,97.14,59,24,35
1173,273405,100,100,100,65,30,35
1174,273553,96.49,95.83,96.97,57,24,33
1175,273598,87.4957142857143,83.33,90.62,56,24,32
1176,273903,96.0758823529412,93.33,97.22,51,15,36
1177,274109,98.4854545454545,100,97.06,66,32,34
1178,274360,100,100,100,58,25,33
1179,274599,100,100,100,55,29,26
1180,275119,97.0171641791045,100,94.29,67,32,35
1181,276111,98.0761538461538,100,97.56,52,11,41
1182,276174,96.9690909090909,96,97.56,66,25,41
1183,276207,98.5074626865672,100,97.5,67,27,40
1184,276610,94.9106779661017,95.45,94.59,59,22,37
1185,276913,98.5092537313433,100,97.73,67,23,44
1186,277074,98.5714285714286,100,97.5,70,30,40
1187,277202,100,100,100,57,16,41
1188,277922,98.2463157894737,100,96.43,57,29,28
1189,277951,98.2463157894737,100,96.43,57,29,28
1190,277964,100,100,100,59,29,30
1191,278134,100,100,100,55,23,32
1192,278150,98.3052542372881,100,96.97,59,26,33
1193,278215,100,100,100,58,27,31
1194,278267,96.292962962963,96.77,95.65,54,31,23
1195,278348,98.5279411764706,100,97.14,68,33,35
1196,278393,100,100,100,40,22,18
1197,278398,97.144,100,91.67,35,23,12
1198,278428,98.2128571428571,100,95.83,56,32,24
1199,278860,98.3896774193548,100,96.88,62,30,32
1200,278902,98.2736206896552,100,96.77,58,27,31
1201,279061,100,100,100,54,28,26
1202,280007,93.18,100,86.36,44,22,22
1203,280175,97.0588235294118,100,95,34,14,20
1204,280303,93.0260465116279,100,89.29,43,15,28
1205,280851,97.2972972972973,100,95,37,17,20
1206,280872,100,100,100,43,16,27
1207,282146,86.668,92.86,81.25,30,14,16
1208,282216,88.0952380952381,100,80,42,17,25
1209,282273,97.6166666666667,100,96.15,42,16,26
1210,282374,100,100,100,32,13,19
1211,282381,96.4285714285714,93.75,100,28,16,12
1212,282386,89.285,92.86,85.71,28,14,14
1213,282486,100,100,100,44,20,24
1214,282495,100,100,100,30,14,16
1215,282515,100,100,100,36,17,19
1216,282599,100,100,100,34,15,19
1217,282638,100,100,100,42,18,24
1218,282717,100,100,100,38,15,23
1219,282815,97.4358974358974,100,96,39,14,25
1220,282870,95.2385714285714,100,90.91,42,20,22
1221,283073,100,100,100,39,16,23
1222,283252,100,100,100,39,15,24
1223,283474,97.144,100,94.12,35,18,17
1224,283507,94.1188235294118,95,92.86,34,20,14
1225,283525,97.1414285714286,93.33,100,35,15,20
1226,283550,100,100,100,38,19,19
1227,283621,100,100,100,32,14,18
1228,283639,100,100,100,33,12,21
1229,283669,100,100,100,36,19,17
1230,284005,100,100,100,31,19,12
1231,284104,96.7754838709677,94.12,100,31,17,14
1232,284179,100,100,100,31,11,20
1233,284464,100,100,100,34,21,13
1234,284551,100,100,100,34,19,15
1235,284566,100,100,100,23,14,9
1236,284647,93.7496875,94.12,93.33,32,17,15
1237,284656,96.7751612903226,100,92.31,31,18,13
1238,284698,100,100,100,34,16,18
1239,284915,100,100,100,29,13,16
1240,285713,100,100,100,35,15,20
1241,286170,96.9709090909091,94.12,100,33,17,16
1242,286286,100,100,100,42,19,23
1243,286307,100,100,100,41,19,22
1244,286541,100,100,100,34,15,19
1245,288852,100,100,100,36,11,25
1246,289001,100,100,100,42,24,18
1247,289086,100,100,100,45,22,23
1248,289125,100,100,100,42,20,22
1249,289424,100,100,100,53,27,26
1250,289757,100,100,100,44,20,24
1251,290480,92.8571428571429,87.5,100,28,16,12
1252,291462,96.4289285714286,90.91,100,28,11,17
1253,291690,96.4267857142857,93.33,100,28,15,13
1254,291842,95.6526086956522,100,88.89,23,14,9
1255,292008,95.0005,100,90.91,20,9,11
1256,292499,94.7373684210526,90.91,100,19,11,8
1257,292542,100,100,100,21,11,10
1258,292568,95.4545454545455,90,100,22,10,12
1259,292832,91.6666666666667,87.5,100,12,8,4
1260,293073,100,100,100,12,6,6
1261,293574,71.4285714285714,100,50,14,6,8
1262,293674,100,100,100,9,3,6
1263,293733,76.9230769230769,80,75,13,5,8
1264,294644,85.7142857142857,100,80,7,2,5
1265,295315,87.4975,100,83.33,8,2,6
1266,295481,72.7254545454546,100,57.14,11,4,7
1267,295651,90.001,66.67,100,10,3,7
1268,295745,91.665,100,83.33,12,6,6
1269,295783,100,100,100,14,7,7
1270,296105,92.8571428571429,100,87.5,14,6,8
1271,296344,76.4705882352941,100,50,17,9,8
1272,296357,100,100,100,14,8,6
1273,296590,100,100,100,16,9,7
1274,296758,85.7142857142857,100,60,14,9,5
1275,296774,92.8578571428571,88.89,100,14,9,5
1276,297606,96.5531034482759,100,92.86,29,15,14
1277,297769,96.9709090909091,100,94.12,33,16,17
1278,298040,100,100,100,37,15,22
1279,298077,100,100,100,36,16,20
1280,298106,100,100,100,39,15,24
1281,298283,97.6171428571429,100,95.83,42,18,24
1282,298377,100,100,100,37,14,23
1283,298442,100,100,100,44,17,27
1284,299324,97.5619512195122,95.24,100,41,21,20
1285,299810,100,100,100,44,27,17
1286,299841,100,100,100,50,25,25
1287,300278,100,100,100,45,19,26
1288,300896,97.144,91.67,100,35,12,23
1289,300900,94.445,90.91,100,18,11,7
1290,301189,100,100,100,48,23,25
1291,301978,96.4257142857143,100,94.44,28,10,18
1292,302182,100,100,100,27,9,18
1293,302274,100,100,100,25,12,13
1294,302296,92.3084615384615,81.82,100,26,11,15
1295,302493,95.4559090909091,100,92.31,22,9,13
1296,303247,93.3333333333333,87.5,100,15,8,7
1297,303466,93.75,87.5,100,16,8,8
1298,303582,93.75,87.5,100,16,8,8
1299,303725,75,25,100,12,4,8
1300,303951,100,100,100,23,13,10
1301,304423,93.3346666666667,92.86,93.75,30,14,16
1302,305538,100,100,100,25,21,4
1303,305768,97.7786666666667,100,95.24,45,24,21
1304,305790,88.5711428571428,69.23,100,35,13,22
1305,305841,100,100,100,36,19,17
1306,305973,94.5940540540541,94.74,94.44,37,19,18
1307,306221,97.0588235294118,95,100,34,20,14
1308,306644,100,100,100,44,24,20
1309,307294,97.824347826087,95.83,100,46,24,22
1310,307665,100,100,100,53,26,27
1311,308044,100,100,100,41,22,19
1312,308211,98.215,100,96.43,56,28,28
1313,308311,98.3325,100,96.55,60,31,29
1314,308329,100,100,100,61,32,29
1315,308470,100,100,100,50,26,24
1316,308683,100,100,100,54,31,23
1317,308934,100,100,100,43,20,23
1318,309120,100,100,100,53,32,21
1319,309521,100,100,100,47,23,24
1320,309685,100,100,100,44,23,21
1321,309749,100,100,100,48,24,24
1322,309905,97.2233333333333,100,94.12,36,19,17
1323,310298,100,100,100,29,10,19
1324,312028,100,100,100,5,4,1
1325,312327,60,0,100,5,2,3
1326,312830,100,100,100,5,4,1
1327,313425,100,100,100,10,5,5
1328,313764,100,100,100,7,2,5
1329,314835,100,100,100,17,11,6
1330,314916,100,100,100,18,12,6
1331,316480,93.334,100,88.89,15,6,9
1332,316807,83.3308333333333,80,85.71,12,5,7
1333,317132,100,100,100,13,8,5
1334,317625,89.998,100,83.33,10,4,6
1335,318697,60,100,50,10,2,8
1336,318739,90,75,100,10,4,6
1337,318794,87.5,80,100,8,5,3
1338,319030,100,100,100,11,5,6
1339,319369,100,100,100,13,9,4
1340,319408,92.3053846153846,85.71,100,13,7,6
1341,319718,100,100,100,11,6,5
1342,320275,90,80,100,10,5,5
1343,320605,81.8181818181818,60,100,11,5,6
1344,320631,100,100,100,8,5,3
1345,320668,100,100,100,14,8,6
1346,320968,100,100,100,15,10,5
1347,321393,86.6646666666666,85.71,87.5,15,7,8
1348,321548,93.3333333333333,80,100,15,5,10
1349,321746,88.89,83.33,91.67,18,6,12
1350,321794,95.2380952380952,90,100,21,10,11
1351,321819,95.2366666666667,85.71,100,21,7,14
1352,321936,95.835,91.67,100,24,12,12
1353,322344,78.2591304347826,80,76.92,23,10,13
1354,322396,94.999,83.33,100,20,6,14
1355,322401,90.91,77.78,100,22,9,13
1356,322495,100,100,100,28,11,17
1357,322516,96.5531034482759,92.86,100,29,14,15
1358,322747,85.2935294117647,78.57,90,34,14,20
1359,322774,92.3088461538461,85.71,94.74,26,7,19
1360,322780,93.7496875,93.33,94.12,32,15,17
1361,322819,89.1913513513513,88.24,90,37,17,20
1362,322830,94.7389473684211,88.24,100,38,17,21
1363,323100,100,100,100,34,20,14
1364,323517,97.37,100,94.74,38,19,19
1365,323689,97.4358974358974,100,95,39,19,20
1366,324005,100,100,100,33,20,13
1367,324095,100,100,100,32,18,14
1368,325335,91.6675,100,81.82,24,13,11
1369,325547,96.0016,100,92.86,25,11,14
1370,325925,100,100,100,46,24,22
1371,325947,100,100,100,42,22,20
1372,326354,98.1150943396226,96.3,100,53,27,26
1373,326451,100,100,100,46,23,23
1374,326579,98.0788461538462,100,96.3,52,25,27
1375,326630,100,100,100,47,26,21
1376,326684,100,100,100,45,19,26
1377,326723,100,100,100,35,27,8
1378,326939,91.8367346938775,87.5,96,49,24,25
1379,326976,97.5619512195122,94.12,100,41,17,24
1380,326986,100,100,100,35,14,21
1381,327176,95.3488372093023,93.75,100,43,32,11
1382,327412,93.3322222222222,82.35,100,45,17,28
1383,327571,98.336,96.88,100,60,32,28
1384,327774,98.438125,97.06,100,64,34,30
1385,327930,94.2330769230769,100,89.29,52,24,28
1386,327936,94.3649295774648,94.12,94.59,71,34,37
1387,327955,89.9957142857143,85.29,94.44,70,34,36
1388,328267,100,100,100,58,25,33
1389,328351,96.4871929824562,96.77,96.15,57,31,26
1390,328375,97.915,100,94.44,48,30,18
1391,328593,100,100,100,61,28,33
1392,329201,96.7732258064516,85.71,100,31,7,24
1393,329231,100,100,100,37,14,23
1394,329240,100,100,100,36,18,18
1395,329291,97.6732558139535,100,95.65,43,20,23
1396,329309,100,100,100,39,20,19
1397,329559,97.498,94.44,100,40,18,22
1398,329775,100,100,100,35,23,12
1399,330003,97.6732558139535,95.65,100,43,23,20
1400,330060,100,100,100,34,19,15
1401,330174,100,100,100,42,25,17
1402,330201,100,100,100,40,20,20
1403,330276,100,100,100,40,25,15
1404,330927,100,100,100,40,28,12
1405,331030,100,100,100,32,23,9
1406,331401,100,100,100,30,20,10
1407,331710,90.4733333333333,85.71,100,21,14,7
1408,332013,94.4461111111111,92.31,100,18,13,5
1409,332629,100,100,100,19,14,5
1410,332746,100,100,100,22,10,12
1411,332840,95.998,93.33,100,25,15,10
1412,333220,100,100,100,21,11,10
1413,333361,96.2944444444444,100,93.33,27,12,15
1414,333532,100,100,100,26,12,14
1415,333897,100,100,100,25,5,20
1416,335386,95.4563636363636,100,91.67,22,10,12
1417,335485,92.5903703703704,100,85.71,27,13,14
1418,335569,100,100,100,27,14,13
1419,336106,100,100,100,37,18,19
1420,336142,100,100,100,34,15,19
1421,337187,100,100,100,43,17,26
1422,337514,98.182,100,96.97,55,22,33
1423,337628,100,100,100,49,31,18
1424,337898,100,100,100,56,27,29
1425,338026,94.6428571428571,100,88,56,31,25
1426,338042,93.8461538461538,100,87.5,65,33,32
1427,338059,95.5838235294118,94.59,96.77,68,37,31
1428,338088,91.3017391304348,85.71,100,46,28,18
1429,338099,91.3013043478261,89.47,92.59,46,19,27
1430,338125,90.3846153846154,95,87.5,52,20,32
1431,338143,94.2338461538461,96.88,90,52,32,20
1432,338170,95.5208955223881,97.14,93.75,67,35,32
1433,338198,94.825,93.1,96.55,58,29,29
1434,338575,100,100,100,61,31,30
1435,338637,98.4828787878788,100,96.77,66,35,31
1436,338713,98.1836363636364,96.3,100,55,27,28
1437,338751,100,100,100,43,24,19
1438,338789,98.1825454545454,97.06,100,55,34,21
1439,339001,100,100,100,51,25,26
1440,339336,100,100,100,55,25,30
1441,339621,100,100,100,61,33,28
1442,340441,100,100,100,62,27,35
1443,340529,98.04,94.12,100,51,17,34
1444,340711,84.7461016949153,87.1,82.14,59,31,28
1445,340814,100,100,100,55,29,26
1446,340864,98.0366666666667,96.77,100,51,31,20
1447,340925,100,100,100,55,28,27
1448,341566,100,100,100,56,26,30
1449,342665,89.4747368421053,81.82,100,38,22,16
1450,342784,87.8812121212121,87.5,88.24,33,16,17
1451,342890,96.8759375,92.31,100,32,13,19
1452,343011,96.1542307692308,90.91,100,26,11,15
1453,343101,100,100,100,30,12,18
1454,343128,96.7725806451613,93.33,100,31,15,16
1455,343206,100,100,100,33,17,16
1456,343280,96.2962962962963,93.75,100,27,16,11
1457,343364,100,100,100,29,14,15
1458,343730,100,100,100,23,12,11
1459,343848,94.4444444444444,87.5,100,18,8,10
1460,344170,95,100,90,20,10,10
1461,344489,92.8571428571429,100,75,14,10,4
1462,345121,94.7373684210526,100,88.89,19,10,9
1463,345187,80,83.33,77.78,15,6,9
1464,345440,64.2842857142857,33.33,87.5,14,6,8
1465,345933,95.24,100,91.67,21,9,12
1466,346293,100,100,100,17,7,10
1467,346370,88.89,77.78,100,18,9,9
1468,346658,100,100,100,17,5,12
1469,346724,100,100,100,15,3,12
1470,346805,100,100,100,18,6,12
1471,347295,100,100,100,38,16,22
1472,348342,97.37,100,94.74,38,19,19
1473,348854,100,100,100,38,16,22
1474,349028,97.4333333333333,100,95.45,39,17,22
1475,349072,95.2385714285714,100,90.91,42,20,22
1476,349097,100,100,100,27,16,11
1477,349102,100,100,100,33,15,18
1478,349130,97.6753488372093,100,95.24,43,22,21
1479,349144,97.2208333333333,100,93.33,36,21,15
1480,349192,96.2962962962963,100,90,27,17,10
1481,349300,100,100,100,39,18,21
1482,350027,98.1809090909091,100,96.55,55,26,29
1483,350163,96,100,92,50,25,25
1484,350207,97.501,100,92.86,40,26,14
1485,350744,98.0372549019608,100,96.15,51,25,26
1486,350934,98.3057627118644,100,97.06,59,25,34
1487,351252,95.5882352941177,96.88,94.44,68,32,36
1488,351500,100,100,100,74,30,44
1489,351659,97.0149253731343,100,95,67,27,40
1490,352248,98.7654320987654,100,98,81,31,50
1491,352274,98.8114285714286,100,98.08,84,32,52
1492,352361,94.3825842696629,88.57,98.15,89,35,54
1493,352377,98.7346835443038,100,98.04,79,28,51
1494,352812,98.878202247191,100,98.08,89,37,52
1495,353031,98.7006493506494,95.65,100,77,23,54
1496,353292,100,100,100,88,43,45
1497,353760,97.5311111111111,97.22,97.78,81,36,45
1498,354357,98.7505,97.06,100,80,34,46
1499,354472,100,100,100,75,28,47
1500,354497,97.2641095890411,96.3,97.83,73,27,46
1501,354522,93.4449180327869,86.96,97.37,61,23,38
1502,354531,96.5118604651163,95.12,97.78,86,41,45
1503,354549,96.4705882352941,92.5,100,85,40,45
1504,354564,94.7357894736842,93.1,96.43,57,29,28
1505,354569,89.8310169491525,91.67,88.57,59,24,35
1506,355936,97.7541573033708,97.56,97.92,89,41,48
1507,356110,100,100,100,89,50,39
1508,356616,96.3419512195122,94.29,97.87,82,35,47
1509,356825,96.7037362637363,98.04,95,91,51,40
1510,357123,98.8623863636364,100,97.87,88,41,47
1511,357577,97.5927710843373,100,95.56,83,38,45
1512,358417,98.5059701492537,100,97.14,67,32,35
1513,358430,98.4106349206349,100,96.77,63,32,31
1514,358965,100,100,100,54,25,29
1515,359321,94.8275862068966,100,88,58,33,25
1516,359526,93.33,92.59,94.44,45,27,18
1517,359565,96.7783870967742,96.88,96.67,62,32,30
1518,359685,98.2473684210526,96.3,100,57,27,30
1519,360295,97.8239130434783,96.15,100,46,26,20
1520,360767,100,100,100,45,22,23
1521,360920,97.9575510204082,95.83,100,49,24,25
1522,361087,100,100,100,41,22,19
1523,361196,97.6166666666667,95.45,100,42,22,20
1524,361442,96.9709090909091,91.67,100,33,12,21
1525,361865,100,100,100,31,13,18
1526,362335,100,100,100,31,13,18
1527,362861,96,100,93.75,25,9,16
1528,363546,100,100,100,34,15,19
1529,363957,100,100,100,34,17,17
1530,364509,95.8333333333333,100,92,48,23,25
1531,364587,98.0759615384615,100,96.55,52,23,29
1532,364702,100,100,100,52,24,28
1533,364866,100,100,100,44,21,23
1534,364879,100,100,100,50,26,24
1535,364942,100,100,100,56,26,30
1536,364962,100,100,100,45,20,25
1537,365016,100,100,100,53,29,24
1538,365442,100,100,100,59,30,29
1539,365706,100,100,100,53,34,19
1540,366072,100,100,100,49,27,22
1541,366168,100,100,100,45,19,26
1542,366770,100,100,100,68,33,35
1543,367143,98.4106349206349,100,96.77,63,32,31
1544,367247,98.334,96.43,100,60,28,32
1545,367654,96.8266666666667,94.12,100,63,34,29
1546,367792,100,100,100,60,30,30
1547,367806,100,100,100,47,20,27
1548,368124,96,100,90,50,30,20
1549,368668,95.2383333333333,94.74,95.65,42,19,23
1550,368761,98.2119642857143,100,96.77,56,25,31
1551,369224,98.2433333333333,100,96.77,57,26,31
1552,369260,98.15,100,96.67,54,24,30
1553,369473,100,100,100,54,26,28
1554,369641,100,100,100,63,33,30
1555,369922,97.915,100,94.44,48,30,18
1556,370157,100,100,100,48,35,13
1557,370431,95.5213432835821,91.89,100,67,37,30
1558,370583,100,100,100,44,32,12
1559,370587,94.284,85.71,100,35,14,21
1560,370953,100,100,100,53,26,27
1561,371414,98.1122641509434,96.55,100,53,29,24
1562,371443,94.1182352941177,81.82,100,34,11,23
1563,371502,100,100,100,37,27,10
1564,371507,96.9727272727273,96.3,100,33,27,6
1565,371540,89.4715789473684,83.33,100,57,36,21
1566,371840,100,100,100,60,39,21
1567,372197,96.9684848484848,95.12,100,66,41,25
1568,372338,98.53,97.96,100,68,49,19
1569,372436,100,100,100,64,43,21
1570,372842,97.0594117647059,97.73,95.83,68,44,24
1571,372970,95.831875,100,89.47,48,29,19
1572,373033,100,100,100,68,44,24
1573,373098,100,100,100,49,28,21
1574,373285,100,100,100,70,41,29
1575,374151,100,100,100,66,36,30
1576,374625,98.5521739130435,97.3,100,69,37,32
1577,374676,98.2466666666667,100,94.74,57,38,19
1578,374694,100,100,100,58,26,32
1579,374843,100,100,100,79,48,31
1580,374862,100,100,100,77,48,29
1581,375547,100,100,100,61,40,21
1582,376161,93.4760869565217,93.33,93.75,46,30,16
1583,376464,100,100,100,51,30,21
1584,376640,100,100,100,45,25,20
1585,377610,90.2434146341463,94.74,86.36,41,19,22
1586,377662,97.7281818181818,100,95.24,44,23,21
1587,377721,97.501,100,94.12,40,23,17
1588,378084,100,100,100,28,18,10
1589,378564,100,100,100,43,25,18
1590,378715,100,100,100,45,23,22
1591,378897,91.665625,95.65,88,48,23,25
1592,379318,93.0255813953488,92.31,94.12,43,26,17
1593,379757,94.5967567567568,100,91.67,37,13,24
1594,380385,97.0573529411765,100,95.65,34,11,23
1595,380735,96.2944444444444,100,93.33,27,12,15
1596,381405,100,100,100,25,12,13
1597,381932,92.592962962963,90.91,93.75,27,11,16
1598,381956,100,100,100,26,16,10
1599,382134,93.3313333333333,85.71,100,30,14,16
1600,382233,90.9063636363636,85.71,100,22,14,8
1601,383297,95.835,92.86,100,24,14,10
1602,383321,89.4742105263158,85.71,91.67,19,7,12
1603,383561,95.2380952380952,100,90,21,11,10
1604,383984,83.3366666666667,91.67,66.67,18,12,6
1605,384032,100,100,100,18,9,9
1606,384227,95.4545454545455,90,100,22,10,12
1607,384425,77.7777777777778,80,75,18,10,8
1608,385587,95.2395238095238,100,92.31,21,8,13
1609,386099,96.8725,100,94.44,32,14,18
1610,386904,100,100,100,39,19,20
1611,387277,96.7741935483871,100,90,31,21,10
1612,387317,100,100,100,37,14,23
1613,387376,100,100,100,46,19,27
1614,387406,91.428,85.71,95.24,35,14,21
1615,387415,97.6725581395349,100,95.83,43,19,24
1616,387706,100,100,100,38,17,21
1617,387940,100,100,100,42,24,18
1618,388038,97.62,100,95.24,42,21,21
1619,388611,100,100,100,36,14,22
1620,388807,97.0588235294118,100,93.75,34,18,16
1621,389387,100,100,100,32,17,15
1622,389624,96.0004,100,90.91,25,14,11
1623,390217,100,100,100,7,5,2
1624,390387,100,100,100,14,12,2
1625,390474,100,100,100,13,10,3
1626,390509,100,100,100,17,10,7
1627,390624,100,100,100,19,13,6
1628,391209,100,100,100,8,2,6
1629,391644,94.4444444444444,90,100,18,10,8
1630,391711,100,100,100,18,10,8
1631,392963,100,100,100,23,9,14
1632,393031,100,100,100,28,13,15
1633,393160,100,100,100,27,12,15
1634,393697,100,100,100,17,5,12
1635,393762,100,100,100,20,11,9
1636,393823,93.75,100,90,16,6,10
1637,394180,100,100,100,22,8,14
1638,394375,94.1194117647059,100,92.31,17,4,13
1639,394976,94.7368421052632,100,90,19,9,10
1640,395266,91.3065217391304,91.67,90.91,23,12,11
1641,395445,100,100,100,25,12,13
1642,395607,100,100,100,28,11,17
1643,395958,96.969696969697,100,95,33,13,20
1644,396168,94.12,100,90.48,34,13,21
1645,396180,96.2977777777778,100,94.12,27,10,17
1646,396214,95.835,100,91.67,24,12,12
1647,396406,96.665,100,93.33,30,15,15
1648,396440,96.2966666666667,90.91,100,27,11,16
1649,396771,100,100,100,27,12,15
1650,396918,97.5624390243902,100,94.74,41,22,19
1651,396988,100,100,100,42,23,19
1652,397077,97.7286363636364,100,94.74,44,25,19
1653,397089,100,100,100,40,21,19
1654,397287,100,100,100,43,27,16
1655,397425,100,100,100,42,25,17
1656,398047,100,100,100,29,19,10
1657,398146,100,100,100,29,17,12
1658,398172,100,100,100,29,20,9
1659,398329,100,100,100,20,11,9
1660,398334,100,100,NA,13,13,NA
1661,398966,100,100,100,28,17,11
1662,399098,100,100,100,28,20,8
1663,399896,100,100,100,14,7,7
1664,399901,87.50125,100,66.67,16,10,6
1665,399977,94.7368421052632,100,87.5,19,11,8
1666,399986,100,100,100,10,9,1
1667,400079,94.7368421052632,100,75,19,15,4
1668,400184,95.8333333333333,93.75,100,24,16,8
1669,400238,100,100,100,22,15,7
1670,400253,100,100,100,13,9,4
1671,400268,90.4766666666667,92.86,85.71,21,14,7
1672,400279,94.7368421052632,100,87.5,19,11,8
1673,400297,90.4780952380952,94.12,75,21,17,4
1674,400735,100,100,100,17,13,4
1675,401076,91.6666666666667,100,75,12,8,4
1676,401534,100,100,100,15,9,6
1677,401895,100,100,100,28,18,10
1678,402195,100,100,100,36,25,11
1679,402379,97.1428571428571,100,87.5,35,27,8
1680,402801,100,100,100,45,29,16
1681,402843,100,100,100,34,17,17
1682,402918,100,100,100,47,31,16
1683,403122,100,100,100,46,28,18
1684,403233,100,100,100,39,24,15
1685,403558,97.144,100,92.86,35,21,14
1686,403980,97.3694736842105,95.24,100,38,21,17
1687,404887,95.5533333333333,93.33,100,45,30,15
1688,405151,100,100,100,33,19,14
1689,405977,100,100,100,32,14,18
1690,406121,100,100,100,30,12,18
1691,406346,96.875,100,95,32,12,20
1692,406426,100,100,100,32,13,19
1693,406505,100,100,100,34,13,21
1694,406546,96.6686666666667,100,94.74,30,11,19
1695,406690,94.114705882353,100,91.3,34,11,23
1696,406918,96.667,88.89,100,30,9,21
1697,407076,100,100,100,24,7,17
1698,407099,96.5537931034483,100,94.74,29,10,19
1699,407216,81.8181818181818,100,75,33,9,24
1700,407446,100,100,100,25,5,20
1701,407758,96.5531034482759,100,95.24,29,8,21
1702,407813,96.871875,100,95.45,32,10,22
1703,408602,91.67,100,88.24,24,7,17
1704,408688,100,100,100,28,11,17
1705,408763,100,100,100,30,15,15
1706,408829,96.9715151515151,100,94.74,33,14,19
1707,408862,90.625,100,85,32,12,20
1708,409237,100,100,100,38,17,21
1709,409364,97.4358974358974,93.75,100,39,16,23
1710,409381,100,100,100,38,17,21
1711,409400,100,100,100,32,16,16
1712,409631,97.6753488372093,100,96.43,43,15,28
1713,409869,97.6192857142857,90.91,100,42,11,31
1714,410270,100,100,100,45,22,23
1715,410796,100,100,100,42,15,27
1716,410874,95,100,92,40,15,25
1717,411994,93.6485714285714,100,89.74,63,24,39
1718,412141,98.3316666666667,100,97.14,60,25,35
1719,412351,94.8284482758621,100,91.43,58,23,35
1720,412656,91.5269491525424,92.31,90.91,59,26,33
1721,412671,96.6145762711865,96.3,96.88,59,27,32
1722,412847,97.9139583333333,100,96.77,48,17,31
1723,413459,100,100,100,61,31,30
1724,414549,100,100,100,50,31,19
1725,414620,98.5098507462687,100,96.88,67,35,32
1726,415544,98.2775862068966,100,96.67,58,28,30
1727,416098,100,100,100,54,31,23
1728,416431,100,100,100,52,29,23
1729,417110,86.0042,94.74,80.65,50,19,31
1730,417410,100,100,100,53,22,31
1731,418067,100,100,100,48,21,27
1732,418835,100,100,100,43,19,24
1733,419065,100,100,100,37,17,20
1734,419376,76.925,84.62,69.23,26,13,13
1735,419608,100,100,100,30,15,15
1736,420363,100,100,100,47,21,26
1737,420599,100,100,100,32,5,27
1738,420605,95.741914893617,95.65,95.83,47,23,24
1739,420749,91.3052173913044,100,81.82,46,24,22
1740,420870,95.2357142857143,95.45,95,42,22,20
1741,421382,100,100,100,42,18,24
1742,421628,92.103947368421,100,82.35,38,21,17
1743,421665,92.6858536585366,94.12,91.67,41,17,24
1744,422063,93.940303030303,95,92.31,33,20,13
1745,422108,97.4338461538462,100,94.44,39,21,18
1746,422334,94.1194117647059,100,84.62,34,21,13
1747,422398,90.9115151515151,88.24,93.75,33,17,16
1748,422464,97.7755555555555,100,96.15,45,19,26
1749,422490,100,100,100,34,14,20
1750,422570,95.4522727272727,100,91.3,44,21,23
1751,422723,100,100,100,36,13,23
1752,422777,97.4369230769231,100,95.24,39,18,21
1753,422882,100,100,100,37,14,23
1754,422899,92.3092307692308,94.74,90,39,19,20
1755,422909,96.875,100,90,32,22,10
1756,422948,100,100,100,44,21,23
1757,422983,100,100,100,39,20,19
1758,423030,96.875,100,93.75,32,16,16
1759,423050,97.3671052631579,100,95.65,38,15,23
1760,423176,97.5619512195122,100,96.43,41,13,28
1761,423586,97.6758139534884,100,94.74,43,24,19
1762,423752,98.0411764705882,100,96.67,51,21,30
1763,423992,96.3618181818182,95,97.14,55,20,35
1764,424673,100,100,100,40,12,28
1765,425171,97.9591836734694,100,96,49,24,25
1766,425200,95.5546666666667,94.74,96.15,45,19,26
1767,425675,100,100,100,51,25,26
1768,425822,97.7777777777778,100,96,45,20,25
1769,426195,100,100,100,45,24,21
1770,426360,95.92,100,92.86,49,21,28
1771,426392,97.5619512195122,92.86,100,41,14,27
1772,426479,97.49875,95.65,100,40,23,17
1773,426489,93.75125,91.67,95,32,12,20
1774,426504,93.4769565217391,95.83,90.91,46,24,22
1775,426534,90.9063636363636,94.44,88.46,44,18,26
1776,426557,97.6720930232558,100,95.45,43,21,22
1777,427032,100,100,100,40,20,20
1778,427398,92.496,96.15,85.71,40,26,14
1779,427686,97.9166666666667,100,95,48,28,20
1780,427741,95.4543181818182,95.24,95.65,44,21,23
1781,427755,97.6178571428571,96.55,100,42,29,13
1782,427797,96.871875,100,96.15,32,6,26
1783,428934,96.87625,94.12,100,32,17,15
1784,429051,100,100,100,37,20,17
1785,429108,100,100,100,34,21,13
1786,429216,97.2989189189189,94.74,100,37,19,18
1787,430186,100,100,100,21,8,13
1788,430252,95.2385714285714,88.89,100,21,9,12
1789,430454,100,100,100,15,9,6
1790,430514,100,100,100,18,8,10
1791,430747,100,100,100,25,12,13
1792,430813,100,100,100,24,11,13
1793,430843,100,100,100,27,14,13
1794,431273,96.7761290322581,94.74,100,31,19,12
1795,431423,100,100,100,29,19,10
1796,431856,100,100,100,22,14,8
1797,432360,100,100,100,20,12,8
1798,432525,92.3084615384615,100,77.78,26,17,9
1799,432613,96.875,95,100,32,20,12
1800,432914,93.0239534883721,88.89,100,43,27,16
1801,433431,98.0012,100,94.74,50,31,19
1802,433759,100,100,100,47,30,17
1803,433965,100,100,100,40,24,16
1804,434056,100,100,100,53,31,22
1805,434293,98.1139622641509,100,95.24,53,32,21
1806,434558,97.498,100,94.44,40,22,18
1807,435022,92.49925,95.24,89.47,40,21,19
1808,435458,97.144,100,94.12,35,18,17
1809,435594,100,100,100,37,18,19
1810,435763,100,100,100,26,12,14
1811,435812,97.144,100,95.24,35,14,21
1812,435821,96.4267857142857,100,93.33,28,13,15
1813,435857,100,100,100,33,13,20
1814,435878,97.2194444444444,100,95.45,36,14,22
1815,435959,100,100,100,35,11,24
1816,436096,100,100,100,33,11,22
1817,436192,100,100,100,33,10,23
1818,436247,92.6829268292683,100,90,41,11,30
1819,436268,95.1239024390244,100,92.86,41,13,28
1820,436292,94.5962162162162,100,92.31,37,11,26
1821,436691,97.825,100,96.55,46,17,29
1822,436790,97.559756097561,100,96.55,41,12,29
1823,436845,98.0753846153846,100,97.22,52,16,36
1824,436886,98.2142857142857,100,97.5,56,16,40
1825,436979,100,100,100,42,12,30
1826,436992,95.3488372093023,100,93.75,43,11,32
1827,437018,97.2225,100,96.97,36,3,33
1828,437024,97.2238888888889,100,94.74,36,17,19
1829,437387,95.31,93.75,95.83,64,16,48
1830,437584,98.43578125,100,97.87,64,17,47
1831,437732,96.7213114754098,100,96,61,11,50
1832,437930,100,100,100,54,12,42
1833,438055,100,100,100,58,18,40
1834,438655,100,100,100,58,23,35
1835,438870,91.6653333333333,100,86.84,60,22,38
1836,438975,100,100,100,62,25,37
1837,439095,93.1781818181818,87.5,94.44,44,8,36
1838,439263,94.7377192982456,100,91.43,57,22,35
1839,439291,98.2125,100,97.14,56,21,35
1840,440302,100,100,100,24,2,22
1841,440307,100,100,100,35,5,30
1842,440823,100,100,100,37,18,19
1843,441847,97.9145833333333,100,96.15,48,22,26
1844,442018,97.7766666666667,100,95.65,45,22,23
1845,442068,97.6178571428572,100,95.65,42,19,23
1846,442482,100,100,100,42,22,20
1847,442497,97.824347826087,100,95.83,46,22,24
1848,442587,95.1182926829268,93.33,96.15,41,15,26
1849,442776,100,100,100,39,19,20
1850,442882,93.75,100,90,48,18,30
1851,443433,100,100,100,48,17,31
1852,443573,97.825,100,95.65,46,23,23
1853,443872,97.5590243902439,100,94.44,41,23,18
1854,444321,97.5015,100,94.74,40,21,19
1855,444345,97.2230555555555,100,92.31,36,23,13
1856,444714,97.2989189189189,100,94.74,37,18,19
1857,445022,92.8589285714286,100,86.67,28,13,15
1858,445134,100,100,100,21,8,13
1859,445804,93.1034482758621,100,80,29,19,10
1860,446155,97.144,94.12,100,35,17,18
1861,446197,100,100,100,38,19,19
1862,446289,100,100,100,40,21,19
1863,447215,97.0588235294118,100,93.75,34,18,16
1864,447260,100,100,100,37,22,15
1865,447464,100,100,100,33,18,15
1866,447647,100,100,100,41,22,19
1867,447970,97.2959459459459,100,93.33,37,22,15
1868,448029,100,100,100,41,20,21
1869,448086,100,100,100,32,17,15
1870,448268,100,100,100,30,11,19
1871,448569,100,100,100,32,16,16
1872,448765,100,100,100,29,16,13
1873,448777,100,100,100,32,19,13
1874,448822,100,100,100,36,19,17
1875,449260,100,100,100,35,16,19
1876,449371,100,100,100,40,20,20
1877,449554,97.1428571428571,96,100,35,25,10
1878,449770,94.288,92.86,95.24,35,14,21
1879,449874,96.7709677419355,100,95.45,31,9,22
1880,450250,100,100,100,29,14,15
1881,450310,100,100,100,33,17,16
1882,450337,100,100,100,22,12,10
1883,450342,100,100,100,16,9,7
1884,450538,100,100,100,39,22,17
1885,450580,100,100,100,32,19,13
1886,450930,100,100,100,27,14,13
1887,451024,100,100,100,22,14,8
1888,451518,100,100,100,20,16,4
1889,451633,100,100,100,25,16,9
1890,452992,100,100,100,13,9,4
1891,453196,100,100,100,27,11,16
1892,453411,96.0016,100,91.67,25,13,12
1893,453490,92.8571428571429,100,50,14,12,2
1894,453943,100,100,100,30,15,15
1895,454003,100,100,100,27,15,12
1896,454015,100,100,100,31,16,15
1897,454057,100,100,100,25,18,7
1898,454608,100,100,100,32,19,13
1899,455499,92,100,80,25,15,10
1900,455517,100,100,100,24,13,11
1901,455715,100,100,100,16,5,11
1902,456003,96.8753125,100,90.91,32,21,11
1903,456051,100,100,100,33,21,12
1904,456243,100,100,100,30,17,13
1905,456271,96.4296428571429,100,92.31,28,15,13
1906,456926,93.75,90,100,32,20,12
1907,457230,100,100,100,37,28,9
1908,457777,100,100,100,28,17,11
1909,458068,97.6204761904762,100,94.74,42,23,19
1910,458152,97.3694736842105,95.24,100,38,21,17
1911,458306,100,100,100,25,17,8
1912,458311,100,100,100,21,10,11
1913,458398,100,100,100,35,19,16
1914,458465,100,100,100,27,13,14
1915,458582,100,100,100,23,9,14
1916,459087,100,100,100,29,15,14
1917,459369,100,100,100,29,13,16
1918,459501,100,100,100,32,15,17
1919,459882,100,100,100,37,16,21
1920,459938,100,100,100,35,16,19
1921,460106,100,100,100,29,12,17
1922,460160,96.87625,100,94.12,32,15,17
1923,460191,100,100,100,30,11,19
1924,460221,100,100,100,32,13,19
1925,460272,96.7754838709677,91.67,100,31,12,19
1926,460335,96.6666666666667,93.75,100,30,16,14
1927,460847,96.7745161290323,100,90.91,31,20,11
1928,461006,100,100,100,33,16,17
1929,461033,93.5503225806452,84.62,100,31,13,18
1930,461115,94.7373684210526,88.89,100,38,18,20
1931,461148,96.0004,88.89,100,25,9,16
1932,461334,94.5967567567568,90.48,100,37,21,16
1933,461469,97.2972972972973,100,95,37,17,20
1934,461655,100,100,100,40,22,18
1935,462129,100,100,100,41,22,19
1936,462200,97.4346153846154,95.65,100,39,23,16
1937,462219,97.8239130434783,96.15,100,46,26,20
1938,462363,100,100,100,41,23,18
1939,462696,100,100,100,50,28,22
1940,463662,97.6732558139535,95.65,100,43,23,20
1941,464241,97.22,94.44,100,36,18,18
1942,464730,100,100,100,36,19,17
1943,465876,97.0591176470588,100,90.91,34,23,11
1944,466171,100,100,100,39,21,18
1945,466228,97.6178571428572,95.65,100,42,23,19
1946,466522,100,100,100,35,16,19
1947,466662,97.5585365853659,100,95.45,41,19,22
1948,467757,97.4346153846154,100,93.33,39,24,15
1949,467847,100,100,100,40,25,15
1950,467863,100,100,100,26,10,16
1951,467872,97.4369230769231,100,91.67,39,27,12
1952,467889,100,100,100,32,19,13
1953,468058,100,100,100,35,18,17
1954,468235,100,100,100,38,22,16
1955,468549,97.3663157894737,100,94.44,38,20,18
1956,469036,97.4374358974359,100,94.74,39,20,19
1957,469048,93.750625,100,81.82,32,21,11
1958,469244,100,100,100,49,29,20
1959,469387,100,100,100,44,24,20
1960,469498,98.215,100,95.24,56,35,21
1961,469520,98.1122641509434,100,93.33,53,38,15
1962,470401,100,100,100,47,28,19
1963,471038,100,100,100,31,16,15
1964,471045,87.5003125,92,71.43,32,25,7
1965,471633,100,100,100,30,18,12
1966,471903,89.2857142857143,75,100,28,12,16
1967,472130,100,100,100,38,19,19
1968,472594,92.5914814814815,95,85.71,27,20,7
1969,472817,100,100,100,40,24,16
1970,473346,100,100,100,41,25,16
1971,473767,100,100,100,48,26,22
1972,473960,100,100,100,41,17,24
1973,474118,100,100,100,44,19,25
1974,474164,100,100,100,45,22,23
1975,474550,100,100,100,36,17,19
1976,474617,100,100,100,32,20,12
1977,474697,97.144,92.86,100,35,14,21
1978,475544,100,100,100,30,15,15
1979,475793,100,100,100,30,16,14
1980,476191,100,100,100,27,8,19
1981,476990,100,100,100,29,11,18
1982,477287,100,100,100,30,11,19
1983,477310,100,100,100,30,11,19
1984,477415,92.3061538461538,83.33,100,26,12,14
1985,477449,100,100,100,26,10,16
1986,477479,100,100,100,29,10,19
1987,477539,91.67,100,88.24,24,7,17
1988,477941,89.4742105263158,71.43,100,19,7,12
1989,478151,100,100,100,24,12,12
1990,478728,100,100,100,25,8,17
1991,478848,100,100,100,17,5,12
1992,479329,93.75,100,90,16,6,10
1993,479763,93.750625,100,88.89,16,7,9
1994,479847,100,100,100,14,5,9
1995,480007,92.8557142857143,83.33,100,14,6,8
1996,480121,84.6161538461538,100,71.43,13,6,7
1997,480165,92.855,100,85.71,14,7,7
1998,480421,100,100,100,12,6,6
1999,480482,78.5728571428571,87.5,66.67,14,8,6
2000,480578,100,100,100,10,9,1
2001,481164,85.002,91.67,75,20,12,8
2002,481263,100,100,100,21,14,7
2003,481480,100,100,100,30,19,11
2004,481576,100,100,100,27,16,11
2005,482496,100,100,100,35,16,19
2006,482764,100,100,100,49,18,31
2007,482892,100,100,100,38,22,16
2008,482944,97.824347826087,100,95.83,46,22,24
2009,483361,100,100,100,50,23,27
2010,483532,100,100,100,35,7,28
2011,484135,96.0016,92.86,100,25,14,11
2012,484270,90.91,100,66.67,22,16,6
2013,484324,100,100,100,42,15,27
2014,484360,100,100,100,36,13,23
2015,484383,90.002,87.5,91.67,40,16,24
2016,484549,97.4975,100,95.45,40,18,22
2017,484610,94.2837142857143,100,89.47,35,16,19
2018,484768,100,100,100,27,5,22
2019,484816,96.668,100,94.12,30,13,17
2020,484880,96.875,100,95,32,12,20
2021,484985,88.89,100,81.82,18,7,11
2022,484990,92.3061538461538,100,83.33,13,7,6
2023,485114,100,100,100,34,15,19
2024,485188,100,100,100,36,16,20
2025,485287,100,100,100,28,13,15
2026,485329,97.0588235294118,100,95,34,14,20
2027,485426,100,100,100,28,11,17
2028,485465,95.835,100,91.67,24,12,12
2029,485944,100,100,100,16,6,10
2030,486011,70.5905882352941,55.56,87.5,17,9,8
2031,486317,100,100,100,18,9,9
2032,486562,87.5,87.5,87.5,16,8,8
2033,486654,100,100,100,19,11,8
2034,486711,96.0004,100,90.91,25,14,11
2035,486744,100,100,100,20,12,8
2036,486780,96.2966666666667,100,90.91,27,16,11
2037,486984,100,100,100,29,17,12
2038,487806,100,100,100,29,17,12
2039,487961,95.4522727272727,93.33,100,22,15,7
2040,488093,100,100,100,32,13,19
2041,488192,100,100,100,36,16,20
2042,488207,100,100,100,35,14,21
2043,488732,98.0372549019608,100,96.15,51,25,26
2044,488975,100,100,100,37,20,17
2045,489244,97.498,95.83,100,40,24,16
2046,489350,100,100,100,47,22,25
2047,489425,100,100,100,47,19,28
2048,489459,100,100,100,38,19,19
2049,489473,100,100,100,46,20,26
2050,489509,100,100,100,51,24,27
2051,489548,100,100,100,46,17,29
2052,489576,100,100,100,45,18,27
2053,489687,100,100,100,46,25,21
2054,489762,94.8281034482759,88.89,100,58,27,31
2055,490198,97.9984,100,95.83,50,26,24
2056,490399,100,100,100,48,23,25
2057,491731,100,100,100,47,21,26
2058,491742,100,100,100,38,17,21
2059,491835,100,100,100,54,24,30
2060,491890,100,100,100,44,14,30
2061,492357,100,100,100,43,17,26
2062,492464,97.9166666666667,100,96,48,23,25
2063,492564,100,100,100,45,19,26
2064,492831,100,100,100,43,19,24
2065,493455,100,100,100,49,26,23
2066,494023,95.5546666666667,95.83,95.24,45,24,21
2067,494157,98.2125,100,96.15,56,30,26
2068,494244,93.8775510204082,100,88,49,24,25
2069,494511,100,100,100,45,20,25
2070,494781,97.8723404255319,100,96,47,22,25
2071,494825,95.8333333333333,100,92,48,23,25
2072,495026,97.7272727272727,96,100,44,25,19
2073,495180,87.1761538461538,80.95,94.44,39,21,18
2074,495477,98.0788461538462,96.67,100,52,30,22
2075,495631,100,100,100,55,31,24
2076,495747,100,100,100,42,22,20
2077,495895,100,100,100,49,26,23
2078,495994,96.1553846153846,100,90.48,52,31,21
2079,496105,98.2447368421053,96.55,100,57,29,28
2080,496305,100,100,100,49,21,28
2081,496731,97.6183333333333,100,85.71,42,35,7
2082,496837,100,100,100,52,31,21
2083,496912,100,100,100,56,30,26
2084,496948,100,100,100,45,15,30
2085,497367,100,100,100,54,28,26
2086,497520,98.1488888888889,100,96.43,54,26,28
2087,497650,100,100,100,45,18,27
2088,497709,95.65,96.15,95,46,26,20
2089,497797,93.0227906976744,88.24,96.15,43,17,26
2090,498413,98.0392156862745,96,100,51,25,26
2091,498614,98.1488888888889,96.43,100,54,28,26
2092,499188,100,100,100,42,27,15
2093,499236,96.2264150943396,96.15,96.3,53,26,27
2094,499426,98.15,96.3,100,54,27,27
2095,499662,98.1139622641509,100,96.43,53,25,28
2096,500029,95.4577272727273,92.86,96.67,44,14,30
2097,500180,96.4285714285714,96.67,96.15,56,30,26
2098,500243,98.1462962962963,96.15,100,54,26,28
2099,500537,97.8723404255319,96,100,47,25,22
2100,500861,100,100,100,51,27,24
2101,500921,100,100,100,56,27,29
2102,500960,100,100,100,43,21,22
2103,501422,95.3502325581395,100,84.62,43,30,13
2104,501782,96.97,100,88.89,33,24,9
2105,502004,100,100,100,35,18,17
2106,502118,89.6551724137931,100,70,29,19,10
2107,502357,100,100,100,36,18,18
2108,502649,100,100,100,36,17,19
2109,502667,100,100,100,28,9,19
2110,502961,100,100,100,26,12,14
2111,503387,92.5951851851852,92.86,92.31,27,14,13
2112,503572,96.0012,100,92.31,25,12,13
2113,503852,100,100,100,28,11,17
2114,504125,100,100,100,26,10,16
2115,504578,100,100,100,27,9,18
2116,504735,76.6646666666666,75,77.27,30,8,22
2117,505035,100,100,100,34,14,20
2118,505253,97.0588235294118,100,95,34,14,20
2119,505398,90.4771428571429,94.12,88,42,17,25
2120,505642,100,100,100,37,20,17
2121,505655,100,100,100,40,21,19
2122,505677,100,100,100,36,12,24
2123,505746,97.825,100,96.55,46,17,29
2124,505949,97.9145833333333,100,96.15,48,22,26
2125,506034,97.6178571428572,100,95.65,42,19,23
2126,506097,100,100,100,44,19,25
2127,506370,100,100,100,42,17,25
2128,506643,100,100,100,40,20,20
2129,506654,100,100,100,44,23,21
2130,506819,100,100,100,37,22,15
2131,506870,100,100,100,38,16,22
2132,506957,100,100,100,29,10,19
2133,507014,100,100,100,46,21,25
2134,507887,100,100,100,39,17,22
2135,508075,94.1191176470588,86.67,100,34,15,19
2136,508350,100,100,100,41,17,24
2137,508450,97.6171428571429,94.44,100,42,18,24
2138,509266,97.2972972972973,100,93.75,37,21,16
2139,509302,96.8759375,100,92.31,32,19,13
2140,509332,97.5,100,95,40,20,20
2141,509433,97.776,100,95.83,45,21,24
2142,509677,97.6758139534884,100,94.74,43,24,19
2143,510321,95.9167346938776,95.83,96,49,24,25
2144,510493,98.0411764705882,100,96.3,51,24,27
2145,510766,100,100,100,49,24,25
2146,511222,94.8684615384615,95.83,93.33,39,24,15
2147,511675,96.7754838709677,100,92.86,31,17,14
2148,512573,97.7786666666667,95.24,100,45,21,24
2149,512666,97.62,100,92.86,42,28,14
2150,512987,100,100,100,47,29,18
2151,513050,96.7226229508197,100,92.86,61,33,28
2152,513074,94.9169491525424,96.3,93.75,59,27,32
2153,513237,97.96,100,96.43,49,21,28
2154,513413,100,100,100,53,31,22
2155,513677,97.498,94.44,100,40,18,22
2156,513749,97.9612244897959,96.3,100,49,27,22
2157,514263,97.501,100,95.24,40,19,21
2158,514476,100,100,100,36,18,18
2159,514977,97.2959459459459,93.33,100,37,15,22
2160,515199,97.6753488372093,94.12,100,43,17,26
2161,515451,100,100,100,37,16,21
2162,515598,93.74875,92.86,94.44,32,14,18
2163,515615,96.55,93.33,100,29,15,14
2164,516087,88.89,100,77.78,18,9,9
2165,516222,100,100,100,15,11,4
2166,516237,100,100,100,18,10,8
2167,516456,100,100,100,13,6,7
2168,516952,92.002,86.67,100,25,15,10
2169,517211,95.2385714285714,88.89,100,21,9,12
2170,517413,96.87625,94.12,100,32,17,15
2171,517498,100,100,100,35,18,17
2172,517542,94.1152941176471,94.44,93.75,34,18,16
2173,517746,94.7373684210526,90.91,100,38,22,16
2174,517831,91.6663888888889,84.21,100,36,19,17
2175,517975,100,100,100,33,21,12
2176,518590,100,100,100,38,18,20
2177,518878,90.4738095238095,85,95.45,42,20,22
2178,518908,90.6278125,86.67,94.12,32,15,17
2179,518928,93.9393939393939,87.5,100,33,16,17
2180,518952,90.001,88.89,100,20,18,2
2181,518956,95.455,88.89,100,22,9,13
2182,519127,86.664,81.48,94.44,45,27,18
2183,519870,97.559756097561,100,96.55,41,12,29
2184,519895,100,100,100,42,10,32
2185,520154,100,100,100,50,25,25
2186,520525,100,100,100,51,21,30
2187,520576,100,100,100,51,22,29
2188,520747,97.6725581395349,94.44,100,43,18,25
2189,521120,91.4262857142857,100,86.36,35,13,22
2190,521230,100,100,100,33,8,25
2191,521241,100,100,100,38,13,25
2192,521842,94.4444444444444,88,100,54,25,29
2193,522085,98,96,100,50,25,25
2194,526925,89.4736842105263,75,100,19,8,11
2195,527058,87.500625,71.43,100,16,7,9
2196,527172,100,100,100,12,4,8
2197,528121,100,100,100,2,1,1
2198,528217,100,100,100,4,2,2
2199,528265,75.0025,100,66.67,4,1,3
2200,528346,74.99875,100,33.33,8,5,3
2201,528410,80,100,0,5,4,1
2202,528982,87.4975,100,83.33,8,2,6
2203,530099,100,100,100,28,14,14
2204,530484,97.2222222222222,95,100,36,20,16
2205,530495,97.2222222222222,95,100,36,20,16
2206,530565,100,100,100,32,17,15
2207,530726,100,100,100,33,17,16
2208,531473,94.735,89.47,100,38,19,19
2209,531694,100,100,100,36,12,24
2210,531726,100,100,100,38,16,22
2211,531736,97.1428571428571,93.75,100,35,16,19
2212,532124,93.7496875,93.33,94.12,32,15,17
2213,532213,90.477619047619,92.31,87.5,21,13,8
2214,532869,100,100,100,25,15,10
2215,533371,96.551724137931,95,100,29,20,9
2216,533744,89.6558620689655,95,77.78,29,20,9
2217,534165,100,100,100,33,20,13
2218,534436,100,100,100,30,17,13
2219,534492,96.7725806451613,100,93.33,31,16,15
2220,534618,96.875,93.75,100,32,16,16
2221,534655,96.2977777777778,91.67,100,27,12,15
2222,534859,96.875,95,100,32,20,12
2223,535152,100,100,100,28,16,12
2224,535219,100,100,100,24,12,12
2225,536473,100,100,100,26,14,12
2226,536538,86.9586956521739,86.67,87.5,23,15,8
2227,537298,93.75,100,87.5,32,16,16
2228,537409,95.835,91.67,100,24,12,12
2229,537679,76.1914285714286,81.82,70,21,11,10
2230,537912,95.8333333333333,90,100,24,10,14
2231,538254,96.6666666666667,93.75,100,30,16,14
2232,538713,96.87625,91.67,100,32,12,20
2233,539253,97.6725581395349,94.44,100,43,18,25
2234,539411,100,100,100,42,19,23
2235,539607,96.969696969697,93.75,100,33,16,17
2236,539973,95.5555555555556,92,100,45,25,20
2237,540017,96.8753125,90.91,100,32,11,21
2238,540024,93.616170212766,88.46,100,47,26,21
2239,540354,96.1553846153846,91.67,100,26,12,14
2240,540850,97.6159523809524,96.77,100,42,31,11
2241,542426,96.43,94.12,100,28,17,11
2242,543150,100,100,100,36,21,15
2243,543388,96.87625,95.24,100,32,21,11
2244,543784,100,100,100,34,24,10
2245,544154,93.1062068965517,88.24,100,29,17,12
2246,544519,95.0005,100,81.82,40,29,11
2247,545440,100,100,100,28,17,11
2248,545734,100,100,100,30,16,14
2249,545855,100,100,100,32,15,17
2250,545941,95.65,93.33,100,23,15,8
2251,546242,100,100,100,28,14,14
2252,546436,66.6666666666667,40,80,15,5,10
2253,546683,96.43,92.86,100,28,14,14
2254,546908,94.2874285714286,100,84.62,35,22,13
2255,547095,97.7272727272727,96,100,44,25,19
2256,547853,100,100,100,54,31,23
2257,547887,98.2741379310345,96.15,100,58,26,32
2258,547956,100,100,100,65,34,31
2259,548868,100,100,100,57,28,29
2260,548982,100,100,100,67,38,29
2261,549033,100,100,100,66,36,30
2262,549095,100,100,100,64,33,31
2263,549302,98.3593442622951,100,95.83,61,37,24
2264,549413,98.2775862068966,96.3,100,58,27,31
2265,549524,100,100,100,59,34,25
2266,549633,96.722131147541,93.55,100,61,31,30
2267,550018,100,100,100,66,37,29
2268,550779,96.9681818181818,93.1,100,66,29,37
2269,551046,100,100,100,77,36,41
2270,551096,98.6843421052632,96.97,100,76,33,43
2271,551473,100,100,100,80,46,34
2272,551747,100,100,100,84,45,39
2273,551791,100,100,100,61,31,30
2274,551888,100,100,100,70,36,34
2275,552262,98.5513043478261,97.06,100,69,34,35
2276,553366,100,100,100,34,19,15
2277,553429,100,100,100,45,23,22
2278,553753,100,100,100,39,19,20
2279,553788,100,100,100,26,19,7
2280,553818,100,100,100,46,19,27
2281,553888,100,100,100,36,14,22
2282,553917,100,100,100,40,12,28
2283,554235,100,100,100,41,17,24
2284,554518,100,100,100,33,13,20
2285,554523,100,100,100,16,9,7
2286,554711,100,100,100,37,14,23
2287,554879,100,100,100,34,13,21
2288,554887,97.0588235294118,100,93.75,34,18,16
2289,554995,100,100,100,38,18,20
2290,555056,97.7261363636364,100,95.65,44,21,23
2291,555086,100,100,100,44,17,27
2292,555929,100,100,100,44,26,18
2293,555949,100,100,100,34,24,10
2294,556660,100,100,100,37,22,15
2295,556890,97.5634146341463,96.3,100,41,27,14
2296,557080,94.4427777777778,95.45,92.86,36,22,14
2297,557122,96.2977777777778,91.67,100,27,12,15
2298,557130,96.1507692307692,94.44,100,26,18,8
2299,557770,96.0004,90.91,100,25,11,14
2300,558456,88.8888888888889,75,100,9,4,5
2301,558644,77.7777777777778,50,100,9,4,5
2302,559052,88.8888888888889,80,100,9,5,4
2303,559278,84.6169230769231,66.67,100,13,6,7
2304,559313,85.7157142857143,66.67,100,14,6,8
2305,559453,80.002,66.67,100,10,6,4
2306,559908,84.6153846153846,60,100,13,5,8
2307,560688,100,100,100,13,3,10
2308,561416,92.8571428571429,100,75,14,10,4
2309,561717,100,100,100,17,11,6
2310,562087,100,100,100,14,8,6
2311,562424,93.3333333333333,87.5,100,15,8,7
2312,562700,100,100,100,9,5,4
2313,562795,100,100,100,6,3,3
2314,562844,100,100,100,6,1,5
2315,563144,100,100,100,9,4,5
2316,563161,100,100,100,12,6,6
2317,563174,100,100,100,11,5,6
2318,563640,100,100,100,14,6,8
2319,563685,100,100,100,11,3,8
2320,563831,90.91,66.67,100,11,3,8
2321,564122,92.3053846153846,100,85.71,13,6,7
2322,564154,100,100,100,13,7,6
2323,564269,83.335,66.67,100,6,3,3
2324,564461,93.75,100,90,16,6,10
2325,564653,100,100,100,15,4,11
2326,565196,100,100,100,19,7,12
2327,566640,100,100,100,22,13,9
2328,566779,96.1553846153846,94.12,100,26,17,9
2329,568031,100,100,100,25,14,11
2330,569557,80,100,75,5,1,4
2331,570435,60,75,50,10,4,6
2332,571110,100,100,100,12,4,8
2333,571484,84.6161538461538,100,71.43,13,6,7
2334,571749,92.8557142857143,100,83.33,14,8,6
2335,572529,100,100,100,19,10,9
2336,572794,88.2358823529412,87.5,88.89,17,8,9
2337,573564,100,100,100,21,14,7
2338,574109,100,100,100,16,9,7
2339,574745,90.9063636363636,100,85.71,11,4,7
2340,574996,100,100,100,12,6,6
2341,575235,92.3076923076923,100,80,13,8,5
2342,575755,100,100,100,14,2,12
2343,575897,85.71,NA,85.71,7,NA,7
2344,575914,100,100,100,12,1,11
2345,576019,100,100,100,13,1,12
2346,576178,81.8181818181818,100,80,11,1,10
2347,576286,100,100,100,6,1,5
2348,576613,91.6675,100,88.89,12,3,9
2349,576721,88.8866666666667,100,83.33,9,3,6
2350,576946,66.6666666666667,50,80,9,4,5
2351,578010,100,100,100,15,5,10
2352,578509,100,100,100,18,6,12
2353,579559,66.6666666666667,80,60,15,5,10
2354,579905,100,100,100,11,4,7
2355,579917,100,100,100,10,5,5
2356,580086,100,100,100,12,6,6
2357,580515,85.7157142857143,77.78,100,14,9,5
2358,580630,92.3061538461538,100,83.33,13,7,6
2359,581060,100,100,100,17,10,7
2360,581194,90.4790476190476,84.62,100,21,13,8
2361,581227,95.24,92.86,100,21,14,7
2362,581721,100,100,100,15,9,6
2363,581967,100,100,100,13,6,7
2364,583014,100,100,100,11,6,5
2365,583042,72.7254545454546,60,83.33,11,5,6
2366,584773,100,100,100,9,5,4
2367,585235,100,100,100,13,7,6
2368,585325,100,100,100,12,9,3
2369,585587,93.3333333333333,100,87.5,15,7,8
2370,586874,100,100,100,28,16,12
2371,586946,96.87625,94.12,100,32,17,15
2372,586968,100,100,100,31,17,14
2373,586990,96.7754838709677,92.86,100,31,14,17
2374,587619,100,100,100,41,25,16
2375,587694,100,100,100,35,25,10
2376,588460,100,100,100,42,17,25
2377,588465,100,100,100,47,31,16
2378,588907,100,100,100,60,31,29
2379,588918,100,100,100,55,36,19
2380,589152,100,100,100,57,35,22
2381,589260,98.3050847457627,100,96,59,34,25
2382,589314,96.6086440677966,96.97,96.15,59,33,26
2383,589806,100,100,100,48,24,24
2384,590208,90.91,89.29,92.59,55,28,27
2385,590218,93.1818181818182,87.5,100,44,24,20
2386,590242,93.5496774193548,90,95.24,31,10,21
2387,590247,93.7508333333333,90,96.43,48,20,28
2388,590385,100,100,100,63,33,30
2389,590637,94.7359649122807,93.55,96.15,57,31,26
2390,591055,95.741914893617,95.65,95.83,47,23,24
2391,591289,100,100,100,44,26,18
2392,591521,100,100,100,50,31,19
2393,591787,100,100,100,51,29,22
2394,592055,96.2301886792453,96.88,95.24,53,32,21
2395,592187,96.1548076923077,93.55,100,52,31,21
2396,592250,91.9952,90.62,94.44,50,32,18
2397,592598,94.999,96.55,90.91,40,29,11
2398,592609,95.00325,96.3,92.31,40,27,13
2399,593556,97.2983783783784,100,91.67,37,25,12
2400,593655,97.6214285714286,96.3,100,42,27,15
2401,593706,100,100,100,37,27,10
2402,594016,95.4577272727273,96.3,94.12,44,27,17
2403,594090,95.6519565217391,96.55,94.12,46,29,17
2404,594133,97.6732558139535,95.65,100,43,23,20
2405,594178,97.4369230769231,94.12,100,39,17,22
2406,594253,89.471052631579,78.57,95.83,38,14,24
2407,594664,97.6753488372093,100,96.43,43,15,28
2408,594670,94.1186274509804,93.55,95,51,31,20
2409,595036,100,100,100,54,26,28
2410,595306,95.2385714285714,94.12,96.55,63,34,29
2411,595485,100,100,100,63,37,26
2412,596558,100,100,100,62,33,29
2413,596617,97.8723404255319,100,96,47,22,25
2414,596765,100,100,100,63,31,32
2415,596912,98.334,96.43,100,60,28,32
2416,597273,96.1521153846154,95.24,96.77,52,21,31
2417,597306,96.2966666666667,95.83,96.67,54,24,30
2418,597512,98.332,95.83,100,60,24,36
2419,597678,100,100,100,59,24,35
2420,598073,100,100,100,53,26,27
2421,598130,100,100,100,61,29,32
2422,598143,100,100,100,59,23,36
2423,598226,100,100,100,58,24,34
2424,598835,96.292962962963,96.77,95.65,54,31,23
2425,599018,98.4128571428571,96.97,100,63,33,30
2426,599128,96.665,97.14,96,60,35,25
2427,599150,100,100,100,46,24,22
2428,599168,98.0788461538462,100,96.67,52,22,30
2429,599288,96.4910526315789,96.55,96.43,57,29,28
2430,599377,100,100,100,56,29,27
2431,599581,100,100,100,60,27,33
2432,599589,100,100,100,50,26,24
2433,599614,100,100,100,63,26,37
2434,599690,92.8561904761905,94.74,91.3,42,19,23
2435,599944,100,100,100,58,20,38
2436,600028,100,100,100,60,25,35
2437,600103,98.2473684210526,96.3,100,57,27,30
2438,600193,100,100,100,40,19,21
2439,600202,100,100,100,37,3,34
2440,600208,100,100,100,44,26,18
2441,600226,94.5476363636364,95.24,94.12,55,21,34
2442,600406,100,100,100,61,29,32
2443,601075,100,100,100,57,22,35
2444,601202,96.9255384615385,96.3,97.37,65,27,38
2445,601774,100,100,100,60,25,35
2446,602151,100,100,100,35,26,9
2447,602484,100,100,100,56,25,31
2448,602668,100,100,100,51,13,38
2449,603009,100,100,100,47,20,27
2450,603111,100,100,100,52,25,27
2451,603273,100,100,100,46,23,23
2452,603512,92.5911111111111,100,83.33,27,15,12
2453,603576,97.49875,100,95.65,40,17,23
2454,604005,96.2974074074074,100,92.31,27,14,13
2455,604109,97.2983783783784,100,94.12,37,20,17
2456,604158,100,100,100,35,19,16
2457,604194,100,100,100,36,20,16
2458,604224,97.5624390243902,100,94.74,41,22,19
2459,604344,100,100,100,31,19,12
2460,604613,84.2115789473684,87.5,81.82,19,8,11
2461,604617,71.4285714285714,50,75,14,2,12
2462,605032,92.5951851851852,92.31,92.86,27,13,14
2463,605336,96.4289285714286,90.91,100,28,11,17
2464,605542,93.9418181818182,90.48,100,33,21,12
2465,605588,94.9985,85.71,100,20,7,13
2466,605593,100,100,100,27,15,12
2467,605716,90.62875,94.74,84.62,32,19,13
2468,606062,88.6320454545454,85.71,91.3,44,21,23
2469,606281,95.5555555555556,95,96,45,20,25
2470,606475,96.9706060606061,92.31,100,33,13,20
2471,606490,97.9984,95.83,100,50,24,26
2472,606718,94.6457142857143,92.31,96.67,56,26,30
2473,606734,96.2245283018868,91.3,100,53,23,30
2474,607250,89.47,89.47,89.47,38,19,19
2475,608471,100,100,100,63,29,34
2476,609159,95.7425531914893,96,95.45,47,25,22
2477,609601,91.426,95.65,83.33,35,23,12
2478,609916,93.6155319148936,95,92.59,47,20,27
2479,610017,100,100,100,51,34,17
2480,610627,94.5436363636364,97.14,90,55,35,20
2481,610724,94.4477777777778,96.67,91.67,54,30,24
2482,610776,94.4477777777778,96.67,91.67,54,30,24
2483,611130,100,100,100,48,31,17
2484,611406,100,100,100,51,35,16
2485,612286,97.7261363636364,93.33,100,44,15,29
2486,612584,98.0411764705882,96.3,100,51,27,24
2487,612843,97.5624390243902,100,94.74,41,22,19
2488,612909,100,100,100,50,25,25
2489,613059,100,100,100,63,41,22
2490,613113,96.0782352941176,95.65,96.43,51,23,28
2491,613430,98.2128571428571,100,95.83,56,32,24
2492,613545,97.1004347826087,97.22,96.97,69,36,33
2493,613554,98.2119642857143,96.77,100,56,31,25
2494,613654,98.5479710144928,97.67,100,69,43,26
2495,613778,100,100,100,66,36,30
2496,613967,97.2623287671233,100,94.29,73,38,35
2497,614431,100,100,100,67,28,39
2498,614479,100,100,100,71,34,37
2499,614613,98.3877419354839,100,96.43,62,34,28
2500,615336,97.2225,100,93.94,72,39,33
2501,615424,100,100,100,70,36,34
2502,615781,94.6407142857143,92.59,96.55,56,27,29
2503,615838,100,100,100,68,36,32
2504,616558,98.3632786885246,96.88,100,61,32,29
2505,616609,100,100,100,55,35,20
2506,616636,98.388064516129,97.37,100,62,38,24
2507,616729,100,100,100,66,38,28
2508,616774,100,100,100,56,25,31
2509,617017,100,100,100,45,25,20
2510,617422,100,100,100,34,21,13
2511,618422,100,100,100,17,8,9
2512,618531,94.7389473684211,91.67,100,19,12,7
2513,618549,89.4742105263158,88.89,90,19,9,10
2514,618890,85,90,80,20,10,10
2515,618927,100,100,100,21,12,9
2516,619280,95,90,100,20,10,10
2517,619295,100,100,100,27,9,18
2518,619450,100,100,100,21,13,8
2519,619460,100,100,100,26,14,12
2520,619591,100,100,100,36,17,19
2521,619739,100,100,100,41,20,21
2522,619786,100,100,100,43,17,26
2523,620310,97.998,100,96.15,50,24,26
2524,620639,97.776,94.44,100,45,18,27
2525,621222,97.8744680851064,100,96.3,47,20,27
2526,621359,97.7295454545455,100,96.3,44,17,27
2527,621576,97.5025,100,96.3,40,13,27
2528,621588,97.501,100,95.24,40,19,21
2529,621656,97.6178571428572,100,95.65,42,19,23
2530,622228,93.0220930232558,90,95.65,43,20,23
2531,622429,100,100,100,49,22,27
2532,622529,100,100,100,49,25,24
2533,622747,96.5531034482759,92.86,100,29,14,15
2534,623098,100,100,100,54,23,31
2535,623190,97.6178571428571,96.55,100,42,29,13
2536,623707,97.915625,96.55,100,48,29,19
2537,624109,100,100,100,50,28,22
2538,624160,100,100,100,47,21,26
2539,624308,100,100,100,46,19,27
2540,625126,93.1806818181818,82.35,100,44,17,27
2541,625558,100,100,100,61,30,31
2542,625597,98.3585245901639,96.77,100,61,31,30
2543,625689,98.3037288135593,97.22,100,59,36,23
2544,626449,100,100,100,64,33,31
2545,626667,98.5492753623188,97.14,100,69,35,34
2546,626757,96.878125,96.3,97.3,64,27,37
2547,626795,97.498,94.44,100,40,18,22
2548,626842,96.2264150943396,90,100,53,20,33
2549,626940,100,100,100,63,28,35
2550,627313,88.0966666666667,92.31,81.25,42,26,16
2551,627318,91.3034782608696,88.46,95,46,26,20
2552,627328,92.5905555555555,84.21,97.14,54,19,35
2553,627367,98.61,97.22,100,72,36,36
2554,627393,98.572,97.06,100,70,34,36
2555,627408,100,100,100,63,32,31
2556,627441,98.4836363636364,97.22,100,66,36,30
2557,627583,98.5089552238806,100,96.67,67,37,30
2558,627862,100,100,100,57,31,26
2559,627953,98.1107547169811,100,96.77,53,22,31
2560,628022,100,100,100,63,35,28
2561,628357,100,100,100,54,30,24
2562,628408,100,100,100,54,32,22
2563,628657,100,100,100,44,28,16
2564,628816,100,100,100,65,39,26
2565,629202,98.1829090909091,100,94.74,55,36,19
2566,629303,95.346511627907,100,91.3,43,20,23
2567,629497,100,100,100,41,32,9
2568,629762,92.498,95.45,88.89,40,22,18
2569,629987,93.4782608695652,100,80,46,31,15
2570,630032,93.8783673469388,93.75,94.12,49,32,17
2571,630245,100,100,100,53,31,22
2572,630401,98.1139622641509,96.43,100,53,28,25
2573,630434,100,100,100,55,30,25
2574,630515,100,100,100,42,27,15
2575,630926,100,100,100,51,28,23
2576,631050,100,100,100,45,16,29
2577,631211,100,100,100,47,27,20
2578,631392,100,100,100,50,26,24
2579,631509,97.8273913043478,94.74,100,46,19,27
2580,631754,98.0392156862745,100,96,51,26,25
2581,631911,97.96,95.24,100,49,21,28
2582,631970,97.998,100,96.15,50,24,26
2583,632294,92.86,90.48,95.24,42,21,21
2584,632507,97.999,100,96.55,50,21,29
2585,632734,100,100,100,33,16,17
2586,632821,97.559756097561,95.65,100,41,23,18
2587,632882,97.2972972972973,93.75,100,37,16,21
2588,632966,97.8273913043478,94.74,100,46,19,27
2589,633122,100,100,100,40,14,26
2590,633359,100,100,100,42,18,24
2591,633950,97.4346153846154,93.33,100,39,15,24
2592,634087,100,100,100,46,25,21
2593,634159,100,100,100,38,18,20
2594,634658,97.8731914893617,100,95.24,47,26,21
2595,635270,93.9366666666667,95.45,90.91,33,22,11
2596,635305,100,100,100,39,19,20
2597,635772,100,100,100,32,14,18
2598,636079,100,100,100,25,11,14
2599,636600,91.6675,66.67,100,12,3,9
2600,637143,100,100,100,9,7,2
2601,637161,100,100,100,8,5,3
2602,637169,100,100,100,9,5,4
2603,637269,87.5,75,100,8,4,4
2604,637863,90.9090909090909,100,75,11,7,4
2605,637941,100,100,100,13,7,6
2606,638061,100,100,100,14,8,6
2607,638205,100,100,100,14,6,8
2608,638648,94.1176470588235,100,80,17,12,5
2609,639233,100,100,100,30,20,10
2610,639951,96.6666666666667,93.75,100,30,16,14
2611,640246,100,100,100,32,18,14
2612,640497,100,100,100,27,17,10
2613,640605,100,100,100,31,15,16
2614,640632,96.0016,100,94.12,25,8,17
2615,640756,100,100,100,33,16,17
2616,641044,100,100,100,30,16,14
2617,641241,100,100,100,30,14,16
2618,641476,100,100,100,23,11,12
2619,641628,96.551724137931,100,95,29,9,20
2620,642143,100,100,100,19,6,13
2621,642196,92.3076923076923,75,100,13,4,9
2622,642637,100,100,100,20,6,14
2623,642740,100,100,100,19,8,11
2624,642787,100,100,100,17,4,13
2625,642815,100,100,100,25,9,16
2626,643326,95.0015,100,92.31,20,7,13
2627,643851,100,100,100,30,12,18
2628,644303,100,100,100,21,6,15
2629,644309,96.5531034482759,92.86,100,29,14,15
2630,644515,92.5948148148148,100,84.62,27,14,13
2631,644845,93.75,93.75,93.75,32,16,16
2632,644899,94.8684615384615,93.33,95.83,39,15,24
2633,646029,94.4466666666667,88.24,100,36,17,19
2634,646408,87.5,90,85,40,20,20
2635,646435,89.4742105263158,87.5,90.91,38,16,22
2636,646659,97.5619512195122,100,95.24,41,20,21
2637,646736,94.4425,100,89.47,36,17,19
2638,646845,97.2222222222222,93.75,100,36,16,20
2639,646889,94.7342105263158,93.75,95.45,38,16,22
2640,646901,97.6178571428572,100,95.65,42,19,23
2641,646938,94.7347368421053,94.44,95,38,18,20
2642,647048,100,100,100,44,18,26
2643,647381,97.8712765957447,100,96.55,47,18,29
2644,648067,100,100,100,48,21,27
2645,648486,100,100,100,55,23,32
2646,648613,100,100,100,41,25,16
2647,648895,100,100,100,44,19,25
2648,648909,100,100,100,50,24,26
2649,649144,97.9145833333333,100,96.15,48,22,26
2650,649177,100,100,100,41,17,24
2651,649443,100,100,100,59,24,35
2652,649500,98.0392156862745,95,100,51,20,31
2653,649636,100,100,100,55,24,31
2654,649735,100,100,100,58,24,34
2655,649777,100,100,100,57,24,33
2656,649796,100,100,100,44,14,30
2657,650018,93.9984,86.36,100,50,22,28
2658,650138,100,100,100,46,19,27
2659,650906,100,100,100,33,20,13
2660,651137,91.1764705882353,81.25,100,34,16,18
2661,651961,94.1176470588235,87.5,100,17,8,9
2662,652152,87.50125,100,81.82,16,5,11
2663,652550,90.9109090909091,87.5,92.86,22,8,14
2664,652950,100,100,100,29,10,19
2665,653331,100,100,100,28,10,18
2666,653409,100,100,100,21,9,12
2667,653474,100,100,100,26,10,16
2668,653603,100,100,100,21,8,13
2669,653658,95.65,100,93.33,23,8,15
2670,653814,100,100,100,17,4,13
2671,653886,100,100,100,17,5,12
2672,653997,87.50375,100,84.62,16,3,13
2673,654701,100,100,100,11,4,7
2674,654833,100,100,100,13,7,6
2675,655208,100,100,100,13,6,7
2676,655331,100,100,100,9,3,6
2677,656762,100,100,100,10,4,6
2678,657753,94.4444444444444,100,87.5,18,10,8
2679,658170,95.455,100,90.91,22,11,11
2680,658182,100,100,100,23,12,11
2681,658676,90.4766666666667,90.91,90,21,11,10
2682,659116,100,100,100,28,18,10
2683,659686,100,100,100,28,18,10
2684,659951,100,100,100,21,10,11
2685,660403,100,100,100,18,12,6
2686,660470,94.4461111111111,92.31,100,18,13,5
2687,660881,94.7357894736842,100,83.33,19,13,6
2688,661242,100,100,100,11,6,5
2689,661289,100,100,100,13,9,4
2690,661802,100,100,100,13,8,5
2691,662069,100,100,100,19,14,5
2692,662079,94.12,92.86,100,17,14,3
2693,662556,90.001,90.91,88.89,20,11,9
2694,662855,100,100,100,26,17,9
2695,662956,100,100,100,29,20,9
2696,663019,100,100,100,28,18,10
2697,663332,100,100,100,30,21,9
2698,663359,100,100,100,33,24,9
2699,663374,100,100,100,32,19,13
2700,663569,100,100,100,33,22,11
2701,663754,100,100,100,35,19,16
2702,663833,100,100,100,37,18,19
2703,663851,100,100,100,28,23,5
2704,664202,100,100,100,42,24,18
2705,664291,97.8731914893617,100,94.12,47,30,17
2706,664507,100,100,100,41,25,16
2707,664690,97.8269565217391,100,94.12,46,29,17
2708,664783,100,100,100,45,30,15
2709,664802,100,100,100,50,33,17
2710,664847,100,100,100,43,28,15
2711,664885,100,100,100,39,27,12
2712,664972,97.96,100,94.12,49,32,17
2713,665168,97.7286363636364,100,94.74,44,25,19
2714,665284,93.0223255813954,88.46,100,43,26,17
2715,665451,100,100,100,51,28,23
2716,666246,94.6407142857143,96.55,92.59,56,29,27
2717,666263,97.3671052631579,100,93.33,38,23,15
2718,666361,100,100,100,49,29,20
2719,666398,98.0372549019608,100,95.45,51,29,22
2720,666806,98.04,100,94.12,51,34,17
2721,667012,93.9354545454545,94.44,93.33,33,18,15
2722,667016,84.2121052631579,66.67,100,19,9,10
2723,667071,96.297037037037,97.06,95,54,34,20
2724,667181,100,100,100,52,33,19
2725,667282,97.7309090909091,96.88,100,44,32,12
2726,667387,100,100,100,56,33,23
2727,667453,98.2160714285714,96.67,100,56,30,26
2728,667888,100,100,100,59,30,29
2729,667999,100,100,100,51,28,23
2730,668924,95.915306122449,95.65,96.15,49,23,26
2731,669764,97.6758139534884,94.74,100,43,19,24
2732,670093,95.5573333333333,91.67,100,45,24,21
2733,670117,95.3472093023256,92.59,100,43,27,16
2734,670184,93.75,87.5,100,48,24,24
2735,670534,98.002,96.3,100,50,27,23
2736,671274,96.2962962962963,92,100,54,25,29
2737,671328,94.5476363636364,89.29,100,55,28,27
2738,671415,94.7361403508772,88.46,100,57,26,31
2739,671438,91.3021739130435,87.5,95.45,46,24,22
2740,671525,95.3115625,93.33,97.06,64,30,34
2741,671759,96.8734375,93.1,100,64,29,35
2742,671858,94.4416666666667,96.15,90,36,26,10
2743,671885,96.9238461538461,93.55,100,65,31,34
2744,672061,93.75,93.75,93.75,48,32,16
2745,672077,95.5555555555556,90,100,45,20,25
2746,672546,98.4854545454545,97.06,100,66,34,32
2747,672658,100,100,100,61,28,33
2748,673374,97.501,100,92.86,40,26,14
2749,673426,100,100,100,45,26,19
2750,673677,97.7766666666667,100,95.65,45,22,23
2751,674089,100,100,100,35,17,18
2752,674113,87.88,81.25,94.12,33,16,17
2753,674154,100,100,100,35,18,17
2754,674169,100,100,100,35,19,16
2755,674221,100,100,100,33,17,16
2756,674554,100,100,100,30,17,13
2757,674599,100,100,100,30,16,14
2758,674844,96.0016,92.86,100,25,14,11
2759,675423,96.2962962962963,93.75,100,27,16,11
2760,675663,87.5,100,70,24,14,10
2761,676020,100,100,100,21,12,9
2762,676221,100,100,100,16,8,8
2763,676891,93.7525,91.67,100,16,12,4
2764,677137,100,100,100,9,5,4
2765,677243,100,100,100,13,8,5
2766,677433,90.9090909090909,100,80,11,6,5
2767,677518,100,100,100,12,7,5
2768,678352,100,100,100,18,9,9
2769,678364,100,100,100,12,4,8
2770,678507,87.49875,90,83.33,16,10,6
2771,678973,74.999375,88.89,57.14,16,9,7
2772,679081,86.6646666666666,87.5,85.71,15,8,7
2773,680130,95.6521739130435,100,87.5,23,15,8
2774,680315,96.2977777777778,100,91.67,27,15,12
2775,680468,100,100,100,30,19,11
2776,680537,90.0033333333333,94.12,84.62,30,17,13
2777,681029,100,100,100,34,17,17
2778,681730,100,100,100,30,17,13
2779,681820,100,100,100,30,13,17
2780,681832,100,100,100,26,11,15
2781,682407,100,100,100,20,15,5
2782,682878,92.855,100,85.71,28,14,14
2783,683038,100,100,100,24,15,9
2784,683361,90.3241935483871,88.89,92.31,31,18,13
2785,683457,94.4466666666667,88.24,100,36,17,19
2786,683498,100,100,100,35,18,17
2787,683528,100,100,100,30,15,15
2788,683868,100,100,100,39,21,18
2789,684578,100,100,100,38,20,18
2790,684636,100,100,100,21,12,9
2791,684741,100,100,100,41,21,20
2792,684752,100,100,100,33,18,15
2793,684794,100,100,100,38,15,23
2794,685043,100,100,100,44,20,24
2795,685337,100,100,100,44,22,22
2796,685697,97.2222222222222,100,93.75,36,20,16
2797,685865,100,100,100,36,20,16
2798,686355,96.7751612903226,100,92.31,31,18,13
2799,686407,93.334,100,81.82,30,19,11
2800,686560,97.1428571428571,93.75,100,35,16,19
2801,686572,97.1414285714286,93.33,100,35,15,20
2802,686596,90.9072727272727,83.33,100,44,24,20
2803,687022,100,100,100,43,24,19
2804,687190,95.2385714285714,90.91,100,42,22,20
2805,688005,100,100,100,41,23,18
2806,688256,97.0558823529412,95.45,100,34,22,12
2807,688495,100,100,100,33,25,8
2808,689015,100,100,100,30,21,9
2809,689497,100,100,100,40,28,12
2810,689713,97.4358974358974,96,100,39,25,14
2811,689805,100,100,100,42,29,13
2812,689889,97.4975,96.15,100,40,26,14
2813,690066,100,100,100,37,28,9
2814,691285,97.8736170212766,94.74,100,47,19,28
2815,691452,100,100,100,55,26,29
2816,691564,100,100,100,44,16,28
2817,691663,97.6171428571429,95.83,100,42,24,18
2818,691898,98.2473684210526,100,96.67,57,27,30
2819,691973,100,100,100,53,25,28
2820,692087,98.0372549019608,100,95.45,51,29,22
2821,692247,100,100,100,52,28,24
2822,692328,100,100,100,57,25,32
2823,692489,98.335,96.67,100,60,30,30
2824,692558,100,100,100,52,23,29
2825,693125,100,100,100,61,27,34
2826,693260,100,100,100,61,25,36
2827,693700,100,100,100,58,20,38
2828,694051,98.5101492537313,100,97.83,67,21,46
2829,694090,98.4609230769231,100,97.56,65,24,41
2830,694143,100,100,100,53,15,38
2831,694231,100,100,100,55,17,38
2832,694260,100,100,100,35,11,24
2833,694264,100,100,100,46,6,40
2834,694273,100,100,100,61,25,36
2835,694296,100,100,100,62,26,36
2836,694307,100,100,100,52,11,41
2837,694612,100,100,100,58,20,38
2838,694884,100,100,100,48,23,25
2839,695200,100,100,100,42,16,26
2840,695254,100,100,100,43,18,25
2841,695263,100,100,100,43,21,22
2842,695531,100,100,100,53,23,30
2843,695693,100,100,100,44,15,29
2844,696149,95.5573333333333,100,91.67,45,21,24
2845,697558,100,100,100,30,13,17
2846,697592,100,100,100,32,15,17
2847,697676,94.2874285714286,93.75,94.74,35,16,19
2848,697753,100,100,100,33,13,20
2849,697793,100,100,100,34,13,21
2850,698168,96.55,93.33,100,29,15,14
2851,698338,100,100,100,29,13,16
2852,698407,97.2983783783784,94.12,100,37,17,20
2853,698750,100,100,100,20,10,10
2854,698870,100,100,100,31,14,17
2855,698908,100,100,100,19,7,12
2856,699785,100,100,100,23,6,17
2857,700174,100,100,100,29,18,11
2858,700458,100,100,100,34,16,18
2859,701137,100,100,100,50,25,25
2860,701152,100,100,100,36,18,18
2861,701283,97.4358974358974,100,95,39,19,20
2862,701397,100,100,100,30,12,18
2863,701410,96.7725806451613,100,93.33,31,16,15
2864,701556,100,100,100,37,19,18
2865,702048,100,100,100,38,19,19
2866,702630,100,100,100,25,12,13
2867,702726,90.9090909090909,75,100,22,8,14
2868,702905,100,100,100,24,13,11
2869,703327,88.4615384615385,92.86,83.33,26,14,12
2870,703516,100,100,100,22,11,11
2871,703601,100,100,100,25,14,11
2872,703845,91.665,100,83.33,24,12,12
2873,704439,96.667,100,90.91,30,19,11
2874,704496,100,100,100,33,15,18
2875,704649,100,100,100,29,20,9
2876,705069,100,100,100,24,18,6
2877,705481,100,100,100,27,16,11
2878,705639,93.5516129032258,94.74,91.67,31,19,12
2879,705748,100,100,100,32,18,14
2880,705828,100,100,100,31,17,14
2881,705950,90.3264516129032,88.24,92.86,31,17,14
2882,706050,96.43,100,92.86,28,14,14
2883,706135,96.2977777777778,100,91.67,27,15,12
2884,706148,100,100,100,30,18,12
2885,706252,95.6508695652174,100,85.71,23,16,7
2886,706336,93.9406060606061,94.12,93.75,33,17,16
2887,706406,100,100,100,31,16,15
2888,706426,96.1553846153846,100,91.67,26,14,12
2889,706435,100,100,100,26,12,14
2890,706480,100,100,100,29,14,15
2891,706655,100,100,100,23,6,17
2892,707096,100,100,100,27,14,13
2893,707135,100,100,100,21,5,16
2894,707258,100,100,100,25,9,16
2895,707429,95.835,91.67,100,24,12,12
2896,707587,100,100,100,23,10,13
2897,707869,100,100,100,23,11,12
2898,709076,100,100,100,28,9,19
2899,709172,100,100,100,26,10,16
2900,710055,96.0004,88.89,100,25,9,16
2901,710372,100,100,100,25,10,15
2902,710380,95.2385714285714,100,90.91,21,10,11
2903,710516,95.83375,90.91,100,24,11,13
2904,711337,96,93.75,100,25,16,9
2905,711660,100,100,100,23,17,6
2906,711863,100,100,100,21,10,11
2907,711900,100,100,100,22,11,11
2908,712218,100,100,100,18,4,14
2909,712263,100,100,100,27,9,18
2910,712468,95.4559090909091,100,92.31,22,9,13
2911,712491,96.4307142857143,100,94.74,28,9,19
2912,712564,100,100,100,32,14,18
2913,712593,96.87625,92.86,100,32,14,18
2914,712626,100,100,100,28,15,13
2915,712677,96.2977777777778,100,92.86,27,13,14
2916,712689,100,100,100,30,15,15
2917,713428,100,100,100,36,14,22
2918,713464,100,100,100,37,14,23
2919,713747,91.6666666666667,93.75,90,36,16,20
2920,714174,97.559756097561,93.33,100,41,15,26
2921,714258,97.3694736842105,92.86,100,38,14,24
2922,714336,97.2981081081081,92.31,100,37,13,24
2923,714345,91.3052173913044,83.33,94.12,23,6,17
2924,714386,96.875,100,95,32,12,20
2925,714450,100,100,100,30,13,17
2926,714620,100,100,100,29,16,13
2927,714989,100,100,100,30,12,18
2928,715106,93.5461290322581,100,89.47,31,12,19
2929,715230,96.2944444444444,100,93.33,27,12,15
2930,716247,100,100,100,14,6,8
2931,716346,94.7368421052632,100,87.5,19,11,8
2932,716372,92.3076923076923,100,80,13,8,5
2933,716781,100,100,100,13,8,5
2934,716842,100,100,100,13,9,4
2935,716914,100,100,100,14,9,5
2936,718398,100,100,100,19,4,15
2937,718856,100,100,100,18,10,8
2938,718985,100,100,100,25,11,14
2939,719063,100,100,100,26,11,15
2940,719157,100,100,100,26,9,17
2941,719429,94.4444444444444,100,87.5,18,10,8
2942,719444,95.4545454545455,100,93.75,22,6,16
2943,719655,100,100,100,24,9,15
2944,719801,100,100,100,20,7,13
2945,719816,94.9985,85.71,100,20,7,13
2946,719957,100,100,100,22,8,14
2947,720518,88.8888888888889,50,100,9,2,7
2948,720896,92.3084615384615,88.89,100,13,9,4
2949,720910,100,100,100,11,6,5
2950,721116,100,100,100,18,8,10
2951,721356,100,100,100,26,12,14
2952,721578,100,100,100,26,13,13
2953,722295,93.1010344827586,89.47,100,29,19,10
2954,722323,95.455,90.91,100,22,11,11
2955,722339,93.75,90,100,32,20,12
2956,722427,100,100,100,26,16,10
2957,722544,100,100,100,28,23,5
2958,722943,100,100,100,37,22,15
2959,723035,100,100,100,42,25,17
2960,723311,100,100,100,36,17,19
2961,723317,100,100,100,41,24,17
2962,723452,97.9145833333333,96.15,100,48,26,22
2963,723657,100,100,100,39,22,17
2964,723731,100,100,100,44,25,19
2965,723768,100,100,100,39,19,20
2966,723857,100,100,100,33,17,16
2967,723911,100,100,100,35,22,13
2968,724098,100,100,100,31,22,9
2969,724133,100,100,100,39,24,15
2970,724382,100,100,100,34,15,19
2971,724504,100,100,100,36,17,19
2972,725361,100,100,100,48,26,22
2973,725387,100,100,100,45,23,22
2974,725529,98.334,96.43,100,60,28,32
2975,725774,97.9612244897959,100,96.3,49,22,27
2976,725786,98.0382352941176,100,96.55,51,22,29
2977,725859,94.3403773584906,92,96.43,53,25,28
2978,725880,97.6190476190476,90,100,42,10,32
2979,725976,100,100,100,45,18,27
2980,726216,97.8702127659574,95.45,100,47,22,25
2981,726249,100,100,100,37,22,15
2982,726426,100,100,100,42,18,24
2983,726434,97.8273913043478,94.74,100,46,19,27
2984,726540,94.8733333333333,92.31,100,39,26,13
2985,726816,98.002,100,96.67,50,20,30
2986,726915,95.5566666666667,86.67,100,45,15,30
2987,727905,100,100,100,36,17,19
2988,727948,72.225,86.67,0,18,15,3
2989,727957,91.665,88.89,94.44,36,18,18
2990,728059,100,100,100,28,18,10
2991,728226,96.0004,100,90.91,25,14,11
2992,728433,100,100,100,37,20,17
2993,728707,100,100,100,27,17,10
2994,728751,95.6526086956522,100,90.91,23,12,11
2995,729306,88.8888888888889,80,100,18,10,8
2996,733244,96.5537931034483,94.74,100,29,19,10
2997,733297,92.002,86.67,100,25,15,10
2998,733310,90.001,90.91,88.89,20,11,9
2999,735115,100,100,100,17,9,8
3000,735262,100,100,100,19,12,7
3001,735729,100,100,100,9,5,4
3002,736002,100,100,100,11,8,3
3003,736053,100,100,100,9,7,2
3004,736311,88.8888888888889,100,50,9,7,2
3005,736412,100,100,100,5,3,2
3006,736692,100,NA,100,1,NA,1
3007,736792,75,50,100,4,2,2
3008,737251,100,100,100,5,2,3
3009,737278,100,100,100,6,3,3
3010,738058,85.7142857142857,50,100,7,2,5
3011,738518,92.3076923076923,75,100,13,4,9
3012,738545,100,100,100,12,4,8
3013,739272,100,100,100,21,9,12
3014,739906,100,100,100,18,10,8
3015,740043,96.4257142857143,100,94.44,28,10,18
3016,740335,100,100,100,31,10,21
3017,740414,91.892972972973,91.67,92,37,12,25
3018,740578,97.295945945946,100,95.65,37,14,23
3019,740735,94.7342105263158,100,91.3,38,15,23
3020,741177,94.8728205128205,92.86,96,39,14,25
3021,741214,96.7725806451613,100,93.33,31,16,15
3022,741252,96.551724137931,100,93.75,29,13,16
3023,741283,94.4466666666667,100,90.48,36,15,21
3024,742021,97.2222222222222,100,95,36,16,20
3025,742158,94.12,100,90.48,34,13,21
3026,742264,95.998,100,93.33,25,10,15
3027,742294,89.6551724137931,100,85,29,9,20
3028,742639,87.8772727272727,91.67,85.71,33,12,21
3029,743178,100,100,100,26,12,14
3030,743530,88.8891666666667,88.24,89.47,36,17,19
3031,743586,89.475,100,78.95,38,19,19
3032,743680,97.2989189189189,94.74,100,37,19,18
3033,744085,100,100,100,44,28,16
3034,744170,100,100,100,44,16,28
3035,744405,100,100,100,59,30,29
3036,744634,100,100,100,61,27,34
3037,744799,100,100,100,64,32,32
3038,744904,96.97,93.94,100,66,33,33
3039,745123,100,100,100,49,20,29
3040,745187,100,100,100,55,23,32
3041,745556,100,100,100,47,19,28
3042,745649,100,100,100,46,19,27
3043,745953,97.7766666666667,100,95.65,45,22,23
3044,745986,76.19,66.67,83.33,21,9,12
3045,746329,100,100,100,49,17,32
3046,746413,100,100,100,52,20,32
3047,746457,96.227358490566,95.65,96.67,53,23,30
3048,746500,97.9175,95.24,100,48,21,27
3049,747522,100,100,100,24,13,11
3050,747657,91.6675,66.67,100,12,3,9
3051,747666,94.7373684210526,88.89,100,19,9,10
3052,748203,100,100,100,23,12,11
3053,748539,100,100,100,17,8,9
3054,748579,100,100,100,19,5,14
3055,748704,89.997,100,85.71,20,6,14
3056,748816,100,100,100,18,8,10
3057,749408,100,100,100,25,8,17
3058,749633,95.6521739130435,100,93.75,23,7,16
3059,750376,96.1519230769231,100,93.33,26,11,15
3060,750541,100,100,100,26,11,15
3061,750734,100,100,100,24,10,14
3062,750778,100,100,100,24,7,17
3063,750811,96,87.5,100,25,8,17
3064,751325,96.4285714285714,100,93.75,28,12,16
3065,751402,94.4444444444444,90,100,18,10,8
3066,751807,94.7389473684211,100,91.67,19,7,12
3067,751855,84.2068421052631,85.71,83.33,19,7,12
3068,752361,100,100,100,12,4,8
3069,752550,100,100,100,11,4,7
3070,752560,100,100,100,11,4,7
3071,752634,100,100,100,9,3,6
3072,753292,80,NA,80,5,NA,5
3073,753795,100,100,100,5,1,4
3074,753896,100,100,100,7,2,5
3075,754128,100,100,100,7,2,5
3076,754244,100,100,100,8,1,7
3077,754249,100,NA,100,9,NA,9
3078,754623,100,100,100,13,3,10
3079,754877,87.4975,100,83.33,8,2,6
3080,755282,93.7525,100,91.67,16,4,12
3081,755704,96.4267857142857,100,93.33,28,13,15
3082,755767,94.7368421052632,100,90,19,9,10
3083,755779,95.455,100,90.91,22,11,11
3084,756409,96.87625,94.12,100,32,17,15
3085,756789,100,100,100,25,13,12
3086,756853,100,100,100,31,17,14
3087,756928,100,100,100,29,13,16
3088,757231,100,100,100,24,17,7
3089,757270,93.7528125,92.31,94.74,32,13,19
3090,757281,87.5,87.5,87.5,24,8,16
3091,757374,97.2238888888889,100,94.74,36,17,19
3092,757546,97.2981081081081,100,92.31,37,24,13
3093,757825,97.4333333333333,100,96.15,39,13,26
3094,757986,97.96,100,96.43,49,21,28
3095,758700,97.6732558139535,100,95.65,43,20,23
3096,758803,94.4437037037037,100,88.46,54,28,26
3097,758872,93.8759183673469,100,86.36,49,27,22
3098,758943,93.6148936170213,95.45,92,47,22,25
3099,759034,94.2845714285714,94.12,94.44,35,17,18
3100,759070,97.14,100,95.45,35,13,22
3101,759076,96.4275,100,85.71,28,21,7
3102,759091,95.1224390243902,100,88.89,41,23,18
3103,759255,95.7425531914893,100,91.3,47,24,23
3104,759432,97.6720930232558,100,96.15,43,17,26
3105,759982,97.5609756097561,93.75,100,41,16,25
3106,760444,97.8269565217391,95.24,100,46,21,25
3107,760593,98.0376470588235,95.83,100,51,24,27
3108,761134,100,100,100,42,19,23
3109,761476,94.5487272727273,92.86,96.3,55,28,27
3110,761738,100,100,100,48,23,25
3111,761873,97.6204761904762,94.74,100,42,19,23
3112,762165,96,92,100,50,25,25
3113,762465,100,100,100,41,19,22
3114,762530,97.8736170212766,94.74,100,47,19,28
3115,762579,91.8918918918919,85,100,37,20,17
3116,762611,95.3493023255814,90.91,100,43,22,21
3117,762645,94.5956756756757,93.75,95.24,37,16,21
3118,762656,95.1224390243902,88.89,100,41,18,23
3119,762692,85.2944117647059,73.33,94.74,34,15,19
3120,762711,100,100,100,38,13,25
3121,763443,95.4522727272727,93.33,96.55,44,15,29
3122,763462,100,100,100,43,17,26
3123,763599,97.1414285714286,100,95.65,35,12,23
3124,763636,97.0573529411765,93.33,100,34,15,19
3125,763696,97.7791111111111,94.74,100,45,19,26
3126,763729,97.5619512195122,100,96.43,41,13,28
3127,763995,97.501,94.12,100,40,17,23
3128,764537,88.885,83.33,94.44,36,18,18
3129,764726,94.1182352941177,81.82,100,34,11,23
3130,764772,92.1015789473684,85.71,95.83,38,14,24
3131,764789,97.1414285714286,93.33,100,35,15,20
3132,764798,100,100,100,34,14,20
3133,764807,96.4285714285714,90,100,28,10,18
3134,765354,93.1020689655172,83.33,100,29,12,17
3135,765423,100,100,100,21,1,20
3136,765513,92,75,100,25,8,17
3137,765703,100,100,100,27,8,19
3138,765840,94.4444444444444,75,100,18,4,14
3139,765976,11.1137037037037,12.5,10.53,27,8,19
3140,766027,92.5911111111111,83.33,100,27,12,15
3141,766038,93.751875,84.62,100,32,13,19
3142,766684,92.8578571428571,100,88.89,28,10,18
3143,766812,100,100,100,24,6,18
3144,767008,96.9709090909091,92.86,100,33,14,19
3145,767172,100,100,100,34,14,20
3146,767361,89.1867567567568,84.21,94.44,37,19,18
3147,767673,93.3336666666667,71.43,100,30,7,23
3148,767692,94.99875,93.33,96,40,15,25
3149,768024,85.1833333333333,83.33,88.89,27,18,9
3150,768086,97.0588235294118,100,93.75,34,18,16
3151,768149,100,100,100,25,10,15
3152,768695,95.4545454545455,100,87.5,22,14,8
3153,768749,96.0004,100,88.89,25,16,9
3154,768971,95.455,100,88.89,22,13,9
3155,769227,100,100,100,19,12,7
3156,769271,100,100,NA,10,10,NA
3157,769275,100,100,100,4,2,2
3158,769290,100,100,100,18,10,8
3159,769320,94.7368421052632,90,100,19,10,9
3160,769346,100,100,100,20,14,6
3161,769818,100,100,100,25,13,12
3162,770118,96.155,92.31,100,26,13,13
3163,771171,75,87.5,50,12,8,4
3164,771210,84.2115789473684,90,77.78,19,10,9
3165,771289,76.4717647058824,77.78,75,17,9,8
3166,771813,100,100,100,24,16,8
3167,772284,100,100,100,30,14,16
3168,772319,97.6725581395349,100,95.83,43,19,24
3169,772866,94.99975,94.12,95.65,40,17,23
3170,773045,92.0004,95.45,89.29,50,22,28
3171,773234,98.002,100,96.3,50,23,27
3172,773312,100,100,100,52,23,29
3173,773579,100,100,100,47,21,26
3174,774089,92.3092307692308,88.89,95.24,39,18,21
3175,775597,97.22,100,94.44,36,18,18
3176,775880,95.1217073170732,91.67,96.55,41,12,29
3177,775939,100,100,100,46,24,22
3178,775985,96.969696969697,100,93.75,33,17,16
3179,776090,97.9175,100,96.43,48,20,28
3180,776173,100,100,100,53,23,30
3181,776429,91.6669444444445,84.62,95.65,36,13,23
3182,777492,97.0597058823529,92.31,100,34,13,21
3183,777539,97.5624390243902,94.74,100,41,19,22
3184,777818,96.87625,94.12,100,32,17,15
3185,777954,97.6166666666667,96.15,100,42,26,16
3186,778577,97.725,100,95.45,44,22,22
3187,778824,95.3469767441861,94.44,96,43,18,25
3188,778933,94.74,94.74,94.74,38,19,19
3189,779287,100,100,100,31,9,22
3190,779493,100,100,100,41,17,24
3191,779877,97.2972972972973,100,95,37,17,20
3192,779889,100,100,100,31,18,13
3193,779938,100,100,100,25,7,18
3194,780457,94.2837142857143,100,89.47,35,16,19
3195,780822,95.8333333333333,100,93.75,24,8,16
3196,781125,93.1034482758621,80,100,29,10,19
3197,782101,100,100,100,20,5,15
3198,782236,92.5925925925926,80,100,27,10,17
3199,782431,96.9681818181818,93.33,100,33,15,18
3200,782482,100,100,100,32,17,15
3201,782575,97.501,94.12,100,40,17,23
3202,782823,100,100,100,40,17,23
3203,782872,96.875,90,100,32,10,22
3204,783227,91.6675,93.33,90.48,36,15,21
3205,783238,89.997,78.57,96.15,40,14,26
3206,783256,94.8728205128205,92.86,96,39,14,25
3207,783298,91.8918918918919,75,100,37,12,25
3208,783322,94.9985,92.86,96.15,40,14,26
3209,783586,100,100,100,33,11,22
3210,783841,95.6526086956522,100,88.89,23,14,9
3211,783990,96.668,92.86,100,30,14,16
3212,784009,87.49875,90,83.33,16,10,6
3213,784014,88.2358823529412,87.5,88.89,17,8,9
3214,784032,96.0016,91.67,100,25,12,13
3215,784045,100,100,100,24,10,14
3216,785483,91.3065217391304,90.91,91.67,23,11,12
3217,785759,96.1553846153846,100,92.86,26,12,14
3218,785768,95.2385714285714,100,90.91,21,10,11
3219,785787,95.4563636363636,100,91.67,22,10,12
3220,785826,89.4742105263158,88.89,90,19,9,10
3221,785961,95.4563636363636,100,92.86,22,8,14
3222,785987,100,100,100,20,9,11
3223,786074,100,100,100,19,7,12
3224,786422,100,100,100,28,12,16
3225,786889,100,100,100,28,10,18
3226,787057,100,100,100,21,8,13
3227,787111,100,100,100,22,9,13
3228,787185,96.0016,100,92.86,25,11,14
3229,787371,100,100,100,17,5,12
3230,787509,100,100,100,23,11,12
3231,788103,100,100,100,30,17,13
3232,788127,96.7741935483871,95,100,31,20,11
3233,788433,100,100,100,28,22,6
3234,788472,100,100,100,28,17,11
3235,788646,100,100,100,39,25,14
3236,788949,96.8740625,100,85.71,32,25,7
3237,789201,100,100,100,35,23,12
3238,789414,100,100,100,29,17,12
3239,789428,100,100,100,35,22,13
3240,789458,100,100,100,22,11,11
3241,789465,100,100,100,30,19,11
3242,789630,100,100,100,23,12,11
3243,789819,100,100,100,31,15,16
3244,790268,97.2233333333333,100,91.67,36,24,12
3245,790299,96.8725,100,94.44,32,14,18
3246,790688,91.3052173913044,83.33,94.12,23,6,17
3247,790704,100,100,100,31,16,15
3248,790748,100,100,100,32,20,12
3249,790883,100,100,100,35,19,16
3250,791006,100,100,100,30,13,17
3251,791342,100,100,100,34,19,15
3252,791480,100,100,100,34,19,15
3253,791570,97.1437142857143,100,92.31,35,22,13
3254,791580,96.7754838709677,95.24,100,31,21,10
3255,791666,97.0558823529412,95.45,100,34,22,12
3256,791823,100,100,100,25,14,11
3257,791843,100,100,100,34,20,14
3258,791853,100,100,100,27,14,13
3259,792490,97.3694736842105,100,94.12,38,21,17
3260,792664,93.9381818181818,83.33,100,33,12,21
3261,792862,97.144,94.12,100,35,17,18
3262,792973,94.7342105263158,95.45,93.75,38,22,16
3263,793196,92.1015789473684,95.83,85.71,38,24,14
3264,793475,97.7766666666667,95.65,100,45,23,22
3265,794228,100,100,100,39,15,24
3266,794292,100,100,100,35,18,17
3267,795318,100,100,100,27,14,13
3268,795336,100,100,100,23,13,10
3269,795374,100,100,100,27,12,15
3270,795516,100,100,100,22,7,15
3271,795875,100,100,100,26,9,17
3272,795949,100,100,100,29,13,16
3273,796426,100,100,100,26,14,12
3274,796492,100,100,100,37,16,21
3275,796873,100,100,100,36,15,21
3276,797127,94.2862857142857,100,88.89,35,17,18
3277,797317,100,100,100,30,16,14
3278,797556,100,100,100,28,10,18
3279,797865,96.668,100,92.86,30,16,14
3280,798854,100,100,100,31,19,12
3281,799031,97.0588235294118,100,93.75,34,18,16
3282,799205,100,100,100,27,11,16
3283,799433,100,100,100,26,12,14
3284,800838,100,100,100,16,9,7
3285,800889,100,100,100,12,4,8
3286,800961,100,100,100,14,5,9
3287,801929,93.332,83.33,100,15,6,9
3288,802290,100,100,100,24,12,12
3289,802352,100,100,100,28,14,14
3290,802508,100,100,100,28,12,16
3291,803300,96.0004,88.89,100,25,9,16
3292,803506,91.998,90,93.33,25,10,15
3293,803935,96.7761290322581,100,94.74,31,12,19
3294,804698,100,100,100,40,19,21
3295,805135,97.4369230769231,94.12,100,39,17,22
3296,805241,96.969696969697,90,100,33,10,23
3297,805367,100,100,100,43,18,25
3298,805645,98.111320754717,95.45,100,53,22,31
3299,806146,98.1472222222222,100,96.55,54,25,29
3300,806206,100,100,100,30,23,7
3301,807183,100,100,100,43,17,26
3302,807198,100,100,100,47,20,27
3303,807889,94.7368421052632,87.5,100,38,16,22
3304,808089,97.5,93.75,100,40,16,24
3305,808518,94.8717948717949,80,100,39,10,29
3306,808550,97.9145833333333,95.45,100,48,22,26
3307,808632,100,100,100,54,22,32
3308,808790,100,100,100,41,23,18
3309,809091,100,100,100,43,25,18
3310,809243,91.1111111111111,96,85,45,25,20
3311,809408,98.1488888888889,96.43,100,54,28,26
3312,809450,98.1150943396226,96.3,100,53,27,26
3313,809619,97.8712765957447,100,95.65,47,24,23
3314,809896,100,100,100,42,29,13
3315,809945,100,100,100,46,22,24
3316,810097,100,100,100,52,31,21
3317,810493,100,100,100,56,33,23
3318,811595,94.5456363636364,96.55,92.31,55,29,26
3319,811733,100,100,100,52,34,18
3320,811835,100,100,100,50,27,23
3321,811953,100,100,100,48,31,17
3322,812879,100,100,100,56,27,29
3323,812979,100,100,100,57,26,31
3324,813572,100,100,100,46,20,26
3325,813974,93.746875,90,95.45,32,10,22
3326,814028,100,100,100,40,15,25
3327,814079,100,100,100,40,19,21
3328,814312,97.7777777777778,100,96,45,20,25
3329,814403,97.3663157894737,100,95.83,38,14,24
3330,814754,100,100,100,41,16,25
3331,814826,100,100,100,52,23,29
3332,814907,100,100,100,42,21,21
3333,815032,100,100,100,42,20,22
3334,815083,100,100,100,34,9,25
3335,815131,100,100,100,40,12,28
3336,815194,100,100,100,36,14,22
3337,815833,100,100,100,28,14,14
3338,816096,100,100,100,40,14,26
3339,816219,100,100,100,29,14,15
3340,816237,100,100,100,35,14,21
3341,816333,100,100,100,37,12,25
3342,816618,100,100,100,32,6,26
3343,816624,100,100,100,23,11,12
3344,816838,91.8878378378378,94.44,89.47,37,18,19
3345,817584,100,100,100,32,16,16
3346,817710,100,100,100,32,19,13
3347,817897,100,100,100,37,15,22
3348,818050,97.144,92.86,100,35,14,21
3349,818247,96.668,100,92.86,30,16,14
3350,818308,100,100,100,43,20,23
3351,818781,100,100,100,30,16,14
3352,818786,100,100,100,39,21,18
3353,819166,100,100,100,53,28,25
3354,819722,97.49875,95.65,100,40,23,17
3355,819878,92.8578571428571,88.89,100,28,18,10
3356,820070,100,100,100,27,13,14
3357,820568,94.1176470588235,90,100,17,10,7
3358,821181,92.3076923076923,100,75,13,9,4
3359,821606,96.1553846153846,92.86,100,26,14,12
3360,821732,95.83375,90.91,100,24,11,13
3361,822019,96.0016,91.67,100,25,12,13
3362,822034,96.7751612903226,92.31,100,31,13,18
3363,822458,97.3694736842105,95.24,100,38,21,17
3364,822534,94.2862857142857,90.91,100,35,22,13
3365,822567,96.969696969697,93.75,100,33,16,17
3366,822765,97.2983783783784,94.12,100,37,17,20
3367,822813,92.6785365853659,91.3,94.44,41,23,18
3368,822846,97.6166666666667,96.15,100,42,26,16
3369,822982,95.24,95.24,95.24,42,21,21
3370,822991,94.288,92.86,95.24,35,14,21
3371,823384,97.725,100,96.15,44,18,26
3372,823452,93.5467741935484,93.33,93.75,31,15,16
3373,823512,90.2475609756098,92.31,89.29,41,13,28
3374,823708,89.9995,88.24,91.3,40,17,23
3375,823769,89.1872972972973,80,92.59,37,10,27
3376,823839,93.1818181818182,80,100,44,15,29
3377,824489,92.3051282051282,93.75,91.3,39,16,23
3378,825355,93.1836363636364,93.75,92.86,44,16,28
3379,825456,95.9163265306122,91.3,100,49,23,26
3380,825491,98.0776923076923,96.43,100,52,28,24
3381,825540,97.9571428571429,95.45,100,49,22,27
3382,825561,97.0588235294118,90,100,34,10,24
3383,825570,97.2238888888889,94.74,100,36,19,17
3384,825693,93.3326666666667,90.91,95.65,45,22,23
3385,825750,97.9571428571429,100,96.15,49,23,26
3386,825852,94.2323076923077,86.96,100,52,23,29
3387,826005,100,100,100,55,24,31
3388,826180,100,100,100,51,21,30
3389,826291,100,100,100,46,23,23
3390,826312,95.2357142857143,93.75,96.15,42,16,26
3391,826558,100,100,100,47,25,22
3392,826810,96.665,96,97.14,60,25,35
3393,826819,94.996,95.83,94.44,60,24,36
3394,826876,100,100,100,59,25,34
3395,826978,98.2473684210526,100,96.67,57,27,30
3396,827149,96.7226229508197,100,94.12,61,27,34
3397,827178,96.1548076923077,100,93.55,52,21,31
3398,827188,100,100,100,47,16,31
3399,827239,96.4882456140351,100,94.59,57,20,37
3400,827279,95,91.67,97.22,60,24,36
3401,827311,96.43125,100,94.29,56,21,35
3402,827806,95.3128125,96.15,94.74,64,26,38
3403,827944,98.5921126760563,96.43,100,71,28,43
3404,827993,94.8275862068966,88,100,58,25,33
3405,828179,98.2442105263158,95.83,100,57,24,33
3406,828700,97.0117910447761,96.77,97.22,67,31,36
3407,828767,100,100,100,36,18,18
3408,828772,100,100,100,40,21,19
3409,829088,98.2457894736842,100,96.97,57,24,33
3410,829745,98.2133928571428,100,96.55,56,27,29
3411,829950,96.297037037037,95,97.06,54,20,34
3412,830036,100,100,100,58,25,33
3413,830147,100,100,100,59,27,32
3414,830348,98.15,100,96.3,54,27,27
3415,830371,98.1150943396226,100,96.3,53,26,27
3416,830965,97.6732558139535,95.65,100,43,23,20
3417,831061,100,100,100,45,25,20
3418,831314,100,100,100,39,17,22
3419,831524,100,100,100,42,25,17
3420,831694,100,100,100,28,12,16
3421,831973,100,100,100,47,30,17
3422,832030,100,100,100,43,25,18
3423,832711,92.8557142857143,95.83,88.89,42,24,18
3424,832757,93.0255813953488,92.31,94.12,43,26,17
3425,832928,95.002,91.67,100,40,24,16
3426,833133,100,100,100,36,17,19
3427,833338,100,100,100,48,30,18
3428,833376,90,88.46,92.86,40,26,14
3429,833386,95.002,92.86,100,40,28,12
3430,833476,97.8712765957447,96.55,100,47,29,18
3431,833554,91.1764705882353,81.25,100,34,16,18
3432,833587,97.6753488372093,100,94.12,43,26,17
3433,833614,89.1902702702703,85,94.12,37,20,17
3434,833967,98.0788461538462,96.3,100,52,27,25
3435,834111,94.0016,100,86.96,50,27,23
3436,834394,96.611186440678,100,92.31,59,33,26
3437,834766,100,100,100,51,26,25
3438,834877,91.8367346938775,96,87.5,49,25,24
3439,834939,97.8712765957447,100,95.65,47,24,23
3440,835275,93.4778260869565,95.45,91.67,46,22,24
3441,835606,97.7766666666667,100,95.65,45,22,23
3442,835971,100,100,100,41,23,18
3443,836056,100,100,100,33,12,21
3444,836454,97.06,100,94.12,34,17,17
3445,836507,100,100,100,29,11,18
3446,836607,100,100,100,40,18,22
3447,837483,95.6521739130435,100,90,23,13,10
3448,837562,100,100,100,35,21,14
3449,838413,100,100,100,28,14,14
3450,838534,95.24,100,91.67,21,9,12
3451,838585,96.665,93.33,100,30,15,15
3452,838672,100,100,100,27,14,13
3453,838684,100,100,100,21,12,9
3454,838764,100,100,100,27,16,11
3455,838842,100,100,100,27,13,14
3456,840135,100,100,100,27,13,14
3457,841014,100,100,100,33,15,18
3458,841023,96.87625,92.86,100,32,14,18
3459,841277,100,100,100,35,19,16
3460,841349,96.9709090909091,94.12,100,33,17,16
3461,841907,92.3053846153846,85.71,100,26,14,12
3462,842387,97.1428571428571,93.75,100,35,16,19
3463,843579,93.5509677419355,100,88.24,31,14,17
3464,844018,100,100,100,37,18,19
3465,844078,95.1219512195122,93.75,96,41,16,25
3466,844386,100,100,100,37,21,16
3467,844540,93.6148936170213,95.45,92,47,22,25
3468,845284,100,100,100,45,16,29
3469,845470,100,100,100,40,18,22
3470,845793,96.2977777777778,94.12,100,27,17,10
3471,845844,97.5585365853659,100,95.45,41,19,22
3472,845892,100,100,100,35,17,18
3473,845921,97.5590243902439,94.44,100,41,18,23
3474,846263,100,100,100,26,17,9
3475,846293,100,100,100,37,17,20
3476,846551,100,100,100,42,18,24
3477,846617,100,100,100,38,18,20
3478,846653,97.3694736842105,92.86,100,38,14,24
3479,846824,100,100,100,34,14,20
3480,846935,100,100,100,40,14,26
3481,847543,100,100,100,27,11,16
3482,847621,100,100,100,25,10,15
3483,847703,95.8320833333333,85.71,100,24,7,17
3484,847750,100,100,100,25,10,15
3485,847781,100,100,100,23,5,18
3486,847849,100,100,100,24,11,13
3487,848034,84.2105263157895,62.5,100,19,8,11
3488,848564,100,100,100,18,9,9
3489,848687,100,100,100,10,7,3
3490,848691,100,100,NA,7,7,NA
3491,848786,100,100,100,19,10,9
3492,849937,100,100,100,15,5,10
3493,850636,100,100,100,11,4,7
3494,851380,100,100,100,19,7,12
3495,851930,100,100,100,25,10,15
3496,853026,90.477619047619,87.5,92.31,21,8,13
3497,853327,96.1538461538462,100,93.75,26,10,16
3498,853441,100,100,100,25,8,17
3499,853681,100,100,100,26,10,16
3500,853998,100,100,100,34,12,22
3501,854526,100,100,100,39,17,22
3502,854627,100,100,100,29,15,14
3503,854665,100,100,100,38,16,22
3504,855371,100,100,100,27,10,17
3505,855470,97.0588235294118,100,95,34,14,20
3506,855617,97.0564705882353,100,94.44,34,16,18
3507,855902,97.4369230769231,100,95.24,39,18,21
3508,856098,100,100,100,32,18,14
3509,856144,100,100,100,35,14,21
3510,856177,95.2380952380952,90,100,42,20,22
3511,856218,97.2233333333333,100,95.24,36,15,21
3512,856315,97.2208333333333,93.33,100,36,15,21
3513,856480,100,100,100,32,10,22
3514,856578,100,100,100,34,19,15
3515,856633,100,100,100,40,18,22
3516,857065,100,100,100,35,14,21
3517,857155,97.501,94.12,100,40,17,23
3518,857343,100,100,100,34,17,17
3519,857427,97.0588235294118,100,95,34,14,20
3520,857502,96.55,100,93.33,29,14,15
3521,857547,94.5918918918919,100,91.3,37,14,23
3522,858363,100,100,100,36,20,16
3523,858753,97.4346153846154,100,95.65,39,16,23
3524,858958,100,100,100,36,16,20
3525,859023,100,100,100,31,15,16
3526,859417,97.2222222222222,93.75,100,36,16,20
3527,859544,97.7254545454546,100,95.83,44,20,24
3528,859844,100,100,100,43,23,20
3529,860270,100,100,100,32,16,16
3530,860282,100,100,100,38,24,14
3531,860379,100,100,100,43,26,17
3532,861348,97.1431428571429,100,88.89,35,26,9
3533,861396,100,100,100,36,25,11
3534,861498,97.5624390243902,100,94.74,41,22,19
3535,861621,96.97,100,90.91,33,22,11
3536,861683,100,100,100,37,23,14
3537,861777,80.6435483870968,68.75,93.33,31,16,15
3538,861854,100,100,100,32,20,12
3539,862205,100,100,100,38,23,15
3540,862295,85.1851851851852,84.62,85.71,27,13,14
3541,862304,89.2821428571429,91.3,80,28,23,5
3542,862323,81.482962962963,78.57,84.62,27,14,13
3543,862350,100,100,100,37,19,18
3544,862389,97.559756097561,95.65,100,41,23,18
3545,862407,100,100,100,27,12,15
3546,862464,100,100,100,38,23,15
3547,862984,100,100,100,38,16,22
3548,863149,96.876875,100,94.74,32,13,19
3549,863186,100,100,100,33,13,20
3550,863383,97.2233333333333,92.86,100,36,14,22
3551,864504,100,100,100,30,13,17
3552,864540,96.2977777777778,92.86,100,27,14,13
3553,864761,100,100,100,34,18,16
3554,864840,100,100,100,34,10,24
3555,865112,100,100,100,40,20,20
3556,865198,97.6732558139535,95.65,100,43,23,20
3557,865553,92.3071794871795,78.57,100,39,14,25
3558,865622,97.62,95.24,100,42,21,21
3559,865678,96.5489655172414,94.44,100,29,18,11
3560,867971,100,100,100,37,18,19
3561,868138,94.288,100,91.67,35,11,24
3562,868229,94.8738461538461,100,90.48,39,18,21
3563,868556,100,100,100,37,19,18
3564,868972,97.0564705882353,94.44,100,34,18,16
3565,869042,88.8891666666667,82.35,94.74,36,17,19
3566,869273,96.43,91.67,100,28,12,16
3567,869515,96.668,94.12,100,30,17,13
3568,869535,94.2845714285714,94.44,94.12,35,18,17
3569,869763,94.445,88.89,100,36,18,18
3570,869822,94.1179411764706,94.74,93.33,34,19,15
3571,869826,94.7373684210526,88.89,100,19,9,10
3572,870399,100,100,100,37,19,18
3573,870777,97.0597058823529,92.31,100,34,13,21
3574,870842,94.8717948717949,90,100,39,20,19
3575,870902,88.4603846153846,93.33,81.82,26,15,11
3576,871064,97.0588235294118,100,95,34,14,20
3577,871139,100,100,100,38,20,18
3578,871352,100,100,100,35,19,16
3579,871384,96.7745161290323,100,90.91,31,20,11
3580,871651,96.2985185185185,100,94.74,27,8,19
3581,872067,95.835,100,91.67,24,12,12
3582,872241,100,100,100,25,9,16
3583,872290,100,100,100,20,6,14
3584,872298,100,100,100,22,10,12
3585,872349,100,100,100,22,10,12
3586,872782,100,100,100,16,6,10
3587,873481,100,100,100,10,4,6
3588,873532,100,100,100,10,4,6
3589,873601,90.9072727272727,83.33,100,11,6,5
3590,873651,92.3053846153846,85.71,100,13,7,6
3591,873970,87.5,75,100,8,4,4
3592,874035,80,0,100,5,1,4
3593,874089,85.7142857142857,75,100,7,4,3
3594,874099,83.335,66.67,100,6,3,3
3595,874170,100,100,100,6,4,2
3596,874306,90,75,100,10,4,6
3597,874626,100,100,100,12,4,8
3598,874698,100,100,100,3,2,1
3599,874944,100,100,100,10,2,8
3600,874959,100,100,100,9,4,5
3601,875181,100,100,100,10,3,7
3602,875410,100,100,100,6,2,4
3603,875519,83.3341666666667,100,71.43,12,5,7
3604,876406,92.5922222222222,91.67,93.33,27,12,15
3605,877049,96.5537931034483,100,94.74,29,10,19
3606,877190,100,100,100,28,10,18
3607,877344,100,100,100,27,9,18
3608,877461,96.665,93.33,100,30,15,15
3609,877767,95.2385714285714,100,90.91,21,10,11
3610,877772,100,100,100,17,5,12
3611,877890,100,100,100,24,12,12
3612,878172,78.9463157894737,80,78.57,19,5,14
3613,878240,85.712380952381,100,76.92,21,8,13
3614,878273,95.002,100,92.86,20,6,14
3615,878290,94.7373684210526,100,88.89,19,10,9
3616,878441,95.6508695652174,85.71,100,23,7,16
3617,879115,97.4338461538462,100,95.83,39,15,24
3618,879265,97.5585365853659,100,96.15,41,15,26
3619,879363,97.4346153846154,100,95.65,39,16,23
3620,879558,90.9072727272727,100,83.33,33,15,18
3621,880103,100,100,100,41,17,24
3622,880143,97.4346153846154,93.33,100,39,15,24
3623,880224,100,100,100,36,13,23
3624,880295,100,100,100,36,16,20
3625,880914,100,100,100,35,13,22
3626,881076,93.748125,85.71,100,32,14,18
3627,881309,96.6666666666667,100,95,30,10,20
3628,881831,100,100,100,43,18,25
3629,882456,95.9988,95.45,96.43,50,22,28
3630,882525,98.1122641509434,95.65,100,53,23,30
3631,882612,97.5585365853659,95.45,100,41,22,19
3632,882791,100,100,100,45,18,27
3633,882817,96.1557692307692,96,96.3,52,25,27
3634,883077,97.9571428571429,95.45,100,49,22,27
3635,883318,95.3506976744186,90.48,100,43,21,22
3636,883902,97.6190476190476,95,100,42,20,22
3637,884096,96.9681818181818,93.33,100,33,15,18
3638,884165,100,100,100,40,19,21
3639,884219,100,100,100,38,17,21
3640,884387,92,87.5,100,25,16,9
3641,884750,100,100,100,25,14,11
3642,884930,100,100,100,29,13,16
3643,885356,100,100,100,26,11,15
3644,885580,100,100,100,25,12,13
3645,885977,100,100,100,25,12,13
3646,886081,95.2380952380952,100,90,21,11,10
3647,887074,100,100,100,23,12,11
3648,887167,100,100,100,29,14,15
3649,887203,100,100,100,30,15,15
3650,887342,100,100,100,26,11,15
3651,887439,100,100,100,26,12,14
3652,887551,100,100,100,19,13,6
3653,887618,100,100,100,24,13,11
3654,887696,100,100,100,28,15,13
3655,888258,100,100,100,24,13,11
3656,888624,100,100,100,24,15,9
3657,888633,100,100,100,26,16,10
3658,888713,100,100,100,26,15,11
3659,888842,95.24,91.67,100,21,12,9
3660,888938,100,100,100,21,13,8
3661,888971,100,100,100,18,13,5
3662,889176,100,100,100,15,9,6
3663,889503,100,100,100,10,8,2
3664,889716,100,100,100,15,10,5
3665,890495,92.8571428571429,100,80,14,9,5
3666,890559,100,100,100,14,10,4
3667,890613,100,100,100,12,9,3
3668,890626,100,100,100,14,10,4
3669,890697,100,100,100,12,9,3
3670,890787,92.3076923076923,87.5,100,13,8,5
3671,890922,100,100,100,17,9,8
3672,891448,94.7368421052632,90,100,19,10,9
3673,891677,100,100,100,21,12,9
3674,891824,90.4761904761905,100,80,21,11,10
3675,892064,90.4766666666667,90.91,90,21,11,10
3676,892150,100,100,100,20,8,12
3677,892813,95.8345833333333,100,92.31,24,11,13
3678,892822,93.3333333333333,100,75,15,11,4
3679,892887,90.91,90.91,90.91,22,11,11
3680,893102,81.8190909090909,50,88.89,11,2,9
3681,893107,94.1176470588235,100,87.5,17,9,8
3682,893119,95.2380952380952,100,90,21,11,10
3683,894022,94.4444444444444,100,87.5,18,10,8
3684,894154,84.6161538461538,66.67,90,13,3,10
3685,894270,96.1519230769231,93.33,100,26,15,11
3686,894373,100,100,100,26,16,10
3687,894418,100,100,100,29,17,12
3688,894838,100,100,100,28,14,14
3689,895616,100,100,100,30,16,14
3690,895699,96.9681818181818,100,93.33,33,18,15
3691,895973,100,100,100,41,21,20
3692,896254,100,100,100,41,20,21
3693,896408,100,100,100,43,21,22
3694,896479,100,100,100,43,21,22
3695,896551,100,100,100,38,15,23
3696,896578,100,100,100,40,20,20
3697,896657,100,100,100,41,17,24
3698,896792,97.2945945945946,100,96.15,37,11,26
3699,896830,100,100,100,47,22,25
3700,896865,100,100,100,41,22,19
3701,896905,100,100,100,31,3,28
3702,896941,100,100,100,44,18,26
3703,897007,100,100,100,42,17,25
3704,897324,100,100,100,30,11,19
3705,897377,96.668,100,91.67,30,18,12
3706,897399,100,100,100,33,19,14
3707,897583,93.94,90.91,100,33,22,11
3708,897610,97.6178571428572,95.65,100,42,23,19
3709,897660,100,100,100,37,19,18
3710,897672,97.2983783783784,95.24,100,37,21,16
3711,897715,100,100,100,36,16,20
3712,897723,97.3694736842105,100,94.12,38,21,17
3713,897828,95.556,100,90.91,45,23,22
3714,898091,95.3476744186047,95.65,95,43,23,20
3715,898226,97.8712765957447,100,95.65,47,24,23
3716,898609,100,100,100,51,28,23
3717,899073,97.915625,100,95.65,48,25,23
3718,899130,97.6204761904762,94.74,100,42,19,23
3719,899233,100,100,100,46,25,21
3720,899298,96.667,100,88.89,30,21,9
3721,899985,97.2983783783784,100,95.24,37,16,21
3722,900090,94.74,94.74,94.74,38,19,19
3723,900147,100,100,100,37,16,21
3724,900207,97.498,94.44,100,40,18,22
3725,900358,94.12,100,88.24,34,17,17
3726,900429,91.6666666666667,87.5,95,36,16,20
3727,900903,100,100,100,20,8,12
3728,901122,92.8592857142857,84.62,100,28,13,15
3729,901185,100,100,100,28,14,14
3730,901344,100,100,100,31,14,17
3731,901607,100,100,100,31,15,16
3732,901982,100,100,100,34,21,13
3733,902503,97.2230555555555,100,92.31,36,23,13
3734,902623,100,100,100,38,24,14
3735,902771,96.4278571428571,100,83.33,28,22,6
3736,902861,100,100,100,30,19,11
3737,903148,100,100,100,28,14,14
3738,903327,100,100,100,22,13,9
3739,903387,100,100,100,26,14,12
3740,903943,100,100,100,16,6,10
3741,904096,100,100,100,23,12,11
3742,904195,96.0016,91.67,100,25,12,13
3743,904487,95.998,93.33,100,25,15,10
3744,904562,95.6534782608695,92.31,100,23,13,10
3745,904586,100,100,100,8,6,2
3746,904590,100,100,100,21,9,12
3747,904770,93.3313333333333,100,85.71,30,16,14
3748,905057,100,100,100,34,15,19
3749,905439,96.7732258064516,85.71,100,31,7,24
3750,905945,100,100,100,41,19,22
3751,906005,100,100,100,46,23,23
3752,906302,100,100,100,40,22,18
3753,906493,100,100,100,35,17,18
3754,906601,100,100,100,30,10,20
3755,906925,100,100,100,29,17,12
3756,907171,100,100,100,47,22,25
3757,907429,100,100,100,48,20,28
3758,907479,100,100,100,48,26,22
3759,907585,95.120487804878,100,85.71,41,27,14
3760,907695,100,100,100,32,7,25
3761,907920,97.8731914893617,95.24,100,47,21,26
3762,908124,100,100,100,47,18,29
3763,908197,100,100,100,45,20,25
3764,908744,98.2473684210526,96.3,100,57,27,30
3765,909362,100,100,100,27,16,11
3766,909437,92.6787804878049,89.47,95.45,41,19,22
3767,910066,97.2972972972973,100,93.75,37,21,16
3768,910640,100,100,100,45,26,19
3769,910833,100,100,100,36,19,17
3770,911717,100,100,100,47,24,23
3771,912328,95.7463829787234,91.67,100,47,24,23
3772,912372,100,100,100,44,26,18
3773,912532,100,100,100,47,25,22
3774,912648,97.498,95.83,100,40,24,16
3775,912831,94.8717948717949,90,100,39,20,19
3776,913056,94.2845714285714,94.44,94.12,35,18,17
3777,913065,90.910303030303,87.5,94.12,33,16,17
3778,913443,100,100,100,28,20,8
3779,913816,100,100,100,28,13,15
3780,913939,89.6562068965517,92.31,87.5,29,13,16
3781,913983,95.83375,100,90.91,24,13,11
3782,914139,95,90,100,20,10,10
3783,914171,100,100,100,24,10,14
3784,914288,100,100,100,20,8,12
3785,915557,100,100,100,23,8,15
3786,915602,100,100,100,21,10,11
3787,916624,100,100,100,24,14,10
3788,916906,100,100,100,23,13,10
3789,917346,100,100,100,16,11,5
3790,917353,100,100,100,13,9,4
3791,917697,100,100,100,24,17,7
3792,917842,100,100,100,15,8,7
3793,917994,90.4761904761905,100,75,21,13,8
3794,918016,95.2371428571429,100,83.33,21,15,6
3795,918321,88.89,100,66.67,18,12,6
3796,918573,100,100,100,24,15,9
3797,918642,100,100,100,23,15,8
3798,919512,91.6666666666667,100,75,24,16,8
3799,919668,96.668,100,91.67,30,18,12
3800,919983,100,100,100,23,10,13
3801,920159,97.0605882352941,100,94.74,34,15,19
3802,920181,96.5537931034483,100,94.74,29,10,19
3803,920902,97.3694736842105,100,94.12,38,21,17
3804,920921,100,100,100,38,21,17
3805,920954,100,100,100,34,16,18
3806,920986,100,100,100,22,13,9
3807,921317,100,100,100,28,13,15
3808,922066,100,100,100,33,16,17
3809,922265,100,100,100,31,15,16
3810,922318,96.8759375,92.31,100,32,13,19
3811,922944,95,90,100,20,10,10
3812,923718,100,100,100,18,5,13
3813,924122,100,100,100,23,10,13
3814,924314,96.2962962962963,90,100,27,10,17
3815,924435,100,100,100,24,12,12
3816,924597,100,100,100,24,8,16
3817,924624,96.1538461538462,90,100,26,10,16
3818,924894,100,100,100,21,5,16
3819,925157,100,100,100,19,5,14
3820,925166,100,100,100,18,5,13
3821,925215,77.7766666666667,100,33.33,9,6,3
3822,925235,100,100,100,19,5,14
3823,925284,100,100,100,18,5,13
3824,926857,100,100,100,19,7,12
3825,927098,100,100,100,15,3,12
3826,927118,92.3096153846154,100,86.67,26,11,15
3827,927247,90.91,100,77.78,22,13,9
3828,927337,100,100,100,18,9,9
3829,927458,96.4257142857143,100,94.44,28,10,18
3830,927658,87.0993548387097,84.62,88.89,31,13,18
3831,927850,100,100,100,23,12,11
3832,928191,100,100,100,20,8,12
3833,928239,95,100,90,20,10,10
3834,928417,94.999,100,83.33,20,14,6
3835,928536,100,100,100,28,14,14
3836,928803,96.0016,100,91.67,25,13,12
3837,929325,100,100,100,32,17,15
3838,929750,100,100,100,35,14,21
3839,929925,97.1445714285714,100,94.74,35,16,19
3840,930045,100,100,100,41,18,23
3841,930079,100,100,100,34,12,22
3842,930342,100,100,100,40,13,27
3843,930850,100,100,100,35,15,20
3844,931181,100,100,100,29,10,19
3845,931409,100,100,100,31,14,17
3846,931784,91.8905405405405,95.45,86.67,37,22,15
3847,931802,93.1062068965517,91.67,94.12,29,12,17
3848,931812,91.4302857142857,94.74,87.5,35,19,16
3849,931874,96.667,100,88.89,30,21,9
3850,931883,92.3080769230769,100,71.43,26,19,7
3851,932054,90.3241935483871,88.89,92.31,31,18,13
3852,932626,100,100,100,27,10,17
3853,932641,92.8571428571429,100,87.5,28,12,16
3854,933305,93.334,100,81.82,30,19,11
3855,934146,100,100,100,40,21,19
3856,934802,100,100,100,42,20,22
3857,935130,100,100,100,35,14,21
3858,936162,97.8736170212766,94.74,100,47,19,28
3859,936236,100,100,100,45,15,30
3860,936287,93.9393939393939,100,87.5,33,17,16
3861,936480,100,100,100,46,20,26
3862,936795,97.776,100,94.44,45,27,18
3863,936894,100,100,100,41,17,24
3864,937020,100,100,100,39,20,19
3865,937032,100,100,100,48,23,25
3866,937342,93.332,100,83.33,30,18,12
3867,937448,100,100,100,38,22,16
3868,937547,94.5940540540541,94.44,94.74,37,18,19
3869,937874,95.2342857142857,95.83,94.44,42,24,18
3870,937970,97.9581632653061,100,95.65,49,26,23
3871,938153,100,100,100,38,19,19
3872,938276,100,100,100,38,20,18
3873,938751,100,100,100,43,20,23
3874,938763,100,100,100,39,19,20
3875,938853,100,100,100,33,11,22
3876,938913,100,100,100,40,18,22
3877,939306,100,100,100,37,17,20
3878,939435,96.7741935483871,100,95,31,11,20
3879,939589,100,100,100,24,13,11
3880,939972,100,100,100,29,13,16
3881,940074,100,100,100,25,8,17
3882,940130,100,100,100,29,10,19
3883,940191,100,100,100,32,15,17
3884,940271,100,100,100,27,13,14
3885,940310,100,100,100,22,4,18
3886,940466,100,100,100,28,7,21
3887,940493,90.9081818181818,93.33,88.89,33,15,18
3888,941031,96.8725,100,94.44,32,14,18
3889,941421,100,100,100,35,16,19
3890,941760,100,100,100,38,16,22
3891,941770,100,100,100,31,16,15
3892,941814,100,100,100,42,14,28
3893,941871,97.6744186046512,93.75,100,43,16,27
3894,941890,97.6178571428571,93.33,100,42,15,27
3895,942273,100,100,100,39,15,24
3896,942381,100,100,100,30,16,14
3897,942390,94.735,100,92.59,38,11,27
3898,942619,100,100,100,44,20,24
3899,942810,100,100,100,38,17,21
3900,942868,97.6744186046512,100,96,43,18,25
3901,942972,95.6526086956522,88.89,100,23,9,14
3902,942976,93.334,100,88.89,15,6,9
3903,942987,97.0588235294118,95,100,34,20,14
3904,943018,97.1428571428571,100,95,35,15,20
3905,943134,88.2352941176471,100,75,17,9,8
3906,943188,87.0974193548387,85.71,88.24,31,14,17
3907,943198,82.3523529411765,78.57,85,34,14,20
3908,943628,97.2983783783784,92.86,100,37,14,23
3909,943831,93.5487096774194,90.91,95,31,11,20
3910,943904,100,100,100,31,10,21
3911,943960,100,100,100,27,9,18
3912,944066,97.4366666666667,92.31,100,39,13,26
3913,944309,97.2983783783784,94.12,100,37,17,20
3914,944723,97.0605882352941,94.74,100,34,19,15
3915,945099,92.3084615384615,81.82,100,26,11,15
3916,945501,95.835,100,92.86,24,10,14
3917,945598,91.3047826086957,71.43,100,23,7,16
3918,946384,86.6646666666666,85.71,87.5,15,7,8
3919,946521,94.7368421052632,90,100,19,10,9
3920,946939,100,100,100,16,9,7
3921,948528,91.6675,100,66.67,12,9,3
3922,948691,100,100,100,13,9,4
3923,948763,100,100,100,13,7,6
3924,948838,100,100,100,13,9,4
3925,949014,100,100,100,17,11,6
3926,949093,100,100,100,14,9,5
3927,949105,100,100,100,15,11,4
3928,949333,100,100,100,14,8,6
3929,949743,100,100,100,13,7,6
3930,950584,100,100,100,23,11,12
3931,950668,100,100,100,25,11,14
3932,950691,100,100,100,26,13,13
3933,950739,100,100,100,23,13,10
3934,951842,96.2966666666667,100,88.89,27,18,9
3935,952112,100,100,100,32,18,14
3936,952158,100,100,100,35,23,12
3937,952281,100,100,100,31,16,15
3938,952557,100,100,100,27,13,14
3939,952665,100,100,100,25,14,11
3940,952934,100,100,100,23,14,9
3941,953154,100,100,100,24,13,11
3942,953162,100,100,100,27,14,13
3943,953199,95.998,93.33,100,25,15,10
3944,953688,86.9591304347826,90,84.62,23,10,13
3945,953817,95.2385714285714,100,90.91,21,10,11
3946,954203,100,100,100,21,9,12
3947,954443,94.4466666666667,100,92.86,18,4,14
3948,954536,100,100,100,16,7,9
3949,954720,72.7268181818182,66.67,76.92,22,9,13
3950,954956,95.4563636363636,100,91.67,22,10,12
3951,955079,96.1553846153846,100,92.86,26,12,14
3952,955202,95.4563636363636,92.86,100,22,14,8
3953,955439,100,100,100,25,12,13
3954,955977,100,100,100,24,15,9
3955,956183,96.665,93.33,100,30,15,15
3956,956240,100,100,100,21,16,5
3957,956775,100,100,100,29,12,17
3958,956941,100,100,100,29,18,11
3959,957069,96.4285714285714,100,93.75,28,12,16
3960,957828,96.2974074074074,100,92.31,27,14,13
3961,959017,97.22,94.44,100,36,18,18
3962,959229,97.2945945945946,100,95.45,37,15,22
3963,959392,100,100,100,32,11,21
3964,959839,100,100,100,31,12,19
3965,959946,100,100,100,28,13,15
3966,959962,100,100,100,26,9,17
3967,960025,100,100,100,19,9,10
3968,960723,100,100,100,36,16,20
3969,960868,96.7754838709677,100,94.12,31,14,17
3970,961006,100,100,100,28,14,14
3971,961441,96.8734375,93.33,100,32,15,17
3972,961732,100,100,100,29,11,18
3973,961754,100,100,100,24,13,11
3974,962280,96.5531034482759,92.86,100,29,14,15
3975,962473,100,100,100,40,17,23
3976,962542,100,100,100,42,15,27
3977,962623,100,100,100,38,14,24
3978,962788,100,100,100,42,12,30
3979,963310,100,100,100,43,14,29
3980,963520,100,100,100,36,13,23
3981,964090,97.62,94.12,100,42,17,25
3982,964572,100,100,100,39,17,22
3983,965082,100,100,100,40,18,22
3984,965272,100,100,100,39,18,21
3985,965535,97.5585365853659,100,95.45,41,19,22
3986,965658,81.4825925925926,72.73,87.5,27,11,16
3987,966001,96.7751612903226,100,92.31,31,18,13
3988,966051,100,100,100,40,16,24
3989,966637,95.0005,100,90.91,40,18,22
3990,966702,100,100,100,36,14,22
3991,966799,100,100,100,42,19,23
3992,966834,100,100,100,38,20,18
3993,967077,100,100,100,39,18,21
3994,967125,93.1010344827586,100,89.47,29,10,19
3995,967375,100,100,100,17,5,12
3996,967380,94.1176470588235,100,87.5,17,9,8
3997,967392,94.1176470588235,100,90,34,14,20
3998,967623,96.969696969697,100,95,33,13,20
3999,967785,100,100,100,38,14,24
4000,967837,100,100,100,40,14,26
4001,968369,100,100,100,36,14,22
4002,968453,100,100,100,32,12,20
4003,968792,100,100,100,36,15,21
4004,969153,96.2962962962963,93.75,100,27,16,11
4005,969500,92.8592857142857,84.62,100,28,13,15
4006,969987,97.6725581395349,94.44,100,43,18,25
4007,970263,97.5609756097561,93.75,100,41,16,25
4008,970278,97.06,94.12,100,34,17,17
4009,970656,94.12,88.24,100,34,17,17
4010,970677,97.144,94.12,100,35,17,18
4011,971000,100,100,100,41,14,27
4012,971063,97.7281818181818,94.12,100,44,17,27
4013,971131,100,100,100,37,17,20
4014,971161,97.6197619047619,92.31,100,42,13,29
4015,971339,96.43,91.67,100,28,12,16
4016,971345,96.0016,95.24,100,25,21,4
4017,971567,100,100,100,30,12,18
4018,971681,94.8702564102564,94.12,95.45,39,17,22
4019,972271,100,100,100,36,14,22
4020,972386,100,100,100,42,19,23
4021,972608,96.97,90.91,100,33,11,22
4022,972697,97.6744186046512,95,100,43,20,23
4023,972818,100,100,100,38,20,18
4024,973028,95.6521739130435,92,100,46,25,21
4025,973038,90.3225806451613,75,100,31,12,19
4026,973437,97.4358974358974,100,93.75,39,23,16
4027,973544,100,100,100,37,21,16
4028,973634,94.2845714285714,94.44,94.12,35,18,17
4029,973640,97.0588235294118,95,100,34,20,14
4030,973754,100,100,100,32,17,15
4031,973771,97.37,100,94.74,38,19,19
4032,973877,97.4358974358974,95,100,39,20,19
4033,973916,100,100,100,31,16,15
4034,974550,95.4545454545455,75,100,22,4,18
4035,975052,96.7754838709677,94.12,100,31,17,14
4036,975067,94.5956756756757,95,94.12,37,20,17
4037,975082,94.2857142857143,87.5,100,35,16,19
4038,975100,94.87,100,89.47,39,20,19
4039,975183,97.6190476190476,100,95,42,22,20
4040,975280,100,100,100,43,21,22
4041,975352,95.1187804878049,94.44,95.65,41,18,23
4042,975378,88.3716279069767,100,78.26,43,20,23
4043,975399,97.4358974358974,100,95,39,19,20
4044,975448,100,100,100,40,22,18
4045,975526,100,100,100,37,17,20
4046,975868,100,100,100,37,18,19
4047,976208,100,100,100,33,13,20
4048,976479,100,100,100,31,10,21
4049,976663,100,100,100,36,17,19
4050,976864,100,100,100,36,13,23
4051,976926,100,100,100,41,25,16
4052,976950,100,100,100,40,22,18
4053,977112,100,100,100,40,18,22
4054,977299,97.0573529411765,100,95.65,34,11,23
4055,977329,100,100,100,43,19,24
4056,977373,97.6744186046512,100,96,43,18,25
4057,977392,97.8744680851064,100,96.3,47,20,27
4058,977409,100,100,100,41,15,26
4059,977565,100,100,100,47,20,27
4060,977845,100,100,100,53,21,32
4061,978303,100,100,100,50,23,27
4062,978337,100,100,100,48,19,29
4063,978472,97.6725581395349,100,95.83,43,19,24
4064,978523,94.8717948717949,87.5,100,39,16,23
4065,978534,100,100,100,24,8,16
4066,978544,97.144,100,95.24,35,14,21
4067,978616,100,100,100,36,17,19
4068,979003,100,100,100,39,14,25
4069,979276,100,100,100,36,13,23
4070,979435,100,100,100,39,14,25
4071,979852,100,100,100,34,8,26
4072,979945,97.0588235294118,87.5,100,34,8,26
4073,980028,100,100,100,33,10,23
4074,980221,100,100,100,38,9,29
4075,981233,96.871875,100,95.45,32,10,22
4076,981468,100,100,100,29,6,23
4077,982175,100,100,100,24,11,13
4078,982263,100,100,100,25,9,16
4079,982374,100,100,100,29,3,26
4080,982653,100,100,100,27,6,21
4081,982836,100,100,100,23,5,18
4082,982849,100,100,100,25,6,19
4083,983738,100,100,100,15,6,9
4084,983803,100,100,100,21,10,11
4085,983972,100,100,100,20,10,10
4086,984074,100,100,100,21,10,11
4087,984149,100,100,100,20,10,10
4088,984903,100,100,100,16,9,7
4089,985441,95.0005,88.89,100,20,9,11
4090,985656,100,100,100,16,10,6
4091,985964,94.1176470588235,87.5,100,17,8,9
4092,986047,93.75,90,100,16,10,6
4093,986198,91.6675,88.89,100,12,9,3
4094,986755,100,100,100,9,3,6
4095,986881,91.665,83.33,100,12,6,6
4096,986954,88.8888888888889,50,100,9,2,7
4097,987479,100,100,100,11,2,9
4098,987720,92.8571428571429,100,90,14,4,10
4099,987817,100,100,100,13,5,8
4100,987978,100,100,100,18,6,12
4101,988413,100,100,100,18,7,11
4102,988437,100,100,100,20,8,12
4103,988671,90.4766666666667,90,90.91,21,10,11
4104,988842,100,100,100,26,10,16
4105,989445,94.1176470588235,75,100,17,4,13
4106,989661,100,100,100,23,5,18
4107,989742,95.6534782608695,100,92.31,23,10,13
4108,990222,100,100,100,23,9,14
4109,990454,89.4742105263158,88.89,90,19,9,10
4110,990901,100,100,100,31,12,19
4111,991268,100,100,100,28,8,20
4112,991283,100,100,100,27,10,17
4113,991375,100,100,100,30,11,19
4114,991601,100,100,100,33,11,22
4115,991711,100,100,100,32,11,21
4116,991792,100,100,100,37,14,23
4117,991916,97.4358974358974,100,96,39,14,25
4118,992042,100,100,100,41,16,25
4119,992110,100,100,100,43,16,27
4120,992264,100,100,100,40,15,25
4121,992447,100,100,100,44,18,26
4122,993200,95.915306122449,95.65,96.15,49,23,26
4123,994315,97.7786666666667,100,95.24,45,24,21
4124,994380,93.0227906976744,96.15,88.24,43,26,17
4125,994495,97.915625,100,95.65,48,25,23
4126,994601,97.8702127659574,95.45,100,47,22,25
4127,994642,97.7261363636364,95.65,100,44,23,21
4128,995132,100,100,100,34,14,20
4129,995413,100,100,100,46,22,24
4130,995454,97.4369230769231,91.67,100,39,12,27
4131,995617,100,100,100,36,13,23
4132,995653,100,100,100,40,19,21
4133,995792,96.6666666666667,100,90,30,20,10
4134,995869,100,100,100,33,16,17
4135,995905,100,100,100,28,14,14
4136,996075,94.12,94.12,94.12,34,17,17
4137,996144,96.0016,100,92.86,25,11,14
4138,996317,100,100,100,26,11,15
4139,996333,96.5527586206896,92.31,100,29,13,16
4140,996393,100,100,100,34,15,19
4141,996567,91.3069565217391,100,84.62,23,10,13
4142,996583,97.1405714285714,100,94.44,35,17,18
4143,996708,100,100,100,27,16,11
4144,997115,100,100,100,25,12,13
4145,997375,100,100,100,19,8,11
4146,997853,100,100,100,11,5,6
4147,998310,100,100,100,12,3,9
4148,999334,94.1158823529412,85.71,100,17,7,10
4149,999355,100,100,100,13,4,9
4150,999729,93.748125,85.71,100,16,7,9
4151,1000177,95.2380952380952,87.5,100,21,8,13
4152,1000525,100,100,100,16,6,10
4153,1000837,92.3084615384615,100,88.89,13,4,9
4154,1000846,94.4466666666667,100,91.67,18,6,12
4155,1000885,100,100,100,17,6,11
4156,1000942,100,100,100,18,5,13
4157,1001485,100,100,100,20,10,10
4158,1001734,100,100,100,12,8,4
4159,1002449,91.6625,94.44,83.33,24,18,6
4160,1003004,100,100,100,12,7,5
4161,1003415,95.002,91.67,100,20,12,8
4162,1003531,100,100,100,24,15,9
4163,1004275,100,100,100,27,12,15
4164,1004808,100,100,100,30,15,15
4165,1005007,87.500625,100,71.43,16,9,7
4166,1005011,80,100,75,10,2,8
4167,1005017,88.2352941176471,100,60,17,12,5
4168,1005095,88.89,66.67,100,9,3,6
4169,1005342,100,100,100,21,11,10
4170,1005407,87.5,87.5,87.5,16,8,8
4171,1005419,74.99875,83.33,70,16,6,10
4172,1005429,81.25,100,50,16,10,6
4173,1005449,84.211052631579,88.89,80,19,9,10
4174,1005516,95.8345833333333,92.31,100,24,13,11
4175,1005549,90.9072727272727,100,83.33,22,10,12
4176,1005641,100,100,100,21,11,10
4177,1006004,91.3026086956522,100,83.33,23,11,12
4178,1007043,90.910303030303,94.12,87.5,33,17,16
4179,1007130,100,100,100,32,14,18
4180,1007284,93.5490322580645,100,88.89,31,13,18
4181,1007488,100,100,100,22,11,11
4182,1007502,96.6686666666667,100,94.74,30,11,19
4183,1008078,96.8734375,100,93.33,32,17,15
4184,1008189,96.87625,100,92.86,32,18,14
4185,1008235,100,100,100,27,13,14
4186,1008301,100,100,100,37,19,18
4187,1008340,94.7389473684211,95.24,94.12,38,21,17
4188,1008360,100,100,100,33,19,14
4189,1008395,100,100,100,26,16,10
4190,1008427,94.5951351351351,100,88.89,37,19,18
4191,1008481,100,100,100,37,21,16
4192,1008693,100,100,100,39,22,17
4193,1008837,95.120243902439,89.47,100,41,19,22
4194,1008892,97.7281818181818,100,95.24,44,23,21
4195,1009114,100,100,100,45,19,26
4196,1009417,96.8759375,100,92.31,32,19,13
4197,1009672,90,100,80,20,10,10
4198,1009677,86.6666666666667,95,70,30,20,10
4199,1009687,91.4285714285714,90,92,35,10,25
4200,1009744,97.6190476190476,100,96,42,17,25
4201,1009797,100,100,100,39,17,22
4202,1009834,97.6725581395349,100,95.83,43,19,24
4203,1009920,94.7373684210526,100,90.91,38,16,22
4204,1010184,95.9183673469388,100,92,49,24,25
4205,1010346,97.825,100,95.65,46,23,23
4206,1010409,95.65,100,93.33,46,16,30
4207,1010637,97.1405714285714,100,95.83,35,11,24
4208,1010643,95.2357142857143,95.45,95,42,22,20
4209,1010742,93.616170212766,100,88.46,47,21,26
4210,1010771,97.9145833333333,100,96.15,48,22,26
4211,1010783,95.5573333333333,100,92.86,45,17,28
4212,1011126,100,100,100,50,21,29
4213,1011147,100,100,100,43,21,22
4214,1011372,100,100,100,44,20,24
4215,1011410,96.2245283018868,100,93.33,53,23,30
4216,1011450,97.91875,100,96.3,48,21,27
4217,1011488,97.7766666666667,100,95.65,45,22,23
4218,1011699,100,100,100,49,20,29
4219,1011871,100,100,100,39,17,22
4220,1012575,96.668,92.86,100,30,14,16
4221,1012922,96.7716129032258,94.44,100,31,18,13
4222,1012961,96.1553846153846,94.12,100,26,17,9
4223,1013220,92.8542857142857,94.44,90,28,18,10
4224,1013400,86.954347826087,93.33,75,23,15,8
4225,1013779,93.9424242424242,92.86,94.74,33,14,19
4226,1013938,97.0588235294118,93.75,100,34,16,18
4227,1014076,97.2983783783784,100,95.24,37,16,21
4228,1014109,100,100,100,38,17,21
4229,1014368,97.1414285714286,93.33,100,35,15,20
4230,1014412,100,100,100,32,13,19
4231,1014540,96.548275862069,100,95.45,29,7,22
4232,1014648,100,100,100,32,11,21
4233,1014784,95.0015,100,92.31,20,7,13
4234,1014871,93.5483870967742,75,100,31,8,23
4235,1015146,93.75,100,80,16,11,5
4236,1015331,100,100,100,27,6,21
4237,1015734,88.8877777777778,92.31,85.71,27,13,14
4238,1016007,96.875,100,95,32,12,20
4239,1016246,93.33,93.33,93.33,30,15,15
4240,1016279,97.06,100,95.24,34,13,21
4241,1016538,90.6221875,88.89,91.3,32,9,23
4242,1016899,100,100,100,34,12,22
4243,1017044,96.8734375,100,95.65,32,9,23
4244,1017089,94.7368421052632,100,92,38,13,25
4245,1017296,96.969696969697,100,96,33,8,25
4246,1017425,100,100,100,32,9,23
4247,1018204,91.6666666666667,100,87.5,24,8,16
4248,1018479,90,92.31,85.71,20,13,7
4249,1018764,87.50125,66.67,100,16,6,10
4250,1018768,100,100,100,18,6,12
4251,1018909,89.2889285714286,90.91,88.24,28,11,17
4252,1019059,96,90,100,25,10,15
4253,1019073,95.6539130434783,100,94.12,23,6,17
4254,1019092,100,100,100,28,11,17
4255,1019170,100,100,100,27,12,15
4256,1019197,100,100,100,27,12,15
4257,1019307,94.1182352941177,88.89,100,17,9,8
4258,1019337,100,100,100,20,4,16
4259,1019599,96.4267857142857,100,93.33,28,13,15
4260,1020132,78.57,57.14,100,14,7,7
4261,1020573,79.998,83.33,75,10,6,4
4262,1020797,100,100,100,15,8,7
4263,1020980,92.8557142857143,83.33,100,14,6,8
4264,1021088,93.748125,85.71,100,16,7,9
4265,1021162,91.6666666666667,100,75,12,8,4
4266,1021212,100,100,100,14,7,7
4267,1021362,100,100,100,15,8,7
4268,1022628,96.9706060606061,92.31,100,33,13,20
4269,1022981,100,100,100,29,14,15
4270,1023200,100,100,100,33,17,16
4271,1023302,100,100,100,37,22,15
4272,1023317,96.7761290322581,94.74,100,31,19,12
4273,1023519,100,100,100,23,13,10
4274,1023719,100,100,100,34,21,13
4275,1024218,94.7389473684211,90.48,100,38,21,17
4276,1024231,97.2222222222222,100,93.75,36,20,16
4277,1024459,93.9393939393939,90,100,33,20,13
4278,1024523,97.3657894736842,95.45,100,38,22,16
4279,1024534,97.4346153846154,95.65,100,39,23,16
4280,1024565,88.5714285714286,80,100,35,20,15
4281,1025540,100,100,100,41,23,18
4282,1025618,97.5,96,100,40,25,15
4283,1026163,100,100,100,37,26,11
4284,1026597,97.1437142857143,100,92.31,35,22,13
4285,1026719,97.5585365853659,96.15,100,41,26,15
4286,1026743,100,100,100,32,18,14
4287,1026783,93.74875,95.65,88.89,32,23,9
4288,1026956,100,100,100,33,21,12
4289,1027684,97.06,100,94.12,34,17,17
4290,1028022,100,100,100,29,15,14
4291,1028313,96.4307142857143,94.74,100,28,19,9
4292,1028333,97.1405714285714,94.44,100,35,18,17
4293,1028834,91.6675,93.33,90.48,36,15,21
4294,1028845,94.7347368421053,94.44,95,38,18,20
4295,1029103,100,100,100,40,21,19
4296,1029163,100,100,100,31,15,16
4297,1029505,96.551724137931,95,100,29,20,9
4298,1029616,97.144,95.24,100,35,21,14
4299,1029838,100,100,100,32,17,15
4300,1030661,93.75,100,87.5,32,16,16
4301,1030907,100,100,100,29,12,17
4302,1030928,100,100,100,19,11,8
4303,1031413,96.1542307692308,88.89,100,26,9,17
4304,1031511,96.9709090909091,92.86,100,33,14,19
4305,1031823,100,100,100,33,17,16
4306,1032307,100,100,100,36,18,18
4307,1032727,97.96,95.24,100,49,21,28
4308,1032773,100,100,100,57,32,25
4309,1033049,100,100,100,49,33,16
4310,1033369,100,100,100,55,26,29
4311,1033380,100,100,100,48,27,21
4312,1033425,100,100,100,54,29,25
4313,1033606,100,100,100,38,25,13
4314,1033647,98.2160714285714,100,96.3,56,29,27
4315,1033794,97.7254545454546,100,94.44,44,26,18
4316,1034079,100,100,100,35,7,28
4317,1034275,98.3325,100,96.55,60,31,29
4318,1034329,100,100,100,45,22,23
4319,1034445,97.1428571428571,100,90,35,25,10
4320,1034548,100,100,100,56,31,25
4321,1034824,98.3622950819672,96.67,100,61,30,31
4322,1034872,98.1472222222222,100,96.55,54,25,29
4323,1034928,94.5962162162162,100,92.31,37,11,26
4324,1034949,100,100,100,53,28,25
4325,1035027,100,100,100,47,16,31
4326,1035297,98.18,96.15,100,55,26,29
4327,1035495,97.9984,100,95.83,50,26,24
4328,1035651,100,100,100,49,24,25
4329,1035705,100,100,100,45,19,26
4330,1036607,100,100,100,46,24,22
4331,1036827,100,100,100,49,23,26
4332,1036969,98.0411764705882,100,96.3,51,24,27
4333,1036993,98.1150943396226,96.3,100,53,27,26
4334,1037085,100,100,100,45,17,28
4335,1037344,96.3618181818182,100,93.1,55,26,29
4336,1037692,95.1219512195122,100,92,41,16,25
4337,1038343,98.1462962962963,100,97.14,54,19,35
4338,1038572,100,100,100,56,23,33
4339,1038619,100,100,100,59,24,35
4340,1039165,98.2153571428571,94.74,100,56,19,37
4341,1039171,98.1511111111111,96.88,100,54,32,22
4342,1039347,100,100,100,52,20,32
4343,1039365,98.2133928571429,95.65,100,56,23,33
4344,1039389,98.0008,100,96.43,50,22,28
4345,1039488,100,100,100,65,32,33
4346,1039566,100,100,100,62,29,33
4347,1040091,98.0776923076923,96.43,100,52,28,24
4348,1040256,100,100,100,57,22,35
4349,1040626,98.1481481481482,96,100,54,25,29
4350,1041047,100,100,100,44,22,22
4351,1041112,100,100,100,50,24,26
4352,1041391,97.0573529411765,100,93.33,34,19,15
4353,1041505,100,100,100,45,19,26
4354,1042285,88.5694285714286,96.15,66.67,35,26,9
4355,1042327,97.6178571428572,95.65,100,42,23,19
4356,1042409,97.9575510204082,95.83,100,49,24,25
4357,1042531,95.2383333333333,94.74,95.65,42,19,23
4358,1042544,97.62,95.24,100,42,21,21
4359,1042604,100,100,100,43,19,24
4360,1043200,100,100,100,54,23,31
4361,1043222,98.18,95.45,100,55,22,33
4362,1043497,100,100,100,39,18,21
4363,1043761,100,100,100,44,21,23
4364,1043798,100,100,100,41,24,17
4365,1043939,97.5,95,100,40,20,20
4366,1043972,97.6178571428572,95.65,100,42,23,19
4367,1044080,100,100,100,45,24,21
4368,1044124,97.7272727272727,95,100,44,20,24
4369,1044154,97.06,100,91.67,34,22,12
4370,1044158,96.2966666666667,90.91,100,27,11,16
4371,1044320,100,100,100,37,15,22
4372,1044327,94.5967567567568,91.67,100,37,24,13
4373,1044434,92.3064102564103,95.65,87.5,39,23,16
4374,1045042,100,100,100,39,21,18
4375,1045296,100,100,100,40,18,22
4376,1045507,100,100,100,35,11,24
4377,1045621,97.7791111111111,94.74,100,45,19,26
4378,1046114,100,100,100,37,15,22
4379,1046677,100,100,100,46,16,30
4380,1046716,98.08,100,96.88,52,20,32
4381,1046902,96.2966666666667,100,88.89,27,18,9
4382,1047109,100,100,100,47,20,27
4383,1047178,100,100,100,47,19,28
4384,1047640,100,100,100,37,19,18
4385,1047754,92.8547619047619,95.45,90,42,22,20
4386,1047862,100,100,100,32,13,19
4387,1048165,94.44,NA,94.44,18,NA,18
4388,1048524,96.2944444444444,100,93.33,27,12,15
4389,1049202,100,100,100,15,6,9
4390,1049210,100,100,100,20,9,11
4391,1050565,81.25125,80,81.82,16,5,11
4392,1051137,100,100,100,10,4,6
4393,1051807,100,100,100,19,7,12
4394,1052569,92.8589285714286,94.12,90.91,28,17,11
4395,1052961,89.6593103448276,88.24,91.67,29,17,12
4396,1053705,94.4466666666667,100,90.48,36,15,21
4397,1053764,97.6190476190476,100,96,42,17,25
4398,1053974,97.8731914893617,100,96.43,47,19,28
4399,1054364,91.3054347826087,100,78.95,46,27,19
4400,1054505,100,100,100,42,28,14
4401,1054815,100,100,100,62,27,35
4402,1055139,100,100,100,65,25,40
4403,1055423,96.2264150943396,96.15,96.3,53,26,27
4404,1055505,98.2433333333333,100,96.77,57,26,31
4405,1055591,96.9712121212121,96.43,97.37,66,28,38
4406,1055609,95.5235820895522,96,95.24,67,25,42
4407,1055639,94.7373684210526,100,90.91,57,24,33
4408,1055649,95.8345833333333,100,92.31,48,22,26
4409,1055727,100,100,100,50,8,42
4410,1055832,96.0811764705882,95.24,96.67,51,21,30
4411,1056642,98.1150943396226,100,96.3,53,26,27
4412,1057087,100,100,100,49,25,24
4413,1057703,100,100,100,48,28,20
4414,1058048,97.8695744680851,96.77,100,47,31,16
4415,1058198,100,100,100,42,29,13
4416,1058526,100,100,100,49,25,24
4417,1059032,100,100,100,49,25,24
4418,1059122,97.6228571428571,96.88,100,42,32,10
4419,1059269,98.0776923076923,96.43,100,52,28,24
4420,1059530,98.0366666666667,96.77,100,51,31,20
4421,1059847,100,100,100,44,26,18
4422,1059986,100,100,100,53,34,19
4423,1060061,98.0392156862745,100,96,51,26,25
4424,1060627,94.8275862068966,100,90,58,28,30
4425,1060648,98.1472222222222,100,96.55,54,25,29
4426,1060735,96.4285714285714,96.67,96.15,56,30,26
4427,1060859,100,100,100,42,15,27
4428,1061168,94.8738461538461,100,92.86,39,11,28
4429,1061174,97.778,100,90.91,45,34,11
4430,1061212,100,100,100,53,27,26
4431,1061576,94.5454545454545,100,90,55,25,30
4432,1062169,88.2333333333333,96.15,80,51,26,25
4433,1062180,88.8886666666667,95.65,81.82,45,23,22
4434,1062647,96.668,100,94.12,30,13,17
4435,1062743,100,100,100,41,25,16
4436,1062882,89.7433333333333,95,84.21,39,20,19
4437,1062978,97.50075,100,92.31,40,27,13
4438,1063146,97.3694736842105,100,91.67,38,26,12
4439,1063285,95.120487804878,100,85.71,41,27,14
4440,1063321,94.4433333333333,100,83.33,36,24,12
4441,1063554,100,100,100,31,21,10
4442,1063578,100,100,100,31,21,10
4443,1063725,100,100,100,22,16,6
4444,1064277,86.3668181818182,88.89,84.62,22,9,13
4445,1064786,100,100,100,17,7,10
4446,1064853,100,100,100,14,8,6
4447,1065153,94.7373684210526,90.91,100,19,11,8
4448,1066041,100,100,100,31,17,14
4449,1066321,100,100,100,39,20,19
4450,1066477,100,100,100,32,19,13
4451,1069259,100,100,100,34,16,18
4452,1069556,97.2222222222222,100,95,36,16,20
4453,1069640,95.4545454545455,100,87.5,22,14,8
4454,1069669,97.7755555555555,100,95.45,45,23,22
4455,1069896,100,100,100,40,22,18
4456,1070340,100,100,100,59,26,33
4457,1070558,96.155,84.62,100,52,13,39
4458,1070795,100,100,100,61,23,38
4459,1071037,100,100,100,55,29,26
4460,1071139,100,100,100,50,26,24
4461,1071181,100,100,100,52,20,32
4462,1071440,100,100,100,56,26,30
4463,1071972,100,100,100,58,25,33
4464,1072049,97.7771111111111,85.71,100,45,7,38
4465,1072664,96.6079661016949,95.65,97.22,59,23,36
4466,1072753,98.2133928571428,96.55,100,56,29,27
4467,1072802,98.4133333333333,96.43,100,63,28,35
4468,1072822,98.1472222222222,95.65,100,54,23,31
4469,1073079,98.1150943396226,100,96.67,53,23,30
4470,1073401,96.4910526315789,96.43,96.55,57,28,29
4471,1073769,97.5634146341463,100,96.67,41,11,30
4472,1073809,100,100,100,52,26,26
4473,1074371,98.0788461538462,100,96.67,52,22,30
4474,1074521,97.2225,88.89,100,36,9,27
4475,1074714,97.6190476190476,90,100,42,10,32
4476,1075094,100,100,100,45,16,29
4477,1075113,100,100,100,41,18,23
4478,1075770,96.1542307692308,90.91,100,52,22,30
4479,1075863,98.0759615384616,95.65,100,52,23,29
4480,1076345,100,100,100,49,20,29
4481,1076439,100,100,100,51,22,29
4482,1076517,87.8793939393939,42.86,100,33,7,26
4483,1077014,100,100,100,59,26,33
4484,1077053,100,100,100,52,22,30
4485,1077134,100,100,100,61,27,34
4486,1077626,100,100,100,55,30,25
4487,1077642,100,100,100,51,26,25
4488,1077737,100,100,100,47,23,24
4489,1077747,98.0788461538462,100,96.67,52,22,30
4490,1077758,98.275,100,96.55,58,29,29
4491,1078152,100,100,100,41,24,17
4492,1078599,100,100,100,33,13,20
4493,1078805,100,100,100,37,19,18
4494,1079385,93.1020689655172,83.33,100,29,12,17
4495,1079536,89.6572413793103,93.75,84.62,29,16,13
4496,1079818,100,100,100,35,20,15
4497,1079899,100,100,100,40,25,15
4498,1079959,94.9955,94.44,95.45,40,18,22
4499,1080139,100,100,100,46,22,24
4500,1080197,95.5573333333333,100,91.67,45,21,24
4501,1080607,100,100,100,36,15,21
4502,1081586,100,100,100,39,19,20
4503,1081598,100,100,100,33,16,17
4504,1081796,97.37,100,94.74,38,19,19
4505,1082447,100,100,100,40,18,22
4506,1082582,100,100,100,44,18,26
4507,1082817,100,100,100,42,20,22
4508,1082940,100,100,100,46,19,27
4509,1083084,100,100,100,44,19,25
4510,1083102,100,100,100,40,17,23
4511,1083333,100,100,100,47,16,31
4512,1083565,100,100,100,36,15,21
4513,1083632,100,100,100,41,18,23
4514,1084022,100,100,100,32,19,13
4515,1084145,100,100,100,35,15,20
4516,1084345,97.6758139534884,94.74,100,43,19,24
4517,1084496,100,100,100,39,16,23
4518,1084769,100,100,100,34,16,18
4519,1084923,94.1182352941177,88.89,100,34,18,16
4520,1084985,97.144,100,92.86,35,21,14
4521,1085289,97.1414285714286,100,93.33,35,20,15
4522,1085535,100,100,100,30,20,10
4523,1085623,96.876875,94.74,100,32,19,13
4524,1085985,95.4545454545455,100,87.5,22,14,8
4525,1086403,100,100,100,22,12,10
4526,1086542,92.3061538461538,83.33,100,13,6,7
4527,1086699,83.3333333333333,75,100,12,8,4
4528,1087089,100,100,100,14,11,3
4529,1087197,100,100,100,16,9,7
4530,1087478,100,100,100,7,2,5
4531,1088502,91.665,100,83.33,12,6,6
4532,1088631,90.001,100,66.67,10,7,3
4533,1088784,100,100,100,7,6,1
4534,1088859,83.3341666666667,71.43,100,12,7,5
4535,1088898,100,100,100,12,6,6
4536,1089378,94.7373684210526,100,88.89,19,10,9
4537,1089756,90.477619047619,92.31,87.5,21,13,8
4538,1090784,100,100,100,15,13,2
4539,1090899,100,100,100,19,12,7
4540,1091042,94.4427777777778,100,85.71,18,11,7
4541,1091219,100,100,100,15,8,7
4542,1091312,90.9072727272727,100,83.33,11,5,6
4543,1091414,90.9090909090909,100,80,11,6,5
4544,1091441,100,100,100,12,9,3
4545,1091528,100,100,100,13,7,6
4546,1092491,80,75,100,5,4,1
4547,1092847,75,100,0,4,3,1
4548,1092995,57.1428571428571,25,100,7,4,3
4549,1093729,100,100,100,10,8,2
4550,1093879,100,100,100,12,9,3
4551,1094136,100,100,100,14,10,4
4552,1094247,100,100,100,13,9,4
4553,1095499,100,100,100,18,10,8
4554,1095788,100,100,100,22,12,10
4555,1096024,94.7373684210526,88.89,100,19,9,10
4556,1096263,100,100,100,18,6,12
4557,1096555,95.2385714285714,100,88.89,21,12,9
4558,1097834,95.4563636363636,91.67,100,22,12,10
4559,1098052,96.668,100,94.12,30,13,17
4560,1098987,100,100,100,26,9,17
4561,1098994,100,100,100,20,10,10
4562,1099080,100,100,100,30,15,15
4563,1099159,96.5531034482759,100,92.86,29,15,14
4564,1099230,91.6675,100,81.82,24,13,11
4565,1099701,100,100,100,28,13,15
4566,1099962,100,100,100,24,10,14
4567,1100004,100,100,100,30,12,18
4568,1100200,80.7692307692308,80,81.25,26,10,16
4569,1100257,95.83375,88.89,100,24,9,15
4570,1100449,95.83375,88.89,100,24,9,15
4571,1101128,100,100,100,24,10,14
4572,1101175,100,100,100,24,13,11
4573,1101777,100,100,100,13,6,7
4574,1101969,100,100,100,12,7,5
4575,1102324,100,100,100,7,5,2
4576,1102670,83.3333333333333,0,100,6,1,5
4577,1102709,100,100,100,7,2,5
4578,1102858,85.7157142857143,66.67,100,7,3,4
4579,1103150,100,100,100,7,3,4
4580,1103221,100,100,100,4,3,1
4581,1104231,100,100,100,4,1,3
4582,1104718,100,100,100,7,3,4
4583,1104757,100,100,100,7,4,3
4584,1105208,63.6363636363636,80,50,11,5,6
4585,1105504,100,100,100,12,7,5
4586,1106034,100,100,100,17,9,8
4587,1106968,100,100,100,21,13,8
4588,1107112,100,100,100,20,10,10
4589,1107285,100,100,100,15,9,6
4590,1107424,94.7368421052632,90,100,19,10,9
4591,1107517,100,100,100,13,7,6
4592,1107654,86.6646666666666,87.5,85.71,15,8,7
4593,1107667,100,100,100,13,5,8
4594,1108109,93.750625,100,88.89,16,7,9
4595,1109273,80,50,100,5,2,3
4596,1109278,100,100,100,4,3,1
4597,1109518,100,100,100,14,6,8
4598,1109749,100,100,100,23,10,13
4599,1109911,95.6526086956522,100,90.91,23,12,11
4600,1110193,92.0024,84.62,100,25,13,12
4601,1110305,91.3052173913044,81.82,100,23,11,12
4602,1110314,85.1855555555556,86.67,83.33,27,15,12
4603,1110323,90.4761904761905,80,100,21,10,11
4604,1110443,92.5925925925926,87.5,100,27,16,11
4605,1110821,93.9393939393939,90,100,33,20,13
4606,1111089,97.5,96,100,40,25,15
4607,1111173,100,100,100,38,23,15
4608,1111289,97.3694736842105,95.24,100,38,21,17
4609,1111448,95.650652173913,92.59,100,46,27,19
4610,1111601,94.7368421052632,92,100,38,25,13
4611,1111973,100,100,100,33,22,11
4612,1112265,93.3353333333333,84.62,100,30,13,17
4613,1112892,100,100,100,52,30,22
4614,1112936,100,100,100,54,32,22
4615,1113014,100,100,100,56,31,25
4616,1113057,100,100,100,51,32,19
4617,1113249,100,100,100,43,29,14
4618,1113273,100,100,100,36,20,16
4619,1113729,100,100,100,45,25,20
4620,1113736,98.0411764705882,96.67,100,51,30,21
4621,1113777,97.915625,96.55,100,48,29,19
4622,1114460,97.7261363636364,95.65,100,44,23,21
4623,1114583,90.625625,90.91,90,32,22,10
4624,1114604,90.2426829268293,89.47,90.91,41,19,22
4625,1114622,97.6166666666667,95.45,100,42,22,20
4626,1114642,97.0564705882353,100,94.44,34,16,18
4627,1114703,97.5,100,95,40,20,20
4628,1115156,100,100,100,33,17,16
4629,1115441,100,100,100,35,16,19
4630,1115983,96.668,100,94.12,30,13,17
4631,1116251,100,100,100,44,24,20
4632,1116916,92.5933333333333,100,81.82,27,16,11
4633,1117150,96.5531034482759,100,91.67,29,17,12
4634,1117177,100,100,100,29,17,12
4635,1117246,100,100,100,22,10,12
4636,1117797,92.3084615384615,100,81.82,26,15,11
4637,1117846,95,100,87.5,20,12,8
4638,1117937,94.7368421052632,100,87.5,19,11,8
4639,1118105,100,100,100,18,13,5
4640,1118691,100,100,100,11,9,2
4641,1118715,100,100,100,10,5,5
4642,1119326,66.6666666666667,50,100,3,2,1
4643,1119331,83.3333333333333,80,100,6,5,1
4644,1119849,100,100,100,15,5,10
4645,1120120,100,100,100,18,7,11
4646,1120344,100,100,100,21,10,11
4647,1120575,100,100,100,24,14,10
4648,1122152,100,100,100,32,15,17
4649,1122350,97.2208333333333,93.33,100,36,15,21
4650,1122579,94.1155882352941,89.47,100,34,19,15
4651,1122942,100,100,100,43,26,17
4652,1123242,89.996,83.33,95.45,40,18,22
4653,1123582,97.8712765957447,100,95.65,47,24,23
4654,1124034,98.0382352941176,96.55,100,51,29,22
4655,1124392,95.5522222222222,95.65,95.45,45,23,22
4656,1124976,100,100,100,37,23,14
4657,1125210,97.2194444444444,96.15,100,36,26,10
4658,1125229,97.4333333333333,95.45,100,39,22,17
4659,1125635,100,100,100,33,21,12
4660,1126097,97.22,95.83,100,36,24,12
4661,1126431,97.559756097561,95.65,100,41,23,18
4662,1126674,100,100,100,45,27,18
4663,1127272,97.7786666666667,100,95.24,45,24,21
4664,1127430,100,100,100,43,25,18
4665,1127703,100,100,100,41,18,23
4666,1128166,100,100,100,55,22,33
4667,1128259,97.9571428571429,100,96.15,49,23,26
4668,1128469,100,100,100,53,20,33
4669,1128547,100,100,100,43,14,29
4670,1128571,100,100,100,54,20,34
4671,1129418,97.559756097561,100,96.55,41,12,29
4672,1129730,100,100,100,43,16,27
4673,1129762,97.6744186046512,100,96,43,18,25
4674,1129780,97.4358974358974,100,95,39,19,20
4675,1129811,100,100,100,46,16,30
4676,1129834,97.8712765957447,100,96.55,47,18,29
4677,1129869,97.8282608695652,100,96.67,46,16,30
4678,1130117,100,100,100,36,11,25
4679,1130352,100,100,100,37,14,23
4680,1130420,100,100,100,42,14,28
4681,1130432,100,100,100,42,16,26
4682,1130835,100,100,100,45,22,23
4683,1131325,100,100,100,46,23,23
4684,1131879,97.8706382978723,95.83,100,47,24,23
4685,1132087,97.144,95.24,100,35,21,14
4686,1132139,100,100,100,39,20,19
4687,1132157,97.2983783783784,94.12,100,37,17,20
4688,1132469,100,100,100,42,10,32
4689,1132497,95.1231707317073,86.67,100,41,15,26
4690,1132988,96.97,88.89,100,33,9,24
4691,1133039,97.6197619047619,92.31,100,42,13,29
4692,1133058,100,100,100,49,16,33
4693,1133223,100,100,100,40,7,33
4694,1133433,95,87.5,100,40,16,24
4695,1133670,93.1804545454546,83.33,100,44,18,26
4696,1133696,97.825,95.65,100,46,23,23
4697,1133753,100,100,100,43,19,24
4698,1133806,88.0952380952381,75,100,42,20,22
4699,1134124,96.668,92.86,100,30,14,16
4700,1134250,97.2222222222222,93.75,100,36,16,20
4701,1134388,100,100,100,44,24,20
4702,1134501,97.7281818181818,95.24,100,44,21,23
4703,1134732,90.9059090909091,85.71,95.65,44,21,23
4704,1134747,94.5951351351351,88.89,100,37,18,19
4705,1134856,97.6720930232558,95.45,100,43,22,21
4706,1135096,100,100,100,26,8,18
4707,1135146,100,100,100,38,22,16
4708,1135480,91.8897297297297,86.36,100,37,22,15
4709,1135766,100,100,100,37,19,18
4710,1136344,93.332,94.44,91.67,30,18,12
4711,1136766,100,100,100,32,23,9
4712,1137201,100,100,100,30,18,12
4713,1137304,97.1428571428571,95,100,35,20,15
4714,1137374,97.3694736842105,95.24,100,38,21,17
4715,1137453,100,100,100,34,19,15
4716,1137890,97.295945945946,95.65,100,37,23,14
4717,1138209,100,100,100,40,22,18
4718,1138820,90.6976744186046,84,100,43,25,18
4719,1138877,100,100,100,31,14,17
4720,1138882,95.835,91.67,100,24,12,12
4721,1138919,100,100,100,33,17,16
4722,1138976,91.6683333333333,90.91,92.86,36,22,14
4723,1138985,97.4358974358974,95,100,39,20,19
4724,1139185,97.0597058823529,92.31,100,34,13,21
4725,1139246,100,100,100,41,19,22
4726,1139416,96.7741935483871,93.75,100,31,16,15
4727,1139738,97.06,94.12,100,34,17,17
4728,1140157,100,100,100,29,12,17
4729,1140829,100,100,100,33,20,13
4730,1140862,97.0588235294118,100,93.75,34,18,16
4731,1141041,93.9381818181818,100,83.33,33,21,12
4732,1141615,100,100,100,33,19,14
4733,1141837,95.835,100,91.67,24,12,12
4734,1142547,100,100,100,30,15,15
4735,1142937,100,100,100,24,15,9
4736,1143088,100,100,100,27,13,14
4737,1143544,100,100,100,20,7,13
4738,1143556,100,100,100,24,12,12
4739,1143580,100,100,100,25,11,14
4740,1144057,100,100,100,25,10,15
4741,1144632,100,100,100,22,13,9
4742,1144665,96.0004,100,90.91,25,14,11
4743,1144849,100,100,100,25,12,13
4744,1145238,100,100,100,26,11,15
4745,1145669,95.8333333333333,90,100,24,10,14
4746,1145715,100,100,100,24,10,14
4747,1146092,100,100,100,31,13,18
4748,1146410,100,100,100,27,12,15
4749,1146825,100,100,100,20,7,13
4750,1146879,100,100,100,15,5,10
4751,1147146,95,100,93.75,20,4,16
4752,1147333,94.1182352941177,100,90.91,17,6,11
4753,1148984,100,100,100,28,19,9
4754,1149126,100,100,100,31,18,13
4755,1149198,95.2385714285714,100,90.91,21,10,11
4756,1149207,100,100,100,33,18,15
4757,1149567,100,100,100,29,19,10
4758,1150802,96.551724137931,93.75,100,29,16,13
4759,1151144,96.43,94.12,100,28,17,11
4760,1152281,95.4545454545455,100,90,22,12,10
4761,1152326,96,100,90,25,15,10
4762,1153017,100,100,100,31,16,15
4763,1153068,90.001,83.33,92.86,20,6,14
4764,1153163,93.335,100,86.67,30,15,15
4765,1153175,96.9709090909091,94.12,100,33,17,16
4766,1153346,97.2233333333333,100,95.24,36,15,21
4767,1153546,100,100,100,43,18,25
4768,1153877,100,100,100,47,21,26
4769,1154295,100,100,100,38,19,19
4770,1154344,97.3663157894737,94.44,100,38,18,20
4771,1155419,100,100,100,20,6,14
4772,1155428,100,100,100,26,14,12
4773,1155593,100,100,100,28,13,15
4774,1156702,95.0005,90.91,100,40,22,18
4775,1156931,96.969696969697,95,100,33,20,13
4776,1156994,96.664,94.44,100,30,18,12
4777,1157282,95.8320833333333,100,85.71,24,17,7
4778,1157369,100,100,100,20,14,6
4779,1157704,95.2385714285714,100,88.89,21,12,9
4780,1158061,100,100,100,17,13,4
4781,1158247,100,100,100,11,5,6
4782,1158331,100,100,100,17,10,7
4783,1158721,100,100,100,21,7,14
4784,1158766,100,100,100,18,6,12
4785,1158796,100,100,100,20,8,12
4786,1158892,100,100,100,21,8,13
4787,1158943,100,100,100,17,7,10
4788,1159007,100,100,100,20,7,13
4789,1159175,95.6508695652174,85.71,100,23,7,16
4790,1159512,100,100,100,22,8,14
4791,1159989,100,100,100,25,11,14
4792,1160143,100,100,100,22,10,12
4793,1160157,100,100,100,21,10,11
4794,1160632,100,100,100,23,10,13
4795,1160679,100,100,100,20,11,9
4796,1160787,100,100,100,20,9,11
4797,1161172,92.855,85.71,100,14,7,7
4798,1161204,100,100,100,14,7,7
4799,1161229,100,100,100,10,4,6
4800,1161276,100,100,100,10,4,6
4801,1161927,91.6666666666667,80,100,12,5,7
4802,1161955,100,100,100,13,6,7
4803,1162008,100,100,100,12,6,6
4804,1162080,93.75,87.5,100,16,8,8
4805,1162140,94.445,100,88.89,18,9,9
4806,1162800,96.2966666666667,88.89,100,27,9,18
4807,1162834,100,100,100,28,8,20
4808,1163417,100,100,100,33,13,20
4809,1163669,100,100,100,28,12,16
4810,1164026,96.0016,91.67,100,25,12,13
4811,1164207,100,100,100,22,13,9
4812,1164239,100,100,100,28,14,14
4813,1164279,100,100,100,24,11,13
4814,1164419,100,100,100,31,15,16
4815,1164507,100,100,100,22,12,10
4816,1164639,100,100,100,23,10,13
4817,1164737,100,100,100,25,12,13
4818,1164753,100,100,100,29,13,16
4819,1164920,100,100,100,17,5,12
4820,1164977,100,100,100,27,13,14
4821,1165061,100,100,100,30,11,19
4822,1165401,100,100,100,21,8,13
4823,1165450,100,100,100,18,8,10
4824,1165516,100,100,100,16,9,7
4825,1165894,100,100,100,9,6,3
4826,1166203,100,100,100,14,7,7
4827,1166347,100,100,100,18,9,9
4828,1166887,100,100,100,19,7,12
4829,1166910,100,100,100,12,5,7
4830,1167004,100,100,100,16,5,11
4831,1167166,100,100,100,20,10,10
4832,1167448,100,100,100,21,12,9
4833,1167932,100,100,100,18,6,12
4834,1168047,100,100,100,21,10,11
4835,1168077,100,100,100,15,4,11
4836,1168091,100,100,100,23,10,13
4837,1168285,100,100,100,22,9,13
4838,1168474,93.334,88.89,100,15,9,6
4839,1168605,100,100,100,22,11,11
4840,1168904,91.6666666666667,50,100,12,2,10
4841,1168993,100,100,100,14,5,9
4842,1168999,84.6153846153846,60,100,13,5,8
4843,1169023,33.3333333333333,20,40,15,5,10
4844,1169216,100,100,100,14,8,6
4845,1169565,85.0015,100,66.67,20,11,9
4846,1170058,100,100,100,19,8,11
4847,1170106,100,100,100,22,11,11
4848,1170141,100,100,100,20,10,10
4849,1170367,100,100,100,18,8,10
4850,1170525,100,100,100,24,11,13
4851,1170705,100,100,100,22,11,11
4852,1170741,94.7368421052632,87.5,100,19,8,11
4853,1170800,96.155,100,92.31,26,13,13
4854,1170821,100,100,100,26,12,14
4855,1170840,100,100,100,21,13,8
4856,1170977,100,100,100,27,13,14
4857,1171118,96.155,100,92.31,26,13,13
4858,1171151,89.6513793103448,93.33,85.71,29,15,14
4859,1171298,96.7754838709677,100,94.12,31,14,17
4860,1171341,80.0016,33.33,94.74,25,6,19
4861,1171452,96.668,100,94.12,30,13,17
4862,1171560,97.1414285714286,100,93.33,35,20,15
4863,1171689,90.626875,95.24,81.82,32,21,11
4864,1171842,95.0025,94.74,95.24,40,19,21
4865,1171917,91.4271428571429,90,93.33,35,20,15
4866,1172096,94.5962162162162,100,84.62,37,24,13
4867,1172153,100,100,100,38,21,17
4868,1172207,94.7397368421053,96.3,90.91,38,27,11
4869,1172553,100,100,100,43,25,18
4870,1172621,100,100,100,34,23,11
4871,1173038,91.6661111111111,100,78.57,36,22,14
4872,1173104,93.9418181818182,95.24,91.67,33,21,12
4873,1173195,92.5914814814815,85.71,95,27,7,20
4874,1173245,97.49875,100,93.33,40,25,15
4875,1173339,93.4769565217391,95.83,90.91,46,24,22
4876,1173455,91.4271428571429,100,82.35,35,18,17
4877,1173773,95.24,100,88.24,42,25,17
4878,1174143,97.144,100,92.86,35,21,14
4879,1174414,100,100,100,33,20,13
4880,1174591,96.551724137931,95,100,29,20,9
4881,1174753,100,100,100,31,19,12
4882,1174906,100,100,100,28,15,13
4883,1175023,92.86,92.86,92.86,28,14,14
4884,1175134,92.8578571428571,88.89,100,28,18,10
4885,1175203,90.4766666666667,92.86,85.71,21,14,7
4886,1175269,87.998,85.71,90.91,25,14,11
4887,1175347,87.998,90.91,85.71,25,11,14
4888,1175485,96.8725,94.44,100,32,18,14
4889,1175794,100,100,100,34,19,15
4890,1175905,96.2966666666667,100,90.91,27,16,11
4891,1176178,100,100,100,36,24,12
4892,1176321,100,100,100,31,16,15
4893,1176405,100,100,100,32,17,15
4894,1176628,97.7786666666667,100,95.24,45,24,21
4895,1176736,100,100,100,38,20,18
4896,1177025,100,100,100,34,18,16
4897,1177395,100,100,100,34,16,18
4898,1177443,96.6666666666667,100,93.75,30,14,16
4899,1177534,100,100,100,30,14,16
4900,1177567,100,100,100,27,11,16
4901,1177827,100,100,100,13,1,12
4902,1177918,100,100,100,24,14,10
4903,1177935,95.8333333333333,100,87.5,24,16,8
4904,1178121,92.5948148148148,100,84.62,27,14,13
4905,1178385,90.4771428571429,81.82,100,21,11,10
4906,1178882,100,100,100,11,6,5
4907,1179239,100,100,100,23,8,15
4908,1179764,100,100,100,18,3,15
4909,1179770,100,100,100,13,4,9
4910,1179884,100,100,100,15,5,10
4911,1180672,72.7281818181818,0,88.89,11,2,9
4912,1180854,93.750625,100,88.89,16,7,9
4913,1180942,100,100,100,11,5,6
4914,1181137,85.7157142857143,66.67,100,14,6,8
4915,1181667,92.8557142857143,83.33,100,14,6,8
4916,1182006,100,100,100,19,11,8
4917,1182048,100,100,100,14,12,2
4918,1182147,100,100,100,20,11,9
4919,1182266,100,100,100,17,12,5
4920,1182371,100,100,100,20,11,9
4921,1182398,94.445,90.91,100,18,11,7
4922,1182497,100,100,100,13,9,4
4923,1182534,100,100,100,22,11,11
4924,1182543,100,100,100,17,14,3
4925,1182596,100,100,100,19,11,8
4926,1183129,100,100,100,23,15,8
4927,1183616,100,100,100,27,16,11
4928,1183768,96.1538461538462,93.75,100,26,16,10
4929,1183917,100,100,100,27,15,12
4930,1184254,100,100,100,32,18,14
4931,1184301,96.9672727272727,94.44,100,33,18,15
4932,1184386,96.7716129032258,94.44,100,31,18,13
4933,1184548,93.332,94.44,91.67,30,18,12
4934,1185484,100,100,100,31,15,16
4935,1186732,96.97,100,90.91,33,22,11
4936,1186897,100,100,100,36,18,18
4937,1187032,96.551724137931,100,75,29,25,4
4938,1187182,100,100,100,41,25,16
4939,1187267,100,100,100,47,26,21
4940,1187468,100,100,100,43,24,19
4941,1187551,97.1457142857143,96.3,100,35,27,8
4942,1187752,97.4333333333333,95.45,100,39,22,17
4943,1187767,92.1052631578947,80,100,38,15,23
4944,1187860,100,100,100,47,28,19
4945,1187911,95.455,93.94,100,44,33,11
4946,1188025,98.1794545454545,96.77,100,55,31,24
4947,1188137,98.2775862068966,96.67,100,58,30,28
4948,1188668,98.2786206896552,96.88,100,58,32,26
4949,1189157,97.7786666666667,96.43,100,45,28,17
4950,1189369,94.9955,95.45,94.44,40,22,18
4951,1189451,100,100,100,38,21,17
4952,1189664,96.9715151515151,94.74,100,33,19,14
4953,1190005,100,100,100,37,20,17
4954,1190043,94.8702564102564,95.45,94.12,39,22,17
4955,1190295,96.1538461538462,100,90,26,16,10
4956,1190850,100,100,100,16,13,3
4957,1191073,100,100,100,23,11,12
4958,1191181,100,100,100,31,16,15
4959,1191244,100,100,100,27,11,16
4960,1191379,100,100,100,34,18,16
4961,1191519,100,100,100,25,16,9
4962,1191559,100,100,100,30,17,13
4963,1191667,100,100,100,31,20,11
4964,1191829,100,100,100,26,17,9
4965,1191989,100,100,100,29,16,13
4966,1192294,100,100,100,29,14,15
4967,1192793,100,100,100,26,14,12
4968,1192886,100,100,100,31,18,13
4969,1193222,100,100,100,28,16,12
4970,1193457,96.1553846153846,92.86,100,26,14,12
4971,1193612,100,100,100,26,12,14
4972,1193777,95.4545454545455,100,90,22,12,10
4973,1194443,96.5527586206896,92.31,100,29,13,16
4974,1194827,95.6526086956522,88.89,100,23,9,14
4975,1195162,94.7352631578947,85.71,100,19,7,12
4976,1195391,100,100,100,17,6,11
4977,1195490,100,100,100,21,6,15
4978,1195762,95,100,90,20,10,10
4979,1195784,95.24,100,91.67,21,9,12
4980,1195894,100,100,100,19,10,9
4981,1195945,100,100,100,23,11,12
4982,1195987,100,100,100,23,11,12
4983,1196356,94.7352631578947,85.71,100,19,7,12
4984,1198076,80,100,50,10,6,4
4985,1198367,87.5,100,75,8,4,4
4986,1198771,80,100,0,5,4,1
4987,1199551,100,100,100,7,5,2
4988,1199712,100,100,100,7,5,2
4989,1199727,100,100,100,8,6,2
4990,1200084,100,100,100,9,6,3
4991,1200424,100,100,100,8,4,4
4992,1200526,100,100,100,6,4,2
4993,1200540,100,100,100,7,2,5
4994,1200586,100,100,100,8,3,5
4995,1201038,66.6666666666667,0,100,6,2,4
4996,1201681,100,100,100,6,2,4
4997,1201804,100,100,100,5,1,4
4998,1202056,100,100,100,8,2,6
4999,1202332,100,100,100,6,4,2
5000,1202478,85.7142857142857,100,80,7,2,5
5001,1202730,89.997,100,85.71,10,3,7
5002,1202844,89.998,100,83.33,10,4,6
5003,1203425,93.75,75,100,16,4,12
5004,1203595,95.4563636363636,100,92.86,22,8,14
5005,1204029,93.1013793103448,85.71,100,29,14,15
5006,1204623,100,100,100,30,17,13
5007,1205041,100,100,100,29,15,14
5008,1205275,96.969696969697,93.75,100,33,16,17
5009,1205503,95.0005,100,88.89,20,11,9
5010,1205523,100,100,100,25,16,9
5011,1205552,96.875,93.75,100,32,16,16
5012,1205839,100,100,100,32,20,12
5013,1205986,94.7347368421053,94.44,95,38,18,20
5014,1206122,100,100,100,40,16,24
5015,1206266,100,100,100,33,20,13
5016,1206989,100,100,100,25,12,13
5017,1207064,100,100,100,29,15,14
5018,1207391,100,100,100,23,10,13
5019,1207601,95.6539130434783,91.67,100,23,12,11
5020,1208264,88.8888888888889,100,50,9,7,2
5021,1209343,100,100,NA,2,2,NA
5022,1209368,100,100,100,7,4,3
5023,1209731,83.3333333333333,100,50,6,4,2
5024,1209875,100,100,100,7,3,4
5025,1211239,55.5555555555556,40,75,9,5,4
5026,1211560,100,100,100,6,2,4
5027,1211921,100,100,100,5,2,3
5028,1212539,85.7142857142857,80,100,7,5,2
5029,1213102,71.43,66.67,75,7,3,4
5030,1213154,100,100,100,7,4,3
5031,1213469,100,100,100,3,1,2
5032,1213667,100,100,100,6,3,3
5033,1213718,75,100,50,4,2,2
5034,1213902,100,100,100,5,2,3
5035,1214324,66.6666666666667,100,50,3,1,2
5036,1214433,100,100,NA,2,2,NA
5037,1214561,100,100,100,4,3,1
5038,1214822,100,100,100,5,3,2
5039,1214933,100,100,100,5,3,2
5040,1215007,100,100,100,6,3,3
5041,1215045,100,100,100,5,3,2
5042,1215272,100,100,100,2,1,1
5043,1215360,100,100,100,5,3,2
5044,1216854,100,100,100,11,7,4
5045,1216905,100,100,100,10,5,5
5046,1217199,80,50,100,5,2,3
5047,1217779,88.8888888888889,100,80,9,4,5
5048,1218081,83.3333333333333,100,50,6,4,2
5049,1218111,83.3333333333333,100,50,6,4,2
5050,1218601,66.6666666666667,100,0,3,2,1
5051,1218667,75,100,0,4,3,1
5052,1218687,50,50,NA,2,2,NA
5053,1218858,75,50,100,4,2,2
5054,1219049,100,100,100,3,2,1
5055,1219145,100,100,100,2,1,1
5056,1219191,100,100,100,3,2,1
5057,1219261,100,100,100,2,1,1
5058,1219414,100,100,100,3,2,1
5059,1219861,100,100,100,2,1,1
5060,1221068,91.6666666666667,100,80,12,7,5
5061,1221369,100,100,100,13,5,8
5062,1221498,81.82,66.67,100,11,6,5
5063,1221848,100,100,100,8,5,3
5064,1221888,100,100,100,11,7,4
5065,1222046,100,100,100,9,5,4
5066,1222248,100,100,100,4,3,1
5067,1222348,100,100,100,8,5,3
5068,1223045,77.7777777777778,100,50,9,5,4
5069,1224375,91.6666666666667,100,75,12,8,4
5070,1224720,100,100,100,12,7,5
5071,1224730,85.7142857142857,100,50,14,10,4
5072,1224757,94.4466666666667,91.67,100,18,12,6
5073,1225038,88.8888888888889,90,87.5,18,10,8
5074,1225384,90,100,75,20,12,8
5075,1225466,94.1176470588235,100,80,17,12,5
5076,1225649,100,100,100,21,12,9
5077,1226820,87.5,100,80,8,3,5
5078,1226886,100,100,100,11,5,6
5079,1228236,84.6161538461538,88.89,75,13,9,4
5080,1228256,81.8154545454545,75,85.71,11,4,7
5081,1228380,94.1182352941177,90.91,100,17,11,6
5082,1228574,88.2335294117647,90,85.71,17,10,7
5083,1228595,94.1182352941177,90.91,100,17,11,6
5084,1229242,83.3308333333333,80,85.71,12,5,7
5085,1230299,71.4285714285714,50,80,7,2,5
5086,1230320,88.89,66.67,100,9,3,6
5087,1230708,85.7142857142857,0,100,7,1,6
5088,1230789,83.335,66.67,100,6,3,3
5089,1230825,79.998,66.67,85.71,10,3,7
5090,1230882,87.50125,66.67,100,8,3,5
5091,1230899,90.91,66.67,100,11,3,8
5092,1231160,83.335,66.67,88.89,12,3,9
5093,1231343,85.7142857142857,75,90,14,4,10
5094,1231364,94.4444444444444,87.5,100,18,8,10
5095,1231502,93.748125,85.71,100,16,7,9
5096,1231529,82.3535294117647,88.89,75,17,9,8
5097,1231600,93.334,88.89,100,15,9,6
5098,1231756,94.1182352941177,88.89,100,17,9,8
5099,1231783,100,100,100,14,8,6
5100,1232169,84.2121052631579,66.67,100,19,9,10
5101,1232371,94.445,88.89,100,18,9,9
5102,1232515,100,100,100,22,12,10
5103,1232843,95.2380952380952,90,100,21,10,11
5104,1233863,90.321935483871,85.71,94.12,31,14,17
5105,1234041,93.3356666666667,92.31,94.12,30,13,17
5106,1234254,100,100,100,18,8,10
5107,1234710,92.3061538461538,83.33,100,26,12,14
5108,1234845,90,80,95,30,10,20
5109,1235206,96.5527586206896,92.31,100,29,13,16
5110,1235344,100,100,100,28,11,17
5111,1235554,100,100,100,25,9,16
5112,1235838,100,100,100,27,14,13
5113,1235911,100,100,100,28,14,14
5114,1235968,92,80,100,25,10,15
5115,1236024,96.0016,91.67,100,25,12,13
5116,1237231,90.9072727272727,100,83.33,33,15,18
5117,1237659,100,100,100,37,14,23
5118,1238580,100,100,100,35,17,18
5119,1238757,100,100,100,42,22,20
5120,1238783,96.9709090909091,94.12,100,33,17,16
5121,1238796,94.5967567567568,90.48,100,37,21,16
5122,1238907,94.4425,89.47,100,36,19,17
5123,1239026,100,100,100,37,18,19
5124,1239104,92.1036842105263,83.33,100,38,18,20
5125,1239138,100,100,100,37,17,20
5126,1239285,100,100,100,37,18,19
5127,1239857,96.9709090909091,100,91.67,33,21,12
5128,1239965,100,100,100,38,24,14
5129,1240414,96.4285714285714,95,100,28,20,8
5130,1240596,100,100,100,26,14,12
5131,1240647,100,100,100,32,18,14
5132,1241190,100,100,100,35,19,16
5133,1241434,100,100,100,37,19,18
5134,1241545,100,100,100,40,19,21
5135,1241586,100,100,100,32,23,9
5136,1241950,97.3694736842105,94.12,100,38,17,21
5137,1242032,89.998,85.71,93.75,30,14,16
5138,1242530,100,100,100,36,20,16
5139,1242913,97.2194444444444,95.45,100,36,22,14
5140,1243337,100,100,100,24,13,11
5141,1243348,100,100,100,26,18,8
5142,1243580,100,100,100,31,17,14
5143,1243658,93.5503225806452,100,84.62,31,18,13
5144,1243672,93.3313333333333,100,85.71,30,16,14
5145,1244409,92.8585714285714,93.75,91.67,28,16,12
5146,1244652,95,87.5,100,20,8,12
5147,1245262,100,100,100,24,16,8
5148,1245782,100,100,100,29,18,11
5149,1246126,100,100,100,26,19,7
5150,1246231,96.875,95,100,32,20,12
5151,1246253,96.7741935483871,95,100,31,20,11
5152,1246369,92.5914814814815,95,85.71,27,20,7
5153,1246561,100,100,100,32,21,11
5154,1247110,100,100,100,31,24,7
5155,1247153,96.43,95.24,100,28,21,7
5156,1247164,90.6225,86.36,100,32,22,10
5157,1247442,100,100,100,31,23,8
5158,1247459,93.5490322580645,90.91,100,31,22,9
5159,1247536,100,100,100,33,22,11
5160,1247876,100,100,100,32,20,12
5161,1247993,100,100,100,40,23,17
5162,1248143,100,100,100,36,26,10
5163,1248230,100,100,100,38,25,13
5164,1248266,93.3333333333333,87.5,100,30,16,14
5165,1248429,100,100,100,41,28,13
5166,1248849,96.875,93.75,100,32,16,16
5167,1248995,97.4325641025641,96.77,100,39,31,8
5168,1249185,100,100,100,34,29,5
5169,1249668,97.49875,100,93.33,40,25,15
5170,1250011,94.288,95.24,92.86,35,21,14
5171,1250143,100,100,100,27,13,14
5172,1250746,100,100,100,29,18,11
5173,1250825,97.14,95.45,100,35,22,13
5174,1251334,100,100,100,24,11,13
5175,1251463,96.2951851851852,100,85.71,27,20,7
5176,1252057,93.5470967741935,83.33,100,31,12,19
5177,1252264,97.37,94.74,100,38,19,19
5178,1252911,100,100,100,31,20,11
5179,1253018,96.9681818181818,100,93.33,33,18,15
5180,1253124,100,100,100,27,13,14
5181,1253622,97.5,100,95,40,20,20
5182,1254027,93.331,100,89.47,30,11,19
5183,1254729,100,100,100,29,17,12
5184,1254745,100,100,100,27,13,14
5185,1254867,100,100,100,27,13,14
5186,1255200,100,100,100,26,14,12
5187,1255371,91.3065217391304,92.86,88.89,23,14,9
5188,1255740,95.6539130434783,100,91.67,23,11,12
5189,1255914,100,100,100,20,8,12
5190,1256456,83.3333333333333,75,100,18,12,6
5191,1256466,88.89,91.67,83.33,18,12,6
5192,1257004,94.1164705882353,100,83.33,17,11,6
5193,1257514,100,100,100,18,9,9
5194,1257657,100,100,100,12,5,7
5195,1257669,100,100,100,16,10,6
5196,1258223,100,100,100,24,13,11
5197,1258693,100,100,100,28,16,12
5198,1259179,100,100,100,38,24,14
5199,1259512,100,100,100,29,11,18
5200,1259740,100,100,100,44,24,20
5201,1260018,100,100,100,47,24,23
5202,1260370,100,100,100,36,14,22
5203,1260463,97.0564705882353,100,94.44,34,16,18
5204,1260757,96.8753125,90.91,100,32,11,21
5205,1260950,94.2862857142857,100,90.91,35,13,22
5206,1261121,100,100,100,39,15,24
5207,1261208,100,100,100,35,15,20
5208,1261424,100,100,100,40,19,21
5209,1261489,100,100,100,43,22,21
5210,1261943,100,100,100,44,24,20
5211,1262317,100,100,100,50,27,23
5212,1262386,100,100,100,45,25,20
5213,1262678,100,100,100,46,18,28
5214,1263264,97.3710526315789,100,96.3,38,11,27
5215,1263648,95.7446808510638,92,100,47,25,22
5216,1263799,98.2473684210526,100,96.67,57,27,30
5217,1263961,96.6110169491525,96.55,96.67,59,29,30
5218,1264062,100,100,100,52,27,25
5219,1264239,100,100,100,52,26,26
5220,1264618,100,100,100,58,30,28
5221,1264849,98.3325,100,96.55,60,31,29
5222,1264878,98.1116981132076,95.83,100,53,24,29
5223,1265223,98.1139622641509,95.24,100,53,21,32
5224,1265322,100,100,100,50,23,27
5225,1265400,100,100,100,39,13,26
5226,1265495,100,100,100,54,22,32
5227,1265916,100,100,100,33,9,24
5228,1265967,100,100,100,43,21,22
5229,1266437,95.83625,95.24,96.3,48,21,27
5230,1266512,97.4358974358974,95,100,39,20,19
5231,1266565,100,100,100,29,14,15
5232,1267325,90.6278125,94.12,86.67,32,17,15
5233,1267374,100,100,100,25,10,15
5234,1267506,97.3694736842105,100,95.24,38,17,21
5235,1267960,100,100,100,31,16,15
5236,1267978,96.5531034482759,100,92.86,29,15,14
5237,1268067,100,100,100,31,15,16
5238,1268079,88.8896296296296,81.82,93.75,27,11,16
5239,1268160,100,100,100,29,13,16
5240,1268259,100,100,100,25,16,9
5241,1268664,100,100,100,27,12,15
5242,1268787,100,100,100,33,18,15
5243,1268892,100,100,100,32,16,16
5244,1268979,96.4289285714286,90.91,100,28,11,17
5245,1269223,96.875,100,93.75,32,16,16
5246,1269758,96.9709090909091,100,94.12,33,16,17
5247,1270293,96.2977777777778,100,91.67,27,15,12
5248,1271287,88.2352941176471,100,75,17,9,8
5249,1272141,95.4545454545455,100,93.75,22,6,16
5250,1272219,90.9072727272727,100,83.33,22,10,12
5251,1272240,85,100,75,20,8,12
5252,1272651,96.2962962962963,100,93.75,27,11,16
5253,1272665,95.4545454545455,100,90,22,12,10
5254,1272928,100,100,100,26,12,14
5255,1273400,92.8571428571429,100,87.5,28,12,16
5256,1273492,100,100,100,23,10,13
5257,1273583,88.0008,77.78,93.75,25,9,16
5258,1274199,97.295945945946,100,95.65,37,14,23
5259,1274547,93.5451612903226,100,91.3,31,8,23
5260,1274871,100,100,100,26,10,16
5261,1275014,100,100,100,22,7,15
5262,1275113,100,100,100,27,6,21
5263,1275485,100,100,100,31,8,23
5264,1275653,100,100,100,30,8,22
5265,1275663,100,100,100,18,6,12
5266,1275668,100,100,100,16,1,15
5267,1275674,92.8571428571429,87.5,100,14,8,6
5268,1275788,96.5520689655173,88.89,100,29,9,20
5269,1275945,100,100,100,37,12,25
5270,1276318,100,100,100,36,14,22
5271,1276462,97.0558823529412,100,95.45,34,12,22
5272,1276491,100,100,100,32,11,21
5273,1276548,97.4333333333333,100,96.15,39,13,26
5274,1276644,97.6178571428571,100,96.55,42,13,29
5275,1276879,100,100,100,37,13,24
5276,1277214,100,100,100,30,12,18
5277,1277287,96.7761290322581,100,94.74,31,12,19
5278,1277465,95.4572727272727,100,94.74,22,3,19
5279,1277479,96.2977777777778,100,94.12,27,10,17
5280,1278021,95.6534782608695,100,92.31,23,10,13
5281,1278171,92.3076923076923,100,87.5,26,10,16
5282,1278663,96.6633333333333,100,95.45,30,8,22
5283,1279082,93.750625,100,90.91,32,10,22
5284,1279104,93.9363636363636,100,91.3,33,10,23
5285,1279762,90.4771428571429,100,81.82,21,10,11
5286,1280114,100,100,100,37,17,20
5287,1280255,100,100,100,30,8,22
5288,1280371,100,100,100,27,9,18
5289,1280741,95.4559090909091,94.74,96,44,19,25
5290,1280942,97.8260869565217,93.75,100,46,16,30
5291,1281142,95.8341666666667,95,96.43,48,20,28
5292,1281290,97.9591836734694,95,100,49,20,29
5293,1281538,97.7777777777778,95,100,45,20,25
5294,1281793,98,100,96,50,25,25
5295,1282091,93.33,87.5,95.45,30,8,22
5296,1282163,95.9167346938776,95.83,96,49,24,25
5297,1282307,100,100,100,46,25,21
5298,1282495,97.6190476190476,100,95,42,22,20
5299,1282640,90.9086363636364,90.48,91.3,44,21,23
5300,1282729,100,100,100,42,19,23
5301,1282846,97.6178571428572,100,95.65,42,19,23
5302,1282963,92.3066666666667,100,88.46,39,13,26
5303,1283006,95.3483720930232,94.74,95.83,43,19,24
5304,1283059,100,100,100,36,16,20
5305,1283243,97.6720930232558,100,96.15,43,17,26
5306,1283458,100,100,100,46,22,24
5307,1283802,100,100,100,52,24,28
5308,1283892,95.1224390243902,100,88.89,41,23,18
5309,1284237,100,100,100,39,20,19
5310,1284475,94.5454545454545,100,87.5,55,31,24
5311,1284508,92.6848780487805,90.91,94.74,41,22,19
5312,1284517,91.6672222222222,81.82,96,36,11,25
5313,1284964,98.1809090909091,100,96.55,55,26,29
5314,1285142,94.2278846153846,96.55,91.3,52,29,23
5315,1285299,100,100,100,42,18,24
5316,1285614,95.2364285714286,89.47,100,42,19,23
5317,1285979,97.8282608695652,96.3,100,46,27,19
5318,1286233,100,100,100,45,28,17
5319,1287911,100,100,100,20,9,11
5320,1288071,100,100,100,20,12,8
5321,1288178,100,100,100,26,16,10
5322,1288427,95.83375,100,90.91,24,13,11
5323,1288499,100,100,100,23,14,9
5324,1288566,100,100,100,18,9,9
5325,1288725,96,100,87.5,25,17,8
5326,1289046,100,100,100,25,19,6
5327,1289277,100,100,100,26,18,8
5328,1289402,100,100,100,24,14,10
5329,1289468,100,100,100,28,16,12
5330,1289548,100,100,100,23,10,13
5331,1289627,100,100,100,29,15,14
5332,1290005,92.5951851851852,92.31,92.86,27,13,14
5333,1290576,100,100,100,29,15,14
5334,1290831,100,100,100,24,12,12
5335,1291922,100,100,100,17,9,8
5336,1291955,100,100,100,14,7,7
5337,1292201,100,100,100,11,4,7
5338,1292519,100,100,100,9,3,6
5339,1292726,100,100,100,14,6,8
5340,1293651,94.445,100,90.91,18,7,11
5341,1293840,86.6673333333333,75,90.91,15,4,11
5342,1293999,93.334,100,88.89,15,6,9
5343,1295305,100,100,100,26,11,15
5344,1295373,100,100,100,27,10,17
5345,1295396,100,100,100,26,9,17
5346,1295570,100,100,100,20,9,11
5347,1295738,100,100,100,24,11,13
5348,1296344,100,100,100,28,13,15
5349,1296461,100,100,100,30,12,18
5350,1296626,100,100,100,26,8,18
5351,1296631,100,100,100,17,11,6
5352,1296806,100,100,100,27,7,20
5353,1297163,95.9992,83.33,100,25,6,19
5354,1297553,100,100,100,22,6,16
5355,1297609,90.001,66.67,100,10,3,7
5356,1297613,93.750625,66.67,100,16,3,13
5357,1297622,85.7142857142857,50,100,7,2,5
5358,1297627,92.3076923076923,80,100,13,5,8
5359,1297745,94.7357894736842,83.33,100,19,6,13
5360,1297922,100,100,100,12,4,8
5361,1298348,88.89,66.67,100,9,3,6
5362,1298775,100,100,100,11,6,5
5363,1298880,100,100,100,10,5,5
5364,1298997,50.002,16.67,100,10,6,4
5365,1299528,100,100,NA,2,2,NA
5366,1300048,100,100,100,2,1,1
5367,1300287,100,100,NA,1,1,NA
5368,1300538,100,100,NA,1,1,NA
5369,1301025,90,75,100,10,4,6
5370,1301339,100,100,100,12,5,7
5371,1301411,84.6169230769231,66.67,100,13,6,7
5372,1301564,100,100,100,6,1,5
5373,1301657,90,80,100,10,5,5
5374,1301681,89.998,100,83.33,10,4,6
5375,1302007,93.3313333333333,85.71,100,15,7,8
5376,1302037,100,100,100,13,3,10
5377,1302059,100,100,100,15,7,8
5378,1302365,100,100,100,18,9,9
5379,1302764,100,100,100,20,7,13
5380,1303068,100,100,100,13,2,11
5381,1303073,92.855,85.71,100,14,7,7
5382,1303364,100,100,100,19,10,9
5383,1303553,100,100,100,17,8,9
5384,1303978,95.2385714285714,100,90.91,21,10,11
5385,1304533,100,100,100,25,13,12
5386,1304735,90,90,90,20,10,10
5387,1304996,100,100,100,18,11,7
5388,1305372,94.1176470588235,100,87.5,17,9,8
5389,1305426,76.4729411764706,66.67,100,17,12,5
5390,1305436,84.2126315789474,84.62,83.33,19,13,6
5391,1305456,89.997,85.71,100,20,14,6
5392,1305810,92.592962962963,93.75,90.91,27,16,11
5393,1306089,100,100,100,27,16,11
5394,1306130,100,100,100,15,10,5
5395,1306461,96.9672727272727,94.44,100,33,18,15
5396,1306578,100,100,100,17,4,13
5397,1306584,100,100,100,29,16,13
5398,1306637,97.144,100,94.12,35,18,17
5399,1306758,96.668,100,92.86,30,16,14
5400,1306854,97.0564705882353,94.44,100,34,18,16
5401,1306995,97.0564705882353,100,94.44,34,16,18
5402,1307058,96.2977777777778,100,92.86,27,13,14
5403,1307139,82.758275862069,69.23,93.75,29,13,16
5404,1307633,96.7725806451613,100,93.33,31,16,15
5405,1307686,96.4267857142857,100,93.33,28,13,15
5406,1307869,100,100,100,24,13,11
5407,1307914,100,100,100,28,16,12
5408,1307957,100,100,100,15,5,10
5409,1307963,100,100,100,26,16,10
5410,1308308,100,100,100,22,9,13
5411,1308947,73.3313333333333,62.5,85.71,15,8,7
5412,1309340,86.6666666666667,90,80,15,10,5
5413,1309494,93.75,100,75,16,12,4
5414,1309538,77.7766666666667,83.33,66.67,18,12,6
5415,1310096,100,100,100,9,4,5
5416,1310716,100,100,100,10,7,3
5417,1310921,92.8571428571429,100,87.5,14,6,8
5418,1311002,87.5,NA,87.5,8,NA,8
5419,1311007,90,100,50,10,8,2
5420,1311249,100,100,100,13,5,8
5421,1311320,90,100,80,10,5,5
5422,1311884,100,100,100,11,5,6
5423,1312214,87.4975,100,83.33,8,2,6
5424,1312733,100,100,100,13,6,7
5425,1312802,100,100,100,9,3,6
5426,1313912,100,100,100,8,4,4
5427,1313945,100,100,100,8,4,4
5428,1313956,100,100,100,6,3,3
5429,1314429,100,100,100,7,3,4
5430,1314456,91.665,83.33,100,12,6,6
5431,1314618,100,100,100,8,4,4
5432,1315042,100,100,100,9,3,6
5433,1315315,91.6641666666666,85.71,100,12,7,5
5434,1315594,85.7157142857143,66.67,100,7,3,4
5435,1315928,92.3076923076923,100,87.5,13,5,8
5436,1316569,100,100,100,26,9,17
5437,1317142,100,100,100,31,14,17
5438,1317382,100,100,100,27,4,23
5439,1317946,100,100,100,31,18,13
5440,1318302,100,100,100,43,18,25
5441,1319204,100,100,100,44,21,23
5442,1319225,97.6732558139535,95.65,100,43,23,20
5443,1319418,100,100,100,40,19,21
5444,1319579,97.4358974358974,100,95,39,19,20
5445,1319595,100,100,100,36,24,12
5446,1319876,100,100,100,51,26,25
5447,1320425,97.1428571428571,100,95,35,15,20
5448,1320630,100,100,100,30,8,22
5449,1320899,100,100,100,32,14,18
5450,1321328,100,100,100,42,17,25
5451,1321544,100,100,100,42,19,23
5452,1321564,100,100,100,34,18,16
5453,1321717,100,100,100,30,11,19
5454,1321789,97.776,100,95.83,45,21,24
5455,1321831,100,100,100,39,20,19
5456,1321846,100,100,100,33,19,14
5457,1321882,95.002,100,90.48,40,19,21
5458,1321918,100,100,100,41,20,21
5459,1321979,100,100,100,39,18,21
5460,1322854,95.83375,66.67,100,24,3,21
5461,1323343,100,100,100,28,11,17
5462,1323978,100,100,100,29,11,18
5463,1324006,100,100,100,25,6,19
5464,1324146,96.4285714285714,100,95,28,8,20
5465,1324164,100,100,100,32,10,22
5466,1324309,96.5520689655173,90.91,100,29,11,18
5467,1324582,96.7741935483871,100,95,31,11,20
5468,1324654,96.4307142857143,100,94.74,28,9,19
5469,1324827,100,100,100,24,10,14
5470,1324848,86.9565217391304,100,75,23,11,12
5471,1325185,100,100,100,20,9,11
5472,1325293,96.1538461538462,100,93.75,26,10,16
5473,1325368,100,100,100,22,9,13
5474,1325710,91.3065217391304,91.67,90.91,23,12,11
5475,1326042,100,100,100,20,8,12
5476,1326970,100,100,100,31,14,17
5477,1327102,100,100,100,23,6,17
5478,1327389,100,100,100,27,13,14
5479,1327482,100,100,100,34,12,22
5480,1327777,92.5925925925926,75,100,27,8,19
5481,1328483,100,100,100,35,15,20
5482,1329077,100,100,100,33,15,18
5483,1329735,100,100,100,37,17,20
5484,1330332,100,100,100,33,19,14
5485,1331096,100,100,100,28,17,11
5486,1331486,100,100,100,26,17,9
5487,1331526,100,100,100,33,18,15
5488,1331606,100,100,100,34,20,14
5489,1332387,100,100,100,26,14,12
5490,1332545,100,100,100,27,12,15
5491,1332564,95.8345833333333,100,92.31,24,11,13
5492,1332630,95.24,100,91.67,21,9,12
5493,1332741,90.4785714285714,88.89,91.67,21,9,12
5494,1332789,95,80,100,20,5,15
5495,1333071,95.0015,100,92.31,20,7,13
5496,1333127,94.4466666666667,100,91.67,18,6,12
5497,1333169,95,87.5,100,20,8,12
5498,1333308,100,100,100,15,5,10
5499,1333509,100,100,100,15,5,10
5500,1333951,100,100,100,8,5,3
5501,1334378,100,100,100,14,8,6
5502,1334600,100,100,100,11,3,8
5503,1334612,93.332,83.33,100,15,6,9
5504,1335191,100,100,100,13,8,5
5505,1335442,100,100,100,18,11,7
5506,1335575,87.49875,90,83.33,16,10,6
5507,1335653,94.12,92.86,100,17,14,3
5508,1335667,94.7384210526316,92.31,100,19,13,6
5509,1336126,100,100,100,24,14,10
5510,1336231,100,100,100,15,7,8
5511,1336482,100,100,100,22,16,6
5512,1336521,90.002,91.67,87.5,20,12,8
5513,1336726,100,100,100,24,14,10
5514,1336834,95.6539130434783,100,91.67,23,11,12
5515,1336975,100,100,100,26,14,12
5516,1337050,95.8345833333333,100,92.31,24,11,13
5517,1337368,100,100,100,28,16,12
5518,1337557,94.1164705882353,100,83.33,34,22,12
5519,1337569,96.7754838709677,100,91.67,31,19,12
5520,1337711,96.87625,100,91.67,32,20,12
5521,1337820,100,100,100,20,9,11
5522,1338149,100,100,100,30,19,11
5523,1338340,95.6539130434783,100,91.67,23,11,12
5524,1338834,96.2977777777778,100,91.67,27,15,12
5525,1339068,100,100,100,28,18,10
5526,1339241,96.1519230769231,93.33,100,26,15,11
5527,1339615,100,100,100,13,7,6
5528,1339961,100,100,100,19,8,11
5529,1340279,91.3065217391304,88.89,92.86,23,9,14
5530,1340316,100,100,100,19,6,13
5531,1340814,100,100,100,22,10,12
5532,1341142,100,NA,100,16,NA,16
5533,1341147,100,100,100,16,8,8
5534,1342026,100,100,100,17,6,11
5535,1342339,100,100,100,21,6,15
5536,1342606,100,100,100,24,8,16
5537,1342629,100,100,100,24,8,16
5538,1342818,93.75,80,100,16,5,11
5539,1343648,87.49875,90,83.33,16,10,6
5540,1344236,90,90,90,20,10,10
5541,1344281,100,100,100,19,13,6
5542,1344524,83.335,72.73,100,18,11,7
5543,1344845,93.75,87.5,100,16,8,8
5544,1344899,95,90,100,20,10,10
5545,1344935,85.7157142857143,66.67,100,14,6,8
5546,1345013,94.1182352941177,100,88.89,17,8,9
5547,1345225,94.7368421052632,87.5,100,19,8,11
5548,1345483,95.2385714285714,88.89,100,21,9,12
5549,1345975,90.001,100,81.82,20,9,11
5550,1346521,96.87625,92.86,100,32,14,18
5551,1346620,96.5520689655173,88.89,100,29,9,20
5552,1346697,96.2962962962963,87.5,100,27,8,19
5553,1347396,93.3333333333333,90,95,30,10,20
5554,1347417,86.669,66.67,95.24,30,9,21
5555,1347653,96.7745161290323,90.91,100,31,11,20
5556,1347833,90.62875,84.62,94.74,32,13,19
5557,1348106,97.06,100,95.24,34,13,21
5558,1348223,91.1729411764706,89.47,93.33,34,19,15
5559,1348340,89.1848648648649,85.71,91.3,37,14,23
5560,1348445,97.2222222222222,93.75,100,36,16,20
5561,1348493,94.4441666666667,93.33,95.24,36,15,21
5562,1348607,100,100,100,41,15,26
5563,1348722,97.1428571428571,93.75,100,35,16,19
5564,1349115,100,100,100,30,7,23
5565,1349623,100,100,100,43,21,22
5566,1349672,97.7281818181818,100,95.24,44,23,21
5567,1349977,100,100,100,44,21,23
5568,1349997,95.83,95.83,95.83,48,24,24
5569,1350172,97.6190476190476,100,95,42,22,20
5570,1350335,95.002,100,91.67,40,16,24
5571,1350465,100,100,100,35,14,21
5572,1350746,100,100,100,35,11,24
5573,1351834,100,100,100,29,16,13
5574,1352209,100,100,100,32,17,15
5575,1352347,93.7496875,94.12,93.33,32,17,15
5576,1352410,96.43,100,92.86,28,14,14
5577,1352630,93.94,100,88.89,33,15,18
5578,1352853,100,100,100,35,20,15
5579,1353188,100,100,100,38,15,23
5580,1353805,100,100,100,35,15,20
5581,1353860,97.3663157894737,100,95.83,38,14,24
5582,1354097,100,100,100,39,18,21
5583,1354187,100,100,100,37,20,17
5584,1354698,97.62,94.12,100,42,17,25
5585,1354875,100,100,100,43,19,24
5586,1354908,100,100,100,36,13,23
5587,1354944,100,100,100,41,17,24
5588,1355027,100,100,100,32,15,17
5589,1355139,100,100,100,42,15,27
5590,1355316,100,100,100,38,18,20
5591,1355707,100,100,100,32,19,13
5592,1355818,97.7254545454546,94.44,100,44,18,26
5593,1356502,97.6171428571429,95.83,100,42,24,18
5594,1356892,97.6744186046512,100,95,43,23,20
5595,1356910,97.825,95.65,100,46,23,23
5596,1357313,100,100,100,27,10,17
5597,1357404,94.8733333333333,95,94.74,39,20,19
5598,1357457,89.1902702702703,85,94.12,37,20,17
5599,1357523,89.7451282051282,94.74,85,39,19,20
5600,1357723,97.1414285714286,93.33,100,35,15,20
5601,1357863,100,100,100,44,21,23
5602,1357997,100,100,100,44,24,20
5603,1358372,94.8692307692308,93.1,100,39,29,10
5604,1358475,100,100,100,42,29,13
5605,1358574,97.8723404255319,100,96,47,22,25
5606,1359616,100,100,100,48,21,27
5607,1360411,88.89,66.67,100,27,9,18
5608,1360570,97.8282608695652,96.67,100,46,30,16
5609,1360618,95.5568888888889,92.31,100,45,26,19
5610,1361385,98,95,100,50,20,30
5611,1361397,97.8260869565217,100,96,46,21,25
5612,1361550,100,100,100,49,20,29
5613,1362238,100,100,100,43,16,27
5614,1362682,88.5711428571428,76.47,100,35,17,18
5615,1362864,100,100,100,42,17,25
5616,1363145,100,100,100,41,22,19
5617,1363199,100,100,100,52,26,26
5618,1363749,98.0776923076923,100,96.43,52,24,28
5619,1364481,100,100,100,49,26,23
5620,1364547,100,100,100,54,26,28
5621,1364731,98.0759615384615,100,96.55,52,23,29
5622,1364755,100,100,100,44,17,27
5623,1364859,100,100,100,52,24,28
5624,1365003,100,100,100,34,20,14
5625,1365045,95.4556818181818,86.67,100,44,15,29
5626,1365496,100,100,100,53,21,32
5627,1365728,100,100,100,46,19,27
5628,1366310,96.43,95.83,96.88,56,24,32
5629,1366628,100,100,100,54,19,35
5630,1367154,100,100,100,44,21,23
5631,1367460,100,100,100,40,21,19
5632,1367984,71.7946153846154,72.22,71.43,39,18,21
5633,1368149,97.144,100,94.12,35,18,17
5634,1368175,95.2385714285714,66.67,100,21,3,18
5635,1368332,100,100,100,42,22,20
5636,1368374,97.2983783783784,94.12,100,37,17,20
5637,1368662,100,100,100,34,18,16
5638,1368858,100,100,100,29,16,13
5639,1369018,100,100,100,30,17,13
5640,1369218,100,100,100,34,18,16
5641,1369758,93.748125,100,85.71,32,18,14
5642,1369923,100,100,100,36,17,19
5643,1370382,100,100,100,29,14,15
5644,1370703,100,100,100,22,9,13
5645,1370763,100,100,100,26,13,13
5646,1370802,95.2366666666667,85.71,100,21,7,14
5647,1371017,100,100,100,26,11,15
5648,1371822,84.998,83.33,87.5,20,12,8
5649,1372173,96.43,92.86,100,28,14,14
5650,1372225,100,100,100,27,12,15
5651,1373140,93.026511627907,91.67,94.74,43,24,19
5652,1373187,93.3333333333333,100,85,45,25,20
5653,1373418,97.37,94.74,100,38,19,19
5654,1373558,96.2239622641509,96.55,95.83,53,29,24
5655,1373652,93.9996,96.15,91.67,50,26,24
5656,1374023,83.3364285714286,69.23,89.66,42,13,29
5657,1374216,95.4563636363636,91.67,100,44,24,20
5658,1374525,98.1150943396226,96.3,100,53,27,26
5659,1374603,93.6176595744681,91.67,95.65,47,24,23
5660,1375018,100,100,100,56,27,29
5661,1375047,95.83125,91.3,100,48,23,25
5662,1375528,98,100,96,50,25,25
5663,1375614,100,100,100,53,25,28
5664,1376175,100,100,100,43,12,31
5665,1376274,100,100,100,54,29,25
5666,1376491,92.002,85,96.67,50,20,30
5667,1376499,93.4808695652174,89.29,100,46,28,18
5668,1376542,96.2977777777778,91.67,100,54,24,30
5669,1376773,95.9183673469388,92,100,49,25,24
5670,1376932,100,100,100,52,21,31
5671,1377019,98.0382352941177,95.65,100,51,23,28
5672,1377381,97.2945945945946,95.45,100,37,22,15
5673,1377471,91.4897872340426,92,90.91,47,25,22
5674,1377511,93.8765306122449,90,96.55,49,20,29
5675,1378586,100,100,100,47,18,29
5676,1378761,98.1132075471698,96,100,53,25,28
5677,1378923,94.4444444444444,100,90,54,24,30
5678,1379265,98.0008,95.24,100,50,21,29
5679,1379594,100,100,100,50,26,24
5680,1379799,95.5555555555556,95,96,45,20,25
5681,1379811,100,100,100,52,29,23
5682,1380173,93.5490322580645,81.82,100,31,11,20
5683,1380286,100,100,100,48,27,21
5684,1380458,98.1457407407407,96.77,100,54,31,23
5685,1380475,98.0788461538462,96.3,100,52,27,25
5686,1380715,97.4346153846154,100,93.33,39,24,15
5687,1380986,100,100,100,42,21,21
5688,1380999,97.2983783783784,100,95.24,37,16,21
5689,1381007,100,100,100,36,17,19
5690,1381349,97.6204761904762,94.74,100,42,19,23
5691,1381385,97.6190476190476,100,95,42,22,20
5692,1381401,100,100,100,45,23,22
5693,1381528,90.32,95.45,77.78,31,22,9
5694,1381559,97.62,100,95.24,42,21,21
5695,1382209,97.915,95.83,100,48,24,24
5696,1382428,100,100,100,44,18,26
5697,1382653,97.6753488372093,95.24,100,43,21,22
5698,1382788,100,100,100,44,22,22
5699,1382895,97.3694736842105,95.24,100,38,21,17
5700,1383362,97.22,100,94.44,36,18,18
5701,1383635,94.5956756756757,95,94.12,37,20,17
5702,1384388,100,100,100,47,22,25
5703,1385150,100,100,100,47,22,25
5704,1385224,100,100,100,35,16,19
5705,1385563,100,100,100,43,17,26
5706,1386004,100,100,100,48,16,32
5707,1386367,97.5,100,96,40,15,25
5708,1386775,96.969696969697,100,95,33,13,20
5709,1386820,96.5489655172414,100,95.83,29,5,24
5710,1387072,100,100,100,30,13,17
5711,1387231,100,100,100,39,15,24
5712,1387268,100,100,100,35,14,21
5713,1387441,100,100,100,37,12,25
5714,1387783,100,100,100,39,17,22
5715,1388554,100,100,100,32,11,21
5716,1388588,100,100,100,16,10,6
5717,1388710,100,100,100,40,14,26
5718,1389219,100,100,100,37,18,19
5719,1389260,100,100,100,41,17,24
5720,1389321,97.4358974358974,93.75,100,39,16,23
5721,1389449,97.5624390243902,100,94.74,41,22,19
5722,1389819,100,100,100,39,24,15
5723,1389996,100,100,100,41,23,18
5724,1390104,96.87625,100,91.67,32,20,12
5725,1390125,96.4257142857143,100,94.44,28,10,18
5726,1390600,92.5922222222222,93.33,91.67,27,15,12
5727,1390686,85.1833333333333,93.33,75,27,15,12
5728,1391005,95.65,93.33,100,23,15,8
5729,1391062,91.3065217391304,86.67,100,23,15,8
5730,1391464,92.3076923076923,87.5,100,13,8,5
5731,1391789,69.2323076923077,42.86,100,13,7,6
5732,1391914,100,100,100,10,6,4
5733,1392013,86.668,77.78,100,15,9,6
5734,1392250,84.6169230769231,66.67,100,13,6,7
5735,1392456,91.6641666666666,85.71,100,12,7,5
5736,1392556,100,100,100,12,6,6
5737,1392681,100,100,100,14,7,7
5738,1392730,92.8571428571429,100,87.5,14,6,8
5739,1393372,100,100,100,19,8,11
5740,1393417,100,100,100,18,8,10
5741,1393845,95.2385714285714,100,90.91,21,10,11
5742,1394143,100,100,100,19,8,11
5743,1394179,100,100,100,16,4,12
5744,1395252,92.0008,100,81.82,25,14,11
5745,1395369,95,100,90,20,10,10
5746,1395918,86.3609090909091,85.71,87.5,22,14,8
5747,1396004,95.0015,92.31,100,20,13,7
5748,1396073,88.2388235294118,84.62,100,17,13,4
5749,1396593,100,100,100,18,13,5
5750,1396832,100,100,100,23,16,7
5751,1397083,90.3196774193548,85.71,100,31,21,10
5752,1397753,100,100,100,23,14,9
5753,1398081,82.6078260869565,81.82,83.33,23,11,12
5754,1398309,96.7754838709677,94.12,100,31,17,14
5755,1398408,100,100,100,20,9,11
5756,1398501,100,100,100,25,13,12
5757,1398587,100,100,100,24,13,11
5758,1398715,84.0012,75,92.31,25,12,13
5759,1399054,100,100,100,29,16,13
5760,1399065,100,100,100,19,13,6
5761,1399407,100,100,100,24,13,11
5762,1399522,100,100,100,17,13,4
5763,1399849,100,100,100,19,10,9
5764,1400851,100,100,100,29,16,13
5765,1400907,100,100,100,26,16,10
5766,1400932,100,100,100,21,15,6
5767,1401193,95.2366666666667,85.71,100,21,7,14
5768,1401334,96.969696969697,93.75,100,33,16,17
5769,1401493,96.2962962962963,93.75,100,27,16,11
5770,1402233,92.8580952380952,92,94.12,42,25,17
5771,1402440,100,100,100,49,27,22
5772,1402525,95.4577272727273,92.86,96.67,44,14,30
5773,1402669,97.5,93.75,100,40,16,24
5774,1403172,97.501,91.67,100,40,12,28
5775,1403184,94.8705128205128,93.75,95.65,39,16,23
5776,1403211,95.1219512195122,93.75,96,41,16,25
5777,1404203,97.6166666666667,100,95.45,42,20,22
5778,1405257,100,100,100,24,15,9
5779,1405299,95.6521739130435,90,100,23,10,13
5780,1405381,96.43,100,92.86,28,14,14
5781,1405492,96.55,93.33,100,29,15,14
5782,1406542,100,100,100,22,15,7
5783,1406896,93.1020689655172,100,83.33,29,17,12
5784,1406917,96.2977777777778,100,92.86,27,13,14
5785,1407604,94.7368421052632,100,87.5,19,11,8
5786,1407743,92.8578571428571,100,88.89,14,5,9
5787,1407800,100,100,100,18,9,9
5788,1407835,94.1182352941177,88.89,100,17,9,8
5789,1407859,95.0005,88.89,100,20,9,11
5790,1408067,100,100,100,25,13,12
5791,1408354,100,100,100,28,15,13
5792,1408447,100,100,100,22,4,18
5793,1408516,100,100,100,30,15,15
5794,1408582,100,100,100,23,13,10
5795,1408744,100,100,100,22,9,13
5796,1408929,95.835,100,91.67,24,12,12
5797,1409360,95.2380952380952,100,90,21,11,10
5798,1409378,94.7389473684211,100,91.67,19,7,12
5799,1409383,86.6666666666667,100,75,15,7,8
5800,1409457,100,100,100,29,12,17
5801,1409619,100,100,100,29,14,15
5802,1409764,100,100,100,30,15,15
5803,1409914,100,100,100,26,12,14
5804,1410112,100,100,100,33,15,18
5805,1410346,100,100,100,20,6,14
5806,1410352,100,100,100,27,13,14
5807,1410534,97.2951351351351,94.44,100,37,18,19
5808,1411098,100,100,100,27,13,14
5809,1411109,96.1553846153846,100,91.67,26,14,12
5810,1411121,94.7357894736842,100,83.33,19,13,6
5811,1411515,100,100,100,30,17,13
5812,1411715,100,100,100,14,8,6
5813,1411829,94.1182352941177,90.91,100,17,11,6
5814,1412424,100,100,100,15,4,11
5815,1412504,100,100,100,17,8,9
5816,1412636,92.3076923076923,80,100,13,5,8
5817,1412785,93.75,100,87.5,16,8,8
5818,1414044,91.6666666666667,100,87.5,12,4,8
5819,1414090,91.6666666666667,80,100,12,5,7
5820,1414416,100,100,100,16,9,7
5821,1414552,94.445,100,88.89,18,9,9
5822,1414627,94.445,88.89,100,18,9,9
5823,1414761,100,100,100,15,11,4
5824,1415117,95.4563636363636,100,92.86,22,8,14
5825,1415179,100,100,100,19,12,7
5826,1415623,100,100,100,23,14,9
5827,1415665,100,100,100,26,11,15
5828,1415719,91.3052173913044,100,77.78,23,14,9
5829,1415942,100,100,100,12,9,3
5830,1415962,91.6683333333333,92.86,90,24,14,10
5831,1416310,100,100,100,14,11,3
5832,1416325,88.004,91.67,84.62,25,12,13
5833,1416383,100,100,100,18,7,11
5834,1416553,100,100,100,24,15,9
5835,1416607,100,100,100,23,13,10
5836,1416631,95.0015,92.31,100,20,13,7
5837,1416730,95.6534782608695,92.31,100,23,13,10
5838,1417178,100,100,100,15,7,8
5839,1417268,100,100,100,13,4,9
5840,1417435,100,100,100,12,4,8
5841,1419364,100,100,100,14,6,8
5842,1420175,100,100,100,8,3,5
5843,1420470,81.82,100,66.67,11,5,6
5844,1420651,91.6641666666666,100,85.71,12,5,7
5845,1420903,100,100,100,14,6,8
5846,1421423,81.25,70,100,16,10,6
5847,1421618,93.334,88.89,100,15,9,6
5848,1421630,41.6666666666667,12.5,100,12,8,4
5849,1421953,100,100,100,17,7,10
5850,1422118,100,100,100,19,11,8
5851,1422476,88.8894444444445,71.43,100,18,7,11
5852,1422551,90.9072727272727,83.33,100,11,6,5
5853,1422641,94.4444444444444,87.5,100,18,8,10
5854,1423704,66.67,66.67,66.67,6,3,3
5855,1424643,100,100,100,7,2,5
5856,1424959,77.7777777777778,50,100,9,4,5
5857,1425292,100,100,100,10,3,7
5858,1425643,100,100,100,17,4,13
5859,1425870,88.8888888888889,87.5,90,18,8,10
5860,1425909,94.9985,85.71,100,20,7,13
5861,1426244,100,100,100,16,6,10
5862,1426644,96.0004,90.91,100,25,11,14
5863,1426880,96.7725806451613,93.33,100,31,15,16
5864,1427103,93.7528125,92.31,94.74,32,13,19
5865,1427660,91.892972972973,95.24,87.5,37,21,16
5866,1427754,87.49625,91.3,82.35,40,23,17
5867,1428005,97.6178571428572,95.65,100,42,23,19
5868,1428244,95.5573333333333,92.86,100,45,28,17
5869,1428424,97.7254545454546,100,95.83,44,20,24
5870,1428764,89.585625,88.89,90.48,48,27,21
5871,1430784,91.3065217391304,88.89,92.86,23,9,14
5872,1431018,95.24,100,91.67,21,9,12
5873,1431884,100,100,100,23,11,12
5874,1432619,100,100,100,21,7,14
5875,1432786,100,100,100,16,3,13
5876,1432865,93.75,80,100,16,5,11
5877,1433459,80.001,100,71.43,10,3,7
5878,1433483,77.7777777777778,100,50,9,5,4
5879,1433633,100,100,100,10,3,7
5880,1435288,83.3333333333333,100,75,6,2,4
5881,1435303,100,100,100,4,2,2
5882,1435396,100,100,100,6,1,5
5883,1435705,83.3333333333333,100,80,6,1,5
5884,1435925,100,100,100,7,3,4
5885,1436687,89.998,100,83.33,10,4,6
5886,1436795,77.7766666666667,66.67,83.33,9,3,6
5887,1437485,95.6534782608695,100,92.31,23,10,13
5888,1437554,100,100,100,21,12,9
5889,1437591,100,100,100,24,12,12
5890,1437713,100,100,100,25,14,11
5891,1437860,96.1553846153846,100,92.86,26,12,14
5892,1438079,100,100,100,28,14,14
5893,1438112,95.8320833333333,100,85.71,24,17,7
5894,1438263,100,100,100,30,15,15
5895,1438743,97.0588235294118,100,93.75,34,18,16
5896,1438997,97.06,100,94.12,34,17,17
5897,1439839,100,100,100,30,9,21
5898,1440153,100,100,100,24,11,13
5899,1440218,97.2194444444444,100,95.45,36,14,22
5900,1440419,100,100,100,35,15,20
5901,1440516,100,100,100,29,18,11
5902,1440921,83.3366666666667,84.62,81.82,24,13,11
5903,1441042,97.5,93.75,100,40,16,24
5904,1441202,97.6725581395349,100,95.83,43,19,24
5905,1441396,92.1052631578947,81.25,100,38,16,22
5906,1442017,93.75,90,100,16,10,6
5907,1442049,92.5948148148148,84.62,100,27,13,14
5908,1442158,96.43,92.86,100,28,14,14
5909,1442274,94.7352631578947,100,85.71,19,12,7
5910,1442322,100,100,100,26,11,15
5911,1442541,100,100,100,14,10,4
5912,1443232,94.1176470588235,100,75,17,13,4
5913,1443429,94.7373684210526,100,88.89,19,10,9
5914,1443759,100,100,100,28,13,15
5915,1443784,100,100,100,20,7,13
5916,1444450,100,100,100,39,20,19
5917,1444657,100,100,100,32,12,20
5918,1445774,100,100,100,31,13,18
5919,1445810,100,100,100,28,13,15
5920,1445862,93.5467741935484,92.31,94.44,31,13,18
5921,1446253,95.8345833333333,100,92.31,24,11,13
5922,1447568,100,100,100,31,17,14
5923,1447633,100,100,100,34,18,16
5924,1447640,100,100,100,27,16,11
5925,1447793,100,100,100,31,15,16
5926,1448309,100,100,100,51,25,26
5927,1448375,96.2245283018868,93.1,100,53,29,24
5928,1448861,96.3654545454546,96.67,96,55,30,25
5929,1449380,100,100,100,39,17,22
5930,1449517,93.1020689655172,100,83.33,29,17,12
5931,1449661,97.7272727272727,100,96,44,19,25
5932,1449712,100,100,100,38,17,21
5933,1449842,97.5624390243902,94.74,100,41,19,22
5934,1449881,100,100,100,42,23,19
5935,1449992,97.0597058823529,100,92.31,34,21,13
5936,1450147,100,100,100,36,21,15
5937,1450235,97.4358974358974,100,95,39,19,20
5938,1450756,93.75375,96.3,90.48,48,27,21
5939,1450883,95.83625,96.3,95.24,48,27,21
5940,1451008,75.9988,33.33,100,25,9,16
5941,1451960,97.6171428571429,100,95.83,42,18,24
5942,1452077,95.7446808510638,100,92,47,22,25
5943,1452291,97.2233333333333,94.12,100,36,17,19
5944,1452350,100,100,100,35,18,17
5945,1452665,100,100,100,37,17,20
5946,1452827,100,100,100,33,11,22
5947,1452983,94.7342105263158,100,91.3,38,15,23
5948,1453011,94.5940540540541,94.44,94.74,37,18,19
5949,1453254,97.4338461538462,100,94.44,39,21,18
5950,1453710,90.6259375,88.24,93.33,32,17,15
5951,1453737,84.3775,92.31,78.95,32,13,19
5952,1454020,94.1182352941177,100,88.89,34,16,18
5953,1454083,100,100,100,34,17,17
5954,1454314,97.2945945945946,100,95.45,37,15,22
5955,1454657,100,100,100,29,22,7
5956,1454701,100,100,100,39,13,26
5957,1455085,100,100,100,39,15,24
5958,1455267,100,100,100,57,25,32
5959,1455510,100,100,100,59,27,32
5960,1455723,96.3609090909091,96.55,96.15,55,29,26
5961,1455770,100,100,100,46,32,14
5962,1455988,97.9172916666667,92.31,100,48,13,35
5963,1456003,100,100,100,40,14,26
5964,1456072,98.1809090909091,100,96.55,55,26,29
5965,1456792,100,100,100,62,23,39
5966,1456865,96.3636363636364,100,92,55,30,25
5967,1456986,97.0577941176471,100,94.87,68,29,39
5968,1457244,100,100,100,64,31,33
5969,1457310,98.1818181818182,96,100,55,25,30
5970,1457509,100,100,100,49,26,23
5971,1457687,95.8333333333333,87.5,100,48,16,32
5972,1457711,98.2463157894737,100,96.43,57,29,28
5973,1458203,96.722131147541,96.97,96.43,61,33,28
5974,1458457,92.5925925925926,96.43,88.46,54,28,26
5975,1458466,89.4766666666667,86.21,92.86,57,29,28
5976,1458478,98.0753846153846,95.83,100,52,24,28
5977,1458570,98.4152380952381,96.88,100,63,32,31
5978,1458804,96.722131147541,96.43,96.97,61,28,33
5979,1458949,98.6290410958904,97.22,100,73,36,37
5980,1459273,98.0776923076923,94.12,100,52,17,35
5981,1459757,93.8775510204082,87.5,100,49,24,25
5982,1460083,98.3622950819672,100,96.3,61,34,27
5983,1460242,100,100,100,67,38,29
5984,1460975,100,100,100,71,37,34
5985,1461049,98.3872580645161,96.97,100,62,33,29
5986,1461229,97.3661842105263,94.59,100,76,37,39
5987,1461431,95.8368055555556,94.29,97.3,72,35,37
5988,1462333,98.1818181818182,100,96,55,30,25
5989,1462599,100,100,100,44,15,29
5990,1462641,98.3335,100,96.97,60,27,33
5991,1462665,98.2463157894737,96.43,100,57,28,29
5992,1462818,98.075,96.15,100,52,26,26
5993,1462915,97.8744680851064,96.3,100,47,27,20
5994,1463089,100,100,100,36,19,17
5995,1463340,97.7755555555555,96.15,100,45,26,19
5996,1463358,94.0012,96.43,90.91,50,28,22
5997,1463413,97.998,96.15,100,50,26,24
5998,1463605,95.2357142857143,95.45,95,42,22,20
5999,1463929,95.7459574468085,100,92.31,47,21,26
6000,1464235,100,100,100,40,18,22
6001,1464546,100,100,100,33,12,21
6002,1465669,100,100,100,21,6,15
6003,1465777,100,100,100,17,3,14
6004,1466158,100,100,100,20,6,14
6005,1466245,100,100,100,22,6,16
6006,1466268,100,100,100,16,8,8
6007,1466452,95.8320833333333,85.71,100,24,7,17
6008,1466539,100,100,100,28,12,16
6009,1466746,100,100,100,26,8,18
6010,1466833,96.0016,100,94.12,25,8,17
6011,1466928,100,100,100,21,13,8
6012,1467134,89.285,100,78.57,28,14,14
6013,1467292,96.1553846153846,100,91.67,26,14,12
6014,1467334,100,100,100,28,12,16
6015,1467463,95.6539130434783,100,91.67,23,11,12
6016,1468266,91.3052173913044,100,81.82,23,12,11
6017,1468365,100,100,100,28,14,14
6018,1468543,100,100,100,33,15,18
6019,1468567,96.87625,100,92.86,32,18,14
6020,1469094,96.2977777777778,100,91.67,27,15,12
6021,1469466,89.4747368421053,100,81.82,19,8,11
6022,1469628,100,100,100,16,9,7
6023,1469734,86.6666666666667,90,80,15,10,5
6024,1470132,71.4295238095238,61.54,87.5,21,13,8
6025,1470304,100,100,100,22,14,8
6026,1470412,100,100,100,23,14,9
6027,1470588,66.6666666666667,75,50,12,8,4
6028,1470613,100,100,100,16,8,8
6029,1470678,100,100,100,18,11,7
6030,1471380,89.4747368421053,100,81.82,19,8,11
6031,1471498,89.4736842105263,100,80,19,9,10
6032,1472155,95.6539130434783,100,92.86,23,9,14
6033,1472203,95.835,100,92.86,24,10,14
6034,1472379,96.43,100,94.12,28,11,17
6035,1472550,96.551724137931,100,93.75,29,13,16
6036,1473226,100,100,100,31,12,19
6037,1474027,96.1553846153846,100,92.86,26,12,14
6038,1474321,100,100,100,22,14,8
6039,1474634,100,100,100,22,11,11
6040,1474974,100,100,100,23,13,10
6041,1475955,100,100,100,8,4,4
6042,1476096,100,100,100,11,5,6
6043,1476275,100,100,100,11,7,4
6044,1476555,94.1164705882353,100,83.33,17,11,6
6045,1476711,95.2385714285714,100,88.89,21,12,9
6046,1477149,95.4559090909091,92.31,100,22,13,9
6047,1477254,100,100,100,18,10,8
6048,1477329,100,100,100,17,12,5
6049,1477450,93.3333333333333,100,87.5,15,7,8
6050,1478069,100,100,100,12,5,7
6051,1479471,100,100,100,24,12,12
6052,1479673,100,100,100,22,11,11
6053,1479703,90.9054545454545,85.71,93.33,22,7,15
6054,1479711,95.0005,90.91,100,20,11,9
6055,1479745,96.43,91.67,100,28,12,16
6056,1480045,100,100,100,24,10,14
6057,1480339,93.7528125,92.31,94.74,32,13,19
6058,1480968,96.4285714285714,90,100,28,10,18
6059,1481047,96,90,100,25,10,15
6060,1481090,90.91,90.91,90.91,22,11,11
6061,1481279,96,90,100,25,10,15
6062,1481522,96.9681818181818,93.33,100,33,15,18
6063,1481915,94.87,89.47,100,39,19,20
6064,1481945,94.4458333333333,86.67,100,36,15,21
6065,1482331,100,100,100,28,10,18
6066,1482430,96.87625,92.86,100,32,14,18
6067,1483335,94.5945945945946,100,90,37,17,20
6068,1483349,100,100,100,37,17,20
6069,1483433,92.8557142857143,100,83.33,42,24,18
6070,1483545,100,100,100,47,24,23
6071,1483604,97.7777777777778,100,95,45,25,20
6072,1483878,100,100,100,49,28,21
6073,1483943,100,100,100,52,33,19
6074,1484279,97.8731914893617,100,94.12,47,30,17
6075,1484334,96.0788235294118,96.3,95.83,51,27,24
6076,1484483,95.83625,96.3,95.24,48,27,21
6077,1484646,100,100,100,52,30,22
6078,1485278,100,100,100,33,18,15
6079,1485282,100,100,100,31,6,25
6080,1485566,97.9581632653061,95.65,100,49,23,26
6081,1485743,93.1825,90.48,95.65,44,21,23
6082,1485948,97.6171428571429,95.83,100,42,24,18
6083,1485960,93.3333333333333,95.83,90.48,45,24,21
6084,1486032,94.3401886792453,96.55,91.67,53,29,24
6085,1486217,95.5573333333333,92.86,100,45,28,17
6086,1486385,92.8576190476191,90.91,95,42,22,20
6087,1486421,90.4738095238095,95.45,85,42,22,20
6088,1486737,100,100,100,30,16,14
6089,1486802,96.9709090909091,100,92.86,33,19,14
6090,1486850,93.9409090909091,100,86.67,33,18,15
6091,1487355,95.6508695652174,100,85.71,23,16,7
6092,1487413,96.5531034482759,100,92.86,29,15,14
6093,1488466,100,100,100,27,15,12
6094,1488520,100,100,100,25,12,13
6095,1488620,96.55,100,93.33,29,14,15
6096,1488940,100,100,100,27,15,12
6097,1489025,100,100,100,21,9,12
6098,1489127,100,100,100,30,15,15
6099,1490058,100,100,100,23,19,4
6100,1490612,100,100,100,20,12,8
6101,1490750,94.445,88.89,100,18,9,9
6102,1491011,100,100,100,10,5,5
6103,1491592,89.4747368421053,81.82,100,19,11,8
6104,1491599,100,100,100,17,12,5
6105,1491770,100,100,100,20,13,7
6106,1492110,95.4545454545455,100,90,22,12,10
6107,1492609,95,90,100,20,10,10
6108,1492615,95.6526086956522,100,88.89,23,14,9
6109,1492692,95.4545454545455,100,80,22,17,5
6110,1492959,96.43,100,91.67,28,16,12
6111,1493142,100,100,100,23,14,9
6112,1493200,100,100,100,20,6,14
6113,1493583,95.83125,93.33,100,24,15,9
6114,1493754,93.335,100,86.67,30,15,15
6115,1494127,91.998,90,93.33,25,10,15
6116,1494135,90.620625,94.44,85.71,32,18,14
6117,1494592,100,100,100,31,16,15
6118,1495208,100,100,100,28,16,12
6119,1495580,93.1010344827586,89.47,100,29,19,10
6120,1496210,100,100,100,29,20,9
6121,1496390,100,100,100,28,17,11
6122,1496473,100,100,100,26,17,9
6123,1496860,93.3333333333333,95,90,30,20,10
6124,1497220,100,100,100,27,16,11
6125,1497319,96.1538461538462,100,90,26,16,10
6126,1497456,88.2364705882353,81.82,100,17,11,6
6127,1497760,96.668,100,91.67,30,18,12
6128,1497883,96.2966666666667,100,90.91,27,16,11
6129,1498243,100,100,100,28,16,12
6130,1498387,96.2977777777778,100,91.67,27,15,12
6131,1498562,94.1176470588235,100,90,17,7,10
6132,1498739,100,100,100,22,11,11
6133,1499262,100,100,100,15,10,5
6134,1499331,95.6521739130435,90,100,23,10,13
6135,1499982,100,100,100,20,10,10
6136,1500037,100,100,100,15,7,8
6137,1500051,100,100,100,16,7,9
6138,1500157,100,100,100,12,2,10
6139,1500306,100,100,100,12,6,6
6140,1500310,100,100,100,10,7,3
6141,1500720,100,100,100,20,8,12
6142,1500962,100,100,100,14,6,8
6143,1501119,100,100,100,14,9,5
6144,1501565,95.2395238095238,92.31,100,21,13,8
6145,1501668,94.1182352941177,88.89,100,17,9,8
6146,1501818,90.9072727272727,83.33,100,11,6,5
6147,1502638,87.5,100,75,8,4,4
6148,1503350,85.0015,77.78,90.91,20,9,11
6149,1503446,95.0005,90.91,100,20,11,9
6150,1504018,100,100,100,16,7,9
6151,1504558,92.3107692307692,100,88.24,26,9,17
6152,1504877,93.75,100,87.5,32,16,16
6153,1505122,93.3356666666667,94.12,92.31,30,17,13
6154,1505226,94.8707692307692,95.24,94.44,39,21,18
6155,1505542,100,100,100,30,9,21
6156,1505548,96.0016,100,91.67,25,13,12
6157,1506407,100,100,100,34,18,16
6158,1506430,97.2238888888889,100,94.74,36,17,19
6159,1506452,100,100,100,23,10,13
6160,1506569,100,100,100,39,18,21
6161,1507220,95.4563636363636,100,91.67,22,10,12
6162,1507225,100,100,100,29,12,17
6163,1507394,97.3,100,96.3,37,10,27
6164,1507448,95.5555555555556,95,96,45,20,25
6165,1507592,97.4346153846154,100,95.65,39,16,23
6166,1507769,93.0213953488372,94.44,92,43,18,25
6167,1507964,95.45,95.45,95.45,44,22,22
6168,1508333,100,100,100,37,18,19
6169,1508482,97.0605882352941,100,94.74,34,15,19
6170,1508957,96.6666666666667,100,95,30,10,20
6171,1509104,89.285,92.86,85.71,28,14,14
6172,1509707,88.4607692307692,100,78.57,26,12,14
6173,1510073,100,100,100,30,17,13
6174,1510307,100,100,100,25,11,14
6175,1510682,97.06,92.86,100,34,14,20
6176,1510898,100,100,100,31,17,14
6177,1511919,100,100,100,33,15,18
6178,1512018,95.83125,100,91.3,48,25,23
6179,1512279,95.6530434782609,95.24,96,46,21,25
6180,1512347,100,100,100,39,23,16
6181,1513313,97.7272727272727,100,95,44,24,20
6182,1513397,97.9575510204082,100,95.83,49,25,24
6183,1513424,100,100,100,48,27,21
6184,1513478,95.8345833333333,92.31,100,48,26,22
6185,1513645,97.5624390243902,100,94.74,41,22,19
6186,1514428,100,100,100,40,23,17
6187,1514489,100,100,100,39,16,23
6188,1515267,100,100,100,41,22,19
6189,1515509,100,100,100,40,23,17
6190,1515977,100,100,100,32,12,20
6191,1515987,95.65,100,93.33,23,8,15
6192,1516203,100,100,100,35,16,19
6193,1516433,100,100,100,27,13,14
6194,1516616,100,100,100,38,15,23
6195,1517017,96.1538461538462,100,93.75,26,10,16
6196,1517036,91.6666666666667,80,100,24,10,14
6197,1517766,100,100,100,21,13,8
6198,1517801,95.455,90.91,100,22,11,11
6199,1518091,100,100,100,25,9,16
6200,1518385,100,100,100,21,6,15
6201,1518488,100,100,100,24,6,18
6202,1518577,100,100,100,29,6,23
6203,1519361,96.1561538461538,100,94.74,26,7,19
6204,1519379,96.2985185185185,100,94.74,27,8,19
6205,1519628,100,100,100,26,10,16
6206,1519814,100,100,100,22,11,11
6207,1520041,90,85.71,92.31,20,7,13
6208,1520523,92.855,85.71,100,14,7,7
6209,1521288,100,100,100,10,5,5
6210,1521401,100,100,100,10,5,5
6211,1521558,88.89,81.82,100,18,11,7
6212,1521872,100,100,100,20,17,3
6213,1523530,95.8333333333333,90,100,24,10,14
6214,1523559,83.3325,90,78.57,24,10,14
6215,1523569,90.91,100,88.89,22,4,18
6216,1523698,100,100,100,21,8,13
6217,1525237,93.3356666666667,94.12,92.31,30,17,13
6218,1525499,94.1176470588235,87.5,100,34,16,18
6219,1525868,100,100,100,21,8,13
6220,1525951,100,100,100,17,7,10
6221,1526473,90.4766666666667,71.43,100,21,7,14
6222,1527409,83.335,66.67,100,6,3,3
6223,1527583,100,100,100,12,5,7
6224,1529379,100,100,100,13,9,4
6225,1529689,100,100,100,9,7,2
6226,1529772,100,100,100,9,7,2
6227,1530479,100,100,100,6,3,3
6228,1530537,75.0025,100,66.67,4,1,3
6229,1531135,100,100,100,3,1,2
6230,1531496,72.7290909090909,80,66.67,11,5,6
6231,1531681,87.5,100,75,8,4,4
6232,1531782,71.4285714285714,100,60,7,2,5
6233,1532242,89.997,100,85.71,10,3,7
6234,1533781,97.3710526315789,100,96.3,38,11,27
6235,1533953,97.6190476190476,100,96,42,17,25
6236,1534439,100,100,100,38,19,19
6237,1534547,100,100,100,41,21,20
6238,1535193,98.1825454545454,100,96.43,55,27,28
6239,1535257,100,100,100,51,19,32
6240,1535362,100,100,100,53,26,27
6241,1535578,100,100,100,56,24,32
6242,1536098,88.8865079365079,80.77,94.59,63,26,37
6243,1536211,100,100,100,54,28,26
6244,1536915,98.5938028169014,96.88,100,71,32,39
6245,1536950,95.5889705882353,91.43,100,68,35,33
6246,1537073,98.2128571428571,94.44,100,56,18,38
6247,1537224,100,100,100,60,35,25
6248,1537290,95.3864615384615,91.18,100,65,34,31
6249,1537302,98.4152380952381,96.88,100,63,32,31
6250,1537492,97.06,97.22,96.88,68,36,32
6251,1537931,85.456,87.88,81.82,55,33,22
6252,1537942,86.4384745762712,91.89,77.27,59,37,22
6253,1537951,84.4433333333333,86.36,82.61,45,22,23
6254,1538218,100,100,100,58,41,17
6255,1538441,100,100,100,55,38,17
6256,1538680,98.1836363636364,96.67,100,55,30,25
6257,1538874,96.7237704918033,94.29,100,61,35,26
6258,1538920,98.3052542372881,96.97,100,59,33,26
6259,1538945,100,100,100,51,23,28
6260,1539235,98.0392156862745,96,100,51,25,26
6261,1539450,100,100,100,51,20,31
6262,1539537,96.7741935483871,97.14,96.3,62,35,27
6263,1539661,100,100,100,54,28,26
6264,1539966,100,100,100,53,29,24
6265,1540149,100,100,100,49,25,24
6266,1540345,91.6670833333333,71.43,100,48,14,34
6267,1540906,100,100,100,54,23,31
6268,1540918,98.1466666666667,95.83,100,54,24,30
6269,1541139,97.998,100,96.15,50,24,26
6270,1541521,98.0392156862745,100,96,51,26,25
6271,1542016,92.8561904761905,100,76.92,42,29,13
6272,1542039,95.0005,100,90.91,40,18,22
6273,1542165,95.4543181818182,95.65,95.24,44,23,21
6274,1542198,93.6174468085106,90.91,96,47,22,25
6275,1542573,91.1788235294118,90,91.67,34,10,24
6276,1542622,94.7389473684211,100,90.48,38,17,21
6277,1542667,95.4577272727273,94.12,96.3,44,17,27
6278,1542952,95.835,92.86,100,24,14,10
6279,1543099,100,100,100,37,18,19
6280,1543384,100,100,100,34,15,19
6281,1543851,83.3366666666667,80,84.62,18,5,13
6282,1544305,88.8905555555556,80,92.31,18,5,13
6283,1544413,80.9561904761905,50,88.24,21,4,17
6284,1545052,53.3326666666667,28.57,75,15,7,8
6285,1545505,92.3076923076923,87.5,100,13,8,5
6286,1545562,79.998,75,85.71,15,8,7
6287,1545710,93.334,88.89,100,15,9,6
6288,1545822,87.5,80,100,16,10,6
6289,1546178,68.750625,55.56,85.71,16,9,7
6290,1547129,100,100,100,19,9,10
6291,1547536,95.4545454545455,90,100,22,10,12
6292,1547648,95.002,91.67,100,20,12,8
6293,1548166,92.8589285714286,90.91,94.12,28,11,17
6294,1548176,95.2380952380952,80,100,21,5,16
6295,1548274,100,100,100,27,10,17
6296,1548602,96.664,100,94.44,30,12,18
6297,1548682,100,100,100,38,15,23
6298,1548878,100,100,100,38,13,25
6299,1549148,97.498,100,95.83,40,16,24
6300,1549208,100,100,100,32,8,24
6301,1549511,92.50075,88.24,95.65,40,17,23
6302,1549612,97.3694736842105,100,95.24,38,17,21
6303,1549775,100,100,100,37,18,19
6304,1549792,100,100,100,33,13,20
6305,1550207,97.3694736842105,100,95.24,38,17,21
6306,1550672,96.7751612903226,92.31,100,31,13,18
6307,1550743,95.5568888888889,92.31,100,45,26,19
6308,1550774,97.3694736842105,94.12,100,38,17,21
6309,1550954,100,100,100,38,18,20
6310,1551155,100,100,100,44,24,20
6311,1551188,93.1041379310345,81.82,100,29,11,18
6312,1551196,91.1782352941176,90.91,91.67,34,22,12
6313,1551332,91.8940540540541,90.48,93.75,37,21,16
6314,1551378,97.6166666666667,96.15,100,42,26,16
6315,1551695,87.50025,80.95,94.74,40,21,19
6316,1551797,91.6666666666667,87.5,93.75,24,8,16
6317,1551824,87.0974193548387,88.24,85.71,31,17,14
6318,1551839,82.86,81.82,84.62,35,22,13
6319,1551871,83.7816216216216,91.3,71.43,37,23,14
6320,1551887,88.8886111111111,100,76.47,36,19,17
6321,1552504,97.144,95.24,100,35,21,14
6322,1553270,100,100,100,35,18,17
6323,1553605,97.725,100,95.45,44,22,22
6324,1553719,97.0605882352941,100,94.74,34,15,19
6325,1553812,94.1197058823529,92.31,95.24,34,13,21
6326,1553918,89.7423076923077,93.33,87.5,39,15,24
6327,1554435,100,100,100,39,19,20
6328,1554471,100,100,100,37,17,20
6329,1554662,97.06,100,94.12,34,17,17
6330,1554729,100,100,100,33,16,17
6331,1554822,100,100,100,33,18,15
6332,1555049,92.8557142857143,100,83.33,28,16,12
6333,1555152,96.87625,100,94.12,32,15,17
6334,1555317,93.332,91.67,94.44,30,12,18
6335,1555485,94.1155882352941,100,89.47,34,15,19
6336,1556050,87.9996,92.31,83.33,25,13,12
6337,1556102,86.3627272727273,100,78.57,22,8,14
6338,1556322,85.7166666666667,92.86,71.43,21,14,7
6339,1556445,100,100,100,17,5,12
6340,1557250,96.43,100,91.67,28,16,12
6341,1557406,100,100,100,34,21,13
6342,1557497,100,100,100,35,23,12
6343,1557899,97.3663157894737,94.44,100,38,18,20
6344,1557923,100,100,100,42,20,22
6345,1558145,100,100,100,49,21,28
6346,1558662,98.2447368421053,100,96.55,57,28,29
6347,1558728,98.2786206896552,100,96.88,58,26,32
6348,1559050,100,100,100,55,26,29
6349,1559134,98.43765625,100,96.97,64,31,33
6350,1559267,96.55,100,93.1,58,29,29
6351,1559306,100,100,100,54,26,28
6352,1559659,100,100,100,52,28,24
6353,1559740,96.9690909090909,100,83.33,33,27,6
6354,1559937,100,100,100,58,29,29
6355,1560151,92.49875,92,93.33,40,25,15
6356,1560262,100,100,100,46,19,27
6357,1560405,97.6758139534884,94.74,100,43,19,24
6358,1560537,100,100,100,41,17,24
6359,1560825,100,100,100,39,20,19
6360,1560835,95.1209756097561,95.45,94.74,41,22,19
6361,1561384,97.5590243902439,95.83,100,41,24,17
6362,1561603,100,100,100,50,23,27
6363,1561714,100,100,100,50,21,29
6364,1562209,93.75,100,87.5,32,16,16
6365,1562239,97.78,100,96.3,45,18,27
6366,1562365,90.62375,83.33,95,32,12,20
6367,1562472,92.8566666666667,78.57,100,42,14,28
6368,1562540,97.6214285714286,100,96.3,42,15,27
6369,1562766,93.3353333333333,84.62,100,30,13,17
6370,1563021,91.6669444444445,84.62,95.65,36,13,23
6371,1563029,97.3671052631579,100,95.65,38,15,23
6372,1563126,86.1130555555555,88.24,84.21,36,17,19
6373,1563189,77.7777777777778,90,62.5,18,10,8
6374,1563431,94.7342105263158,93.33,95.65,38,15,23
6375,1563559,91.6683333333333,92.86,90.91,36,14,22
6376,1563677,97.3663157894737,100,95.83,38,14,24
6377,1563985,96.9706060606061,92.31,100,33,13,20
6378,1564402,93.0253488372093,86.67,96.43,43,15,28
6379,1564453,92.496,85.71,96.15,40,14,26
6380,1564597,91.428,85.71,95.24,35,14,21
6381,1564736,97.6753488372093,100,96.43,43,15,28
6382,1565110,97.6171428571429,94.44,100,42,18,24
6383,1565275,94.288,88.24,100,35,17,18
6384,1566122,94.1158823529412,100,85.71,17,10,7
6385,1566773,100,100,100,14,7,7
6386,1567081,100,100,100,13,10,3
6387,1567202,100,100,100,12,7,5
6388,1567618,93.75,90,100,16,10,6
6389,1567909,100,100,100,27,17,10
6390,1567917,95.6521739130435,100,87.5,23,15,8
6391,1568177,95.6526086956522,100,90.91,23,12,11
6392,1568221,95.6539130434783,100,91.67,23,11,12
6393,1568237,96.0004,100,90.91,25,14,11
6394,1568404,100,100,100,26,16,10
6395,1568443,100,100,100,25,15,10
6396,1568536,100,100,100,20,11,9
6397,1568549,100,100,100,25,15,10
6398,1569086,96.0016,92.86,100,25,14,11
6399,1569384,95.6508695652174,85.71,100,23,7,16
6400,1569429,100,100,100,30,15,15
6401,1569612,100,100,100,32,17,15
6402,1569975,96.0004,90.91,100,25,11,14
6403,1570215,87.9996,83.33,92.31,25,12,13
6404,1570696,100,100,100,29,13,16
6405,1570885,100,100,100,22,16,6
6406,1571237,100,100,100,26,15,11
6407,1571507,100,100,100,20,11,9
6408,1571728,100,100,100,15,9,6
6409,1571792,100,100,100,14,5,9
6410,1572069,75,75,75,8,4,4
6411,1572533,94.1182352941177,88.89,100,17,9,8
6412,1572651,100,100,100,19,9,10
6413,1572764,93.75,87.5,100,16,8,8
6414,1572830,94.445,88.89,100,18,9,9
6415,1573027,100,100,100,19,11,8
6416,1573124,100,100,100,19,10,9
6417,1574012,100,100,100,28,14,14
6418,1574087,100,100,100,30,17,13
6419,1575035,100,100,100,22,13,9
6420,1575365,79.998,85.71,75,15,7,8
6421,1575596,100,100,100,16,7,9
6422,1575898,100,100,100,17,8,9
6423,1576249,92.3076923076923,87.5,100,13,8,5
6424,1576573,100,100,100,11,7,4
6425,1576600,100,100,100,8,4,4
6426,1576690,100,100,100,12,8,4
6427,1577108,92.8571428571429,87.5,100,14,8,6
6428,1577422,100,100,100,18,10,8
6429,1577900,100,100,100,22,11,11
6430,1578201,82.3535294117647,90,71.43,17,10,7
6431,1578314,100,100,100,18,8,10
6432,1578426,88.8888888888889,87.5,90,18,8,10
6433,1578735,100,100,100,11,3,8
6434,1578846,100,100,100,16,5,11
6435,1578900,100,100,100,13,4,9
6436,1578966,100,100,100,11,3,8
6437,1579092,89.997,100,85.71,10,3,7
6438,1579218,100,100,100,10,3,7
6439,1580441,77.7744444444444,50,85.71,9,2,7
6440,1581001,100,100,100,17,6,11
6441,1581568,100,100,100,6,1,5
6442,1581640,100,100,100,10,2,8
6443,1581724,100,100,100,11,3,8
6444,1581757,100,100,100,12,3,9
6445,1582290,77.7777777777778,60,100,9,5,4
6446,1582324,77.7777777777778,80,75,9,5,4
6447,1582762,75,0,100,4,1,3
6448,1583536,100,100,100,4,1,3
6449,1583599,100,100,100,5,2,3
6450,1583798,83.3333333333333,100,75,6,2,4
6451,1583837,87.4975,100,83.33,8,2,6
6452,1584267,90,75,100,10,4,6
6453,1584501,94.1176470588235,100,90,17,7,10
6454,1584534,100,100,100,15,6,9
6455,1584588,100,100,100,17,7,10
6456,1584753,100,100,100,20,9,11
6457,1585071,100,100,100,12,4,8
6458,1585108,100,100,100,12,5,7
6459,1585381,100,100,100,12,5,7
6460,1585765,100,100,100,18,10,8
6461,1586058,100,100,100,10,4,6
6462,1586319,100,100,100,10,4,6
6463,1587150,87.5,100,80,8,3,5
6464,1587446,81.8190909090909,100,71.43,11,4,7
6465,1587504,100,100,100,11,3,8
6466,1587809,90,100,87.5,10,2,8
6467,1587830,100,100,100,5,1,4
6468,1587902,92.3084615384615,100,90.91,13,2,11
6469,1588142,100,NA,100,10,NA,10
6470,1588430,85.7157142857143,100,77.78,14,5,9
6471,1588453,88.2376470588235,80,91.67,17,5,12
6472,1588690,100,100,100,13,5,8
6473,1589717,94.4444444444444,50,100,18,2,16
6474,1589723,77.7766666666667,83.33,66.67,9,6,3
6475,1590546,96.1553846153846,100,94.12,26,9,17
6476,1591130,100,100,100,29,15,14
6477,1591304,96.9709090909091,100,94.12,33,16,17
6478,1591344,100,100,100,33,16,17
6479,1591592,100,100,100,33,19,14
6480,1591953,100,100,100,33,16,17
6481,1592423,97.4333333333333,95.45,100,39,22,17
6482,1592567,91.8902702702703,100,83.33,37,19,18
6483,1592867,95.5522222222222,95.65,95.45,45,23,22
6484,1593385,98.111320754717,100,96.15,53,27,26
6485,1593664,92.6858536585366,96.67,81.82,41,30,11
6486,1593691,98,100,96,50,25,25
6487,1594308,94.6439285714286,90.91,97.06,56,22,34
6488,1594764,95.5546666666667,95.24,95.83,45,21,24
6489,1594852,93.88,90.48,96.43,49,21,28
6490,1594862,95.1209756097561,94.74,95.45,41,19,22
6491,1595018,98.1488888888889,96.43,100,54,28,26
6492,1595378,100,100,100,42,28,14
6493,1595985,95.1239024390244,90.48,100,41,21,20
6494,1597238,94.4444444444444,90,100,18,10,8
6495,1597880,85.715,88.89,80,14,9,5
6496,1598659,78.5714285714286,90,50,14,10,4
6497,1598677,100,100,100,20,9,11
6498,1599128,95.4563636363636,100,91.67,22,10,12
6499,1599619,100,100,100,19,9,10
6500,1599652,100,100,100,24,14,10
6501,1599698,100,100,100,24,13,11
6502,1599893,100,100,100,20,11,9
6503,1600036,95.6521739130435,100,90,23,13,10
6504,1600321,100,100,100,23,13,10
6505,1600973,100,100,100,21,12,9
6506,1601128,100,100,100,20,7,13
6507,1601135,100,100,100,21,12,9
6508,1601177,100,100,100,25,11,14
6509,1601385,95.6534782608695,100,92.31,23,10,13
6510,1601887,100,100,100,25,10,15
6511,1601906,88.4607692307692,78.57,100,26,14,12
6512,1601923,91.4271428571429,82.35,100,35,17,18
6513,1601976,94.288,88.24,100,35,17,18
6514,1602112,100,100,100,27,14,13
6515,1602468,93.48,90.48,96,46,21,25
6516,1602526,93.0227906976744,90.48,95.45,43,21,22
6517,1602885,95.6521739130435,92,100,46,25,21
6518,1602901,97.9166666666667,96,100,48,25,23
6519,1603160,95.5568888888889,92.31,100,45,26,19
6520,1603361,92.156862745098,84,100,51,25,26
6521,1603802,100,100,100,42,20,22
6522,1603841,97.4374358974359,100,94.74,39,20,19
6523,1604138,95.0005,88.89,100,40,18,22
6524,1604227,90.2439024390244,92,87.5,41,25,16
6525,1604353,97.4369230769231,94.12,100,39,17,22
6526,1604762,100,100,100,56,26,30
6527,1605688,100,100,100,43,21,22
6528,1605908,100,100,100,48,24,24
6529,1606146,100,100,100,36,19,17
6530,1606556,100,100,100,39,18,21
6531,1606647,100,100,100,40,19,21
6532,1606830,100,100,100,38,15,23
6533,1606938,94.12,100,90.48,34,13,21
6534,1606982,87.50125,100,77.78,32,14,18
6535,1607393,97.6767441860465,100,96.3,43,16,27
6536,1607455,97.6725581395349,100,95.83,43,19,24
6537,1607629,100,100,100,44,23,21
6538,1607803,95.3474418604651,95.45,95.24,43,22,21
6539,1607968,97.4374358974359,94.74,100,39,19,20
6540,1608129,86.3627272727273,83.33,87.5,22,6,16
6541,1608243,90,93.33,86.67,30,15,15
6542,1608465,90.3241935483871,93.75,86.67,31,16,15
6543,1608588,96.7725806451613,100,93.33,31,16,15
6544,1609069,81.48,83.33,80,27,12,15
6545,1610075,94.2837142857143,100,89.47,35,16,19
6546,1610184,100,100,100,28,12,16
6547,1610552,100,100,100,32,17,15
6548,1610573,100,100,100,31,15,16
6549,1610767,96.0016,91.67,100,25,12,13
6550,1610817,100,100,100,27,14,13
6551,1610853,100,100,100,19,8,11
6552,1611451,100,100,100,38,21,17
6553,1611808,100,100,100,46,25,21
6554,1612311,93.7478125,100,89.47,32,13,19
6555,1612966,100,100,100,27,7,20
6556,1612976,97.7272727272727,100,95,44,24,20
6557,1613319,97.4358974358974,93.75,100,39,16,23
6558,1613807,93.9366666666667,95.45,90.91,33,22,11
6559,1613960,97.3684210526316,100,93.75,38,22,16
6560,1613987,97.22,100,94.44,36,18,18
6561,1614480,100,100,100,35,15,20
6562,1614808,97.1445714285714,100,94.74,35,16,19
6563,1614940,97.0588235294118,93.75,100,34,16,18
6564,1615296,96.5527586206896,100,92.31,29,16,13
6565,1615479,95.002,100,92.86,20,6,14
6566,1616249,90,100,75,20,12,8
6567,1616310,87.5025,92.31,66.67,16,13,3
6568,1616442,94.1158823529412,100,85.71,17,10,7
6569,1616453,95,100,87.5,20,12,8
6570,1616941,81.8181818181818,100,80,11,1,10
6571,1616947,92.8571428571429,100,75,14,10,4
6572,1616987,95.002,100,91.67,20,8,12
6573,1617271,91.6641666666666,100,85.71,24,10,14
6574,1617343,95.455,100,90.91,22,11,11
6575,1617406,95.2385714285714,90.91,100,21,11,10
6576,1617955,87.50125,100,77.78,16,7,9
6577,1617967,96.5531034482759,100,95.24,29,8,21
6578,1618331,96.4285714285714,100,95,28,8,20
6579,1618421,96.2977777777778,100,95.24,27,6,21
6580,1619136,100,100,100,22,7,15
6581,1619196,100,100,100,22,6,16
6582,1619346,100,100,100,26,10,16
6583,1619625,96.0016,100,92.86,25,11,14
6584,1620446,94.7368421052632,87.5,100,19,8,11
6585,1620644,100,100,100,21,9,12
6586,1620779,100,100,100,18,6,12
6587,1621459,100,100,100,31,11,20
6588,1622448,100,100,100,28,15,13
6589,1623407,100,100,100,11,7,4
6590,1623471,100,100,100,12,9,3
6591,1623674,100,100,100,12,6,6
6592,1623846,90.9090909090909,87.5,100,11,8,3
6593,1624175,100,100,100,14,7,7
6594,1624864,100,100,100,14,5,9
6595,1624978,96.0004,90.91,100,25,11,14
6596,1625416,100,100,100,25,14,11
6597,1625441,100,100,100,25,13,12
6598,1625620,100,100,100,20,11,9
6599,1626175,95.0005,90.91,100,20,11,9
6600,1626331,100,100,100,22,13,9
6601,1626517,100,100,100,28,19,9
6602,1626578,96.5537931034483,94.74,100,29,19,10
6603,1626676,100,100,100,31,21,10
6604,1627318,93.3333333333333,90,100,15,10,5
6605,1627520,100,100,100,28,21,7
6606,1628007,100,100,100,31,25,6
6607,1628842,100,100,100,25,16,9
6608,1629000,100,100,100,29,17,12
6609,1629123,95.0005,88.89,100,20,9,11
6610,1629228,100,100,100,22,15,7
6611,1629296,100,100,100,24,14,10
6612,1629568,100,100,100,23,14,9
6613,1629735,100,100,100,25,16,9
6614,1630179,100,100,100,26,13,13
6615,1630282,91.6666666666667,87.5,100,24,16,8
6616,1630491,100,100,100,20,12,8
6617,1630866,93.3313333333333,100,85.71,15,8,7
6618,1631047,92.8571428571429,90,100,14,10,4
6619,1631141,100,100,100,9,6,3
6620,1631153,100,100,100,5,2,3
6621,1631447,100,100,100,11,9,2
6622,1631516,88.8855555555555,85.71,100,9,7,2
6623,1632074,81.82,77.78,100,11,9,2
6624,1632380,71.4285714285714,50,100,7,4,3
6625,1633662,91.665,100,83.33,12,6,6
6626,1633812,86.6666666666667,75,100,15,8,7
6627,1633836,100,100,100,9,6,3
6628,1634430,89.4742105263158,92.31,83.33,19,13,6
6629,1634509,100,100,100,16,10,6
6630,1634676,100,100,100,22,14,8
6631,1635450,100,100,100,18,16,2
6632,1635973,100,100,100,23,10,13
6633,1636006,100,100,100,24,12,12
6634,1636140,100,100,100,21,14,7
6635,1636570,100,100,100,14,10,4
6636,1636685,85.7128571428571,83.33,87.5,14,6,8
6637,1637051,91.6666666666667,100,87.5,12,4,8
6638,1637302,90,75,100,10,4,6
6639,1637443,50,50,50,6,4,2
6640,1638008,50,50,50,6,2,4
6641,1638035,83.335,66.67,100,6,3,3
6642,1639067,89.997,85.71,100,10,7,3
6643,1639210,100,100,100,12,8,4
6644,1639665,100,100,100,12,7,5
6645,1640630,71.4285714285714,50,80,7,2,5
6646,1640922,80.002,66.67,100,5,3,2
6647,1641259,100,100,100,5,3,2
6648,1642102,84.6161538461538,90,66.67,13,10,3
6649,1643285,95.8333333333333,90,100,24,10,14
6650,1643396,95.6521739130435,87.5,100,23,8,15
6651,1643450,86.9552173913043,83.33,90.91,23,12,11
6652,1643567,94.4433333333333,100,83.33,18,12,6
6653,1644316,93.3356666666667,92.31,94.12,30,13,17
6654,1644691,70.5858823529412,76.92,50,17,13,4
6655,1645240,88.4607692307692,91.67,85.71,26,12,14
6656,1645975,88.89,88.89,88.89,18,9,9
6657,1646907,100,100,100,11,6,5
6658,1647165,100,100,100,10,6,4
6659,1647192,100,100,100,11,8,3
6660,1647469,100,100,100,11,8,3
6661,1647689,100,100,100,13,7,6
6662,1648521,93.3313333333333,85.71,100,15,7,8
6663,1648914,100,100,100,14,9,5
6664,1650376,100,100,100,14,5,9
6665,1650718,100,100,100,16,4,12
6666,1650890,94.12,100,91.67,17,5,12
6667,1650914,100,100,100,13,5,8
6668,1651092,100,100,100,16,4,12
6669,1651191,93.7525,100,91.67,16,4,12
6670,1651851,91.6675,100,90.91,12,1,11
6671,1651889,100,100,100,11,2,9
6672,1651986,92.3084615384615,100,88.89,13,4,9
6673,1652020,89.998,100,83.33,10,4,6
6674,1652155,90.9090909090909,100,87.5,11,3,8
6675,1652178,88.8888888888889,100,87.5,9,1,8
6676,1652938,100,100,100,4,1,3
6677,1653044,87.50125,66.67,100,8,3,5
6678,1653337,100,100,100,13,5,8
6679,1653389,100,100,100,16,6,10
6680,1653488,100,100,100,17,6,11
6681,1653505,100,100,100,13,4,9
6682,1653664,100,100,100,14,7,7
6683,1654149,90.9109090909091,88.89,92.31,22,9,13
6684,1654995,88.2370588235294,75,92.31,17,4,13
6685,1655134,88.2347058823529,83.33,90.91,17,6,11
6686,1655215,75,75,75,20,8,12
6687,1655234,89.4742105263158,71.43,100,19,7,12
6688,1655375,95.2380952380952,87.5,100,21,8,13
6689,1656320,94.1182352941177,100,90.91,17,6,11
6690,1656344,94.1176470588235,100,90,17,7,10
6691,1656550,100,100,100,12,7,5
6692,1656760,100,100,100,17,8,9
6693,1656931,49.99875,33.33,60,8,3,5
6694,1656936,84.6169230769231,100,66.67,13,7,6
6695,1657011,93.748125,100,85.71,16,9,7
6696,1657215,94.1176470588235,100,87.5,17,9,8
6697,1657338,94.4427777777778,100,85.71,18,11,7
6698,1657636,100,100,100,19,12,7
6699,1657737,100,100,100,23,14,9
6700,1658397,100,100,100,20,11,9
6701,1658555,91.3052173913044,100,77.78,23,14,9
6702,1658850,100,100,100,36,16,20
6703,1658970,96.668,94.12,100,30,17,13
6704,1659396,100,100,100,29,13,16
6705,1659743,97.1445714285714,100,94.74,35,16,19
6706,1659855,100,100,100,29,9,20
6707,1659912,100,100,100,30,11,19
6708,1660185,100,100,100,35,14,21
6709,1660220,100,100,100,26,13,13
6710,1660481,96.668,100,94.12,30,13,17
6711,1661000,89.6593103448276,91.67,88.24,29,12,17
6712,1661150,87.0983870967742,87.5,86.67,31,16,15
6713,1661324,92.8585714285714,93.75,91.67,28,16,12
6714,1661334,88.0004,87.5,88.89,25,16,9
6715,1661454,93.9406060606061,93.75,94.12,33,16,17
6716,1661642,93.9393939393939,100,87.5,33,17,16
6717,1661799,89.658275862069,86.67,92.86,29,15,14
6718,1661981,96.664,94.44,100,30,18,12
6719,1662173,79.1675,71.43,90,24,14,10
6720,1662305,93.9409090909091,100,86.67,33,18,15
6721,1662380,100,100,100,25,16,9
6722,1662438,100,100,100,29,14,15
6723,1662588,81.8181818181818,20,100,22,5,17
6724,1662704,96.43,100,94.12,28,11,17
6725,1662879,100,100,100,21,7,14
6726,1662965,89.2889285714286,90.91,88.24,28,11,17
6727,1663075,96.969696969697,100,95,33,13,20
6728,1663806,100,100,100,33,22,11
6729,1664176,97.9575510204082,100,95.83,49,25,24
6730,1664404,98.1825454545454,100,96.43,55,27,28
6731,1664783,96.3618181818182,93.33,100,55,30,25
6732,1664882,100,100,100,54,30,24
6733,1665122,100,100,100,44,29,15
6734,1665304,96.2267924528302,100,90.91,53,31,22
6735,1665756,100,100,100,55,30,25
6736,1666110,92.502,93.75,91.67,40,16,24
6737,1666203,98.0411764705882,100,96.3,51,24,27
6738,1666215,97.2222222222222,100,90,36,26,10
6739,1666744,97.2989189189189,94.74,100,37,19,18
6740,1666899,100,100,100,43,23,20
6741,1667641,97.5590243902439,100,94.44,41,23,18
6742,1667902,100,100,100,39,21,18
6743,1668166,97.6758139534884,100,94.74,43,24,19
6744,1668187,90.2426829268293,90.91,89.47,41,22,19
6745,1668256,97.4369230769231,100,92.86,39,25,14
6746,1668460,97.6732558139535,95.65,100,43,23,20
6747,1668487,100,100,100,46,24,22
6748,1668532,100,100,100,42,20,22
6749,1668999,100,100,100,42,18,24
6750,1669068,96.9666666666667,100,95.45,33,11,22
6751,1669078,97.5015,100,94.74,40,21,19
6752,1669669,97.0573529411765,100,93.33,34,19,15
6753,1670683,94.99825,100,89.47,40,21,19
6754,1670749,96.2977777777778,100,92.86,27,13,14
6755,1671177,95.6539130434783,100,91.67,23,11,12
6756,1671810,100,100,100,21,13,8
6757,1672043,100,100,100,16,10,6
6758,1672087,100,100,100,22,15,7
6759,1672296,92.0008,100,77.78,25,16,9
6760,1672321,100,100,100,22,12,10
6761,1672528,90.9054545454545,93.33,85.71,22,15,7
6762,1672705,100,100,100,21,13,8
6763,1672762,93.334,88.89,100,15,9,6
6764,1672839,100,100,100,20,15,5
6765,1672905,100,100,100,16,11,5
6766,1672974,94.12,91.67,100,17,12,5
6767,1673925,100,100,100,15,7,8
6768,1674009,88.89,100,77.78,18,9,9
6769,1674298,100,100,100,18,6,12
6770,1674931,90.9090909090909,85.71,94.74,33,14,19
6771,1675158,89.4757894736842,94.12,50,19,17,2
6772,1675237,100,100,100,32,14,18
6773,1675432,100,100,100,33,15,18
6774,1675506,96.4296428571429,92.31,100,28,13,15
6775,1676095,100,100,100,23,12,11
6776,1676182,92.3076923076923,100,87.5,26,10,16
6777,1676317,96.0016,100,92.86,25,11,14
6778,1676822,96.969696969697,100,95,33,13,20
6779,1676962,93.75125,91.67,95,32,12,20
6780,1677701,100,100,100,31,16,15
6781,1678046,86.3654545454545,91.67,80,22,12,10
6782,1678764,92.592962962963,90.91,93.75,27,11,16
6783,1678988,100,100,100,27,10,17
6784,1679057,100,100,100,23,8,15
6785,1679358,96.969696969697,100,95,33,13,20
6786,1679731,100,100,100,38,14,24
6787,1679869,97.3657894736842,100,95.45,38,16,22
6788,1679989,97.2983783783784,100,95.24,37,16,21
6789,1680172,97.3657894736842,100,96.15,38,12,26
6790,1680424,100,100,100,36,11,25
6791,1681297,97.4333333333333,100,96.15,39,13,26
6792,1681525,97.2945945945946,100,95.45,37,15,22
6793,1681615,90.004,100,88.24,20,3,17
6794,1682598,100,100,100,24,8,16
6795,1682754,100,100,100,22,9,13
6796,1683050,95.4563636363636,100,94.12,22,5,17
6797,1683108,92.3061538461538,90.91,93.33,26,11,15
6798,1683195,100,100,100,26,10,16
6799,1683305,93.335,100,86.67,30,15,15
6800,1683687,97.1428571428571,95,100,35,20,15
6801,1684011,100,100,100,26,13,13
6802,1684023,100,100,100,34,23,11
6803,1684272,100,100,100,25,13,12
6804,1684709,100,100,100,38,21,17
6805,1684998,97.4338461538462,100,94.44,39,21,18
6806,1685153,92.8576190476191,95,90.91,42,20,22
6807,1685318,97.498,94.44,100,40,18,22
6808,1685492,97.7286363636364,100,94.74,44,25,19
6809,1685549,97.3694736842105,100,91.67,38,26,12
6810,1687002,94.7352631578947,100,85.71,38,24,14
6811,1687031,95.120487804878,100,85.71,41,27,14
6812,1687130,93.1859090909091,96.3,88.24,44,27,17
6813,1687269,95.1219512195122,96,93.75,41,25,16
6814,1687374,87.4983333333333,100,76.92,24,11,13
6815,1687380,92.3064102564103,95.65,87.5,39,23,16
6816,1687395,85.002,92.31,71.43,40,26,14
6817,1687545,94.9955,95.45,94.44,40,22,18
6818,1687871,73.0784615384615,92.86,50,26,14,12
6819,1687875,91.9972,100,89.47,25,6,19
6820,1688573,87.9992,100,78.57,25,11,14
6821,1688958,100,100,100,36,18,18
6822,1690141,100,100,100,35,15,20
6823,1690185,100,100,100,36,19,17
6824,1690626,100,100,100,29,10,19
6825,1690642,100,100,100,31,11,20
6826,1690665,96.876875,100,94.74,32,13,19
6827,1690717,100,100,100,30,11,19
6828,1690909,100,100,100,20,3,17
6829,1690990,100,100,100,33,12,21
6830,1691038,96.7754838709677,91.67,100,31,12,19
6831,1691137,100,100,100,30,9,21
6832,1691643,100,100,100,18,6,12
6833,1691892,100,100,100,16,4,12
6834,1692345,100,100,100,23,7,16
6835,1693392,100,100,100,29,18,11
6836,1693992,100,100,100,39,20,19
6837,1694363,100,100,100,47,25,22
6838,1694458,100,100,100,44,24,20
6839,1694698,94.7347368421053,95,94.44,38,20,18
6840,1694750,100,100,100,31,16,15
6841,1695412,100,100,100,22,11,11
6842,1695563,100,100,100,26,12,14
6843,1695913,100,100,100,27,15,12
6844,1695979,95.6521739130435,100,90,23,13,10
6845,1696000,96.2974074074074,100,92.31,27,14,13
6846,1696203,92.8571428571429,75,100,14,4,10
6847,1696244,100,100,100,22,11,11
6848,1696570,100,100,100,21,8,13
6849,1696667,100,100,100,16,10,6
6850,1697006,94.12,100,91.67,17,5,12
6851,1697397,100,100,100,20,9,11
6852,1698233,100,100,100,27,9,18
6853,1698356,100,100,100,26,10,16
6854,1698627,100,100,100,28,14,14
6855,1698972,100,100,100,19,11,8
6856,1699505,100,100,100,26,10,16
6857,1699775,80.9538095238095,90,72.73,21,10,11
6858,1699784,87.4983333333333,100,76.92,24,11,13
6859,1699796,93.74875,100,83.33,16,10,6
6860,1699811,96.2977777777778,91.67,100,27,12,15
6861,1700342,100,100,100,33,17,16
6862,1700982,85.716,95.24,71.43,35,21,14
6863,1701302,100,100,100,31,15,16
6864,1701512,96.155,92.31,100,26,13,13
6865,1701905,93.3356666666667,92.31,94.12,30,13,17
6866,1702004,96.0012,92.31,100,25,13,12
6867,1702396,96.4289285714286,100,90.91,28,17,11
6868,1702590,95.24,91.67,100,21,12,9
6869,1702915,94.7373684210526,90.91,100,19,11,8
6870,1703068,92.8557142857143,83.33,100,14,6,8
6871,1703550,90,90,90,20,10,10
6872,1703582,86.67,91.67,66.67,15,12,3
6873,1703760,94.1176470588235,87.5,100,17,8,9
6874,1703826,100,100,100,21,13,8
6875,1704123,81.8154545454545,85.71,75,11,7,4
6876,1704525,80,100,60,10,5,5
6877,1704581,89.997,85.71,100,10,7,3
6878,1705046,90.9063636363636,100,85.71,11,4,7
6879,1705057,92.8571428571429,100,87.5,14,6,8
6880,1705079,91.6641666666666,85.71,100,12,7,5
6881,1705176,93.3313333333333,85.71,100,15,7,8
6882,1705634,88.2352941176471,75,100,17,8,9
6883,1705959,95.83375,88.89,100,24,9,15
6884,1706448,100,100,100,17,4,13
6885,1706781,92.5903703703704,85.71,100,27,14,13
6886,1706811,91.304347826087,80,100,23,10,13
6887,1706877,95.455,88.89,100,22,9,13
6888,1707273,96.1553846153846,91.67,100,26,12,14
6889,1707913,93.9393939393939,90,100,33,20,13
6890,1708087,94.288,90.48,100,35,21,14
6891,1708576,100,100,100,27,16,11
6892,1708672,100,100,100,25,12,13
6893,1708768,100,100,100,31,16,15
6894,1708864,100,100,100,31,16,15
6895,1708960,100,100,100,25,9,16
6896,1709056,100,100,100,25,11,14
6897,1709280,96.7754838709677,94.12,100,31,17,14
6898,1709460,93.5516129032258,94.74,91.67,31,19,12
6899,1709538,96.5531034482759,94.12,100,29,17,12
6900,1709769,96.6666666666667,95,100,30,20,10
6901,1710081,100,100,100,25,13,12
6902,1710153,100,100,100,34,21,13
6903,1710343,92.5911111111111,83.33,100,27,12,15
6904,1710627,96.9666666666667,95.45,100,33,22,11
6905,1711026,100,100,100,26,12,14
6906,1711050,100,100,100,30,16,14
6907,1711086,100,100,100,31,16,15
6908,1711547,100,100,100,27,12,15
6909,1711842,100,100,100,18,5,13
6910,1712060,95.2395238095238,100,92.31,21,8,13
6911,1712124,90.477619047619,87.5,92.31,21,8,13
6912,1712334,100,100,100,21,6,15
6913,1712340,93.3333333333333,100,87.5,15,7,8
6914,1713342,97.2233333333333,100,95.24,36,15,21
6915,1713462,100,100,100,31,13,18
6916,1713594,100,100,100,34,14,20
6917,1713753,100,100,100,24,15,9
6918,1713963,97.295945945946,100,95.65,37,14,23
6919,1714114,97.0591176470588,90.91,100,34,11,23
6920,1714812,97.0588235294118,100,95,34,14,20
6921,1715071,100,100,100,25,10,15
6922,1715554,96.875,93.75,100,32,16,16
6923,1715634,100,100,100,26,11,15
6924,1716017,100,100,100,30,12,18
6925,1716044,100,100,100,22,10,12
6926,1716375,96.7751612903226,92.31,100,31,13,18
6927,1716441,100,100,100,19,3,16
6928,1716482,100,100,100,26,12,14
6929,1716540,100,100,100,34,14,20
6930,1716728,96.7754838709677,100,92.86,31,17,14
6931,1716768,100,100,100,34,15,19
6932,1717100,100,100,100,27,13,14
6933,1717122,100,100,100,28,13,15
6934,1717366,95.6539130434783,91.67,100,23,12,11
6935,1717664,100,100,100,28,13,15
6936,1717918,100,100,100,36,17,19
6937,1717930,100,100,100,27,15,12
6938,1718817,100,100,100,23,13,10
6939,1719007,100,100,100,25,8,17
6940,1719322,100,100,100,21,8,13
6941,1719484,93.750625,100,88.89,16,7,9
6942,1719752,85.715,80,88.89,14,5,9
6943,1720526,100,100,100,21,10,11
6944,1720573,100,100,100,19,9,10
6945,1720801,100,100,100,14,5,9
6946,1721065,94.7368421052632,100,90,19,9,10
6947,1721166,100,100,100,19,10,9
6948,1721472,100,100,100,16,10,6
6949,1721486,100,100,100,24,11,13
6950,1721507,100,100,100,20,11,9
6951,1721958,100,100,100,27,10,17
6952,1722625,100,100,100,38,16,22
6953,1723139,100,100,100,35,17,18
6954,1723427,96.668,91.67,100,30,12,18
6955,1723659,100,100,100,31,12,19
6956,1723715,100,100,100,35,13,22
6957,1723898,95.835,91.67,100,24,12,12
6958,1724191,96.4307142857143,100,94.74,28,9,19
6959,1724320,100,100,100,43,20,23
6960,1724374,100,100,100,30,9,21
6961,1724491,94.5943243243243,92.86,95.65,37,14,23
6962,1725273,95.9169387755102,100,92.59,49,22,27
6963,1725321,100,100,100,48,22,26
6964,1725504,97.6758139534884,100,94.74,43,24,19
6965,1726372,100,100,100,40,17,23
6966,1726422,100,100,100,38,21,17
6967,1726701,96.8753125,90.91,100,32,11,21
6968,1727082,97.9575510204082,100,95.83,49,25,24
6969,1727188,100,100,100,38,22,16
6970,1727263,100,100,100,53,28,25
6971,1727344,100,100,100,50,25,25
6972,1727595,100,100,100,48,24,24
6973,1727653,100,100,100,47,28,19
6974,1728180,100,100,100,45,22,23
6975,1728410,97.7295454545455,96.67,100,44,30,14
6976,1728597,95.9988,85.71,100,25,7,18
6977,1728603,97.501,96.43,100,40,28,12
6978,1728720,100,100,100,47,31,16
6979,1729286,97.7813333333333,96.88,100,45,32,13
6980,1729405,95.8345833333333,92.31,100,48,26,22
6981,1729474,97.7755555555555,96.15,100,45,26,19
6982,1729540,100,100,100,45,26,19
6983,1729775,100,100,100,40,20,20
6984,1730270,97.1445714285714,94.74,100,35,19,16
6985,1730567,96.6676666666667,100,92.31,30,17,13
6986,1730738,97.2945945945946,96.15,100,37,26,11
6987,1730875,96.969696969697,93.75,100,33,16,17
6988,1730894,97.4333333333333,95.45,100,39,22,17
6989,1730989,94.1194117647059,100,84.62,34,21,13
6990,1731070,100,100,100,36,22,14
6991,1731596,97.559756097561,95.65,100,41,23,18
6992,1731812,90,75,100,30,12,18
6993,1732513,100,100,100,36,18,18
6994,1732564,100,100,100,42,22,20
6995,1732730,100,100,100,37,18,19
6996,1732847,97.1445714285714,94.74,100,35,19,16
6997,1733309,100,100,100,29,13,16
6998,1733369,100,100,100,33,18,15
6999,1733618,100,100,100,28,16,12
7000,1733803,96.0004,100,88.89,25,16,9
7001,1733839,95.0015,92.31,100,20,13,7
7002,1734052,95.6534782608695,92.31,100,23,13,10
7003,1734459,100,100,100,17,12,5
7004,1735102,100,100,100,20,8,12
7005,1735723,100,100,100,27,8,19
7006,1736016,100,100,100,24,6,18
7007,1736505,100,100,100,26,7,19
7008,1737490,92.3069230769231,83.33,95,26,6,20
7009,1737669,93.7525,100,91.67,16,4,12
7010,1737907,100,100,100,16,5,11
7011,1738072,100,100,100,18,4,14
7012,1738468,100,100,100,31,9,22
7013,1738657,100,100,100,31,10,21
7014,1738711,100,100,100,32,8,24
7015,1738763,100,100,100,29,10,19
7016,1739467,100,100,100,34,10,24
7017,1739566,100,100,100,32,9,23
7018,1740811,100,100,100,21,6,15
7019,1740847,100,100,100,29,11,18
7020,1740973,100,100,100,21,9,12
7021,1741122,100,100,100,24,11,13
7022,1741246,75,75,75,16,8,8
7023,1741388,100,100,100,26,11,15
7024,1741807,100,100,100,27,11,16
7025,1742101,93.75,93.75,93.75,32,16,16
7026,1742173,93.33,93.33,93.33,30,15,15
7027,1742233,96.43,100,92.86,28,14,14
7028,1742245,90.4780952380952,75,94.12,21,4,17
7029,1742600,95.6521739130435,100,93.75,23,7,16
7030,1742688,100,100,100,29,12,17
7031,1742881,95.835,91.67,100,24,12,12
7032,1743628,97.2208333333333,100,93.33,36,21,15
7033,1743815,97.6178571428572,100,95.65,42,19,23
7034,1744148,100,100,100,35,19,16
7035,1744685,93.5467741935484,94.44,92.31,31,18,13
7036,1745103,96,100,90,25,15,10
7037,1745306,92.0008,100,81.82,25,14,11
7038,1745355,100,100,100,24,13,11
7039,1745494,100,100,100,25,12,13
7040,1745711,96.1553846153846,100,91.67,26,14,12
7041,1745952,100,100,100,17,6,11
7042,1746121,90.002,87.5,91.67,20,8,12
7043,1746279,80,50,100,15,6,9
7044,1746856,100,100,100,12,6,6
7045,1747170,94.1182352941177,100,88.89,17,8,9
7046,1747408,100,100,100,19,7,12
7047,1747453,95.0005,88.89,100,20,9,11
7048,1747531,100,100,100,21,7,14
7049,1747608,100,100,100,17,8,9
7050,1747927,100,100,100,23,9,14
7051,1747975,89.4742105263158,88.89,90,19,9,10
7052,1748017,95.455,88.89,100,22,9,13
7053,1749281,100,100,100,39,19,20
7054,1749555,97.6166666666667,95.45,100,42,22,20
7055,1749966,95.1239024390244,91.67,100,41,24,17
7056,1750166,95.24,91.67,100,42,24,18
7057,1750257,100,100,100,41,22,19
7058,1750484,95,95,95,40,20,20
7059,1750667,100,100,100,32,16,16
7060,1751231,96.0004,90.91,100,25,11,14
7061,1751758,100,100,100,32,15,17
7062,1751878,92.8557142857143,100,83.33,28,16,12
7063,1751912,89.285,92.86,85.71,28,14,14
7064,1751920,96.5531034482759,94.12,100,29,17,12
7065,1751950,87.0951612903226,93.33,81.25,31,15,16
7066,1752068,96.7754838709677,94.12,100,31,17,14
7067,1752100,95.2380952380952,90,100,21,10,11
7068,1752598,94.4427777777778,85.71,100,18,7,11
7069,1752896,100,100,100,21,10,11
7070,1753087,100,100,100,15,10,5
7071,1753195,94.445,88.89,100,18,9,9
7072,1753629,100,100,100,23,7,16
7073,1754022,100,100,100,16,5,11
7074,1754133,100,100,100,16,4,12
7075,1754463,87.49625,100,85.71,8,1,7
7076,1754681,81.8181818181818,50,100,11,4,7
7077,1755061,90.9072727272727,83.33,100,11,6,5
7078,1756085,100,100,100,20,9,11
7079,1756232,100,100,100,21,9,12
7080,1756487,94.4444444444444,80,100,18,5,13
7081,1756550,100,100,100,19,7,12
7082,1756817,94.4444444444444,100,90,18,8,10
7083,1756964,100,100,100,16,7,9
7084,1757314,93.332,83.33,100,15,6,9
7085,1757503,100,100,100,18,7,11
7086,1757874,95.2385714285714,90.91,100,21,11,10
7087,1758028,96.4267857142857,100,93.33,28,13,15
7088,1758532,96.43,100,92.86,28,14,14
7089,1759021,96.87625,100,94.12,32,15,17
7090,1759348,100,100,100,33,20,13
7091,1759558,100,100,100,38,18,20
7092,1759757,96.8725,100,94.44,32,14,18
7093,1759964,97.2951351351351,94.44,100,37,18,19
7094,1760093,100,100,100,35,20,15
7095,1760231,97.3694736842105,94.12,100,38,17,21
7096,1760626,100,100,100,44,23,21
7097,1760653,100,100,100,31,13,18
7098,1760842,100,100,100,33,16,17
7099,1760983,100,100,100,35,13,22
7100,1761235,96.5531034482759,91.67,100,29,12,17
7101,1761264,100,100,100,36,13,23
7102,1761619,100,100,100,36,22,14
7103,1762291,100,100,100,40,24,16
7104,1762652,91.6641666666667,85.71,100,36,21,15
7105,1762681,96.9709090909091,95.24,100,33,21,12
7106,1762880,96.5537931034483,94.74,100,29,19,10
7107,1762925,96.6666666666667,95,100,30,20,10
7108,1763485,100,100,100,27,15,12
7109,1763492,97.14,95.45,100,35,22,13
7110,1764186,100,100,100,35,22,13
7111,1764933,100,100,100,30,15,15
7112,1765105,96.7754838709677,94.12,100,31,17,14
7113,1765777,97.3694736842105,100,95.24,38,17,21
7114,1766091,100,100,100,42,27,15
7115,1766805,100,100,100,39,23,16
7116,1766817,100,100,100,41,23,18
7117,1766890,97.4338461538462,95.83,100,39,24,15
7118,1766995,100,100,100,34,20,14
7119,1767003,100,100,100,28,21,7
7120,1767273,100,100,100,49,29,20
7121,1767559,100,100,100,54,29,25
7122,1767957,100,100,100,46,29,17
7123,1768161,100,100,100,42,22,20
7124,1768187,100,100,100,43,22,21
7125,1768213,100,100,100,45,27,18
7126,1768299,100,100,100,43,25,18
7127,1768447,100,100,100,46,28,18
7128,1768486,100,100,100,39,18,21
7129,1768575,100,100,100,47,27,20
7130,1769245,100,100,100,32,19,13
7131,1769399,100,100,100,36,22,14
7132,1769485,97.14,95.45,100,35,22,13
7133,1769818,100,100,100,32,18,14
7134,1769998,100,100,100,31,17,14
7135,1770046,93.9409090909091,100,86.67,33,18,15
7136,1770336,95.6534782608695,92.31,100,23,13,10
7137,1770748,100,100,100,20,12,8
7138,1770915,90.4785714285714,91.67,88.89,21,12,9
7139,1770952,84.002,86.67,80,25,15,10
7140,1771270,94.4433333333333,100,83.33,18,12,6
7141,1771809,90.9113636363636,86.67,100,22,15,7
7142,1772082,100,100,100,19,14,5
7143,1772313,94.4466666666667,91.67,100,18,12,6
7144,1772360,88.2335294117647,90,85.71,17,10,7
7145,1772698,100,100,100,20,12,8
7146,1772722,95.998,93.33,100,25,15,10
7147,1773049,100,100,100,18,12,6
7148,1774336,100,100,100,25,11,14
7149,1774345,100,100,100,22,10,12
7150,1774708,100,100,100,25,11,14
7151,1775022,83.33,83.33,83.33,12,6,6
7152,1775027,88.89,NA,88.89,9,NA,9
7153,1775050,88.8888888888889,87.5,90,18,8,10
7154,1775275,94.1182352941177,88.89,100,17,9,8
7155,1775804,88.8888888888889,0,100,9,1,8
7156,1776023,90.9090909090909,100,80,11,6,5
7157,1776344,93.3333333333333,100,90,15,5,10
7158,1776350,100,100,100,17,13,4
7159,1776619,93.3333333333333,100,75,15,11,4
7160,1777293,100,100,100,12,3,9
7161,1777545,100,100,100,15,8,7
7162,1777707,100,100,100,17,10,7
7163,1777722,100,100,100,13,5,8
7164,1777925,100,100,100,18,11,7
7165,1778033,100,100,100,11,7,4
7166,1778066,100,100,100,11,6,5
7167,1778112,94.4466666666667,91.67,100,18,12,6
7168,1778321,100,100,100,11,8,3
7169,1778519,100,100,100,11,8,3
7170,1778550,100,100,100,15,11,4
7171,1779041,100,100,100,16,14,2
7172,1779212,100,100,100,16,11,5
7173,1779478,100,100,100,17,10,7
7174,1779726,93.750625,88.89,100,32,18,14
7175,1779938,100,100,100,37,23,14
7176,1779956,100,100,100,38,24,14
7177,1780809,95.0025,95.24,94.74,40,21,19
7178,1780827,97.4358974358974,96,100,39,25,14
7179,1781158,95.5533333333333,93.1,100,45,29,16
7180,1781178,100,100,100,34,19,15
7181,1781190,97.4333333333333,95.45,100,39,22,17
7182,1781924,96.1519230769231,93.33,100,52,30,22
7183,1781980,95.2385714285714,88.89,100,42,18,24
7184,1781987,98.0394117647059,96.97,100,51,33,18
7185,1782289,100,100,100,42,29,13
7186,1782388,100,100,100,38,19,19
7187,1782493,100,100,100,39,20,19
7188,1782610,97.8706382978723,100,94.44,47,29,18
7189,1782640,100,100,100,50,33,17
7190,1783200,100,100,100,46,29,17
7191,1783257,97.9565306122449,96.77,100,49,31,18
7192,1783899,97.62,100,94.12,42,25,17
7193,1784076,100,100,100,38,21,17
7194,1784280,96.43,100,92.86,28,14,14
7195,1784455,96.7754838709677,100,92.86,31,17,14
7196,1784693,100,100,100,17,14,3
7197,1784804,100,100,100,20,7,13
7198,1785157,97.2194444444444,95.45,100,36,22,14
7199,1785179,100,100,100,34,17,17
7200,1785185,100,100,100,33,21,12
7201,1785425,97.2951351351351,100,94.44,37,19,18
7202,1785517,100,100,100,34,24,10
7203,1785670,100,100,100,32,14,18
7204,1785842,100,100,100,33,20,13
7205,1785902,100,100,100,36,20,16
7206,1786567,100,100,100,30,18,12
7207,1786603,100,100,100,24,17,7
7208,1787243,100,100,100,14,7,7
7209,1787461,94.1182352941177,100,88.89,17,8,9
7210,1787605,100,100,100,25,15,10
7211,1787764,100,100,100,21,12,9
7212,1787904,100,100,100,24,10,14
7213,1788189,100,100,100,25,11,14
7214,1788240,96.6676666666667,100,92.31,30,17,13
7215,1788618,92.5948148148148,84.62,100,27,13,14
7216,1788625,96.2933333333333,94.44,100,27,18,9
7217,1788760,100,100,100,25,13,12
7218,1788942,100,100,100,42,20,22
7219,1789740,97.0588235294118,93.75,100,34,16,18
7220,1790090,94.5956756756757,94.12,95,37,17,20
7221,1790417,92.59,88.89,94.44,27,9,18
7222,1791247,86.3627272727273,100,57.14,22,15,7
7223,1791467,90.477619047619,92.31,87.5,21,13,8
7224,1792516,100,100,100,25,14,11
7225,1792709,100,100,100,19,11,8
7226,1792983,100,100,100,17,13,4
7227,1793476,100,100,100,30,15,15
7228,1793600,91.9956,94.44,85.71,25,18,7
7229,1793945,93.1031034482759,92.86,93.33,29,14,15
7230,1794340,93.1051724137931,86.67,100,29,15,14
7231,1794374,95.24,94.12,100,21,17,4
7232,1794497,96.7716129032258,94.44,100,31,18,13
7233,1794542,92.5951851851852,92.86,92.31,27,14,13
7234,1794560,91.305652173913,92.31,90,23,13,10
7235,1795040,93.336,88.24,100,30,17,13
7236,1795247,87.4984375,73.33,100,32,15,17
7237,1795394,88.465,84.62,92.31,26,13,13
7238,1795452,93.1034482758621,87.5,100,29,16,13
7239,1795663,100,100,100,28,15,13
7240,1795923,92.5951851851852,92.86,92.31,27,14,13
7241,1796085,100,100,100,29,16,13
7242,1796178,97.1445714285714,94.74,100,35,19,16
7243,1796335,91.6705555555556,94.74,88.24,36,19,17
7244,1796374,97.1428571428571,95,100,35,20,15
7245,1796394,96.2944444444444,93.33,100,27,15,12
7246,1796413,97.3694736842105,95.24,100,38,21,17
7247,1796565,97.4338461538462,95.83,100,39,24,15
7248,1796695,97.6720930232558,95.45,100,43,22,21
7249,1796703,95.83375,90.91,100,24,11,13
7250,1796803,100,100,100,31,13,18
7251,1796850,100,100,100,39,22,17
7252,1797135,100,100,100,36,19,17
7253,1797217,97.3684210526316,93.75,100,38,16,22
7254,1797555,100,100,100,40,18,22
7255,1797729,100,100,100,37,13,24
7256,1797986,90.9081818181818,92.86,89.47,33,14,19
7257,1798419,100,100,100,32,12,20
7258,1799469,92.3053846153846,85.71,100,26,14,12
7259,1799838,100,100,100,25,14,11
7260,1800127,100,100,100,30,16,14
7261,1800145,96.7754838709677,94.12,100,31,17,14
7262,1800472,100,100,100,26,14,12
7263,1800697,92.3107692307692,88.24,100,26,17,9
7264,1801146,96.7761290322581,94.74,100,31,19,12
7265,1801266,100,100,100,31,21,10
7266,1801324,96.5489655172414,94.44,100,29,18,11
7267,1801521,100,100,100,25,15,10
7268,1802250,96.1553846153846,100,91.67,26,14,12
7269,1802362,100,100,100,24,10,14
7270,1802395,95.83375,100,90.91,24,13,11
7271,1802424,100,100,100,26,15,11
7272,1802526,100,100,100,22,12,10
7273,1802608,100,100,100,18,8,10
7274,1803488,87.5,80,100,8,5,3
7275,1805979,100,100,100,11,4,7
7276,1806144,100,100,100,9,5,4
7277,1806541,100,100,100,11,3,8
7278,1806850,100,100,100,12,3,9
7279,1807413,91.6666666666667,75,100,12,4,8
7280,1807638,100,100,100,8,1,7
7281,1807768,88.8888888888889,100,87.5,9,1,8
7282,1808285,91.6666666666667,100,87.5,12,4,8
7283,1808871,100,100,100,11,5,6
7284,1809061,100,100,100,13,5,8
7285,1809157,100,100,100,8,4,4
7286,1809456,100,100,100,14,7,7
7287,1809555,100,100,100,16,7,9
7288,1809914,100,100,100,14,8,6
7289,1809975,100,100,100,13,5,8
7290,1810064,93.75,87.5,100,16,8,8
7291,1810353,100,100,100,10,6,4
7292,1810403,100,100,100,13,5,8
7293,1810745,100,100,100,9,4,5
7294,1810760,100,100,100,13,7,6
7295,1810919,100,100,100,15,7,8
7296,1811168,100,100,100,17,9,8
7297,1811412,100,100,100,18,10,8
7298,1811466,100,100,100,17,10,7
7299,1812422,100,100,100,14,5,9
7300,1812753,90.001,100,66.67,10,7,3
7301,1813294,44.4466666666667,42.86,50,9,7,2
7302,1813315,100,100,100,9,6,3
7303,1813449,100,100,100,9,8,1
7304,1813786,79.999,100,33.33,10,7,3
7305,1814138,94.4444444444444,90,100,18,10,8
7306,1814259,100,100,100,14,9,5
7307,1814330,100,100,100,17,10,7
7308,1814642,95.8333333333333,100,90,24,14,10
7309,1814921,88.0004,87.5,88.89,25,16,9
7310,1814930,90.9109090909091,92.31,88.89,22,13,9
7311,1815080,92.3076923076923,93.75,90,26,16,10
7312,1815223,79.999,100,33.33,10,7,3
7313,1815518,100,100,100,27,16,11
7314,1815620,96.2944444444444,93.33,100,27,15,12
7315,1815702,95,100,90,20,10,10
7316,1815994,100,100,100,31,15,16
7317,1816551,100,100,100,24,15,9
7318,1816603,100,100,100,29,18,11
7319,1816680,100,100,100,24,13,11
7320,1816879,100,100,100,32,21,11
7321,1817247,100,100,100,23,14,9
7322,1817527,92.3107692307692,92.86,91.67,26,14,12
7323,1817781,100,100,100,20,13,7
7324,1817974,89.4742105263158,91.67,85.71,19,12,7
7325,1818282,100,100,100,13,8,5
7326,1818342,100,100,100,17,11,6
7327,1819161,100,100,100,9,6,3
7328,1819530,92.3076923076923,100,80,13,8,5
7329,1819641,100,100,100,14,9,5
7330,1819732,100,100,100,7,4,3
7331,1819797,90.9090909090909,100,75,11,7,4
7332,1820274,100,100,100,14,11,3
7333,1820499,100,100,100,13,9,4
7334,1820565,100,100,100,9,7,2
7335,1821936,100,100,100,9,5,4
7336,1822072,100,100,100,11,7,4
7337,1822182,100,100,100,13,8,5
7338,1822596,100,100,100,15,9,6
7339,1822768,100,100,100,16,9,7
7340,1822939,100,100,100,16,8,8
7341,1823095,84.6115384615384,83.33,85.71,13,6,7
7342,1823107,100,100,100,10,5,5
7343,1823752,100,100,100,25,13,12
7344,1824308,91.305652173913,90,92.31,23,10,13
7345,1824374,96.0016,92.86,100,25,14,11
7346,1825025,95.2385714285714,90.91,100,21,11,10
7347,1825072,100,100,100,20,12,8
7348,1825312,86.6666666666667,75,100,15,8,7
7349,1825432,100,100,100,19,11,8
7350,1826261,97.2230555555555,100,92.31,36,23,13
7351,1826489,94.5956756756757,95.24,93.75,37,21,16
7352,1826673,92.6826829268293,100,84.21,41,22,19
7353,1826700,93.1818181818182,100,85,44,24,20
7354,1827030,97.6171428571429,100,94.44,42,24,18
7355,1827048,100,100,100,42,23,19
7356,1827063,94.2845714285714,94.44,94.12,35,18,17
7357,1827919,98.1472222222222,100,96.55,54,25,29
7358,1828075,96.0770588235294,100,92.59,51,24,27
7359,1828487,91.665,93.33,90,60,30,30
7360,1828650,100,100,100,54,22,32
7361,1829099,94.8262068965517,100,90.32,58,27,31
7362,1829430,96.5510344827586,95.83,97.06,58,24,34
7363,1829776,95.83125,100,93.33,48,18,30
7364,1829842,100,100,100,55,26,29
7365,1830131,96.08,100,92.86,51,23,28
7366,1830421,97.559756097561,100,95.65,41,18,23
7367,1830514,97.6178571428571,100,93.33,42,27,15
7368,1830738,97.6753488372093,100,94.12,43,26,17
7369,1830810,94.5951351351351,88.89,100,37,18,19
7370,1830922,94.5945945945946,100,87.5,37,21,16
7371,1831245,100,100,100,31,18,13
7372,1831692,100,100,100,25,16,9
7373,1831711,100,100,100,21,9,12
7374,1831878,95,100,90,20,10,10
7375,1832241,94.1176470588235,100,87.5,17,9,8
7376,1832343,85.7171428571429,77.78,91.67,21,9,12
7377,1832743,94.7368421052632,100,87.5,19,11,8
7378,1832900,88.8894444444445,71.43,100,18,7,11
7379,1833050,87.9996,92.31,83.33,25,13,12
7380,1833200,100,100,100,21,11,10
7381,1833483,84,76.92,91.67,25,13,12
7382,1833608,93.332,83.33,100,15,6,9
7383,1833945,96.155,100,92.31,26,13,13
7384,1834059,92.59,94.44,88.89,27,18,9
7385,1834198,93.7515625,100,86.67,32,17,15
7386,1835060,100,100,100,42,25,17
7387,1835289,95.3488372093023,90,100,43,20,23
7388,1835623,95.6539130434783,90.48,100,46,21,25
7389,1835690,97.6178571428571,93.33,100,42,15,27
7390,1835703,100,100,100,54,31,23
7391,1835974,98.1132075471698,96,100,53,25,28
7392,1836356,90.9121818181818,85.19,96.43,55,27,28
7393,1836692,96.8734375,93.33,100,64,30,34
7394,1837064,95.651884057971,97.14,94.12,69,35,34
7395,1837082,95.9183673469388,95.45,96.3,49,22,27
7396,1837097,100,100,100,59,27,32
7397,1837154,100,100,100,61,31,30
7398,1837284,97.5,90,100,40,10,30
7399,1837351,100,100,100,43,24,19
7400,1837659,96.6666666666667,93.75,100,60,32,28
7401,1838118,91.0438805970149,89.74,92.86,67,39,28
7402,1838128,86.6648333333333,90.24,78.95,60,41,19
7403,1838139,88.4078260869565,87.5,89.66,69,40,29
7404,1839135,100,100,100,51,30,21
7405,1839299,100,100,100,43,16,27
7406,1839324,98.334,96.43,100,60,28,32
7407,1839728,98.2171428571429,96.88,100,56,32,24
7408,1840322,100,100,100,41,16,25
7409,1840722,96.425,100,95.45,28,6,22
7410,1840865,100,100,100,43,20,23
7411,1840922,95.2385714285714,100,90.91,42,20,22
7412,1841569,100,100,100,44,16,28
7413,1841977,100,100,100,33,13,20
7414,1842375,72.22,100,44.44,18,9,9
7415,1842551,100,100,100,31,12,19
7416,1842579,100,100,100,31,15,16
7417,1842771,100,100,100,31,12,19
7418,1843145,96.7709677419355,100,95.45,31,9,22
7419,1844129,100,100,100,22,5,17
7420,1844362,90.4790476190476,100,84.62,21,8,13
7421,1844399,95.8358333333333,100,94.74,24,5,19
7422,1844513,100,100,100,26,9,17
7423,1844947,92.3107692307692,92.86,91.67,26,14,12
7424,1845149,96.5527586206896,100,92.31,29,16,13
7425,1845417,93.9409090909091,100,86.67,33,18,15
7426,1845428,96.2962962962963,100,87.5,27,19,8
7427,1845453,93.5483870967742,100,87.5,31,15,16
7428,1845783,96.668,100,94.12,30,13,17
7429,1845866,100,100,100,22,18,4
7430,1845890,96.9709090909091,100,94.12,33,16,17
7431,1846524,100,100,100,29,16,13
7432,1846646,100,100,100,34,19,15
7433,1847115,100,100,100,36,23,13
7434,1847127,100,100,100,34,20,14
7435,1847245,100,100,100,25,23,2
7436,1847464,91.6666666666667,87.5,93.75,24,8,16
7437,1847542,100,100,100,24,7,17
7438,1847695,96.969696969697,100,93.75,33,17,16
7439,1847791,94.2842857142857,93.33,95,35,15,20
7440,1847841,100,100,100,21,12,9
7441,1847892,94.1158823529412,100,85.71,17,10,7
7442,1848654,93.5467741935484,93.33,93.75,31,15,16
7443,1849035,100,100,100,34,16,18
7444,1849105,96.668,92.86,100,30,14,16
7445,1849192,92.3096153846154,100,86.67,26,11,15
7446,1849369,100,100,100,31,15,16
7447,1849581,100,100,100,32,17,15
7448,1850148,100,100,100,33,21,12
7449,1850717,90.625,100,80,32,17,15
7450,1851289,100,100,100,40,26,14
7451,1851644,97.6732558139535,100,93.33,43,28,15
7452,1852140,100,100,100,39,25,14
7453,1852199,94.1152941176471,94.44,93.75,34,18,16
7454,1852305,94.2854285714286,95.65,91.67,35,23,12
7455,1852325,88.572,95.24,78.57,35,21,14
7456,1852733,95.4545454545455,100,87.5,22,14,8
7457,1852790,100,100,100,18,9,9
7458,1852901,100,100,100,19,12,7
7459,1853017,88.2352941176471,80,100,17,10,7
7460,1853965,100,100,100,13,8,5
7461,1854216,100,100,100,10,5,5
7462,1854231,100,100,100,11,7,4
7463,1854265,100,100,100,13,9,4
7464,1854376,100,100,100,15,9,6
7465,1854738,93.3313333333333,100,85.71,15,8,7
7466,1855532,100,100,100,17,12,5
7467,1855666,100,100,100,15,8,7
7468,1855870,81.8163636363636,83.33,80,11,6,5
7469,1855876,100,100,100,13,11,2
7470,1856414,100,100,100,14,8,6
7471,1857032,100,100,100,5,3,2
7472,1857138,100,100,100,8,7,1
7473,1857308,100,100,100,12,10,2
7474,1857527,100,100,100,10,7,3
7475,1858579,100,100,100,17,8,9
7476,1860096,100,100,100,24,16,8
7477,1860188,100,100,100,26,16,10
7478,1860281,92.0004,93.75,88.89,25,16,9
7479,1860356,100,100,100,26,17,9
7480,1861429,10.5257894736842,8.33,14.29,19,12,7
7481,1861449,100,100,100,15,6,9
7482,1861598,100,100,100,21,12,9
7483,1862287,100,100,100,19,14,5
7484,1862521,94.4433333333333,100,83.33,18,12,6
7485,1862855,100,100,100,20,13,7
7486,1862966,100,100,100,26,15,11
7487,1863006,100,100,100,26,13,13
7488,1863536,100,100,100,26,16,10
7489,1863746,100,100,100,25,16,9
7490,1863784,91.6670833333333,94.12,85.71,24,17,7
7491,1863944,100,100,100,34,22,12
7492,1864298,97.2194444444444,95.45,100,36,22,14
7493,1864394,100,100,100,30,18,12
7494,1864472,100,100,100,34,22,12
7495,1864942,100,100,100,32,21,11
7496,1865103,100,100,100,29,20,9
7497,1865245,100,100,100,26,18,8
7498,1865313,100,100,100,28,15,13
7499,1865742,97.5609756097561,95,100,41,20,21
7500,1866185,100,100,100,32,14,18
7501,1866921,100,100,100,30,18,12
7502,1866999,97.06,94.12,100,34,17,17
7503,1867344,97.144,92.86,100,35,14,21
7504,1867679,93.74875,83.33,100,32,12,20
7505,1867872,97.144,94.12,100,35,17,18
7506,1867922,97.2194444444444,100,95.45,36,14,22
7507,1868097,93.5483870967742,80,100,31,10,21
7508,1868186,97.5590243902439,94.44,100,41,18,23
7509,1868211,92.103947368421,82.35,100,38,17,21
7510,1868333,90.625,80,100,32,15,17
7511,1868366,96.9709090909091,92.86,100,33,14,19
7512,1868454,90.0026666666667,81.82,94.74,30,11,19
7513,1868469,92.3069230769231,83.33,95,26,6,20
7514,1868543,96.875,100,95,32,12,20
7515,1869054,96.97,90.91,100,33,11,22
7516,1869331,93.336,100,88.24,30,13,17
7517,1869685,93.75,87.5,100,16,8,8
7518,1869739,94.7384210526316,100,92.31,19,6,13
7519,1870452,92.3053846153846,100,85.71,13,6,7
7520,1870838,80,100,60,10,5,5
7521,1870988,88.89,100,66.67,9,6,3
7522,1872432,100,100,100,14,6,8
7523,1872516,100,100,100,12,4,8
7524,1872615,100,100,100,15,5,10
7525,1872675,100,100,100,13,6,7
7526,1873415,100,100,100,13,4,9
7527,1873781,92.8578571428571,100,88.89,14,5,9
7528,1873794,100,100,100,13,7,6
7529,1873806,100,100,100,15,5,10
7530,1873901,100,100,100,6,2,4
7531,1874174,100,100,100,15,6,9
7532,1874373,100,100,100,17,8,9
7533,1875937,100,100,100,19,11,8
7534,1876128,100,100,100,15,12,3
7535,1876336,87.5,100,60,16,11,5
7536,1876381,100,100,100,15,10,5
7537,1876468,100,100,100,16,11,5
7538,1876496,100,100,100,18,11,7
7539,1876576,100,100,100,21,12,9
7540,1876937,94.9985,100,85.71,20,13,7
7541,1877539,100,100,100,7,5,2
7542,1877722,100,100,100,8,5,3
7543,1878071,91.6666666666667,100,87.5,12,4,8
7544,1878336,100,100,100,14,3,11
7545,1878349,100,100,100,17,7,10
7546,1878376,100,100,100,18,7,11
7547,1878400,100,100,100,18,6,12
7548,1878625,94.4466666666667,100,91.67,18,6,12
7549,1879119,90.91,66.67,100,11,3,8
7550,1879197,100,100,100,15,7,8
7551,1879392,93.334,100,88.89,15,6,9
7552,1879463,94.4466666666667,100,91.67,18,6,12
7553,1879749,86.664,100,83.33,15,3,12
7554,1879757,84.6153846153846,100,75,13,5,8
7555,1880784,100,100,100,13,7,6
7556,1881213,93.75,87.5,100,16,8,8
7557,1881252,100,100,100,18,10,8
7558,1881381,100,100,100,17,15,2
7559,1881939,90.4785714285714,88.89,91.67,21,9,12
7560,1882414,96,100,90,25,15,10
7561,1882557,95.83375,100,88.89,24,15,9
7562,1882666,100,100,100,24,19,5
7563,1883605,95.8333333333333,100,80,24,19,5
7564,1883719,100,100,100,38,22,16
7565,1883927,100,100,100,39,21,18
7566,1883986,100,100,100,35,20,15
7567,1884067,100,100,100,39,20,19
7568,1884341,100,100,100,33,13,20
7569,1884379,100,100,100,29,14,15
7570,1884388,96.875,93.75,100,32,16,16
7571,1884756,100,100,100,43,24,19
7572,1884863,100,100,100,47,27,20
7573,1885161,100,100,100,50,28,22
7574,1885215,100,100,100,48,30,18
7575,1885341,100,100,100,47,30,17
7576,1885490,100,100,100,36,19,17
7577,1886128,97.0564705882353,100,94.44,34,16,18
7578,1886716,100,100,100,33,26,7
7579,1886763,97.91875,100,96.3,48,21,27
7580,1887024,97.2945945945946,95.45,100,37,22,15
7581,1887296,100,100,100,42,24,18
7582,1887507,97.725,100,96.15,44,18,26
7583,1887737,92.498,95.45,88.89,40,22,18
7584,1887776,92.1031578947368,94.44,90,38,18,20
7585,1887786,88.2347058823529,95,78.57,34,20,14
7586,1887813,89.6579310344828,87.5,90.48,29,8,21
7587,1887824,93.5483870967742,100,87.5,31,15,16
7588,1888232,97.3684210526316,95,100,38,20,18
7589,1888391,96.7754838709677,100,91.67,31,19,12
7590,1889285,95.83375,100,90.91,24,13,11
7591,1889448,94.1182352941177,100,88.89,17,8,9
7592,1889522,100,100,100,29,14,15
7593,1889633,96.668,91.67,100,30,12,18
7594,1889697,90.9109090909091,80,94.12,22,5,17
7595,1890050,91.3026086956522,100,83.33,23,11,12
7596,1890752,100,100,100,31,16,15
7597,1891284,91.8878378378378,94.44,89.47,37,18,19
7598,1891466,94.2857142857143,87.5,100,35,16,19
7599,1891595,97.22,94.44,100,36,18,18
7600,1891799,100,100,100,32,20,12
7601,1891860,97.1414285714286,100,93.33,35,20,15
7602,1892024,91.3078260869565,88.24,100,23,17,6
7603,1892058,90.9090909090909,81.25,100,33,16,17
7604,1892181,96.668,94.12,100,30,17,13
7605,1892417,96.7751612903226,92.31,100,31,13,18
7606,1892568,96.2974074074074,92.31,100,27,13,14
7607,1892589,96.55,93.33,100,29,15,14
7608,1892844,100,100,100,28,9,19
7609,1892873,100,100,100,21,11,10
7610,1893005,100,100,100,28,11,17
7611,1894512,91.6683333333333,92.86,90,24,14,10
7612,1894673,100,100,100,25,14,11
7613,1894923,100,100,100,23,14,9
7614,1895067,100,100,100,27,16,11
7615,1895142,100,100,100,25,12,13
7616,1895649,100,100,100,26,13,13
7617,1895700,100,100,100,27,15,12
7618,1895871,100,100,100,37,20,17
7619,1896534,96.665,93.33,100,30,15,15
7620,1897026,96.9672727272727,94.44,100,33,18,15
7621,1897544,100,100,100,42,25,17
7622,1897593,96.665,93.33,100,30,15,15
7623,1897698,97.4975,95.45,100,40,22,18
7624,1898445,95.9216326530612,96.67,94.74,49,30,19
7625,1898717,100,100,100,41,28,13
7626,1898838,94.7357894736842,96.55,88.89,38,29,9
7627,1899541,95.7468085106383,96.43,94.74,47,28,19
7628,1899585,97.9604081632653,100,94.74,49,30,19
7629,1900077,97.1431428571429,100,90.91,35,24,11
7630,1900171,97.0588235294118,100,90,34,24,10
7631,1900441,95.4536363636364,100,83.33,22,16,6
7632,1900446,95.4563636363636,100,91.67,22,10,12
7633,1900678,100,100,100,34,21,13
7634,1900759,100,100,100,32,25,7
7635,1900921,100,100,100,35,23,12
7636,1901247,100,100,100,28,17,11
7637,1901726,90.4761904761905,80,100,21,10,11
7638,1901889,84.6134615384615,73.33,100,26,15,11
7639,1902147,95.6534782608695,92.31,100,23,13,10
7640,1902973,100,100,100,23,13,10
7641,1902994,80.002,66.67,88.89,15,6,9
7642,1902999,93.3333333333333,87.5,100,15,8,7
7643,1903144,95.2380952380952,100,80,21,16,5
7644,1903256,96.8725,94.44,100,32,18,14
7645,1903496,100,100,100,23,16,7
7646,1903646,100,100,100,26,15,11
7647,1903860,95.4545454545455,90,100,22,10,12
7648,1904189,100,100,100,25,15,10
7649,1904258,100,100,100,27,15,12
7650,1904684,96.1553846153846,94.12,100,26,17,9
7651,1904858,100,100,100,17,11,6
7652,1904865,100,100,100,15,13,2
7653,1905059,100,100,100,13,9,4
7654,1905074,100,100,100,17,11,6
7655,1905219,80,80,80,10,5,5
7656,1905844,100,100,100,19,10,9
7657,1906210,100,100,100,16,9,7
7658,1906228,100,100,100,21,11,10
7659,1906920,93.750625,88.89,100,16,9,7
7660,1907212,100,100,100,13,8,5
7661,1907225,91.6666666666667,87.5,100,12,8,4
7662,1907675,100,100,100,10,8,2
7663,1908396,100,100,100,12,10,2
7664,1908680,100,100,100,11,10,1
7665,1909455,100,100,100,16,11,5
7666,1909632,100,100,100,20,15,5
7667,1910085,100,100,100,22,15,7
7668,1910669,96.9709090909091,95.24,100,33,21,12
7669,1911377,97.2233333333333,100,94.12,36,19,17
7670,1911637,100,100,100,24,7,17
7671,1911663,100,100,100,27,12,15
7672,1911996,100,100,100,29,12,17
7673,1912305,100,100,100,33,14,19
7674,1912377,100,100,100,30,15,15
7675,1912396,100,100,100,23,14,9
7676,1912467,96.668,100,92.86,30,16,14
7677,1912822,96.7716129032258,100,94.44,31,13,18
7678,1912858,96.2977777777778,100,94.12,27,10,17
7679,1912885,100,100,100,23,8,15
7680,1913071,100,100,100,18,10,8
7681,1913294,95.6534782608695,100,92.31,23,10,13
7682,1913344,100,100,100,24,11,13
7683,1914475,95.1234146341463,100,92.31,41,15,26
7684,1914628,100,100,100,40,16,24
7685,1914727,100,100,100,36,16,20
7686,1915289,100,100,100,13,7,6
7687,1915360,95.0015,100,92.31,20,7,13
7688,1915403,95.2380952380952,80,100,21,5,16
7689,1916157,100,100,100,12,5,7
7690,1916203,95.83125,100,93.33,24,9,15
7691,1916985,100,100,100,33,14,19
7692,1917245,97.6753488372093,100,95.24,43,22,21
7693,1917399,96.2955555555556,83.33,100,27,6,21
7694,1917404,100,100,100,25,7,18
7695,1917760,91.3039130434782,83.33,96.43,46,18,28
7696,1917937,100,100,100,52,24,28
7697,1917988,95.0015,84.62,100,40,13,27
7698,1917996,96.876875,94.74,100,32,19,13
7699,1918015,97.6204761904762,94.74,100,42,19,23
7700,1918059,91.8918918918919,70,100,37,10,27
7701,1918128,100,100,100,43,15,28
7702,1918147,98.04,95.24,100,51,21,30
7703,1918327,96.2266037735849,95,96.97,53,20,33
7704,1918492,95.2419047619048,90,96.88,42,10,32
7705,1918777,100,100,100,46,22,24
7706,1918938,98.0382352941176,100,96.55,51,22,29
7707,1919099,97.8282608695652,100,96.3,46,19,27
7708,1919176,95.556,94.44,96.3,45,18,27
7709,1919509,100,100,100,36,20,16
7710,1919866,97.5015,100,94.74,40,21,19
7711,1920839,96.4285714285714,90,100,28,10,18
7712,1921049,97.4346153846154,95.65,100,39,23,16
7713,1921223,97.4333333333333,95.45,100,39,22,17
7714,1921345,97.2238888888889,94.74,100,36,19,17
7715,1921733,97.4374358974359,100,94.74,39,20,19
7716,1921850,96.6666666666667,100,93.75,30,14,16
7717,1921979,100,100,100,27,15,12
7718,1922016,100,100,100,32,14,18
7719,1922224,100,100,100,27,11,16
7720,1922232,95.455,100,88.89,22,13,9
7721,1922427,100,100,100,26,11,15
7722,1922802,100,100,100,22,10,12
7723,1922844,100,100,100,21,11,10
7724,1922994,100,100,100,19,7,12
7725,1923431,100,100,100,21,11,10
7726,1923753,100,100,100,24,12,12
7727,1923821,100,100,100,23,10,13
7728,1923996,100,100,100,26,14,12
7729,1924275,100,100,100,27,15,12
7730,1924425,100,100,100,24,14,10
7731,1924572,95.4545454545455,90,100,22,10,12
7732,1925036,100,100,100,24,19,5
7733,1925133,100,100,100,20,13,7
7734,1925213,96.2977777777778,94.12,100,27,17,10
7735,1925624,100,100,100,25,17,8
7736,1925708,100,100,100,25,14,11
7737,1925761,96,93.75,100,25,16,9
7738,1926023,100,100,100,24,15,9
7739,1926165,88.0008,93.75,77.78,25,16,9
7740,1926238,100,100,100,31,22,9
7741,1926321,100,100,100,33,21,12
7742,1926447,100,100,100,32,19,13
7743,1926691,97.4975,95.45,100,40,22,18
7744,1927085,93.5483870967742,87.5,100,31,16,15
7745,1927424,100,100,100,37,17,20
7746,1927769,100,100,100,37,17,20
7747,1928012,96.969696969697,100,95,33,13,20
7748,1928030,97.1405714285714,100,94.44,35,17,18
7749,1928193,100,100,100,39,18,21
7750,1928663,97.14,100,95.45,35,13,22
7751,1929081,100,100,100,36,10,26
7752,1929249,100,100,100,36,10,26
7753,1929391,100,100,100,37,14,23
7754,1929636,96.9715151515151,100,94.74,33,14,19
7755,1930181,100,100,100,21,10,11
7756,1930205,100,100,100,21,9,12
7757,1930280,95.0005,88.89,100,20,9,11
7758,1930640,100,100,100,29,10,19
7759,1931005,100,100,100,23,7,16
7760,1931127,91.3017391304348,100,85.71,23,9,14
7761,1931154,100,100,100,25,8,17
7762,1931767,91.432,92.86,90.48,35,14,21
7763,1931823,97.5609756097561,93.75,100,41,16,25
7764,1932091,96.9709090909091,91.67,100,33,12,21
7765,1932098,96.43,92.86,100,28,14,14
7766,1932311,93.0255813953488,87.5,96.3,43,16,27
7767,1932413,100,100,100,30,6,24
7768,1933385,100,100,100,40,18,22
7769,1933760,100,100,100,41,19,22
7770,1933772,100,100,100,39,16,23
7771,1934796,97.0588235294118,93.75,100,34,16,18
7772,1935100,96.8734375,93.33,100,32,15,17
7773,1935217,95.0005,100,88.89,40,22,18
7774,1935359,100,100,100,30,19,11
7775,1935608,100,100,100,33,17,16
7776,1935659,94.7373684210526,88.89,100,19,9,10
7777,1935694,100,100,100,39,19,20
7778,1935832,100,100,100,37,20,17
7779,1935994,100,100,100,27,12,15
7780,1936514,96.7741935483871,100,93.75,31,15,16
7781,1936748,100,100,100,22,11,11
7782,1936971,100,100,100,24,12,12
7783,1937514,90.9109090909091,88.89,92.31,22,9,13
7784,1937704,95.835,91.67,100,24,12,12
7785,1937785,95.6539130434783,100,92.86,23,9,14
7786,1938256,96.8725,100,94.44,32,14,18
7787,1938456,100,100,100,30,13,17
7788,1938792,97.1428571428571,95,100,35,20,15
7789,1939240,97.1445714285714,100,94.74,35,16,19
7790,1939372,97.2233333333333,94.12,100,36,17,19
7791,1939390,100,100,100,33,15,18
7792,1939561,97.06,100,94.12,34,17,17
7793,1939567,100,100,100,25,15,10
7794,1939829,100,100,100,32,12,20
7795,1940059,100,100,100,38,16,22
7796,1940370,100,100,100,28,15,13
7797,1940814,100,100,100,39,23,16
7798,1941423,100,100,100,47,24,23
7799,1941747,100,100,100,28,21,7
7800,1942182,100,100,100,48,23,25
7801,1942212,97.8723404255319,96,100,47,25,22
7802,1943200,96.6666666666667,93.75,100,30,16,14
7803,1943407,93.7496875,94.12,93.33,32,17,15
7804,1943450,100,100,100,26,16,10
7805,1943657,96.6666666666667,93.75,100,30,16,14
7806,1943790,96.9672727272727,100,94.44,33,15,18
7807,1943880,93.7525,88.24,100,32,17,15
7808,1944793,100,100,100,30,14,16
7809,1945013,96.4296428571429,92.31,100,28,13,15
7810,1945189,96.7754838709677,94.12,100,31,17,14
7811,1945297,96.668,100,92.86,30,16,14
7812,1945563,96.668,94.12,100,30,17,13
7813,1945711,96.1519230769231,93.33,100,26,15,11
7814,1945750,100,100,100,26,13,13
7815,1945840,96.2974074074074,92.31,100,27,13,14
7816,1946368,83.335,88.89,77.78,18,9,9
7817,1947353,100,100,100,36,24,12
7818,1947493,94.8723076923077,90.91,100,39,22,17
7819,1947550,97.498,95.83,100,40,24,16
7820,1947733,95.1187804878049,95.65,94.44,41,23,18
7821,1948026,86.9591304347826,94.12,66.67,23,17,6
7822,1948295,94.5956756756757,93.75,95.24,37,16,21
7823,1948537,96.7741935483871,95,100,31,20,11
7824,1948598,96.0004,88.89,100,25,9,16
7825,1949377,96.43,100,95.24,28,7,21
7826,1949522,100,100,100,36,19,17
7827,1949584,100,100,100,38,22,16
7828,1949632,97.501,95.24,100,40,21,19
7829,1949668,97.37,100,94.74,38,19,19
7830,1949734,97.2233333333333,100,94.12,36,19,17
7831,1949828,96.9715151515151,100,94.74,33,14,19
7832,1949888,100,100,100,33,15,18
7833,1950367,91.6675,100,88.89,24,6,18
7834,1950373,100,100,100,18,15,3
7835,1950422,100,100,100,38,18,20
7836,1950436,94.44,94.44,94.44,36,18,18
7837,1950871,94.1155882352941,100,89.47,34,15,19
7838,1951163,100,100,100,38,16,22
7839,1951216,94.1197058823529,92.31,95.24,34,13,21
7840,1951381,100,100,100,39,19,20
7841,1951449,93.5490322580645,100,81.82,31,20,11
7842,1951986,97.8239130434783,100,95.45,46,24,22
7843,1952169,93.1815909090909,100,84.21,44,25,19
7844,1952795,90.9086363636364,91.3,90.48,44,23,21
7845,1952886,92.5035,94.74,90.48,40,19,21
7846,1953284,97.22,95.83,100,36,24,12
7847,1953445,94.9975,91.3,100,40,23,17
7848,1953776,96.6666666666667,95,100,30,20,10
7849,1953892,96.4285714285714,100,87.5,28,20,8
7850,1953953,97.6744186046512,95,100,43,20,23
7851,1954082,97.7281818181818,95.24,100,44,21,23
7852,1954163,100,100,100,36,17,19
7853,1954346,96.667,90.91,100,30,11,19
7854,1954599,100,100,100,33,16,17
7855,1954749,96.8725,94.44,100,32,18,14
7856,1954792,100,100,100,31,11,20
7857,1954854,95.4536363636364,100,83.33,22,16,6
7858,1954914,100,100,100,35,15,20
7859,1954921,91.304347826087,80,100,23,10,13
7860,1955145,100,100,100,33,15,18
7861,1955206,93.3333333333333,87.5,100,30,16,14
7862,1955332,97.2972972972973,93.75,100,37,16,21
7863,1955367,97.2208333333333,93.33,100,36,15,21
7864,1955494,96.8759375,92.31,100,32,13,19
7865,1955554,97.2222222222222,93.75,100,36,16,20
7866,1955635,95.2385714285714,90.91,100,42,22,20
7867,1956208,96,90,100,25,10,15
7868,1956258,97.4358974358974,95,100,39,20,19
7869,1956460,97.06,100,94.12,34,17,17
7870,1956584,94.4466666666667,100,90.48,36,15,21
7871,1956627,100,100,100,37,16,21
7872,1956777,95.2357142857143,95,95.45,42,20,22
7873,1957021,96.6676666666667,100,92.31,30,17,13
7874,1957031,94.5956756756757,94.12,95,37,17,20
7875,1957257,96.4289285714286,100,90.91,28,17,11
7876,1957444,96.4285714285714,100,93.75,28,12,16
7877,1957479,95.455,100,88.89,22,13,9
7878,1958403,95.0015,100,92.31,20,7,13
7879,1959112,95.4559090909091,100,92.31,22,9,13
7880,1959305,83.998,70,93.33,25,10,15
7881,1959419,100,100,100,21,7,14
7882,1959484,100,100,100,15,7,8
7883,1959632,95.6534782608695,100,92.31,23,10,13
7884,1959724,95.6539130434783,100,91.67,23,11,12
7885,1960261,94.7373684210526,90.91,100,19,11,8
7886,1960290,95.24,91.67,100,21,12,9
7887,1960324,100,100,100,28,14,14
7888,1960369,97.06,94.12,100,34,17,17
7889,1960782,100,100,100,33,14,19
7890,1960792,96.8759375,92.31,100,32,13,19
7891,1960873,94.4441666666667,93.33,95.24,36,15,21
7892,1960968,94.2874285714286,93.75,94.74,35,16,19
7893,1961053,97.0588235294118,93.75,100,34,16,18
7894,1961112,100,100,100,31,11,20
7895,1961236,100,100,100,32,10,22
7896,1961359,100,100,100,31,13,18
7897,1961533,100,100,100,30,12,18
7898,1961635,100,100,100,30,9,21
7899,1961676,100,100,100,30,11,19
7900,1961822,100,100,100,27,11,16
7901,1961836,100,100,100,24,11,13
7902,1962116,100,100,100,37,21,16
7903,1962374,96.5531034482759,100,91.67,29,17,12
7904,1963173,100,100,100,36,15,21
7905,1963341,100,100,100,36,21,15
7906,1963473,100,100,100,38,20,18
7907,1963509,100,100,100,29,18,11
7908,1963683,100,100,100,32,18,14
7909,1963815,100,100,100,35,21,14
7910,1963936,100,100,100,23,20,3
7911,1964229,100,100,100,48,28,20
7912,1964413,97.6171428571429,94.44,100,42,18,24
7913,1964647,100,100,100,53,27,26
7914,1964884,100,100,100,52,28,24
7915,1964959,91.8940540540541,88.89,94.74,37,18,19
7916,1964968,95.83,95.83,95.83,48,24,24
7917,1964989,91.0723214285714,88,93.55,56,25,31
7918,1965464,100,100,100,62,35,27
7919,1965938,98.0753846153846,100,94.44,52,34,18
7920,1965962,100,100,100,66,32,34
7921,1965991,100,100,100,54,26,28
7922,1966429,100,100,100,57,35,22
7923,1966562,98.2463157894737,97.06,100,57,34,23
7924,1966609,100,100,100,48,27,21
7925,1966738,100,100,100,46,32,14
7926,1966795,97.8695744680851,96.77,100,47,31,16
7927,1966879,100,100,100,50,31,19
7928,1966924,100,100,100,53,36,17
7929,1967515,93.7510416666667,91.43,100,48,35,13
7930,1967666,100,100,100,58,38,20
7931,1967809,98.0753846153846,100,94.44,52,34,18
7932,1967876,94.6426785714286,100,84.21,56,37,19
7933,1968391,96.666,97.37,95.45,60,38,22
7934,1968449,98.2125,97.14,100,56,35,21
7935,1968654,86.2766666666667,88.24,82.35,51,34,17
7936,1968664,93.4791304347826,92,95.24,46,25,21
7937,1968685,96.2966666666667,93.94,100,54,33,21
7938,1969041,100,100,100,59,42,17
7939,1969246,96.1542307692308,90.91,100,52,22,30
7940,1969264,96.969696969697,95,100,66,40,26
7941,1969554,100,100,100,63,39,24
7942,1969669,98.464,100,96.88,65,33,32
7943,1969735,98.1462962962963,100,96.15,54,28,26
7944,1969747,100,100,100,61,37,24
7945,1969936,96.6636666666667,96.77,96.55,60,31,29
7946,1970127,98.0394117647059,96.97,100,51,33,18
7947,1970251,98.4615384615385,97.5,100,65,40,25
7948,1970383,98.2765517241379,97.06,100,58,34,24
7949,1970476,95.5566666666666,96.97,91.67,45,33,12
7950,1970522,97.8260869565217,100,93.75,46,30,16
7951,1970592,100,100,100,47,30,17
7952,1970926,96.2962962962963,93.75,100,54,32,22
7953,1971051,100,100,100,54,33,21
7954,1971255,98.275,100,95.65,58,35,23
7955,1971285,100,100,100,55,33,22
7956,1971448,100,100,100,52,31,21
7957,1971637,97.8269565217391,100,95.24,46,25,21
7958,1971828,100,100,100,49,25,24
7959,1972717,96.1557692307692,96,96.3,52,25,27
7960,1972799,97.7777777777778,100,96,45,20,25
7961,1973211,95.7463829787234,92.86,100,47,28,19
7962,1973224,100,100,100,44,27,17
7963,1973534,100,100,100,58,30,28
7964,1973574,100,100,100,53,28,25
7965,1973702,100,100,100,54,30,24
7966,1973823,100,100,100,46,28,18
7967,1974176,94.645,96.43,92.86,56,28,28
7968,1974299,100,100,100,62,36,26
7969,1974509,98.0382352941177,100,95.65,51,28,23
7970,1974668,100,100,100,64,35,29
7971,1975176,91.8367346938775,100,80,49,29,20
7972,1975509,100,100,100,58,37,21
7973,1975608,100,100,100,59,32,27
7974,1975801,100,100,100,54,27,27
7975,1975830,100,100,100,49,27,22
7976,1975869,100,100,100,50,26,24
7977,1975893,97.62,100,94.12,42,25,17
7978,1976034,100,100,100,40,19,21
7979,1976116,93.75,100,87.5,48,24,24
7980,1976183,95.7425531914893,100,91.3,47,24,23
7981,1976564,100,100,100,38,16,22
7982,1976814,100,100,100,38,22,16
7983,1976909,97.9591836734694,100,96,49,24,25
7984,1977558,96.1538461538462,100,90,26,16,10
7985,1977786,100,100,100,38,21,17
7986,1977846,97.5015,100,94.74,40,21,19
7987,1977940,96.668,100,91.67,30,18,12
7988,1978469,84.2094736842105,100,57.14,19,12,7
7989,1979612,62.5,62.5,62.5,16,8,8
7990,1980371,100,100,100,25,12,13
7991,1980398,92.5940740740741,90,94.12,27,10,17
7992,1980936,90.4785714285714,100,86.67,21,6,15
7993,1981043,91.6675,100,81.82,24,13,11
7994,1981227,94.7342105263158,100,93.33,19,4,15
7995,1981331,96.7741935483871,100,93.75,31,15,16
7996,1981463,93.94,100,88.89,33,15,18
7997,1981885,96.87625,100,95.24,32,11,21
7998,1981930,92.4985,94.44,90.91,40,18,22
7999,1982289,87.8073170731707,94.74,81.82,41,19,22
8000,1982328,97.6744186046512,100,96,43,18,25
8001,1982594,97.501,100,94.12,40,23,17
8002,1983143,93.1815909090909,100,84.21,44,25,19
8003,1983472,97.5619512195122,100,92.86,41,27,14
8004,1983880,97.825,100,93.33,46,31,15
8005,1983930,92.4995,100,78.57,40,26,14
8006,1984053,97.50075,100,92.31,40,27,13
8007,1984111,97.501,100,91.67,40,28,12
8008,1985194,100,100,100,41,25,16
8009,1985458,97.4374358974359,100,94.74,39,20,19
8010,1985597,100,100,100,34,17,17
8011,1985911,94.5967567567568,90.48,100,37,21,16
8012,1986799,81.25125,90,66.67,16,10,6
8013,1986823,85.7142857142857,90,75,14,10,4
8014,1987289,94.4444444444444,90,100,18,10,8
8015,1987428,91.6666666666667,90,100,12,10,2
8016,1987735,100,100,100,13,8,5
8017,1988367,100,100,100,16,10,6
8018,1988387,100,100,100,16,10,6
8019,1988394,100,100,100,17,11,6
8020,1988566,100,100,100,14,11,3
8021,1989275,100,100,100,29,18,11
8022,1989660,81.4825925925926,87.5,72.73,27,16,11
8023,1990350,100,100,100,37,17,20
8024,1990892,91.175,82.35,100,34,17,17
8025,1991005,91.6675,93.33,90.48,36,15,21
8026,1991036,96.7725806451613,100,93.33,31,16,15
8027,1991089,97.4374358974359,94.74,100,39,19,20
8028,1991636,88.2364705882353,77.78,100,34,18,16
8029,1992240,100,100,100,40,21,19
8030,1992268,96.4285714285714,90,100,28,10,18
8031,1992275,100,100,100,29,19,10
8032,1992522,96.7754838709677,92.86,100,31,14,17
8033,1992896,94.2862857142857,100,88.89,35,17,18
8034,1993090,100,100,100,31,17,14
8035,1993204,97.5015,100,94.74,40,21,19
8036,1993319,97.1414285714286,100,95.65,35,12,23
8037,1993331,97.0597058823529,100,92.31,34,21,13
8038,1993757,100,100,100,30,14,16
8039,1994095,96.969696969697,100,93.75,33,17,16
8040,1994519,100,100,100,29,14,15
8041,1994698,100,100,100,36,18,18
8042,1994851,96.155,100,92.31,26,13,13
8043,1994878,100,100,100,26,14,12
8044,1994947,95.002,92.86,100,20,14,6
8045,1995355,94.7373684210526,88.89,100,19,9,10
8046,1995532,100,100,100,16,12,4
8047,1995971,100,100,100,18,8,10
8048,1996109,100,100,100,17,7,10
8049,1996593,100,100,100,17,10,7
8050,1997171,92.855,100,85.71,14,7,7
8051,1997287,100,100,100,26,12,14
8052,1997480,96.668,91.67,100,30,12,18
8053,1997636,100,100,100,21,11,10
8054,1997887,96.5537931034483,100,94.74,29,10,19
8055,1998222,95.4522727272727,100,93.33,22,7,15
8056,1998259,100,100,100,27,9,18
8057,1998629,96.7751612903226,92.31,100,31,13,18
8058,1998803,97.14,100,95.45,35,13,22
8059,1999079,96.2944444444444,100,93.33,27,12,15
8060,1999121,100,100,100,37,13,24
8061,1999254,85.002,91.67,75,20,12,8
8062,1999777,96.2977777777778,100,92.86,27,13,14
8063,1999795,95.835,100,94.12,24,7,17
8064,1999805,100,100,100,25,11,14
8065,1999831,100,100,100,30,13,17
8066,1999948,96.43,100,94.12,28,11,17
8067,2000638,96,90,100,25,10,15
8068,2000926,100,100,100,33,12,21
8069,2001301,100,100,100,31,13,18
8070,2001413,100,100,100,29,7,22
8071,2001661,100,100,100,32,14,18
8072,2002189,97.4338461538462,100,95.83,39,15,24
8073,2002380,97.3684210526316,93.75,100,38,16,22
8074,2003130,92.0028,92.31,91.67,25,13,12
8075,2003283,96.7754838709677,92.86,100,31,14,17
8076,2003569,96.55,100,93.33,29,14,15
8077,2004074,93.7528125,92.31,94.74,32,13,19
8078,2004232,100,100,100,23,12,11
8079,2004281,100,100,100,36,14,22
8080,2004328,100,100,100,34,15,19
8081,2004917,97.7272727272727,95,100,44,20,24
8082,2005151,97.8702127659574,96.15,100,47,26,21
8083,2005486,97.9984,95.83,100,50,24,26
8084,2006035,92.8575,71.43,100,28,7,21
8085,2006358,97.1428571428571,93.75,100,35,16,19
8086,2006718,97.144,92.86,100,35,14,21
8087,2006900,96.7751612903226,92.31,100,31,13,18
8088,2006991,97.1431428571429,90.91,100,35,11,24
8089,2007114,97.2983783783784,92.86,100,37,14,23
8090,2007740,96.5506896551724,85.71,100,29,7,22
8091,2007833,97.2983783783784,92.86,100,37,14,23
8092,2008175,94.2837142857143,92.31,95.45,35,13,22
8093,2008495,93.1062068965517,100,88.24,29,12,17
8094,2008526,100,100,100,35,14,21
8095,2008848,96.9666666666667,100,95.45,33,11,22
8096,2009027,100,100,100,23,6,17
8097,2009090,100,100,100,19,7,12
8098,2009270,100,100,100,21,5,16
8099,2009474,100,100,100,19,5,14
8100,2009617,100,100,100,17,5,12
8101,2009805,100,100,100,16,5,11
8102,2009906,94.4427777777778,85.71,100,18,7,11
8103,2009990,92.855,85.71,100,14,7,7
8104,2010259,81.8190909090909,88.89,50,11,9,2
8105,2010278,94.445,88.89,100,18,9,9
8106,2010508,92.855,85.71,100,14,7,7
8107,2010622,95.002,100,91.67,20,8,12
8108,2011024,88.2358823529412,71.43,100,17,7,10
8109,2011327,81.8190909090909,71.43,100,11,7,4
8110,2011801,69.2330769230769,71.43,66.67,13,7,6
8111,2012334,66.67,66.67,66.67,18,12,6
8112,2012579,91.6666666666667,87.5,100,24,16,8
8113,2012605,94.445,90.91,100,18,11,7
8114,2012669,95.24,92.86,100,21,14,7
8115,2012886,100,100,100,30,18,12
8116,2013346,91.1747058823529,83.33,100,34,18,16
8117,2013398,96.7716129032258,94.44,100,31,18,13
8118,2013569,96.7709677419355,100,95.45,31,9,22
8119,2013860,94.2845714285714,83.33,100,35,12,23
8120,2013905,94.7389473684211,94.12,95.24,38,17,21
8121,2013973,94.8728205128205,92.86,96,39,14,25
8122,2014310,97.7281818181818,100,96.43,44,16,28
8123,2014445,95.8291666666667,96.15,95.45,48,26,22
8124,2014574,94.342641509434,92.31,96.3,53,26,27
8125,2014832,96.0811764705882,95.24,96.67,51,21,30
8126,2014877,94.0012,90.91,96.43,50,22,28
8127,2015018,98.18,100,96.15,55,29,26
8128,2015238,98.0376470588235,100,95.83,51,27,24
8129,2015610,96.3,96.3,96.3,54,27,27
8130,2015660,96.2953703703704,96.55,96,54,29,25
8131,2015745,97.8260869565217,95,100,46,20,26
8132,2015908,95.5573333333333,100,91.67,45,21,24
8133,2016297,91.6654166666667,96.55,84.21,48,29,19
8134,2016306,94,96.3,91.3,50,27,23
8135,2016373,97.9175,95.24,100,48,21,27
8136,2016439,95.7446808510638,92,100,47,25,22
8137,2016487,96.2271698113207,96,96.43,53,25,28
8138,2017338,94.4401851851852,96.77,91.3,54,31,23
8139,2017563,98.3037288135593,95.83,100,59,24,35
8140,2017589,95,91.67,97.22,60,24,36
8141,2017667,98.3052542372881,100,96.97,59,26,33
8142,2017691,98.2760344827586,100,96.97,58,25,33
8143,2017761,98.3028813559322,100,96.77,59,28,31
8144,2017797,98.3042372881356,95.65,100,59,23,36
8145,2017980,95.83,94.44,97.22,72,36,36
8146,2018144,96.7213114754098,100,93.75,61,29,32
8147,2018334,96.87390625,92.59,100,64,27,37
8148,2018578,95.5237313432836,94.12,96.97,67,34,33
8149,2018620,93.9424242424242,93.55,94.29,66,31,35
8150,2018750,96.9216923076923,96.77,97.06,65,31,34
8151,2019653,96.362,96.97,95.45,55,33,22
8152,2019663,95.915306122449,95.65,96.15,49,23,26
8153,2019826,100,100,100,62,31,31
8154,2020202,98.111320754717,95.45,100,53,22,31
8155,2020756,98.04,100,96.43,51,23,28
8156,2020814,96.2974074074074,92.31,100,54,26,28
8157,2020955,94.7357894736842,95.83,92.86,38,24,14
8158,2021137,97.6732558139535,100,96.55,43,14,29
8159,2021388,100,100,100,41,20,21
8160,2021451,100,100,100,43,19,24
8161,2021597,100,100,100,42,19,23
8162,2021863,96.665,100,95.65,30,7,23
8163,2022181,93.1013793103448,100,85.71,29,15,14
8164,2022971,97.2194444444444,100,95.45,36,14,22
8165,2023040,100,100,100,33,10,23
8166,2023124,97.06,100,95.24,34,13,21
8167,2023130,96.2977777777778,100,91.67,27,15,12
8168,2023236,100,100,100,32,11,21
8169,2024274,89.285,85.71,92.86,28,14,14
8170,2024505,88.46,76.92,100,26,13,13
8171,2024809,100,100,100,28,15,13
8172,2025061,100,100,100,21,12,9
8173,2025434,80.9523809523809,87.5,60,21,16,5
8174,2025548,86.9578260869565,92.31,80,23,13,10
8175,2025736,100,100,100,49,29,20
8176,2026076,100,100,100,43,21,22
8177,2026244,100,100,100,44,24,20
8178,2026486,100,100,100,46,28,18
8179,2026710,94.8733333333333,92.31,100,39,26,13
8180,2027109,91.9984,83.33,100,25,12,13
8181,2027782,100,100,100,46,20,26
8182,2028161,100,100,100,42,21,21
8183,2028962,100,100,100,34,18,16
8184,2029007,100,100,100,32,18,14
8185,2029128,100,100,100,32,17,15
8186,2029168,100,100,100,34,16,18
8187,2030118,100,100,100,38,19,19
8188,2030479,100,100,100,40,22,18
8189,2030506,100,100,100,35,19,16
8190,2030628,97.2983783783784,94.12,100,37,17,20
8191,2031145,100,100,100,38,23,15
8192,2031187,94.7342105263158,95.45,93.75,38,22,16
8193,2031457,100,100,100,33,20,13
8194,2031532,100,100,100,22,17,5
8195,2031925,100,100,100,33,19,14
8196,2032045,100,100,100,29,16,13
8197,2032420,100,100,100,30,15,15
8198,2032564,100,100,100,29,16,13
8199,2032612,96.5531034482759,100,92.86,29,15,14
8200,2032699,96.7725806451613,100,93.33,31,16,15
8201,2033763,100,100,100,14,8,6
8202,2034249,85.7142857142857,0,100,7,1,6
8203,2034256,83.3308333333333,80,85.71,12,5,7
8204,2034723,87.50125,66.67,100,8,3,5
8205,2034732,87.5,75,100,8,4,4
8206,2034759,87.50125,66.67,100,8,3,5
8207,2034919,66.6666666666667,50,80,9,4,5
8208,2035077,100,100,100,11,4,7
8209,2035938,100,100,100,16,10,6
8210,2035994,93.3333333333333,87.5,100,15,8,7
8211,2037427,100,100,100,6,2,4
8212,2037593,100,100,100,5,1,4
8213,2037998,100,100,100,3,2,1
8214,2038221,100,100,100,3,2,1
8215,2038639,66.665,33.33,100,6,3,3
8216,2038681,100,100,100,5,2,3
8217,2039274,62.5,75,50,8,4,4
8218,2039391,92.855,100,85.71,14,7,7
8219,2039611,100,100,100,22,9,13
8220,2039638,100,100,100,15,6,9
8221,2039773,100,100,100,18,5,13
8222,2039806,100,100,100,21,8,13
8223,2039857,100,100,100,22,8,14
8224,2040334,100,100,100,22,8,14
8225,2040570,100,100,100,21,8,13
8226,2040595,95.4563636363636,100,91.67,22,10,12
8227,2041190,100,100,100,10,5,5
8228,2041832,87.5,100,80,8,3,5
8229,2041871,81.8181818181818,100,60,11,6,5
8230,2042573,100,100,100,7,3,4
8231,2042903,100,100,100,8,3,5
8232,2043332,74.99875,33.33,100,8,3,5
8233,2043386,88.89,66.67,100,9,3,6
8234,2043723,75.00125,66.67,80,8,3,5
8235,2044129,100,100,100,10,2,8
8236,2044186,100,100,100,12,3,9
8237,2044273,100,100,100,15,5,10
8238,2044384,100,100,100,15,5,10
8239,2045707,100,100,100,21,7,14
8240,2045962,100,100,100,34,8,26
8241,2046175,100,100,100,29,5,24
8242,2046184,92.8589285714286,90.91,94.12,28,11,17
8243,2046726,96.4285714285714,100,93.75,28,12,16
8244,2047258,100,100,100,24,10,14
8245,2047289,100,100,100,29,12,17
8246,2047354,100,100,100,21,8,13
8247,2047465,100,100,100,25,12,13
8248,2047635,100,100,100,21,18,3
8249,2047738,96.2977777777778,91.67,100,27,12,15
8250,2047989,100,100,100,39,23,16
8251,2048143,100,100,100,35,18,17
8252,2048406,97.4346153846154,95.65,100,39,23,16
8253,2048455,93.0251162790698,86.96,100,43,23,20
8254,2049334,100,100,100,38,19,19
8255,2049358,94.284,85.71,100,35,14,21
8256,2050096,91.9956,85.71,94.44,25,7,18
8257,2050368,92.1031578947368,94.44,90,38,18,20
8258,2050837,92.5933333333333,100,88.89,27,9,18
8259,2050914,100,100,100,28,15,13
8260,2050987,91.304347826087,100,80,23,13,10
8261,2051214,91.665,100,83.33,24,12,12
8262,2051358,95.6539130434783,100,92.86,23,9,14
8263,2051956,100,100,100,17,7,10
8264,2052154,100,100,100,22,10,12
8265,2052179,90.91,100,66.67,11,8,3
8266,2052248,94.7368421052632,100,90,19,9,10
8267,2052598,95.0005,100,90.91,20,9,11
8268,2052710,93.750625,100,90.91,16,5,11
8269,2052719,90.9072727272727,83.33,100,11,6,5
8270,2052852,83.3333333333333,87.5,80,18,8,10
8271,2052993,93.75,100,90,16,6,10
8272,2053059,100,100,100,19,9,10
8273,2053221,100,100,100,15,5,10
8274,2053578,95.002,100,91.67,20,8,12
8275,2053637,95.4559090909091,100,92.31,22,9,13
8276,2054192,100,100,100,22,9,13
8277,2054574,100,100,100,18,7,11
8278,2054973,100,100,100,17,6,11
8279,2054981,100,100,100,16,6,10
8280,2055464,93.750625,100,90.91,16,5,11
8281,2055721,100,100,100,16,5,11
8282,2055728,100,100,100,15,7,8
8283,2055775,100,100,100,13,6,7
8284,2055929,100,100,100,19,8,11
8285,2056438,100,100,100,13,8,5
8286,2056849,100,100,100,6,3,3
8287,2056976,91.665,83.33,100,12,6,6
8288,2058548,92.8571428571429,87.5,100,14,8,6
8289,2058699,94.1176470588235,90,100,17,10,7
8290,2059317,96.1553846153846,94.12,100,26,17,9
8291,2059358,96.2974074074074,92.31,100,27,13,14
8292,2059403,100,100,100,27,17,10
8293,2060196,100,100,100,23,13,10
8294,2060390,95.6539130434783,92.86,100,23,14,9
8295,2061439,96.4289285714286,100,88.89,28,19,9
8296,2061572,89.4736842105263,80,100,19,10,9
8297,2061788,91.6675,88.89,100,24,18,6
8298,2062438,95.6521739130435,100,80,23,18,5
8299,2063192,100,100,100,29,14,15
8300,2063623,100,100,100,35,17,18
8301,2063883,100,100,100,37,15,22
8302,2064261,100,100,100,36,21,15
8303,2064436,96.7761290322581,94.74,100,31,19,12
8304,2064810,100,100,100,38,20,18
8305,2064929,100,100,100,33,19,14
8306,2065815,100,100,100,21,10,11
8307,2066089,94.1176470588235,90,100,17,10,7
8308,2066313,94.7389473684211,92.86,100,19,14,5
8309,2066564,100,100,100,17,10,7
8310,2066803,100,100,100,24,18,6
8311,2067323,95.4522727272727,93.33,100,22,15,7
8312,2067860,92.3084615384615,100,66.67,13,10,3
8313,2068102,100,100,100,13,9,4
8314,2069297,100,100,100,14,8,6
8315,2069396,100,100,100,17,12,5
8316,2069574,100,100,100,18,11,7
8317,2069598,100,100,100,16,11,5
8318,2070125,100,100,100,23,15,8
8319,2071318,47.8247826086957,35.71,66.67,23,14,9
8320,2071337,39.2814285714286,35.29,45.45,28,17,11
8321,2071350,34.6153846153846,26.67,45.45,26,15,11
8322,2074720,97.7272727272727,96,100,44,25,19
8323,2074803,96.9672727272727,95.83,100,33,24,9
8324,2074812,92.855,85.71,100,28,14,14
8325,2074998,100,100,100,42,25,17
8326,2075121,97.2230555555555,100,92.31,36,23,13
8327,2075145,91.1776470588235,90,92.86,34,20,14
8328,2075241,95.2390476190476,96,94.12,42,25,17
8329,2075340,100,100,100,37,18,19
8330,2075689,100,100,100,38,28,10
8331,2075830,100,100,100,37,22,15
8332,2076069,100,100,100,33,21,12
8333,2076244,100,100,100,40,26,14
8334,2076282,93.1034482758621,87.5,100,29,16,13
8335,2078651,100,100,100,31,14,17
8336,2079140,96.2977777777778,92.86,100,27,14,13
8337,2079258,96.2977777777778,100,91.67,27,15,12
8338,2080146,100,100,100,28,15,13
8339,2082206,100,100,100,24,15,9
8340,2082326,100,100,100,26,17,9
8341,2082402,95.4545454545455,100,87.5,22,14,8
8342,2082659,100,100,100,24,16,8
8343,2082832,95.2380952380952,93.75,100,21,16,5
8344,2083120,100,100,100,35,20,15
8345,2083621,95.0015,92.31,100,20,13,7
8346,2083882,100,100,100,33,18,15
8347,2084753,100,100,100,34,17,17
8348,2084960,95.835,100,94.12,24,7,17
8349,2085194,97.2238888888889,100,94.74,36,17,19
8350,2085206,96.8725,94.44,100,32,18,14
8351,2085789,100,100,100,29,16,13
8352,2085884,100,100,100,31,18,13
8353,2085915,100,100,100,30,19,11
8354,2086191,100,100,100,33,16,17
8355,2086259,100,100,100,29,16,13
8356,2086320,100,100,100,26,11,15
8357,2086332,100,100,100,30,16,14
8358,2086362,100,100,100,30,15,15
8359,2086563,100,100,100,27,19,8
8360,2086728,100,100,100,37,19,18
8361,2086878,100,100,100,34,16,18
8362,2087375,96.4296428571429,92.31,100,28,13,15
8363,2087761,96.551724137931,93.75,100,29,16,13
8364,2088005,97.2951351351351,100,94.44,37,19,18
8365,2088106,97.1428571428571,100,93.75,35,19,16
8366,2088230,97.501,100,94.12,40,23,17
8367,2088299,96.9709090909091,94.12,100,33,17,16
8368,2088328,96.87625,100,92.86,32,18,14
8369,2088943,100,100,100,23,18,5
8370,2089153,91.428,95.24,85.71,35,21,14
8371,2089386,87.098064516129,95.24,70,31,21,10
8372,2089634,100,100,100,22,6,16
8373,2089645,95.4545454545455,100,87.5,22,14,8
8374,2089787,88.4623076923077,88.89,87.5,26,18,8
8375,2090080,96.9706060606061,100,92.31,33,20,13
8376,2090122,100,100,100,38,21,17
8377,2090309,100,100,100,37,23,14
8378,2090460,100,100,100,39,21,18
8379,2090697,100,100,100,37,18,19
8380,2090819,100,100,100,42,21,21
8381,2090852,100,100,100,24,12,12
8382,2091091,100,100,100,32,19,13
8383,2091313,87.8787878787879,100,60,33,23,10
8384,2091601,100,100,100,48,26,22
8385,2091784,100,100,100,43,20,23
8386,2092018,100,100,100,50,23,27
8387,2092051,100,100,100,44,20,24
8388,2092081,100,100,100,42,22,20
8389,2092884,100,100,100,51,29,22
8390,2093115,93.0227906976744,96.15,88.24,43,26,17
8391,2093253,100,100,100,48,21,27
8392,2093344,97.8269565217391,95.24,100,46,21,25
8393,2093365,96.42625,96,96.77,56,25,31
8394,2093493,96.0764705882353,91.3,100,51,23,28
8395,2093576,94.8265517241379,96.43,93.33,58,28,30
8396,2093624,98.2438596491228,96.15,100,57,26,31
8397,2093702,100,100,100,58,26,32
8398,2093829,100,100,100,56,26,30
8399,2093856,100,100,100,54,23,31
8400,2094027,100,100,100,58,31,27
8401,2094072,97.9179166666667,100,94.74,48,29,19
8402,2094084,100,100,100,32,14,18
8403,2094089,100,100,100,34,23,11
8404,2094150,100,100,100,49,22,27
8405,2094342,100,100,100,50,21,29
8406,2094359,100,100,100,58,28,30
8407,2094432,98.3057627118644,100,97.06,59,25,34
8408,2094547,100,100,100,49,22,27
8409,2094698,100,100,100,54,26,28
8410,2094725,100,100,100,49,23,26
8411,2095273,97.9575510204082,95.83,100,49,24,25
8412,2095291,98.0376470588235,100,95.83,51,27,24
8413,2096060,100,100,100,44,31,13
8414,2096196,100,100,100,45,28,17
8415,2096606,97.06,100,92.86,34,20,14
8416,2096999,100,100,100,24,12,12
8417,2097170,100,100,100,37,22,15
8418,2097486,96.7751612903226,100,92.31,31,18,13
8419,2097720,96.7741935483871,95,100,31,20,11
8420,2097804,100,100,100,31,17,14
8421,2098465,90.9090909090909,100,75,11,7,4
8422,2098558,90.9090909090909,100,75,11,7,4
8423,2098616,91.6666666666667,100,75,12,8,4
8424,2098796,85.7142857142857,100,50,7,5,2
8425,2099356,85.7157142857143,100,66.67,7,4,3
8426,2099494,83.335,100,66.67,6,3,3
8427,2099947,100,100,100,4,3,1
8428,2100118,87.50125,100,66.67,8,5,3
8429,2100219,83.3333333333333,100,50,6,4,2
8430,2100387,87.50125,100,66.67,8,5,3
8431,2100453,87.5,100,75,8,4,4
8432,2100511,100,100,100,10,5,5
8433,2100574,90,75,100,10,4,6
8434,2100805,88.8888888888889,100,80,9,4,5
8435,2101252,100,100,100,8,4,4
8436,2101290,100,100,100,4,2,2
8437,2101423,100,100,100,4,3,1
8438,2101633,100,100,100,5,2,3
8439,2101683,100,100,100,5,1,4
8440,2101903,94.7368421052632,100,90,19,9,10
8441,2102154,100,100,100,18,12,6
8442,2102393,100,100,100,17,11,6
8443,2102913,83.3308333333333,85.71,80,12,7,5
8444,2103706,57.1428571428571,100,0,7,4,3
8445,2104743,100,100,100,3,1,2
8446,2104773,100,100,100,4,2,2
8447,2105080,50.0025,66.67,0,4,3,1
8448,2105087,59.998,33.33,100,5,3,2
8449,2105220,33.3333333333333,50,0,3,2,1
8450,2106990,100,100,NA,2,2,NA
8451,2107222,59.998,33.33,100,5,3,2
8452,2107628,100,100,NA,4,4,NA
8453,2107778,75,100,0,4,3,1
8454,2108006,25,0,50,4,2,2
8455,2108948,100,100,100,5,2,3
8456,2110594,100,100,100,11,4,7
8457,2110666,91.6666666666667,100,87.5,12,4,8
8458,2110910,85.7142857142857,100,80,7,2,5
8459,2111434,100,100,100,15,5,10
8460,2112159,90.9063636363636,100,85.71,11,4,7
8461,2112174,100,100,100,8,2,6
8462,2112348,100,100,100,10,4,6
8463,2112373,66.6666666666667,100,50,6,2,4
8464,2112378,80,100,75,5,1,4
8465,2112537,100,100,100,12,4,8
8466,2113728,100,100,100,15,6,9
8467,2113924,100,100,100,15,6,9
8468,2114182,100,100,100,18,9,9
8469,2115131,100,100,100,30,16,14
8470,2115436,100,100,100,31,16,15
8471,2115760,97.144,92.86,100,35,14,21
8472,2115944,100,100,100,40,17,23
8473,2116406,97.5624390243902,94.74,100,41,19,22
8474,2116579,100,100,100,48,21,27
8475,2117451,95.0829508196721,96.43,93.94,61,28,33
8476,2117490,96.4910526315789,95.65,97.06,57,23,34
8477,2117769,100,100,100,53,28,25
8478,2117838,100,100,100,46,19,27
8479,2117863,100,100,100,53,25,28
8480,2118012,96,100,92,50,25,25
8481,2118026,98.1122641509434,100,96.55,53,24,29
8482,2118234,100,100,100,46,27,19
8483,2119017,97.8731914893617,95.24,100,47,21,26
8484,2119641,96.227358490566,100,93.55,53,22,31
8485,2119719,100,100,100,51,23,28
8486,2119859,100,100,100,51,18,33
8487,2119893,95.2380952380952,87.5,100,42,16,26
8488,2120100,97.8282608695652,100,96.3,46,19,27
8489,2120517,98.0376470588235,100,95.83,51,27,24
8490,2120590,97.6744186046512,100,93.75,43,27,16
8491,2120689,100,100,100,53,30,23
8492,2120845,100,100,100,59,31,28
8493,2121601,97.6720930232558,100,97.14,43,8,35
8494,2121765,100,100,100,55,18,37
8495,2121844,100,100,100,55,23,32
8496,2121943,100,100,100,43,28,15
8497,2122122,100,100,100,60,20,40
8498,2122132,98.2438596491228,95.45,100,57,22,35
8499,2122456,100,100,100,58,29,29
8500,2122509,100,100,100,63,27,36
8501,2122630,100,100,100,56,25,31
8502,2122741,100,100,100,60,25,35
8503,2123102,100,100,100,55,19,36
8504,2123457,100,100,100,64,34,30
8505,2123540,98.0376470588235,100,94.44,51,33,18
8506,2123655,100,100,100,53,28,25
8507,2123807,100,100,100,32,6,26
8508,2123813,100,100,100,35,28,7
8509,2124065,95.9964,96.15,95.83,50,26,24
8510,2124164,100,100,100,54,28,26
8511,2124410,100,100,100,38,23,15
8512,2124635,97.9612244897959,96.3,100,49,27,22
8513,2124985,100,100,100,54,24,30
8514,2125426,100,100,100,48,22,26
8515,2126649,100,100,100,42,20,22
8516,2126760,95.004,87.5,96.88,40,8,32
8517,2126872,100,100,100,35,10,25
8518,2127209,95.6508695652174,100,85.71,23,16,7
8519,2127815,96.8734375,100,95.65,32,9,23
8520,2127852,97.2951351351351,100,95.83,37,13,24
8521,2127965,94.4425,100,89.47,36,17,19
8522,2128165,97.2972972972973,100,95,37,17,20
8523,2128180,100,100,100,30,15,15
8524,2129307,95.8345833333333,100,92.31,24,11,13
8525,2129815,95.002,100,91.67,20,8,12
8526,2130053,87.5025,88.89,86.67,24,9,15
8527,2130239,89.4736842105263,100,87.5,19,3,16
8528,2130601,100,100,100,23,9,14
8529,2131321,100,100,100,52,19,33
8530,2131558,100,100,100,53,23,30
8531,2131840,100,100,100,49,19,30
8532,2132008,100,100,100,46,22,24
8533,2132317,97.8239130434783,95.45,100,46,22,24
8534,2132544,100,100,100,47,25,22
8535,2132649,94.1176470588235,87.5,100,51,24,27
8536,2132757,100,100,100,49,28,21
8537,2132787,100,100,100,47,24,23
8538,2133221,96.1525,92.59,100,52,27,25
8539,2133285,98.0392156862745,96,100,51,25,26
8540,2133378,100,100,100,52,27,25
8541,2133833,98.2765517241379,100,96.43,58,30,28
8542,2133971,98.2736206896552,100,96.77,58,27,31
8543,2134001,100,100,100,57,27,30
8544,2134141,100,100,100,47,24,23
8545,2134750,100,100,100,41,21,20
8546,2134928,100,100,100,44,24,20
8547,2134939,97.8239130434783,100,95.45,46,24,22
8548,2135021,100,100,100,42,21,21
8549,2135206,100,100,100,52,27,25
8550,2135275,100,100,100,47,21,26
8551,2135335,97.9581632653061,100,95.65,49,26,23
8552,2135381,94.1182352941177,92.86,95.65,51,28,23
8553,2135754,91.8910810810811,93.33,90.91,37,15,22
8554,2135961,100,100,100,49,25,24
8555,2136177,92.6839024390244,90,95.24,41,20,21
8556,2136482,92.49925,95.24,89.47,40,21,19
8557,2136684,100,100,100,39,21,18
8558,2136947,92.5933333333333,81.82,100,27,11,16
8559,2137005,100,100,100,21,10,11
8560,2137109,94.9985,100,85.71,20,13,7
8561,2137855,93.3346666666667,92.86,93.75,30,14,16
8562,2137918,94.1179411764706,93.33,94.74,34,15,19
8563,2137956,100,100,100,30,14,16
8564,2138454,95.1219512195122,96,93.75,41,25,16
8565,2138571,97.501,100,95.24,40,19,21
8566,2138728,100,100,100,41,18,23
8567,2138745,97.825,100,95.65,46,23,23
8568,2138848,100,100,100,42,18,24
8569,2139195,95.3472093023256,100,89.47,43,24,19
8570,2139268,97.8731914893617,95.24,100,47,21,26
8571,2139664,97.2989189189189,94.74,100,37,19,18
8572,2139876,100,100,100,45,22,23
8573,2140020,100,100,100,43,18,25
8574,2141019,100,100,100,34,22,12
8575,2141028,100,100,100,30,17,13
8576,2141076,100,100,100,37,22,15
8577,2141193,100,100,100,39,20,19
8578,2141205,100,100,100,44,20,24
8579,2141281,100,100,100,47,22,25
8580,2141832,100,100,100,33,21,12
8581,2141910,100,100,100,43,23,20
8582,2141998,100,100,100,35,12,23
8583,2142057,100,100,100,38,21,17
8584,2142160,100,100,100,39,18,21
8585,2142347,96.9715151515151,100,94.74,33,14,19
8586,2142730,96.9715151515151,100,94.74,33,14,19
8587,2142793,94.4444444444444,100,90,36,16,20
8588,2142940,100,100,100,42,23,19
8589,2143108,97.2233333333333,95.24,100,36,21,15
8590,2143717,100,100,100,43,22,21
8591,2143977,100,100,100,40,21,19
8592,2144023,100,100,100,42,19,23
8593,2144091,100,100,100,42,20,22
8594,2144329,100,100,100,41,20,21
8595,2144341,100,100,100,37,16,21
8596,2144713,100,100,100,49,25,24
8597,2145147,100,100,100,46,25,21
8598,2145424,100,100,100,37,17,20
8599,2145430,100,100,100,40,30,10
8600,2145912,97.8260869565217,96,100,46,25,21
8601,2146009,100,100,100,48,27,21
8602,2146150,98.1107547169811,96.77,100,53,31,22
8603,2146228,98.0372549019608,100,95.45,51,29,22
8604,2146297,97.7272727272727,95,100,44,20,24
8605,2146504,96.3618181818182,93.1,100,55,29,26
8606,2147292,98.1488888888889,96.43,100,54,28,26
8607,2147969,97.2983783783784,91.67,100,37,12,25
8608,2148056,100,100,100,47,26,21
8609,2148145,100,100,100,46,28,18
8610,2148383,100,100,100,48,27,21
8611,2148434,100,100,100,33,10,23
8612,2148517,100,100,100,51,26,25
8613,2148605,100,100,100,41,18,23
8614,2149598,100,100,100,55,34,21
8615,2149790,97.9571428571429,100,95.45,49,27,22
8616,2149861,100,100,100,49,26,23
8617,2149969,98.04,100,95.24,51,30,21
8618,2150202,97.1405714285714,100,94.44,35,17,18
8619,2150681,90.9109090909091,92.31,88.89,22,13,9
8620,2151390,95.0015,92.31,100,20,13,7
8621,2151582,95.83125,93.33,100,24,15,9
8622,2152967,100,100,100,44,27,17
8623,2153586,97.3684210526316,96,100,38,25,13
8624,2154688,94.5964864864865,96.67,85.71,37,30,7
8625,2154697,100,100,100,28,10,18
8626,2154806,100,100,100,50,30,20
8627,2154985,97.8269565217391,100,95.24,46,25,21
8628,2155105,100,100,100,50,27,23
8629,2155130,98.2741379310345,100,96.15,58,32,26
8630,2155154,100,100,100,65,40,25
8631,2155350,97.62,94.12,100,42,17,25
8632,2155654,100,100,100,59,26,33
8633,2155696,96.2966666666667,100,93.94,54,21,33
8634,2155704,100,100,100,52,30,22
8635,2156254,100,100,100,49,26,23
8636,2156508,97.5648780487805,100,96.88,41,9,32
8637,2156628,96.0004,90.91,100,50,22,28
8638,2156706,100,100,100,56,25,31
8639,2157058,97.0167164179104,100,94.74,67,29,38
8640,2157166,100,100,100,57,25,32
8641,2157226,98.43671875,100,96.55,64,35,29
8642,2157250,100,100,100,66,34,32
8643,2157430,95.6521739130435,100,92,46,21,25
8644,2157456,95.7468085106383,96.43,94.74,47,28,19
8645,2157694,100,100,100,57,37,20
8646,2157936,96.2267924528302,100,88.89,53,35,18
8647,2158044,98.3887096774194,100,96.3,62,35,27
8648,2158077,98.2160714285714,100,96.3,56,29,27
8649,2158164,100,100,100,57,26,31
8650,2158719,100,100,100,38,21,17
8651,2158806,100,100,100,61,29,32
8652,2159070,100,100,100,57,22,35
8653,2159238,96.362,95.45,96.97,55,22,33
8654,2159332,95.0811475409836,96.55,93.75,61,29,32
8655,2159350,98.1462962962963,100,96.15,54,28,26
8656,2160024,94.1164705882353,83.33,100,34,12,22
8657,2160085,98.2447368421053,100,96.55,57,28,29
8658,2160151,98.182,100,96.97,55,22,33
8659,2160472,100,100,100,49,27,22
8660,2160643,98.4152380952381,100,96.88,63,31,32
8661,2160711,96.4871929824562,96.15,96.77,57,26,31
8662,2160846,95.83,94.44,100,24,18,6
8663,2160850,100,100,100,28,10,18
8664,2160945,100,100,100,55,28,27
8665,2161113,96.4922807017544,100,92.31,57,31,26
8666,2161335,97.2222222222222,100,87.5,36,28,8
8667,2161471,93.998,93.33,95,50,30,20
8668,2161959,100,100,100,51,31,20
8669,2161968,95.6519565217391,96.55,94.12,46,29,17
8670,2161998,96.0782352941176,96.43,95.65,51,28,23
8671,2162050,96.43,92.86,100,56,28,28
8672,2162373,100,100,100,52,17,35
8673,2162605,95.9998,95.24,96.55,50,21,29
8674,2162787,96.2279245283019,100,92.86,53,25,28
8675,2162948,98.4128571428571,100,96.97,63,30,33
8676,2163099,100,100,100,59,30,29
8677,2163116,96.4294642857143,93.55,100,56,31,25
8678,2163207,100,100,100,45,17,28
8679,2163305,100,100,100,52,28,24
8680,2163756,100,100,100,52,25,27
8681,2163821,98.18,100,96.15,55,29,26
8682,2163924,97.559756097561,100,95.65,41,18,23
8683,2164074,90.9109090909091,88.89,92.31,44,18,26
8684,2164318,95.4545454545455,100,92,44,19,25
8685,2164406,95.3488372093023,100,92,43,18,25
8686,2164442,89.6551724137931,100,50,29,23,6
8687,2164447,96.0004,100,88.89,25,16,9
8688,2164457,88,96,80,50,25,25
8689,2164525,95.2357142857143,95.45,95,42,22,20
8690,2164555,97.0588235294118,100,93.75,34,18,16
8691,2164559,91.3021739130435,87.5,93.33,23,8,15
8692,2165044,95.7468085106383,94.74,96.43,47,19,28
8693,2165639,89.58375,94.44,86.67,48,18,30
8694,2165957,100,100,100,39,14,25
8695,2166004,96.7754838709677,100,94.12,31,14,17
8696,2166082,95.4543181818182,95.24,95.65,44,21,23
8697,2166121,100,100,100,47,22,25
8698,2166148,93.1034482758621,100,90,29,9,20
8699,2166154,100,100,100,34,18,16
8700,2166391,100,100,100,39,16,23
8701,2166470,100,100,100,37,15,22
8702,2166956,100,100,100,32,15,17
8703,2167074,95.0015,100,92.31,20,7,13
8704,2168709,100,100,100,18,8,10
8705,2168814,94.445,100,88.89,18,9,9
8706,2170173,94.7368421052632,100,87.5,19,11,8
8707,2171425,94.99975,94.12,95.65,40,17,23
8708,2171444,97.4358974358974,95,100,39,20,19
8709,2171656,100,100,100,42,21,21
8710,2171699,97.3671052631579,100,93.33,38,23,15
8711,2171787,100,100,100,33,18,15
8712,2172079,100,100,100,31,15,16
8713,2172302,92.5925925925926,87.5,100,27,16,11
8714,2172666,100,100,100,33,16,17
8715,2173083,100,100,100,25,16,9
8716,2173168,100,100,100,19,11,8
8717,2173275,100,100,100,26,11,15
8718,2173391,100,100,100,30,17,13
8719,2174384,95.455,90.91,100,22,11,11
8720,2175008,89.4742105263158,88.89,90,19,9,10
8721,2175281,96.5537931034483,100,94.74,29,10,19
8722,2175503,100,100,100,33,13,20
8723,2175638,100,100,100,31,15,16
8724,2175926,96.7741935483871,100,93.75,31,15,16
8725,2176061,92.31,92.31,92.31,26,13,13
8726,2176220,100,100,100,33,6,27
8727,2176440,96.1507692307692,100,94.44,26,8,18
8728,2177277,94.2837142857143,100,92.59,35,8,27
8729,2177755,96.7754838709677,100,92.86,31,17,14
8730,2177794,100,100,100,34,14,20
8731,2178127,97.4338461538462,100,95.83,39,15,24
8732,2178260,97.1445714285714,100,94.74,35,16,19
8733,2178971,91.3021739130435,87.5,93.33,23,8,15
8734,2179430,93.940303030303,95,92.31,33,20,13
8735,2179670,93.1031034482759,93.33,92.86,29,15,14
8736,2179841,95.8333333333333,90,100,24,10,14
8737,2180061,94.7342105263158,95.65,93.33,38,23,15
8738,2180332,85.7166666666667,92.86,71.43,21,14,7
8739,2180336,83.3333333333333,50,87.5,18,2,16
8740,2180342,91.9964,95.45,66.67,25,22,3
8741,2180594,94.8707692307692,95.24,94.44,39,21,18
8742,2180999,97.6171428571429,95.83,100,42,24,18
8743,2181183,97.5609756097561,96,100,41,25,16
8744,2181387,100,100,100,41,24,17
8745,2181669,97.0558823529412,95.45,100,34,22,12
8746,2181798,94.2854285714286,95.65,91.67,35,23,12
8747,2182062,91.8889189189189,95.65,85.71,37,23,14
8748,2182129,96.7741935483871,95,100,31,20,11
8749,2182522,96.2944444444444,93.33,100,27,15,12
8750,2183416,96.6666666666667,100,90,30,20,10
8751,2184027,92.8585714285714,93.75,91.67,28,16,12
8752,2184221,100,100,100,28,19,9
8753,2184448,90.62875,94.74,84.62,32,19,13
8754,2184478,96.7761290322581,94.74,100,31,19,12
8755,2184732,100,100,100,30,17,13
8756,2185005,100,100,100,34,16,18
8757,2185375,96.7754838709677,92.86,100,31,14,17
8758,2185566,100,100,100,27,11,16
8759,2186145,100,100,100,21,10,11
8760,2186205,100,100,100,21,11,10
8761,2186308,100,100,100,16,7,9
8762,2186873,95,100,87.5,20,12,8
8763,2186940,88.2364705882353,100,77.78,17,8,9
8764,2187236,100,100,100,12,4,8
8765,2188673,87.500625,100,71.43,16,9,7
8766,2189108,100,100,100,17,9,8
8767,2189162,100,100,100,18,12,6
8768,2189552,100,100,100,22,14,8
8769,2189990,100,100,100,23,12,11
8770,2192696,93.75,90,100,16,10,6
8771,2192911,95.2385714285714,88.89,100,21,9,12
8772,2193203,100,100,100,25,11,14
8773,2193405,100,100,100,30,15,15
8774,2193524,100,100,100,29,12,17
8775,2194474,96.9709090909091,100,95.24,33,12,21
8776,2194688,100,100,100,23,5,18
8777,2194757,100,100,100,21,11,10
8778,2194813,100,100,100,34,13,21
8779,2194880,100,100,100,31,12,19
8780,2195414,96.664,100,94.44,30,12,18
8781,2195648,96.6666666666667,90,100,30,10,20
8782,2195993,100,100,100,20,8,12
8783,2196110,96.6676666666667,92.31,100,30,13,17
8784,2196164,95.24,91.67,100,21,12,9
8785,2197029,95,90,100,20,10,10
8786,2197038,100,100,100,20,9,11
8787,2197141,100,100,100,12,2,10
8788,2197146,91.6666666666667,75,100,12,4,8
8789,2197750,100,100,100,31,17,14
8790,2197978,96.4296428571429,92.31,100,28,13,15
8791,2198205,100,100,100,28,14,14
8792,2198779,100,100,100,49,19,30
8793,2199004,100,100,100,41,19,22
8794,2199316,97.5585365853659,100,96.15,41,15,26
8795,2199332,100,100,100,42,20,22
8796,2199749,100,100,100,48,24,24
8797,2200024,95.6539130434783,100,91.67,46,22,24
8798,2200036,100,100,100,36,15,21
8799,2200522,97.8695744680851,100,96.77,47,16,31
8800,2200691,97.9166666666667,95,100,48,20,28
8801,2200769,87.8056097560976,82.35,91.67,41,17,24
8802,2200888,96.0016,90.48,100,50,21,29
8803,2201042,94.2313461538461,100,90.91,52,19,33
8804,2201881,97.91875,100,96.3,48,21,27
8805,2202263,100,100,100,42,16,26
8806,2202701,100,100,100,47,27,20
8807,2202797,97.6753488372093,100,92.86,43,29,14
8808,2202811,96.0811764705882,96.67,95.24,51,30,21
8809,2203043,97.2972972972973,100,93.75,37,21,16
8810,2203124,94.5943243243243,95.65,92.86,37,23,14
8811,2203175,100,100,100,38,23,15
8812,2203975,94.1158823529412,95.45,91.67,34,22,12
8813,2204030,96.7754838709677,100,91.67,31,19,12
8814,2204053,89.2857142857143,95,75,28,20,8
8815,2204135,92.8542857142857,94.44,90,28,18,10
8816,2204318,100,100,100,34,25,9
8817,2204495,58.8276470588235,66.67,54.55,17,6,11
8818,2204945,97.4358974358974,100,93.75,39,23,16
8819,2205212,100,100,100,44,21,23
8820,2205401,100,100,100,48,24,24
8821,2205587,100,100,100,48,26,22
8822,2206110,98.0759615384616,100,95.65,52,29,23
8823,2206734,100,100,100,58,34,24
8824,2206943,98.306779661017,96.67,100,59,30,29
8825,2207346,97.8702127659574,96.15,100,47,26,21
8826,2207445,97.2945945945946,95.45,100,74,44,30
8827,2207541,100,100,100,60,41,19
8828,2207983,98.3877419354839,96.43,100,62,28,34
8829,2208112,100,100,100,65,30,35
8830,2208183,98.4624615384615,97.37,100,65,38,27
8831,2208457,100,100,100,61,33,28
8832,2208631,91.3041304347826,76.47,100,46,17,29
8833,2208641,91.0725,90,92.31,56,30,26
8834,2208660,96.55,91.3,100,58,23,35
8835,2208745,100,100,100,47,29,18
8836,2208766,93.5493548387097,87.5,97.37,62,24,38
8837,2209217,96.1553846153846,92.86,100,52,28,24
8838,2209413,98.3585245901639,100,96.77,61,30,31
8839,2209731,100,100,100,49,27,22
8840,2210103,100,100,100,55,28,27
8841,2210181,97.9575510204082,95.83,100,49,24,25
8842,2211786,100,100,100,28,25,3
8843,2211813,100,100,100,41,15,26
8844,2212087,95.7425531914893,91.3,100,47,23,24
8845,2212844,96.5543103448276,94.29,100,58,35,23
8846,2213134,96.43,94.12,100,56,34,22
8847,2213461,98.3858064516129,97.22,100,62,36,26
8848,2213530,98.2433333333333,96.77,100,57,31,26
8849,2213581,98.3896774193548,96.88,100,62,32,30
8850,2213889,100,100,100,49,27,22
8851,2214163,97.5609756097561,95,100,41,20,21
8852,2214175,100,100,100,45,22,23
8853,2214259,100,100,100,47,23,24
8854,2214310,100,100,100,48,26,22
8855,2214742,98.2433333333333,96.77,100,57,31,26
8856,2215013,100,100,100,51,31,20
8857,2215022,100,100,100,47,26,21
8858,2215034,100,100,100,49,33,16
8859,2215113,100,100,100,57,33,24
8860,2215175,100,100,100,37,20,17
8861,2215286,98.2125,100,96.15,56,30,26
8862,2215304,100,100,100,58,32,26
8863,2215803,100,100,100,56,34,22
8864,2215836,100,100,100,58,37,21
8865,2215914,100,100,100,57,29,28
8866,2216112,100,100,100,59,33,26
8867,2216148,100,100,100,57,30,27
8868,2216163,100,100,100,58,31,27
8869,2216280,100,100,100,63,35,28
8870,2216459,100,100,100,70,40,30
8871,2216499,98.6688,100,96.88,75,43,32
8872,2216781,100,100,100,75,43,32
8873,2216952,97.4337179487179,100,94.59,78,41,37
8874,2217072,100,100,100,72,36,36
8875,2217235,98.7809756097561,97.62,100,82,42,40
8876,2217351,97.2630136986301,97.44,97.06,73,39,34
8877,2217482,98.5089552238806,100,96.3,67,40,27
8878,2217716,100,100,100,86,45,41
8879,2218081,98.5915492957746,100,97.5,71,31,40
8880,2218412,100,100,100,61,31,30
8881,2218777,98.4616923076923,100,96.97,65,32,33
8882,2218874,100,100,100,49,27,22
8883,2218915,100,100,100,68,28,40
8884,2219816,95.743829787234,83.33,100,47,12,35
8885,2220173,100,100,100,43,21,22
8886,2220307,100,100,100,62,29,33
8887,2220538,100,100,100,40,21,19
8888,2220679,98.1794545454545,100,96.77,55,24,31
8889,2221129,100,100,100,50,27,23
8890,2221393,97.9166666666667,95,100,48,20,28
8891,2221498,100,100,100,50,28,22
8892,2221708,100,100,100,53,34,19
8893,2221775,100,100,100,50,31,19
8894,2221787,97.504,96.88,100,40,32,8
8895,2222267,100,100,100,50,29,21
8896,2222436,100,100,100,55,31,24
8897,2222462,98.1122641509434,96.55,100,53,29,24
8898,2222613,100,100,100,48,28,20
8899,2222765,97.2238888888889,100,94.74,36,17,19
8900,2222788,100,100,100,58,30,28
8901,2222810,98.275,100,96.55,58,29,29
8902,2222921,97.50025,88.89,100,40,9,31
8903,2222927,100,100,100,47,32,15
8904,2223613,96.3647272727273,100,92.31,55,29,26
8905,2223830,95.998,100,93.1,50,21,29
8906,2223856,97.9581632653061,100,95.65,49,26,23
8907,2224299,97.8702127659574,96.15,100,47,26,21
8908,2224691,95.9988,95.45,96.43,50,22,28
8909,2224710,93.1804545454546,83.33,100,44,18,26
8910,2224730,100,100,100,46,22,24
8911,2224970,100,100,100,48,19,29
8912,2225596,100,100,100,41,15,26
8913,2225805,97.7791111111111,94.74,100,45,19,26
8914,2225849,100,100,100,50,23,27
8915,2226366,100,100,100,52,28,24
8916,2226714,100,100,100,33,9,24
8917,2227091,98.2463157894737,96.43,100,57,28,29
8918,2227104,100,100,100,51,23,28
8919,2227230,95.4545454545455,90,100,44,20,24
8920,2227737,96.0016,91.67,100,50,24,26
8921,2228103,92.498,88.89,95.45,40,18,22
8922,2228370,97.4358974358974,100,95,39,19,20
8923,2228443,96.87625,91.67,100,32,12,20
8924,2229742,100,100,100,22,7,15
8925,2230041,100,100,100,24,9,15
8926,2230107,96,100,93.75,25,9,16
8927,2230272,100,100,100,22,7,15
8928,2230305,100,100,100,26,9,17
8929,2230563,91.304347826087,75,100,23,8,15
8930,2230756,100,100,100,28,13,15
8931,2231010,96.2977777777778,91.67,100,27,12,15
8932,2231139,96.7754838709677,94.12,100,31,17,14
8933,2231209,95.998,100,93.33,25,10,15
8934,2231268,100,100,100,33,17,16
8935,2231289,100,100,100,32,16,16
8936,2231670,96.55,100,93.33,29,14,15
8937,2231779,85.7125,73.33,100,28,15,13
8938,2232165,96.7754838709677,100,92.86,31,17,14
8939,2232274,100,100,100,32,17,15
8940,2232349,100,100,100,28,10,18
8941,2232385,100,100,100,29,14,15
8942,2232864,83.335,91.67,75,24,12,12
8943,2232914,100,100,100,23,12,11
8944,2232948,100,100,100,21,11,10
8945,2232999,100,100,100,18,9,9
8946,2234028,96,93.75,100,25,16,9
8947,2234160,100,100,100,27,10,17
8948,2234573,97.2238888888889,94.74,100,36,19,17
8949,2234954,100,100,100,36,16,20
8950,2235278,100,100,100,39,17,22
8951,2235409,97.1445714285714,100,94.74,35,16,19
8952,2235449,100,100,100,37,19,18
8953,2235577,97.1428571428571,100,95,35,15,20
8954,2235586,97.144,100,94.12,35,18,17
8955,2235655,100,100,100,33,14,19
8956,2235893,97.2233333333333,94.12,100,36,17,19
8957,2235919,100,100,100,37,18,19
8958,2235973,96.5531034482759,94.12,100,29,17,12
8959,2236181,100,100,100,34,14,20
8960,2236696,77.7759259259259,70,82.35,27,10,17
8961,2237053,100,100,100,45,18,27
8962,2237326,100,100,100,39,15,24
8963,2237389,100,100,100,28,17,11
8964,2237398,100,100,100,40,16,24
8965,2237547,94.5945945945946,100,90,37,17,20
8966,2238310,100,100,100,32,15,17
8967,2238418,100,100,100,28,13,15
8968,2238435,96.9681818181818,93.33,100,33,15,18
8969,2238568,100,100,100,28,13,15
8970,2238607,85.7166666666667,71.43,92.86,21,7,14
8971,2238817,96.5537931034483,100,94.74,29,10,19
8972,2238864,93.1044827586207,93.75,92.31,29,16,13
8973,2238924,93.1062068965517,94.12,91.67,29,17,12
8974,2239060,94.735,100,89.47,38,19,19
8975,2239479,100,100,100,38,19,19
8976,2239878,100,100,100,36,15,21
8977,2240125,100,100,100,12,5,7
8978,2240130,95.2380952380952,100,80,21,16,5
8979,2240656,96.155,100,92.31,26,13,13
8980,2240733,100,100,100,40,16,24
8981,2241423,96.876875,100,94.74,32,13,19
8982,2241664,100,100,100,44,18,26
8983,2241800,92.3107692307692,100,91.67,26,2,24
8984,2241806,83.8690322580645,95.45,55.56,31,22,9
8985,2242066,97.2233333333333,100,92.86,36,22,14
8986,2242420,98.1825454545454,100,96.43,55,27,28
8987,2242717,100,100,100,40,21,19
8988,2242806,93.4769565217391,94.12,93.1,46,17,29
8989,2242915,97.7755555555555,100,96.15,45,19,26
8990,2243126,97.6166666666667,100,96.15,42,16,26
8991,2243255,96.2974074074074,95.45,96.88,54,22,32
8992,2244025,91.8897297297297,96.15,81.82,37,26,11
8993,2244546,97.49875,93.33,100,40,15,25
8994,2244562,100,100,100,40,14,26
8995,2244577,100,100,100,52,25,27
8996,2244673,97.9571428571429,96.15,100,49,26,23
8997,2244709,100,100,100,52,29,23
8998,2244850,98.1139622641509,96.43,100,53,28,25
8999,2245069,100,100,100,45,23,22
9000,2245130,97.8723404255319,96,100,47,25,22
9001,2245318,96.0016,91.67,100,50,24,26
9002,2245432,100,100,100,43,17,26
9003,2245612,100,100,100,38,22,16
9004,2245655,95.2357142857143,95,95.45,42,20,22
9005,2245987,90.621875,80,95.45,32,10,22
9006,2246233,100,100,100,34,11,23
9007,2246396,95.6526086956522,100,90.91,23,12,11
9008,2246407,100,100,100,31,15,16
9009,2246880,97.0605882352941,94.74,100,34,19,15
9010,2247268,96.6676666666667,100,92.31,30,17,13
9011,2247306,96.5531034482759,92.86,100,29,14,15
9012,2247729,100,100,100,38,21,17
9013,2247763,100,100,100,38,21,17
9014,2247834,100,100,100,28,17,11
9015,2247862,97.1428571428571,95,100,35,20,15
9016,2247910,100,100,100,41,23,18
9017,2248048,95.65,96.15,95,46,26,20
9018,2248138,100,100,100,42,26,16
9019,2248628,100,100,100,44,22,22
9020,2248758,100,100,100,44,24,20
9021,2248887,100,100,100,40,19,21
9022,2249053,100,100,100,39,17,22
9023,2249466,96.8734375,100,93.33,32,17,15
9024,2249564,96.5520689655173,88.89,100,29,9,20
9025,2250029,96.5537931034483,94.74,100,29,19,10
9026,2250125,94.2874285714286,94.74,93.75,35,19,16
9027,2251578,97.2945945945946,95.45,100,37,22,15
9028,2251614,95.1219512195122,90,100,41,20,21
9029,2251653,93.3313333333333,100,85.71,45,24,21
9030,2251721,93.75,91.67,95.83,48,24,24
9031,2252172,96.2239622641509,95.83,96.55,53,24,29
9032,2252453,93.4791304347826,95.24,92,46,21,25
9033,2253505,92,80,95,25,5,20
9034,2253517,100,100,100,18,8,10
9035,2253648,92.0032,100,88.24,25,8,17
9036,2253724,92.0004,88.89,93.75,25,9,16
9037,2254066,100,100,100,22,9,13
9038,2254617,96.43,92.86,100,28,14,14
9039,2254768,100,100,100,31,13,18
9040,2255154,94.445,88.89,100,18,9,9
9041,2255338,92.31,92.31,92.31,26,13,13
9042,2255535,100,100,100,23,13,10
9043,2255812,95.0005,100,88.89,20,11,9
9044,2256413,100,100,100,27,16,11
9045,2256509,100,100,100,32,20,12
9046,2256707,100,100,100,28,16,12
9047,2256838,97.14,95.45,100,35,22,13
9048,2256857,96.2977777777778,92.86,100,27,14,13
9049,2256866,93.5461290322581,89.47,100,31,19,12
9050,2257609,100,100,100,12,8,4
9051,2257613,100,100,100,9,3,6
9052,2257658,100,100,100,27,17,10
9053,2258174,91.6683333333333,90,92.86,24,10,14
9054,2258566,95.2385714285714,100,90.91,21,10,11
9055,2258755,100,100,100,20,11,9
9056,2258805,100,100,100,17,8,9
9057,2259843,100,100,100,15,8,7
9058,2259956,100,100,100,19,12,7
9059,2260221,96.43,92.86,100,28,14,14
9060,2260308,96.8734375,100,93.33,32,17,15
9061,2260317,100,100,100,29,12,17
9062,2260359,100,100,100,22,3,19
9063,2260365,96.1538461538462,100,90,26,16,10
9064,2260526,100,100,100,33,17,16
9065,2260898,100,100,100,39,20,19
9066,2260931,97.144,94.12,100,35,17,18
9067,2261481,100,100,100,39,22,17
9068,2261650,100,100,100,35,14,21
9069,2262770,100,100,100,27,17,10
9070,2263007,100,100,100,44,25,19
9071,2263289,97.3694736842105,100,94.12,38,21,17
9072,2263577,94.8705128205128,95.65,93.75,39,23,16
9073,2263853,97.3657894736842,95.45,100,38,22,16
9074,2264101,87.0993548387097,88.89,84.62,31,18,13
9075,2264484,100,100,100,35,22,13
9076,2264857,97.501,100,94.12,40,23,17
9077,2264922,100,100,100,37,19,18
9078,2264933,100,100,100,39,20,19
9079,2264958,91.8940540540541,90.48,93.75,37,21,16
9080,2265065,92.8571428571429,100,80,28,18,10
9081,2265742,96.6676666666667,100,92.31,30,17,13
9082,2265850,95.83125,93.33,100,24,15,9
9083,2266140,92.0008,100,81.82,25,14,11
9084,2266300,96.0004,100,90.91,25,14,11
9085,2266378,100,100,100,28,15,13
9086,2266413,95.83375,100,90.91,24,13,11
9087,2266441,100,100,100,25,14,11
9088,2266696,96.5531034482759,100,91.67,29,17,12
9089,2266987,100,100,100,31,16,15
9090,2267203,96.667,100,90.91,30,19,11
9091,2267512,100,100,100,39,26,13
9092,2267608,100,100,100,36,24,12
9093,2267908,95.4563636363636,91.67,100,22,12,10
9094,2268003,96.1538461538462,100,87.5,26,18,8
9095,2268129,96.2962962962963,100,87.5,27,19,8
9096,2268136,96.9727272727273,96.3,100,33,27,6
9097,2268172,96.665,95.65,100,30,23,7
9098,2268199,100,100,100,38,30,8
9099,2268352,93.9393939393939,92,100,33,25,8
9100,2269299,96,93.75,100,25,16,9
9101,2269466,96.875,95,100,32,20,12
9102,2269503,96.7761290322581,94.74,100,31,19,12
9103,2270193,96.2977777777778,100,92.86,27,13,14
9104,2270658,72.7245454545454,50,85.71,11,4,7
9105,2271125,100,100,100,18,15,3
9106,2272076,100,100,100,41,22,19
9107,2272950,100,100,100,33,21,12
9108,2273325,97.2233333333333,95.24,100,36,21,15
9109,2273496,100,100,100,43,24,19
9110,2273559,100,100,100,40,20,20
9111,2273930,97.06,100,91.67,34,22,12
9112,2273994,97.501,100,94.12,40,23,17
9113,2274215,100,100,100,42,18,24
9114,2274423,95.2383333333333,94.74,95.65,42,19,23
9115,2274434,97.6190476190476,95,100,42,20,22
9116,2274443,94.5956756756757,95.24,93.75,37,21,16
9117,2274473,100,100,100,46,21,25
9118,2275245,100,100,100,37,12,25
9119,2275696,98.1462962962963,100,96.15,54,28,26
9120,2275790,93.6191489361702,90,96.3,47,20,27
9121,2276006,100,100,100,48,21,27
9122,2276203,87.49875,90,83.33,32,20,12
9123,2276245,95.5522222222222,95.45,95.65,45,22,23
9124,2276279,100,100,100,42,21,21
9125,2276547,97.6171428571429,100,95.83,42,18,24
9126,2276579,96.876875,100,94.74,32,13,19
9127,2276715,97.8723404255319,100,96,47,22,25
9128,2277090,93.75125,91.67,95,32,12,20
9129,2277189,96.2966666666667,100,90.91,27,16,11
9130,2277408,100,100,100,29,15,14
9131,2277543,100,100,100,26,13,13
9132,2277638,96.1553846153846,94.12,100,26,17,9
9133,2278319,94.7373684210526,100,88.89,19,10,9
9134,2278423,90.002,87.5,91.67,20,8,12
9135,2278569,81.24875,83.33,80,16,6,10
9136,2279255,94.7368421052632,100,90,19,9,10
9137,2279464,100,100,100,30,19,11
9138,2280007,97.2222222222222,95,100,36,20,16
9139,2280247,97.2222222222222,95,100,36,20,16
9140,2280588,93.1062068965517,91.67,94.12,29,12,17
9141,2281112,97.2233333333333,100,95.24,36,15,21
9142,2281308,100,100,100,36,14,22
9143,2281590,100,100,100,38,16,22
9144,2281716,97.7272727272727,95,100,44,20,24
9145,2282001,100,100,100,38,11,27
9146,2282243,100,100,100,43,18,25
9147,2282462,100,100,100,39,12,27
9148,2282644,97.559756097561,93.33,100,41,15,26
9149,2283024,97.62,94.12,100,42,17,25
9150,2283229,97.3663157894737,94.44,100,38,18,20
9151,2284589,97.2238888888889,94.74,100,36,19,17
9152,2284682,97.498,94.44,100,40,18,22
9153,2284970,96.87625,94.12,100,32,17,15
9154,2285513,100,100,100,32,19,13
9155,2285654,100,100,100,30,19,11
9156,2285844,100,100,100,28,18,10
9157,2285853,100,100,100,30,17,13
9158,2287005,91.305652173913,92.31,90,23,13,10
9159,2287039,93.3333333333333,90,100,30,20,10
9160,2287527,96.5489655172414,94.44,100,29,18,11
9161,2288012,100,100,100,18,9,9
9162,2288022,84.998,83.33,87.5,20,12,8
9163,2288484,91.6641666666666,85.71,100,24,14,10
9164,2289073,100,100,100,26,12,14
9165,2289324,95.8345833333333,100,92.31,24,11,13
9166,2289563,90.9063636363636,85.71,100,22,14,8
9167,2290083,95.6526086956522,90.91,100,23,11,12
9168,2290540,90.321935483871,94.12,85.71,31,17,14
9169,2290585,96.1553846153846,91.67,100,26,12,14
9170,2290636,100,100,100,25,13,12
9171,2290665,92.8557142857143,100,83.33,28,16,12
9172,2290675,88.4638461538461,86.67,90.91,26,15,11
9173,2290945,96.668,91.67,100,30,12,18
9174,2291234,78.2604347826087,83.33,72.73,23,12,11
9175,2291238,74.0711111111111,73.68,75,27,19,8
9176,2291598,100,100,100,41,24,17
9177,2291655,100,100,100,49,28,21
9178,2291820,96.0782352941176,96.43,95.65,51,28,23
9179,2291832,97.78,96.3,100,45,27,18
9180,2292129,95.83375,96.67,94.44,48,30,18
9181,2292376,95.650652173913,100,89.47,46,27,19
9182,2292450,91.8391836734694,84.62,100,49,26,23
9183,2292479,95.4529545454545,92.59,100,44,27,17
9184,2292554,97.9571428571429,100,95.45,49,27,22
9185,2292641,95.65,96.15,95,46,26,20
9186,2292869,100,100,100,45,28,17
9187,2293015,98.1466666666667,100,95.83,54,30,24
9188,2293640,98.2760344827586,96.97,100,58,33,25
9189,2293654,100,100,100,53,24,29
9190,2293981,98.3333333333333,100,96,60,35,25
9191,2294176,97.2222222222222,97.3,97.14,72,37,35
9192,2294255,98.5059701492537,100,97.14,67,32,35
9193,2294393,98.3862903225806,100,96.55,62,33,29
9194,2294404,98.3622950819672,97.3,100,61,37,24
9195,2294425,96.2292452830189,100,94.29,53,18,35
9196,2295078,93.3355,96.3,90.91,60,27,33
9197,2295159,98.04,100,95.24,51,30,21
9198,2295276,97.1005797101449,97.06,97.14,69,34,35
9199,2295736,98.3622950819672,100,96.3,61,34,27
9200,2295762,92.3034615384615,85.71,96.77,52,21,31
9201,2296127,96.43,100,90.48,56,35,21
9202,2296208,98.4621538461538,100,97.06,65,31,34
9203,2296292,96.4910526315789,96.43,96.55,57,28,29
9204,2297150,97.1002898550725,100,95.12,69,28,41
9205,2297193,98.5929577464789,100,97.78,71,26,45
9206,2297385,96.0004,88.89,100,50,18,32
9207,2298165,95.7172857142857,93.55,97.44,70,31,39
9208,2298519,98.5507246376812,97.5,100,69,40,29
9209,2298557,100,100,100,73,37,36
9210,2298913,96.9704545454545,97.3,96.55,66,37,29
9211,2299015,95.8924657534247,95.35,96.67,73,43,30
9212,2299100,96.6071186440678,97.14,95.83,59,35,24
9213,2299134,97.8239130434783,100,96.15,46,20,26
9214,2299181,96.6079661016949,97.22,95.65,59,36,23
9215,2299378,98.2438596491228,100,96.15,57,31,26
9216,2299433,96.3661818181818,96.43,96.3,55,28,27
9217,2299893,100,100,100,57,26,31
9218,2299910,98.2775862068966,100,96.3,58,31,27
9219,2300324,98.3622950819672,100,96.3,61,34,27
9220,2300433,98.0372549019608,100,95.45,51,29,22
9221,2300483,97.999,95.65,100,50,23,27
9222,2300667,100,100,100,56,32,24
9223,2300825,100,100,100,57,34,23
9224,2300918,100,100,100,64,38,26
9225,2301020,96.6079661016949,97.22,95.65,59,36,23
9226,2301080,100,100,100,59,35,24
9227,2301189,98.4833333333333,100,96.15,66,40,26
9228,2301227,98.2142857142857,100,96,56,31,25
9229,2301254,98.08,96.88,100,52,32,20
9230,2301671,97.9175,97.06,100,48,34,14
9231,2301954,97.825,100,93.33,46,31,15
9232,2302089,95.9163265306122,100,91.3,49,26,23
9233,2302326,96.2220754716981,96.77,95.45,53,31,22
9234,2302391,96.3661818181818,96.43,96.3,55,28,27
9235,2302844,100,100,100,39,29,10
9236,2303106,96.8753125,90.91,100,32,11,21
9237,2303618,90.4790476190476,100,84.62,21,8,13
9238,2303641,95.83375,90.91,100,24,11,13
9239,2304307,97.06,100,95.24,34,13,21
9240,2305286,97.6744186046512,100,96,43,18,25
9241,2305327,94.4433333333333,91.67,95.83,36,12,24
9242,2305567,97.5015,94.74,100,40,19,21
9243,2305612,100,100,100,29,16,13
9244,2305678,90,80,100,30,15,15
9245,2306005,100,100,100,32,18,14
9246,2306123,100,100,100,35,16,19
9247,2306185,100,100,100,34,19,15
9248,2306222,100,100,100,30,15,15
9249,2306233,100,100,100,34,20,14
9250,2307086,97.3684210526316,95,100,38,20,18
9251,2307173,100,100,100,21,6,15
9252,2307179,100,100,100,38,25,13
9253,2307386,94.5905405405405,95.45,93.33,37,22,15
9254,2308140,100,100,100,46,24,22
9255,2308221,97.62,94.12,100,42,17,25
9256,2308414,96.9709090909091,91.67,100,33,12,21
9257,2308853,96.0794117647059,93.55,100,51,31,20
9258,2308928,100,100,100,53,25,28
9259,2309096,97.8239130434783,95.45,100,46,22,24
9260,2309241,100,100,100,48,24,24
9261,2309333,98.0372549019608,95.45,100,51,22,29
9262,2309657,98.2463157894737,96.43,100,57,28,29
9263,2309689,100,100,100,46,28,18
9264,2310376,94.12,90.48,100,34,21,13
9265,2310555,97.6190476190476,95,100,42,20,22
9266,2310713,95.7446808510638,92,100,47,25,22
9267,2310956,100,100,100,45,19,26
9268,2310989,95.3483720930232,94.74,95.83,43,19,24
9269,2311089,100,100,100,42,19,23
9270,2311316,97.8702127659574,95.45,100,47,22,25
9271,2311472,97.37,94.74,100,38,19,19
9272,2312097,100,100,100,28,15,13
9273,2312508,100,100,100,18,10,8
9274,2312651,100,100,100,23,10,13
9275,2313566,100,100,100,21,6,15
9276,2313707,95.4522727272727,100,93.33,22,7,15
9277,2313959,100,100,100,16,7,9
9278,2313981,100,100,100,23,10,13
9279,2314182,100,100,100,27,11,16
9280,2314202,100,100,100,24,9,15
9281,2314602,100,100,100,33,15,18
9282,2314644,100,100,100,35,19,16
9283,2314721,97.5619512195122,100,95.24,41,20,21
9284,2314742,100,100,100,36,18,18
9285,2314797,96.9709090909091,100,95.24,33,12,21
9286,2314803,96.6666666666667,100,87.5,30,22,8
9287,2314877,97.2951351351351,100,94.44,37,19,18
9288,2315184,93.7496875,94.12,93.33,32,17,15
9289,2315271,94.5940540540541,94.74,94.44,37,19,18
9290,2315388,97.5,100,95,40,20,20
9291,2315430,100,100,100,37,18,19
9292,2316300,97.7261363636364,100,95.65,44,21,23
9293,2316343,95.2357142857143,95.45,95,42,22,20
9294,2316423,93.8759183673469,95.83,92,49,24,25
9295,2316475,97.9591836734694,100,96,49,24,25
9296,2316492,100,100,100,42,21,21
9297,2316520,97.3671052631579,93.33,100,38,15,23
9298,2316687,95.002,91.67,100,40,24,16
9299,2317341,90,75,100,30,12,18
9300,2317351,94.5927027027027,89.47,100,37,19,18
9301,2317381,94.5927027027027,89.47,100,37,19,18
9302,2317456,100,100,100,36,18,18
9303,2317475,100,100,100,32,20,12
9304,2317634,100,100,100,40,25,15
9305,2317883,98.08,96.88,100,52,32,20
9306,2317963,100,100,100,47,27,20
9307,2318264,97.5585365853659,95.45,100,41,22,19
9308,2318362,97.2983783783784,95.24,100,37,21,16
9309,2318398,92.1026315789474,95.45,87.5,38,22,16
9310,2318930,97.6204761904762,100,94.74,42,23,19
9311,2319076,95.24,100,88.24,42,25,17
9312,2319290,94.2837142857143,92.31,95.45,35,13,22
9313,2319454,94.7342105263158,95.65,93.33,38,23,15
9314,2319706,97.7272727272727,100,95,44,24,20
9315,2320091,95.3474418604651,95.45,95.24,43,22,21
9316,2320233,89.7461538461539,90.48,88.89,39,21,18
9317,2320242,94.12,90.48,100,34,21,13
9318,2320434,94.7342105263158,95.45,93.75,38,22,16
9319,2320836,93.5509677419355,100,88.24,31,14,17
9320,2321045,96.7751612903226,100,92.31,31,18,13
9321,2321279,96.7716129032258,94.44,100,31,18,13
9322,2321529,97.0564705882353,100,94.44,34,16,18
9323,2321567,96.2962962962963,100,90,27,17,10
9324,2321676,100,100,100,31,14,17
9325,2321696,97.0605882352941,100,94.74,34,15,19
9326,2321703,97.1445714285714,100,94.74,35,16,19
9327,2321840,96.6666666666667,100,93.75,30,14,16
9328,2322188,97.2233333333333,100,95.24,36,15,21
9329,2322250,93.1836363636364,95,91.67,44,20,24
9330,2322767,95.2357142857143,95.45,95,42,22,20
9331,2322818,94.7342105263158,95.65,93.33,38,23,15
9332,2322902,97.6190476190476,95,100,42,20,22
9333,2323003,100,100,100,42,22,20
9334,2323019,97.559756097561,95.65,100,41,23,18
9335,2323235,88.8888888888889,87.5,90,36,16,20
9336,2324181,97.9591836734694,96,100,49,25,24
9337,2324290,100,100,100,51,25,26
9338,2324488,98.04,95.24,100,51,21,30
9339,2324514,100,100,100,53,23,30
9340,2324731,100,100,100,54,24,30
9341,2324811,97.50075,92.31,100,40,13,27
9342,2324819,97.96,100,95.24,49,28,21
9343,2324855,96.1530769230769,95.83,96.43,52,24,28
9344,2324885,92.9794736842105,85.71,97.22,57,21,36
9345,2325223,96.1521153846154,96.77,95.24,52,31,21
9346,2325281,97.8725531914894,88.89,100,47,9,38
9347,2325402,96.2264150943396,87.5,100,53,16,37
9348,2325500,100,100,100,68,30,38
9349,2325701,98.2775862068966,100,96.3,58,31,27
9350,2325897,92.9833333333333,84.21,97.37,57,19,38
9351,2325920,100,100,100,57,29,28
9352,2327043,96.6685,96.3,96.97,60,27,33
9353,2327450,100,100,100,61,33,28
9354,2327464,100,100,100,66,34,32
9355,2327944,94.030447761194,88.89,100,67,36,31
9356,2327964,100,100,100,62,34,28
9357,2328001,98.6674666666667,97.37,100,75,38,37
9358,2328256,98.46,97.14,100,65,35,30
9359,2328304,98.5929577464789,97.3,100,71,37,34
9360,2328508,96.9204615384615,94.59,100,65,37,28
9361,2328598,95.7750704225352,90.91,100,71,33,38
9362,2328616,98.6116666666667,97.06,100,72,34,38
9363,2328802,100,100,100,60,28,32
9364,2328832,98.3613114754098,97.06,100,61,34,27
9365,2329696,100,100,100,46,38,8
9366,2330735,96.2275471698113,100,92.31,53,27,26
9367,2330963,100,100,100,45,24,21
9368,2331136,100,100,100,50,25,25
9369,2331170,100,100,100,53,27,26
9370,2331995,100,100,100,49,19,30
9371,2332145,94.1182352941177,83.33,96.43,34,6,28
9372,2332318,97.7261363636364,95.65,100,44,23,21
9373,2332736,96.4910526315789,96.43,96.55,57,28,29
9374,2333290,100,100,100,57,28,29
9375,2333309,98.2741379310345,96.15,100,58,26,32
9376,2333329,98.3042372881356,96.55,100,59,29,30
9377,2333353,95.7451063829787,88.89,100,47,18,29
9378,2333543,95.5546666666667,95.83,95.24,45,24,21
9379,2334534,92.6848780487805,90.48,95,41,21,20
9380,2335334,95.3472093023256,100,92.59,43,16,27
9381,2335959,95.2383333333333,94.74,95.65,42,19,23
9382,2335985,97.7755555555555,95.45,100,45,22,23
9383,2336202,97.6190476190476,100,96,42,17,25
9384,2336267,94.4416666666667,90,96.15,36,10,26
9385,2336306,97.8736170212766,94.74,100,47,19,28
9386,2336354,95.5544444444444,93.75,96.55,45,16,29
9387,2336426,90.002,95,86.67,50,20,30
9388,2336483,97.9581632653061,100,96.55,49,20,29
9389,2336880,95.6530434782609,95.24,96,46,21,25
9390,2336953,95.9992,92.86,97.22,50,14,36
9391,2337028,97.9179166666667,94.74,100,48,19,29
9392,2337037,96.08,90.48,100,51,21,30
9393,2337214,98.3061016949153,100,97.37,59,21,38
9394,2337373,96.227358490566,95.65,96.67,53,23,30
9395,2337400,95.6530434782609,95.24,96,46,21,25
9396,2337520,97.725,100,95.45,44,22,22
9397,2337565,97.8731914893617,100,96.43,47,19,28
9398,2337820,92.6848780487805,86.96,100,41,23,18
9399,2337825,97.06,94.12,100,34,17,17
9400,2337916,96.0764705882353,96,96.15,51,25,26
9401,2337933,96.0796078431372,92.31,100,51,26,25
9402,2337967,94.8717948717949,92,100,39,25,14
9403,2337972,100,100,100,34,21,13
9404,2338041,100,100,100,39,14,25
9405,2338231,100,100,100,55,29,26
9406,2338243,100,100,100,49,26,23
9407,2338296,100,100,100,54,27,27
9408,2338390,100,100,100,53,27,26
9409,2338600,98.0769230769231,100,96,52,27,25
9410,2339010,98.075,100,95.45,52,30,22
9411,2339155,100,100,100,48,23,25
9412,2339615,96.7208196721311,96.77,96.67,61,31,30
9413,2339652,100,100,100,63,32,31
9414,2339976,100,100,100,53,30,23
9415,2340171,95.5573333333333,100,88.24,45,28,17
9416,2340221,98.3877419354839,97.06,100,62,34,28
9417,2340612,97.4369230769231,100,95.24,39,18,21
9418,2340630,97.9145833333333,100,96.15,48,22,26
9419,2340864,95.9988,95.45,96.43,50,22,28
9420,2341116,100,100,100,58,30,28
9421,2341236,100,100,100,44,20,24
9422,2341353,94.5951351351351,88.89,100,37,18,19
9423,2341359,91.8918918918919,85,100,37,20,17
9424,2341371,94.7368421052632,87.5,100,38,16,22
9425,2341377,93.1020689655172,83.33,100,29,12,17
9426,2341395,97.7254545454546,95.83,100,44,24,20
9427,2341427,100,100,100,40,20,20
9428,2341539,98.1139622641509,96.43,100,53,28,25
9429,2341653,100,100,100,57,28,29
9430,2342019,100,100,100,58,29,29
9431,2342571,98.0008,100,96.43,50,22,28
9432,2342673,95.2395238095238,100,92.31,42,16,26
9433,2342698,95.3488372093023,100,90,43,23,20
9434,2342709,100,100,100,40,19,21
9435,2342730,100,100,100,34,12,22
9436,2343006,100,100,100,41,20,21
9437,2343045,100,100,100,26,15,11
9438,2343165,100,100,100,33,19,14
9439,2344522,89.4742105263158,88.89,90,19,9,10
9440,2345072,100,100,100,25,12,13
9441,2345120,100,100,100,24,9,15
9442,2345271,100,100,100,27,8,19
9443,2345546,96.7741935483871,100,95,31,11,20
9444,2345624,100,100,100,28,14,14
9445,2345976,100,100,100,34,12,22
9446,2346144,100,100,100,28,10,18
9447,2346362,100,100,100,29,10,19
9448,2346416,100,100,100,25,9,16
9449,2346593,96.5531034482759,91.67,100,29,12,17
9450,2346602,93.3313333333333,85.71,100,30,14,16
9451,2346621,100,100,100,33,13,20
9452,2346746,100,100,100,39,15,24
9453,2346933,100,100,100,36,14,22
9454,2346941,100,100,100,35,15,20
9455,2346963,93.5516129032258,91.67,94.74,31,12,19
9456,2347095,100,100,100,32,10,22
9457,2347145,100,100,100,34,12,22
9458,2347418,100,100,100,34,14,20
9459,2347472,97.4346153846154,93.33,100,39,15,24
9460,2347504,97.0591176470588,90.91,100,34,11,23
9461,2347781,94.2845714285714,83.33,100,35,12,23
9462,2347822,100,100,100,36,13,23
9463,2347843,91.6666666666667,87.5,95,36,16,20
9464,2347867,94.595945945946,86.67,100,37,15,22
9465,2348159,96.666,83.33,100,30,6,24
9466,2348351,90.0033333333333,94.12,84.62,30,17,13
9467,2348380,92.1015789473684,85.71,95.83,38,14,24
9468,2348389,84.21,93.75,33.33,19,16,3
9469,2349216,97.2194444444444,100,95.45,36,14,22
9470,2350730,96.1553846153846,91.67,100,26,12,14
9471,2350742,93.751875,84.62,100,32,13,19
9472,2350763,97.3663157894737,94.44,100,38,18,20
9473,2350977,96.5531034482759,94.12,100,29,17,12
9474,2351272,97.5619512195122,95.24,100,41,21,20
9475,2351293,97.2951351351351,94.44,100,37,18,19
9476,2351716,100,100,100,30,18,12
9477,2352111,100,100,100,33,16,17
9478,2352160,96.9681818181818,100,93.33,33,18,15
9479,2352315,95,100,87.5,20,12,8
9480,2352319,95.6508695652174,85.71,100,23,7,16
9481,2352875,96.9715151515151,94.74,100,33,19,14
9482,2352992,100,100,100,41,20,21
9483,2353092,100,100,100,39,18,21
9484,2353277,94.4472222222222,94.74,94.12,36,19,17
9485,2353308,94.4444444444444,93.75,95,36,16,20
9486,2353339,91.3,91.3,91.3,46,23,23
9487,2353349,100,100,100,39,17,22
9488,2353356,97.4369230769231,95.24,100,39,21,18
9489,2353379,100,100,100,35,19,16
9490,2353794,96.1519230769231,91.3,100,52,23,29
9491,2353896,100,100,100,58,30,28
9492,2354393,97.5015,100,94.74,40,21,19
9493,2354521,100,100,100,46,18,28
9494,2354916,100,100,100,51,20,31
9495,2355430,100,100,100,41,14,27
9496,2355915,100,100,100,52,29,23
9497,2356196,100,100,100,49,26,23
9498,2356314,100,100,100,58,35,23
9499,2356608,98.0392156862745,100,95,51,31,20
9500,2357328,100,100,100,44,27,17
9501,2357402,100,100,100,49,29,20
9502,2357486,100,100,100,42,25,17
9503,2357937,100,100,100,37,21,16
9504,2357979,100,100,100,38,20,18
9505,2358022,88.465,84.62,92.31,26,13,13
9506,2358102,100,100,100,35,16,19
9507,2358229,100,100,100,45,21,24
9508,2358309,97.3694736842105,94.12,100,38,17,21
9509,2358559,100,100,100,34,26,8
9510,2358628,100,100,100,44,22,22
9511,2358678,100,100,100,38,17,21
9512,2359008,97.5609756097561,100,95,41,21,20
9513,2359158,93.9412121212121,100,84.62,33,20,13
9514,2359684,100,100,100,35,10,25
9515,2360408,100,100,100,44,20,24
9516,2360675,100,100,100,42,23,19
9517,2360819,100,100,100,41,18,23
9518,2360893,97.0573529411765,100,95.65,34,11,23
9519,2360989,97.4975,100,96.15,40,14,26
9520,2361004,95.4563636363636,100,91.67,44,20,24
9521,2361076,100,100,100,41,15,26
9522,2361083,96.8725,94.44,100,32,18,14
9523,2361298,100,100,100,43,14,29
9524,2361562,100,100,100,42,20,22
9525,2361969,100,100,100,38,16,22
9526,2362038,96.4285714285714,93.75,100,28,16,12
9527,2362120,100,100,100,39,14,25
9528,2362858,96.0758823529412,95,96.77,51,20,31
9529,2363055,100,100,100,47,18,29
9530,2363440,100,100,100,35,15,20
9531,2363732,100,100,100,25,13,12
9532,2364366,88.2335294117647,90,85.71,17,10,7
9533,2364627,100,100,100,21,10,11
9534,2364915,94.7368421052632,90,100,19,10,9
9535,2365315,91.66875,100,86.67,24,9,15
9536,2366012,100,100,100,22,12,10
9537,2367197,100,100,100,34,16,18
9538,2367375,100,100,100,32,14,18
9539,2367962,97.498,100,94.44,40,22,18
9540,2368715,100,100,100,43,21,22
9541,2369054,95.5546666666667,95.83,95.24,45,24,21
9542,2369450,93.33,94.44,92.59,45,18,27
9543,2369458,97.7261363636364,100,95.65,44,21,23
9544,2369999,97.7261363636364,96.55,100,44,29,15
9545,2370343,97.825,100,93.33,46,31,15
9546,2370379,95.650652173913,100,89.47,46,27,19
9547,2370393,98,100,95,50,30,20
9548,2370492,100,100,100,52,28,24
9549,2370757,100,100,100,65,36,29
9550,2370971,100,100,100,59,36,23
9551,2371311,94.0280597014925,85.71,100,67,28,39
9552,2371515,100,100,100,70,32,38
9553,2372517,98.3877419354839,100,96.43,62,34,28
9554,2372560,95.9984,100,92.68,75,34,41
9555,2372872,98.3593442622951,100,97.22,61,25,36
9556,2373447,100,100,100,50,27,23
9557,2373786,98.3057627118644,100,96.43,59,31,28
9558,2373996,98.1462962962963,100,95.45,54,32,22
9559,2374482,98.3887096774194,97.3,100,62,37,25
9560,2374999,98.438125,100,96.43,64,36,28
9561,2375084,100,100,100,65,35,30
9562,2375181,98.2160714285714,100,96.3,56,29,27
9563,2375498,100,100,100,49,17,32
9564,2375610,97.3,100,96.3,37,10,27
9565,2375615,96.5520689655173,100,90.91,29,18,11
9566,2375624,97.3684210526316,100,50,38,36,2
9567,2375829,98.0376470588235,100,95.83,51,27,24
9568,2375931,100,100,100,60,36,24
9569,2376193,100,100,100,63,39,24
9570,2376476,100,100,100,68,45,23
9571,2376605,100,100,100,68,40,28
9572,2376650,98.4155555555556,97.83,100,63,46,17
9573,2376847,98.3606557377049,100,96,61,36,25
9574,2377116,100,100,100,69,38,31
9575,2377209,100,100,100,51,22,29
9576,2377455,96.8759375,100,92.31,64,38,26
9577,2377588,100,100,100,69,41,28
9578,2377916,100,100,100,52,32,20
9579,2377934,100,100,100,61,35,26
9580,2378309,98.2457894736842,96.97,100,57,33,24
9581,2378468,96.8771875,97.06,96.67,64,34,30
9582,2378942,98.2775862068966,100,96.67,58,28,30
9583,2379591,97.776,100,95.83,45,21,24
9584,2379643,97.8282608695652,100,96.3,46,19,27
9585,2380929,100,100,100,30,19,11
9586,2380938,100,100,100,24,20,4
9587,2381331,100,100,100,31,20,11
9588,2381526,92.592962962963,93.75,90.91,27,16,11
9589,2381810,90.9109090909091,95,84.62,33,20,13
9590,2383047,95.65,93.33,100,23,15,8
9591,2383244,100,100,100,18,13,5
9592,2383353,100,100,100,15,8,7
9593,2383623,92.3084615384615,88.89,100,13,9,4
9594,2384067,100,100,100,9,6,3
9595,2384101,100,100,100,17,10,7
9596,2384736,100,100,100,14,11,3
9597,2385105,100,100,100,17,9,8
9598,2386227,95.455,88.89,100,22,9,13
9599,2386518,93.75,75,100,16,4,12
9600,2387112,100,100,100,16,8,8
9601,2387127,100,100,100,13,5,8
9602,2387244,93.3333333333333,100,90,15,5,10
9603,2387351,100,100,100,14,8,6
9604,2387490,87.5,100,50,8,6,2
9605,2387629,80.0006666666667,71.43,87.5,15,7,8
9606,2387959,100,100,100,10,5,5
9607,2388097,100,100,100,11,5,6
9608,2389372,96.0016,92.86,100,25,14,11
9609,2389402,94.1158823529412,85.71,100,17,7,10
9610,2389684,95.998,93.33,100,25,15,10
9611,2389720,82.1442857142857,77.78,90,28,18,10
9612,2390130,100,100,100,37,23,14
9613,2390394,100,100,100,38,24,14
9614,2391102,98.1809090909091,100,96.55,55,26,29
9615,2391156,100,100,100,48,20,28
9616,2391459,100,100,100,55,26,29
9617,2391480,100,100,100,49,25,24
9618,2391639,96.4294642857143,96.55,96.3,56,29,27
9619,2392098,97.8744680851064,100,96.3,47,20,27
9620,2392257,92.49875,93.33,92,40,15,25
9621,2392581,97.6166666666667,100,96.15,42,16,26
9622,2392674,95.5555555555556,100,92,45,20,25
9623,2392716,93.4791304347826,92,95.24,46,25,21
9624,2392827,97.915625,100,95.65,48,25,23
9625,2392941,93.750625,90.91,100,32,22,10
9626,2392950,97.6190476190476,96,100,42,25,17
9627,2393046,88.6790566037736,88.46,88.89,53,26,27
9628,2393358,98.306779661017,100,96.3,59,32,27
9629,2393662,98.6855263157895,100,97.3,76,39,37
9630,2393842,98.572,100,97.06,70,36,34
9631,2394250,98.1139622641509,100,97.06,53,19,34
9632,2394289,100,100,100,61,35,26
9633,2394567,98.3896774193548,96.88,100,62,32,30
9634,2394586,98.5055223880597,100,96.77,67,36,31
9635,2394952,97.0125373134328,100,94.44,67,31,36
9636,2395320,97.1445714285714,100,94.74,70,32,38
9637,2395341,98.5737142857143,100,96.88,70,38,32
9638,2395549,100,100,100,61,36,25
9639,2395838,100,100,100,67,34,33
9640,2396035,90.7392592592593,100,82.14,54,26,28
9641,2396043,89.3930303030303,100,75.86,66,37,29
9642,2396064,96.5527586206896,100,92.31,58,32,26
9643,2396392,98.53,97.06,100,68,34,34
9644,2396511,98.5921126760563,100,97.06,71,37,34
9645,2397206,95.4534848484848,100,91.89,66,29,37
9646,2397222,93.2198305084746,96.97,88.46,59,33,26
9647,2397249,98.43625,100,97.22,64,28,36
9648,2397381,93.9406060606061,94.12,93.75,66,34,32
9649,2397411,97.0161194029851,100,94.12,67,33,34
9650,2397460,94.285,100,88.57,70,35,35
9651,2397826,100,100,100,51,38,13
9652,2398261,97.0611764705882,97.37,96.67,68,38,30
9653,2398304,98.43765625,96.97,100,64,33,31
9654,2398384,100,100,100,70,40,30
9655,2398456,100,100,100,61,41,20
9656,2398807,100,100,100,68,39,29
9657,2399228,98.6097222222222,97.14,100,72,35,37
9658,2399335,98.3870967741936,96,100,62,25,37
9659,2399659,96.3618181818182,93.33,100,55,30,25
9660,2400558,98.4133333333333,96.43,100,63,28,35
9661,2400638,98.5083582089552,97.37,100,67,38,29
9662,2400738,100,100,100,74,40,34
9663,2400873,98.4854545454545,97.06,100,66,34,32
9664,2401580,100,100,100,56,28,28
9665,2401619,94.645,89.29,100,56,28,28
9666,2401787,100,100,100,55,27,28
9667,2401817,98.385,96.77,100,62,31,31
9668,2401880,100,100,100,51,22,29
9669,2401889,100,100,100,39,25,14
9670,2401988,96.6115254237288,91.67,100,59,24,35
9671,2402131,94.5465454545455,91.3,96.88,55,23,32
9672,2402230,95.7459574468085,84.62,100,47,13,34
9673,2402311,97.6192857142857,90.91,100,42,11,31
9674,2402370,98.1825454545454,95.24,100,55,21,34
9675,2402557,100,100,100,43,11,32
9676,2402727,100,100,100,49,18,31
9677,2402814,93.0220930232558,90,95.65,43,20,23
9678,2402832,95.83375,88.89,100,48,18,30
9679,2402955,97.7281818181818,95.24,100,44,21,23
9680,2402968,97.3694736842105,91.67,100,38,12,26
9681,2403285,97.8702127659574,96.15,100,47,26,21
9682,2403429,95.2380952380952,90,100,42,20,22
9683,2403540,97.3684210526316,95,100,38,20,18
9684,2403703,100,100,100,32,17,15
9685,2403789,96.1561538461538,94.74,100,26,19,7
9686,2403801,89.1905405405405,78.95,100,37,19,18
9687,2404047,100,100,100,34,19,15
9688,2404543,96.0004,88.89,100,25,9,16
9689,2404587,95.4559090909091,100,92.31,22,9,13
9690,2405309,87.50125,100,77.78,16,7,9
9691,2405437,93.75,100,87.5,16,8,8
9692,2405803,100,100,100,15,9,6
9693,2405835,100,100,100,18,9,9
9694,2406060,100,100,100,15,8,7
9695,2406082,100,100,100,18,10,8
9696,2406304,86.6666666666667,100,75,15,7,8
9697,2406570,100,100,100,16,9,7
9698,2406600,100,100,100,17,11,6
9699,2406822,100,100,100,13,8,5
9700,2406844,75,62.5,100,12,8,4
9701,2407000,84.6161538461538,88.89,75,13,9,4
9702,2408074,100,100,100,18,11,7
9703,2408509,100,100,100,27,13,14
9704,2408603,96.4296428571429,92.31,100,28,13,15
9705,2408684,100,100,100,31,14,17
9706,2409091,100,100,100,25,12,13
9707,2409542,100,100,100,30,21,9
9708,2409935,97.3663157894737,94.44,100,38,18,20
9709,2410187,95.346511627907,91.3,100,43,23,20
9710,2410462,100,100,100,32,21,11
9711,2410609,100,100,100,31,20,11
9712,2410638,100,100,100,29,10,19
9713,2410696,97.2222222222222,95,100,36,20,16
9714,2411191,97.4975,95.45,100,40,22,18
9715,2411429,96.1553846153846,91.67,100,26,12,14
9716,2411944,100,100,100,28,14,14
9717,2412063,100,100,100,29,14,15
9718,2412451,100,100,100,25,14,11
9719,2412529,95.6539130434783,92.86,100,23,14,9
9720,2412972,100,100,100,25,12,13
9721,2412990,96.668,100,94.12,30,13,17
9722,2413782,84.6115384615384,83.33,85.71,26,12,14
9723,2413854,96.7725806451613,93.33,100,31,15,16
9724,2414212,100,100,100,23,8,15
9725,2414220,92.8589285714286,94.12,90.91,28,17,11
9726,2414539,97.4369230769231,100,95.24,39,18,21
9727,2414768,97.1428571428571,100,95,35,15,20
9728,2414816,100,100,100,37,17,20
9729,2414898,100,100,100,31,16,15
9730,2415017,86.1111111111111,93.75,80,36,16,20
9731,2415309,86.487027027027,86.96,85.71,37,23,14
9732,2415360,96.6686666666667,100,94.74,30,11,19
9733,2415428,100,100,100,40,21,19
9734,2415443,100,100,100,33,18,15
9735,2415807,94.5951351351351,88.89,100,37,18,19
9736,2415866,100,100,100,42,25,17
9737,2416067,100,100,100,35,19,16
9738,2416125,97.2233333333333,91.67,100,36,12,24
9739,2416328,100,100,100,43,19,24
9740,2416415,96.8734375,100,95.65,32,9,23
9741,2416425,96.7725806451613,100,93.33,31,16,15
9742,2416607,100,100,100,45,23,22
9743,2416713,100,100,100,38,24,14
9744,2416766,97.6178571428572,95.65,100,42,23,19
9745,2417262,90.9118181818182,95.24,86.96,44,21,23
9746,2417389,91.8916216216216,100,84.21,37,18,19
9747,2417813,100,100,100,43,25,18
9748,2417993,95.5544444444444,96.55,93.75,45,29,16
9749,2418140,96.9672727272727,94.44,100,33,18,15
9750,2418381,96.5506896551724,85.71,100,29,7,22
9751,2418572,97.9984,100,94.44,50,32,18
9752,2419270,95.1209756097561,94.74,95.45,41,19,22
9753,2419552,97.2983783783784,95.24,100,37,21,16
9754,2419688,97.6720930232558,100,95.45,43,21,22
9755,2419976,97.7755555555555,95.45,100,45,22,23
9756,2420150,100,100,100,37,24,13
9757,2420243,100,100,100,32,10,22
9758,2420624,86.208275862069,94.12,75,29,17,12
9759,2420628,95.24,91.67,100,21,12,9
9760,2420790,100,100,100,32,21,11
9761,2421197,100,100,100,29,17,12
9762,2421436,100,100,100,25,15,10
9763,2421622,95,100,80,20,15,5
9764,2421720,100,100,100,25,16,9
9765,2421865,100,100,100,24,15,9
9766,2422670,100,100,100,32,14,18
9767,2422979,100,100,100,31,14,17
9768,2423747,100,100,100,33,20,13
9769,2423958,100,100,100,33,20,13
9770,2424304,100,100,100,35,20,15
9771,2424325,100,100,100,29,22,7
9772,2424386,100,100,100,32,14,18
9773,2424395,100,100,100,22,9,13
9774,2424581,100,100,100,34,17,17
9775,2424682,95.2357142857143,95.45,95,42,22,20
9776,2424731,97.915,100,95.83,48,24,24
9777,2425160,97.7281818181818,100,95.24,44,23,21
9778,2425229,94.2874285714286,94.74,93.75,35,19,16
9779,2425435,100,100,100,36,21,15
9780,2425495,100,100,100,31,12,19
9781,2425644,100,100,100,27,16,11
9782,2426627,95.2380952380952,100,90,21,11,10
9783,2426975,95,100,90,20,10,10
9784,2427279,89.998,100,83.33,20,8,12
9785,2427368,94.1182352941177,66.67,100,17,3,14
9786,2427559,100,100,100,19,13,6
9787,2427630,96.1553846153846,100,91.67,26,14,12
9788,2428015,100,100,100,25,11,14
9789,2428084,100,100,100,28,14,14
9790,2428823,100,100,100,30,21,9
9791,2428908,100,100,100,21,7,14
9792,2428913,96.1538461538462,100,90,26,16,10
9793,2428922,96.7741935483871,100,87.5,31,23,8
9794,2428953,97.998,100,96.15,50,24,26
9795,2428989,98.18,100,96.15,55,29,26
9796,2429334,100,100,100,36,23,13
9797,2429340,96.8740625,100,85.71,32,25,7
9798,2429360,100,100,100,44,25,19
9799,2429687,100,100,100,44,26,18
9800,2430351,96.7745161290323,100,90.91,31,20,11
9801,2430473,98.1150943396226,100,96.3,53,26,27
9802,2430540,98.0012,94.74,100,50,19,31
9803,2430702,100,100,100,46,23,23
9804,2431427,100,100,100,58,28,30
9805,2431538,100,100,100,49,31,18
9806,2431647,100,100,100,57,27,30
9807,2432244,100,100,100,55,25,30
9808,2432403,100,100,100,50,21,29
9809,2432427,100,100,100,51,19,32
9810,2432856,94.3364150943396,96.15,92.59,53,26,27
9811,2433030,100,100,100,50,27,23
9812,2433148,100,100,100,53,24,29
9813,2433157,100,100,100,54,29,25
9814,2433172,100,100,100,34,21,13
9815,2433282,95.92,100,90.48,49,28,21
9816,2433457,100,100,100,56,31,25
9817,2434167,100,100,100,50,25,25
9818,2434257,100,100,100,48,26,22
9819,2434332,100,100,100,40,20,20
9820,2434503,100,100,100,42,20,22
9821,2434538,97.4366666666667,100,92.31,39,26,13
9822,2434866,97.0591176470588,100,88.89,34,25,9
9823,2436212,100,100,100,57,32,25
9824,2436369,100,100,100,50,23,27
9825,2436937,100,100,100,55,29,26
9826,2437271,100,100,100,61,32,29
9827,2437414,100,100,100,49,28,21
9828,2437490,100,100,100,50,26,24
9829,2438517,98.1472222222222,100,96.55,54,25,29
9830,2438812,97.4384615384615,100,96.67,39,9,30
9831,2438994,93.0213953488372,100,86.36,43,21,22
9832,2439576,100,100,100,41,26,15
9833,2439893,100,100,100,48,21,27
9834,2440090,98.1481481481482,96,100,54,25,29
9835,2440469,100,100,100,48,23,25
9836,2441076,98.5282352941176,100,97.22,68,32,36
9837,2441508,100,100,100,46,16,30
9838,2441682,97.96,100,96.43,49,21,28
9839,2441731,100,100,100,44,18,26
9840,2442005,100,100,100,49,21,28
9841,2442797,100,100,100,58,29,29
9842,2443109,94.544,100,86.36,55,33,22
9843,2443364,100,100,100,67,29,38
9844,2443478,98.2433333333333,100,96.77,57,26,31
9845,2443586,100,100,100,55,21,34
9846,2444165,97.0125373134328,100,94.44,67,31,36
9847,2444362,94.645,100,91.67,56,20,36
9848,2444651,96.7232786885246,100,94.74,61,23,38
9849,2444776,97.1432857142857,96.77,97.44,70,31,39
9850,2444848,98.3316666666667,96.15,100,60,26,34
9851,2445315,96.8266666666667,100,94.12,63,29,34
9852,2445564,98.4854545454545,96.43,100,66,28,38
9853,2445710,100,100,100,63,28,35
9854,2445806,100,100,100,67,32,35
9855,2445894,100,100,100,71,30,41
9856,2446166,96.7759677419355,95.65,97.44,62,23,39
9857,2446193,98.6116666666667,97.06,100,72,34,38
9858,2446448,100,100,100,46,17,29
9859,2446461,100,100,100,64,29,35
9860,2446482,98.3854838709677,97.14,100,62,35,27
9861,2446497,98.5488405797101,96.77,100,69,31,38
9862,2446511,98.3608196721312,96.97,100,61,33,28
9863,2446530,98.6125,97.3,100,72,37,35
9864,2447220,95.915306122449,96.15,95.65,49,26,23
9865,2447285,98.2775862068966,96.67,100,58,30,28
9866,2447868,100,100,100,42,19,23
9867,2447896,97.6166666666667,95.45,100,42,22,20
9868,2448079,97.91875,96.3,100,48,27,21
9869,2448199,100,100,100,35,19,16
9870,2448459,100,100,100,38,19,19
9871,2448549,95.3474418604651,95.45,95.24,43,22,21
9872,2448747,96.4257142857143,100,94.44,28,10,18
9873,2450097,100,100,100,37,24,13
9874,2450929,100,100,100,45,21,24
9875,2451978,100,100,100,41,19,22
9876,2452013,100,100,100,38,19,19
9877,2452119,100,100,100,36,17,19
9878,2452175,100,100,100,24,19,5
9879,2452238,94.445,100,88.89,36,18,18
9880,2452339,94.8738461538461,100,88.24,39,22,17
9881,2452386,96.551724137931,100,93.75,29,13,16
9882,2452500,100,100,100,42,20,22
9883,2453394,97.3663157894737,100,95.83,38,14,24
9884,2453884,100,100,100,43,22,21
9885,2454012,97.7777777777778,96,100,45,25,20
9886,2454153,91.8905405405405,95.45,86.67,37,22,15
9887,2454418,100,100,100,41,20,21
9888,2454487,100,100,100,22,8,14
9889,2454522,96.55,93.33,100,29,15,14
9890,2454855,100,100,100,22,12,10
9891,2455131,100,100,100,22,13,9
9892,2455273,94.7352631578947,100,85.71,19,12,7
9893,2455500,100,100,100,18,12,6
9894,2455747,76.9223076923077,85.71,66.67,13,7,6
9895,2455891,61.5384615384615,75,40,13,8,5
9896,2456496,100,100,100,21,12,9
9897,2457366,100,100,100,29,19,10
9898,2457441,96.875,100,93.75,32,16,16
9899,2457990,100,100,100,36,20,16
9900,2458098,100,100,100,32,13,19
9901,2458266,100,100,100,35,24,11
9902,2458657,100,100,100,30,22,8
9903,2458767,100,100,100,25,19,6
9904,2458939,100,100,100,25,17,8
9905,2459451,100,100,100,27,19,8
9906,2459462,100,100,100,32,24,8
9907,2459622,100,100,100,27,25,2
9908,2459687,100,100,100,33,22,11
9909,2460309,100,100,100,23,15,8
9910,2460431,100,100,100,22,14,8
9911,2460511,89.4742105263158,90.91,87.5,19,11,8
9912,2461066,94.7373684210526,100,88.89,19,10,9
9913,2461125,94.1182352941177,100,88.89,17,8,9
9914,2461139,64.7082352941176,55.56,75,17,9,8
9915,2461862,86.6666666666667,100,75,15,7,8
9916,2462105,93.3333333333333,100,87.5,15,7,8
9917,2462231,92.3053846153846,85.71,100,13,7,6
9918,2463199,75,66.67,83.33,12,6,6
9919,2463399,83.3308333333333,85.71,80,12,7,5
9920,2463433,90,100,75,10,6,4
9921,2463619,100,100,100,10,6,4
9922,2463763,100,100,100,12,7,5
9923,2463967,89.998,83.33,100,10,6,4
9924,2464384,100,100,100,16,9,7
9925,2464439,81.251875,72.73,100,16,11,5
9926,2464936,100,100,100,16,8,8
9927,2465142,100,100,100,20,13,7
9928,2465320,95.2380952380952,93.75,100,21,16,5
9929,2465874,100,100,100,20,13,7
9930,2465892,100,100,100,18,13,5
9931,2466475,93.750625,90.91,100,16,11,5
9932,2466780,90.4785714285714,91.67,88.89,21,12,9
9933,2466993,88.8894444444445,100,71.43,18,11,7
9934,2467157,100,100,100,20,9,11
9935,2467478,100,100,100,17,8,9
9936,2467606,100,100,100,13,6,7
9937,2467798,63.6381818181818,60,66.67,11,5,6
9938,2468386,100,100,100,15,7,8
9939,2468573,92.3076923076923,87.5,100,13,8,5
9940,2472084,100,100,100,17,9,8
9941,2472247,100,100,100,18,8,10
9942,2472313,100,100,100,18,10,8
9943,2472672,100,100,100,18,10,8
9944,2472900,100,100,100,21,12,9
9945,2473055,100,100,100,22,12,10
9946,2473382,92.002,90.91,92.86,25,11,14
9947,2473406,100,100,100,22,8,14
9948,2474162,91.6666666666667,100,87.5,12,4,8
9949,2474249,100,100,100,17,8,9
9950,2474720,90.9072727272727,100,83.33,11,5,6
9951,2474792,100,100,100,13,7,6
9952,2475339,100,100,100,18,11,7
9953,2475369,93.75,90,100,16,10,6
9954,2475569,100,100,100,18,12,6
9955,2476054,100,100,100,17,10,7
9956,2476116,94.7373684210526,90.91,100,19,11,8
9957,2476234,100,100,100,13,10,3
9958,2476922,100,100,100,19,11,8
9959,2477169,94.7368421052632,100,90,19,9,10
9960,2478381,100,100,100,27,15,12
9961,2478420,95.8333333333333,100,90,24,14,10
9962,2478493,95.8345833333333,92.31,100,24,13,11
9963,2479254,90.9118181818182,84.62,100,22,13,9
9964,2479496,100,100,100,29,17,12
9965,2480091,100,100,100,29,16,13
9966,2480166,100,100,100,28,15,13
9967,2480295,100,100,100,23,9,14
9968,2480599,82.354705882353,100,72.73,17,6,11
9969,2480854,91.3065217391304,90.91,91.67,23,11,12
9970,2480934,96.0012,100,92.31,25,12,13
9971,2481302,100,100,100,23,11,12
9972,2481382,78.9478947368421,62.5,90.91,19,8,11
9973,2481428,80,60,90,15,5,10
9974,2481490,100,100,100,14,6,8
9975,2481968,88.8888888888889,100,75,9,5,4
9976,2482383,100,100,100,6,4,2
9977,2482423,100,100,100,10,5,5
9978,2482486,88.8888888888889,75,100,9,4,5
9979,2482530,100,100,100,11,6,5
9980,2483175,100,100,100,6,4,2
9981,2483815,100,100,100,5,4,1
9982,2484332,85.7142857142857,75,100,7,4,3
9983,2484492,90.001,88.89,100,10,9,1
9984,2484687,100,100,100,10,9,1
9985,2485409,90,100,50,10,8,2
9986,2485494,100,100,100,9,7,2
9987,2485760,100,100,100,2,1,1
9988,2485764,100,100,NA,4,4,NA
9989,2486451,100,100,100,8,5,3
9990,2486795,100,100,100,8,5,3
9991,2486843,100,100,100,7,5,2
9992,2487089,88.8866666666667,83.33,100,9,6,3
9993,2487167,100,100,100,8,4,4
9994,2487270,100,100,100,9,5,4
9995,2487384,100,100,100,6,3,3
9996,2487666,89.998,83.33,100,10,6,4
9997,2487720,92.3084615384615,88.89,100,13,9,4
9998,2488347,100,100,100,10,9,1
9999,2488650,91.6666666666667,90,100,12,10,2
10000,2488926,100,100,100,11,10,1
10001,2489636,100,100,100,11,7,4
10002,2489833,85.7142857142857,75,100,7,4,3
10003,2490094,100,100,100,8,5,3
10004,2490466,100,100,NA,3,3,NA
10005,2490499,100,100,NA,5,5,NA
10006,2490545,100,100,NA,3,3,NA
10007,2491199,89.997,85.71,100,10,7,3
10008,2491525,100,100,100,11,8,3
10009,2491622,100,100,100,10,6,4
10010,2491652,100,100,100,10,7,3
10011,2491733,100,100,100,8,6,2
10012,2491942,71.4314285714286,66.67,100,7,6,1
10013,2492214,100,100,100,6,5,1
10014,2492379,87.4975,83.33,100,8,6,2
10015,2492466,92.3076923076923,87.5,100,13,8,5
10016,2492494,100,100,100,10,6,4
10017,2492722,100,100,100,11,4,7
10018,2492884,100,100,100,8,4,4
10019,2492946,100,100,100,12,6,6
10020,2492995,100,100,100,10,4,6
10021,2494190,100,100,100,5,4,1
10022,2495183,100,100,100,9,3,6
10023,2496173,100,100,100,24,8,16
10024,2496243,100,100,100,21,7,14
10025,2496482,100,100,100,20,6,14
10026,2496512,100,100,100,10,6,4
10027,2496987,89.4736842105263,100,80,19,9,10
10028,2497269,100,100,100,24,9,15
10029,2497420,100,100,100,26,13,13
10030,2497769,100,100,100,29,12,17
10031,2497895,100,100,100,21,5,16
10032,2497936,100,100,100,27,10,17
10033,2498029,100,100,100,26,7,19
10034,2498254,100,100,100,19,7,12
10035,2498708,94.7373684210526,90.91,100,19,11,8
10036,2499004,100,100,100,18,5,13
10037,2499052,100,100,100,27,16,11
10038,2499169,100,100,100,25,16,9
10039,2499202,96.5527586206896,100,92.31,29,16,13
10040,2499419,100,100,100,35,20,15
10041,2499577,100,100,100,35,19,16
10042,2499643,94.1188235294118,95,92.86,34,20,14
10043,2499853,94.1197058823529,95.24,92.31,34,21,13
10044,2500039,100,100,100,30,14,16
10045,2500172,100,100,100,30,15,15
10046,2501050,100,100,100,42,22,20
10047,2501155,100,100,100,35,17,18
10048,2501173,97.776,95.83,100,45,24,21
10049,2501496,100,100,100,42,21,21
10050,2502147,100,100,100,55,28,27
10051,2502228,98.2160714285714,96.3,100,56,27,29
10052,2502252,97.9581632653061,96.55,100,49,29,20
10053,2502372,100,100,100,54,25,29
10054,2502401,89.2866071428571,93.55,84,56,31,25
10055,2502767,96.078431372549,100,92,51,26,25
10056,2502876,96,100,93.75,50,18,32
10057,2502930,96.7231147540984,96.88,96.55,61,32,29
10058,2502942,96.4285714285714,96.67,96.15,56,30,26
10059,2502963,94.1152941176471,93.75,94.44,34,16,18
10060,2502968,90.91,90.91,90.91,22,11,11
10061,2502990,97.8260869565217,100,93.75,46,30,16
10062,2503250,98.2775862068966,100,96.3,58,31,27
10063,2503563,92.1052631578947,100,70,38,28,10
10064,2503851,100,100,100,54,27,27
10065,2504509,91.666875,96.3,85.71,48,27,21
10066,2505116,100,100,100,33,22,11
10067,2505372,97.8723404255319,100,95,47,27,20
10068,2505408,97.6204761904762,100,94.74,42,23,19
10069,2505418,91.1797058823529,86.67,94.74,34,15,19
10070,2505455,96.227358490566,96.67,95.65,53,30,23
10071,2505474,98.0744230769231,96.77,100,52,31,21
10072,2505504,90.9086363636364,91.3,90.48,44,23,21
10073,2505730,100,100,100,38,23,15
10074,2506201,100,100,100,54,38,16
10075,2506524,97.3684210526316,100,93.75,38,22,16
10076,2506535,97.3671052631579,100,93.33,38,23,15
10077,2506738,97.8706382978723,100,94.44,47,29,18
10078,2506918,100,100,100,35,24,11
10079,2507122,100,100,100,43,26,17
10080,2507158,96.7754838709677,94.12,100,31,17,14
10081,2507227,100,100,100,44,29,15
10082,2507451,100,100,100,49,36,13
10083,2507674,89.7469230769231,91.67,86.67,39,24,15
10084,2507728,97.142,100,85.71,35,28,7
10085,2509104,97.3676315789474,100,85.71,38,31,7
10086,2509528,92.6829268292683,85,100,41,20,21
10087,2509804,100,100,100,42,31,11
10088,2509900,100,100,100,44,24,20
10089,2509996,100,100,100,48,29,19
10090,2510180,97.7766666666667,100,93.33,45,30,15
10091,2511107,95.6521739130435,100,95,23,3,20
10092,2511113,100,100,100,42,28,14
10093,2511278,100,100,100,53,30,23
10094,2511287,100,100,100,49,23,26
10095,2511570,97.3692105263158,100,92.31,38,25,13
10096,2511675,97.5609756097561,96,100,41,25,16
10097,2511894,100,100,100,42,25,17
10098,2512144,100,100,100,35,27,8
10099,2512297,100,100,100,32,19,13
10100,2512354,95.119512195122,91.3,100,41,23,18
10101,2512446,100,100,100,40,23,17
10102,2512504,97.4369230769231,100,94.12,39,22,17
10103,2512605,96.551724137931,100,80,29,24,5
10104,2512922,100,100,100,29,20,9
10105,2512971,89.6531034482759,83.33,100,29,18,11
10106,2513292,96.668,94.12,100,30,17,13
10107,2513354,100,100,100,31,20,11
10108,2513390,100,100,100,30,18,12
10109,2513675,100,100,100,36,24,12
10110,2513831,100,100,100,34,27,7
10111,2514021,100,100,100,44,24,20
10112,2514737,97.8731914893617,96.43,100,47,28,19
10113,2515425,96.87625,91.67,100,32,12,20
10114,2515778,100,100,100,31,14,17
10115,2515789,100,100,100,30,14,16
10116,2516001,100,100,100,39,16,23
10117,2516268,100,100,100,42,22,20
10118,2516333,100,100,100,41,21,20
10119,2516846,97.0588235294118,100,95,34,14,20
10120,2517432,100,100,100,26,13,13
10121,2517852,100,100,100,22,10,12
10122,2518058,100,100,100,29,15,14
10123,2518173,100,100,100,19,9,10
10124,2518894,92.0028,91.67,92.31,25,12,13
10125,2519647,100,100,100,35,18,17
10126,2519825,96.43,94.12,100,28,17,11
10127,2519854,93.1062068965517,94.12,91.67,29,17,12
10128,2519984,100,100,100,39,16,23
10129,2520041,100,100,100,33,13,20
10130,2520166,90,87.5,100,10,8,2
10131,2520194,100,100,100,30,13,17
10132,2520206,100,100,100,18,7,11
10133,2520211,94.445,100,88.89,18,9,9
10134,2520412,91.67,91.67,91.67,24,12,12
10135,2520416,83.335,60,92.31,18,5,13
10136,2520433,97.1428571428571,90,100,35,10,25
10137,2520538,100,100,100,30,11,19
10138,2520836,100,100,100,34,12,22
10139,2520988,100,100,100,24,4,20
10140,2521108,87.5,87.5,87.5,24,8,16
10141,2521230,96,100,95,25,5,20
10142,2522026,100,100,100,23,7,16
10143,2522454,86.3636363636364,100,70,22,12,10
10144,2523080,95.2357142857143,93.33,100,21,15,6
10145,2523713,100,100,100,22,15,7
10146,2523807,100,100,100,22,12,10
10147,2523840,100,100,100,30,15,15
10148,2524426,96.2933333333333,94.44,100,27,18,9
10149,2524474,100,100,100,25,15,10
10150,2524756,95.4545454545455,100,90,22,12,10
10151,2525106,77.7772222222222,57.14,90.91,18,7,11
10152,2525596,90.3209677419355,82.35,100,31,17,14
10153,2525948,100,100,100,25,13,12
10154,2526389,96.2944444444444,93.33,100,27,15,12
10155,2526407,90.91,77.78,100,22,9,13
10156,2526473,100,100,100,35,17,18
10157,2526930,87.0983870967742,86.67,87.5,31,15,16
10158,2526968,95.4563636363636,92.86,100,22,14,8
10159,2526988,96.668,92.86,100,30,14,16
10160,2527626,91.175,100,82.35,34,17,17
10161,2527810,97.3663157894737,100,95.83,38,14,24
10162,2527849,100,100,100,40,16,24
10163,2528238,97.7766666666667,100,96.55,45,16,29
10164,2528266,100,100,100,41,18,23
10165,2528417,100,100,100,40,14,26
10166,2528758,100,100,100,37,13,24
10167,2528797,97.14,100,95.45,35,13,22
10168,2529026,100,100,100,39,18,21
10169,2529412,100,100,100,42,17,25
10170,2529544,96.6676666666667,100,92.31,30,17,13
10171,2530325,100,100,100,33,15,18
10172,2530469,96.7761290322581,100,94.74,31,12,19
10173,2531120,94.4427777777778,85.71,100,36,14,22
10174,2531137,100,100,100,28,11,17
10175,2531190,100,100,100,28,11,17
10176,2531634,96.7741935483871,93.75,100,31,16,15
10177,2532126,96.1553846153846,91.67,100,26,12,14
10178,2532998,100,100,100,29,14,15
10179,2533127,100,100,100,25,12,13
10180,2533349,83.3325,78.57,90,24,14,10
10181,2534175,96.4285714285714,100,93.75,28,12,16
10182,2534234,94.8733333333333,84.62,100,39,13,26
10183,2534838,97.7281818181818,100,96.43,44,16,28
10184,2535159,100,100,100,36,17,19
10185,2535170,100,100,100,36,15,21
10186,2535180,100,100,100,40,17,23
10187,2535242,97.6178571428572,100,95.65,42,19,23
10188,2535281,97.1414285714286,100,95.65,35,12,23
10189,2535518,97.5624390243902,94.74,100,41,19,22
10190,2535831,96.7751612903226,92.31,100,31,13,18
10191,2535900,100,100,100,30,12,18
10192,2535924,96.5520689655173,90.91,100,29,11,18
10193,2536204,97.2233333333333,92.86,100,36,14,22
10194,2536284,96.4289285714286,90.91,100,28,11,17
10195,2536719,91.4302857142857,87.5,94.74,35,16,19
10196,2536863,95.6539130434783,91.67,100,23,12,11
10197,2536873,96.7761290322581,100,94.74,31,12,19
10198,2537261,96.7709677419355,100,95.45,31,9,22
10199,2537627,96.2962962962963,87.5,100,27,8,19
10200,2537951,90.3225806451613,100,85,31,11,20
10201,2537972,86.666,92.31,82.35,30,13,17
10202,2538050,96.6676666666667,92.31,100,30,13,17
10203,2538152,100,100,100,33,15,18
10204,2538732,94.1191176470588,86.67,100,34,15,19
10205,2538741,94.4444444444444,87.5,100,36,16,20
10206,2538751,95.1224390243902,90.91,100,41,22,19
10207,2539167,100,100,100,46,20,26
10208,2539212,97.6720930232558,95.45,100,43,22,21
10209,2539438,97.7281818181818,100,96.43,44,16,28
10210,2539458,100,100,100,41,18,23
10211,2539585,97.6171428571429,100,95.83,42,18,24
10212,2539674,94.1176470588235,100,87.5,34,18,16
10213,2539999,97.9575510204082,95.83,100,49,24,25
10214,2540149,100,100,100,55,24,31
10215,2540200,96.4871929824562,96.15,96.77,57,26,31
10216,2540227,97.6753488372093,95.24,100,43,21,22
10217,2540422,97.915625,100,96.55,48,19,29
10218,2540596,100,100,100,43,16,27
10219,2541465,100,100,100,44,14,30
10220,2541503,100,100,100,32,17,15
10221,2541758,100,100,100,44,17,27
10222,2542262,100,100,100,44,15,29
10223,2542361,100,100,100,52,19,33
10224,2543221,100,100,100,51,22,29
10225,2543955,100,100,100,35,17,18
10226,2544012,100,100,100,36,19,17
10227,2544177,100,100,100,39,16,23
10228,2544309,100,100,100,41,16,25
10229,2544499,94.8717948717949,87.5,100,39,16,23
10230,2544703,94.4472222222222,94.12,94.74,36,17,19
10231,2545154,95.6482608695652,95.45,95.83,46,22,24
10232,2545174,100,100,100,35,9,26
10233,2545308,100,100,100,45,23,22
10234,2545748,86.36,95.45,77.27,44,22,22
10235,2545926,100,100,100,43,23,20
10236,2546140,93.7508333333333,90,96.43,48,20,28
10237,2546626,97.3694736842105,95.24,100,38,21,17
10238,2546685,97.6744186046512,100,96,43,18,25
10239,2546803,100,100,100,46,11,35
10240,2547045,95.5555555555556,87.5,100,45,16,29
10241,2547343,97.999,100,96.55,50,21,29
10242,2547430,100,100,100,47,16,31
10243,2547468,100,100,100,41,19,22
10244,2547492,98.2125,96.15,100,56,26,30
10245,2547597,97.725,95.45,100,44,22,22
10246,2548232,91.0691071428571,84,96.77,56,25,31
10247,2548285,96.1553846153846,90.48,100,52,21,31
10248,2548478,100,100,100,46,18,28
10249,2548592,100,100,100,42,15,27
10250,2548663,100,100,100,47,19,28
10251,2548903,100,100,100,48,19,29
10252,2549246,95.3506976744186,88.24,100,43,17,26
10253,2549306,100,100,100,42,17,25
10254,2549375,98.0376470588235,95.83,100,51,24,27
10255,2549886,97.7272727272727,100,95,44,24,20
10256,2549932,97.4338461538462,94.44,100,39,18,21
10257,2549962,97.22,95.83,100,36,24,12
10258,2549976,97.7755555555555,96.15,100,45,26,19
10259,2550166,97.7755555555555,95.45,100,45,22,23
10260,2550259,100,100,100,36,22,14
10261,2550490,100,100,100,43,25,18
10262,2550906,100,100,100,41,23,18
10263,2550917,100,100,100,37,22,15
10264,2551556,100,100,100,45,25,20
10265,2551825,100,100,100,32,18,14
10266,2552052,92.5925925925926,90,100,27,20,7
10267,2552536,96.667,100,90.91,30,19,11
10268,2552568,97.4338461538462,100,94.44,39,21,18
10269,2552698,94.5967567567568,90.48,100,37,21,16
10270,2552731,95.3506976744186,91.67,100,43,24,19
10271,2552896,97.5590243902439,100,94.44,41,23,18
10272,2552923,100,100,100,39,21,18
10273,2553168,100,100,100,41,22,19
10274,2553583,97.7281818181818,95.24,100,44,21,23
10275,2553967,98.1162264150943,96.88,100,53,32,21
10276,2554703,100,100,100,46,21,25
10277,2554767,100,100,100,45,21,24
10278,2555018,100,100,100,51,32,19
10279,2555502,100,100,100,52,30,22
10280,2555582,100,100,100,53,33,20
10281,2555724,100,100,100,49,27,22
10282,2555963,97.9984,97.22,100,50,36,14
10283,2555976,100,100,100,33,13,20
10284,2556533,100,100,100,59,38,21
10285,2556630,95.835,94.12,100,48,34,14
10286,2556651,95.9181632653061,97.06,93.33,49,34,15
10287,2556660,89.1883783783784,88.46,90.91,37,26,11
10288,2556665,95.1246341463414,96.67,90.91,41,30,11
10289,2556756,95.0849180327869,92.11,100,61,38,23
10290,2556777,96.4257142857143,94.44,100,56,36,20
10291,2557004,100,100,100,62,40,22
10292,2557292,95.5226865671642,97.56,92.31,67,41,26
10293,2557336,98.3575409836066,97.67,100,61,43,18
10294,2557538,100,100,100,56,36,20
10295,2557636,100,100,100,55,33,22
10296,2557723,98.1836363636364,97.3,100,55,37,18
10297,2557976,97.8731914893617,96.43,100,47,28,19
10298,2557985,97.7261363636364,95.65,100,44,23,21
10299,2558042,97.6720930232558,95.45,100,43,22,21
10300,2558111,100,100,100,33,20,13
10301,2558276,100,100,100,42,26,16
10302,2558820,100,100,100,27,17,10
10303,2559088,97.2945945945946,96.15,100,37,26,11
10304,2559244,100,100,100,31,19,12
10305,2559389,100,100,100,36,24,12
10306,2559441,100,100,100,36,25,11
10307,2559920,100,100,100,27,17,10
10308,2560273,100,100,100,15,10,5
10309,2560293,64.2871428571429,62.5,66.67,14,8,6
10310,2560516,94.7389473684211,91.67,100,19,12,7
10311,2560783,93.750625,100,66.67,16,13,3
10312,2560838,91.6666666666667,100,75,12,8,4
10313,2561734,96.2933333333333,94.44,100,27,18,9
10314,2561808,92.86,88.24,100,28,17,11
10315,2562258,94.7347368421053,94.44,95,38,18,20
10316,2562533,95.5546666666667,95.83,95.24,45,24,21
10317,2563062,88.2347058823529,86.67,89.47,34,15,19
10318,2563434,85.716,94.74,75,35,19,16
10319,2563763,89.6513793103448,93.33,85.71,29,15,14
10320,2563917,96.7754838709677,100,94.12,31,14,17
10321,2564062,93.1020689655172,83.33,100,29,12,17
10322,2564431,93.75,93.75,93.75,32,16,16
10323,2564616,100,100,100,37,21,16
10324,2565117,100,100,100,42,26,16
10325,2565258,96.8725,94.44,100,32,18,14
10326,2565525,100,100,100,41,21,20
10327,2565793,97.3663157894737,100,94.44,38,20,18
10328,2565799,97.7272727272727,100,95,44,24,20
10329,2565838,97.999,100,95.65,50,27,23
10330,2565857,96.878125,96.3,100,32,27,5
10331,2566496,100,100,100,49,20,29
10332,2566972,98.0788461538462,100,96.3,52,25,27
10333,2566999,97.96,100,96.43,49,21,28
10334,2567337,100,100,100,38,13,25
10335,2567350,93.5487096774194,95,90.91,31,20,11
10336,2567404,100,100,100,47,21,26
10337,2567431,98.04,95.24,100,51,21,30
10338,2567446,100,100,100,51,24,27
10339,2567500,98.2142857142857,96,100,56,25,31
10340,2567509,95.5546666666667,96.15,94.74,45,26,19
10341,2567524,93.4789130434783,88.24,96.55,46,17,29
10342,2567560,100,100,100,49,26,23
10343,2567978,98.2484210526316,96.88,100,57,32,25
10344,2568040,98.2765517241379,96.43,100,58,28,30
10345,2568516,98.3590163934426,96.15,100,61,26,35
10346,2568937,98.1511111111111,96.88,100,54,32,22
10347,2569180,100,100,100,57,31,26
10348,2569547,98.1825454545454,100,96.43,55,27,28
10349,2569942,98.4119047619048,100,96.55,63,34,29
10350,2570233,100,100,100,46,28,18
10351,2571826,94.3375471698113,96.77,90.91,53,31,22
10352,2571958,93.0239534883721,92.86,93.33,43,28,15
10353,2572188,100,100,100,48,27,21
10354,2572431,93.750625,88.89,100,48,27,21
10355,2572600,100,100,100,53,31,22
10356,2573299,97.96,96.43,100,49,28,21
10357,2573530,100,100,100,49,28,21
10358,2573569,100,100,100,49,29,20
10359,2573751,100,100,100,44,23,21
10360,2573796,100,100,100,46,24,22
10361,2573985,100,100,100,44,21,23
10362,2574241,97.8239130434783,95.45,100,46,22,24
10363,2574417,96.9681818181818,93.33,100,33,15,18
10364,2574563,100,100,100,32,14,18
10365,2574849,96.551724137931,100,90,29,19,10
10366,2574887,100,100,100,36,15,21
10367,2575252,100,100,100,25,14,11
10368,2575645,100,100,100,19,10,9
10369,2575900,93.75,90,100,16,10,6
10370,2576168,100,100,100,21,12,9
10371,2576543,96.1519230769231,100,93.33,26,11,15
10372,2576753,95.6539130434783,91.67,100,23,12,11
10373,2576762,96.0004,90.91,100,25,11,14
10374,2576780,100,100,100,23,13,10
10375,2576828,100,100,100,22,9,13
10376,2576866,85.715,78.57,92.86,28,14,14
10377,2576885,83.335,60,92.31,18,5,13
10378,2576909,95.6534782608695,92.31,100,23,13,10
10379,2576942,94.7373684210526,90.91,100,19,11,8
10380,2576966,100,100,100,26,11,15
10381,2577203,88.8911111111111,75,92.86,18,4,14
10382,2577212,96.8725,94.44,100,32,18,14
10383,2577223,95.6539130434783,94.12,100,23,17,6
10384,2577265,87.5029166666666,84.62,90.91,24,13,11
10385,2577271,95.8333333333333,95,100,24,20,4
10386,2577530,100,100,100,30,18,12
10387,2577892,100,100,100,31,17,14
10388,2578169,88.4615384615385,83.33,92.86,26,12,14
10389,2578276,100,100,100,29,14,15
10390,2579053,95.6526086956522,100,88.89,23,14,9
10391,2579261,100,100,100,28,14,14
10392,2579381,100,100,100,35,22,13
10393,2579576,100,100,100,38,27,11
10394,2579594,100,100,100,40,26,14
10395,2579799,100,100,100,41,24,17
10396,2580062,100,100,100,40,22,18
10397,2580069,100,100,100,47,28,19
10398,2580180,97.2238888888889,100,94.74,36,17,19
10399,2580269,100,100,100,48,23,25
10400,2580291,95.65,95.65,95.65,46,23,23
10401,2580314,100,100,100,52,25,27
10402,2580488,100,100,100,45,20,25
10403,2580774,100,100,100,39,22,17
10404,2580828,100,100,100,45,21,24
10405,2581116,100,100,100,61,31,30
10406,2581181,100,100,100,69,35,34
10407,2581224,100,100,100,63,33,30
10408,2581744,100,100,100,52,23,29
10409,2582121,98.2125,100,95.45,56,34,22
10410,2582281,100,100,100,51,30,21
10411,2582367,98.4390625,100,96.3,64,37,27
10412,2582634,100,100,100,53,26,27
10413,2582979,100,100,100,58,30,28
10414,2583330,97.6753488372093,100,95.24,43,22,21
10415,2583350,100,100,100,45,25,20
10416,2583401,97.8706382978723,100,95.83,47,23,24
10417,2583633,100,100,100,49,27,22
10418,2584455,100,100,100,34,15,19
10419,2584599,100,100,100,41,20,21
10420,2585654,76.6646666666667,73.68,81.82,30,19,11
10421,2585871,89.2857142857143,81.25,100,28,16,12
10422,2586446,100,100,100,28,15,13
10423,2587022,100,100,100,39,19,20
10424,2587614,94.735,100,89.47,38,19,19
10425,2587704,100,100,100,41,18,23
10426,2587890,100,100,100,46,19,27
10427,2588798,100,100,100,44,17,27
10428,2588906,100,100,100,41,14,27
10429,2589053,100,100,100,49,21,28
10430,2589879,100,100,100,47,20,27
10431,2590421,97.2233333333333,94.12,100,36,17,19
10432,2591712,100,100,100,22,10,12
10433,2591833,100,100,100,26,10,16
10434,2591841,100,100,100,26,13,13
10435,2591991,100,100,100,27,14,13
10436,2592143,100,100,100,31,14,17
10437,2592265,97.2989189189189,100,94.74,37,18,19
10438,2592405,100,100,100,36,16,20
10439,2592838,100,100,100,38,15,23
10440,2592946,100,100,100,42,19,23
10441,2593162,100,100,100,43,22,21
10442,2593193,97.5590243902439,94.44,100,41,18,23
10443,2593282,100,100,100,43,22,21
10444,2593294,100,100,100,47,27,20
10445,2593523,100,100,100,49,25,24
10446,2593874,100,100,100,39,20,19
10447,2594162,93.4782608695652,100,87.5,46,22,24
10448,2594774,100,100,100,39,23,16
10449,2594907,100,100,100,42,17,25
10450,2595804,96.7213114754098,92,100,61,25,36
10451,2595910,100,100,100,52,28,24
10452,2596057,100,100,100,53,30,23
10453,2596312,96.87265625,96.55,97.14,64,29,35
10454,2596771,92.1549019607843,88,96.15,51,25,26
10455,2596954,97.96,100,96.43,49,21,28
10456,2597232,95.5533333333333,93.1,100,45,29,16
10457,2597262,95.4504545454545,96.15,94.44,44,26,18
10458,2597487,100,100,100,46,24,22
10459,2597906,95.1209756097561,95.45,94.74,41,22,19
10460,2597981,100,100,100,43,20,23
10461,2599243,95.3476744186047,95.65,95,43,23,20
10462,2599335,94.8702564102564,95.45,94.12,39,22,17
10463,2599566,100,100,100,44,18,26
10464,2599645,100,100,100,32,8,24
10465,2599936,93.3333333333333,85,100,45,20,25
10466,2599955,95.2364285714286,89.47,100,42,19,23
10467,2600132,91.6652777777778,82.35,100,36,17,19
10468,2600527,90.9090909090909,80,100,33,15,18
10469,2601007,100,100,100,32,11,21
10470,2601013,96.43,91.67,100,28,12,16
10471,2601423,91.8940540540541,88.24,95,37,17,20
10472,2601708,100,100,100,48,24,24
10473,2601787,93.4760869565217,90,96.15,46,20,26
10474,2602298,97.7272727272727,95,100,44,20,24
10475,2602339,97.9591836734694,96,100,49,25,24
10476,2602355,100,100,100,53,26,27
10477,2602608,95.0016666666667,92.31,97.06,60,26,34
10478,2602661,96.4278571428571,95.65,96.97,56,23,33
10479,2603240,96.4894736842105,93.1,100,57,29,28
10480,2603705,96.8253968253968,96.15,97.3,63,26,37
10481,2603985,98.43546875,96.77,100,64,31,33
10482,2604157,96.9681818181818,93.33,100,33,15,18
10483,2604162,98.1116981132076,97.22,100,53,36,17
10484,2604348,98.7002597402597,97.22,100,77,36,41
10485,2604946,97.4015584415584,95.12,100,77,41,36
10486,2605034,98.44,96.88,100,64,32,32
10487,2605090,100,100,100,74,40,34
10488,2605267,100,100,100,75,35,40
10489,2605528,100,100,100,74,32,42
10490,2606041,96.9243076923077,94.12,100,65,34,31
10491,2606172,96.665,93.33,100,60,30,30
10492,2606277,97.1821126760563,100,94.87,71,32,39
10493,2606436,98.3037288135593,100,97.22,59,23,36
10494,2607043,95.1598387096774,96.97,93.1,62,33,29
10495,2607340,98.3037288135593,100,95.83,59,35,24
10496,2608022,98.5067164179104,96.55,100,67,29,38
10497,2608283,98.2447368421053,96.55,100,57,29,28
10498,2608372,98.3896774193548,96.88,100,62,32,30
10499,2608415,98.4603076923077,97.22,100,65,36,29
10500,2608887,98.5707142857143,100,96.55,70,41,29
10501,2609036,98.3858064516129,95.83,100,62,24,38
10502,2609447,100,100,100,57,27,30
10503,2609661,97.7275,96.97,100,44,33,11
10504,2610030,98.4616923076923,96.97,100,65,33,32
10505,2610110,98.5515942028986,97.37,100,69,38,31
10506,2610129,96.55,93.33,100,58,30,28
10507,2610477,98.3335,96.97,100,60,33,27
10508,2610662,100,100,100,56,31,25
10509,2611007,96.0016,92.86,100,50,28,22
10510,2611064,98.2760344827586,96.97,100,58,33,25
10511,2611117,97.5,95,100,40,20,20
10512,2611214,97.915625,95.65,100,48,23,25
10513,2611252,100,100,100,54,27,27
10514,2611331,98.1122641509434,96.55,100,53,29,24
10515,2611358,94.1211764705882,91.67,96.3,51,24,27
10516,2611403,100,100,100,42,18,24
10517,2612348,95.00125,86.67,100,40,15,25
10518,2612354,95.0015,92.31,100,40,26,14
10519,2612405,94.284,85.71,100,35,14,21
10520,2612414,77.2690909090909,73.33,85.71,22,15,7
10521,2612419,95.6534782608695,92.31,100,46,26,20
10522,2612440,95.9183673469388,96.3,95.45,49,27,22
10523,2612486,97.62,94.12,100,42,17,25
10524,2612525,94.5436363636364,93.33,96,55,30,25
10525,2612636,96.4294642857143,96.55,96.3,56,29,27
10526,2612813,98.275,96.55,100,58,29,29
10527,2613049,97.2233333333333,91.67,100,36,12,24
10528,2613061,98.1466666666667,95.83,100,54,24,30
10529,2613248,94.4459259259259,86.96,100,54,23,31
10530,2613328,97.6753488372093,92.86,100,43,14,29
10531,2613389,98.2758620689655,96,100,58,25,33
10532,2613407,96.7725806451613,93.1,100,62,29,33
10533,2613889,98.2442105263158,95.83,100,57,24,33
10534,2614072,100,100,100,53,24,29
10535,2614869,98.4111111111111,97.14,100,63,35,28
10536,2614929,98.5055223880597,96.77,100,67,31,36
10537,2615208,100,100,100,39,8,31
10538,2615220,96.8266666666667,92.86,100,63,28,35
10539,2615917,92.49925,89.47,95.24,40,19,21
10540,2616388,96.5531034482759,94.12,100,58,34,24
10541,2616548,98.2744827586207,100,95.83,58,34,24
10542,2616673,96.3650909090909,92.86,100,55,28,27
10543,2616746,100,100,100,51,23,28
10544,2616785,100,100,100,57,31,26
10545,2617133,96.6145762711865,96.88,96.3,59,32,27
10546,2617151,94.5456363636364,96.55,92.31,55,29,26
10547,2617180,92.5922222222222,93.33,91.67,54,30,24
10548,2617373,100,100,100,48,28,20
10549,2617424,100,100,100,62,34,28
10550,2617774,90.9109090909091,86.67,96,55,30,25
10551,2618141,100,100,100,25,6,19
10552,2618150,94.4416666666667,91.3,100,36,23,13
10553,2618301,92.6831707317073,92.31,93.33,41,26,15
10554,2618330,97.0588235294118,100,95,34,14,20
10555,2618366,100,100,100,38,20,18
10556,2618376,100,100,100,39,25,14
10557,2618420,97.4333333333333,96.15,100,39,26,13
10558,2618935,100,100,100,51,32,19
10559,2618947,93.75,90,100,48,30,18
10560,2619040,96.1519230769231,93.1,100,52,29,23
10561,2619061,97.2983783783784,92.86,100,37,14,23
10562,2619100,95.5546666666667,95.83,95.24,45,24,21
10563,2619175,97.9591836734694,100,95,49,29,20
10564,2619271,97.8239130434783,96.15,100,46,26,20
10565,2619381,95.0025,95.24,94.74,40,21,19
10566,2619393,94.1188235294118,96,92.31,51,25,26
10567,2620321,97.3663157894737,95.83,100,38,24,14
10568,2620490,100,100,100,45,23,22
10569,2620676,97.9591836734694,96,100,49,25,24
10570,2620865,89.13,82.61,95.65,46,23,23
10571,2621453,97.8269565217391,95.24,100,46,21,25
10572,2621563,100,100,100,30,8,22
10573,2621816,100,100,100,52,24,28
10574,2621855,100,100,100,52,28,24
10575,2623164,97.2222222222222,93.75,100,36,16,20
10576,2623306,100,100,100,33,11,22
10577,2623362,97.1405714285714,94.44,100,35,18,17
10578,2623563,97.2983783783784,95.24,100,37,21,16
10579,2624202,97.49875,95.65,100,40,23,17
10580,2624607,94.2828571428571,93.1,100,35,29,6
10581,2624683,100,100,100,34,25,9
10582,2624751,96.7716129032258,94.44,100,31,18,13
10583,2624932,97.5609756097561,96,100,41,25,16
10584,2625164,84.6169230769231,63.64,100,26,11,15
10585,2625555,95.002,96.43,91.67,40,28,12
10586,2626373,96.969696969697,93.75,100,33,16,17
10587,2626568,96.5527586206896,92.31,100,29,13,16
10588,2626783,84.6169230769231,63.64,100,26,11,15
10589,2626810,91.66875,86.67,100,24,15,9
10590,2626947,96.8725,94.44,100,32,18,14
10591,2627323,100,100,100,26,16,10
10592,2627727,95.4563636363636,91.67,100,22,12,10
10593,2628112,100,100,100,22,10,12
10594,2628406,100,100,100,15,5,10
10595,2628736,100,100,100,11,6,5
10596,2628778,100,100,100,14,7,7
10597,2629749,100,100,100,14,6,8
10598,2629874,93.3333333333333,100,87.5,15,7,8
10599,2629901,86.6673333333333,71.43,100,15,7,8
10600,2630396,100,100,100,16,8,8
10601,2630618,100,100,100,19,8,11
10602,2630720,100,100,100,21,8,13
10603,2630807,100,100,100,19,8,11
10604,2631627,100,100,100,28,18,10
10605,2631660,97.1428571428571,100,95,35,15,20
10606,2631699,97.2972972972973,100,95,37,17,20
10607,2632782,95.1209756097561,95.83,94.12,41,24,17
10608,2633261,97.2194444444444,100,95.45,36,14,22
10609,2633331,100,100,100,41,21,20
10610,2633484,94.8738461538461,100,90.48,39,18,21
10611,2633493,97.6753488372093,100,95.24,43,22,21
10612,2633783,97.6204761904762,100,94.74,42,23,19
10613,2634221,93.7475,96.55,89.47,48,29,19
10614,2634325,95.2392857142857,100,86.67,42,27,15
10615,2634614,97.9166666666667,96,100,48,25,23
10616,2634664,100,100,100,42,19,23
10617,2634722,97.8712765957447,100,95.65,47,24,23
10618,2634739,100,100,100,44,22,22
10619,2634835,97.7777777777778,100,96,45,20,25
10620,2634980,100,100,100,44,17,27
10621,2635748,96.9709090909091,100,94.12,33,16,17
10622,2635776,93.5467741935484,94.44,92.31,31,18,13
10623,2636006,94.2842857142857,93.33,95,35,15,20
10624,2636175,94.4444444444444,93.75,95,36,16,20
10625,2636451,97.144,94.12,100,35,17,18
10626,2636457,100,100,100,31,21,10
10627,2636749,100,100,100,43,21,22
10628,2636862,100,100,100,45,25,20
10629,2636929,100,100,100,34,16,18
10630,2636979,100,100,100,36,16,20
10631,2636985,100,100,100,37,22,15
10632,2637514,100,100,100,30,19,11
10633,2637690,100,100,100,40,21,19
10634,2637753,89.4734210526316,95.24,82.35,38,21,17
10635,2637840,97.7281818181818,95.24,100,44,21,23
10636,2639598,94.7373684210526,94.12,95.65,57,34,23
10637,2639830,97.6725581395349,95.83,100,43,24,19
10638,2640360,100,100,100,34,14,20
10639,2640771,100,100,100,36,16,20
10640,2641011,97.3694736842105,95.24,100,38,21,17
10641,2641062,100,100,100,37,18,19
10642,2641076,97.5015,100,94.74,40,21,19
10643,2641185,100,100,100,24,7,17
10644,2641205,96.43,100,92.86,28,14,14
10645,2641209,100,100,100,18,9,9
10646,2641283,95.5522222222222,95.45,95.65,45,22,23
10647,2641298,94.99875,93.33,96,40,15,25
10648,2641307,100,100,100,41,18,23
10649,2641373,97.5015,100,94.74,40,21,19
10650,2641387,94.2837142857143,100,89.47,35,16,19
10651,2641410,97.2230555555555,92.31,100,36,13,23
10652,2641903,95.835,92.86,100,24,14,10
10653,2641928,91.6666666666667,85,100,36,20,16
10654,2642092,100,100,100,30,16,14
10655,2642122,100,100,100,42,19,23
10656,2642233,100,100,100,32,17,15
10657,2642401,96.7751612903226,92.31,100,31,13,18
10658,2642417,97.2972972972973,93.75,100,37,16,21
10659,2642680,97.2230555555555,92.31,100,36,13,23
10660,2643358,100,100,100,33,16,17
10661,2643367,96.87625,92.86,100,32,14,18
10662,2643541,100,100,100,31,10,21
10663,2643607,100,100,100,32,10,22
10664,2643775,97.2194444444444,100,95.45,36,14,22
10665,2643981,96.2962962962963,100,93.75,27,11,16
10666,2643994,100,100,100,19,8,11
10667,2644155,100,100,100,34,16,18
10668,2644218,96.9715151515151,100,94.74,33,14,19
10669,2644601,100,100,100,33,15,18
10670,2644650,100,100,100,31,10,21
10671,2645725,100,100,100,45,18,27
10672,2645872,100,100,100,42,23,19
10673,2645916,97.776,100,94.44,45,27,18
10674,2646166,97.8731914893617,95.24,100,47,21,26
10675,2646253,97.3663157894737,95.83,100,38,24,14
10676,2646302,96.7754838709677,100,95.24,31,10,21
10677,2646311,96,100,90,25,15,10
10678,2646316,94.4444444444444,100,75,18,14,4
10679,2646363,97.6178571428572,100,95.65,42,19,23
10680,2646371,97.8273913043478,100,94.74,46,27,19
10681,2646405,100,100,100,40,16,24
10682,2646415,100,100,100,50,29,21
10683,2646699,100,100,100,49,27,22
10684,2646808,100,100,100,40,19,21
10685,2646942,100,100,100,48,25,23
10686,2647008,100,100,100,47,29,18
10687,2647071,98,100,95,50,30,20
10688,2647084,100,100,100,55,31,24
10689,2647347,100,100,100,50,28,22
10690,2647500,100,100,100,47,21,26
10691,2647641,100,100,100,58,29,29
10692,2647704,100,100,100,49,28,21
10693,2647845,100,100,100,43,25,18
10694,2647881,100,100,100,43,25,18
10695,2648404,100,100,100,42,28,14
10696,2648421,100,100,100,40,27,13
10697,2648946,100,100,100,49,25,24
10698,2649549,100,100,100,58,34,24
10699,2649708,100,100,100,49,29,20
10700,2649822,100,100,100,49,33,16
10701,2649861,94.4427777777778,85.71,100,36,14,22
10702,2650179,95.83625,95.24,96.3,48,21,27
10703,2650201,70,50,100,10,6,4
10704,2650206,100,100,100,26,10,16
10705,2650215,100,100,100,24,17,7
10706,2650438,100,100,100,52,25,27
10707,2651103,100,100,100,51,19,32
10708,2651565,100,100,100,38,16,22
10709,2651589,100,100,100,43,18,25
10710,2651881,100,100,100,48,17,31
10711,2652006,97.2233333333333,91.67,100,36,12,24
10712,2652075,97.78,100,96.67,45,15,30
10713,2652597,97.144,100,95.24,35,14,21
10714,2652672,97.1414285714286,100,93.33,35,20,15
10715,2652882,95.0005,88.89,100,40,18,22
10716,2655463,100,100,100,48,18,30
10717,2655906,97.824347826087,100,95.83,46,22,24
10718,2655922,97.5619512195122,100,96.43,41,13,28
10719,2655939,95.119512195122,100,91.3,41,18,23
10720,2655958,97.3657894736842,100,95.45,38,16,22
10721,2655963,91.4285714285714,100,85,35,15,20
10722,2656042,100,100,100,52,26,26
10723,2656086,100,100,100,49,21,28
10724,2656152,98.1122641509434,100,96.55,53,24,29
10725,2656228,98.1488888888889,100,97.06,54,20,34
10726,2656239,97.6190476190476,100,93.75,42,26,16
10727,2656623,95.24,100,88.24,42,25,17
10728,2656668,97.78,100,96.67,45,15,30
10729,2656674,95.3506976744186,100,91.67,43,19,24
10730,2657051,96.7714516129032,100,94.59,62,25,37
10731,2657398,98.3335,100,96.97,60,27,33
10732,2657761,100,100,100,55,31,24
10733,2658025,98.485,100,96.97,66,33,33
10734,2658165,100,100,100,53,23,30
10735,2658328,97.9571428571429,100,95.45,49,27,22
10736,2658798,100,100,100,58,29,29
10737,2659154,96.43,95.83,96.88,56,24,32
10738,2659234,98.2144642857143,100,96.97,56,23,33
10739,2659390,100,100,100,62,26,36
10740,2659486,94.5449090909091,96.43,92.59,55,28,27
10741,2659949,100,100,100,46,24,22
10742,2660027,98.1847272727273,96.88,100,55,32,23
10743,2660347,98.2456140350877,100,96,57,32,25
10744,2660435,98.2775862068966,96.67,100,58,30,28
10745,2660786,98.1825454545454,100,96.43,55,27,28
10746,2661284,92.305641025641,100,86.36,39,17,22
10747,2661337,95.2371428571429,100,83.33,42,30,12
10748,2661352,98.0753846153846,100,95.83,52,28,24
10749,2661665,95.92,100,91.67,49,25,24
10750,2662778,98.1825454545454,100,96.43,55,27,28
10751,2663383,88.6815094339623,80.77,96.3,53,26,27
10752,2663668,97.4975,100,95.45,40,18,22
10753,2663692,100,100,100,41,18,23
10754,2663794,100,100,100,45,26,19
10755,2663881,100,100,100,48,24,24
10756,2664013,100,100,100,50,25,25
10757,2664523,100,100,100,41,24,17
10758,2664898,94.8717948717949,100,90,39,19,20
10759,2664921,100,100,100,45,21,24
10760,2664969,97.0558823529412,100,95.45,34,12,22
10761,2665038,95.2357142857143,95.45,95,42,22,20
10762,2665069,97.8260869565217,100,96,46,21,25
10763,2665134,94.12,100,90.48,34,13,21
10764,2665174,100,100,100,40,23,17
10765,2665251,86.8426315789474,85,88.89,38,20,18
10766,2665427,93.9406060606061,93.75,94.12,33,16,17
10767,2665492,96.8725,94.44,100,32,18,14
10768,2665606,100,100,100,38,14,24
10769,2666099,100,100,100,38,17,21
10770,2666216,100,100,100,43,19,24
10771,2666438,97.7766666666667,100,96.55,45,16,29
10772,2666647,100,100,100,40,18,22
10773,2666689,100,100,100,46,19,27
10774,2667032,97.0605882352941,94.74,100,34,19,15
10775,2667371,100,100,100,42,21,21
10776,2667652,97.5624390243902,100,94.74,41,22,19
10777,2667973,96.969696969697,93.75,100,33,16,17
10778,2668286,100,100,100,37,19,18
10779,2668315,100,100,100,41,25,16
10780,2668358,100,100,100,39,22,17
10781,2668384,100,100,100,32,19,13
10782,2668783,94.8717948717949,90,100,39,20,19
10783,2668790,100,100,100,36,25,11
10784,2669185,100,100,100,33,16,17
10785,2669386,97.3663157894737,95.83,100,38,24,14
10786,2669567,96.87625,95.24,100,32,21,11
10787,2669617,93.94,88.89,100,33,18,15
10788,2670023,100,100,100,45,24,21
10789,2670320,97.501,95.24,100,40,21,19
10790,2670865,97.1405714285714,95.83,100,35,24,11
10791,2670965,97.6159523809524,96.77,100,42,31,11
10792,2671026,98.0411764705882,96.67,100,51,30,21
10793,2671155,100,100,100,50,29,21
10794,2671232,100,100,100,52,28,24
10795,2671269,100,100,100,52,31,21
10796,2671439,100,100,100,36,14,22
10797,2671444,97.2238888888889,94.74,100,36,19,17
10798,2671499,100,100,100,39,31,8
10799,2671972,100,100,100,58,26,32
10800,2672030,100,100,100,52,25,27
10801,2672062,100,100,100,56,25,31
10802,2672351,100,100,100,43,27,16
10803,2672846,100,100,100,37,11,26
10804,2672854,97.4369230769231,96.43,100,39,28,11
10805,2673011,98.0008,96.43,100,50,28,22
10806,2673181,97.915,95.83,100,48,24,24
10807,2673758,97.7755555555555,100,95.45,45,23,22
10808,2673882,100,100,100,42,26,16
10809,2673906,100,100,100,60,30,30
10810,2674829,100,100,100,61,32,29
10811,2674904,98.2133928571428,96.55,100,56,29,27
10812,2675096,100,100,100,68,35,33
10813,2675157,100,100,100,63,35,28
10814,2675337,100,100,100,39,18,21
10815,2675342,100,100,100,50,34,16
10816,2675667,100,100,100,56,35,21
10817,2675714,100,100,100,60,35,25
10818,2676284,98.5055223880597,100,96.77,67,36,31
10819,2676746,96.77,96.77,96.77,62,31,31
10820,2677118,98.1488888888889,100,95.24,54,33,21
10821,2677310,97.7748888888889,100,96.77,45,14,31
10822,2677573,97.62,100,94.12,42,25,17
10823,2677615,98.0008,96.43,100,50,28,22
10824,2677796,100,100,100,32,24,8
10825,2678447,95.556,100,90.91,45,23,22
10826,2678708,95.1219512195122,100,90,41,21,20
10827,2678954,95.0025,95.24,94.74,40,21,19
10828,2679818,97.6190476190476,100,93.75,42,26,16
10829,2679851,100,100,100,31,16,15
10830,2680389,100,100,100,45,27,18
10831,2681592,100,100,100,36,24,12
10832,2682104,100,100,100,32,24,8
10833,2682531,96.7741935483871,100,90,31,21,10
10834,2682640,96.2944444444444,93.33,100,27,15,12
10835,2682708,100,100,100,28,19,9
10836,2683317,100,100,100,23,15,8
10837,2683493,95,100,87.5,20,12,8
10838,2683716,96.0016,92.86,100,25,14,11
10839,2683775,90.9081818181818,93.75,83.33,22,16,6
10840,2683791,96.6686666666667,94.74,100,30,19,11
10841,2684100,96.43,100,91.67,28,16,12
10842,2684452,100,100,100,18,12,6
10843,2684542,100,100,100,30,14,16
10844,2684792,100,100,100,25,13,12
10845,2685037,96.875,100,93.75,32,16,16
10846,2685268,100,100,100,15,12,3
10847,2685272,100,100,100,9,3,6
10848,2685410,90.3209677419355,87.5,93.33,31,16,15
10849,2685989,100,100,100,23,11,12
10850,2686102,91.6670833333333,94.12,85.71,24,17,7
10851,2686826,97.9575510204082,95.83,100,49,24,25
10852,2686895,97.9145833333333,95.45,100,48,22,26
10853,2686964,96.1553846153846,91.67,100,52,24,28
10854,2687440,97.9612244897959,100,96.3,49,22,27
10855,2687928,97.4338461538462,100,94.44,39,21,18
10856,2687967,100,100,100,50,25,25
10857,2688762,92.6807317073171,96.55,83.33,41,29,12
10858,2689103,100,100,100,47,25,22
10859,2689261,97.7791111111111,94.74,100,45,19,26
10860,2689852,98.2128571428571,95.83,100,56,24,32
10861,2690043,100,100,100,48,22,26
10862,2690185,97.7281818181818,95.24,100,44,21,23
10863,2690476,100,100,100,36,18,18
10864,2690973,100,100,100,38,22,16
10865,2692055,97.825,100,96.55,46,17,29
10866,2692101,100,100,100,46,22,24
10867,2692502,100,100,100,32,16,16
10868,2692535,100,100,100,38,20,18
10869,2692799,97.2233333333333,94.12,100,36,17,19
10870,2693229,92.3076923076923,100,50,26,22,4
10871,2693543,100,100,100,43,23,20
10872,2693652,100,100,100,42,23,19
10873,2693747,100,100,100,33,24,9
10874,2693751,96.2933333333333,100,94.44,27,9,18
10875,2693774,97.1445714285714,100,94.74,35,16,19
10876,2693870,100,100,100,40,22,18
10877,2694090,100,100,100,32,20,12
10878,2694255,97.7755555555555,96.15,100,45,26,19
10879,2694275,97.776,95.83,100,45,24,21
10880,2694294,100,100,100,37,18,19
10881,2694312,100,100,100,48,25,23
10882,2694794,100,100,100,45,23,22
10883,2694822,100,100,100,42,25,17
10884,2695029,100,100,100,30,15,15
10885,2696288,100,100,100,15,6,9
10886,2696834,96.875,100,90,32,22,10
10887,2696929,100,100,100,34,24,10
10888,2697512,96.1519230769231,93.33,100,26,15,11
10889,2697574,100,100,100,25,15,10
10890,2697631,96.1553846153846,94.12,100,26,17,9
10891,2697699,100,100,100,23,17,6
10892,2698614,100,100,100,17,10,7
10893,2699036,100,100,100,16,9,7
10894,2699300,100,100,100,16,9,7
10895,2699546,100,100,100,16,10,6
10896,2699745,85.7157142857143,100,66.67,14,8,6
10897,2699828,100,100,100,12,7,5
10898,2699850,100,100,100,13,6,7
10899,2700133,93.3313333333333,100,85.71,15,8,7
10900,2700504,100,100,100,12,5,7
10901,2700796,100,100,100,15,4,11
10902,2700924,100,100,100,14,4,10
10903,2700932,100,100,100,17,8,9
10904,2700940,100,100,100,14,6,8
10905,2700961,100,100,100,19,9,10
10906,2701269,100,100,100,20,11,9
10907,2701308,100,100,100,24,11,13
10908,2701485,100,100,100,23,9,14
10909,2701583,96.4285714285714,93.75,100,28,16,12
10910,2701652,96.7725806451613,100,93.33,31,16,15
10911,2702487,100,100,100,27,15,12
10912,2702626,100,100,100,23,14,9
10913,2702734,100,100,100,22,12,10
10914,2702826,100,100,100,28,14,14
10915,2702985,96.4296428571429,100,92.31,28,15,13
10916,2703211,100,100,100,26,16,10
10917,2703238,100,100,100,16,10,6
10918,2703509,100,100,100,29,18,11
10919,2703599,96,100,87.5,25,17,8
10920,2704572,90.624375,100,78.57,32,18,14
10921,2704833,96.969696969697,95,100,33,20,13
10922,2704893,96.2977777777778,94.12,100,27,17,10
10923,2704948,86.666,83.33,91.67,30,18,12
10924,2704971,93.9354545454545,94.44,93.33,33,18,15
10925,2705050,89.2878571428571,94.12,81.82,28,17,11
10926,2705392,93.5509677419355,94.12,92.86,31,17,14
10927,2705507,96.665,100,93.33,30,15,15
10928,2705569,95.6534782608695,100,92.31,23,10,13
10929,2705574,100,100,100,18,10,8
10930,2705632,96.668,100,92.86,30,16,14
10931,2705757,96.668,94.12,100,30,17,13
10932,2705791,96.7761290322581,94.74,100,31,19,12
10933,2706034,80,50,87.5,10,2,8
10934,2706039,100,100,100,18,6,12
10935,2706045,96.2962962962963,95,100,27,20,7
10936,2706076,96.551724137931,93.75,100,29,16,13
10937,2706567,96.1538461538462,95,100,26,20,6
10938,2706708,96.7754838709677,100,92.86,31,17,14
10939,2706756,100,100,100,32,19,13
10940,2706990,100,100,100,25,13,12
10941,2707045,100,100,100,27,17,10
10942,2707099,100,100,100,22,10,12
10943,2707392,100,100,100,33,16,17
10944,2707470,100,100,100,26,13,13
10945,2707596,78.948947368421,66.67,90,19,9,10
10946,2707797,100,100,100,33,19,14
10947,2707933,100,100,100,27,14,13
10948,2708233,100,100,100,17,7,10
10949,2708242,95,93.75,100,20,16,4
10950,2708341,100,100,100,31,16,15
10951,2709181,100,100,100,21,14,7
10952,2709959,100,100,100,18,11,7
10953,2710160,90.9118181818182,84.62,100,22,13,9
10954,2710655,100,100,100,24,15,9
10955,2710692,100,100,100,29,16,13
10956,2710910,100,100,100,24,11,13
10957,2711432,100,100,100,22,8,14
10958,2711501,100,100,100,27,12,15
10959,2712007,100,100,100,28,15,13
10960,2712108,100,100,100,36,17,19
10961,2712324,100,100,100,24,13,11
10962,2712439,100,100,100,23,6,17
10963,2712696,96.55,93.33,100,29,15,14
10964,2713136,100,100,100,32,22,10
10965,2713176,100,100,100,37,23,14
10966,2713358,100,100,100,37,19,18
10967,2713512,100,100,100,30,11,19
10968,2713587,100,100,100,38,21,17
10969,2713766,100,100,100,40,25,15
10970,2714342,97.4346153846154,100,93.33,39,24,15
10971,2714692,100,100,100,29,22,7
10972,2714929,100,100,100,35,22,13
10973,2715060,100,100,100,31,23,8
10974,2715315,100,100,100,25,13,12
10975,2716408,100,100,100,23,13,10
10976,2716944,100,100,100,26,15,11
10977,2717198,100,100,100,25,14,11
10978,2717248,100,100,100,22,15,7
10979,2717593,100,100,100,24,16,8
10980,2717602,95.002,92.86,100,20,14,6
10981,2717996,100,100,100,26,11,15
10982,2718241,96.668,100,92.86,30,16,14
10983,2718274,96.665,100,93.33,30,15,15
10984,2718784,94.445,88.89,100,18,9,9
10985,2718789,92.8571428571429,100,80,14,9,5
10986,2718889,96.7761290322581,100,94.74,31,12,19
10987,2718903,93.1055172413793,100,84.62,29,16,13
10988,2719062,91.8902702702703,92.86,91.3,37,14,23
10989,2719586,100,100,100,45,16,29
10990,2719707,96.8734375,93.33,100,32,15,17
10991,2720278,100,100,100,43,12,31
10992,2720974,96.9715151515151,100,94.74,33,14,19
10993,2721622,100,100,100,37,19,18
10994,2721727,96.4285714285714,100,95,28,8,20
10995,2721747,97.06,100,94.12,34,17,17
10996,2721787,100,100,100,30,14,16
10997,2721852,96.155,92.31,100,26,13,13
10998,2722201,100,100,100,30,14,16
10999,2722227,90.3264516129032,92.86,88.24,31,14,17
11000,2722269,93.3356666666667,92.31,94.12,30,13,17
11001,2722279,92.3084615384615,100,88.89,26,8,18
11002,2722315,96,100,93.75,25,9,16
11003,2722329,96.2962962962963,100,93.75,27,11,16
11004,2722357,86.9591304347826,84.62,90,23,13,10
11005,2722402,100,100,100,19,11,8
11006,2722462,92.002,90.91,92.86,25,11,14
11007,2722569,86.3659090909091,77.78,92.31,22,9,13
11008,2723246,95.6534782608695,100,92.31,23,10,13
11009,2723433,95.6521739130435,90,100,23,10,13
11010,2723702,89.4768421052632,100,84.62,19,6,13
11011,2723834,100,100,100,17,6,11
11012,2723874,100,100,100,13,4,9
11013,2723894,91.6666666666667,100,90,12,2,10
11014,2723901,85.7157142857143,100,77.78,14,5,9
11015,2723948,94.7384210526316,100,92.31,19,6,13
11016,2723985,95.002,100,91.67,20,8,12
11017,2724288,85,80,90,20,10,10
11018,2725047,100,100,100,22,9,13
11019,2725238,100,100,100,17,7,10
11020,2725428,100,100,100,14,7,7
11021,2726792,100,100,100,18,11,7
11022,2727299,100,100,100,15,7,8
11023,2728499,100,100,100,18,9,9
11024,2729276,60,0,100,5,2,3
11025,2729626,100,100,100,11,5,6
11026,2729800,100,100,100,9,3,6
11027,2730451,94.4444444444444,90,100,18,10,8
11028,2730875,89.4736842105263,80,100,19,10,9
11029,2731141,86.3654545454545,91.67,80,22,12,10
11030,2731700,100,100,100,23,12,11
11031,2731747,100,100,100,19,10,9
11032,2732005,100,100,100,22,12,10
11033,2732395,100,100,100,20,9,11
11034,2732926,100,100,100,22,10,12
11035,2732993,100,100,100,26,14,12
11036,2733379,100,100,100,28,15,13
11037,2733640,100,100,100,26,17,9
11038,2733721,100,100,100,26,15,11
11039,2733916,100,100,100,26,16,10
11040,2734162,89.4736842105263,75,100,19,8,11
11041,2734191,100,100,100,23,12,11
11042,2734284,100,100,100,22,14,8
11043,2734900,96.7716129032258,100,94.44,31,13,18
11044,2735143,95.2385714285714,100,90.91,21,10,11
11045,2735262,100,100,100,20,11,9
11046,2735305,100,100,100,24,13,11
11047,2735893,100,100,100,20,8,12
11048,2735949,100,100,100,19,8,11
11049,2736366,100,100,100,19,11,8
11050,2736423,100,100,100,23,13,10
11051,2736537,100,100,100,24,13,11
11052,2736546,100,100,100,17,6,11
11053,2736552,100,100,100,23,11,12
11054,2736660,100,100,100,23,13,10
11055,2736972,75.002,50,91.67,20,8,12
11056,2737385,89.4742105263158,91.67,85.71,19,12,7
11057,2737893,95.6534782608695,92.31,100,23,13,10
11058,2738256,100,100,100,21,8,13
11059,2738619,100,100,100,22,12,10
11060,2738895,94.1176470588235,90,100,17,10,7
11061,2739173,100,100,100,26,13,13
11062,2739332,100,100,100,27,15,12
11063,2739551,95.835,92.86,100,24,14,10
11064,2739668,96.2977777777778,91.67,100,27,12,15
11065,2739863,93.1031034482759,92.86,93.33,29,14,15
11066,2740040,96.2974074074074,92.31,100,27,13,14
11067,2740113,95.8345833333333,92.31,100,24,13,11
11068,2740246,100,100,100,26,14,12
11069,2740453,100,100,100,23,9,14
11070,2740683,91.3065217391304,92.86,88.89,23,14,9
11071,2740710,93.336,91.67,100,15,12,3
11072,2740774,90.4790476190476,84.62,100,21,13,8
11073,2740818,88.2335294117647,90,85.71,17,10,7
11074,2740953,100,100,100,19,12,7
11075,2740995,95.6526086956522,90.91,100,23,11,12
11076,2741158,87.500625,71.43,100,16,7,9
11077,2741187,94.1164705882353,83.33,100,17,6,11
11078,2741418,88.8888888888889,75,100,18,8,10
11079,2741535,88.8888888888889,75,100,18,8,10
11080,2741867,90.9072727272727,83.33,100,11,6,5
11081,2742280,89.4742105263158,83.33,92.31,19,6,13
11082,2742479,93.332,83.33,100,15,6,9
11083,2742714,90.001,66.67,100,10,3,7
11084,2743461,89.998,83.33,100,10,6,4
11085,2743557,100,100,100,8,6,2
11086,2743835,100,100,100,19,8,11
11087,2744972,96.2974074074074,92.31,100,27,13,14
11088,2745055,100,100,100,27,12,15
11089,2745187,100,100,100,25,11,14
11090,2745382,100,100,100,17,6,11
11091,2745415,93.5467741935484,93.75,93.33,31,16,15
11092,2745516,88,62.5,100,25,8,17
11093,2745550,84.0016,94.12,62.5,25,17,8
11094,2745682,96.43,94.12,100,28,17,11
11095,2745707,100,100,100,36,18,18
11096,2745883,93.5516129032258,94.74,91.67,31,19,12
11097,2745962,93.332,100,83.33,30,18,12
11098,2745979,97.5,95,100,40,20,20
11099,2746021,96.8753125,90.91,100,32,11,21
11100,2746027,100,100,100,29,14,15
11101,2746717,100,100,100,38,23,15
11102,2746806,98.0753846153846,95.83,100,52,24,28
11103,2746885,97.8706382978723,100,95.83,47,23,24
11104,2746987,98.2144642857143,100,96.97,56,23,33
11105,2747182,100,100,100,55,24,31
11106,2747775,98.3325,96.55,100,60,29,31
11107,2748187,100,100,100,55,25,30
11108,2748801,95.5573333333333,100,91.67,45,21,24
11109,2748813,100,100,100,45,21,24
11110,2749366,100,100,100,43,15,28
11111,2749608,97.2208333333333,93.33,100,36,15,21
11112,2749932,100,100,100,38,17,21
11113,2750284,100,100,100,33,14,19
11114,2750400,93.335,100,86.67,30,15,15
11115,2750595,100,100,100,25,15,10
11116,2750649,100,100,100,26,13,13
11117,2750763,100,100,100,25,15,10
11118,2751024,100,100,100,30,16,14
11119,2751335,96.9709090909091,100,92.86,33,19,14
11120,2751355,96.8734375,93.33,100,32,15,17
11121,2751515,100,100,100,35,18,17
11122,2752083,100,100,100,30,14,16
11123,2752173,96.8734375,93.33,100,32,15,17
11124,2752660,100,100,100,33,13,20
11125,2752669,100,100,100,32,15,17
11126,2752675,100,100,100,24,9,15
11127,2752807,100,100,100,34,11,23
11128,2752929,100,100,100,37,16,21
11129,2752977,100,100,100,39,17,22
11130,2753023,100,100,100,38,14,24
11131,2753801,100,100,100,32,15,17
11132,2754056,96.43,100,92.86,28,14,14
11133,2754089,100,100,100,30,13,17
11134,2754553,96.4285714285714,100,95,28,8,20
11135,2755143,100,100,100,30,16,14
11136,2755763,95.6539130434783,92.86,100,23,14,9
11137,2755789,88.2364705882353,100,77.78,34,16,18
11138,2756418,96.0004,88.89,100,25,9,16
11139,2756808,100,100,100,18,6,12
11140,2756936,89.4747368421053,100,81.82,19,8,11
11141,2757330,88.8866666666667,100,83.33,9,3,6
11142,2757443,82.3541176470588,87.5,77.78,17,8,9
11143,2758241,83.335,100,66.67,6,3,3
11144,2758409,100,100,100,8,3,5
11145,2758469,100,100,100,7,2,5
11146,2758655,77.7788888888889,100,71.43,9,2,7
11148,2759380,100,NA,100,3,NA,3
11149,2759510,100,NA,100,4,NA,4
11150,2759540,83.3333333333333,0,100,6,1,5
11151,2759933,88.8866666666667,100,83.33,9,3,6
11152,2760512,90.9090909090909,100,80,11,6,5
11153,2760570,100,100,100,7,4,3
11154,2760659,75.0025,100,66.67,4,1,3
11155,2761393,100,100,100,16,6,10
11156,2761410,87.49875,85.71,88.89,16,7,9
11157,2761772,100,100,100,14,6,8
11158,2761832,100,100,100,13,5,8
11159,2761901,100,100,100,16,7,9
11160,2762086,94.4444444444444,80,100,18,5,13
11161,2762321,100,100,100,19,6,13
11162,2762360,95.83375,90.91,100,24,11,13
11163,2762561,100,100,100,23,10,13
11164,2762612,95.8345833333333,100,92.31,24,11,13
11165,2762869,93.75,87.5,100,16,8,8
11166,2762995,93.334,100,88.89,15,6,9
11167,2763029,92.3076923076923,100,87.5,13,5,8
11168,2763211,81.25,75,87.5,16,8,8
11169,2763413,85.7142857142857,75,100,14,8,6
11170,2763530,85,80,90,20,10,10
11171,2763774,95.0005,100,88.89,20,11,9
11172,2763912,100,100,100,15,7,8
11173,2763984,92.8571428571429,90,100,14,10,4
11174,2763996,84.6169230769231,77.78,100,13,9,4
11175,2764096,92.8571428571429,90,100,14,10,4
11176,2764590,94.1182352941177,90.91,100,17,11,6
11177,2764618,80,77.78,83.33,15,9,6
11178,2764675,94.12,91.67,100,17,12,5
11179,2764786,85.71,85.71,85.71,14,7,7
11180,2764903,88.2358823529412,100,71.43,17,10,7
11181,2765213,100,100,100,14,8,6
11182,2765234,88.89,91.67,83.33,18,12,6
11183,2765736,77.7777777777778,75,80,9,4,5
11184,2765803,42.8571428571429,20,100,7,5,2
11185,2765909,63.6381818181818,60,66.67,11,5,6
11186,2766174,92.3084615384615,88.89,100,13,9,4
11187,2767200,100,100,100,21,13,8
11188,2767424,84.6161538461538,75,88.89,13,4,9
11189,2767824,93.5470967741935,100,83.33,31,19,12
11190,2767927,96.9709090909091,100,92.86,33,19,14
11191,2767978,100,100,100,32,19,13
11192,2768086,100,100,100,35,22,13
11193,2771355,100,100,100,28,15,13
11194,2771546,95.998,100,93.33,25,10,15
11195,2771806,100,100,100,25,15,10
11196,2771839,86.9578260869565,80,92.31,23,10,13
11197,2772612,94.4461111111111,100,92.31,18,5,13
11198,2772651,100,100,100,25,15,10
11199,2772797,100,100,100,23,12,11
11200,2772804,100,100,100,24,17,7
11201,2772918,100,100,100,18,13,5
11202,2773076,100,100,100,20,8,12
11203,2773106,100,100,100,22,12,10
11204,2773381,90.001,77.78,100,20,9,11
11205,2774831,62.503125,54.55,80,16,11,5
11206,2775960,100,100,100,27,17,10
11207,2777679,92.5903703703704,85.71,100,27,14,13
11208,2778761,100,100,100,31,18,13
11209,2778843,100,100,100,27,14,13
11210,2779088,96.9709090909091,100,94.12,33,16,17
11211,2779130,97.0588235294118,93.75,100,34,16,18
11212,2779247,95.998,100,93.33,25,10,15
11213,2779400,100,100,100,29,18,11
11214,2779832,97.6178571428572,95.65,100,42,23,19
11215,2780178,100,100,100,34,18,16
11216,2780319,95.4545454545455,100,87.5,22,14,8
11217,2783083,86.6646666666666,87.5,85.71,15,8,7
11218,2783384,85.7142857142857,100,75,14,6,8
11219,2783704,100,100,100,8,4,4
11220,2783800,100,100,100,8,3,5
11221,2784562,66.6666666666667,80,50,9,5,4
11222,2785885,100,100,NA,4,4,NA
11223,2786181,100,100,100,6,5,1
11224,2786476,100,100,100,3,2,1
11225,2786611,100,100,100,3,2,1
11226,2787084,100,100,100,6,4,2
11227,2787223,100,100,100,9,7,2
11228,2787396,100,100,100,6,4,2
11229,2787466,85.7157142857143,66.67,100,7,3,4
11230,2787740,75.0025,100,66.67,8,2,6
11231,2787964,100,100,100,15,9,6
11232,2788861,72.2222222222222,80,62.5,18,10,8
11233,2788975,87.8012195121951,86.36,89.47,41,22,19
11234,2789202,93.18,90.91,95.45,44,22,22
11235,2789273,100,100,100,39,20,19
11236,2789685,97.7766666666667,95.65,100,45,23,22
11237,2789889,97.8731914893617,100,95.24,47,26,21
11238,2790129,95.6482608695652,95.45,95.83,46,22,24
11239,2790214,98.1483333333333,100,96.97,54,21,33
11240,2790268,98.0002,100,96.97,50,17,33
11241,2790759,100,100,100,66,29,37
11242,2790991,98.5074626865672,100,97.5,67,27,40
11243,2791086,98.4375,96,100,64,25,39
11244,2791861,100,100,100,51,15,36
11245,2792266,98.6486486486486,97.5,100,74,40,34
11246,2793302,96.002,96.67,95,50,30,20
11247,2793434,100,100,100,46,26,20
11248,2793519,100,100,100,40,23,17
11249,2793542,100,100,100,47,19,28
11250,2793711,100,100,100,40,17,23
11251,2793767,100,100,100,39,20,19
11252,2793797,100,100,100,38,24,14
11253,2793825,100,100,100,44,19,25
11254,2793860,97.3694736842105,100,94.12,38,21,17
11255,2793962,97.824347826087,100,95.83,46,22,24
11256,2793980,97.2983783783784,95.24,100,37,21,16
11257,2794067,100,100,100,29,15,14
11258,2794598,97.2233333333333,91.67,100,36,12,24
11259,2794808,97.501,95.24,100,40,21,19
11260,2794877,100,100,100,36,20,16
11261,2795342,100,100,100,27,11,16
11262,2795546,100,100,100,37,15,22
11263,2795653,100,100,100,23,5,18
11264,2795659,100,100,100,22,14,8
11265,2796056,96.969696969697,93.75,100,33,16,17
11266,2796140,96.8734375,93.33,100,32,15,17
11267,2796215,100,100,100,34,16,18
11268,2796532,96.7741935483871,93.75,100,31,16,15
11269,2796709,96.1519230769231,93.33,100,26,15,11
11270,2797635,100,100,100,22,11,11
11271,2797874,91.6691666666667,84.62,100,24,13,11
11272,2798095,100,100,100,21,9,12
11273,2798555,95,90,100,20,10,10
11274,2799107,82.3535294117647,75,88.89,17,8,9
11275,2799354,86.3668181818182,88.89,84.62,22,9,13
11276,2799458,93.74875,83.33,100,16,6,10
11277,2799776,91.998,90,93.33,25,10,15
11278,2800000,95.83125,100,93.33,24,9,15
11279,2800141,88.2358823529412,100,71.43,17,10,7
11280,2800823,100,100,100,36,11,25
11281,2800895,94.2857142857143,100,90,35,15,20
11282,2801097,100,100,100,47,23,24
11283,2801730,97.776,100,94.44,45,27,18
11284,2802221,96.2966666666667,88.89,100,27,9,18
11285,2803283,100,100,100,37,15,22
11286,2803320,100,100,100,29,9,20
11287,2803557,88.8877777777778,90,88.46,36,10,26
11288,2803938,93.1055172413793,84.62,100,29,13,16
11289,2804054,90.0013333333333,87.5,92.86,30,16,14
11290,2804548,84.0016,100,66.67,25,13,12
11291,2805401,100,100,100,22,15,7
11292,2805485,100,100,100,25,17,8
11293,2805734,100,100,100,27,18,9
11294,2805992,96.876875,94.74,100,32,19,13
11295,2806017,100,100,100,28,17,11
11296,2806173,100,100,100,39,24,15
11297,2806193,100,100,100,36,21,15
11298,2806223,100,100,100,37,25,12
11299,2806652,100,100,100,40,20,20
11300,2806716,97.559756097561,95.65,100,41,23,18
11301,2806952,100,100,100,42,27,15
11302,2806971,95.4563636363636,92.86,100,44,28,16
11303,2807199,100,100,100,40,22,18
11304,2807486,100,100,100,45,25,20
11305,2807541,100,100,100,27,7,20
11306,2807549,97.5619512195122,100,94.12,41,24,17
11307,2807630,93.9418181818182,100,88.24,33,16,17
11308,2808062,100,100,100,33,17,16
11309,2808352,97.62,100,95.24,42,21,21
11310,2808615,100,100,100,43,21,22
11311,2808747,100,100,100,27,14,13
11312,2809188,96.9715151515151,94.74,100,33,19,14
11313,2809243,97.0588235294118,100,93.75,34,18,16
11314,2810040,100,100,100,30,15,15
11315,2810848,100,100,100,34,19,15
11316,2811015,95.6521739130435,100,75,23,19,4
11317,2811070,94.2874285714286,94.74,93.75,35,19,16
11318,2811095,100,100,100,35,21,14
11319,2811215,94.8723076923077,90.91,100,39,22,17
11320,2811412,92.49925,89.47,95.24,40,19,21
11321,2812010,95.2342857142857,95.83,94.44,42,24,18
11322,2812363,100,100,100,47,20,27
11323,2812567,100,100,100,54,23,31
11324,2812724,95.346511627907,100,93.1,43,14,29
11325,2812811,100,100,100,46,16,30
11326,2812931,98.1488888888889,100,97.06,54,20,34
11327,2812973,97.8269565217391,95.24,100,46,21,25
11328,2813027,100,100,100,53,22,31
11329,2813081,97.9984,95.83,100,50,24,26
11330,2813397,94.7368421052632,96,93.75,57,25,32
11331,2813570,96.0796078431372,100,92.31,51,25,26
11332,2814017,90.4785714285714,96.3,80,42,27,15
11333,2814053,96.43,100,92.86,56,28,28
11334,2814375,95.35,100,86.67,43,28,15
11335,2814386,97.8731914893617,100,95.24,47,26,21
11336,2814576,95.92,100,91.67,49,25,24
11337,2814623,100,100,100,45,22,23
11338,2814704,87.2302127659574,91.3,83.33,47,23,24
11339,2815108,88.8888888888889,95,84,45,20,25
11340,2815204,97.6214285714286,100,96.3,42,15,27
11341,2815216,100,100,100,42,18,24
11342,2815298,97.998,100,96.15,50,24,26
11343,2815675,91.3063043478261,94.74,88.89,46,19,27
11344,2815726,86.0439534883721,95.45,76.19,43,22,21
11345,2816185,100,100,100,52,26,26
11346,2816435,100,100,100,37,20,17
11347,2816831,100,100,100,26,6,20
11348,2817096,100,100,100,37,19,18
11349,2817309,100,100,100,31,20,11
11350,2817359,100,100,100,28,11,17
11351,2819007,88.8896296296296,93.75,81.82,27,16,11
11352,2819540,100,100,100,36,21,15
11353,2819876,97.7272727272727,100,95,44,24,20
11354,2820116,100,100,100,46,22,24
11355,2820135,100,100,100,44,21,23
11356,2820530,95.6539130434783,100,91.67,46,22,24
11357,2820663,96.2245283018868,100,93.33,53,23,30
11358,2820996,100,100,100,46,17,29
11359,2821128,98.1107547169811,100,96.77,53,22,31
11360,2821187,96.1557692307692,96,96.3,52,25,27
11361,2821221,100,100,100,42,24,18
11362,2821380,96.2966666666667,95.83,96.67,54,24,30
11363,2821448,100,100,100,50,25,25
11364,2821566,100,100,100,48,24,24
11365,2821989,100,100,100,46,24,22
11366,2822212,100,100,100,47,27,20
11367,2822271,100,100,100,42,27,15
11368,2822562,100,100,100,45,25,20
11369,2822592,100,100,100,44,21,23
11370,2822811,100,100,100,41,22,19
11371,2822874,96.0788235294118,96.3,95.83,51,27,24
11372,2822916,100,100,100,48,25,23
11373,2822982,97.7272727272727,100,96,44,19,25
11374,2823183,95.5533333333333,100,91.3,45,22,23
11375,2823198,100,100,100,47,25,22
11376,2823528,100,100,100,41,18,23
11377,2824153,100,100,100,57,30,27
11378,2824770,97.96,100,95.24,49,28,21
11379,2824819,100,100,100,47,27,20
11380,2824833,100,100,100,49,28,21
11381,2824950,100,100,100,52,29,23
11382,2825355,100,100,100,41,19,22
11383,2825746,7.6948717948718,8.7,6.25,39,23,16
11384,2826316,100,100,100,47,24,23
11385,2826407,93.74875,100,83.33,32,20,12
11386,2827316,97.5619512195122,95.24,100,41,21,20
11387,2827700,94.2845714285714,100,83.33,35,23,12
11388,2828118,97.501,95.24,100,40,21,19
11389,2828151,92.8561904761905,91.3,94.74,42,23,19
11390,2828248,95.4545454545455,92,100,44,25,19
11391,2828362,89.7469230769231,89.29,90.91,39,28,11
11392,2828484,95.556,96.3,94.44,45,27,18
11393,2828516,97.1414285714286,95.65,100,35,23,12
11394,2828529,91.892972972973,95.24,87.5,37,21,16
11395,2828540,87.1779487179487,88,85.71,39,25,14
11396,2828802,100,100,100,34,18,16
11397,2828915,87.5021875,95.24,72.73,32,21,11
11398,2828928,91.6622222222222,95.45,85.71,36,22,14
11399,2829162,97.6166666666667,95.45,100,42,22,20
11400,2829237,84.6161538461538,91.67,73.33,39,24,15
11401,2829249,92.105,89.47,94.74,38,19,19
11402,2829329,97.559756097561,95.65,100,41,23,18
11403,2829576,95.9167346938776,96,95.83,49,25,24
11404,2829750,96.2264150943396,92,100,53,25,28
11405,2829785,96.295,100,92.59,54,27,27
11406,2829794,100,100,100,44,18,26
11407,2830060,92.1047368421053,78.57,100,38,14,24
11408,2830071,97.8706382978723,95.83,100,47,24,23
11409,2830129,96.3636363636364,92,100,55,25,30
11410,2830674,98.111320754717,95.45,100,53,22,31
11411,2831427,96.1519230769231,93.33,100,52,30,22
11412,2831652,97.78,100,96.3,45,18,27
11413,2831666,96.1538461538462,96.67,95.45,52,30,22
11414,2831882,98.1122641509434,96.55,100,53,29,24
11415,2831916,98.1132075471698,96,100,53,25,28
11416,2832002,95.5568888888889,100,92.31,45,19,26
11417,2832204,98.0759615384615,96.55,100,52,29,23
11418,2832221,97.4975,95.45,100,40,22,18
11419,2832617,100,100,100,41,24,17
11420,2832678,100,100,100,53,28,25
11421,2832773,100,100,100,52,31,21
11422,2833023,100,100,100,57,32,25
11423,2833112,98.438125,100,96.43,64,36,28
11424,2833536,98.2765517241379,97.06,100,58,34,24
11425,2833782,100,100,100,60,21,39
11426,2833930,98.3050847457627,100,96,59,34,25
11427,2834999,98.3311666666667,100,96.77,60,29,31
11428,2835488,100,100,100,61,24,37
11429,2836226,98.43671875,100,96.55,64,35,29
11430,2836913,100,100,100,57,32,25
11431,2837638,98.1139622641509,97.06,100,53,34,19
11432,2837771,100,100,100,58,34,24
11433,2838288,100,100,100,54,29,25
11434,2838779,98.2447368421053,100,96.55,57,28,29
11435,2838867,96.77,96.77,96.77,62,31,31
11436,2838903,97.7786666666667,100,96.43,45,17,28
11437,2838920,98.4624615384615,100,97.37,65,27,38
11438,2839163,98.2463157894737,100,96.43,57,29,28
11439,2839839,98.4106349206349,96.77,100,63,31,32
11440,2839854,98.3872580645161,96.97,100,62,33,29
11441,2839875,92.5924074074074,69.23,100,54,13,41
11442,2839895,90,86.67,93.33,60,30,30
11443,2839920,96.1564102564103,94.12,97.73,78,34,44
11444,2839952,94.2036231884058,96.77,92.11,69,31,38
11445,2840187,95.2422222222222,88.24,97.83,63,17,46
11446,2840343,98.2760344827586,96.97,100,58,33,25
11447,2840526,98.7192307692308,100,97.78,78,33,45
11448,2840670,95,80,100,60,15,45
11449,2840800,95.1256097560976,91.67,97.83,82,36,46
11450,2841095,98.7192307692308,100,97.78,78,33,45
11451,2841597,100,100,100,83,35,48
11452,2842035,100,100,100,74,34,40
11453,2842074,97.4365384615385,100,95.35,78,35,43
11454,2842826,98.2736206896552,96.77,100,58,31,27
11455,2843202,98.1836363636364,100,96.67,55,25,30
11456,2843506,100,100,100,62,31,31
11457,2843623,100,100,100,63,32,31
11458,2843666,98.4142857142857,100,96.67,63,33,30
11459,2843839,96.5543103448276,100,94.29,58,23,35
11460,2843849,98.2765517241379,96.43,100,58,28,30
11461,2843931,100,100,100,51,33,18
11462,2844364,100,100,100,66,36,30
11463,2844484,98.3335,96.97,100,60,33,27
11464,2845138,100,100,100,69,38,31
11465,2845254,100,100,100,63,29,34
11466,2845444,98.4854545454545,100,96.43,66,38,28
11467,2845464,100,100,100,64,32,32
11468,2845483,100,100,100,62,30,32
11469,2845522,97.06,96.88,97.22,68,32,36
11470,2845660,98.590985915493,97.56,100,71,41,30
11471,2845744,100,100,100,74,38,36
11472,2846379,98.5521739130435,100,96.67,69,39,30
11473,2847120,100,100,100,66,34,32
11474,2847670,98.3325,96.55,100,60,29,31
11475,2847734,100,100,100,66,36,30
11476,2848436,100,100,100,55,22,33
11477,2848460,96.55,100,93.33,58,28,30
11478,2848702,96,100,92,50,25,25
11479,2848910,89.9994,100,83.87,50,19,31
11480,2849222,96.227358490566,100,93.55,53,22,31
11481,2849280,94.7359649122807,96.15,93.55,57,26,31
11482,2849434,100,100,100,43,21,22
11483,2850103,96.4947368421053,96.67,96.3,57,30,27
11484,2850332,100,100,100,33,15,18
11485,2850686,100,100,100,46,23,23
11486,2850792,100,100,100,41,21,20
11487,2851608,98.3061016949152,94.74,100,59,19,40
11488,2851888,100,100,100,60,26,34
11489,2852456,98.2456140350877,96,100,57,25,32
11490,2852827,93.7496875,94.12,93.33,64,34,30
11491,2853363,100,100,100,77,38,39
11492,2853378,96.9230769230769,97.14,96.67,65,35,30
11493,2854360,98.6315068493151,96.67,100,73,30,43
11494,2854414,100,100,100,62,28,34
11495,2854762,100,100,100,42,16,26
11496,2854812,97.7272727272727,100,95,44,24,20
11497,2855157,100,100,100,49,19,30
11498,2855556,97.5619512195122,100,96.43,41,13,28
11499,2855601,100,100,100,42,14,28
11500,2855683,97.8712765957447,93.33,100,47,15,32
11501,2855908,97.7281818181818,100,96.43,44,16,28
11502,2855947,100,100,100,45,18,27
11503,2856435,94.7389473684211,94.12,95.24,38,17,21
11504,2856538,100,100,100,40,14,26
11505,2856753,83.8693548387097,90,80.95,31,10,21
11506,2856757,77.4183870967742,78.57,76.47,31,14,17
11507,2857171,100,100,100,46,12,34
11508,2857288,100,100,100,40,7,33
11509,2857385,100,100,100,44,12,32
11510,2857754,100,100,100,37,13,24
11511,2858183,100,100,100,39,19,20
11512,2858306,100,100,100,38,17,21
11513,2858923,100,100,100,33,8,25
11514,2859044,100,100,100,39,16,23
11515,2859175,100,100,100,36,13,23
11516,2859590,100,100,100,21,6,15
11517,2859920,87.4975,90.91,85.71,32,11,21
11518,2860103,90.9066666666667,81.82,95.45,33,11,22
11519,2860250,100,100,100,26,10,16
11520,2860374,93.1044827586207,92.31,93.75,29,13,16
11521,2860497,100,100,100,29,14,15
11522,2860557,96.1538461538462,90,100,26,10,16
11523,2860734,100,100,100,30,14,16
11524,2861353,78.948947368421,50,92.31,19,6,13
11525,2861441,94.4444444444444,100,90,18,8,10
11526,2861785,96.4285714285714,87.5,100,28,8,20
11527,2862039,100,100,100,37,15,22
11528,2862169,100,100,100,39,18,21
11529,2862338,100,100,100,35,15,20
11530,2862476,100,100,100,39,18,21
11531,2862569,100,100,100,43,22,21
11532,2863762,97.501,100,94.12,40,23,17
11533,2864038,100,100,100,47,25,22
11534,2864187,95.83375,93.94,100,48,33,15
11535,2864864,97.7791111111111,100,94.74,45,26,19
11536,2864944,95.5533333333333,100,91.3,45,22,23
11537,2865263,97.5590243902439,94.44,100,41,18,23
11538,2865335,95.65,95.65,95.65,46,23,23
11539,2865548,100,100,100,52,30,22
11540,2865920,100,100,100,47,27,20
11541,2866959,95.6521739130435,100,87.5,46,30,16
11542,2867169,100,100,100,49,32,17
11543,2867268,100,100,100,49,28,21
11544,2867571,95.9988,96.43,95.45,50,28,22
11545,2867948,100,100,100,46,29,17
11546,2868182,100,100,100,37,25,12
11547,2869487,97.7748888888889,100,96.77,45,14,31
11548,2869705,95.1224390243902,100,88.89,41,23,18
11549,2869718,97.9591836734694,100,96,49,24,25
11550,2869726,97.8239130434783,100,95.45,46,24,22
11551,2869777,97.4333333333333,100,96.15,39,13,26
11552,2870170,97.8744680851064,100,96.3,47,20,27
11553,2870346,100,100,100,50,26,24
11554,2870744,100,100,100,55,31,24
11555,2870859,97.8712765957447,95.65,100,47,23,24
11556,2871005,94.7389473684211,94.12,95.24,38,17,21
11557,2871424,100,100,100,49,24,25
11558,2871586,100,100,100,49,24,25
11559,2872023,100,100,100,30,15,15
11560,2872096,100,100,100,33,16,17
11561,2872644,100,100,100,37,21,16
11562,2872668,100,100,100,38,23,15
11563,2873343,100,100,100,35,20,15
11564,2873392,96.5531034482759,100,91.67,29,17,12
11565,2873420,93.9354545454545,94.44,93.33,33,18,15
11566,2873564,93.3353333333333,100,84.62,30,17,13
11567,2873750,94.4425,100,89.47,36,17,19
11568,2873771,90.62375,100,76.92,32,19,13
11569,2874154,82.3494117647059,89.47,73.33,34,19,15
11570,2874199,96.7741935483871,100,93.75,31,15,16
11571,2874229,82.6104347826087,100,77.78,23,5,18
11572,2874242,82.6082608695652,100,69.23,23,10,13
11573,2874454,92.8578571428571,100,81.82,28,17,11
11574,2874473,96.2977777777778,100,92.86,27,13,14
11575,2874497,100,100,100,33,18,15
11576,2874526,86.9565217391304,100,62.5,23,15,8
11577,2874545,94.1155882352941,100,89.47,34,15,19
11578,2874710,100,100,100,36,19,17
11579,2874907,92.105,100,84.21,38,19,19
11580,2874920,91.3047826086957,100,71.43,23,16,7
11581,2874941,92.0008,100,88.89,25,7,18
11582,2874982,93.75,100,87.5,32,16,16
11583,2875007,100,100,100,32,18,14
11584,2875016,92.0024,100,84.62,25,12,13
11585,2875189,100,100,100,39,18,21
11586,2875249,100,100,100,41,19,22
11587,2875853,96.4285714285714,100,93.75,28,12,16
11588,2876099,100,100,100,25,10,15
11589,2876324,100,100,100,20,11,9
11590,2876914,100,100,100,27,14,13
11591,2878245,96.2977777777778,100,91.67,27,15,12
11592,2878550,86.9543478260869,88.89,85.71,23,9,14
11593,2878726,92.002,92.86,90.91,25,14,11
11594,2879246,92.5944444444444,100,86.67,27,12,15
11595,2879275,94.4444444444444,100,80,18,13,5
11596,2879654,92.86,88.24,100,28,17,11
11597,2879699,88.8888888888889,80,100,27,15,12
11598,2879720,91.6641666666666,85.71,100,24,14,10
11599,2879734,91.6691666666667,84.62,100,24,13,11
11600,2879857,92.3076923076923,87.5,100,26,16,10
11601,2879915,91.304347826087,87.5,100,23,16,7
11602,2880110,100,100,100,18,9,9
11603,2880343,79.998,75,83.33,20,8,12
11604,2880444,95.835,91.67,100,24,12,12
11605,2880551,91.3052173913044,81.82,100,23,11,12
11606,2880827,94.4427777777778,85.71,100,18,7,11
11607,2880912,82.3529411764706,50,100,17,6,11
11608,2881032,85.7135714285714,33.33,100,14,3,11
11609,2881042,86.6666666666667,75,100,15,8,7
11610,2881192,93.332,83.33,100,15,6,9
11611,2881580,93.3333333333333,80,100,15,5,10
11612,2882111,91.6675,66.67,100,12,3,9
11613,2882577,90,100,87.5,10,2,8
11614,2883411,75,NA,75,4,NA,4
11615,2883599,50,100,0,2,1,1
11616,2883604,100,NA,100,5,NA,5
11617,2884043,100,100,100,11,3,8
11618,2884113,80.001,100,71.43,10,3,7
11619,2885396,100,100,100,16,8,8
11620,2885538,100,100,100,20,9,11
11621,2885642,100,100,100,17,7,10
11622,2885711,92.8571428571429,100,90,14,4,10
11623,2885945,94.445,100,88.89,18,9,9
11624,2886221,95.0005,100,90.91,20,9,11
11625,2886716,100,100,100,14,2,12
11626,2887091,85.7157142857143,66.67,90.91,14,3,11
11627,2888089,100,100,100,37,16,21
11628,2888265,100,100,100,26,14,12
11629,2888298,93.1062068965517,91.67,94.12,29,12,17
11630,2888411,100,100,100,40,23,17
11631,2888859,93.1044827586207,92.31,93.75,29,13,16
11632,2888868,93.1037931034483,95,88.89,29,20,9
11633,2888904,100,100,100,36,19,17
11634,2888946,100,100,100,39,20,19
11635,2888955,100,100,100,36,17,19
11636,2889068,96.969696969697,100,93.75,33,17,16
11637,2889099,95.5522222222222,95.45,95.65,45,22,23
11638,2889114,100,100,100,31,12,19
11639,2889197,100,100,100,45,22,23
11640,2889381,100,100,100,41,23,18
11641,2889413,97.998,100,96.15,50,24,26
11642,2889435,100,100,100,42,20,22
11643,2889483,100,100,100,41,23,18
11644,2889528,100,100,100,43,27,16
11645,2889804,100,100,100,49,26,23
11646,2890271,100,100,100,43,21,22
11647,2890336,100,100,100,41,24,17
11648,2890354,100,100,100,33,18,15
11649,2891050,100,100,100,36,23,13
11650,2892350,97.2233333333333,100,95.24,36,15,21
11651,2892422,90.3232258064516,94.74,83.33,31,19,12
11652,2892494,100,100,100,24,11,13
11653,2892970,100,100,100,31,14,17
11654,2893191,95.6521739130435,100,87.5,23,15,8
11655,2893284,97.0588235294118,100,95,34,14,20
11656,2893816,100,100,100,35,16,19
11657,2894592,100,100,100,36,13,23
11658,2894903,100,100,100,40,21,19
11659,2895312,100,100,100,46,26,20
11660,2896202,100,100,100,44,21,23
11661,2896268,100,100,100,50,24,26
11662,2897641,97.501,95.24,100,40,21,19
11663,2897695,100,100,100,39,25,14
11664,2898012,100,100,100,42,25,17
11665,2898148,100,100,100,43,27,16
11666,2898400,100,100,100,38,25,13
11667,2898463,97.5634146341463,96.3,100,41,27,14
11668,2898568,100,100,100,35,23,12
11669,2899362,95.0005,90.91,100,20,11,9
11670,2899617,100,100,100,18,10,8
11671,2899852,90.91,88.89,100,11,9,2
11672,2899917,100,100,100,16,8,8
11673,2900402,81.8190909090909,87.5,66.67,11,8,3
11674,2900838,90.4790476190476,100,84.62,21,8,13
11675,2900907,100,100,100,25,9,16
11676,2900977,100,100,100,22,7,15
11677,2901384,100,100,100,29,14,15
11678,2901468,100,100,100,30,13,17
11679,2901960,100,100,100,30,14,16
11680,2902138,96.7751612903226,100,92.31,31,18,13
11681,2902629,96.0004,100,90.91,25,14,11
11682,2902773,95.455,100,90.91,22,11,11
11683,2902895,94.445,100,88.89,18,9,9
11684,2903021,100,100,100,16,10,6
11685,2903049,100,100,100,15,7,8
11686,2903297,100,100,100,11,4,7
11687,2903351,100,100,100,6,3,3
11688,2905069,91.304347826087,80,100,23,10,13
11689,2905101,95.6539130434783,91.67,100,23,12,11
11690,2905272,95.455,90.91,100,22,11,11
11691,2905458,88.2358823529412,88.89,87.5,17,9,8
11692,2905802,100,100,100,9,4,5
11693,2905996,100,100,100,16,5,11
11694,2906015,100,100,100,12,6,6
11695,2906231,100,100,100,18,9,9
11696,2906659,95.6539130434783,92.86,100,23,14,9
11697,2906767,95.2395238095238,92.31,100,21,13,8
11698,2906905,97.06,94.12,100,34,17,17
11699,2906920,100,100,100,26,12,14
11700,2906965,92.8571428571429,87.5,100,28,16,12
11701,2907085,92.5911111111111,83.33,100,27,12,15
11702,2907658,100,100,100,34,12,22
11703,2907664,97.5590243902439,94.44,100,41,18,23
11704,2907684,97.8269565217391,95.24,100,46,21,25
11705,2907718,97.49875,100,95.65,40,17,23
11706,2908168,100,100,100,35,15,20
11707,2908182,95,95,95,40,20,20
11708,2908365,100,100,100,31,19,12
11709,2908684,100,100,100,43,19,24
11710,2908741,92.6814634146342,83.33,100,41,18,23
11711,2909028,100,100,100,29,9,20
11712,2909523,100,100,100,20,12,8
11713,2909541,100,100,100,31,11,20
11714,2909900,91.1797058823529,92.31,90.48,34,13,21
11715,2910168,97.4358974358974,93.75,100,39,16,23
11716,2910503,87.5,100,70,24,14,10
11717,2910524,97.5585365853659,100,96.15,41,15,26
11718,2910638,96.43,100,91.67,28,16,12
11719,2910864,100,100,100,39,17,22
11720,2911059,96.2944444444444,100,93.33,27,12,15
11721,2911290,100,100,100,38,18,20
11722,2911335,100,100,100,37,15,22
11723,2911627,100,100,100,43,20,23
11724,2912090,94.8730769230769,86.67,100,39,15,24
11725,2912388,100,100,100,54,23,31
11726,2912645,97.6725581395349,95.83,100,43,24,19
11727,2913305,100,100,100,49,31,18
11728,2913458,100,100,100,51,32,19
11729,2913590,97.2972972972973,93.75,100,37,16,21
11730,2913604,93.1784090909091,93.1,93.33,44,29,15
11731,2914125,100,100,100,52,26,26
11732,2914137,100,100,100,48,28,20
11733,2914314,100,100,100,40,20,20
11734,2914356,100,100,100,37,15,22
11735,2914642,100,100,100,43,22,21
11736,2914954,97.501,95.24,100,40,21,19
11737,2915096,100,100,100,31,22,9
11738,2915367,97.3684210526316,95,100,38,20,18
11739,2915444,97.2989189189189,94.74,100,37,19,18
11740,2915550,94.8702564102564,95.45,94.12,39,22,17
11741,2915585,97.4374358974359,100,94.74,39,20,19
11742,2915847,100,100,100,31,16,15
11743,2915895,100,100,100,38,18,20
11744,2916042,95.24,90.48,100,42,21,21
11745,2916263,97.2972972972973,100,95,37,17,20
11746,2916435,94.2842857142857,95,93.33,35,20,15
11747,2916612,97.3684210526316,95,100,38,20,18
11748,2917199,98.0759615384616,100,95.65,52,29,23
11749,2917700,100,100,100,48,28,20
11750,2918171,96.3661818181818,96.43,96.3,55,28,27
11751,2918232,98.2744827586207,95.83,100,58,24,34
11752,2918447,100,100,100,61,29,32
11753,2918514,100,100,100,52,23,29
11754,2918603,100,100,100,63,31,32
11755,2918681,98.2456140350877,100,96,57,32,25
11756,2919020,97.8736170212766,94.74,100,47,19,28
11757,2919107,100,100,100,53,24,29
11758,2919455,95.655652173913,96.3,94.74,46,27,19
11759,2919811,98.075,100,95.45,52,30,22
11760,2919878,100,100,100,46,22,24
11761,2919967,98.1132075471698,100,96,53,28,25
11762,2920045,97.50025,100,90.91,40,29,11
11763,2920159,94.1176470588235,100,90,51,21,30
11764,2920267,100,100,100,43,23,20
11765,2920282,100,100,100,45,22,23
11766,2920959,100,100,100,60,31,29
11767,2921046,100,100,100,57,29,28
11768,2921112,100,100,100,55,29,26
11769,2921140,100,100,100,51,20,31
11770,2921337,100,100,100,53,20,33
11771,2921367,98.182,100,96.97,55,22,33
11772,2921417,97.9591836734694,95,100,49,20,29
11773,2921427,98.0776923076923,95.24,100,52,21,31
11774,2921607,100,100,100,58,26,32
11775,2921826,95.9195918367347,100,92.31,49,23,26
11776,2921883,100,100,100,42,25,17
11777,2921942,100,100,100,39,25,14
11778,2922414,90.62625,91.67,90,32,12,20
11779,2922871,97.7254545454546,100,95.83,44,20,24
11780,2923701,100,100,100,48,26,22
11781,2923947,96.1530769230769,100,83.33,26,20,6
11782,2924683,82.6065217391304,62.5,93.33,23,8,15
11783,2924706,84.6169230769231,75,92.86,26,12,14
11784,2925921,96.0016,92.86,100,25,14,11
11785,2927004,100,100,100,38,19,19
11786,2927143,96.5531034482759,91.67,100,29,12,17
11787,2927160,100,100,100,25,11,14
11788,2927440,100,100,100,21,13,8
11789,2928057,100,100,100,22,6,16
11790,2928063,95.6539130434783,100,91.67,23,11,12
11791,2928379,100,100,100,21,8,13
11792,2928388,100,100,100,24,11,13
11793,2928562,100,100,100,30,16,14
11794,2928661,97.3692105263158,92.31,100,38,13,25
11795,2928667,96.43,94.12,100,28,17,11
11796,2928709,97.6204761904762,94.74,100,42,19,23
11797,2928778,97.6732558139535,93.33,100,43,15,28
11798,2928907,100,100,100,32,19,13
11799,2928976,100,100,100,30,7,23
11800,2929381,98.0744230769231,100,96.77,52,21,31
11801,2929670,97.6744186046512,100,96,43,18,25
11802,2929904,100,100,100,45,15,30
11803,2930102,94.7382456140351,86.96,100,57,23,34
11804,2930365,100,100,100,40,24,16
11805,2930926,97.9984,95.83,100,50,24,26
11806,2931037,95.346511627907,100,91.3,43,20,23
11807,2931155,100,100,100,48,21,27
11808,2931574,100,100,100,28,16,12
11809,2932323,96.9715151515151,94.74,100,33,19,14
11810,2932516,100,100,100,28,15,13
11811,2932556,94.4466666666667,88.24,100,36,17,19
11812,2932739,96.2977777777778,100,94.12,27,10,17
11813,2932910,100,100,100,31,15,16
11814,2933366,93.748125,100,85.71,16,9,7
11815,2933370,95,100,90,20,10,10
11816,2934430,90.9109090909091,88.89,92.31,22,9,13
11817,2934874,96.875,93.75,100,32,16,16
11818,2934910,93.7525,88.24,100,32,17,15
11819,2934969,100,100,100,32,17,15
11820,2935255,92.4985,83.33,100,40,18,22
11821,2935483,97.5,93.75,100,40,16,24
11822,2935882,100,100,100,43,18,25
11823,2936161,97.8712765957447,95.65,100,47,23,24
11824,2936236,97.7755555555555,95.45,100,45,22,23
11825,2936503,98.1132075471698,96,100,53,25,28
11826,2936535,98.15,100,96.3,54,27,27
11827,2936754,100,100,100,46,22,24
11828,2936892,97.5619512195122,100,95.24,41,20,21
11829,2938461,100,100,100,38,18,20
11830,2939014,100,100,100,33,13,20
11831,2939132,96.87625,100,94.12,32,15,17
11832,2939245,96.87625,94.12,100,32,17,15
11833,2939480,100,100,100,35,17,18
11834,2939567,100,100,100,32,13,19
11835,2939782,97.7786666666667,95.24,100,45,21,24
11836,2939867,95.6521739130435,90,100,46,20,26
11837,2939893,95.6482608695652,95.45,95.83,46,22,24
11838,2939929,97.3663157894737,94.44,100,38,18,20
11839,2940212,100,100,100,40,20,20
11840,2940992,96.874375,83.33,100,32,6,26
11841,2941471,94.284,100,85.71,35,21,14
11842,2941513,100,100,100,32,20,12
11843,2941705,96.4267857142857,93.33,100,28,15,13
11844,2942013,97.7254545454546,100,95.83,44,20,24
11845,2942175,100,100,100,40,17,23
11846,2942607,81.815,57.14,93.33,22,7,15
11847,2942910,96.0016,100,94.12,25,8,17
11848,2942924,100,100,100,26,7,19
11849,2942961,100,100,100,28,9,19
11850,2943311,96.9715151515151,100,94.74,33,14,19
11851,2943869,97.4358974358974,100,95,39,19,20
11852,2944653,100,100,100,42,18,24
11853,2945339,98.0376470588235,100,95.83,51,27,24
11854,2945363,100,100,100,43,26,17
11855,2946181,100,100,100,34,19,15
11856,2946336,100,100,100,40,18,22
11857,2946532,100,100,100,33,14,19
11858,2946712,100,100,100,40,17,23
11859,2947098,95.24,100,91.67,42,18,24
11860,2947328,87.0993548387097,87.5,86.96,31,8,23
11861,2948334,100,100,100,28,8,20
11862,2948456,100,100,100,30,8,22
11863,2949001,100,100,100,25,5,20
11864,2949446,100,100,100,37,20,17
11865,2949722,100,100,100,36,17,19
11866,2950832,98.2765517241379,96.43,100,58,28,30
11867,2950953,98.3311666666667,100,96.77,60,29,31
11868,2951202,98.2456140350877,96,100,57,25,32
11869,2951341,94.1182352941177,92.86,95.65,51,28,23
11870,2951565,98.0376470588235,95.83,100,51,24,27
11871,2951571,90.9079545454545,96.55,80,44,29,15
11872,2951584,98.2473684210526,96.67,100,57,30,27
11873,2951598,96.4926315789474,92.86,100,57,28,29
11874,2951614,96.667,93.94,100,60,33,27
11875,2951637,91.8956756756757,89.66,100,37,29,8
11876,2951641,100,100,100,43,16,27
11877,2951965,98.3593442622951,97.22,100,61,36,25
11878,2952147,92.31,84.62,100,52,26,26
11879,2952160,96.8273015873016,94.74,100,63,38,25
11880,2952680,97.0605882352941,94.74,100,68,38,30
11881,2953023,100,100,100,66,39,27
11882,2953610,100,100,100,55,30,25
11883,2953667,97.4384615384615,100,96.3,39,12,27
11884,2953694,95.650652173913,100,92.59,46,19,27
11885,2953782,94.3403773584906,92,96.43,53,25,28
11886,2954856,96.87578125,93.55,100,64,31,33
11887,2954883,97.9571428571429,100,95.45,49,27,22
11888,2955000,98.1122641509434,100,95.65,53,30,23
11889,2955021,100,100,100,55,27,28
11890,2955029,98.3028813559322,100,96.77,59,28,31
11891,2955036,95.3486046511628,96.55,92.86,43,29,14
11892,2955062,95.3469767441861,94.44,96,43,18,25
11893,2955066,92.8596428571428,88.89,94.74,28,9,19
11894,2955116,98.4621538461538,100,97.62,65,23,42
11895,2955198,93.2193220338983,96.3,90.62,59,27,32
11896,2955207,96.6656666666667,97.06,96.15,60,34,26
11897,2955245,98.5083582089552,100,97.37,67,29,38
11898,2955264,96.924,96.15,97.44,65,26,39
11899,2955693,100,100,100,67,33,34
11900,2955977,98.334,96.43,100,60,28,32
11901,2956242,100,100,100,62,36,26
11902,2956540,92.1580392156863,92,92.31,51,25,26
11903,2956989,98.4390625,100,96.67,64,34,30
11904,2957142,100,100,100,58,30,28
11905,2957580,100,100,100,51,30,21
11906,2957671,100,100,100,43,20,23
11907,2957787,95.9964,96.15,95.83,50,26,24
11908,2957827,98.0759615384616,100,95.65,52,29,23
11909,2957862,90.4780952380952,92,88.24,42,25,17
11910,2958648,100,100,100,53,33,20
11911,2958705,98.3033898305085,100,96.15,59,33,26
11912,2959597,98.1836363636364,96.3,100,55,27,28
11913,2960059,97.91875,96.67,100,48,30,18
11914,2960174,100,100,100,58,33,25
11915,2960491,100,100,100,59,30,29
11916,2960594,100,100,100,66,36,30
11917,2961133,100,100,100,56,30,26
11918,2961256,100,100,100,64,39,25
11919,2961325,100,100,100,67,41,26
11920,2961616,98.3593442622951,97.22,100,61,36,25
11921,2961670,96.7237704918033,94.29,100,61,35,26
11922,2962345,98.5707142857143,100,95.65,70,47,23
11923,2963064,98.6661333333333,97.56,100,75,41,34
11924,2963420,97.4025974025974,95,100,77,40,37
11925,2963661,96.7177049180328,95.74,100,61,47,14
11926,2964397,96.4283333333333,95.92,97.14,84,49,35
11927,2964514,96.1054545454545,97.96,92.86,77,49,28
11928,2964577,92.0666666666667,92.16,91.67,63,51,12
11929,2964821,98.1825454545454,100,96.43,55,27,28
11930,2965211,100,100,100,69,43,26
11931,2965774,93.5464516129032,97.22,88.46,62,36,26
11932,2966002,96.3609090909091,96.55,96.15,55,29,26
11933,2966181,95,93.33,96.67,60,30,30
11934,2966413,95.5555555555556,96,95,45,25,20
11935,2966443,93.8791836734694,96,91.67,49,25,24
11936,2966474,100,100,100,42,19,23
11937,2966545,98,95,100,50,20,30
11938,2966572,98.1462962962963,96.15,100,54,26,28
11939,2966687,98.2463157894737,96.43,100,57,28,29
11940,2966825,90.0033333333333,84.62,94.12,30,13,17
11941,2966834,92.8541071428571,92.59,93.1,56,27,29
11942,2966845,96.0788235294118,95.83,96.3,51,24,27
11943,2966897,96.6110169491525,96.55,96.67,59,29,30
11944,2967247,98.1825454545454,97.06,100,55,34,21
11945,2967281,98.3033898305085,100,96.15,59,33,26
11946,2967338,100,100,100,57,32,25
11947,2967359,100,100,100,57,30,27
11948,2967412,94.3403773584906,92,96.43,53,25,28
11949,2967706,94.12,100,89.29,51,23,28
11950,2967823,98.0753846153846,95.83,100,52,24,28
11951,2968214,100,100,100,50,22,28
11952,2968297,100,100,100,43,19,24
11953,2968303,100,100,100,38,23,15
11954,2969329,90.0026666666667,81.82,94.74,30,11,19
11955,2969485,90.3216129032258,91.67,89.47,31,12,19
11956,2969830,100,100,100,20,8,12
11957,2970078,100,100,100,21,11,10
11958,2970343,100,100,100,22,9,13
11959,2970442,100,100,100,30,12,18
11960,2970486,95.0015,92.31,100,20,13,7
11961,2970498,86.6706666666667,84.62,100,15,13,2
11962,2970874,100,100,100,29,14,15
11963,2971428,100,100,100,37,18,19
11964,2971901,96.9709090909091,100,94.12,33,16,17
11965,2971913,100,100,100,38,17,21
11966,2971976,100,100,100,37,20,17
11967,2972186,100,100,100,39,15,24
11968,2972534,94.7389473684211,94.12,95.24,38,17,21
11969,2972688,100,100,100,31,16,15
11970,2974794,98.3033898305085,97.14,100,59,35,24
11971,2974906,98.2760344827586,96.97,100,58,33,25
11972,2974972,98.3335,96.97,100,60,33,27
11973,2976190,90.002,91.67,87.5,40,24,16
11974,2976386,83.3333333333333,100,50,42,28,14
11975,2976810,100,100,100,44,25,19
11976,2976932,96.1542307692308,100,90.91,52,30,22
11977,2976974,96.08,100,92.86,51,23,28
11978,2977028,94.5436363636364,93.33,96,55,30,25
11979,2977077,100,100,100,42,20,22
11980,2977176,96.2266037735849,96.97,95,53,33,20
11981,2977988,97.9581632653061,96.55,100,49,29,20
11982,2978390,98.3042372881356,100,96.55,59,30,29
11983,2978585,98.3037288135593,95.83,100,59,24,35
11984,2978867,96.2279245283019,92.86,100,53,28,25
11985,2979156,98.111320754717,95.45,100,53,22,31
11986,2979239,97.2983783783784,94.12,100,37,17,20
11987,2979256,100,100,100,43,21,22
11988,2979643,100,100,100,54,26,28
11989,2979681,100,100,100,51,25,26
11990,2979834,98.1132075471698,100,96,53,28,25
11991,2979980,90.6990697674419,87.5,94.74,43,24,19
11992,2981038,96.876875,100,94.74,32,13,19
11993,2981431,96,100,93.75,25,9,16
11994,2981734,97.5609756097561,100,96,41,16,25
11995,2981800,100,100,100,31,8,23
11996,2982027,100,100,100,36,14,22
11997,2982439,87.50125,100,81.82,16,5,11
11998,2982801,100,100,100,19,10,9
11999,2983028,100,100,100,22,8,14
12000,2983064,96.1553846153846,91.67,100,26,12,14
12001,2983394,100,100,100,20,9,11
12002,2983412,100,100,100,19,8,11
12003,2984287,94.445,100,90.91,18,7,11
12004,2984562,100,100,100,19,8,11
12005,2984660,96.0016,100,91.67,25,13,12
12006,2984741,100,100,100,21,12,9
12007,2984997,92.0028,92.31,91.67,25,13,12
12008,2986214,100,100,100,10,7,3
12009,2986379,87.49625,85.71,100,8,7,1
12010,2986927,100,100,100,11,8,3
12011,2987035,100,100,100,11,7,4
12012,2987212,88.89,100,66.67,9,6,3
12013,2987938,39.998,33.33,50,5,3,2
12014,2988467,90,75,100,10,4,6
12015,2988575,100,100,100,10,4,6
12016,2988808,83.3333333333333,100,75,12,4,8
12017,2989638,40,100,25,5,1,4
12018,2989886,60,NA,60,5,NA,5
12019,2990138,66.6666666666667,0,80,6,1,5
12020,2990606,66.6666666666667,50,100,3,2,1
12021,2992259,100,100,100,5,2,3
12022,2992356,100,100,100,5,1,4
12023,2992491,25,0,50,4,2,2
12024,2992590,75,50,100,4,2,2
12025,2992694,60,0,75,5,1,4
12026,2992811,100,NA,100,4,NA,4
12027,2993753,83.335,66.67,100,6,3,3
12028,2994497,66.6666666666667,50,75,6,2,4
12029,2994979,66.6666666666667,80,50,9,5,4
12030,2995063,86.6666666666667,100,80,15,5,10
12031,2995509,66.6690476190476,87.5,53.85,21,8,13
12032,2995734,78.2617391304348,81.82,75,23,11,12
12033,2996332,90.3232258064516,83.33,94.74,31,12,19
12034,2996717,94.4433333333333,83.33,100,18,6,12
12035,2996816,100,100,100,27,7,20
12036,2996994,100,100,100,22,4,18
12037,2997018,95.2371428571429,83.33,100,21,6,15
12038,2997545,100,100,100,19,6,13
12039,2998166,91.6675,66.67,100,12,3,9
12040,2998415,100,100,100,10,5,5
12041,2999181,100,100,100,19,9,10
12042,3000598,100,100,100,34,15,19
12043,3000963,100,100,100,46,24,22
12044,3001468,95.2383333333333,94.74,95.65,42,19,23
12045,3001876,94.8733333333333,84.62,100,39,13,26
12046,3002176,96.3636363636364,93.75,100,55,32,23
12047,3002328,98.0372549019608,96.15,100,51,26,25
12048,3002398,100,100,100,49,25,24
12049,3002861,97.6725581395349,95.83,100,43,24,19
12050,3002926,100,100,100,34,17,17
12051,3003022,97.5590243902439,95.83,100,41,24,17
12052,3003714,100,100,100,38,21,17
12053,3004120,97.501,95.24,100,40,21,19
12054,3004385,96.5520689655173,88.89,100,29,9,20
12055,3004500,96.7754838709677,92.86,100,31,14,17
12056,3005277,100,100,NA,14,14,NA
12057,3005290,95.002,91.67,100,20,12,8
12058,3005334,94.7357894736842,100,83.33,19,13,6
12059,3005466,94.7368421052632,100,87.5,19,11,8
12060,3005544,100,100,100,17,11,6
12061,3005686,100,100,100,17,10,7
12062,3005818,94.7389473684211,91.67,100,19,12,7
12063,3005845,94.445,90.91,100,18,11,7
12064,3006101,94.1194117647059,92.31,100,17,13,4
12065,3006533,100,100,100,39,17,22
12066,3006595,100,100,100,38,17,21
12067,3006958,92.3076923076923,75,100,26,8,18
12068,3007127,97.501,95.24,100,40,21,19
12069,3007375,97.6190476190476,96,100,42,25,17
12070,3007465,91.1738235294118,91.3,90.91,34,23,11
12071,3007664,97.4338461538462,94.44,100,39,18,21
12072,3008113,96.0788235294118,93.94,100,51,33,18
12073,3009050,94.739298245614,89.66,100,57,29,28
12074,3009725,98.6486486486486,97.5,100,74,40,34
12075,3009850,100,100,100,42,23,19
12076,3010040,98.44,96.88,100,64,32,32
12077,3010409,100,100,100,55,27,28
12078,3010965,97.0564705882353,94.44,100,68,36,32
12079,3011426,98.335,100,96.67,60,30,30
12080,3011723,100,100,100,47,19,28
12081,3011816,100,100,100,48,18,30
12082,3011845,98.1150943396226,100,96.3,53,26,27
12083,3012013,100,100,100,52,28,24
12084,3012139,98.3622950819672,100,96.67,61,31,30
12085,3012203,100,100,100,55,30,25
12086,3012749,94.3676056338028,100,87.1,71,40,31
12087,3012881,95.9464864864865,94.74,97.22,74,38,36
12088,3012901,96.9704545454545,97.3,96.55,66,37,29
12089,3012930,100,100,100,59,36,23
12090,3013190,96.7751612903226,100,92.31,62,36,26
12091,3013356,97.4369230769231,95.24,100,78,42,36
12092,3013524,92.7263636363636,80.95,100,55,21,34
12093,3013703,93.5496774193548,94.29,92.59,62,35,27
12094,3014497,95.6526086956522,100,90.91,46,24,22
12095,3014845,100,100,100,37,19,18
12096,3015641,92.5922222222222,93.33,91.67,27,15,12
12097,3016861,97.8282608695652,100,96.3,46,19,27
12098,3016913,100,100,100,43,20,23
12099,3017570,97.8269565217391,100,95.24,46,25,21
12100,3018181,95.3125,100,90,64,34,30
12101,3018403,96.8734375,100,93.33,64,34,30
12102,3018526,100,100,100,62,35,27
12103,3018716,100,100,100,57,27,30
12104,3019444,98.6674666666667,97.37,100,75,38,37
12105,3019531,100,100,100,78,43,35
12106,3019921,98.5059701492537,100,96.15,67,41,26
12107,3020691,96.665,100,93.33,90,45,45
12108,3020976,97.62,100,95.24,84,42,42
12109,3021006,97.7503370786517,100,95.74,89,42,47
12110,3021319,97.62,97.62,97.62,84,42,42
12111,3021620,96.3855421686747,97.3,95.65,83,37,46
12112,3021647,97.5903614457831,97.56,97.62,83,41,42
12113,3021656,96.87359375,97.56,95.65,64,41,23
12114,3021685,97.2975675675676,100,93.94,74,41,33
12115,3022124,100,100,100,69,37,32
12116,3022222,94.44,94.44,94.44,54,18,36
12117,3022345,95.6513043478261,97.22,93.94,69,36,33
12118,3022360,98.2128571428571,97.22,100,56,36,20
12119,3022447,98.57,100,97.14,70,35,35
12120,3022529,96.665,100,93.1,60,31,29
12121,3023056,94.3418867924528,100,89.29,53,25,28
12122,3023185,98.335,100,96.67,60,30,30
12123,3023209,97.825,100,96.55,46,17,29
12124,3023303,100,100,100,58,32,26
12125,3023320,100,100,100,56,29,27
12126,3023465,100,100,100,58,31,27
12127,3023917,97.725,96.15,100,44,26,18
12128,3024058,100,100,100,32,13,19
12129,3024322,90.2426829268293,80.95,100,41,21,20
12130,3024400,95.2380952380952,100,87.5,42,26,16
12131,3024546,94.8705128205128,95.65,93.75,39,23,16
12132,3024752,100,100,100,38,27,11
12133,3024822,97.3657894736842,96.15,100,38,26,12
12134,3024945,97.4369230769231,100,92.86,39,25,14
12135,3024990,96.6666666666667,100,87.5,30,22,8
12136,3025588,90.3232258064516,81.82,95,31,11,20
12137,3025829,100,100,100,37,22,15
12138,3026342,97.9581632653061,96.55,100,49,29,20
12139,3026622,94.64,94.44,95,56,36,20
12140,3027038,97.998,96.15,100,50,26,24
12141,3027535,100,100,100,47,32,15
12142,3027754,95.997,97.14,93.33,50,35,15
12143,3027781,95.2385714285714,90.91,100,42,22,20
12144,3028012,100,100,100,53,36,17
12145,3028207,100,100,100,39,18,21
12146,3028438,100,100,100,55,30,25
12147,3028659,100,100,100,52,31,21
12148,3028711,98.0382352941177,100,95.65,51,28,23
12149,3029090,96.0764705882353,96.15,96,51,26,25
12150,3029696,100,100,100,33,15,18
12151,3029912,85.2944117647059,73.33,94.74,34,15,19
12152,3030104,89.1902702702703,85,94.12,37,20,17
12153,3030335,93.9418181818182,88.24,100,33,17,16
12154,3031090,95.4545454545455,90,100,22,10,12
12155,3031457,96.5489655172414,94.44,100,29,18,11
12156,3031575,95.4522727272727,93.33,100,22,15,7
12157,3031592,100,100,100,19,16,3
12158,3031637,100,100,100,25,15,10
12159,3032124,100,100,100,23,12,11
12160,3032558,97.6725581395349,95.83,100,43,24,19
12161,3033042,97.06,92.86,100,34,14,20
12162,3033305,100,100,100,45,20,25
12163,3033387,95,100,90,40,20,20
12164,3033455,90.6995348837209,95,86.96,43,20,23
12165,3033849,100,100,100,27,13,14
12166,3033870,100,100,100,36,17,19
12167,3034051,100,100,100,42,18,24
12168,3034143,100,100,100,41,22,19
12169,3034177,97.3694736842105,100,94.12,38,21,17
12170,3034303,100,100,100,22,4,18
12171,3034308,97.2238888888889,100,94.74,36,17,19
12172,3034482,100,100,100,41,19,22
12173,3034534,100,100,100,48,24,24
12174,3034606,97.9984,95.83,100,50,24,26
12175,3034656,97.8723404255319,100,96,47,22,25
12176,3034689,100,100,100,45,23,22
12177,3034866,100,100,100,32,18,14
12178,3035046,100,100,100,45,14,31
12179,3035133,98.1139622641509,100,96.43,53,25,28
12180,3035220,100,100,100,49,23,26
12181,3035277,98.2775862068966,96.67,100,58,30,28
12182,3035427,98.385,96.77,100,62,31,31
12183,3035473,97.8744680851064,100,96.67,47,17,30
12184,3035568,100,100,100,49,27,22
12185,3035740,97.725,96.15,100,44,26,18
12186,3037112,100,100,100,67,35,32
12187,3037426,98.55,100,96.55,69,40,29
12188,3037483,98.6133333333333,100,96.88,72,40,32
12189,3037586,100,100,100,70,40,30
12190,3037627,98.3311666666667,100,96.77,60,29,31
12191,3037738,100,100,100,61,31,30
12192,3037919,98.5076119402985,100,96.97,67,34,33
12193,3038416,97.8723404255319,100,96,47,22,25
12194,3038527,98.0776923076923,96.43,100,52,28,24
12195,3038928,100,100,100,60,36,24
12196,3039360,100,100,100,60,36,24
12197,3039459,100,100,100,55,33,22
12198,3039648,100,100,100,58,33,25
12199,3039732,100,100,100,55,29,26
12200,3039770,95.0844262295082,93.55,96.67,61,31,30
12201,3040063,100,100,100,51,31,20
12202,3040120,98.0372549019608,100,96.15,51,25,26
12203,3040376,100,100,100,48,29,19
12204,3040918,92.8575,100,71.43,28,21,7
12205,3041160,95.835,100,91.67,48,24,24
12206,3041228,91.4923404255319,90.48,92.31,47,21,26
12207,3041476,100,100,100,51,28,23
12208,3041799,100,100,100,44,27,17
12209,3042396,96.87625,100,94.12,32,15,17
12210,3042514,95.3483720930232,94.74,95.83,43,19,24
12211,3042964,97.4333333333333,100,95.45,39,17,22
12212,3043020,96.7754838709677,91.67,100,31,12,19
12213,3044049,96.9681818181818,93.33,100,33,15,18
12214,3044560,100,100,100,37,11,26
12215,3044655,97.5590243902439,94.44,100,41,18,23
12216,3044722,100,100,100,36,11,25
12217,3044914,97.8723404255319,100,96,47,22,25
12218,3045290,97.7261363636364,100,95.65,44,21,23
12219,3045366,97.915,94.44,100,48,18,30
12220,3045636,100,100,100,55,14,41
12221,3045680,100,100,100,56,21,35
12222,3046435,98.182,100,96.97,55,22,33
12223,3046529,100,100,100,62,29,33
12224,3046871,97.9581632653061,100,96.55,49,20,29
12225,3047051,97.96,96.43,100,49,28,21
12226,3047140,98.0769230769231,100,96,52,27,25
12227,3047149,98.2447368421053,100,96.55,57,28,29
12228,3047243,98.1481481481482,100,96,54,29,25
12229,3047474,100,100,100,67,34,33
12230,3047522,100,100,100,63,33,30
12231,3047545,96.7741935483871,93.75,100,62,32,30
12232,3047777,100,100,100,64,28,36
12233,3049130,97.2208333333333,100,93.33,36,21,15
12234,3049245,97.8712765957447,100,95.65,47,24,23
12235,3049885,93.1836363636364,91.67,95,44,24,20
12236,3050125,100,100,100,45,28,17
12237,3050500,97.06,95.24,100,34,21,13
12238,3050823,86.665,80,93.33,30,15,15
12239,3051253,100,100,100,29,17,12
12240,3051661,100,100,100,37,19,18
12241,3052030,97.3657894736842,100,95.45,38,16,22
12242,3052502,100,100,100,43,22,21
12243,3052693,97.4346153846154,100,96.55,39,10,29
12244,3053126,97.7755555555555,100,95.45,45,23,22
12245,3053270,100,100,100,65,30,35
12246,3053731,98.332,95.83,100,60,24,36
12247,3053822,96.4922807017544,92.31,100,57,26,31
12248,3054350,100,100,100,72,36,36
12249,3054578,100,100,100,70,38,32
12250,3054963,98.5495652173913,97.22,100,69,36,33
12251,3054995,100,100,100,68,38,30
12252,3055037,98.4863636363636,100,96.67,66,36,30
12253,3055145,100,100,100,63,35,28
12254,3055709,100,100,100,42,23,19
12255,3055730,97.9571428571429,100,96.15,49,23,26
12256,3056520,98.0376470588235,95.83,100,51,24,27
12257,3056580,100,100,100,48,24,24
12258,3056644,100,100,100,46,20,26
12259,3057051,91.6645833333333,92,91.3,48,25,23
12260,3057473,98.002,96.3,100,50,27,23
12261,3057586,97.7755555555555,100,95.45,45,23,22
12262,3058115,100,100,100,38,22,16
12263,3058141,100,100,100,33,18,15
12264,3058202,100,100,100,36,19,17
12265,3058230,97.3657894736842,95.45,100,38,22,16
12266,3058665,93.332,83.33,100,15,6,9
12267,3058823,100,100,100,27,16,11
12268,3059048,100,100,100,31,18,13
12269,3059119,100,100,100,24,15,9
12270,3059327,93.75125,95,91.67,32,20,12
12271,3059627,97.2983783783784,100,92.86,37,23,14
12272,3060381,95.5546666666667,95.24,95.83,45,21,24
12273,3060470,100,100,100,37,15,22
12274,3060946,97.6753488372093,95.24,100,43,21,22
12275,3060977,97.9591836734694,95,100,49,20,29
12276,3061282,98.0759615384616,95.65,100,52,23,29
12277,3061694,94.8296551724138,89.29,100,58,28,30
12278,3061835,98.075,100,96.15,52,26,26
12279,3061978,100,100,100,45,25,20
12280,3062018,95.3469767441861,94.44,96,43,18,25
12281,3062031,95.4522727272727,96.55,93.33,44,29,15
12282,3062057,97.999,96.55,100,50,29,21
12283,3062095,92.002,93.94,88.24,50,33,17
12284,3062125,95.8291666666667,96.15,95.45,48,26,22
12285,3062152,93.9996,92.86,95.45,50,28,22
12286,3062185,97.8744680851064,96.67,100,47,30,17
12287,3062234,96.0770588235294,92.59,100,51,27,24
12288,3062263,87.8806060606061,84.62,90,33,13,20
12289,3062614,95.24,92.86,100,42,28,14
12290,3062642,100,100,100,43,20,23
12291,3062659,100,100,100,35,26,9
12292,3062678,97.2972972972973,95,100,37,20,17
12293,3062728,97.6178571428571,100,93.33,42,27,15
12294,3062803,97.2222222222222,90,100,36,10,26
12295,3063258,96.4285714285714,90,100,28,10,18
12296,3063531,97.501,95.24,100,40,21,19
12297,3063570,100,100,100,25,13,12
12298,3063575,96.1507692307692,94.44,100,26,18,8
12299,3063731,97.144,100,92.86,35,21,14
12300,3063876,100,100,100,30,19,11
12301,3064096,97.3663157894737,100,94.44,38,20,18
12302,3064117,93.9424242424242,92.86,94.74,33,14,19
12303,3064166,100,100,100,32,14,18
12304,3064222,89.2871428571429,91.67,87.5,28,12,16
12305,3064240,91.6705555555556,94.74,88.24,36,19,17
12306,3064266,96.5531034482759,100,92.86,29,15,14
12307,3064287,92.498,95.45,88.89,40,22,18
12308,3064335,91.665,94.44,88.89,36,18,18
12309,3064348,100,100,100,13,9,4
12310,3064353,100,100,100,31,20,11
12311,3065084,97.776,95.83,100,45,24,21
12312,3065231,100,100,100,42,24,18
12313,3065273,97.5609756097561,100,95,41,21,20
12314,3065298,94.87,100,89.47,39,20,19
12315,3065366,94.5927027027027,100,89.47,37,18,19
12316,3065382,97.2951351351351,100,94.44,37,19,18
12317,3065412,96.7709677419355,100,95.45,31,9,22
12318,3065919,100,100,100,38,16,22
12319,3065975,100,100,100,33,16,17
12320,3066011,96.7741935483871,100,95,31,11,20
12321,3066045,94.2862857142857,100,90.91,35,13,22
12322,3066071,100,100,100,39,18,21
12323,3066089,93.55,100,86.67,31,16,15
12324,3066096,96.664,100,94.44,30,12,18
12325,3066219,100,100,100,39,17,22
12326,3066298,97.501,100,95.24,40,19,21
12327,3066443,100,100,100,44,20,24
12328,3066524,100,100,100,44,17,27
12329,3066847,97.2983783783784,100,95.24,37,16,21
12330,3067373,94.1179411764706,93.33,94.74,34,15,19
12331,3067409,94.4472222222222,94.74,94.12,36,19,17
12332,3067839,94.1179411764706,93.33,94.74,34,15,19
12333,3068762,100,100,100,24,14,10
12334,3069073,96.1542307692308,100,90.91,26,15,11
12335,3069154,100,100,100,28,15,13
12336,3069169,100,100,100,26,12,14
12337,3069197,100,100,100,29,14,15
12338,3069211,100,100,100,23,13,10
12339,3069638,100,100,100,28,15,13
12340,3069698,100,100,100,24,14,10
12341,3069912,100,100,100,21,10,11
12342,3070178,95.835,100,92.86,24,10,14
12343,3070217,95.6521739130435,90,100,23,10,13
12344,3070255,100,100,100,20,11,9
12345,3070279,100,100,100,25,10,15
12346,3070814,100,100,100,27,14,13
12347,3070886,100,100,100,27,14,13
12348,3070982,97.0588235294118,95,100,34,20,14
12349,3071775,100,100,100,33,15,18
12350,3072560,100,100,100,28,15,13
12351,3072593,100,100,100,25,7,18
12352,3072599,96.5531034482759,100,91.67,29,17,12
12353,3072763,90.0005,100,71.43,20,13,7
12354,3072819,100,100,100,26,15,11
12355,3073008,97.06,100,94.12,34,17,17
12356,3073069,100,100,100,29,14,15
12357,3073131,100,100,100,34,19,15
12358,3073269,100,100,100,32,16,16
12359,3073305,91.6691666666667,94.74,80,24,19,5
12360,3073494,100,100,100,34,15,19
12361,3073694,90.9090909090909,81.25,100,33,16,17
12362,3074288,100,100,100,37,14,23
12363,3074303,100,100,100,31,13,18
12364,3075050,100,100,100,35,17,18
12365,3075210,96.876875,100,94.74,32,13,19
12366,3075263,100,100,100,42,18,24
12367,3075784,97.0564705882353,100,94.44,34,16,18
12368,3075931,96.7754838709677,100,92.86,31,17,14
12369,3076296,100,100,100,35,22,13
12370,3076725,94.735,100,89.47,38,19,19
12371,3077522,92.31,92.31,92.31,26,13,13
12372,3078093,100,100,100,35,15,20
12373,3078275,100,100,100,10,6,4
12374,3078279,95.6534782608695,100,92.31,23,10,13
12375,3078552,100,100,100,27,13,14
12376,3078576,100,100,100,24,14,10
12377,3078591,100,100,100,25,14,11
12378,3079549,68.1804545454545,85.71,60,22,7,15
12379,3080086,100,100,100,24,10,14
12380,3081393,100,100,100,34,20,14
12381,3081424,100,100,100,35,18,17
12382,3081647,97.5619512195122,100,94.12,41,24,17
12383,3081784,95.1219512195122,92,100,41,25,16
12384,3082061,97.559756097561,100,95.65,41,18,23
12385,3082294,97.4333333333333,100,95.45,39,17,22
12386,3082505,97.824347826087,100,95.83,46,22,24
12387,3082643,100,100,100,42,24,18
12388,3082958,97.8269565217391,96.43,100,46,28,18
12389,3083006,98.0394117647059,96.97,100,51,33,18
12390,3083039,98,100,95,50,30,20
12391,3083093,95.5546666666667,96.15,94.74,45,26,19
12392,3083180,96.1530769230769,97.06,94.44,52,34,18
12393,3083271,100,100,100,47,30,17
12394,3083528,93.3311111111111,93.1,93.75,45,29,16
12395,3083622,100,100,100,44,28,16
12396,3084016,100,100,100,38,21,17
12397,3084034,100,100,100,40,22,18
12398,3084064,94.4427777777778,100,85.71,36,22,14
12399,3084200,97.3684210526316,100,93.75,38,22,16
12400,3084253,100,100,100,31,22,9
12401,3084370,97.2983783783784,100,94.12,37,20,17
12402,3084410,100,100,100,25,15,10
12403,3084520,94.8723076923077,100,88.89,39,21,18
12404,3084631,100,100,100,43,24,19
12405,3085535,95.4563636363636,100,91.67,22,10,12
12406,3085628,93.1044827586207,92.31,93.75,29,13,16
12407,3085699,92.5940740740741,94.12,90,27,17,10
12408,3086639,86.3618181818182,90,83.33,22,10,12
12409,3086796,95.83125,100,93.33,24,9,15
12410,3086809,100,100,100,18,8,10
12411,3086907,100,100,100,29,16,13
12412,3087037,100,100,100,30,14,16
12413,3087285,100,100,100,36,20,16
12414,3087324,100,100,100,33,16,17
12415,3087505,100,100,100,32,19,13
12416,3087583,100,100,100,28,14,14
12417,3087742,94.12,100,88.24,34,17,17
12418,3087756,96.5520689655173,100,90.91,29,18,11
12419,3087974,100,100,100,23,16,7
12420,3088542,97.2208333333333,100,93.33,36,21,15
12421,3088710,100,100,100,28,12,16
12422,3088731,100,100,100,38,22,16
12423,3088743,100,100,100,33,23,10
12424,3089481,100,100,100,48,28,20
12425,3090280,100,100,100,58,35,23
12426,3090531,95.3815384615385,97.14,93.33,65,35,30
12427,3090672,96.7741935483871,97.14,96.3,62,35,27
12428,3090741,100,100,100,39,15,24
12429,3091344,94.8717948717949,100,87.5,39,23,16
12430,3091351,100,100,100,49,29,20
12431,3091431,98.111320754717,100,96.15,53,27,26
12432,3091597,100,100,100,52,27,25
12433,3091881,100,100,100,59,32,27
12434,3092002,100,100,100,50,26,24
12435,3092013,98.0372549019608,100,95.45,51,29,22
12436,3092098,100,100,100,50,27,23
12437,3092113,97.5,93.75,100,40,16,24
12438,3092124,100,100,100,52,28,24
12439,3092211,100,100,100,53,30,23
12440,3092407,97.6725581395349,94.44,100,43,18,25
12441,3092649,97.915,95.83,100,48,24,24
12442,3092778,97.4358974358974,95,100,39,20,19
12443,3092847,96.295,92.59,100,54,27,27
12444,3092983,81.58,85,77.78,38,20,18
12445,3093045,95.2357142857143,95.45,95,42,22,20
12446,3093105,90.477619047619,87.5,92.31,42,16,26
12447,3093178,96.2279245283019,91.67,100,53,24,29
12448,3093394,100,100,100,51,21,30
12449,3094502,100,100,100,47,28,19
12450,3094572,100,100,100,46,25,21
12451,3094610,100,100,100,58,28,30
12452,3094916,100,100,100,49,23,26
12453,3095030,95.5566666666667,86.67,100,45,15,30
12454,3095087,95.9185714285714,93.75,96.97,49,16,33
12455,3096223,94.1160784313726,86.36,100,51,22,29
12456,3096288,96.3623636363636,92.59,100,55,27,28
12457,3096964,100,100,100,47,23,24
12458,3097069,100,100,100,44,21,23
12459,3097150,98.111320754717,96.15,100,53,26,27
12460,3097403,95.65,100,93.33,46,16,30
12461,3097589,96.4947368421053,96.67,96.3,57,30,27
12462,3097775,94.1170588235294,96.55,90.91,51,29,22
12463,3097802,95.4543181818182,95.65,95.24,44,23,21
12464,3099141,96.7761290322581,100,94.74,31,12,19
12465,3099188,100,100,100,23,14,9
12466,3099347,96.7754838709677,100,94.12,31,14,17
12467,3099467,96.2944444444444,100,93.33,27,12,15
12468,3099698,96.2944444444444,100,93.33,27,12,15
12469,3099707,93.1034482758621,100,87.5,29,13,16
12470,3099718,92.002,90.91,92.86,25,11,14
12471,3099988,100,100,100,26,8,18
12472,3100825,72.73,72.73,72.73,22,11,11
12473,3101174,91.1761764705882,84.21,100,34,19,15
12474,3101475,100,100,100,32,18,14
12475,3101733,97.1445714285714,94.74,100,35,19,16
12476,3101928,94.2862857142857,88.89,100,35,18,17
12477,3102601,97.5,100,95,40,20,20
12478,3103203,100,100,100,42,18,24
12479,3104192,100,100,100,50,23,27
12480,3104607,100,100,100,51,27,24
12481,3104641,100,100,100,53,28,25
12482,3104767,97.501,91.67,100,40,12,28
12483,3104782,95.6526086956522,90.91,100,46,22,24
12484,3105217,98.04,100,96.43,51,23,28
12485,3106435,92.9842105263158,96.3,90,57,27,30
12486,3106497,91.5261016949153,89.66,93.33,59,29,30
12487,3106569,96.6084745762712,93.1,100,59,29,30
12488,3106587,94.7357894736842,93.1,96.43,57,29,28
12489,3106659,94.83,100,89.66,58,29,29
12490,3107377,96.668,100,91.67,60,36,24
12491,3107575,96.1567307692308,94.29,100,52,35,17
12492,3107704,93.2242372881356,94.29,91.67,59,35,24
12493,3107719,96.4947368421053,96.3,96.67,57,27,30
12494,3108083,94.1179411764706,94.74,93.33,68,38,30
12495,3108140,89.4698245614035,93.1,85.71,57,29,28
12496,3108148,86.2764705882353,90.7,62.5,51,43,8
12497,3108269,91.9354838709677,93.75,90,62,32,30
12498,3108535,93.7475,94.44,91.67,48,36,12
12499,3108657,96.6636666666667,96.77,96.55,60,31,29
12500,3108676,94.6433928571429,100,88.89,56,29,27
12501,3109910,98.075,100,95.45,52,30,22
12502,3109944,96.001,95.65,96.3,50,23,27
12503,3109994,98.2447368421053,96.55,100,57,29,28
12504,3110048,96.551724137931,100,92,58,33,25
12505,3110486,91.4895744680851,92.86,89.47,47,28,19
12506,3110761,94.3411320754717,100,86.96,53,30,23
12507,3111287,96.9666666666667,100,95.45,33,11,22
12508,3112198,95.0005,100,90.91,40,18,22
12509,3112273,93.3324444444444,100,88.46,45,19,26
12510,3112357,98.0759615384615,96.55,100,52,29,23
12511,3112391,100,100,100,43,27,16
12512,3112655,95.5533333333333,100,91.3,45,22,23
12513,3113097,97.3663157894737,100,94.44,38,20,18
12514,3113170,95.120243902439,100,89.47,41,22,19
12515,3113617,94.4472222222222,94.12,94.74,36,17,19
12516,3113918,100,100,100,30,14,16
12517,3114285,100,100,100,49,19,30
12518,3114619,100,100,100,44,22,22
12519,3114742,97.5619512195122,92.86,100,41,14,27
12520,3115114,100,100,100,47,19,28
12521,3115211,100,100,100,47,26,21
12522,3115310,100,100,100,43,21,22
12523,3115435,97.6720930232558,100,95.45,43,21,22
12524,3115552,100,100,100,39,19,20
12525,3115981,100,100,100,52,24,28
12526,3116087,97.998,100,96.15,50,24,26
12527,3116119,95.9964,95.83,96.15,50,24,26
12528,3116281,95.1182926829268,96.15,93.33,41,26,15
12529,3116587,98.1488888888889,100,96.43,54,26,28
12530,3116827,97.4975,96.15,100,40,26,14
12531,3116939,94.12,94.12,94.12,34,17,17
12532,3116949,92.6848780487805,90.48,95,41,21,20
12533,3116972,100,100,100,24,7,17
12534,3116977,88.8888888888889,100,81.25,27,11,16
12535,3117043,94.6471428571429,91.67,96.88,56,24,32
12536,3117083,96.0770588235294,94.44,96.97,51,18,33
12537,3117106,88.2352941176471,76.92,95.24,34,13,21
12538,3117112,87.500625,84.21,92.31,32,19,13
12539,3117854,100,100,100,38,12,26
12540,3117971,94.2831428571428,88.89,96.15,35,9,26
12541,3118066,97.3684210526316,100,96,38,13,25
12542,3118360,100,100,100,34,11,23
12543,3118486,94.1179411764706,93.33,94.74,34,15,19
12544,3118526,97.1405714285714,100,95.83,35,11,24
12545,3118888,96.1553846153846,100,92.86,26,12,14
12546,3118960,100,100,100,21,9,12
12547,3119022,91.3069565217391,100,84.62,23,10,13
12548,3119578,90.9109090909091,87.5,92.86,22,8,14
12549,3119760,100,100,100,27,10,17
12550,3120084,96.7745161290323,90.91,100,31,11,20
12551,3120237,96.9709090909091,91.67,100,33,12,21
12552,3120719,97.0605882352941,100,94.74,34,15,19
12553,3120941,96.7754838709677,100,94.12,31,14,17
12554,3121212,96.4296428571429,100,92.31,28,15,13
12555,3121784,100,100,100,39,20,19
12556,3121802,97.8702127659574,100,96.15,47,21,26
12557,3122031,95.835,91.67,100,48,24,24
12558,3122081,80.4843902439024,95.83,58.82,41,24,17
12559,3122361,97.725,100,96.15,44,18,26
12560,3122858,96.0016,91.67,100,50,24,26
12561,3123050,97.9175,100,94.12,48,31,17
12562,3123329,98.5495652173913,100,97.22,69,33,36
12563,3123632,100,100,100,64,32,32
12564,3123671,100,100,100,57,27,30
12565,3123681,95.1629032258065,92,97.3,62,25,37
12566,3124339,100,100,100,58,23,35
12567,3124401,100,100,100,61,29,32
12568,3124867,100,100,100,49,22,27
12569,3124878,97.1805633802817,97.14,97.22,71,35,36
12570,3125241,96.97,96.97,96.97,66,33,33
12571,3125690,100,100,100,72,37,35
12572,3125856,97.3694736842105,97.62,97.06,76,42,34
12573,3125879,98.385,96.77,100,62,31,31
12574,3126079,95.7172857142857,97.44,93.55,70,39,31
12575,3126775,98.2442105263158,97.22,100,57,36,21
12576,3127207,98.2768965517241,100,94.74,58,39,19
12577,3127385,100,100,100,58,34,24
12578,3127436,98.4152380952381,100,96.88,63,31,32
12579,3127624,100,100,100,48,28,20
12580,3127687,100,100,100,63,34,29
12581,3127900,98.0753846153846,95.83,100,52,24,28
12582,3127921,96.4267857142857,93.1,100,56,29,27
12583,3128521,98.0411764705882,96.3,100,51,27,24
12584,3128558,100,100,100,53,25,28
12585,3128701,89.1308695652174,92.86,83.33,46,28,18
12586,3128720,95.650652173913,92.59,100,46,27,19
12587,3128795,88.6777358490566,76.92,100,53,26,27
12588,3128863,96.667,100,88.89,30,21,9
12589,3128867,88.887037037037,100,82.35,27,10,17
12590,3128884,97.6171428571429,95.83,100,42,24,18
12591,3128939,100,100,100,48,27,21
12592,3129134,90.74,88.89,92.59,54,27,27
12593,3129158,92.1564705882353,91.3,92.86,51,23,28
12594,3129178,92.8541071428571,92.59,93.1,56,27,29
12595,3129333,95.9173469387755,95,96.55,49,20,29
12596,3129343,95.9183673469388,96.3,95.45,49,27,22
12597,3129419,92.4535849056604,88,96.43,53,25,28
12598,3129451,94.114705882353,92.59,95.83,51,27,24
12599,3129536,95.4581818181818,96.88,94.12,66,32,34
12600,3129601,98.4616923076923,96.97,100,65,33,32
12601,3129637,98.2433333333333,100,96.77,57,26,31
12602,3129812,96.4275,97.14,95.24,56,35,21
12603,3129880,100,100,100,55,36,19
12604,3130087,89.5845833333333,91.18,85.71,48,34,14
12605,3130175,93.7525,97.44,88,64,39,25
12606,3130695,98.0411764705882,100,96.67,51,21,30
12607,3130934,98.5286764705883,100,95.65,68,45,23
12608,3131185,97.4012987012987,95.65,100,77,46,31
12609,3131408,100,100,100,52,30,22
12610,3131497,95.3134375,97.62,90.91,64,42,22
12611,3131615,95.92,91.67,100,49,24,25
12612,3131932,100,100,100,51,29,22
12613,3132215,100,100,100,60,40,20
12614,3132820,100,100,100,60,30,30
12615,3133243,100,100,100,41,15,26
12616,3133323,97.7777777777778,95,100,45,20,25
12617,3134606,94.1194117647059,84.62,100,34,13,21
12618,3134843,95,100,90,20,10,10
12619,3135215,100,100,100,25,9,16
12620,3135671,100,100,100,26,15,11
12621,3135784,100,100,100,26,12,14
12622,3136919,96.9681818181818,93.33,100,33,15,18
12623,3137015,100,100,100,38,17,21
12624,3137042,100,100,100,29,15,14
12625,3137176,100,100,100,35,17,18
12626,3137489,97.4369230769231,94.12,100,39,17,22
12627,3137585,97.6753488372093,95.24,100,43,21,22
12628,3137779,95.1209756097561,94.74,95.45,41,19,22
12629,3137789,95,90,100,40,20,20
12630,3137830,85.2952941176471,84.21,86.67,34,19,15
12631,3137954,100,100,100,21,17,4
12632,3138421,97.144,95.24,100,35,21,14
12633,3138983,100,100,100,38,18,20
12634,3139027,97.5,93.75,100,40,16,24
12635,3139043,100,100,100,52,28,24
12636,3139063,98.0372549019608,100,96.15,51,25,26
12637,3139087,97.96,100,95.24,49,28,21
12638,3139836,100,100,100,47,24,23
12639,3140002,100,100,100,54,29,25
12640,3140399,100,100,100,58,34,24
12641,3140587,100,100,100,31,6,25
12642,3140630,100,100,100,46,26,20
12643,3140710,96.8734375,100,93.1,64,35,29
12644,3140928,98.1488888888889,100,92.86,54,40,14
12645,3141060,98.3613114754098,100,95.24,61,40,21
12646,3141119,96.4294642857143,96.55,96.3,56,29,27
12647,3141174,100,100,100,63,39,24
12648,3141403,100,100,100,67,41,26
12649,3141628,100,100,100,63,38,25
12650,3141650,96.6079661016949,97.22,95.65,59,36,23
12651,3142019,96.666,97.37,95.45,60,38,22
12652,3142046,98.3877419354839,100,96.43,62,34,28
12653,3142066,94.9161016949153,91.43,100,59,35,24
12654,3142310,98.4390625,100,96.3,64,37,27
12655,3142519,98.4390625,97.3,100,64,37,27
12656,3142526,100,100,100,49,37,12
12657,3142843,98.1150943396226,96.67,100,53,30,23
12658,3142859,100,100,100,55,29,26
12659,3142966,96.664,97.22,95.83,60,36,24
12660,3143016,96.665,97.14,96,60,35,25
12661,3143587,97.7275,96.97,100,44,33,11
12662,3143848,100,100,100,57,31,26
12663,3144001,97.8260869565217,100,95,46,26,20
12664,3144153,100,100,100,58,29,29
12665,3144166,100,100,100,52,32,20
12666,3144304,98.1122641509434,100,96.55,53,24,29
12667,3144745,100,100,100,52,34,18
12668,3144790,100,100,100,42,30,12
12669,3145032,97.9591836734694,93.75,100,49,16,33
12670,3145845,100,100,100,40,16,24
12671,3146326,95.7468085106383,95,96.3,47,20,27
12672,3146449,97.4358974358974,95,100,39,20,19
12673,3146591,97.1431428571429,90.91,100,35,11,24
12674,3146904,94.5932432432432,92.31,95.83,37,13,24
12675,3147278,86.2068965517241,100,60,29,19,10
12676,3148038,100,100,100,38,19,19
12677,3148395,100,100,100,36,25,11
12678,3148774,100,100,100,43,19,24
12679,3148882,97.2233333333333,100,94.12,36,19,17
12680,3148976,100,100,100,37,17,20
12681,3149311,100,100,100,43,23,20
12682,3149587,94.1194117647059,100,84.62,34,21,13
12683,3149807,100,100,100,46,26,20
12684,3149893,100,100,100,37,15,22
12685,3149941,100,100,100,46,23,23
12686,3150175,100,100,100,34,9,25
12687,3150355,100,100,100,40,18,22
12688,3150400,97.559756097561,93.33,100,41,15,26
12689,3151007,100,100,100,40,25,15
12690,3151310,100,100,100,43,24,19
12691,3152540,97.2972972972973,95,100,37,20,17
12692,3152633,97.7281818181818,95.24,100,44,21,23
12693,3152785,95.2342857142857,94.44,95.83,42,18,24
12694,3153274,100,100,100,30,8,22
12695,3153325,100,100,100,43,19,24
12696,3153380,97.8260869565217,100,96,46,21,25
12697,3153392,95.5573333333333,100,92.86,45,17,28
12698,3153490,90.625,100,70,32,22,10
12699,3153624,95.8322916666667,95.65,96,48,23,25
12700,3154119,100,100,100,50,22,28
12701,3154142,100,100,100,49,22,27
12702,3154407,100,100,100,54,26,28
12703,3154674,100,100,100,51,23,28
12704,3155288,100,100,100,38,12,26
12705,3155312,90.91,100,81.82,44,22,22
12706,3155497,100,100,100,42,23,19
12707,3155698,97.6171428571429,100,95.83,42,18,24
12708,3155808,100,100,100,46,24,22
12709,3155881,98.002,100,96.3,50,23,27
12710,3156193,98.0382352941177,100,95.65,51,28,23
12711,3156992,91.6666666666667,93.75,90,36,16,20
12712,3157046,96.1553846153846,100,90.48,52,31,21
12713,3157103,96.08,100,90.48,51,30,21
12714,3157215,100,100,100,48,28,20
12715,3157233,98.1116981132076,100,95.83,53,29,24
12716,3157307,97.8744680851064,100,96.67,47,17,30
12717,3157404,100,100,100,44,17,27
12718,3157428,98.0411764705882,96.67,100,51,30,21
12719,3157888,95.0025,94.74,95.24,40,19,21
12720,3157918,100,100,100,37,16,21
12721,3157960,100,100,100,46,25,21
12722,3158337,97.62,100,94.12,42,25,17
12723,3159203,98.5501449275362,97.56,100,69,41,28
12724,3159456,95.5259701492537,97.44,92.86,67,39,28
12725,3159635,93.2418918918919,91.11,96.55,74,45,29
12726,3159678,92.593950617284,91.49,94.12,81,47,34
12727,3159698,92.9545070422535,94.87,90.62,71,39,32
12728,3159723,95.7728169014084,95,96.77,71,40,31
12729,3159854,96.8242857142857,100,92.59,63,36,27
12730,3159894,96.9690909090909,97.56,96,66,41,25
12731,3159903,92.6442647058823,89.74,96.55,68,39,29
12732,3159915,94.3664788732394,97.14,91.67,71,35,36
12733,3160020,95.9989333333333,100,90.32,75,44,31
12734,3160137,100,100,100,68,33,35
12735,3160674,98.7184615384615,100,97.06,78,44,34
12736,3160733,98.5508695652174,100,96.97,69,36,33
12737,3160793,96.88,96.88,96.88,64,32,32
12738,3160812,98.5530434782609,100,97.44,69,30,39
12739,3160911,97.4018181818182,97.14,97.62,77,35,42
12740,3160976,98.6508108108108,100,96.88,74,42,32
12741,3161033,97.3673684210526,97.22,97.5,76,36,40
12742,3161117,95.5207462686567,91.67,97.67,67,24,43
12743,3161127,90.626875,87.1,93.94,64,31,33
12744,3161456,100,100,100,76,35,41
12745,3161761,98.3585245901639,100,96.77,61,30,31
12746,3161792,92.7274545454545,92.59,92.86,55,27,28
12747,3161896,96.43,96.88,95.83,56,32,24
12748,3162846,100,100,100,70,34,36
12749,3163135,98.2133928571428,96.55,100,56,29,27
12750,3163180,100,100,100,56,30,26
12751,3163758,100,100,100,56,21,35
12752,3163769,98.2758620689655,100,96,58,33,25
12753,3163997,98.5059701492537,100,97.14,67,32,35
12754,3164109,95.6526086956522,90.91,100,46,22,24
12755,3164144,100,100,100,48,30,18
12756,3164201,100,100,100,57,30,27
12757,3164549,100,100,100,46,22,24
12758,3164724,100,100,100,55,31,24
12759,3164799,100,100,100,55,30,25
12760,3164979,98.1483333333333,96.97,100,54,33,21
12761,3165014,94.1160784313726,90.32,100,51,31,20
12762,3165047,100,100,100,51,32,19
12763,3165122,100,100,100,56,33,23
12764,3165291,98.3858064516129,97.22,100,62,36,26
12765,3165362,100,100,100,59,35,24
12766,3165641,100,100,100,50,39,11
12767,3165897,98.2463157894737,97.06,100,57,34,23
12768,3166063,100,100,100,54,30,24
12769,3166250,100,100,100,58,31,27
12770,3166298,98.1794545454545,96.77,100,55,31,24
12771,3166558,100,100,100,42,29,13
12772,3166768,100,100,100,44,27,17
12773,3166930,100,100,100,37,21,16
12774,3167074,100,100,100,41,25,16
12775,3167233,100,100,100,37,22,15
12776,3167533,100,100,100,36,19,17
12777,3168270,94.7373684210526,100,90.91,19,8,11
12778,3168356,100,100,100,18,7,11
12779,3169303,95.24,100,91.67,21,9,12
12780,3169455,95.4559090909091,100,92.31,22,9,13
12781,3169972,100,100,100,18,4,14
12782,3170056,100,100,100,27,10,17
12783,3170659,100,100,100,19,5,14
12784,3170683,94.445,100,88.89,18,9,9
12785,3170863,96.43,100,95.24,28,7,21
12786,3170976,96.1526923076923,85.71,100,26,7,19
12787,3171286,100,100,100,26,7,19
12788,3171330,90.001,100,66.67,10,7,3
12789,3171334,100,100,100,18,4,14
12790,3171355,96.0024,100,94.74,25,6,19
12791,3171414,96.0024,100,94.74,25,6,19
12792,3171427,95.8325,83.33,100,24,6,18
12793,3172056,86.3645454545454,85.71,86.67,22,7,15
12794,3172423,76.9223076923077,66.67,85.71,13,6,7
12795,3172719,88.8905555555556,80,92.31,18,5,13
12796,3172837,92.3076923076923,90,93.75,26,10,16
12797,3172936,93.1010344827586,90.91,94.44,29,11,18
12798,3173206,92.002,92.86,90.91,25,14,11
12799,3173555,96.9672727272727,100,94.44,33,15,18
12800,3173609,97.7755555555555,100,96.15,45,19,26
12801,3173657,97.3694736842105,95.24,100,38,21,17
12802,3173807,97.2959459459459,100,93.33,37,22,15
12803,3173969,96.2977777777778,94.12,100,27,17,10
12804,3173984,89.13,86.96,91.3,46,23,23
12805,3173994,93.7516666666667,86.96,100,48,23,25
12806,3174066,92.6839024390244,95.24,90,41,21,20
12807,3174087,93.749375,95.24,92.59,48,21,27
12808,3174104,95.455,90.91,100,44,22,22
12809,3174124,100,100,100,39,17,22
12810,3174419,97.7755555555555,100,96.15,45,19,26
12811,3174455,97.2972972972973,100,96,37,12,25
12812,3174780,91.892972972973,87.5,95.24,37,16,21
12813,3174798,95.2357142857143,93.75,96.15,42,16,26
12814,3175421,96.7213114754098,100,93.75,61,29,32
12815,3175456,98.1472222222222,100,96.55,54,25,29
12816,3175591,100,100,100,49,24,25
12817,3175635,98.215,100,96.43,56,28,28
12818,3175900,98.4128571428571,100,96.97,63,30,33
12819,3176207,95.0829508196721,96.43,93.94,61,28,33
12820,3176306,100,100,100,53,23,30
12821,3176630,100,100,100,48,19,29
12822,3177078,100,100,100,43,16,27
12823,3177815,95.2385714285714,100,90.91,42,20,22
12824,3178079,96.9681818181818,100,95.65,33,10,23
12825,3178248,100,100,100,34,13,21
12826,3178482,94.7357894736842,92.86,95.83,38,14,24
12827,3178496,97.0588235294118,100,93.75,34,18,16
12828,3178577,95.1182926829268,93.33,96.15,41,15,26
12829,3178593,97.5609756097561,100,96,41,16,25
12830,3178631,97.7261363636364,93.33,100,44,15,29
12831,3178733,95.65,95,96.15,46,20,26
12832,3179412,100,100,100,55,19,36
12833,3180619,95.4563636363636,100,91.67,44,20,24
12834,3180725,97.96,95.24,100,49,21,28
12835,3180817,93.1804545454546,83.33,100,44,18,26
12836,3180830,97.998,95.45,100,50,22,28
12837,3180895,95.002,100,91.67,20,8,12
12838,3180899,96.6676666666667,92.31,100,30,13,17
12839,3180974,97.6744186046512,93.75,100,43,16,27
12840,3181091,95.1187804878049,94.44,95.65,41,18,23
12841,3181295,100,100,100,44,20,24
12842,3181330,97.5015,94.74,100,40,19,21
12843,3181360,100,100,100,39,19,20
12844,3181493,100,100,100,42,19,23
12845,3181534,100,100,100,37,20,17
12846,3182112,100,100,100,31,23,8
12847,3182495,95.0025,95.24,94.74,40,21,19
12848,3182514,89.6537931034483,76.92,100,29,13,16
12849,3182676,100,100,100,28,13,15
12850,3182862,100,100,100,31,15,16
12851,3183664,77.7777777777778,80,75,9,5,4
12852,3183990,94.7373684210526,100,88.89,19,10,9
12853,3184077,100,100,100,20,12,8
12854,3184230,100,100,100,20,13,7
12855,3184248,94.1182352941177,90.91,100,17,11,6
12856,3184336,94.1176470588235,90,100,17,10,7
12857,3184621,94.1176470588235,90,100,17,10,7
12858,3185086,100,100,100,13,7,6
12859,3185102,83.335,66.67,88.89,12,3,9
12860,3185607,100,100,100,12,3,9
12861,3185733,100,100,100,12,4,8
12862,3186020,91.6666666666667,75,100,12,4,8
12863,3186241,100,100,100,16,9,7
12864,3186768,100,100,100,17,8,9
12865,3186792,100,100,100,16,9,7
12866,3186970,100,100,100,22,9,13
12867,3187069,100,100,100,16,8,8
12868,3187494,93.748125,85.71,100,16,7,9
12869,3187712,86.666,83.33,88.89,15,6,9
12870,3188001,87.5,75,100,16,8,8
12871,3188644,100,100,100,18,7,11
12872,3189039,90,100,80,10,5,5
12873,3189156,100,100,100,12,5,7
12874,3189395,100,100,100,10,7,3
12875,3189969,91.6666666666667,100,75,12,8,4
12876,3190379,88.8888888888889,100,50,9,7,2
12877,3190623,63.6381818181818,66.67,60,11,6,5
12878,3191302,100,100,100,7,2,5
12879,3191404,100,100,100,9,4,5
12880,3191934,80.002,66.67,100,10,6,4
12881,3192055,90.9063636363636,85.71,100,11,7,4
12882,3192268,81.8181818181818,100,60,11,6,5
12883,3192695,95.24,92.86,100,21,14,7
12884,3193050,91.6683333333333,92.86,90,24,14,10
12885,3193135,96.668,94.12,100,30,17,13
12886,3193821,97.06,100,91.67,34,22,12
12887,3193866,96.9706060606061,100,92.31,33,20,13
12888,3193987,100,100,100,35,21,14
12889,3194603,100,100,100,31,21,10
12890,3195300,100,100,100,39,17,22
12891,3195342,100,100,100,38,18,20
12892,3195473,92.5,100,87.5,40,16,24
12893,3195483,88.8918518518519,100,86.96,27,4,23
12894,3195492,91.8894594594595,100,85.71,37,16,21
12895,3195837,96.4294642857143,96.3,96.55,56,27,29
12896,3196223,100,100,100,47,30,17
12897,3196263,100,100,100,60,31,29
12898,3196367,98.1481481481482,100,96,54,29,25
12899,3196404,98.3028813559322,100,96.77,59,28,31
12900,3196688,94.99975,94.12,95.65,40,17,23
12901,3197119,100,100,100,49,22,27
12902,3197254,97.7295454545455,96.3,100,44,27,17
12903,3197539,98.0392156862745,96,100,51,25,26
12904,3197710,98.2447368421053,96.55,100,57,29,28
12905,3197899,97.5619512195122,100,92.86,41,27,14
12906,3198214,98.4630769230769,96.67,100,65,30,35
12907,3199009,100,100,100,66,32,34
12908,3199117,97.0991304347826,100,94.44,69,33,36
12909,3199805,95.1635483870968,100,89.66,62,33,29
12910,3199877,98.4595384615385,100,96.77,65,34,31
12911,3200120,96.87625,100,92.86,64,36,28
12912,3200633,98.1836363636364,100,96.3,55,28,27
12913,3201022,92.85875,96.97,86.96,56,33,23
12914,3201225,96.873125,96.97,96.77,64,33,31
12915,3201331,97.8239130434783,96.15,100,46,26,20
12916,3201444,97.6190476190476,95,100,42,20,22
12917,3201496,98.2775862068966,96.67,100,58,30,28
12918,3201606,100,100,100,51,21,30
12919,3201789,100,100,100,42,18,24
12920,3201811,98.2160714285714,100,96.3,56,29,27
12921,3202150,100,100,100,53,30,23
12922,3202165,98.1472222222222,100,95.65,54,31,23
12923,3202234,94.9985,92.86,96.15,40,14,26
12924,3202282,97.9571428571429,100,96.15,49,23,26
12925,3202657,98.385,100,96.77,62,31,31
12926,3202807,91.3082608695652,89.66,94.12,46,29,17
12927,3203499,96.1538461538462,100,92,52,27,25
12928,3203854,100,100,100,45,17,28
12929,3203966,100,100,100,46,24,22
12930,3203977,100,100,100,25,21,4
12931,3204718,100,100,100,45,29,16
12932,3204788,97.6190476190476,100,93.75,42,26,16
12933,3205055,89.7407692307692,92.59,83.33,39,27,12
12934,3205210,97.8269565217391,96.43,100,46,28,18
12935,3205301,100,100,100,34,19,15
12936,3205322,86.4840540540541,85.71,87.5,37,21,16
12937,3205825,91.1755882352941,95.65,81.82,34,23,11
12938,3205858,94.1158823529412,95.45,91.67,34,22,12
12939,3206135,96.5531034482759,94.12,100,29,17,12
12940,3207331,97.50075,100,92.31,40,27,13
12941,3207380,82.9295121951219,91.67,70.59,41,24,17
12942,3207395,90.62375,95,83.33,32,20,12
12943,3207408,92.1013157894737,91.3,93.33,38,23,15
12944,3207437,95.1219512195122,96,93.75,41,25,16
12945,3207491,100,100,100,39,25,14
12946,3207509,90.7009302325581,92.31,88.24,43,26,17
12947,3207519,88.2358823529412,88.89,87.5,34,18,16
12948,3207930,97.96,100,95.24,49,28,21
12949,3207947,95.4563636363636,100,90.48,44,23,21
12950,3208153,100,100,100,58,34,24
12951,3208165,100,100,100,48,30,18
12952,3208471,100,100,100,53,36,17
12953,3208820,100,100,100,63,32,31
12954,3209584,100,100,100,75,44,31
12955,3209630,100,100,100,79,42,37
12956,3209776,97.5584146341463,97.87,97.14,82,47,35
12957,3210224,98.5728571428571,100,96.3,70,43,27
12958,3210368,100,100,100,66,37,29
12959,3210394,97.297027027027,97.37,97.22,74,38,36
12960,3211020,95.9171428571428,85.71,100,49,14,35
12961,3211141,100,100,100,66,34,32
12962,3211168,100,100,100,19,6,13
12963,3211173,100,100,100,53,37,16
12964,3211317,100,100,100,68,35,33
12965,3211428,100,100,100,61,35,26
12966,3211681,100,100,100,53,18,35
12967,3211699,100,100,100,56,29,27
12968,3211981,96.2301886792453,96.88,95.24,53,32,21
12969,3212248,98.1122641509434,96.55,100,53,29,24
12970,3212879,97.9571428571429,100,96.15,49,23,26
12971,3213162,100,100,100,31,23,8
12972,3213167,100,100,100,26,13,13
12973,3213188,100,100,100,60,34,26
12974,3213237,100,100,100,51,27,24
12975,3213425,100,100,100,54,36,18
12976,3213467,100,100,100,60,38,22
12977,3213492,100,100,100,57,35,22
12978,3213525,97.0564705882353,94.44,100,34,18,16
12979,3213530,100,100,100,41,26,15
12980,3213564,98.5479710144928,97.67,100,69,43,26
12981,3213612,100,100,100,64,38,26
12982,3213791,100,100,100,67,41,26
12983,3213905,98.0382352941176,96.55,100,51,29,22
12984,3214349,97.998,100,95.45,50,28,22
12985,3214361,97.9175,100,95.24,48,27,21
12986,3214380,98.0372549019608,100,95.45,51,29,22
12987,3214526,100,100,100,43,22,21
12988,3214544,98.1511111111111,96.88,100,54,32,22
12989,3214577,100,100,100,48,24,24
12990,3214814,100,100,100,53,28,25
12991,3214901,100,100,100,48,26,22
12992,3216336,100,100,100,44,29,15
12993,3216450,95.4529545454545,92.59,100,44,27,17
12994,3217352,100,100,100,50,24,26
12995,3217364,100,100,100,41,25,16
12996,3217542,100,100,100,54,28,26
12997,3217659,100,100,100,55,26,29
12998,3217740,100,100,100,46,22,24
12999,3218064,100,100,100,51,24,27
13000,3218709,97.8273913043478,94.74,100,46,19,27
13001,3219002,100,100,100,36,17,19
13002,3219172,85.7142857142857,100,70,21,11,10
13003,3219419,89.658275862069,92.86,86.67,29,14,15
13004,3219573,96.2977777777778,100,92.86,27,13,14
13005,3219861,100,100,100,36,15,21
13006,3220199,100,100,100,43,18,25
13007,3220298,97.4366666666667,92.31,100,39,13,26
13008,3220629,96.551724137931,93.75,100,29,16,13
13009,3220766,95.0005,88.89,100,40,18,22
13010,3220817,100,100,100,24,9,15
13011,3220909,100,100,100,28,11,17
13012,3221335,100,100,100,34,13,21
13013,3221539,94.4461111111111,100,92.31,36,10,26
13014,3221586,90.6234375,100,82.35,32,15,17
13015,3221694,95.8333333333333,75,100,24,4,20
13016,3221701,97.4346153846154,100,95.65,39,16,23
13017,3221718,97.2983783783784,100,96.43,37,9,28
13018,3221935,97.6228571428571,100,96.88,42,10,32
13019,3222511,97.5025,100,96.3,40,13,27
13020,3223221,100,100,100,43,14,29
13021,3223423,98.3037288135593,95.83,100,59,24,35
13022,3223617,98.336,100,96.88,60,28,32
13023,3223666,98.3593442622951,95.83,100,61,24,37
13024,3223696,98.2438596491228,95.45,100,57,22,35
13025,3223711,100,100,100,61,24,37
13026,3223771,96.3663636363636,100,94.29,55,20,35
13027,3223882,94.6439285714286,90.91,97.06,56,22,34
13028,3223953,94.5487272727273,92.86,96.3,55,28,27
13029,3224062,96.4871929824562,96.15,96.77,57,26,31
13030,3224280,93.3315555555556,100,86.36,45,23,22
13031,3224376,91.8383673469388,91.67,92,49,24,25
13032,3224386,94.1170588235294,96.55,90.91,51,29,22
13033,3224455,98.1466666666667,100,95.83,54,30,24
13034,3224613,98.2125,100,96.15,56,30,26
13035,3224797,98.1150943396226,100,96.3,53,26,27
13036,3224835,97.999,100,95.65,50,27,23
13037,3224913,94,96,92,50,25,25
13038,3224934,94.1211764705882,91.67,96.3,51,24,27
13039,3224988,100,100,100,51,25,26
13040,3225045,100,100,100,48,20,28
13041,3225223,97.559756097561,100,95.65,41,18,23
13042,3225526,97.998,100,96.15,50,24,26
13043,3225728,100,100,100,50,19,31
13044,3226402,95.9169387755102,100,92.59,49,22,27
13045,3226804,97.06,100,96.43,34,6,28
13046,3226846,94.12,100,88.24,34,17,17
13047,3226930,97.559756097561,100,95.65,41,18,23
13048,3227028,97.6744186046512,100,96,43,18,25
13049,3227248,100,100,100,33,8,25
13050,3227260,100,100,100,38,21,17
13051,3227312,100,100,100,48,19,29
13052,3227408,97.7254545454546,100,95.83,44,20,24
13053,3228270,100,100,100,42,18,24
13054,3228417,98.1132075471698,96,100,53,25,28
13055,3228828,91.3065217391304,88.89,92.86,46,18,28
13056,3229030,100,100,100,54,29,25
13057,3229057,97.9612244897959,96.3,100,49,27,22
13058,3229351,100,100,100,62,33,29
13059,3229513,98.3877419354839,97.06,100,62,34,28
13060,3229686,98.3052542372881,100,96.97,59,26,33
13061,3229815,100,100,100,52,22,30
13062,3230010,100,100,100,63,33,30
13063,3230248,100,100,100,33,19,14
13064,3230611,100,100,100,71,30,41
13065,3230917,97.6470588235294,95,100,85,40,45
13066,3231016,100,100,100,86,41,45
13067,3231905,97.6998850574713,97.5,97.87,87,40,47
13068,3232073,98.8082142857143,100,97.87,84,37,47
13069,3232085,100,100,100,72,38,34
13070,3232169,98.7956626506024,100,97.62,83,41,42
13071,3232539,98.3033898305085,100,97.14,59,24,35
13072,3232658,100,100,100,60,30,30
13073,3232695,100,100,100,53,32,21
13074,3232919,100,100,100,67,29,38
13075,3232970,100,100,100,73,36,37
13076,3233019,100,100,100,72,37,35
13077,3233045,100,100,100,68,30,38
13078,3233060,100,100,100,66,36,30
13079,3233090,97.5604878048781,100,83.33,41,35,6
13080,3233094,92.6848780487805,94.74,90.91,41,19,22
13081,3233264,95,100,80,40,30,10
13082,3233315,98.2473684210526,100,97.3,57,20,37
13083,3233399,97.1404285714286,100,94.59,70,33,37
13084,3233438,100,100,100,66,30,36
13085,3233489,100,100,100,51,20,31
13086,3233531,100,100,100,63,28,35
13087,3233854,96.362,96.97,95.45,55,33,22
13088,3233878,100,100,100,55,29,26
13089,3233992,100,100,100,59,33,26
13090,3234013,100,100,100,47,27,20
13091,3234031,100,100,100,51,28,23
13092,3235016,100,100,100,54,32,22
13093,3235033,97.7254545454546,100,95.83,44,20,24
13094,3235174,97.1428571428571,100,80,35,30,5
13095,3235541,100,100,100,50,30,20
13096,3235727,97.915,100,94.44,48,30,18
13097,3236117,98.3316666666667,100,95.45,60,38,22
13098,3236152,95.2419047619048,97.44,91.67,63,39,24
13099,3236179,98.3613114754098,100,96.43,61,33,28
13100,3236260,98.3887096774194,100,96.3,62,35,27
13101,3236311,100,100,100,68,39,29
13102,3236649,98.5308823529412,100,96.67,68,38,30
13103,3236879,91.6673333333333,94.12,88.46,60,34,26
13104,3236906,98.3887096774194,100,96.3,62,35,27
13105,3237344,96.7226229508197,94.12,100,61,34,27
13106,3238045,96.2966666666667,95.83,96.67,54,24,30
13107,3238116,98.4114285714286,97.22,100,63,36,27
13108,3238197,100,100,100,64,37,27
13109,3238247,98.5513043478261,100,97.06,69,35,34
13110,3238403,96.0016,100,90.48,50,29,21
13111,3238797,98.3613114754098,100,95.24,61,40,21
13112,3238967,98.5507246376812,100,96,69,44,25
13113,3239006,100,100,100,72,44,28
13114,3239312,98.3052542372881,100,96.97,59,26,33
13115,3239936,96.875,100,93.75,64,32,32
13116,3240046,98.438125,97.06,100,64,34,30
13117,3240412,98.5295588235294,96.97,100,68,33,35
13118,3240794,100,100,100,63,37,26
13119,3240911,100,100,100,65,30,35
13120,3240997,100,100,100,75,33,42
13121,3241157,98.7184615384615,100,97.62,78,36,42
13122,3241241,97.2978378378378,97.06,97.5,74,34,40
13123,3241852,96.55,100,93.33,58,28,30
13124,3241963,98.2775862068966,100,96.67,58,28,30
13125,3241987,93.1055172413793,93.75,92.86,58,16,42
13126,3242299,98.385,100,96.77,62,31,31
13127,3242307,95.314375,100,91.18,64,30,34
13128,3242623,97.0179104477612,96.43,97.44,67,28,39
13129,3242647,95.944054054054,100,93.02,74,31,43
13130,3242670,97.0138805970149,100,94.87,67,28,39
13131,3242799,97.1404285714286,100,94.59,70,33,37
13132,3242896,100,100,100,71,32,39
13133,3242938,96.6074576271186,100,94.44,59,23,36
13134,3242986,98.3622950819672,100,97.3,61,24,37
13135,3243000,97.7281818181818,100,94.12,44,27,17
13136,3243021,98.3071186440678,100,97.73,59,15,44
13137,3243051,94.739298245614,100,93.62,57,10,47
13138,3243057,96.08,100,91.67,51,27,24
13139,3243298,98.5687142857143,100,97.67,70,27,43
13140,3243444,100,100,100,75,25,50
13141,3243587,100,100,100,60,32,28
13142,3243654,100,100,100,67,29,38
13143,3244061,100,100,100,60,16,44
13144,3244233,96.9215384615385,91.3,100,65,23,42
13145,3244260,95.893698630137,96.43,95.56,73,28,45
13146,3244568,98.4854545454545,100,97.06,66,32,34
13147,3244843,92.9583098591549,82.76,100,71,29,42
13148,3245257,100,100,100,62,25,37
13149,3245569,100,100,100,58,21,37
13150,3245890,100,100,100,51,16,35
13151,3245971,100,100,100,62,25,37
13152,3246016,100,100,100,61,24,37
13153,3246118,100,100,100,55,27,28
13154,3246178,100,100,100,55,29,26
13155,3246503,100,100,100,58,24,34
13156,3247238,98.2142857142857,96,100,56,25,31
13157,3247268,95.83,95.83,95.83,48,24,24
13158,3247318,100,100,100,49,21,28
13159,3248271,97.498,94.44,100,40,18,22
13160,3249071,94.2837142857143,100,89.47,35,16,19
13161,3249174,92.3097435897436,100,86.96,39,16,23
13162,3250050,94.9975,100,91.3,40,17,23
13163,3250128,93.0251162790698,100,86.96,43,20,23
13164,3250147,93.9393939393939,100,87.5,33,17,16
13165,3250195,97.4338461538462,100,94.44,39,21,18
13166,3250260,90.4780952380952,75,94.12,21,4,17
13167,3251181,93.3333333333333,96,90,45,25,20
13168,3251234,97.9145833333333,100,95.45,48,26,22
13169,3251394,92.8542857142857,95.65,89.47,42,23,19
13170,3251772,100,100,100,13,8,5
13171,3251870,87.5021875,95.24,72.73,32,21,11
13172,3251892,90.3232258064516,95,81.82,31,20,11
13173,3251970,93.75,100,87.5,32,16,16
13174,3252650,93.75,80,100,16,5,11
13175,3253245,87.5025,75,91.67,16,4,12
13176,3253409,100,100,100,21,12,9
13177,3253678,100,100,100,35,16,19
13178,3253730,93.3346666666667,92.86,93.75,30,14,16
13179,3254158,92.8571428571429,100,80,14,9,5
13180,3254162,95.835,91.67,100,24,12,12
13181,3255323,100,100,100,27,14,13
13182,3255380,100,100,100,57,31,26
13183,3255588,100,100,100,52,34,18
13184,3255600,96.003,94.29,100,50,35,15
13185,3255923,100,100,100,62,39,23
13186,3256050,96.2283018867925,97.3,93.75,53,37,16
13187,3256086,94.9140677966102,91.89,100,59,37,22
13188,3256293,95.119512195122,93.33,100,41,30,11
13189,3256797,100,100,100,41,30,11
13190,3256974,97.7261363636364,95.65,100,44,23,21
13191,3257283,95.9183673469388,96.3,95.45,49,27,22
13192,3257505,97.7791111111111,100,94.74,45,26,19
13193,3257919,97.49875,100,93.33,40,25,15
13194,3258230,85.002,92.31,71.43,40,26,14
13195,3258376,97.7254545454546,95.83,100,44,24,20
13196,3258504,97.8712765957447,100,95.65,47,24,23
13197,3258859,96.87625,100,94.12,32,15,17
13198,3258882,97.5634146341463,96.3,100,41,27,14
13199,3259264,94.5476363636364,89.29,100,55,28,27
13200,3259402,96.6685,96.97,96.3,60,33,27
13201,3259506,98.2442105263158,100,95.83,57,33,24
13202,3259557,96.6675,93.55,100,60,31,29
13203,3259871,98.15,96.3,100,54,27,27
13204,3259932,98.2775862068966,96.3,100,58,27,31
13205,3259967,94.5418181818182,93.1,96.15,55,29,26
13206,3259986,95.83125,93.1,100,48,29,19
13207,3260370,98.306779661017,100,96.3,59,32,27
13208,3260416,98.4106349206349,96.77,100,63,31,32
13209,3260859,100,100,100,57,33,24
13210,3260964,95.1632258064516,94.12,96.43,62,34,28
13211,3261195,95.077868852459,94.59,95.83,61,37,24
13212,3261229,95.9169387755102,92.59,100,49,27,22
13213,3261391,98.1466666666667,97.22,100,54,36,18
13214,3261469,95.83375,96.67,94.44,48,30,18
13215,3261486,96.55,93.33,100,29,15,14
13216,3261490,96.2962962962963,95,100,27,20,7
13217,3261768,100,100,100,43,28,15
13218,3261798,98.0744230769231,96.77,100,52,31,21
13219,3261987,95.9163265306122,93.1,100,49,29,20
13220,3263912,94.4466666666667,90.48,100,36,21,15
13221,3264392,96.87625,100,92.86,32,18,14
13222,3264470,93.9424242424242,94.74,92.86,33,19,14
13223,3264544,89.6558620689655,95,77.78,29,20,9
13224,3264869,95.2371428571429,100,83.33,21,15,6
13225,3265081,89.998,83.33,100,20,12,8
13226,3265513,94.1194117647059,92.31,100,17,13,4
13227,3265564,100,100,100,14,11,3
13228,3266011,93.334,90.91,100,15,11,4
13229,3266719,76.9246153846154,81.82,50,13,11,2
13230,3267519,90.001,88.89,100,10,9,1
13231,3267643,81.8190909090909,71.43,100,11,7,4
13232,3267665,81.8181818181818,75,100,11,8,3
13233,3267720,81.8190909090909,87.5,66.67,11,8,3
13234,3268085,100,100,100,8,6,2
13235,3268368,60,75,0,5,4,1
13236,3268714,100,100,100,6,3,3
13237,3268869,77.7766666666667,66.67,83.33,9,3,6
13238,3270426,100,100,100,40,22,18
13239,3270905,100,100,100,41,25,16
13240,3271231,94.7389473684211,100,88.24,38,21,17
13241,3271456,100,100,100,38,24,14
13242,3271535,100,100,100,36,24,12
13243,3271924,100,100,100,36,23,13
13244,3272035,100,100,100,48,31,17
13245,3272050,100,100,100,38,26,12
13246,3272480,97.78,96.3,100,45,27,18
13247,3272594,100,100,100,44,25,19
13248,3272841,100,100,100,36,26,10
13249,3273021,100,100,100,36,23,13
13250,3273967,95.3474418604651,95.45,95.24,43,22,21
13251,3274296,100,100,100,34,19,15
13252,3274321,100,100,100,34,19,15
13253,3274570,95.998,93.33,100,25,15,10
13254,3274809,100,100,100,30,17,13
13255,3275168,96.1553846153846,100,91.67,26,14,12
13256,3275537,100,100,100,24,13,11
13257,3275757,100,100,100,31,14,17
13258,3276062,100,100,100,24,15,9
13259,3276204,100,100,100,29,14,15
13260,3276266,100,100,100,26,16,10
13261,3276798,100,100,100,32,20,12
13262,3277189,100,100,100,22,15,7
13263,3277443,93.335,86.67,100,30,15,15
13264,3277938,94.2842857142857,93.33,95,35,15,20
13265,3277965,100,100,100,25,9,16
13266,3278016,92.0016,87.5,94.12,25,8,17
13267,3278093,90.477619047619,92.31,87.5,21,13,8
13268,3278097,92.8571428571429,100,87.5,14,6,8
13269,3278159,100,100,100,33,17,16
13270,3278457,100,100,100,23,10,13
13271,3278487,96.668,100,94.12,30,13,17
13272,3278513,92.8585714285714,93.75,91.67,28,16,12
13273,3278523,100,100,100,27,13,14
13274,3278558,100,100,100,29,14,15
13275,3278601,100,100,100,31,13,18
13276,3278808,89.4768421052632,100,84.62,19,6,13
13277,3279317,100,100,100,29,11,18
13278,3279413,100,100,100,30,12,18
13279,3279608,100,100,100,42,21,21
13280,3279968,97.501,100,95.24,40,19,21
13281,3280063,97.4975,100,95.45,40,18,22
13282,3280338,97.2945945945946,100,95.45,37,15,22
13283,3280382,100,100,100,32,16,16
13284,3280440,96.7754838709677,95.24,100,31,21,10
13285,3280834,100,100,100,36,15,21
13286,3281290,100,100,100,32,17,15
13287,3281529,100,100,100,28,18,10
13288,3281688,83.8709677419355,100,68.75,31,15,16
13289,3281819,92.3061538461538,93.33,90.91,26,15,11
13290,3282033,96.8734375,100,93.33,32,17,15
13291,3282057,97.2233333333333,100,92.86,36,22,14
13292,3282141,96.97,100,90.91,33,22,11
13293,3282244,100,100,100,36,21,15
13294,3282297,100,100,100,35,18,17
13295,3282311,96.1519230769231,100,93.33,26,11,15
13296,3282387,100,100,100,34,19,15
13297,3282426,100,100,100,32,18,14
13298,3282475,100,100,100,37,18,19
13299,3282549,100,100,100,39,21,18
13300,3282580,100,100,100,29,18,11
13301,3282594,100,100,100,32,15,17
13302,3282654,97.2959459459459,100,93.33,37,22,15
13303,3282850,96.1538461538462,100,93.75,26,10,16
13304,3282856,100,100,100,39,25,14
13305,3283135,100,100,100,41,25,16
13306,3283233,93.9406060606061,93.75,94.12,33,16,17
13307,3283242,97.78,96.3,100,45,27,18
13308,3283268,96.0016,100,92.86,25,11,14
13309,3283278,94.4427777777778,95.45,92.86,36,22,14
13310,3283326,97.8706382978723,100,94.44,47,29,18
13311,3283449,100,100,100,42,28,14
13312,3283609,100,100,100,40,27,13
13313,3283906,100,100,100,32,21,11
13314,3284413,95.4563636363636,91.67,100,22,12,10
13315,3284555,95.0005,90.91,100,20,11,9
13316,3284621,74.9983333333333,57.14,100,12,7,5
13317,3285315,100,100,100,18,9,9
13318,3285483,95.8345833333333,100,92.31,24,11,13
13319,3285598,100,100,100,19,6,13
13320,3285964,95.2395238095238,100,92.31,21,8,13
13321,3286021,100,100,100,17,10,7
13322,3286042,100,100,100,20,11,9
13323,3286396,95,100,87.5,20,12,8
13324,3286538,100,100,100,19,12,7
13325,3286855,94.1164705882353,100,83.33,17,11,6
13326,3286937,90.477619047619,92.31,87.5,21,13,8
13327,3287882,100,100,100,8,1,7
13328,3288189,100,100,100,13,4,9
13329,3288492,100,100,100,12,4,8
13330,3288643,93.74875,83.33,100,16,6,10
13331,3288735,94.1164705882353,83.33,100,17,6,11
13332,3288995,92.8571428571429,80,100,14,5,9
13333,3289210,100,100,100,16,8,8
13334,3289502,100,100,100,16,8,8
13335,3289747,100,100,100,20,12,8
13336,3289790,100,100,100,15,9,6
13337,3290065,89.998,83.33,100,10,6,4
13338,3290483,100,100,100,21,13,8
13339,3290582,100,100,100,19,9,10
13340,3290906,90.9090909090909,87.5,100,22,16,6
13341,3290996,95.6526086956522,100,88.89,23,14,9
13342,3291098,100,100,100,21,13,8
13343,3291248,95.2380952380952,93.75,100,21,16,5
13344,3292317,96.9681818181818,95.65,100,33,23,10
13345,3292995,100,100,100,38,24,14
13346,3293036,100,100,100,25,22,3
13347,3293219,100,100,100,41,25,16
13348,3293497,97.999,96.55,100,50,29,21
13349,3293586,96.875,95,100,32,20,12
13350,3293979,100,100,100,50,29,21
13351,3294016,96.7712903225806,97.22,96.15,62,36,26
13352,3294049,94.8733333333333,84.62,100,39,13,26
13353,3294072,95.8333333333333,93.75,100,48,32,16
13354,3294373,98.2447368421053,100,96.55,57,28,29
13355,3294510,95.5234328358209,94.74,96.55,67,38,29
13356,3294744,98.2473684210526,96.3,100,57,27,30
13357,3294766,97.9984,95.83,100,50,24,26
13358,3295059,96.3609090909091,96.15,96.55,55,26,29
13359,3295541,100,100,100,36,22,14
13360,3295545,100,100,100,28,3,25
13361,3295998,98.3042372881356,100,96.55,59,30,29
13362,3296083,100,100,100,67,30,37
13363,3296289,100,100,100,64,24,40
13364,3296359,100,100,100,35,12,23
13365,3296364,100,100,100,39,22,17
13366,3296790,100,100,100,58,28,30
13367,3297444,96.5510344827586,97.06,95.83,58,34,24
13368,3297855,98.3033898305085,100,96.15,59,33,26
13369,3297882,97.7272727272727,100,93.75,44,28,16
13370,3297924,96.4910526315789,96.43,96.55,57,28,29
13371,3298391,98.0776923076923,100,94.12,52,35,17
13372,3298664,100,100,100,56,34,22
13373,3298700,100,100,100,58,32,26
13374,3299304,100,100,100,57,30,27
13375,3299352,98.306779661017,96.67,100,59,30,29
13376,3299392,97.9591836734694,95,100,49,20,29
13377,3299416,97.9612244897959,100,96.67,49,19,30
13378,3299446,97.62,100,96.43,42,14,28
13379,3299659,97.6197619047619,100,92.31,42,29,13
13380,3299990,98,100,95,50,30,20
13381,3300023,97.824347826087,100,94.44,46,28,18
13382,3300132,100,100,100,44,22,22
13383,3300372,100,100,100,35,20,15
13384,3300420,100,100,100,35,21,14
13385,3300660,100,100,100,40,22,18
13386,3300959,96.1530769230769,100,83.33,26,20,6
13387,3300989,100,100,100,37,22,15
13388,3301761,100,100,100,39,19,20
13389,3302133,97.7281818181818,100,95.24,44,23,21
13390,3302377,100,100,100,47,20,27
13391,3302775,98.3896774193548,96.88,100,62,32,30
13392,3303482,98.0769230769231,100,96,52,27,25
13393,3303539,97.92,96.88,100,48,32,16
13394,3303637,100,100,100,52,25,27
13395,3303896,97.9575510204082,95.83,100,49,24,25
13396,3304241,100,100,100,59,29,30
13397,3304339,100,100,100,57,27,30
13398,3304885,100,100,100,66,33,33
13399,3304969,100,100,100,55,25,30
13400,3305155,100,100,100,48,33,15
13401,3305672,100,100,100,58,26,32
13402,3306439,100,100,100,56,32,24
13403,3306475,100,100,100,50,27,23
13404,3306545,100,100,100,57,25,32
13405,3306601,100,100,100,62,36,26
13406,3306658,100,100,100,31,8,23
13407,3306664,97.9604081632653,97.37,100,49,38,11
13408,3307331,100,100,100,52,38,14
13409,3307478,97.9571428571429,95.45,100,49,22,27
13410,3307654,97.9571428571429,96.15,100,49,26,23
13411,3307792,94.1135294117647,94.44,93.33,51,36,15
13412,3307831,94.7377192982456,94.29,95.45,57,35,22
13413,3307919,98.1466666666667,100,95.83,54,30,24
13414,3308436,97.8731914893617,96.43,100,47,28,19
13415,3308445,94.7357894736842,96.55,88.89,38,29,9
13416,3308469,100,100,100,49,29,20
13417,3308512,100,100,100,39,19,20
13418,3308547,95.6530434782609,96,95.24,46,25,21
13419,3309129,97.7281818181818,100,95.24,44,23,21
13420,3309325,98.15,100,96.3,54,27,27
13421,3309475,94.002,96.67,90,50,30,20
13422,3309490,97.4358974358974,95,100,39,20,19
13423,3309547,100,100,100,46,23,23
13424,3309616,100,100,100,54,28,26
13425,3309711,100,100,100,56,28,28
13426,3309799,100,100,100,42,23,19
13427,3310198,97.5624390243902,100,94.74,41,22,19
13428,3310270,91.4931914893617,89.29,94.74,47,28,19
13429,3310641,96.6636666666667,96.77,96.55,60,31,29
13430,3310897,98.0372549019608,96.15,100,51,26,25
13431,3311155,95.9988,95.45,96.43,50,22,28
13432,3311225,92.3058974358974,95,89.47,39,20,19
13433,3311318,97.7766666666667,100,95.65,45,22,23
13434,3311538,100,100,100,38,18,20
13435,3311578,100,100,100,40,21,19
13436,3311722,97.6720930232558,100,95.45,43,21,22
13437,3311737,95,87.5,100,40,16,24
13438,3312064,93.0246511627907,90.91,95.24,43,22,21
13439,3312413,97.7755555555555,100,96.15,45,19,26
13440,3312494,94.5951351351351,88.89,100,37,18,19
13441,3313092,100,100,100,45,21,24
13442,3313123,92.8569047619048,84.21,100,42,19,23
13443,3313361,97.144,94.12,100,35,17,18
13444,3313385,100,100,100,36,19,17
13445,3313532,100,100,100,37,20,17
13446,3313723,100,100,100,29,9,20
13447,3313856,100,100,100,40,23,17
13448,3313904,97.5590243902439,100,94.44,41,23,18
13449,3314491,100,100,100,21,2,19
13450,3314497,100,100,100,24,20,4
13451,3314516,100,100,100,36,19,17
13452,3314696,100,100,100,44,21,23
13453,3314965,100,100,100,32,19,13
13454,3315080,100,100,100,26,18,8
13455,3315193,100,100,100,38,16,22
13456,3315283,100,100,100,40,19,21
13457,3315730,100,100,100,38,18,20
13458,3316129,100,100,100,36,18,18
13459,3316153,100,100,100,36,18,18
13460,3316204,97.2972972972973,100,93.75,37,21,16
13461,3316228,97.4358974358974,100,95,39,19,20
13462,3316460,100,100,100,35,19,16
13463,3316789,100,100,100,34,18,16
13464,3316840,100,100,100,39,20,19
13465,3316910,97.2238888888889,100,94.74,36,17,19
13466,3317042,100,100,100,38,18,20
13467,3317068,100,100,100,37,17,20
13468,3317143,100,100,100,34,17,17
13469,3317242,100,100,100,34,18,16
13470,3317377,91.67,91.67,NA,12,12,NA
13471,3317381,100,100,100,13,6,7
13472,3317399,96.876875,94.74,100,32,19,13
13473,3317633,100,100,100,33,19,14
13474,3317761,100,100,100,32,15,17
13475,3317809,96.6676666666667,100,92.31,30,17,13
13476,3318242,95.2366666666667,85.71,100,21,7,14
13477,3318391,100,100,100,23,12,11
13478,3318802,95.455,100,90.91,22,11,11
13479,3318847,100,100,100,28,15,13
13480,3319253,100,100,100,32,15,17
13481,3319330,96.668,92.86,100,30,14,16
13482,3319702,100,100,100,37,18,19
13483,3319835,96.9706060606061,100,92.31,33,20,13
13484,3320219,87.9996,83.33,92.31,25,12,13
13485,3320375,90.4761904761905,80,100,21,10,11
13486,3320450,94.4444444444444,100,87.5,18,10,8
13487,3320841,93.334,88.89,100,15,9,6
13488,3321311,72.7272727272727,70,100,11,10,1
13489,3321693,81.8181818181818,75,100,11,8,3
13490,3322447,100,100,100,14,5,9
13491,3322919,100,100,100,20,10,10
13492,3323079,100,100,100,31,15,16
13493,3323286,100,100,100,22,9,13
13494,3323291,100,100,100,15,10,5
13495,3323336,100,100,100,23,15,8
13496,3323366,100,100,100,33,16,17
13497,3323661,100,100,100,40,19,21
13498,3324009,94.4425,100,89.47,36,17,19
13499,3324634,100,100,100,35,18,17
13500,3324751,97.7777777777778,96,100,45,25,20
13501,3324769,88.8903703703704,80,94.12,27,10,17
13502,3324853,100,100,100,31,13,18
13503,3325503,100,100,100,41,18,23
13504,3325649,100,100,100,36,17,19
13505,3325947,97.4374358974359,94.74,100,39,19,20
13506,3326385,92.8585714285714,92.31,93.75,42,26,16
13507,3326496,77.7766666666667,100,33.33,9,6,3
13508,3326501,100,100,100,32,20,12
13509,3326586,97.2208333333333,100,95.65,36,13,23
13510,3326714,94.4425,89.47,100,36,19,17
13511,3327401,89.4742105263158,90,88.89,38,20,18
13512,3327416,89.996,86.36,94.44,40,22,18
13513,3327953,91.8940540540541,95,88.24,37,20,17
13514,3327973,94.4425,89.47,100,36,19,17
13515,3328324,100,100,100,34,18,16
13516,3329285,100,100,100,28,13,15
13517,3329852,92.498,88.89,95.45,40,18,22
13518,3329890,97.2233333333333,92.86,100,36,14,22
13519,3329977,97.0597058823529,92.31,100,34,13,21
13520,3330323,90.6259375,88.24,93.33,32,17,15
13521,3330786,96.6676666666667,100,92.31,30,17,13
13522,3330817,97.2972972972973,95,100,37,20,17
13523,3330856,96.7716129032258,94.44,100,31,18,13
13524,3330897,94.1194117647059,92.31,100,17,13,4
13525,3330901,87.5,87.5,87.5,16,8,8
13526,3330939,96.4257142857143,94.44,100,28,18,10
13527,3330993,96.1553846153846,94.12,100,26,17,9
13528,3331011,96.969696969697,95,100,33,20,13
13529,3331944,100,100,100,40,14,26
13530,3331984,96.551724137931,87.5,100,29,8,21
13531,3332167,100,100,100,31,12,19
13532,3333330,100,100,100,30,13,17
13533,3333803,100,100,100,28,11,17
13534,3333926,100,100,100,24,13,11
13535,3334173,100,100,100,21,8,13
13536,3334337,91.3065217391304,88.89,92.86,23,9,14
13537,3334398,100,100,100,26,10,16
13538,3334472,100,100,100,23,9,14
13539,3334546,95.6526086956522,90.91,100,23,11,12
13540,3334674,92.5948148148148,84.62,100,27,13,14
13541,3335120,100,100,100,25,11,14
13542,3335307,96.2966666666667,90.91,100,27,11,16
13543,3335325,95.2380952380952,87.5,100,21,8,13
13544,3335388,100,100,100,27,11,16
13545,3335802,100,100,100,27,12,15
13546,3335862,100,100,100,28,15,13
13547,3336126,100,100,100,27,18,9
13548,3336145,100,100,100,33,18,15
13549,3336240,100,100,100,32,18,14
13550,3336373,93.3333333333333,90,100,30,20,10
13551,3336570,100,100,100,35,20,15
13552,3336604,100,100,100,27,17,10
13553,3336807,100,100,100,27,20,7
13554,3337068,97.2208333333333,100,93.33,36,21,15
13555,3337128,100,100,100,31,19,12
13556,3337194,100,100,100,31,19,12
13557,3337371,100,100,100,40,20,20
13558,3337709,100,100,100,32,19,13
13559,3337772,100,100,100,37,19,18
13560,3338027,100,100,100,31,18,13
13561,3338655,96.4296428571429,100,92.31,28,15,13
13562,3338738,94.4425,100,89.47,36,17,19
13563,3338749,96.1519230769231,100,93.33,26,11,15
13564,3338835,97.0564705882353,100,94.44,34,16,18
13565,3339274,91.892972972973,94.12,90,37,17,20
13566,3339355,96.876875,100,94.74,32,13,19
13567,3339416,86.3636363636364,100,75,22,10,12
13568,3339427,95.8333333333333,100,93.75,24,8,16
13569,3339538,90.4761904761905,100,75,21,13,8
13570,3339574,100,100,100,26,11,15
13571,3339872,95.8345833333333,100,92.31,24,11,13
13572,3339883,100,100,100,24,10,14
13573,3339950,100,100,100,21,11,10
13574,3339959,100,100,100,22,14,8
13575,3340389,96.0012,92.31,100,25,13,12
13576,3340524,100,100,100,26,14,12
13577,3341077,100,100,100,26,13,13
13578,3341357,100,100,100,23,11,12
13579,3341911,100,100,100,29,14,15
13580,3342360,100,100,100,30,14,16
13581,3342526,100,100,100,31,13,18
13582,3342546,100,100,100,20,11,9
13583,3342582,100,100,100,29,13,16
13584,3342595,100,100,100,26,12,14
13585,3342649,100,100,100,27,12,15
13586,3342720,100,100,100,30,12,18
13587,3342893,100,100,100,31,16,15
13588,3342951,100,100,100,32,17,15
13589,3343050,100,100,100,32,17,15
13590,3343241,100,100,100,29,17,12
13591,3343477,100,100,100,28,16,12
13592,3343485,100,100,100,24,16,8
13593,3343800,100,100,100,40,22,18
13594,3344454,100,100,100,39,19,20
13595,3344517,100,100,100,39,15,24
13596,3344589,93.940303030303,95,92.31,33,20,13
13597,3345224,88.3716279069767,100,78.26,43,20,23
13598,3345260,100,100,100,44,19,25
13599,3345273,93.3336666666667,71.43,100,30,7,23
13600,3345297,100,100,100,42,19,23
13601,3345317,100,100,100,33,17,16
13602,3345371,97.1445714285714,100,94.74,35,16,19
13603,3345381,91.6666666666667,100,85,36,16,20
13604,3345390,96.875,100,93.75,32,16,16
13605,3345473,95.83125,100,93.33,24,9,15
13606,3345486,97.4346153846154,100,95.65,39,16,23
13607,3345506,100,100,100,30,6,24
13608,3345704,100,100,100,27,7,20
13609,3346206,100,100,100,32,14,18
13610,3347127,89.2835714285714,88.89,89.47,28,9,19
13611,3347230,100,100,100,28,13,15
13612,3347251,100,100,100,28,12,16
13613,3347506,100,100,100,28,11,17
13614,3347689,100,100,100,25,11,14
13615,3348423,100,100,100,16,7,9
13616,3348578,100,100,100,28,10,18
13617,3349032,100,100,100,34,12,22
13618,3349555,96.7761290322581,100,94.74,31,12,19
13619,3349600,100,100,100,27,10,17
13620,3350464,96.0004,90.91,100,25,11,14
13621,3350981,100,100,100,36,15,21
13622,3351110,93.3333333333333,100,87.5,30,14,16
13623,3351518,97.5619512195122,95.24,100,41,21,20
13624,3351821,100,100,100,36,17,19
13625,3351934,94.7342105263158,95.45,93.75,38,22,16
13626,3353159,100,100,100,27,10,17
13627,3353190,96.4267857142857,100,93.33,28,13,15
13628,3353281,100,100,100,27,14,13
13629,3353667,100,100,100,27,14,13
13630,3354012,100,100,100,21,10,11
13631,3354121,100,100,100,22,14,8
13632,3354567,100,100,100,17,9,8
13633,3354773,100,100,100,15,8,7
13634,3354912,100,100,100,18,9,9
13635,3354996,100,100,100,22,11,11
13636,3355305,100,100,100,23,12,11
13637,3355326,100,100,100,20,12,8
13638,3355968,94.1176470588235,80,100,17,5,12
13639,3356037,96.875,93.75,100,32,16,16
13640,3356586,100,100,100,33,18,15
13641,3356624,96.0016,91.67,100,25,12,13
13642,3356643,95,80,100,20,5,15
13643,3356697,100,100,100,38,20,18
13644,3357012,94.2862857142857,88.89,100,35,18,17
13645,3357219,97.144,92.86,100,35,14,21
13646,3357620,97.6190476190476,95,100,42,20,22
13647,3357710,100,100,100,43,18,25
13648,3357785,100,100,100,38,23,15
13649,3357917,100,100,100,48,27,21
13650,3358206,100,100,100,45,25,20
13651,3358497,100,100,100,38,18,20
13652,3358515,97.8706382978723,95.83,100,47,24,23
13653,3358988,97.0588235294118,93.75,100,34,16,18
13654,3359241,100,100,100,33,17,16
13655,3359264,96.7754838709677,92.86,100,31,14,17
13656,3359877,100,100,100,25,9,16
13657,3360341,96.2962962962963,93.75,100,27,16,11
13658,3360383,100,100,100,28,16,12
13659,3360546,94.4444444444444,87.5,100,18,8,10
13660,3361029,78.57,85.71,71.43,14,7,7
13661,3361896,88.8888888888889,100,80,9,4,5
13662,3362251,100,100,100,9,2,7
13663,3362485,100,100,100,9,3,6
13664,3362499,100,100,100,7,2,5
13665,3362901,100,100,100,7,3,4
13666,3362931,100,100,100,9,2,7
13667,3363066,100,100,100,11,5,6
13668,3363212,92.3076923076923,100,87.5,13,5,8
13669,3363231,93.332,83.33,100,15,6,9
13670,3363456,93.3333333333333,87.5,100,15,8,7
13671,3363711,100,100,100,18,10,8
13672,3364102,90.9063636363636,85.71,100,11,7,4
13673,3364107,100,100,100,6,4,2
13674,3364155,100,100,100,16,7,9
13675,3364368,100,100,100,14,6,8
13676,3364405,100,100,100,20,12,8
13677,3364440,85.7142857142857,75,100,21,12,9
13678,3364518,100,100,100,23,13,10
13679,3364659,95.6539130434783,91.67,100,23,12,11
13680,3364832,100,100,100,22,14,8
13681,3364886,100,100,100,23,11,12
13682,3365369,95.4563636363636,100,91.67,22,10,12
13683,3365458,100,100,100,25,11,14
13684,3365710,100,100,100,32,15,17
13685,3365961,96.5531034482759,92.86,100,29,14,15
13686,3366200,100,100,100,27,17,10
13687,3366720,94.1176470588235,100,90,34,14,20
13688,3367476,96.0004,90.91,100,25,11,14
13689,3367687,92.855,85.71,100,28,14,14
13690,3368464,95.24,91.67,100,42,24,18
13691,3368532,100,100,100,35,19,16
13692,3368632,100,100,100,35,20,15
13693,3368677,100,100,100,35,22,13
13694,3369677,100,100,100,50,31,19
13695,3369871,100,100,100,47,30,17
13696,3370273,100,100,100,44,22,22
13697,3370280,100,100,100,44,31,13
13698,3370536,100,100,100,59,34,25
13699,3370809,100,100,100,48,36,12
13700,3371013,100,100,100,46,28,18
13701,3371235,100,100,100,47,34,13
13702,3371285,100,100,100,46,31,15
13703,3371301,100,100,100,50,31,19
13704,3371418,96.97,90.91,100,33,11,22
13705,3371427,100,100,100,51,31,20
13706,3371660,98.2456140350877,100,95,57,37,20
13707,3371826,100,100,100,47,24,23
13708,3372393,100,100,100,54,31,23
13709,3372837,97.22,100,94.44,36,18,18
13710,3372918,97.0564705882353,100,94.44,34,16,18
13711,3373028,100,100,100,32,11,21
13712,3373047,100,100,100,41,23,18
13713,3373067,91.8878378378378,94.44,89.47,37,18,19
13714,3373122,100,100,100,37,25,12
13715,3373127,100,100,100,29,20,9
13716,3373217,100,100,100,43,23,20
13717,3373637,77.4174193548387,58.82,100,31,17,14
13718,3373677,96.665,93.33,100,30,15,15
13719,3373776,100,100,100,34,17,17
13720,3373791,100,100,100,26,12,14
13721,3373804,100,100,100,25,18,7
13722,3373816,100,100,100,31,15,16
13723,3373866,100,100,100,31,16,15
13724,3373918,100,100,100,22,12,10
13725,3373945,100,100,100,28,16,12
13726,3374359,100,100,100,27,14,13
13727,3374920,94.1182352941177,66.67,100,17,3,14
13728,3375014,100,100,100,22,6,16
13729,3375040,100,100,100,16,5,11
13730,3375496,100,100,100,27,10,17
13731,3376177,94.1182352941177,77.78,100,34,9,25
13732,3376360,96.9709090909091,92.86,100,33,14,19
13733,3377229,100,100,100,28,17,11
13734,3377274,100,100,100,39,15,24
13735,3377308,97.4366666666667,92.31,100,39,13,26
13736,3377972,100,100,100,40,19,21
13737,3378839,91.1764705882353,100,85,34,14,20
13738,3378960,97.0588235294118,93.75,100,34,16,18
13739,3379605,97.8723404255319,100,96,47,22,25
13740,3379626,97.2951351351351,100,94.44,37,19,18
13741,3379999,97.559756097561,100,95.65,41,18,23
13742,3380510,100,100,100,32,13,19
13743,3380846,97.4975,95.45,100,40,22,18
13744,3380987,97.2222222222222,96,100,36,25,11
13745,3381853,100,100,100,51,27,24
13746,3381982,97.9175,100,95.24,48,27,21
13747,3382001,100,100,100,42,21,21
13748,3382425,100,100,100,43,22,21
13749,3382439,100,100,100,38,21,17
13750,3382456,94.1176470588235,90,100,34,20,14
13751,3382504,91.6666666666667,75,100,24,8,16
13752,3382509,100,100,100,32,15,17
13753,3382559,94.2837142857143,89.47,100,35,19,16
13754,3382576,94.595945945946,86.67,100,37,15,22
13755,3382671,100,100,100,32,12,20
13756,3382944,96.9709090909091,94.12,100,33,17,16
13757,3382962,100,100,100,25,9,16
13758,3382995,100,100,100,25,13,12
13759,3383029,92.8542857142857,90,94.44,28,10,18
13760,3383043,91.6641666666666,85.71,100,24,14,10
13761,3383104,89.6537931034483,76.92,100,29,13,16
13762,3383158,95.4545454545455,90,100,22,10,12
13763,3383190,92.31,84.62,100,26,13,13
13764,3383666,100,100,100,26,15,11
13765,3384011,100,100,100,24,12,12
13766,3384134,94.7368421052632,87.5,100,19,8,11
13767,3386028,100,100,100,31,11,20
13768,3386456,95.835,100,94.12,24,7,17
13769,3386975,100,100,100,22,8,14
13770,3387179,100,100,100,35,13,22
13771,3387392,100,100,100,37,17,20
13772,3387467,100,100,100,37,12,25
13773,3387658,96.7725806451613,100,93.33,31,16,15
13774,3387674,100,100,100,13,5,8
13775,3387678,93.746875,100,93.33,16,1,15
13776,3387731,97.7281818181818,95.24,100,44,21,23
13777,3387791,95.4509090909091,100,94.44,22,4,18
13778,3387800,97.5,100,95,40,20,20
13779,3387923,97.3663157894737,100,94.44,38,20,18
13780,3387938,100,100,100,39,19,20
13781,3388257,100,100,100,28,18,10
13782,3388489,93.6155319148936,95,92.59,47,20,27
13783,3388589,100,100,100,40,18,22
13784,3388657,100,100,100,46,21,25
13785,3388674,100,100,100,37,11,26
13786,3388689,100,100,100,46,21,25
13787,3388756,95.120487804878,85.71,100,41,14,27
13788,3388978,100,100,100,31,21,10
13789,3389490,96.4285714285714,100,93.75,28,12,16
13790,3389946,100,100,100,32,11,21
13791,3390126,100,100,100,38,18,20
13792,3390141,100,100,100,40,20,20
13793,3390156,100,100,100,36,17,19
13794,3390184,100,100,100,33,13,20
13795,3390225,100,100,100,31,21,10
13796,3390252,100,100,100,33,10,23
13797,3390261,95.119512195122,100,91.3,41,18,23
13798,3390282,100,100,100,34,16,18
13799,3390307,100,100,100,38,15,23
13800,3390372,100,100,100,44,19,25
13801,3391117,97.2233333333333,100,94.12,36,19,17
13802,3391381,96.1538461538462,100,92,52,27,25
13803,3391657,98.15,100,96.3,54,27,27
13804,3391840,100,100,100,49,29,20
13805,3391918,97.998,100,96.15,50,24,26
13806,3391958,96.5525862068965,100,93.55,58,27,31
13807,3392509,100,100,100,52,32,20
13808,3393703,98.334,100,96.43,60,32,28
13809,3393877,92.1078947368421,92.31,91.67,38,26,12
13810,3393925,98.0382352941177,100,95.65,51,28,23
13811,3394126,95.8335416666667,96.55,94.74,48,29,19
13812,3394418,92.8564285714286,92.31,93.33,56,26,30
13813,3395062,98.075,100,96.15,52,26,26
13814,3395348,100,100,100,58,26,32
13815,3395507,98.1139622641509,95.24,100,53,21,32
13816,3395734,100,100,100,43,22,21
13817,3395759,95.6534782608695,92.31,100,46,26,20
13818,3395818,97.999,95.65,100,50,23,27
13819,3395848,94.8241379310345,96.77,92.59,58,31,27
13820,3396206,97.8712765957447,100,95.65,47,24,23
13821,3396731,97.7281818181818,100,94.12,44,27,17
13822,3396992,100,100,100,57,29,28
13823,3397466,98.3896774193548,96.88,100,62,32,30
13824,3397490,97.62,96.43,100,42,28,14
13825,3398190,100,100,100,52,30,22
13826,3398670,97.5624390243902,100,94.74,41,22,19
13827,3398675,96.9709090909091,100,92.86,33,19,14
13828,3398736,97.6753488372093,100,95.24,43,22,21
13829,3399026,92.1047368421053,78.57,100,38,14,24
13830,3399160,100,100,100,30,16,14
13831,3399580,94.4435185185185,96.55,92,54,29,25
13832,3399592,92.7254545454545,93.33,92,55,30,25
13833,3400081,100,100,100,43,26,17
13834,3400459,97.7786666666667,95.24,100,45,21,24
13835,3400956,94.1194117647059,84.62,100,34,13,21
13836,3401660,88.4615384615385,87.5,90,26,16,10
13837,3402293,100,100,100,26,14,12
13838,3402307,96.8734375,100,93.33,32,17,15
13839,3402563,100,100,100,27,11,16
13840,3402589,93.9372727272727,89.47,100,33,19,14
13841,3402674,100,100,100,34,17,17
13842,3402958,96.5531034482759,94.12,100,29,17,12
13843,3403027,94.8733333333333,94.74,95,39,19,20
13844,3403670,93.1055172413793,94.74,90,29,19,10
13845,3403704,92.3107692307692,91.67,92.86,26,12,14
13846,3404426,87.998,90.91,85.71,25,11,14
13847,3404915,73.336,77.78,66.67,15,9,6
13848,3405264,84.002,86.67,80,25,15,10
13849,3405463,94.4472222222222,94.74,94.12,36,19,17
13850,3405814,100,100,100,25,14,11
13851,3406023,100,100,100,27,12,15
13852,3406029,100,100,100,28,14,14
13853,3406823,97.3663157894737,100,94.44,38,20,18
13854,3406841,100,100,100,40,21,19
13855,3406883,100,100,100,38,20,18
13856,3406944,97.2989189189189,94.74,100,37,19,18
13857,3407069,100,100,100,41,24,17
13858,3407144,100,100,100,43,23,20
13859,3407172,97.6178571428572,95.65,100,42,23,19
13860,3407180,94.8723076923077,90.91,100,39,22,17
13861,3407319,83.8709677419355,100,37.5,31,23,8
13862,3408268,100,100,100,36,18,18
13863,3408423,96.7754838709677,100,91.67,31,19,12
13864,3408498,100,100,100,31,14,17
13865,3408505,96.871875,95.45,100,32,22,10
13866,3408528,96,80,100,25,5,20
13867,3408573,96.664,94.44,100,30,18,12
13868,3408600,100,100,100,38,19,19
13869,3408645,95.0025,95.24,94.74,40,21,19
13870,3408655,90.9109090909091,91.67,90,44,24,20
13871,3408679,97.2975675675676,100,90.91,37,26,11
13872,3408780,95.83625,96.3,95.24,48,27,21
13873,3408894,97.9571428571429,100,95.45,49,27,22
13874,3409079,95.3469767441861,96,94.44,43,25,18
13875,3409119,100,100,100,34,14,20
13876,3409409,94.8705128205128,95.65,93.75,39,23,16
13877,3409464,100,100,100,32,16,16
13878,3409589,100,100,100,28,15,13
13879,3409638,100,100,100,31,16,15
13880,3409719,97.06,95.24,100,34,21,13
13881,3410180,95.65,93.33,100,23,15,8
13882,3410316,90.9127272727273,88.24,100,22,17,5
13883,3410503,94.7357894736842,83.33,100,19,6,13
13884,3410649,100,100,100,33,18,15
13885,3410976,96.1538461538462,93.75,100,26,16,10
13886,3411329,100,100,100,27,12,15
13887,3411737,88.8888888888889,80,100,18,10,8
13888,3411756,80,50,100,5,2,3
13889,3411761,93.750625,90.91,100,16,11,5
13890,3411809,90.4742857142857,83.33,100,21,12,9
13891,3411828,95.2395238095238,92.31,100,21,13,8
13892,3411936,92.3076923076923,87.5,100,13,8,5
13893,3412114,100,100,100,7,6,1
13894,3412130,90.9090909090909,87.5,100,11,8,3
13895,3412382,91.665,83.33,100,12,6,6
13896,3412521,90.9090909090909,87.5,100,11,8,3
13897,3412911,100,100,100,15,9,6
13898,3413909,92.3076923076923,87.5,100,13,8,5
13899,3414083,100,100,100,16,9,7
13900,3414146,100,100,100,12,7,5
13901,3414150,100,100,100,12,2,10
13902,3414489,100,100,100,18,9,9
13903,3414930,100,100,100,22,12,10
13904,3415111,100,100,100,13,4,9
13905,3415328,94.4444444444444,90,100,18,10,8
13906,3415411,100,100,100,22,10,12
13907,3415604,100,100,100,24,11,13
13908,3415667,100,100,100,16,1,15
13909,3415672,100,100,100,14,7,7
13910,3416131,100,100,100,19,6,13
13911,3416591,100,100,100,20,7,13
13912,3416637,81.25,100,50,16,10,6
13913,3416659,95.8333333333333,90,100,24,10,14
13914,3416732,96.1553846153846,91.67,100,26,12,14
13915,3416804,91.665,83.33,100,24,12,12
13916,3417001,100,100,100,16,4,12
13917,3417086,100,100,100,25,12,13
13918,3417862,96.0012,100,92.31,25,12,13
13919,3417881,89.4747368421053,100,81.82,19,8,11
13920,3418114,100,100,100,19,9,10
13921,3418475,100,100,100,12,5,7
13922,3418591,92.3076923076923,100,75,13,9,4
13923,3419161,100,100,100,20,13,7
13924,3419573,100,100,100,27,13,14
13925,3419633,100,100,100,26,15,11
13926,3419900,96.2977777777778,91.67,100,27,12,15
13927,3420209,100,100,100,31,17,14
13928,3420312,100,100,100,20,11,9
13929,3420347,100,100,100,26,13,13
13930,3420521,88.8922222222222,91.67,86.67,27,12,15
13931,3420618,100,100,100,32,14,18
13932,3420788,96.7725806451613,100,93.33,31,16,15
13933,3420803,97.1428571428571,100,95,35,15,20
13934,3420983,96.43,100,91.67,28,16,12
13935,3421301,91.665,100,83.33,36,18,18
13936,3421469,90.91,92.31,90,33,13,20
13937,3421655,93.7478125,100,89.47,32,13,19
13938,3421856,95.83375,100,88.89,24,15,9
13939,3422018,100,100,100,29,16,13
13940,3422039,93.1034482758621,100,87.5,29,13,16
13941,3422243,90.0013333333333,92.86,87.5,30,14,16
13942,3422262,90.0013333333333,92.86,87.5,30,14,16
13943,3422295,96.4296428571429,92.31,100,28,13,15
13944,3422345,96.2962962962963,100,93.75,27,11,16
13945,3422354,91.998,93.33,90,25,15,10
13946,3422556,96.4296428571429,100,92.31,28,15,13
13947,3422640,100,100,100,28,13,15
13948,3422812,97.0564705882353,100,94.44,34,16,18
13949,3422971,90.9109090909091,84.62,95,33,13,20
13950,3423097,87.8812121212121,88.24,87.5,33,17,16
13951,3424391,92.0008,100,81.82,25,14,11
13952,3424898,95.002,100,92.86,20,6,14
13953,3426098,88.4638461538461,90.91,86.67,26,11,15
13954,3426875,42.8571428571429,0,100,14,8,6
13955,3426975,100,100,100,22,15,7
13956,3427231,100,100,100,18,9,9
13957,3427405,100,100,100,21,11,10
13958,3428056,95.0005,90.91,100,20,11,9
13959,3428480,95,100,87.5,20,12,8
13960,3428746,94.4444444444444,90,100,18,10,8
13961,3429065,100,100,100,15,11,4
13962,3429095,78.5714285714286,100,25,14,10,4
13963,3429264,100,100,100,12,11,1
13964,3429296,100,100,100,15,11,4
13965,3429350,100,100,100,14,9,5
13966,3429395,100,100,100,15,10,5
13967,3429683,100,100,100,19,12,7
13968,3429765,100,100,100,8,5,3
13969,3429790,100,100,100,18,11,7
13970,3429920,95.002,92.86,100,20,14,6
13971,3430243,94.12,91.67,100,17,12,5
13972,3430293,95.8333333333333,93.75,100,24,16,8
13973,3430512,100,100,100,25,17,8
13974,3431308,91.6675,100,77.78,24,15,9
13975,3431576,96.0016,100,91.67,25,13,12
13976,3431887,95.2380952380952,100,50,21,19,2
13977,3432085,100,100,100,26,17,9
13978,3432099,100,100,100,27,19,8
13979,3432267,96.2977777777778,92.86,100,27,14,13
13980,3432378,100,100,100,21,10,11
13981,3432399,91.3030434782609,93.75,85.71,23,16,7
13982,3432509,80.9528571428571,75,88.89,21,12,9
13983,3432655,85.1851851851852,100,75,27,11,16
13984,3433969,90.9090909090909,80,100,33,15,18
13985,3434096,96.9709090909091,100,92.86,33,19,14
13986,3434177,94.5962162162162,100,84.62,37,24,13
13987,3435006,100,100,100,25,9,16
13988,3435961,100,100,100,28,16,12
13989,3436156,93.5467741935484,93.75,93.33,31,16,15
13990,3436234,100,100,100,32,17,15
13991,3436876,100,100,100,43,15,28
13992,3436884,100,100,100,37,18,19
13993,3437092,100,100,100,28,15,13
13994,3437220,94.2845714285714,94.12,94.44,35,17,18
13995,3437349,90.9090909090909,100,85,33,13,20
13996,3437374,96.8725,100,94.44,32,14,18
13997,3437404,90.9127272727273,91.67,90.48,33,12,21
13998,3437413,97.1414285714286,93.33,100,35,15,20
13999,3437505,89.2885714285714,77.78,94.74,28,9,19
14000,3437527,97.3671052631579,93.33,100,38,15,23
14001,3437812,93.1037931034483,88.89,95,29,9,20
14002,3438177,92.86,92.86,92.86,28,14,14
14003,3438584,100,100,100,32,17,15
14004,3438912,93.9409090909091,100,86.67,33,18,15
14005,3438922,96.6666666666667,100,90,30,20,10
14006,3438940,97.1437142857143,100,92.31,35,22,13
14007,3438999,97.144,100,92.86,35,21,14
14008,3439270,94.1155882352941,89.47,100,34,19,15
14009,3439649,97.3694736842105,95.24,100,38,21,17
14010,3439776,100,100,100,38,22,16
14011,3440034,100,100,100,31,13,18
14012,3440190,92.1031578947368,86.36,100,38,22,16
14013,3440253,100,100,100,34,22,12
14014,3440275,100,100,100,23,6,17
14015,3440280,97.06,100,91.67,34,22,12
14016,3440394,100,100,100,41,24,17
14017,3440641,100,100,100,45,24,21
14018,3441077,97.9179166666667,94.74,100,48,19,29
14019,3441106,97.49875,93.33,100,40,15,25
14020,3441593,98.0744230769231,100,96.77,52,21,31
14021,3441752,97.9624489795918,100,96.88,49,17,32
14022,3441991,93.8755102040816,95,93.1,49,20,29
14023,3442125,94.5945945945946,100,90,37,17,20
14024,3442226,95.83125,100,93.33,48,18,30
14025,3442268,97.8239130434783,100,96.15,46,20,26
14026,3442338,95.7425531914893,100,93.1,47,18,29
14027,3442439,95.3467441860465,91.67,96.77,43,12,31
14028,3442938,94.8723076923077,100,88.89,39,21,18
14029,3443700,90.9127272727273,91.67,90.48,33,12,21
14030,3443751,100,100,100,27,12,15
14031,3443829,96.4296428571429,100,92.31,28,15,13
14032,3443853,92.0008,100,88.89,25,7,18
14033,3443976,96,100,93.75,25,9,16
14034,3444208,96.5531034482759,100,94.12,29,12,17
14035,3444226,100,100,100,37,14,23
14036,3444580,100,100,100,37,19,18
14037,3444829,96.9672727272727,100,95.83,33,9,24
14038,3445051,92.5933333333333,100,81.82,27,16,11
14039,3445183,100,100,100,25,12,13
14040,3445700,100,100,100,42,20,22
14041,3445719,100,100,100,37,18,19
14042,3446064,100,100,100,36,17,19
14043,3446207,100,100,100,36,15,21
14044,3446526,100,100,100,13,7,6
14045,3446531,100,100,100,18,11,7
14046,3446765,100,100,100,23,11,12
14047,3446796,95.6539130434783,91.67,100,23,12,11
14048,3447032,100,100,100,22,10,12
14049,3447128,100,100,100,24,11,13
14050,3447185,100,100,100,19,8,11
14051,3447239,100,100,100,19,5,14
14052,3447308,100,100,100,24,11,13
14053,3447338,100,100,100,22,8,14
14054,3448028,96.9672727272727,100,94.44,33,15,18
14055,3448145,91.3021739130435,93.33,87.5,23,15,8
14056,3448471,100,100,100,28,17,11
14057,3448952,94.5956756756757,95,94.12,37,20,17
14058,3448976,100,100,100,23,13,10
14059,3448982,100,100,100,25,21,4
14060,3449033,100,100,100,30,13,17
14061,3449264,100,100,100,35,22,13
14062,3449279,100,100,100,33,19,14
14063,3449582,100,100,100,36,21,15
14064,3449907,100,100,100,32,15,17
14065,3449952,100,100,100,35,16,19
14066,3450030,100,100,100,31,18,13
14067,3450393,100,100,100,37,13,24
14068,3450408,97.4369230769231,94.12,100,39,17,22
14069,3450874,100,100,100,39,17,22
14070,3451113,100,100,100,32,20,12
14071,3451745,100,100,100,39,16,23
14072,3451844,100,100,100,37,18,19
14073,3451931,100,100,100,35,12,23
14074,3451939,100,100,100,31,14,17
14075,3452057,100,100,100,36,18,18
14076,3452322,100,100,100,45,18,27
14077,3452972,92.8564285714286,93.33,92.31,28,15,13
14078,3452998,100,100,100,31,14,17
14079,3453082,94.7373684210526,100,88.89,19,10,9
14080,3453113,100,100,100,28,12,16
14081,3453152,100,100,100,28,11,17
14082,3453214,90,100,80,10,5,5
14083,3453218,100,100,100,13,4,9
14084,3453229,100,100,100,22,9,13
14085,3454374,100,100,100,17,7,10
14086,3454391,100,100,100,16,6,10
14087,3454454,100,100,100,16,7,9
14088,3454817,100,100,100,17,8,9
14089,3454871,100,100,100,16,4,12
14090,3454988,100,100,100,16,9,7
14091,3455001,88.89,88.89,88.89,18,9,9
14092,3455048,90.4771428571429,100,81.82,21,10,11
14093,3455211,100,100,100,15,5,10
14094,3455719,80,87.5,50,10,8,2
14095,3456220,93.334,88.89,100,15,9,6
14096,3456530,90.9090909090909,50,100,11,2,9
14097,3456536,94.4444444444444,100,75,18,14,4
14098,3456627,95.6539130434783,94.12,100,23,17,6
14099,3456647,100,100,100,25,15,10
14100,3456987,100,100,100,26,10,16
14101,3457580,100,100,100,24,15,9
14102,3458231,96.87625,100,91.67,32,20,12
14103,3458580,93.7496875,94.12,93.33,32,17,15
14104,3458592,96.876875,94.74,100,32,19,13
14105,3458631,94.5945945945946,90,100,37,20,17
14106,3458672,97.1428571428571,100,93.75,35,19,16
14107,3458750,93.9418181818182,88.24,100,33,17,16
14108,3459171,88.57,73.33,100,35,15,20
14109,3459623,84.0016,25,95.24,25,4,21
14110,3459868,97.7755555555555,95.45,100,45,22,23
14111,3459982,97.498,100,94.44,40,22,18
14112,3460309,95.3476744186047,95.65,95,43,23,20
14113,3460894,100,100,100,38,23,15
14114,3460948,97.7272727272727,96,100,44,25,19
14115,3461077,97.4975,96.15,100,40,26,14
14116,3461324,96.7754838709677,92.86,100,31,14,17
14117,3461378,100,100,100,35,19,16
14118,3461946,88.8888888888889,87.5,90,18,8,10
14119,3462525,97.0588235294118,100,93.75,34,18,16
14120,3462615,96.8725,94.44,100,32,18,14
14121,3462723,95.2380952380952,90,100,21,10,11
14122,3463333,100,100,100,23,9,14
14123,3463353,100,100,100,21,11,10
14124,3463916,100,100,100,21,13,8
14125,3464031,100,100,100,22,14,8
14126,3464055,100,100,100,20,14,6
14127,3464087,100,100,100,20,12,8
14128,3464742,100,100,100,27,13,14
14129,3464792,100,100,100,23,13,10
14130,3464988,96.0016,91.67,100,25,12,13
14131,3465042,94.9985,85.71,100,20,7,13
14132,3465127,87.9984,100,76.92,25,12,13
14133,3465260,100,100,100,23,12,11
14134,3465505,100,100,100,21,11,10
14135,3466209,95,87.5,100,20,8,12
14136,3466265,95.4545454545455,87.5,100,22,8,14
14137,3466309,94.445,100,90.91,18,7,11
14138,3466456,93.3313333333333,85.71,100,15,7,8
14139,3466558,92.8571428571429,80,100,14,5,9
14140,3467736,100,100,100,25,11,14
14141,3467820,95.835,91.67,100,24,12,12
14142,3468048,100,100,100,27,9,18
14143,3468055,100,100,100,22,15,7
14144,3468438,96.5531034482759,92.86,100,29,14,15
14145,3468537,95.2380952380952,90,100,21,10,11
14146,3468927,95.6526086956522,90.91,100,23,11,12
14147,3470230,100,100,100,21,6,15
14148,3470239,100,100,100,24,10,14
14149,3470686,100,100,100,32,17,15
14150,3470821,100,100,100,30,12,18
14151,3471022,100,100,100,22,14,8
14152,3471052,96.7754838709677,100,92.86,31,17,14
14153,3471181,100,100,100,22,10,12
14154,3471554,96.5527586206896,100,92.31,29,16,13
14155,3471668,96.9672727272727,100,94.44,33,15,18
14156,3472304,94.8723076923077,100,90.91,39,17,22
14157,3472394,100,100,100,38,24,14
14158,3472631,100,100,100,40,25,15
14159,3472847,100,100,100,46,27,19
14160,3473042,100,100,100,36,21,15
14161,3473771,98.1472222222222,100,96.55,54,25,29
14162,3474024,100,100,100,29,11,18
14163,3474037,100,100,100,30,14,16
14164,3474308,100,100,100,39,18,21
14165,3474314,100,100,100,38,24,14
14166,3474669,97.0588235294118,93.75,100,34,16,18
14167,3475066,100,100,100,31,18,13
14168,3475231,94.7389473684211,95.24,94.12,38,21,17
14169,3475815,100,100,100,37,23,14
14170,3475836,97.6166666666667,95.45,100,42,22,20
14171,3475863,100,100,100,37,20,17
14172,3475898,100,100,100,37,21,16
14173,3475946,100,100,100,43,26,17
14174,3476273,95,92,100,40,25,15
14175,3476390,100,100,100,34,19,15
14176,3476722,100,100,100,37,21,16
14177,3476776,96.969696969697,100,93.75,33,17,16
14178,3476893,100,100,100,40,22,18
14179,3477127,100,100,100,37,18,19
14180,3477181,97.5590243902439,94.44,100,41,18,23
14181,3477189,94.5951351351351,90.91,100,37,22,15
14182,3477285,97.3657894736842,95.45,100,38,22,16
14183,3477433,92.5933333333333,81.82,100,27,11,16
14184,3477767,100,100,100,47,20,27
14185,3477976,100,100,100,44,19,25
14186,3478015,100,100,100,44,22,22
14187,3478027,100,100,100,43,16,27
14188,3478153,100,100,100,48,23,25
14189,3478373,100,100,100,44,18,26
14190,3478614,97.8269565217391,96.43,100,46,28,18
14191,3478640,97.5619512195122,95.24,100,41,21,20
14192,3479243,100,100,100,46,23,23
14193,3479816,96.0764705882353,93.33,100,51,30,21
14194,3480137,96.3647272727273,92.31,100,55,26,29
14195,3480441,100,100,100,56,27,29
14196,3481830,97.9571428571429,96.15,100,49,26,23
14197,3481886,100,100,100,33,14,19
14198,3481892,100,100,100,41,29,12
14199,3481917,100,100,100,27,18,9
14200,3481922,95.8333333333333,100,87.5,24,16,8
14201,3482259,100,100,100,37,17,20
14202,3482411,100,100,100,37,18,19
14203,3482775,100,100,100,45,24,21
14204,3482793,100,100,100,45,29,16
14205,3482820,94.5967567567568,100,90.48,37,16,21
14206,3482922,100,100,100,48,25,23
14207,3483377,100,100,100,59,33,26
14208,3483707,95.9988,96.43,95.45,50,28,22
14209,3483920,98.1488888888889,100,95.24,54,33,21
14210,3484003,100,100,100,58,34,24
14211,3484040,100,100,100,61,31,30
14212,3484052,100,100,100,49,26,23
14213,3484063,97.6744186046512,93.75,100,43,16,27
14214,3484525,100,100,100,55,31,24
14215,3484655,100,100,100,50,26,24
14216,3484985,100,100,100,53,31,22
14217,3485183,100,100,100,49,30,19
14218,3485207,100,100,100,52,34,18
14219,3485501,100,100,100,50,29,21
14220,3485655,98.215,100,95.24,56,35,21
14221,3486273,98.0382352941177,95.65,100,51,23,28
14222,3486300,100,100,100,51,25,26
14223,3486697,100,100,100,47,22,25
14224,3486708,100,100,100,51,28,23
14225,3487265,98.1143396226415,100,94.74,53,34,19
14226,3487416,100,100,100,52,30,22
14227,3487976,100,100,100,51,34,17
14228,3488406,100,100,100,53,30,23
14229,3489203,91.665,93.33,88.89,24,15,9
14230,3489207,85.1825925925926,75,89.47,27,8,19
14231,3489530,100,100,100,35,23,12
14232,3489597,100,100,100,27,16,11
14233,3489626,96.5531034482759,100,91.67,29,17,12
14234,3489656,97.22,94.44,100,36,18,18
14235,3490067,100,100,100,22,8,14
14236,3490131,96.5531034482759,92.86,100,29,14,15
14237,3490187,100,100,100,15,10,5
14238,3490347,97.0558823529412,95.45,100,34,22,12
14239,3490648,100,100,100,28,9,19
14240,3490825,97.4333333333333,95.45,100,39,22,17
14241,3490921,96.0016,91.67,100,25,12,13
14242,3491024,100,100,100,36,21,15
14243,3491149,97.5619512195122,100,94.12,41,24,17
14244,3491434,100,100,100,40,22,18
14245,3492416,100,100,100,18,7,11
14246,3492434,87.5,100,80,16,6,10
14247,3492493,83.3333333333333,100,75,18,6,12
14248,3493018,100,100,100,20,7,13
14249,3493183,90.4785714285714,100,86.67,21,6,15
14250,3493495,100,100,100,22,9,13
14251,3493618,96,87.5,100,25,8,17
14252,3494072,86.9591304347826,90,84.62,23,10,13
14253,3494326,100,100,100,31,11,20
14254,3494353,100,100,100,28,9,19
14255,3494567,100,100,100,32,12,20
14256,3494828,97.144,91.67,100,35,12,23
14257,3495073,97.3684210526316,100,96,38,13,25
14258,3495211,96.6676666666667,92.31,100,30,13,17
14259,3495311,97.3694736842105,92.86,100,38,14,24
14260,3495508,94.2837142857143,90.91,95.83,35,11,24
14261,3495712,97.6190476190476,93.75,100,42,16,26
14262,3495799,100,100,100,42,19,23
14263,3495845,96.969696969697,75,100,33,4,29
14264,3495856,95.9998,95.24,96.55,50,21,29
14265,3496163,97.9166666666667,95,100,48,20,28
14266,3496184,100,100,100,47,14,33
14267,3496198,97.6751162790698,92.31,100,43,13,30
14268,3496312,96.2972222222222,95.24,96.97,54,21,33
14269,3496660,100,100,100,46,16,30
14270,3496674,98.0403921568627,94.74,100,51,19,32
14271,3497126,100,100,100,27,16,11
14272,3497160,97.3694736842105,94.12,100,38,17,21
14273,3497832,92.6785365853659,94.44,91.3,41,18,23
14274,3497862,100,100,100,40,18,22
14275,3498414,100,100,100,35,12,23
14276,3498680,100,100,100,38,17,21
14277,3498735,96.876875,100,94.74,32,13,19
14278,3499771,95.4559090909091,100,92.31,22,9,13
14279,3499791,100,100,100,22,10,12
14280,3500078,100,100,100,36,16,20
14281,3500277,100,100,100,48,23,25
14282,3500423,97.8731914893617,97.06,100,47,34,13
14283,3500510,98.1133962264151,96.97,100,53,33,20
14284,3500726,97.7254545454546,95.83,100,44,24,20
14285,3500753,96.2232075471698,94.59,100,53,37,16
14286,3500777,96.3623636363636,94.87,100,55,39,16
14287,3500933,100,100,100,50,34,16
14288,3500955,95.745744680851,96.97,92.86,47,33,14
14289,3501401,100,100,100,57,33,24
14290,3501426,97.6746511627907,100,90.91,43,32,11
14291,3501467,98.1836363636364,97.3,100,55,37,18
14292,3501479,97.825,96.55,100,46,29,17
14293,3501542,98.3037288135593,97.22,100,59,36,23
14294,3501757,100,100,100,56,37,19
14295,3501793,97.5609756097561,95,100,41,20,21
14296,3501803,97.725,95.45,100,44,22,22
14297,3502132,100,100,100,55,35,20
14298,3502241,100,100,100,49,27,22
14299,3502613,96.6086440677966,96.97,96.15,59,33,26
14300,3502770,94.0006,96.55,90.48,50,29,21
14301,3503342,100,100,100,61,33,28
14302,3503429,100,100,100,67,35,32
14303,3504154,98.44,96.88,100,64,32,32
14304,3504247,100,100,100,71,41,30
14305,3504367,98.5737142857143,100,96.88,70,38,32
14306,3504496,95.2338095238095,94.59,96.15,63,37,26
14307,3504698,96.9704545454545,97.3,96.55,66,37,29
14308,3505341,100,100,100,62,30,32
14309,3506087,98.6125,97.3,100,72,37,35
14310,3506312,100,100,100,71,37,34
14311,3506573,98.43765625,96.97,100,64,33,31
14312,3506750,100,100,100,54,20,34
14313,3506858,98.4595384615385,96.77,100,65,31,34
14314,3507014,100,100,100,66,31,35
14315,3507140,93.3313333333333,95.65,91.89,60,23,37
14316,3507233,100,100,100,60,26,34
14317,3507331,97.1017391304348,93.94,100,69,33,36
14318,3507430,100,100,100,70,31,39
14319,3507988,95.3451162790698,94.44,100,43,36,7
14320,3507992,90.4771428571429,77.78,100,42,18,24
14321,3508027,95.5237313432836,92.31,100,67,39,28
14322,3508057,96.9253846153846,94.29,100,65,35,30
14323,3508127,100,100,100,70,36,34
14324,3508214,86.7928301886792,75,93.94,53,20,33
14325,3508226,94.1189705882353,86.21,100,68,29,39
14326,3508367,92.86125,90.48,94.29,56,21,35
14327,3508498,98.5938028169014,96.88,100,71,32,39
14328,3508537,90.9103896103896,85,97.3,77,40,37
14329,3508579,93.9982,85.71,100,50,21,29
14330,3508720,98.46,97.14,100,65,35,30
14331,3508788,98.332,97.22,100,60,36,24
14332,3508800,100,100,100,70,36,34
14333,3509332,98.5915492957746,97.5,100,71,40,31
14334,3509430,97.180985915493,97.67,96.43,71,43,28
14335,3510167,98.3608196721312,96.97,100,61,33,28
14336,3510320,100,100,100,56,22,34
14337,3510869,100,100,100,49,19,30
14338,3510879,100,100,100,52,21,31
14339,3510900,95.2385714285714,90.91,100,42,22,20
14340,3511589,97.6725581395349,100,94.44,43,25,18
14341,3511656,93.7508333333333,96.43,90,48,28,20
14342,3511712,98.2133928571428,100,96.55,56,27,29
14343,3511766,94.8248275862069,100,90.62,58,26,32
14344,3513003,98.18,100,95.45,55,33,22
14345,3513127,100,100,100,65,34,31
14346,3513420,98.574,97.83,100,70,46,24
14347,3513499,100,100,100,55,34,21
14348,3513727,98.4119047619048,100,95.65,63,40,23
14349,3514093,100,100,100,74,41,33
14350,3514351,97.2963513513514,94.87,100,74,39,35
14351,3514653,100,100,100,80,41,39
14352,3514835,97.015223880597,100,93.94,67,34,33
14353,3515240,98.4603076923077,97.22,100,65,36,29
14354,3515279,98.3613114754098,96.43,100,61,28,33
14355,3515371,98.4114285714286,97.22,100,63,36,27
14356,3515605,94.445,97.22,91.67,72,36,36
14357,3515735,98.7356962025316,100,97.73,79,35,44
14358,3516029,98.5098507462687,100,96.88,67,35,32
14359,3516780,94.3661971830986,100,90,71,31,40
14360,3516857,98.5098507462687,100,97.44,67,28,39
14361,3516878,97.0108955223881,95.83,97.67,67,24,43
14362,3516908,96.7741935483871,100,95,62,22,40
14363,3516957,96.9684848484848,100,95.12,66,25,41
14364,3517154,98.4142857142857,96.3,100,63,27,36
14365,3517191,97.0605882352941,100,94.74,68,30,38
14366,3517259,90.62640625,88,92.31,64,25,39
14367,3517268,94.3364150943396,92.59,96.15,53,27,26
14368,3517989,100,100,100,70,32,38
14369,3518160,100,100,100,41,26,15
14370,3518597,96.4267857142857,100,93.33,56,26,30
14371,3518882,98.5068656716418,100,97.56,67,26,41
14372,3518957,95.4559090909091,100,92.31,44,18,26
14373,3519667,96.6089830508475,92.59,100,59,27,32
14374,3519969,100,100,100,59,25,34
14375,3520179,100,100,100,74,39,35
14376,3520936,98.6494594594595,97.37,100,74,38,36
14377,3521051,98.5062686567164,97.22,100,67,36,31
14378,3521602,98.2133928571428,96.55,100,56,29,27
14379,3522068,100,100,100,67,32,35
14380,3522107,100,100,100,44,36,8
14381,3522282,97.2951351351351,100,94.44,74,38,36
14382,3522413,100,100,100,65,40,25
14383,3522687,97.9139583333333,96.77,100,48,31,17
14384,3522738,98.5728571428571,97.3,100,70,37,33
14385,3522759,95.7771830985915,92.11,100,71,38,33
14386,3522895,90.62875,94.74,84.62,64,38,26
14387,3523085,95.0829508196721,93.94,96.43,61,33,28
14388,3523171,98.4624615384615,97.37,100,65,38,27
14389,3523345,100,100,100,75,33,42
14390,3523517,98.6863157894737,96.88,100,76,32,44
14391,3523592,100,100,100,78,34,44
14392,3524164,98.57,97.14,100,70,35,35
14393,3524663,97.3690789473684,93.55,100,76,31,45
14394,3525104,100,100,100,64,30,34
14395,3525152,97.8267391304348,92.31,100,46,13,33
14396,3525157,97.6725581395349,95.83,100,43,24,19
14397,3525284,97.8269565217391,91.67,100,46,12,34
14398,3525757,98.43546875,96.77,100,64,31,33
14399,3525832,96.4926315789474,94.12,100,57,34,23
14400,3525901,97.92,96.88,100,48,32,16
14401,3525962,100,100,100,51,16,35
14402,3525968,100,100,100,20,12,8
14403,3525976,95.7451063829787,100,90.91,47,25,22
14404,3526066,96.3636363636364,92,100,55,25,30
14405,3526156,96.0782352941176,96.43,95.65,51,28,23
14406,3526337,98.0753846153846,100,95.83,52,28,24
14407,3526543,92.8571428571429,100,90,42,12,30
14408,3526697,96.4275,95.45,97.06,56,22,34
14409,3526779,97.96,94.12,100,49,17,32
14410,3527093,98.1481481481482,96,100,54,25,29
14411,3527289,100,100,100,41,7,34
14412,3527300,100,100,100,47,19,28
14413,3527370,97.8282608695652,100,96.3,46,19,27
14414,3527540,96.0764705882353,91.3,100,51,23,28
14415,3527750,100,100,100,54,28,26
14416,3528237,100,100,100,46,30,16
14417,3528404,100,100,100,44,15,29
14418,3528411,100,100,100,34,29,5
14419,3528575,100,100,100,41,30,11
14420,3529120,96.7213114754098,93.75,100,61,32,29
14421,3529320,96.2962962962963,90,100,54,20,34
14422,3529864,90.7411111111111,86.67,95.83,54,30,24
14423,3530116,100,100,100,34,17,17
14424,3530438,100,100,100,36,16,20
14425,3530636,100,100,100,31,14,17
14426,3530760,96.9709090909091,94.12,100,33,17,16
14427,3530929,100,100,100,36,17,19
14428,3530958,97.2951351351351,94.44,100,37,18,19
14429,3531015,93.5509677419355,92.86,94.12,31,14,17
14430,3531147,100,100,100,40,17,23
14431,3531630,97.6758139534884,100,94.74,43,24,19
14432,3531652,100,100,100,41,18,23
14433,3531847,100,100,100,41,24,17
14434,3532264,97.3684210526316,100,95,38,18,20
14435,3532354,100,100,100,32,18,14
14436,3532930,100,100,100,30,16,14
14437,3532998,100,100,100,29,19,10
14438,3533829,97.8723404255319,100,95,47,27,20
14439,3533947,97.5015,94.74,100,40,19,21
14440,3534261,97.06,94.12,100,34,17,17
14441,3534301,100,100,100,44,26,18
14442,3534802,100,100,100,53,27,26
14443,3534859,100,100,100,49,28,21
14444,3534969,97.96,95.24,100,49,21,28
14445,3535060,100,100,100,52,24,28
14446,3535305,100,100,100,53,27,26
14447,3535612,100,100,100,48,24,24
14448,3535630,100,100,100,39,16,23
14449,3535940,100,100,100,48,21,27
14450,3536349,100,100,100,46,22,24
14451,3536462,95.741914893617,95.65,95.83,47,23,24
14452,3536759,94.1152941176471,94.44,93.75,34,18,16
14453,3537215,97.62,100,95.24,42,21,21
14454,3537362,100,100,100,32,11,21
14455,3537601,97.8282608695652,96.3,100,46,27,19
14456,3537641,100,100,100,56,30,26
14457,3537782,100,100,100,63,33,30
14458,3538013,100,100,100,44,25,19
14459,3538109,100,100,100,36,15,21
14460,3538163,100,100,100,52,32,20
14461,3538334,100,100,100,54,27,27
14462,3538382,97.9984,95.83,100,50,24,26
14463,3538537,98.2133928571428,96.55,100,56,29,27
14464,3538688,100,100,100,38,24,14
14465,3538739,100,100,100,60,30,30
14466,3538766,100,100,100,46,18,28
14467,3538874,97.8712765957447,93.33,100,47,15,32
14468,3539150,97.8736170212766,94.74,100,47,19,28
14469,3539267,100,100,100,50,24,26
14470,3539341,100,100,100,48,22,26
14471,3539453,100,100,100,45,20,25
14472,3539510,97.2983783783784,94.12,100,37,17,20
14473,3540353,95.4559090909091,96,94.74,44,25,19
14474,3540552,97.0564705882353,95.83,100,34,24,10
14475,3540842,97.62,95.24,100,42,21,21
14476,3540897,95.9998,96.55,95.24,50,29,21
14477,3541122,100,100,100,46,24,22
14478,3541598,96.825873015873,96.88,96.77,63,32,31
14479,3541961,96.8759375,100,92.31,64,38,26
14480,3542066,100,100,100,39,17,22
14481,3542370,98.0776923076923,100,96.43,52,24,28
14482,3543333,96.7758064516129,96,97.3,62,25,37
14483,3543437,91.6675,100,77.78,48,30,18
14484,3543591,98.2775862068966,96.3,100,58,27,31
14485,3544284,98.3057627118644,100,95.24,59,38,21
14486,3545222,97.6171428571429,97.22,100,42,36,6
14487,3545627,96.0811764705882,96.67,95.24,51,30,21
14488,3545855,96.665,100,91.3,60,37,23
14489,3545978,98.2463157894737,100,95.24,57,36,21
14490,3546110,98.075,100,95.45,52,30,22
14491,3546159,98.2473684210526,96.67,100,57,30,27
14492,3546610,98.2775862068966,100,96.67,58,28,30
14493,3546748,98.0788461538462,96.67,100,52,30,22
14494,3547291,100,100,100,62,26,36
14495,3547415,100,100,100,65,36,29
14496,3547471,100,100,100,62,32,30
14497,3547742,98.0008,95.24,100,50,21,29
14498,3548325,100,100,100,62,31,31
14499,3548391,100,100,100,46,19,27
14500,3548580,94.4440740740741,92.86,96.15,54,28,26
14501,3548640,100,100,100,56,27,29
14502,3548673,100,100,100,43,23,20
14503,3548949,100,100,100,53,31,22
14504,3549573,100,100,100,50,27,23
14505,3549608,96.2279245283019,100,90.48,53,32,21
14506,3550128,96.2990740740741,100,94.29,54,19,35
14507,3550165,100,100,100,48,23,25
14508,3550263,98.2433333333333,100,96.77,57,26,31
14509,3550606,100,100,100,35,26,9
14510,3550677,97.91875,100,96.3,48,21,27
14511,3550687,97.96,94.12,100,49,17,32
14512,3550708,94.3403773584906,95.24,93.75,53,21,32
14513,3550785,100,100,100,58,26,32
14514,3550876,85.1031914893617,89.47,82.14,47,19,28
14515,3550906,97.91875,100,96.67,48,18,30
14516,3550966,97.8723404255319,95,100,47,20,27
14517,3551020,95.6519565217391,94.12,96.55,46,17,29
14518,3551028,97.559756097561,93.33,100,41,15,26
14519,3551034,100,100,100,37,22,15
14520,3551101,97.1428571428571,80,100,35,5,30
14521,3551178,97.725,100,96.15,44,18,26
14522,3551193,100,100,100,44,16,28
14523,3551506,100,100,100,46,20,26
14524,3551784,97.5624390243902,94.74,100,41,19,22
14525,3551862,100,100,100,39,16,23
14526,3552154,92.3061538461538,83.33,100,39,18,21
14527,3552600,100,100,100,24,8,16
14528,3552809,78.5728571428571,77.78,80,14,9,5
14529,3552904,92.3061538461538,90.91,93.33,26,11,15
14530,3553193,100,100,100,38,19,19
14531,3553481,97.6171428571429,100,94.44,42,24,18
14532,3553496,97.2945945945946,95.45,100,37,22,15
14533,3553605,97.2972972972973,96,100,37,25,12
14534,3553875,97.3663157894737,94.44,100,38,18,20
14535,3554756,96.8263492063492,97.37,96,63,38,25
14536,3555029,98.3854838709677,97.14,100,62,35,27
14537,3555261,98.2447368421053,95.65,100,57,23,34
14538,3555575,97.1004347826087,97.37,96.77,69,38,31
14539,3555623,100,100,100,64,32,32
14540,3555813,98.306779661017,96.3,100,59,27,32
14541,3556797,100,100,100,55,23,32
14542,3556904,98.1116981132076,100,95.83,53,29,24
14543,3556962,98.3870967741936,96,100,62,25,37
14544,3557012,100,100,100,58,22,36
14545,3557199,98.2447368421053,95.65,100,57,23,34
14546,3557250,97.9612244897959,100,96.3,49,22,27
14547,3557426,100,100,100,40,18,22
14548,3557477,97.9591836734694,96,100,49,25,24
14549,3557898,100,100,100,46,21,25
14550,3558392,100,100,100,40,16,24
14551,3558740,100,100,100,36,16,20
14552,3558865,100,100,100,42,23,19
14553,3558880,100,100,100,34,19,15
14554,3559217,100,100,100,53,29,24
14555,3559304,100,100,100,51,26,25
14556,3559318,100,100,100,46,26,20
14557,3559667,97.7786666666667,94.12,100,45,17,28
14558,3559793,100,100,100,45,24,21
14559,3559847,100,100,100,48,22,26
14560,3559986,100,100,100,54,25,29
14561,3560155,100,100,100,50,17,33
14562,3560400,100,100,100,44,19,25
14563,3560460,100,100,100,45,17,28
14564,3560749,100,100,100,46,23,23
14565,3560799,97.7766666666667,100,95.65,45,22,23
14566,3561069,97.776,100,95.83,45,21,24
14567,3561105,100,100,100,53,22,31
14568,3561148,100,100,100,57,25,32
14569,3561270,100,100,100,45,20,25
14570,3561740,97.1414285714286,100,95.65,35,12,23
14571,3561818,97.1414285714286,100,95.65,35,12,23
14572,3562026,100,100,100,35,13,22
14573,3562119,100,100,100,33,18,15
14574,3562338,100,100,100,44,16,28
14575,3562369,100,100,100,29,19,10
14576,3562697,100,100,100,41,16,25
14577,3562787,100,100,100,46,18,28
14578,3562845,100,100,100,35,9,26
14579,3563322,100,100,100,45,19,26
14580,3563379,100,100,100,38,19,19
14581,3563451,100,100,100,43,20,23
14582,3563533,97.7286363636364,94.74,100,44,19,25
14583,3564149,86.6666666666667,84.21,90.91,30,19,11
14584,3564167,94.2837142857143,92.31,95.45,35,13,22
14585,3564326,97.2233333333333,92.86,100,36,14,22
14586,3564339,94.8702564102564,94.12,95.45,39,17,22
14587,3564356,94.12,88.24,100,34,17,17
14588,3564374,96.8734375,100,93.33,32,17,15
14589,3564533,97.498,100,95.83,40,16,24
14590,3564653,95.650652173913,100,92.59,46,19,27
14591,3564669,100,100,100,46,19,27
14592,3564737,97.8260869565217,96,100,46,25,21
14593,3564747,100,100,100,43,23,20
14594,3564768,97.8260869565217,100,96,46,21,25
14595,3565347,98.2473684210526,100,96.67,57,27,30
14596,3565367,100,100,100,55,26,29
14597,3565431,96.5527586206896,96.15,96.88,58,26,32
14598,3565575,96.2271698113207,96,96.43,53,25,28
14599,3565931,100,100,100,55,29,26
14600,3566429,98.2758620689655,96,100,58,25,33
14601,3567041,100,100,100,62,33,29
14602,3567378,100,100,100,73,36,37
14603,3567416,98.4390625,96.3,100,64,27,37
14604,3567767,100,100,100,54,20,34
14605,3568174,98.7192307692308,100,97.3,78,41,37
14606,3568310,98.46,97.14,100,65,35,30
14607,3568366,100,100,100,61,25,36
14608,3568426,98.336,100,96.88,60,28,32
14609,3568462,98.5098507462687,96.88,100,67,32,35
14610,3568586,98.3316666666667,96.15,100,60,26,34
14611,3568636,98.4390625,100,96.67,64,34,30
14612,3568714,96.5518965517241,96.97,96,58,33,25
14613,3568864,100,100,100,70,34,36
14614,3568916,100,100,100,39,35,4
14615,3569029,95.945,97.3,94.59,74,37,37
14616,3569114,100,100,100,61,25,36
14617,3569132,98.590985915493,100,97.56,71,30,41
14618,3569305,98.5737142857143,96.88,100,70,32,38
14619,3569494,96.3618181818182,100,93.1,55,26,29
14620,3569505,98.5521739130435,100,97.78,69,24,45
14621,3570138,98.5488405797101,96.77,100,69,31,38
14622,3570312,100,100,100,62,27,35
14623,3570475,98.43671875,96.55,100,64,29,35
14624,3570766,100,100,100,73,36,37
14625,3570805,95.8904109589041,92.5,100,73,40,33
14626,3570817,98.0411764705882,97.3,100,51,37,14
14627,3570918,100,100,100,70,38,32
14628,3571038,100,100,100,71,35,36
14629,3571584,100,100,100,74,40,34
14630,3571688,98.5089552238806,100,96.3,67,40,27
14631,3572235,100,100,100,66,39,27
14632,3572382,100,100,100,59,33,26
14633,3572420,100,100,100,55,30,25
14634,3572693,98.2473684210526,100,96.3,57,30,27
14635,3573212,98.5059701492537,100,97.14,67,32,35
14636,3573443,98.3858064516129,100,97.22,62,26,36
14637,3573494,98.3057627118644,96.43,100,59,28,31
14638,3573955,100,100,100,50,32,18
14639,3574124,95.9964,95.83,96.15,50,24,26
14640,3574190,98.0769230769231,96,100,52,25,27
14641,3574426,98.2133928571428,96.55,100,56,29,27
14642,3574702,100,100,100,41,18,23
14643,3575104,95.9173469387755,96.55,95,49,29,20
14644,3575117,94.114705882353,92.59,95.83,51,27,24
14645,3575317,96.0758823529412,96.77,95,51,31,20
14646,3576148,98.1122641509434,95.65,100,53,23,30
14647,3576302,90,96,84,50,25,25
14648,3576364,98.1472222222222,95.65,100,54,23,31
14649,3576526,100,100,100,41,25,16
14650,3576804,93.7483333333333,96.15,90.91,48,26,22
14651,3576829,100,100,100,38,15,23
14652,3577122,100,100,100,41,24,17
14653,3577339,97.6190476190476,100,95,42,22,20
14654,3577410,100,100,100,38,19,19
14655,3577572,100,100,100,36,18,18
14656,3577739,94.5967567567568,100,90.48,37,16,21
14657,3578356,100,100,100,41,20,21
14658,3578965,100,100,100,31,17,14
14659,3579092,100,100,100,21,9,12
14660,3579291,100,NA,100,16,NA,16
14661,3579296,100,100,100,34,18,16
14662,3579553,90.001,100,77.78,20,11,9
14663,3579641,92.5951851851852,92.31,92.86,27,13,14
14664,3579692,91.6666666666667,80,100,24,10,14
14665,3580233,100,100,100,34,15,19
14666,3580617,100,100,100,25,17,8
14667,3580638,100,100,100,28,18,10
14668,3580919,89.4742105263158,87.5,90.91,19,8,11
14669,3581012,100,100,100,21,13,8
14670,3581250,100,100,100,18,12,6
14671,3581277,100,100,100,14,10,4
14672,3581478,100,100,100,14,10,4
14673,3582214,81.8181818181818,75,100,11,8,3
14674,3582497,100,100,100,6,5,1
14675,3583366,87.5,87.5,NA,8,8,NA
14676,3583386,100,100,100,9,6,3
14677,3584814,89.997,100,85.71,10,3,7
14678,3585364,100,100,100,19,8,11
14679,3585729,96.0004,100,90.91,25,14,11
14680,3585931,96.2977777777778,100,92.86,27,13,14
14681,3586039,97.4333333333333,100,95.45,39,17,22
14682,3586072,94.8705128205128,93.75,95.65,39,16,23
14683,3586254,97.2233333333333,100,94.12,36,19,17
14684,3586437,100,100,100,38,16,22
14685,3587965,96.1569230769231,95,96.88,52,20,32
14686,3588001,91.2282456140351,88.46,93.55,57,26,31
14687,3588270,100,100,100,59,28,31
14688,3588599,98.4106349206349,96.77,100,63,31,32
14689,3588725,100,100,100,56,34,22
14690,3588956,95.0793442622951,94.44,96,61,36,25
14691,3588993,98.3311666666667,96.77,100,60,31,29
14692,3589315,98.1488888888889,96.43,100,54,28,26
14693,3589327,94.0006,88.89,100,50,27,23
14694,3589350,98.1139622641509,96.43,100,53,28,25
14695,3589411,98.3613114754098,96.43,100,61,28,33
14696,3589492,100,100,100,54,22,32
14697,3589960,98.3854838709677,96.15,100,62,26,36
14698,3589969,94.1176470588235,80,100,51,15,36
14699,3589978,95.9988,95.45,96.43,50,22,28
14700,3590126,100,100,100,64,28,36
14701,3590154,93.8469230769231,93.33,94.29,65,30,35
14702,3590211,100,100,100,60,24,36
14703,3590346,100,100,100,60,25,35
14704,3590502,100,100,100,49,22,27
14705,3590532,100,100,100,56,23,33
14706,3590777,100,100,100,56,23,33
14707,3591139,96.3623636363636,92.59,100,55,27,28
14708,3591739,100,100,100,51,19,32
14709,3591813,100,100,100,43,22,21
14710,3592601,84.6161538461538,78.57,91.67,52,28,24
14711,3592823,94.3401886792453,96.55,91.67,53,29,24
14712,3593276,100,100,100,35,26,9
14713,3593464,94.9152542372881,96.67,93.1,59,30,29
14714,3593485,98.3622950819672,100,96.3,61,34,27
14715,3594009,100,100,100,59,28,31
14716,3594109,97.7272727272727,93.75,100,44,16,28
14717,3594285,100,100,100,51,24,27
14718,3594704,95.83125,100,91.3,48,25,23
14719,3594713,94.4427777777778,100,85.71,36,22,14
14720,3594807,100,100,100,42,26,16
14721,3594894,100,100,100,46,23,23
14722,3595122,100,100,100,42,15,27
14723,3595834,100,100,100,41,23,18
14724,3595925,100,100,100,43,25,18
14725,3596234,100,100,100,42,23,19
14726,3596288,100,100,100,39,18,21
14727,3596450,96.9681818181818,93.33,100,33,15,18
14728,3596517,93.750625,88.89,100,32,18,14
14729,3596656,97.144,91.67,100,35,12,23
14730,3596679,94.2857142857143,87.5,100,35,16,19
14731,3596727,96.2944444444444,93.33,100,27,15,12
14732,3596935,93.5464516129032,85.71,100,31,14,17
14733,3597202,89.6551724137931,80,100,29,15,14
14734,3598047,100,100,100,28,11,17
14735,3598294,100,100,100,31,12,19
14736,3598457,72.4148275862069,76.47,66.67,29,17,12
14737,3598621,97.0564705882353,94.44,100,34,18,16
14738,3598702,100,100,100,31,14,17
14739,3598796,100,100,100,44,19,25
14740,3598831,97.2233333333333,94.12,100,36,17,19
14741,3599249,100,100,100,35,15,20
14742,3599300,100,100,100,30,16,14
14743,3600446,97.2233333333333,94.12,100,36,17,19
14744,3600458,100,100,100,35,18,17
14745,3600623,100,100,100,40,20,20
14746,3600646,91.4268571428571,100,83.33,35,17,18
14747,3601404,100,100,100,48,24,24
14748,3601508,97.8702127659574,100,95.45,47,25,22
14749,3601557,97.4358974358974,100,87.5,39,31,8
14750,3601889,100,100,100,59,32,27
14751,3602033,100,100,100,52,25,27
14752,3602149,100,100,100,51,22,29
14753,3602443,98.002,96.67,100,50,30,20
14754,3602487,100,100,100,33,9,24
14755,3602605,98.1472222222222,96.55,100,54,29,25
14756,3603357,98.4390625,97.3,100,64,37,27
14757,3603534,94.4414814814815,90.62,100,54,32,22
14758,3603566,97.3344,95.24,100,75,42,33
14759,3604643,98.3052542372881,96.97,100,59,33,26
14760,3604772,97.7777777777778,96,100,45,25,20
14761,3605446,95.2383333333333,95.65,94.74,42,23,19
14762,3606354,100,100,100,62,39,23
14763,3606973,100,100,100,59,26,33
14764,3607447,95.7756338028169,97.22,94.29,71,36,35
14765,3608191,95.7434042553192,95.24,96.15,47,21,26
14766,3608533,96.9204615384615,94.59,100,65,37,28
14767,3608659,94.5425454545455,90.62,100,55,32,23
14768,3608677,95.3835384615385,91.89,100,65,37,28
14769,3608862,98.336,96.88,100,60,32,28
14770,3608988,93.6461904761905,90.62,96.77,63,32,31
14771,3609286,96.4947368421053,96.67,96.3,57,30,27
14772,3609445,96.4267857142857,93.1,100,56,29,27
14773,3610226,100,100,100,52,22,30
14774,3610238,98.1122641509434,100,96.55,53,24,29
14775,3610268,100,100,100,60,31,29
14776,3610286,100,100,100,50,26,24
14777,3610454,100,100,100,54,30,24
14778,3611141,100,100,100,61,41,20
14779,3611331,95.4545454545455,87.5,100,44,16,28
14780,3611738,98.2473684210526,100,96.3,57,30,27
14781,3611931,100,100,100,62,36,26
14782,3612084,100,100,100,68,37,31
14783,3613119,100,100,100,69,40,29
14784,3613336,100,100,100,60,36,24
14785,3613491,100,100,100,56,28,28
14786,3613539,100,100,100,53,26,27
14787,3613556,98.1481481481482,96,100,54,25,29
14788,3613584,97.501,92.86,100,40,14,26
14789,3613871,100,100,100,62,30,32
14790,3614312,98.6688,100,97.44,75,36,39
14791,3614468,100,100,100,68,30,38
14792,3614664,100,100,100,68,33,35
14793,3614940,100,100,100,54,24,30
14794,3615035,95.31296875,100,90.91,64,31,33
14795,3615194,100,100,100,66,35,31
14796,3615277,98.5062686567164,95.83,100,67,24,43
14797,3615304,100,100,100,58,22,36
14798,3615422,100,100,100,74,38,36
14799,3615943,100,100,100,91,53,38
14800,3616069,98.6817105263158,100,97.67,76,33,43
14801,3616227,100,100,100,78,35,43
14802,3616351,100,100,100,102,57,45
14803,3616492,100,100,100,99,53,46
14804,3616726,100,100,100,92,48,44
14805,3616746,100,100,100,90,47,43
14806,3616975,98.74875,100,97.14,80,45,35
14807,3617556,95.9978666666667,90.62,100,75,32,43
14808,3618106,100,100,100,75,37,38
14809,3618191,98.55,96.55,100,69,29,40
14810,3618323,95.8355555555556,95,96.88,72,40,32
14811,3619017,80.77,76.92,84.62,52,26,26
14812,3622853,100,100,100,44,19,25
14813,3623163,96.668,100,94.12,30,13,17
14814,3623987,77.78,100,55.56,18,9,9
14815,3624243,75,90,50,16,10,6
14816,3624344,68.74875,60,83.33,16,10,6
14817,3624804,95,90,100,20,10,10
14818,3625272,100,100,100,25,12,13
14819,3626037,95.6539130434783,100,90.48,46,25,21
14820,3626130,92.305,96.15,88.46,52,26,26
14821,3626145,92.86,92.86,92.86,56,28,28
14822,3626208,97.9591836734694,100,96,49,24,25
14823,3626218,95.002,100,91.67,40,16,24
14824,3626259,100,100,100,51,23,28
14825,3626288,91.4876595744681,100,83.33,47,23,24
14826,3626562,98.2133928571428,100,96.55,56,27,29
14827,3626607,98.3037288135593,100,97.22,59,23,36
14828,3626630,96.1519230769231,100,93.1,52,23,29
14829,3626649,100,100,100,42,20,22
14830,3626668,100,100,100,45,17,28
14831,3626899,81.0386206896552,90.48,75.68,58,21,37
14832,3626966,100,100,100,43,19,24
14833,3627001,89.4731578947368,100,33.33,19,16,3
14834,3627005,68.75,100,50,16,6,10
14835,3627032,87.5015,100,64.29,40,26,14
14836,3627092,96.1553846153846,100,92.86,52,24,28
14837,3627353,91.4891489361702,100,76.47,47,30,17
14838,3627374,91.6693333333333,100,84.38,60,28,32
14839,3627563,97.8269565217391,100,96.43,46,18,28
14840,3627623,96.4273214285714,100,92.59,56,29,27
14841,3627664,98.2473684210526,100,96.3,57,30,27
14842,3627830,96.6655,100,92.59,60,33,27
14843,3627868,94.9167796610169,93.55,96.43,59,31,28
14844,3628183,94.6428571428571,100,88,56,31,25
14845,3628222,96.2962962962963,100,90,54,34,20
14846,3628516,97.7272727272727,100,90,44,34,10
14847,3628660,96.9215384615385,100,93.33,65,35,30
14848,3628696,100,100,100,55,30,25
14849,3628745,97.8260869565217,100,93.75,46,30,16
14850,3628970,95.998,100,93.33,25,10,15
14851,3628975,96.9709090909091,100,96.43,33,5,28
14852,3629030,96.665,100,93.1,60,31,29
14853,3629113,98.1836363636364,100,96.67,55,25,30
14854,3629772,96.2974074074074,96.88,95.45,54,32,22
14855,3629791,97.8273913043478,100,94.74,46,27,19
14856,3629871,92.3076923076923,100,80,52,32,20
14857,3630135,97.96,100,95.24,49,28,21
14858,3630823,100,100,100,27,13,14
14859,3631291,85.712380952381,100,76.92,21,8,13
14860,3631382,90.9072727272727,100,83.33,22,10,12
14861,3631448,95.24,100,91.67,21,9,12
14862,3631673,100,100,100,10,5,5
14863,3631697,100,100,100,12,5,7
14864,3632015,90,100,80,10,5,5
14865,3632339,100,100,100,7,3,4
14866,3632966,80,75,100,10,8,2
14867,3633152,88.8866666666667,83.33,100,9,6,3
14868,3633206,63.6345454545455,57.14,75,11,7,4
14869,3633556,87.5,75,100,8,4,4
14870,3633626,92.8571428571429,80,100,14,5,9
14871,3634240,90,100,80,10,5,5
14872,3635636,94.9975,100,93.33,20,5,15
14873,3636045,90.3222580645161,100,84.21,31,12,19
14874,3636979,97.6204761904762,94.74,100,42,19,23
14875,3637159,100,100,100,50,21,29
14876,3637316,100,100,100,43,13,30
14877,3637889,97.9984,95.83,100,50,24,26
14878,3637908,95.4577272727273,96.3,94.12,44,27,17
14879,3638023,93.1044827586207,92.31,93.75,58,26,32
14880,3638119,97.7295454545455,96.67,100,44,30,14
14881,3638284,96.3661818181818,96.3,96.43,55,27,28
14882,3638504,97.9591836734694,100,96,49,24,25
14883,3638645,97.6725581395349,95.83,100,43,24,19
14884,3638732,95.1219512195122,90,100,41,20,21
14885,3638797,100,100,100,46,27,19
14886,3639502,93.6131914893617,93.1,94.44,47,29,18
14887,3639610,93.0232558139535,88,100,43,25,18
14888,3639863,93.1845454545455,89.29,100,44,28,16
14889,3639956,93.6191489361702,96.3,90,47,27,20
14890,3640219,89.4736842105263,88.46,91.67,38,26,12
14891,3640489,97.2222222222222,95,100,36,20,16
14892,3640619,95.4545454545455,92,100,44,25,19
14893,3640719,10.00125,12,6.67,40,25,15
14894,3640916,90.9075,92,89.47,44,25,19
14895,3641274,96.1521153846154,95.24,96.77,52,21,31
14896,3641315,96.078431372549,90,100,51,20,31
14897,3641357,94.6428571428571,93.1,96.3,56,29,27
14898,3641534,96.9727272727273,97.06,96.88,66,34,32
14899,3642198,97.3684210526316,93.75,100,76,32,44
14900,3642542,94.5206849315068,96.97,92.5,73,33,40
14901,3643139,97.3680263157895,96.77,97.78,76,31,45
14902,3643212,96.1546153846154,95,97.37,78,40,38
14903,3643479,96.9712121212121,96.43,97.37,66,28,38
14904,3643789,98.7184615384615,97.06,100,78,34,44
14905,3643953,92.7712048192771,92.31,93.18,83,39,44
14906,3644283,96.3869879518072,92.86,100,83,42,41
14907,3644398,97.62,97.22,97.92,84,36,48
14908,3644448,96.2012658227848,93.1,98,79,29,50
14909,3644832,100,100,100,63,29,34
14910,3645457,96.6305617977528,92.86,100,89,42,47
14911,3646006,95.83,89.47,98.11,72,19,53
14912,3646013,98.6688,100,97.44,75,36,39
14913,3646076,97.3348,95.65,98.08,75,23,52
14914,3646213,100,100,100,65,24,41
14915,3646485,95.4537878787879,93.55,97.14,66,31,35
14916,3646551,85.4175,86.36,84.62,48,22,26
14917,3646696,100,100,100,50,21,29
14918,3646707,97.9166666666667,95,100,48,20,28
14919,3647395,93.6176595744681,91.67,95.65,47,24,23
14920,3647489,97.824347826087,94.44,100,46,18,28
14921,3647733,95.3506976744186,90.48,100,43,21,22
14922,3648631,90.2448780487805,85,95.24,41,20,21
14923,3648666,93.5464516129032,100,85.71,31,17,14
14924,3649586,93.5483870967742,75,100,31,8,23
14925,3649593,94.8717948717949,90,100,39,20,19
14926,3650300,100,100,100,41,19,22
14927,3650472,96.87625,92.86,100,32,14,18
14928,3651463,72.2188888888889,85.71,25,18,14,4
14929,3652000,82.6069565217391,85.71,77.78,23,14,9
14930,3652190,91.6641666666666,85.71,100,24,14,10
14931,3652441,95.2385714285714,90.91,100,21,11,10
14932,3652680,93.750625,90.91,100,16,11,5
14933,3653200,92.3076923076923,80,100,13,5,8
14934,3654268,100,100,100,6,3,3
14935,3654779,100,100,100,5,3,2
14936,3655151,87.5,80,100,8,5,3
14937,3655169,100,100,100,9,6,3
14938,3655363,77.7777777777778,75,80,9,4,5
14939,3655723,88.8866666666667,100,83.33,9,3,6
14940,3656042,100,100,100,11,3,8
14941,3656065,90.001,66.67,100,10,3,7
14942,3656161,92.8571428571429,100,90,14,4,10
14943,3657032,74.9975,83.33,50,8,6,2
14944,3657268,100,100,100,13,5,8
14945,3657588,66.6633333333333,83.33,33.33,9,6,3
14946,3657613,80.002,66.67,88.89,15,6,9
14947,3657650,94.1164705882353,83.33,100,17,6,11
14948,3658083,87.5,100,80,16,6,10
14949,3658187,90.9090909090909,100,87.5,11,3,8
14950,3658462,69.998,87.5,58.33,20,8,12
14951,3659104,93.5464516129032,85.71,100,31,14,17
14952,3659509,100,100,100,33,17,16
14953,3659724,100,100,100,37,16,21
14954,3659863,100,100,100,36,17,19
14955,3660289,100,100,100,23,6,17
14956,3660297,100,100,100,30,14,16
14957,3660433,97.4338461538462,100,94.44,39,21,18
14958,3660492,96.2944444444444,100,93.33,27,12,15
14959,3661113,100,100,100,36,22,14
14960,3661278,90.3225806451613,100,62.5,31,23,8
14961,3661557,100,100,100,32,17,15
14962,3661725,94.8717948717949,100,87.5,39,23,16
14963,3661809,100,100,100,33,20,13
14964,3661836,100,100,100,40,23,17
14965,3662110,100,100,100,41,21,20
14966,3662346,97.4366666666667,100,92.31,39,26,13
14967,3663157,100,100,100,47,28,19
14968,3663860,96.2977777777778,91.67,100,27,12,15
14969,3664239,100,100,100,17,9,8
14970,3664596,100,100,100,19,7,12
14971,3664832,90,85.71,92.31,20,7,13
14972,3665084,90.001,88.89,90.91,20,9,11
14973,3666231,97.2951351351351,100,95.83,37,13,24
14974,3666420,100,100,100,31,19,12
14975,3666772,97.776,94.44,100,45,18,27
14976,3667042,100,100,100,39,17,22
14977,3667263,100,100,100,36,17,19
14978,3667327,100,100,100,27,9,18
14979,3667342,100,100,100,29,10,19
14980,3667781,95.6534782608695,100,92.31,23,10,13
14981,3668331,96.0012,92.31,100,25,13,12
14982,3668412,100,100,100,26,13,13
14983,3668601,100,100,100,15,8,7
14984,3669160,100,100,100,18,7,11
14985,3669362,93.75,100,90,16,6,10
14986,3669497,95.6534782608695,100,92.31,23,10,13
14987,3669586,100,100,100,19,5,14
14988,3669637,94.12,100,91.67,17,5,12
14989,3669647,100,100,100,23,9,14
14990,3669694,95.6521739130435,100,93.75,23,7,16
14991,3669761,100,100,100,26,11,15
14992,3670034,100,100,100,29,13,16
14993,3670201,96.871875,100,95.45,32,10,22
14994,3670425,96.6666666666667,100,93.75,30,14,16
14995,3670451,100,100,100,31,11,20
14996,3670640,96.668,100,94.12,30,13,17
14997,3670889,100,100,100,31,16,15
14998,3671113,96.2977777777778,100,94.12,27,10,17
14999,3671410,87.5,70,100,24,10,14
15000,3671481,100,100,100,28,15,13
15001,3671730,100,100,100,22,15,7
15002,3672961,97.6753488372093,95.24,100,43,21,22
15003,3673134,97.5619512195122,94.12,100,41,17,24
15004,3673380,94.2845714285714,94.12,94.44,35,17,18
15005,3673399,100,100,100,38,13,25
15006,3673549,97.8269565217391,95.24,100,46,21,25
15007,3673708,97.825,100,95.65,46,23,23
15008,3673882,91.49,82.61,100,47,23,24
15009,3673965,100,100,100,42,20,22
15010,3674103,97.8712765957447,96.55,100,47,29,18
15011,3674834,95.2385714285714,90.91,100,42,22,20
15012,3674958,97.0605882352941,100,94.74,34,15,19
15013,3675051,97.9575510204082,100,95.83,49,25,24
15014,3675494,97.8712765957447,95.65,100,47,23,24
15015,3675767,98.215,100,95.24,56,35,21
15016,3676351,96.49,100,92.59,57,30,27
15017,3676521,94.4483333333333,94.29,94.74,54,35,19
15018,3677049,98.6491891891892,100,97.06,74,40,34
15019,3677481,98.5728571428571,100,96.67,70,40,30
15020,3677744,96.87265625,96.55,97.14,64,29,35
15021,3677784,94.1151470588235,94.87,93.1,68,39,29
15022,3677802,97.1052173913044,97.3,96.88,69,37,32
15023,3677833,95.1239024390244,100,92.86,41,13,28
15024,3677844,91.229298245614,91.43,90.91,57,35,22
15025,3677989,96.9230769230769,97.14,96.67,65,35,30
15026,3678186,98.2463157894737,97.62,100,57,42,15
15027,3678283,98.6460810810811,97.67,100,74,43,31
15028,3678990,96.665,100,93.1,60,31,29
15029,3679078,100,100,100,61,37,24
15030,3679404,95.386,92.31,100,65,39,26
15031,3679543,96.3609090909091,96.15,96.55,55,26,29
15032,3679836,96.5527586206896,96.88,96.15,58,32,26
15033,3680187,96.3414634146341,100,90,82,52,30
15034,3680537,97.8723404255319,95,100,47,20,27
15035,3680633,91.5529577464789,92.86,89.66,71,42,29
15036,3681359,95.4559090909091,97.44,92.59,66,39,27
15037,3681368,97.0161194029851,100,92.86,67,39,28
15038,3681627,96.969696969697,92,100,66,25,41
15039,3681776,97.7027586206897,97.83,97.56,87,46,41
15040,3681851,98.6988311688312,97.67,100,77,43,34
15041,3681952,91.996,93.02,90.62,75,43,32
15042,3682333,97.6196428571428,98.04,96.97,84,51,33
15043,3682873,98.8876666666667,97.87,100,90,47,43
15044,3683082,100,100,100,93,51,42
15045,3683124,100,100,100,74,47,27
15046,3683305,97.7281818181818,95.92,100,88,49,39
15047,3683543,79.9973333333333,86.36,62.5,30,22,8
15048,3684227,98.824,98.04,100,85,51,34
15049,3684422,95.2941176470588,97.73,92.68,85,44,41
15050,3684509,100,100,100,76,48,28
15051,3684684,100,100,100,90,55,35
15052,3684798,98.9477894736842,100,97.62,95,53,42
15053,3685664,97.9141666666666,98.21,97.5,96,56,40
15054,3685956,100,100,100,84,51,33
15055,3686135,97.1167307692308,94.83,100,104,58,46
15056,3686154,97.9376288659794,98.11,97.73,97,53,44
15057,3686765,98.95875,100,97.62,96,54,42
15058,3686825,97.9817171717172,96.23,100,99,53,46
15059,3686996,98.9229032258065,98.11,100,93,53,40
15060,3687081,99.0465714285714,100,97.87,105,58,47
15061,3687452,99.0271844660194,98.33,100,103,60,43
15062,3687662,99.0848623853211,98.25,100,109,57,52
15063,3688110,98.8114285714286,97.92,100,84,48,36
15064,3688220,97.8052747252747,97.83,97.78,91,46,45
15065,3688373,98.9028571428571,100,97.92,91,43,48
15066,3688443,97.8515053763441,100,96.23,93,40,53
15067,3688589,96.5902272727273,97.62,95.65,88,42,46
15068,3688916,97.7022988505747,97.37,97.96,87,38,49
15069,3689000,91.5538028169014,95.56,84.62,71,45,26
15070,3689039,97.5877108433735,95.74,100,83,47,36
15071,3689230,94.7389473684211,87.5,98.08,76,24,52
15072,3689488,100,100,100,91,46,45
15073,3689546,100,100,100,90,44,46
15074,3690476,100,100,100,68,47,21
15075,3690670,98.8623863636364,97.87,100,88,47,41
15076,3690758,93.3342222222222,91.49,95.35,90,47,43
15077,3690800,97.78,98.04,97.44,90,51,39
15078,3690967,97.588313253012,100,94.59,83,46,37
15079,3691015,97.7003448275862,97.73,97.67,87,44,43
15080,3691405,96.4321428571429,94.74,97.83,84,38,46
15081,3691507,98.8114285714286,100,97.44,84,45,39
15082,3691732,98.8082142857143,100,97.87,84,37,47
15083,3691786,97.4689873417721,100,95.35,79,36,43
15084,3692005,98.6133333333333,100,97.44,72,33,39
15085,3692510,96.8725,94.44,100,64,36,28
15086,3692639,100,100,100,50,24,26
15087,3693039,98.182,96.97,100,55,33,22
15088,3693045,100,100,100,50,31,19
15089,3693145,100,100,100,63,36,27
15090,3693333,97.9624489795918,96.88,100,49,32,17
15091,3693498,98.2125,100,95.45,56,34,22
15092,3693525,100,100,100,57,34,23
15093,3693552,98.275,96.55,100,58,29,29
15094,3693621,100,100,100,56,28,28
15095,3694135,98.1488888888889,100,96.43,54,26,28
15096,3694308,98.1162264150943,100,96.88,53,21,32
15097,3694382,96.825873015873,96.77,96.88,63,31,32
15098,3694559,100,100,100,59,29,30
15099,3694671,100,100,100,52,22,30
15100,3694785,98.1122641509434,100,95.65,53,30,23
15101,3694965,98.306779661017,96.67,100,59,30,29
15102,3695112,100,100,100,60,32,28
15103,3695563,97.9166666666667,100,96,48,23,25
15104,3696153,94.5945945945946,100,90,37,17,20
15105,3696194,86.666,83.33,88.89,30,12,18
15106,3696558,93.1062068965517,94.12,91.67,29,17,12
15107,3696648,89.996,94.44,83.33,30,18,12
15108,3696768,55.557037037037,28.57,84.62,27,14,13
15109,3697112,94.288,95.24,92.86,35,21,14
15110,3697460,97.7261363636364,95.65,100,44,23,21
15111,3697770,100,100,100,47,16,31
15112,3697851,98.0008,95.24,100,50,21,29
15113,3698433,100,100,100,62,31,31
15114,3699060,98.4595384615385,100,96.77,65,34,31
15115,3699256,95.1632258064516,92.86,97.06,62,28,34
15116,3699709,92.1592156862745,84.62,100,51,26,25
15117,3700008,97.6767441860465,96.67,100,43,30,13
15118,3700725,93.7491666666667,92.31,95.45,48,26,22
15119,3700960,96.2944444444444,100,93.1,54,25,29
15120,3701106,95.9173469387755,95,96.55,49,20,29
15121,3701328,95.6534782608695,100,92.31,46,20,26
15122,3701430,100,100,100,39,17,22
15123,3701604,96.2271698113207,96,96.43,53,25,28
15124,3701727,94.0022,93.55,94.74,50,31,19
15125,3701888,98.44,100,96.88,64,32,32
15126,3702053,94.739298245614,89.66,100,57,29,28
15127,3702486,98.2765517241379,100,96.43,58,30,28
15128,3702561,96.2972222222222,100,93.55,54,23,31
15129,3702599,98.2133928571429,100,95.65,56,33,23
15130,3702614,100,100,100,60,32,28
15131,3703358,98.0032,100,96.88,50,18,32
15132,3703423,96.9230769230769,96.67,97.14,65,30,35
15133,3703568,98.4390625,100,96.67,64,34,30
15134,3703877,98.2473684210526,100,96.3,57,30,27
15135,3703935,94.548,100,89.66,55,26,29
15136,3704397,98.3896774193548,100,96.88,62,30,32
15137,3704622,98.2765517241379,100,96.43,58,30,28
15138,3704816,96.3650909090909,100,90.48,55,34,21
15139,3705174,96.9704545454545,97.3,96.55,66,37,29
15140,3705333,94.0320895522388,94.29,93.75,67,35,32
15141,3705401,94.6423214285714,95.65,93.94,56,23,33
15142,3705560,83.3333333333333,87.5,75,48,32,16
15143,3705660,97.91875,100,96.3,48,21,27
15144,3705681,94.6414285714286,93.75,95.83,56,32,24
15145,3705692,89.4736842105263,88.46,91.67,38,26,12
15146,3705702,87.501,89.19,66.67,40,37,3
15147,3706140,90.7374074074074,90.32,91.3,54,31,23
15148,3706201,98.2456140350877,100,96,57,32,25
15149,3706218,98.2741379310345,97.14,100,58,35,23
15150,3706299,100,100,100,56,36,20
15151,3706389,95.3488372093023,93.75,100,43,32,11
15152,3706641,91.8039344262295,90,95.24,61,40,21
15153,3706693,96.43125,94.29,100,56,35,21
15154,3706741,98.3858064516129,97.22,100,62,36,26
15155,3706990,91.3034782608696,88.46,95,46,26,20
15156,3707251,97.9581632653061,96.55,100,49,29,20
15157,3707337,100,100,100,43,26,17
15158,3707482,96.875,100,87.5,32,24,8
15159,3707594,97.3663157894737,95.83,100,38,24,14
15160,3707848,91.4285714285714,85,100,35,20,15
15161,3708759,87.2382978723404,84.62,90.48,47,26,21
15162,3709126,97.9145833333333,96.15,100,48,26,22
15163,3709150,95.45,95.45,95.45,44,22,22
15164,3709184,93.8777551020408,92.31,95.65,49,26,23
15165,3709301,94.7342105263158,93.75,95.45,38,16,22
15166,3711601,93.5509677419355,100,90.48,31,10,21
15167,3712476,100,100,100,31,13,18
15168,3712536,97.4338461538462,100,95.83,39,15,24
15169,3712776,100,100,100,36,14,22
15170,3712930,97.4975,100,96.15,40,14,26
15171,3713068,100,100,100,43,15,28
15172,3713194,97.91875,100,96.67,48,18,30
15173,3713230,97.5,100,96,40,15,25
15174,3713282,100,100,100,43,14,29
15175,3713612,100,100,100,50,18,32
15176,3713688,97.9581632653061,100,96.55,49,20,29
15177,3714178,100,100,100,21,1,20
15178,3714238,97.825,100,96.55,46,17,29
15179,3714634,97.8695744680851,100,96.77,47,16,31
15180,3714958,96.7226229508197,100,95.24,61,19,42
15181,3715037,92.7245454545455,94.44,91.89,55,18,37
15182,3715070,100,100,100,60,18,42
15183,3715376,100,100,100,65,20,45
15184,3715637,100,100,100,52,13,39
15185,3715719,90.002,87.5,91.67,40,16,24
15186,3715729,93.75,93.75,93.75,32,16,16
15187,3715739,97.8712765957447,93.33,100,47,15,32
15188,3715931,100,100,100,54,21,33
15189,3716119,95.9986,100,94.87,50,11,39
15190,3716719,100,100,100,52,17,35
15191,3717075,100,100,100,40,20,20
15192,3717282,96.2953703703704,96,96.55,54,25,29
15193,3717526,96.1507692307692,100,94.44,52,16,36
15194,3717775,100,100,100,45,19,26
15195,3717928,98.0744230769231,100,96.77,52,21,31
15196,3718048,97.3684210526316,100,96,38,13,25
15197,3718170,100,100,100,44,15,29
15198,3718595,100,100,100,32,12,20
15199,3718871,100,100,100,25,13,12
15200,3718949,100,100,100,27,13,14
15201,3719321,89.4747368421053,100,77.78,19,10,9
15202,3719449,95.4563636363636,100,92.86,22,8,14
15203,3719491,94.7384210526316,100,92.31,19,6,13
15204,3720289,92.3061538461538,83.33,100,13,6,7
15205,3720343,80,50,100,10,4,6
15206,3720758,100,100,100,8,3,5
15207,3720870,100,100,100,7,2,5
15208,3720905,100,100,100,5,2,3
15209,3721062,100,100,100,9,3,6
15210,3721116,89.997,100,85.71,10,3,7
15211,3721634,83.335,66.67,100,18,9,9
15212,3721709,100,100,100,17,7,10
15213,3722901,96.2977777777778,92.86,100,27,14,13
15214,3723465,97.2233333333333,96.43,100,36,28,8
15215,3723789,100,100,100,42,29,13
15216,3723849,100,100,100,41,29,12
15217,3723967,97.2222222222222,100,80,36,31,5
15218,3724197,97.5634146341463,96.3,100,41,27,14
15219,3724831,97.2975675675676,100,90.91,37,26,11
15220,3725281,100,100,100,26,19,7
15221,3725358,93.74875,100,83.33,32,20,12
15222,3725575,96.9715151515151,94.74,100,33,19,14
15223,3725614,100,100,100,25,17,8
15224,3726802,94.999,100,83.33,20,14,6
15225,3727468,90.91,81.82,100,22,11,11
15226,3727675,88.0008,93.75,77.78,25,16,9
15227,3727753,89.2860714285714,93.33,84.62,28,15,13
15228,3728071,93.3313333333333,100,85.71,30,16,14
15229,3729189,100,100,100,27,14,13
15230,3729213,100,100,100,31,14,17
15231,3729354,90.9054545454545,93.33,85.71,22,15,7
15232,3729376,97.1445714285714,100,94.74,35,16,19
15233,3729713,94.7347368421053,95,94.44,38,20,18
15234,3730289,97.0573529411765,100,93.33,34,19,15
15235,3730739,100,100,100,34,15,19
15236,3730975,92.8571428571429,80,100,28,10,18
15237,3731231,100,100,100,15,3,12
15238,3731258,89.4742105263158,83.33,92.31,19,6,13
15239,3731870,94.7368421052632,87.5,100,19,8,11
15240,3732052,89.4747368421053,100,77.78,19,10,9
15241,3732760,100,100,100,21,9,12
15242,3733443,100,100,100,33,15,18
15243,3733530,100,100,100,34,16,18
15244,3733618,100,100,100,36,16,20
15245,3735183,95.2395238095238,100,92.31,42,16,26
15246,3735829,100,100,100,42,12,30
15247,3735892,100,100,100,42,14,28
15248,3735915,100,100,100,35,16,19
15249,3736035,97.144,91.67,100,35,12,23
15250,3736479,100,100,100,39,21,18
15251,3737388,93.1818181818182,85,100,44,20,24
15252,3738086,98.5098507462687,100,96.88,67,35,32
15253,3738104,95.7434042553191,85.71,100,47,14,33
15254,3738371,100,100,100,68,32,36
15255,3738640,97.6204761904762,100,94.74,42,23,19
15256,3738683,96.87578125,93.55,100,64,31,33
15257,3739063,98.7166666666667,97.14,100,78,35,43
15258,3739310,100,100,100,72,34,38
15259,3739769,100,100,100,82,38,44
15260,3739831,98.5915492957746,96,100,71,25,46
15261,3740147,100,100,100,84,43,41
15262,3740594,98.5929577464789,97.3,100,71,37,34
15263,3741226,98.3854838709677,100,96.15,62,36,26
15264,3741584,98.0776923076923,96.43,100,52,28,24
15265,3741640,100,100,100,50,25,25
15266,3741691,98.075,96.15,100,52,26,26
15267,3741985,95.3472093023256,92.59,100,43,27,16
15268,3742048,100,100,100,42,22,20
15269,3742152,100,100,100,50,29,21
15270,3742577,90.9115151515151,93.75,88.24,33,16,17
15271,3742655,65.6240625,84.21,38.46,32,19,13
15272,3742709,91.1797058823529,86.67,94.74,34,15,19
15273,3742985,100,100,100,34,18,16
15274,3743016,100,100,100,33,20,13
15275,3743040,96.8725,94.44,100,32,18,14
15276,3743210,100,100,100,25,19,6
15277,3743234,100,100,100,27,16,11
15278,3743438,100,100,100,30,16,14
15279,3744664,95.0005,88.89,100,20,9,11
15280,3744927,100,100,100,26,15,11
15281,3745861,100,100,100,21,12,9
15282,3746047,80.9528571428571,75,88.89,21,12,9
15283,3746319,100,100,100,29,13,16
15284,3746473,93.9424242424242,92.86,94.74,33,14,19
15285,3746655,100,100,100,34,15,19
15286,3746724,95.7446808510638,92,100,47,25,22
15287,3746811,97.825,95.65,100,46,23,23
15288,3746914,100,100,100,51,24,27
15289,3746968,100,100,100,42,20,22
15290,3747049,98.0382352941177,95.65,100,51,23,28
15291,3747684,100,100,100,40,25,15
15292,3747722,97.825,95.65,100,46,23,23
15293,3747744,97.2238888888889,100,94.74,36,17,19
15294,3747840,100,100,100,42,25,17
15295,3748050,95.655652173913,96.3,94.74,46,27,19
15296,3748090,97.2983783783784,92.86,100,37,14,23
15297,3749031,97.7777777777778,95,100,45,20,25
15298,3749278,100,100,100,53,31,22
15299,3749418,100,100,100,51,26,25
15300,3749436,96.0794117647059,93.55,100,51,31,20
15301,3749548,100,100,100,52,25,27
15302,3749853,98.1150943396226,100,96.67,53,23,30
15303,3750414,97.5578048780488,96.77,100,41,31,10
15304,3750530,100,100,100,57,31,26
15305,3751023,100,100,100,38,21,17
15306,3751176,100,100,100,38,20,18
15307,3752589,100,100,100,26,17,9
15308,3752604,91.665,93.33,88.89,24,15,9
15309,3752824,100,100,100,30,21,9
15310,3752969,100,100,100,33,22,11
15311,3753044,100,100,100,27,16,11
15312,3753335,100,100,100,23,13,10
15313,3753537,100,100,100,23,13,10
15314,3753788,100,100,100,14,9,5
15315,3754044,83.3333333333333,87.5,80,18,8,10
15316,3754364,77.7744444444444,50,85.71,9,2,7
15317,3754376,75,75,75,12,8,4
15318,3754697,100,100,100,15,12,3
15319,3756078,94.8717948717949,100,87.5,39,23,16
15320,3756227,97.5590243902439,100,94.44,41,23,18
15321,3756257,100,100,100,43,25,18
15322,3756317,100,100,100,44,25,19
15323,3756513,94.2837142857143,95.45,92.31,35,22,13
15324,3756725,95.65,100,91.3,46,23,23
15325,3757196,95.0005,100,90.91,40,18,22
15326,3757427,100,100,100,27,11,16
15327,3757550,92.8589285714286,100,86.67,28,13,15
15328,3757892,84.6161538461538,91.67,78.57,26,12,14
15329,3758056,87.88,100,77.78,33,15,18
15330,3758140,96.9672727272727,100,94.44,33,15,18
15331,3758179,79.9975,100,73.33,20,5,15
15332,3758185,90.625,100,81.25,32,16,16
15333,3758192,85.1866666666667,94.12,70,27,17,10
15334,3758218,81.8190909090909,93.75,70.59,33,16,17
15335,3758236,86.4862162162162,100,76.19,37,16,21
15336,3758246,85.3634146341463,94.44,78.26,41,18,23
15337,3758416,97.3694736842105,100,95.24,38,17,21
15338,3759517,98.4390625,100,96.67,64,34,30
15339,3759634,96.8261904761905,100,93.55,63,32,31
15340,3759745,100,100,100,55,30,25
15341,3760044,100,100,100,50,28,22
15342,3760315,100,100,100,65,34,31
15343,3760452,98.306779661017,100,96.3,59,32,27
15344,3760857,100,100,100,56,33,23
15345,3760887,100,100,100,54,38,16
15346,3760999,100,100,100,54,30,24
15347,3761202,95,93.55,96.55,60,31,29
15348,3761264,97.915,100,95.83,48,24,24
15349,3761707,100,100,100,40,22,18
15350,3761762,100,100,100,38,19,19
15351,3765844,100,100,100,34,13,21
15352,3765910,97.0605882352941,100,94.74,34,15,19
15353,3766141,96.0016,100,91.67,25,13,12
15354,3766437,74.9975,50,83.33,8,2,6
15355,3766845,64.285,42.86,85.71,14,7,7
15356,3767597,94.4444444444444,100,87.5,18,10,8
15357,3767663,92.855,100,85.71,14,7,7
15358,3767705,100,100,100,20,10,10
15359,3767819,93.75,100,87.5,16,8,8
15360,3768053,84.6161538461538,71.43,100,13,7,6
15361,3768425,80,60,100,10,5,5
15362,3768814,83.335,66.67,100,6,3,3
15363,3769579,85.7114285714286,100,83.33,7,1,6
15364,3769920,50,0,60,6,1,5
15365,3770057,100,100,100,14,6,8
15366,3770249,94.9985,100,85.71,20,13,7
15367,3770676,97.1405714285714,94.44,100,35,18,17
15368,3770817,100,100,100,38,18,20
15369,3771189,96.7741935483871,100,93.75,31,15,16
15370,3771374,96.5531034482759,92.86,100,29,14,15
15371,3771386,100,100,100,22,8,14
15372,3771554,100,100,100,27,12,15
15373,3771710,96.55,100,93.33,29,14,15
15374,3771928,96.4296428571429,92.31,100,28,13,15
15375,3771971,42.8582142857143,38.46,46.67,28,13,15
15376,3772299,92.4985,94.12,91.3,40,17,23
15377,3772446,97.8706382978723,100,95.83,47,23,24
15378,3772470,97.7281818181818,95.24,100,44,21,23
15379,3772644,97.8723404255319,95,100,47,20,27
15380,3772701,97.6744186046512,100,96,43,18,25
15381,3773088,97.6166666666667,95.45,100,42,22,20
15382,3773529,100,100,100,46,26,20
15383,3773890,98.0788461538462,96.3,100,52,27,25
15384,3773962,96.3618181818182,93.33,100,55,30,25
15385,3774647,98.275,96.55,100,58,29,29
15386,3774932,100,100,100,55,21,34
15387,3775201,98.1466666666667,95.83,100,54,24,30
15388,3775345,100,100,100,46,20,26
15389,3775439,100,100,100,55,23,32
15390,3775468,100,100,100,53,24,29
15391,3775710,97.7272727272727,100,96,44,19,25
15392,3775834,100,100,100,38,13,25
15393,3776090,97.62,92.86,100,42,14,28
15394,3776705,97.4975,100,95.45,40,18,22
15395,3776738,97.6204761904762,94.74,100,42,19,23
15396,3777115,76,80,60,25,20,5
15397,3777424,81.3983720930233,64.71,92.31,43,17,26
15398,3777645,95.5568888888889,92.31,100,45,26,19
15399,3777675,93.7516666666667,86.96,100,48,23,25
15400,3777756,97.3694736842105,94.12,100,38,17,21
15401,3778026,95.5533333333333,91.3,100,45,23,22
15402,3778404,100,100,100,61,28,33
15403,3778843,100,100,100,59,33,26
15404,3778893,98.5508695652174,96.97,100,69,33,36
15405,3778986,97.0123880597015,100,94.59,67,30,37
15406,3779010,98.335,96.67,100,60,30,30
15407,3779094,96.97,96.97,96.97,66,33,33
15408,3779334,100,100,100,73,27,46
15409,3779757,100,100,100,75,34,41
15410,3780224,95.4527272727273,100,92.68,66,25,41
15411,3780512,96.922,92.59,100,65,27,38
15412,3780544,93.2443243243243,94.12,92.5,74,34,40
15413,3780574,88.0945238095238,100,83.87,42,11,31
15414,3780583,94.1201470588235,94.29,93.94,68,35,33
15415,3780590,93.334,92.31,93.75,45,13,32
15416,3780877,98.61,100,97.22,72,36,36
15417,3780925,98.7349367088608,100,97.37,79,41,38
15418,3781730,94.9963333333333,95.65,94.59,60,23,37
15419,3781745,85.7128571428571,73.08,94.59,63,26,37
15420,3782330,100,100,100,70,29,41
15421,3782918,95.3493023255814,100,81.82,43,32,11
15422,3783006,100,100,100,78,35,43
15423,3783164,98.6855263157895,96.67,100,76,30,46
15424,3783182,97.0597058823529,96.3,97.56,68,27,41
15425,3783272,100,100,100,80,33,47
15426,3783458,98.8643181818182,97.37,100,88,38,50
15427,3783630,98.5067164179105,95.65,100,67,23,44
15428,3784000,96.2962962962963,100,95,54,14,40
15429,3784091,94.2854285714286,92.59,95.35,70,27,43
15430,3784206,98.1847272727273,100,96.88,55,23,32
15431,3784309,100,100,100,68,30,38
15432,3784342,100,100,100,69,25,44
15433,3784870,98.3050847457627,96,100,59,25,34
15434,3784960,94.9164406779661,95.83,94.29,59,24,35
15435,3785183,92.3076923076923,100,84,52,27,25
15436,3785528,95.315,92,97.44,64,25,39
15437,3785645,98.43625,95.83,100,64,24,40
15438,3785852,93.9996,95.83,92.31,50,24,26
15439,3786326,95.3838461538462,95.45,95.35,65,22,43
15440,3786337,98.43671875,95.65,100,64,23,41
15441,3786365,94.0322388059702,100,91.67,67,19,48
15442,3786524,97.0158208955224,92.31,100,67,26,41
15443,3786580,97.144,100,95.24,70,28,42
15444,3786617,96.344512195122,100,94.55,82,27,55
15445,3787060,97.5626829268293,96.43,98.15,82,28,54
15446,3788458,100,100,100,43,15,28
15447,3788614,100,100,100,47,16,31
15448,3788983,97.96,95.24,100,49,21,28
15449,3789665,88.5742857142857,81.82,91.67,35,11,24
15450,3790221,83.8693548387097,83.33,84.21,31,12,19
15451,3790414,94.288,100,90.48,35,14,21
15452,3790425,96.5531034482759,91.67,100,29,12,17
15453,3790516,84.8472727272727,72.22,100,33,18,15
15454,3790768,100,100,100,34,18,16
15455,3790863,97.144,95.24,100,35,21,14
15456,3790902,100,100,100,27,21,6
15457,3790966,100,100,100,32,22,10
15458,3791097,96.9709090909091,92.86,100,33,14,19
15459,3791104,96.425,95.45,100,28,22,6
15460,3791265,97.2972972972973,96,100,37,25,12
15461,3791580,100,100,100,36,22,14
15462,3791958,100,100,100,34,20,14
15463,3792019,96.8734375,100,93.33,32,17,15
15464,3792372,100,100,100,23,11,12
15465,3792516,100,100,100,25,18,7
15466,3792943,92.8571428571429,100,75,14,10,4
15467,3793990,100,100,100,19,10,9
15468,3794117,100,100,100,22,12,10
15469,3794158,100,100,100,16,7,9
15470,3794761,100,100,100,30,16,14
15471,3794822,100,100,100,30,16,14
15472,3794944,100,100,100,28,13,15
15473,3795377,100,100,100,36,16,20
15474,3795599,100,100,100,44,19,25
15475,3795686,100,100,100,37,18,19
15476,3795841,100,100,100,37,16,21
15477,3795991,100,100,100,37,22,15
15478,3796826,88.4615384615385,80,93.75,26,10,16
15479,3797868,75,75,75,8,4,4
15480,3798118,83.3333333333333,75,100,6,4,2
15481,3798872,57.1428571428571,25,100,7,4,3
15482,3799151,66.6666666666667,75,50,6,4,2
15483,3799205,60.002,66.67,50,10,6,4
15484,3799763,81.8163636363636,83.33,80,11,6,5
15485,3800345,90,75,100,10,4,6
15486,3800393,100,100,100,11,4,7
15487,3800435,87.5,100,80,8,3,5
15488,3800604,88.8888888888889,80,100,9,5,4
15489,3800946,91.665,100,83.33,12,6,6
15490,3801355,92.3076923076923,100,87.5,13,5,8
15491,3801487,100,100,100,10,4,6
15492,3801628,100,100,100,13,5,8
15493,3802399,100,100,100,12,5,7
15494,3802774,75,100,60,8,3,5
15495,3802843,100,100,100,9,4,5
15496,3803002,100,100,100,6,1,5
15497,3803134,87.5,75,100,8,4,4
15498,3803436,75,100,60,8,3,5
15499,3803775,100,100,100,5,2,3
15500,3803857,100,100,100,7,3,4
15501,3804731,100,100,100,6,4,2
15502,3805390,83.3341666666667,100,71.43,12,5,7
15503,3805523,100,100,100,11,6,5
15504,3805606,100,100,100,13,6,7
15505,3806196,100,100,100,20,11,9
15506,3806432,100,100,100,21,11,10
15507,3806458,95.4563636363636,91.67,100,22,12,10
15508,3806822,100,100,100,17,7,10
15509,3807063,95.455,100,88.89,22,13,9
15510,3807128,100,100,100,24,14,10
15511,3807259,100,100,100,21,11,10
15512,3807352,100,100,100,24,13,11
15513,3807451,100,100,100,21,13,8
15514,3807586,96.43,94.12,100,28,17,11
15515,3807847,100,100,100,30,17,13
15516,3808435,92.3051282051282,91.3,93.75,39,23,16
15517,3808588,97.4975,95.45,100,40,22,18
15518,3808865,96.7741935483871,90,100,31,10,21
15519,3808987,100,100,100,43,24,19
15520,3809284,100,100,100,44,26,18
15521,3809498,96.1525,92.59,100,52,27,25
15522,3809859,100,100,100,44,25,19
15523,3809913,96.001,93.55,100,50,31,19
15524,3810601,96.2977777777778,91.67,100,27,12,15
15525,3810611,96.8734375,93.33,100,32,15,17
15526,3810832,96.1553846153846,100,91.67,52,28,24
15527,3811031,100,100,100,47,26,21
15528,3811275,97.3684210526316,95,100,38,20,18
15529,3811298,97.144,94.12,100,35,17,18
15530,3811866,92.8571428571429,80,100,42,15,27
15531,3811876,97.5590243902439,94.44,100,41,18,23
15532,3812057,97.3694736842105,100,92.86,38,24,14
15533,3812183,93.9984,86.36,100,50,22,28
15534,3812195,95.3486046511628,93.33,96.43,43,15,28
15535,3812819,100,100,100,60,28,32
15536,3813233,100,100,100,49,22,27
15537,3813338,100,100,100,64,34,30
15538,3813773,100,100,100,22,17,5
15539,3813778,98.1122641509434,95.65,100,53,23,30
15540,3813916,96.551724137931,93.75,100,58,32,26
15541,3814110,98.485,96.97,100,66,33,33
15542,3814193,98.4142857142857,96.67,100,63,30,33
15543,3814849,98.5055223880597,96.77,100,67,31,36
15544,3814977,98.3042372881356,96.55,100,59,29,30
15545,3815233,98.5923943661972,100,97.37,71,33,38
15546,3815304,100,100,100,67,32,35
15547,3815389,100,100,100,55,25,30
15548,3815545,100,100,100,51,21,30
15549,3815574,96.9216923076923,96.77,97.06,65,31,34
15550,3815634,98.4133333333333,97.06,100,63,34,29
15551,3816028,100,100,100,54,33,21
15552,3816269,100,100,100,44,19,25
15553,3816374,100,100,100,57,28,29
15554,3816679,100,100,100,43,23,20
15555,3816910,97.91875,96.3,100,48,27,21
15556,3817040,97.824347826087,95.83,100,46,24,22
15557,3817141,97.5624390243902,94.74,100,41,19,22
15558,3817331,94.12,94.12,94.12,34,17,17
15559,3817949,89.658275862069,92.86,86.67,29,14,15
15560,3818292,91.6666666666667,87.5,93.75,24,8,16
15561,3818339,95.6508695652174,85.71,100,23,7,16
15562,3818346,94.4444444444444,90,100,18,10,8
15563,3819507,83.3346666666667,92.86,75,30,14,16
15564,3819589,97.4369230769231,100,94.12,39,22,17
15565,3819777,94.2296153846154,89.47,96.97,52,19,33
15566,3820082,97.8706382978723,95.83,100,47,24,23
15567,3820469,95.314375,92.31,97.37,64,26,38
15568,3820817,94.5487272727273,92.86,96.3,55,28,27
15569,3820985,94.739649122807,92,96.88,57,25,32
15570,3822212,100,100,100,76,30,46
15571,3822280,98.75125,96.67,100,80,30,50
15572,3822292,98.6315068493151,97.3,100,73,37,36
15573,3823036,100,100,100,71,17,54
15574,3823168,97.78,97.44,98.04,90,39,51
15575,3823195,98.8090476190476,97.56,100,84,41,43
15576,3823330,95.52,100,90.62,67,35,32
15577,3823363,98.7824390243902,97.44,100,82,39,43
15578,3823544,98.5488405797101,96.77,100,69,31,38
15579,3823937,97.754606741573,97.44,98,89,39,50
15580,3823964,98.7018181818182,96.43,100,77,28,49
15581,3824101,100,100,100,66,24,42
15582,3824179,98.7341772151899,97.5,100,79,40,39
15583,3824570,100,100,100,70,27,43
15584,3824915,98.7819512195122,97.73,100,82,44,38
15585,3824938,96.6280898876405,95.45,97.78,89,44,45
15586,3825157,95.8895890410959,97.3,94.44,73,37,36
15587,3825313,97.0588235294118,100,93.75,68,36,32
15588,3825346,95.6520289855072,94.74,96.77,69,38,31
15589,3825462,100,100,100,72,37,35
15590,3825594,98.215,96.43,100,56,28,28
15591,3825622,98.111320754717,95.45,100,53,22,31
15592,3825724,98.7505,97.62,100,80,42,38
15593,3825844,95.8906849315068,93.1,97.73,73,29,44
15594,3826047,98.5282352941176,97.22,100,68,36,32
15595,3826482,100,100,100,75,38,37
15596,3826500,97.06,94.12,100,68,34,34
15597,3826534,95.2360317460317,93.75,96.77,63,32,31
15598,3827086,96.5510344827586,95.83,97.06,58,24,34
15599,3827170,98.306779661017,100,96.3,59,32,27
15600,3827181,100,100,100,50,22,28
15601,3827587,98.5089552238806,97.3,100,67,37,30
15602,3828031,100,100,100,56,34,22
15603,3828300,95.7431914893617,100,89.47,47,28,19
15604,3828462,95.6539130434783,91.67,100,46,24,22
15605,3829027,91.8940540540541,86.96,100,37,23,14
15606,3829095,97.2989189189189,94.74,100,37,19,18
15607,3829380,94.8723076923077,88.89,100,39,18,21
15608,3829782,94.116862745098,88.46,100,51,26,25
15609,3829965,94.3375471698113,90.91,96.77,53,22,31
15610,3830022,96.7725806451613,93.1,100,62,29,33
15611,3830274,94.2269230769231,93.33,95.45,52,30,22
15612,3830511,93.4427868852459,92.59,94.12,61,27,34
15613,3830614,100,100,100,46,26,20
15614,3830821,98.5055223880597,96.77,100,67,31,36
15615,3830969,100,100,100,54,29,25
15616,3831031,100,100,100,60,24,36
15617,3831231,98.5098507462687,96.88,100,67,32,35
15618,3831277,97.498,100,94.44,40,22,18
15619,3831504,98.4615384615385,96,100,65,25,40
15620,3831636,100,100,100,71,36,35
15621,3831715,98.4857575757576,97.37,100,66,38,28
15622,3832406,97.9166666666667,93.75,100,48,16,32
15623,3832413,95.31328125,91.43,100,64,35,29
15624,3832513,98.6125,97.3,100,72,37,35
15625,3832744,100,100,100,54,32,22
15626,3833242,95.4543181818182,95.65,95.24,44,23,21
15627,3833543,82.8571428571429,100,25,35,27,8
15628,3833782,98.334,100,96.43,60,32,28
15629,3833874,95.9183673469388,92,100,49,25,24
15630,3834073,100,100,100,44,24,20
15631,3834686,100,100,100,42,18,24
15632,3834848,100,100,100,40,18,22
15633,3835601,88.24,88.24,88.24,34,17,17
15634,3835624,97.2951351351351,100,94.44,37,19,18
15635,3835655,95.8333333333333,100,93.75,24,8,16
15636,3835720,100,100,100,27,13,14
15637,3835744,100,100,100,30,16,14
15638,3836046,95.6521739130435,100,90,23,13,10
15639,3836153,88.8888888888889,100,80,18,8,10
15640,3836227,90.9090909090909,100,80,22,12,10
15641,3836306,89.4747368421053,100,77.78,19,10,9
15642,3836990,87.500625,100,71.43,16,9,7
15643,3837403,100,100,100,13,6,7
15644,3838707,88.4615384615385,80,100,26,15,11
15645,3839052,95.2385714285714,100,88.89,21,12,9
15646,3839412,100,100,100,18,13,5
15647,3839587,92.3076923076923,100,50,13,11,2
15648,3840732,100,100,100,34,23,11
15649,3840751,100,100,100,28,14,14
15650,3841072,96.875,100,90,32,22,10
15651,3841294,100,100,100,41,23,18
15652,3841851,100,100,100,34,20,14
15653,3842262,100,100,100,31,22,9
15654,3842304,97.2983783783784,100,94.12,37,20,17
15655,3842398,92.5914814814815,95,85.71,27,20,7
15656,3842518,94.284,100,85.71,35,21,14
15657,3842588,100,100,100,32,14,18
15658,3842999,100,100,100,21,12,9
15659,3843377,100,100,100,19,15,4
15660,3844090,92,100,80,25,15,10
15661,3844726,100,100,100,50,22,28
15662,3844774,100,100,100,49,21,28
15663,3844834,100,100,100,45,22,23
15664,3844876,100,100,100,52,23,29
15665,3845261,96.2279245283019,91.67,100,53,24,29
15666,3845404,91.8036065573771,84.62,97.14,61,26,35
15667,3845650,98.2142857142857,96,100,56,25,31
15668,3846386,98.6119444444444,100,97.37,72,34,38
15669,3846419,98.5507246376812,100,97.5,69,29,40
15670,3846470,97.146,96.88,97.37,70,32,38
15671,3846860,97.2972972972973,100,95,74,34,40
15672,3846959,100,100,100,71,32,39
15673,3847773,95.9986,89.47,100,50,19,31
15674,3847819,100,100,100,66,37,29
15675,3847903,98.5915492957746,97.5,100,71,40,31
15676,3848004,96.668,92.86,100,60,28,32
15677,3848355,97.2233333333333,100,95.24,72,30,42
15678,3849021,98.5722857142857,100,97.37,70,32,38
15679,3849387,98.718717948718,100,97.37,78,40,38
15680,3849409,98.5897183098592,96.77,100,71,31,40
15681,3849838,100,100,100,80,36,44
15682,3849874,90.7897368421053,96.77,86.67,76,31,45
15683,3850700,98.6855263157895,100,97.78,76,31,45
15684,3850722,100,100,100,71,23,48
15685,3850821,95.8316666666667,100,92.68,72,31,41
15686,3850841,98.7346835443038,100,97.96,79,30,49
15687,3851178,100,100,100,74,23,51
15688,3851228,95.5860294117647,100,93.33,68,23,45
15689,3851480,100,100,100,53,9,44
15690,3851664,100,100,100,66,26,40
15691,3851687,98.5074626865672,96,100,67,25,42
15692,3851781,98.3896774193548,100,97.44,62,23,39
15693,3852117,100,100,100,42,21,21
15694,3852435,97.91875,100,96.67,48,18,30
15695,3853089,88.8911111111111,83.33,90.48,27,6,21
15696,3853272,97.2225,90.91,100,36,11,25
15697,3854031,96.551724137931,90,100,29,10,19
15698,3854147,97.825,95.65,100,46,23,23
15699,3854789,98.0753846153846,94.44,100,52,18,34
15700,3855047,98.2775862068966,100,96.67,58,28,30
15701,3855165,100,100,100,45,25,20
15702,3855450,95.4563636363636,100,91.67,44,20,24
15703,3855693,97.2222222222222,100,95,36,16,20
15704,3855783,100,100,100,48,24,24
15705,3855991,100,100,100,48,22,26
15706,3856188,97.8702127659574,100,96.15,47,21,26
15707,3856231,95.7463829787234,100,91.67,47,23,24
15708,3856891,100,100,100,44,20,24
15709,3857085,98.1132075471698,100,96,53,28,25
15710,3857161,97.7755555555555,100,95.45,45,23,22
15711,3857196,97.8260869565217,100,95,46,26,20
15712,3857473,97.6190476190476,95,100,42,20,22
15713,3857521,100,100,100,57,30,27
15714,3857553,97.9145833333333,96.15,100,48,26,22
15715,3858510,98.3033898305085,100,96.15,59,33,26
15716,3858600,95.0829508196721,96.88,93.1,61,32,29
15717,3858684,100,100,100,45,26,19
15718,3858930,100,100,100,48,19,29
15719,3859092,98.5098507462687,100,97.44,67,28,39
15720,3859397,96.4926315789474,100,94.12,57,23,34
15721,3859578,100,100,100,48,24,24
15722,3859857,97.9565306122449,100,96.77,49,18,31
15723,3860026,97.559756097561,100,96.55,41,12,29
15724,3860061,97.7786666666667,100,96.43,45,17,28
15725,3860361,89.6527586206897,90,89.47,29,10,19
15726,3860382,96.551724137931,100,93.75,29,13,16
15727,3860424,94.4416666666667,100,93.33,18,3,15
15728,3860821,96.5489655172414,100,94.44,29,11,18
15729,3860910,96.43,100,94.12,28,11,17
15730,3860998,100,100,100,32,17,15
15731,3861427,97.501,94.12,100,40,17,23
15732,3861778,98.1462962962963,96.15,100,54,26,28
15733,3862084,98.335,96.3,100,60,27,33
15734,3862260,96.6079661016949,95.65,97.22,59,23,36
15735,3862477,97.915,100,95.83,48,24,24
15736,3862924,97.9166666666667,100,96,48,23,25
15737,3863053,95.6521739130435,100,92,46,21,25
15738,3863472,95.2364285714286,100,89.47,42,23,19
15739,3863687,100,100,100,41,9,32
15740,3863721,96.0016,90.48,100,50,21,29
15741,3863753,93.1802272727273,89.47,96,44,19,25
15742,3863891,91.8334693877551,94.44,90.32,49,18,31
15743,3863902,96.362,95.45,96.97,55,22,33
15744,3864253,98.3862903225806,100,96.55,62,33,29
15745,3864496,96.7741935483871,93.75,100,62,32,30
15746,3864756,98.4872727272727,100,96.88,66,34,32
15747,3864856,97.06,97.06,97.06,68,34,34
15748,3864958,98.1116981132076,100,95.83,53,29,24
15749,3865039,100,100,100,65,32,33
15750,3865663,100,100,100,50,25,25
15751,3865812,97.5617073170732,100,92.31,41,28,13
15752,3865975,100,100,100,44,22,22
15753,3866071,97.9145833333333,100,95.45,48,26,22
15754,3866152,97.2983783783784,94.12,100,37,17,20
15755,3866857,86.4854054054054,72.22,100,37,18,19
15756,3867063,100,100,100,47,26,21
15757,3867678,97.7786666666667,100,95.24,45,24,21
15758,3867709,97.559756097561,95.65,100,41,23,18
15759,3868068,100,100,100,63,34,29
15760,3868081,100,100,100,47,27,20
15761,3868821,98.4630769230769,97.3,100,65,37,28
15762,3869421,96.9712121212121,97.37,96.43,66,38,28
15763,3869461,100,100,100,77,41,36
15764,3869544,98.4854545454545,97.06,100,66,34,32
15765,3869584,100,100,100,66,42,24
15766,3869707,100,100,100,68,31,37
15767,3869879,98.15,97.78,100,54,45,9
15768,3870723,98.752,100,96.88,80,48,32
15769,3870760,100,100,100,73,44,29
15770,3870828,98.8114285714286,97.92,100,84,48,36
15771,3871003,98.7791463414634,97.87,100,82,47,35
15772,3871249,100,100,100,71,43,28
15773,3871503,98.4828787878788,100,96.77,66,35,31
15774,3871525,98.6317808219178,97.73,100,73,44,29
15775,3871669,98.5295588235294,100,96.97,68,35,33
15776,3872225,100,100,100,60,26,34
15777,3872630,100,100,100,52,29,23
15778,3872766,98.43671875,100,96.55,64,35,29
15779,3872831,98.4119047619048,100,96.55,63,34,29
15780,3872898,94.7352631578947,85.71,100,38,14,24
15781,3873079,98.43671875,100,96.55,64,35,29
15782,3873332,100,100,100,62,33,29
15783,3873584,100,100,100,47,20,27
15784,3874104,100,100,100,50,31,19
15785,3874441,100,100,100,41,22,19
15786,3874508,100,100,100,48,26,22
15787,3874655,100,100,100,40,21,19
15788,3874798,97.501,94.12,100,40,17,23
15789,3875111,97.5585365853659,100,95.45,41,19,22
15790,3875140,97.8731914893617,100,95.24,47,26,21
15791,3875204,90.4785714285714,96.3,80,42,27,15
15792,3875306,40.625,37.5,43.75,32,16,16
15793,3875697,97.4975,95.45,100,40,22,18
15794,3876293,100,100,100,37,27,10
15795,3876899,93.3333333333333,95.83,90.48,45,24,21
15796,3877115,95.4559090909091,94.74,96,44,19,25
15797,3877235,96.49,96.97,95.83,57,33,24
15798,3877559,95.8291666666667,95.45,96.15,48,22,26
15799,3878086,97.9581632653061,95.65,100,49,23,26
15800,3878339,100,100,100,64,35,29
15801,3878450,100,100,100,72,38,34
15802,3878461,96.664,94.44,100,60,36,24
15803,3878878,98.5308823529412,100,96.67,68,38,30
15804,3879413,96.9216923076923,96.77,97.06,65,31,34
15805,3879689,100,100,100,68,33,35
15806,3879839,100,100,100,64,33,31
15807,3880227,100,100,100,66,35,31
15808,3880499,100,100,100,57,34,23
15809,3880677,100,100,100,68,41,27
15810,3881168,95.5882352941177,100,90,68,38,30
15811,3881199,98.275,100,95.65,58,35,23
15812,3881408,100,100,100,67,42,25
15813,3881539,98.3343333333333,100,94.74,60,41,19
15814,3881741,97.9612244897959,96.67,100,49,30,19
15815,3882178,100,100,100,55,35,20
15816,3882399,96.2271698113207,96,96.43,53,25,28
15817,3882532,97.725,96.15,100,44,26,18
15818,3882551,95.741914893617,93.75,96.77,47,16,31
15819,3882564,90.2458536585366,90.48,90,41,21,20
15820,3882669,97.9591836734694,100,96,49,24,25
15821,3882739,94.342641509434,96.3,92.31,53,27,26
15822,3882816,93.6163829787234,96.55,88.89,47,29,18
15823,3882849,89.1321739130435,90.48,88,46,21,25
15824,3882890,91.665625,88,95.65,48,25,23
15825,3882906,89.1271739130435,93.1,82.35,46,29,17
15826,3882923,86.5390384615385,88.89,84,52,27,25
15827,3882939,93.8791836734694,91.67,96,49,24,25
15828,3882994,86.9584782608696,89.66,82.35,46,29,17
15829,3883029,94.8301724137931,93.55,96.3,58,31,27
15830,3883074,100,100,100,57,31,26
15831,3883854,94.4444444444444,93.75,95,36,16,20
15832,3883860,95.2342857142857,94.44,95.83,42,18,24
15833,3883873,90.2439024390244,93.75,88,41,16,25
15834,3883886,92.6839024390244,96.3,85.71,41,27,14
15835,3883910,95.998,100,91.3,50,27,23
15836,3883978,88.8888888888889,96,80,45,25,20
15837,3884055,81.5797368421053,86.67,78.26,38,15,23
15838,3884066,91.4285714285714,100,87.5,35,11,24
15839,3884076,93.1818181818182,100,88,44,19,25
15840,3885033,100,100,100,42,14,28
15841,3885130,97.825,100,95.65,46,23,23
15842,3885256,100,100,100,52,27,25
15843,3885281,100,100,100,43,29,14
15844,3885868,97.776,100,95.83,45,21,24
15845,3886049,95.2342857142857,95.83,94.44,42,24,18
15846,3886114,95.4527272727273,95,95.83,44,20,24
15847,3886357,100,100,100,53,26,27
15848,3886438,100,100,100,37,14,23
15849,3886480,97.6753488372093,100,96.43,43,15,28
15850,3886555,100,100,100,52,24,28
15851,3887006,97.5590243902439,100,95.83,41,17,24
15852,3887092,100,100,100,38,16,22
15853,3887219,100,100,100,35,14,21
15854,3887368,91.175,100,82.35,34,17,17
15855,3887423,90.91,92.31,90,33,13,20
15856,3887762,93.5516129032258,91.67,94.74,31,12,19
15857,3887773,100,100,100,32,13,19
15858,3887815,96.969696969697,100,95,33,13,20
15859,3888496,89.2857142857143,70,100,28,10,18
15860,3888560,88.8855555555556,83.33,93.33,27,12,15
15861,3888696,92.855,100,85.71,28,14,14
15862,3889100,92.0024,84.62,100,25,13,12
15863,3889162,96.87625,100,95.24,32,11,21
15864,3889486,96.7741935483871,93.75,100,31,16,15
15865,3889940,100,100,100,30,9,21
15866,3890243,100,100,100,32,14,18
15867,3890333,100,100,100,25,14,11
15868,3890566,100,100,100,39,19,20
15869,3890626,100,100,100,38,18,20
15870,3890728,100,100,100,38,17,21
15871,3891253,95.5573333333333,100,90.48,45,24,21
15872,3891280,95.120243902439,100,89.47,41,22,19
15873,3891560,97.2951351351351,95.83,100,37,24,13
15874,3891709,100,100,100,40,24,16
15875,3891802,97.6178571428571,96.55,100,42,29,13
15876,3891979,100,100,100,35,22,13
15877,3892266,100,100,100,41,29,12
15878,3892428,100,100,100,46,25,21
15879,3892461,100,100,100,46,28,18
15880,3892686,100,100,100,25,9,16
15881,3892790,100,100,100,36,21,15
15882,3893092,100,100,100,43,24,19
15883,3893119,97.5609756097561,95,100,41,20,21
15884,3893324,100,100,100,36,20,16
15885,3893674,94.1164705882353,100,83.33,34,22,12
15886,3894271,97.3671052631579,95.65,100,38,23,15
15887,3894287,94.2837142857143,89.47,100,35,19,16
15888,3894365,89.2871428571429,91.67,87.5,28,12,16
15889,3894374,90.626875,88.89,92.86,32,18,14
15890,3894859,97.2972972972973,96,100,37,25,12
15891,3894883,100,100,100,39,25,14
15892,3894959,100,100,100,35,23,12
15893,3895121,88.5742857142857,88.24,88.89,35,17,18
15894,3895145,96.969696969697,100,93.75,33,17,16
15895,3895213,92.4985,91.3,94.12,40,23,17
15896,3895341,97.498,95.83,100,40,24,16
15897,3895470,100,100,100,42,23,19
15898,3896401,96.875,100,95,32,12,20
15899,3896512,96.9672727272727,100,94.44,33,15,18
15900,3896886,91.1794117647059,84.62,95.24,34,13,21
15901,3897071,96.7754838709677,100,94.12,31,14,17
15902,3897353,96.1553846153846,91.67,100,26,12,14
15903,3897722,88.8877777777778,92.31,85.71,27,13,14
15904,3897785,92.31,92.31,92.31,26,13,13
15905,3898449,82.6069565217391,85.71,77.78,23,14,9
15906,3898512,72.2222222222222,62.5,80,18,8,10
15907,3898942,100,100,100,20,9,11
15908,3899064,100,100,100,24,12,12
15909,3899116,88.2364705882353,66.67,100,17,6,11
15910,3899615,100,100,100,24,15,9
15911,3899831,100,100,100,30,16,14
15912,3899931,100,100,100,22,17,5
15913,3900002,100,100,100,31,16,15
15914,3900147,100,100,100,34,16,18
15915,3900991,84.6161538461538,100,71.43,26,12,14
15916,3901048,100,100,100,20,14,6
15917,3901378,100,100,100,18,7,11
15918,3902005,100,100,100,23,13,10
15919,3902338,85.7157142857143,100,66.67,21,12,9
15920,3902409,95.835,100,92.86,24,10,14
15921,3902541,100,100,100,29,18,11
15922,3902649,96.43,100,92.86,28,14,14
15923,3902688,96.2977777777778,94.12,100,27,17,10
15924,3902734,95.6521739130435,100,90,23,13,10
15925,3903261,97.295945945946,95.65,100,37,23,14
15926,3903349,100,100,100,29,18,11
15927,3903381,97.3671052631579,95.65,100,38,23,15
15928,3903613,84.2105263157895,76,100,38,25,13
15929,3903828,97.0588235294118,95,100,34,20,14
15930,3903876,97.0605882352941,94.74,100,34,19,15
15931,3903967,100,100,100,34,21,13
15932,3904526,100,100,100,36,19,17
15933,3904621,93.9424242424242,94.74,92.86,33,19,14
15934,3905239,95.4545454545455,90,100,22,10,12
15935,3905263,96.55,100,93.33,29,14,15
15936,3905828,94.445,100,88.89,18,9,9
15937,3906337,89.998,83.33,100,20,12,8
15938,3906511,93.750625,90.91,100,16,11,5
15939,3907084,100,100,100,27,17,10
15940,3907304,100,100,100,38,22,16
15941,3907376,100,100,100,34,22,12
15942,3907432,97.7281818181818,96.43,100,44,28,16
15943,3907653,97.6725581395349,100,94.44,43,25,18
15944,3907747,96.9666666666667,100,95.45,33,11,22
15945,3907780,100,100,100,47,25,22
15946,3908426,95.5555555555556,100,87.5,45,29,16
15947,3908619,96.8242857142857,100,92.59,63,36,27
15948,3908682,94.3396226415094,100,88,53,28,25
15949,3908703,96.4894736842105,100,93.33,57,27,30
15950,3908847,96.6084745762712,100,93.1,59,30,29
15951,3909303,95.6532608695652,100,86.67,46,31,15
15952,3909521,98.3622950819672,100,96.67,61,31,30
15953,3909872,97.915625,100,95.65,48,25,23
15954,3910136,97.999,100,96.55,50,21,29
15955,3910175,97.559756097561,100,95.65,41,18,23
15956,3910274,100,100,100,47,19,28
15957,3910662,97.559756097561,100,93.33,41,26,15
15958,3910672,97.2233333333333,94.12,100,36,17,19
15959,3910731,97.824347826087,95.83,100,46,24,22
15960,3910822,97.7272727272727,96,100,44,25,19
15961,3910942,95.7459574468085,92.31,100,47,26,21
15962,3911897,100,100,100,29,22,7
15963,3911945,96.6686666666667,94.74,100,30,19,11
15964,3912022,96.4257142857143,94.44,100,28,18,10
15965,3912200,100,100,100,36,23,13
15966,3912244,93.7525,91.67,100,32,24,8
15967,3912508,100,100,100,30,20,10
15968,3912635,100,100,100,39,20,19
15969,3912776,94.5918918918919,91.3,100,37,23,14
15970,3912878,100,100,100,34,19,15
15971,3912899,100,100,100,41,24,17
15972,3913187,100,100,100,33,14,19
15973,3913646,100,100,100,39,21,18
15974,3914418,100,100,100,22,11,11
15975,3914433,100,100,100,26,15,11
15976,3914698,96.665,93.33,100,30,15,15
15977,3914796,100,100,100,26,16,10
15978,3914875,100,100,100,33,14,19
15979,3915021,100,100,100,34,16,18
15980,3915135,100,100,100,33,12,21
15981,3915172,100,100,100,39,17,22
15982,3915420,74.9996428571428,82.35,63.64,28,17,11
15983,3915464,94.1191176470588,100,86.67,34,19,15
15984,3915596,100,100,100,45,24,21
15985,3915706,100,100,100,26,16,10
15986,3915869,97.2981081081081,92.31,100,37,13,24
15987,3916065,95.8291666666667,95.45,96.15,48,22,26
15988,3916186,95.5555555555556,96,95,45,25,20
15989,3916399,100,100,100,59,29,30
15990,3916870,97.915625,95.65,100,48,23,25
15991,3917071,93.336,89.29,100,45,28,17
15992,3917427,91.4891489361702,76.47,100,47,17,30
15993,3917633,98.3608196721312,96.97,100,61,33,28
15994,3917672,100,100,100,53,31,22
15995,3917817,98.0376470588235,100,95.83,51,27,24
15996,3917913,100,100,100,49,27,22
15997,3918155,97.2989189189189,100,94.74,37,18,19
15998,3918207,95.1219512195122,100,90,41,21,20
15999,3918234,97.0605882352941,100,94.74,34,15,19
16000,3918401,100,100,100,35,15,20
16001,3918424,100,100,100,38,18,20
16002,3918704,100,100,100,39,22,17
16003,3918800,97.6190476190476,100,95,42,22,20
16004,3919040,100,100,100,30,10,20
16005,3919085,100,100,100,38,16,22
16006,3919358,100,100,100,31,16,15
16007,3919388,96.43,100,91.67,28,16,12
16008,3919429,96.5527586206896,92.31,100,29,13,16
16009,3919492,100,100,100,27,14,13
16010,3919700,96.0004,90.91,100,25,11,14
16011,3919823,100,100,100,27,12,15
16012,3920485,100,100,100,30,19,11
16013,3920993,96.668,100,91.67,30,18,12
16014,3921058,100,100,100,31,17,14
16015,3921113,100,100,100,28,18,10
16016,3921169,100,100,100,30,15,15
16017,3921270,96.1553846153846,91.67,100,26,12,14
16018,3921309,96.551724137931,93.75,100,29,16,13
16019,3921345,100,100,100,27,17,10
16020,3921729,100,100,100,29,15,14
16021,3921804,100,100,100,29,16,13
16022,3921962,94.7352631578947,100,85.71,19,12,7
16023,3922127,100,100,100,19,9,10
16024,3922642,88.8888888888889,100,80,18,8,10
16025,3922695,85,80,90,20,10,10
16026,3923546,95.6526086956522,88.89,100,23,9,14
16027,3923627,100,100,100,20,8,12
16028,3923858,100,100,100,23,10,13
16029,3923874,100,100,100,24,10,14
16030,3923958,100,100,100,16,7,9
16031,3924101,100,100,100,23,12,11
16032,3924299,100,100,100,30,12,18
16033,3924587,96.7754838709677,100,94.12,31,14,17
16034,3924627,92.8589285714286,100,86.67,28,13,15
16035,3924750,93.9354545454545,93.33,94.44,33,15,18
16036,3924795,96.7754838709677,100,94.12,31,14,17
16037,3924828,94.1176470588235,100,87.5,17,9,8
16038,3924854,92.3084615384615,100,81.82,26,15,11
16039,3924870,95.24,100,91.67,21,9,12
16040,3925103,100,100,100,25,13,12
16041,3925235,80.0012,91.67,69.23,25,12,13
16042,3925253,77.2768181818182,84.62,66.67,22,13,9
16043,3925275,92.5944444444444,100,86.67,27,12,15
16044,3925334,95.455,100,90.91,22,11,11
16045,3925409,93.334,88.89,100,15,9,6
16046,3925413,100,100,100,10,7,3
16047,3925482,87.998,80,93.33,25,10,15
16048,3925619,90.0025,100,86.67,20,5,15
16049,3925724,93.75,100,90,16,6,10
16050,3925745,73.6857894736842,66.67,80,19,9,10
16051,3925761,79.1641666666667,70,85.71,24,10,14
16052,3925776,85.002,71.43,92.31,20,7,13
16053,3925789,61.5415384615385,75,55.56,13,4,9
16054,3925815,85.7157142857143,83.33,86.67,21,6,15
16055,3925829,83.3366666666667,80,84.62,18,5,13
16056,3925847,90.002,87.5,91.67,20,8,12
16057,3925864,90.9118181818182,100,84.62,22,9,13
16058,3925871,88.8888888888889,100,75,9,5,4
16059,3925893,69.998,83.33,50,10,6,4
16060,3925961,100,100,100,10,4,6
16061,3925994,93.3313333333333,85.71,100,15,7,8
16062,3926002,90.001,88.89,90.91,20,9,11
16063,3926035,77.7777777777778,87.5,70,18,8,10
16064,3926057,82.3535294117647,88.89,75,17,9,8
16065,3926075,90.001,88.89,90.91,20,9,11
16066,3926088,83.3333333333333,87.5,80,18,8,10
16067,3926219,100,100,100,25,12,13
16068,3926310,96.2977777777778,91.67,100,27,12,15
16069,3926508,93.75,100,87.5,16,8,8
16070,3926544,100,100,100,22,8,14
16071,3926567,91.9976,100,85.71,25,11,14
16072,3926585,88.89,72.73,100,27,11,16
16073,3926624,88.8877777777778,92.31,85.71,27,13,14
16074,3926657,81.8218181818182,77.78,84.62,22,9,13
16075,3926852,96.5527586206896,92.31,100,29,13,16
16076,3926987,100,100,100,29,12,17
16077,3927242,90.9072727272727,100,83.33,22,10,12
16078,3927572,100,100,100,29,12,17
16079,3927642,95.2380952380952,90,100,21,10,11
16080,3927647,100,100,100,13,10,3
16081,3927690,96.2944444444444,93.33,100,27,15,12
16082,3927729,100,100,100,24,11,13
16083,3927914,85.1866666666667,91.67,80,27,12,15
16084,3927969,96.875,100,93.75,32,16,16
16085,3928212,95.835,100,92.86,24,10,14
16086,3928422,100,100,100,27,15,12
16087,3928504,80.7711538461539,54.55,100,26,11,15
16088,3928690,95.455,100,90.91,22,11,11
16089,3929194,96.7754838709677,92.86,100,31,14,17
16090,3929245,100,100,100,32,13,19
16091,3929320,100,100,100,26,9,17
16092,3929536,100,100,100,32,12,20
16093,3929548,87.9992,78.57,100,25,14,11
16094,3930266,96.55,100,93.33,29,14,15
16095,3930324,100,100,100,30,14,16
16096,3930344,95.24,100,94.12,21,4,17
16097,3930416,93.5467741935484,92.31,94.44,31,13,18
16098,3930747,100,100,100,33,15,18
16099,3930930,88.2352941176471,60,100,17,5,12
16100,3931481,100,100,100,35,18,17
16101,3931562,100,100,100,23,10,13
16102,3931829,96.9672727272727,94.44,100,33,18,15
16103,3932174,100,100,100,36,16,20
16104,3932186,100,100,100,34,17,17
16105,3932513,95.3476744186047,95,95.65,43,20,23
16106,3933044,100,100,100,40,19,21
16107,3933126,97.6744186046512,95,100,43,20,23
16108,3933262,94.99975,94.12,95.65,40,17,23
16109,3933393,87.1792307692308,84.21,90,39,19,20
16110,3933567,100,100,100,47,23,24
16111,3934048,97.9581632653061,96.55,100,49,29,20
16112,3934199,100,100,100,40,22,18
16113,3934508,100,100,100,52,28,24
16114,3935029,100,100,100,42,19,23
16115,3935077,100,100,100,45,25,20
16116,3935165,97.6166666666667,95.45,100,42,22,20
16117,3935375,100,100,100,33,17,16
16118,3935486,100,100,100,27,11,16
16119,3935763,97.4358974358974,95,100,39,20,19
16120,3935819,100,100,100,39,17,22
16121,3935993,96.551724137931,93.75,100,29,16,13
16122,3936125,100,100,100,34,18,16
16123,3936197,100,100,100,38,18,20
16124,3936846,91.4265714285714,93.75,89.47,35,16,19
16125,3937065,97.0588235294118,100,93.75,34,18,16
16126,3937143,100,100,100,38,15,23
16127,3937561,97.2233333333333,92.86,100,36,14,22
16128,3938194,97.4338461538462,100,94.44,39,21,18
16129,3938300,97.4338461538462,94.44,100,39,18,21
16130,3938422,100,100,100,38,17,21
16131,3938690,97.0605882352941,100,94.74,34,15,19
16132,3938743,97.3657894736842,100,95.45,38,16,22
16133,3939237,96,93.75,100,25,16,9
16134,3939467,96.4267857142857,100,93.33,28,13,15
16135,3939540,100,100,100,33,14,19
16136,3939588,97.1405714285714,94.44,100,35,18,17
16137,3939612,96.5531034482759,94.12,100,29,17,12
16138,3939816,91.4268571428571,83.33,100,35,18,17
16139,3940400,100,100,100,29,13,16
16140,3940569,92.5951851851852,92.86,92.31,27,14,13
16141,3940728,96.0016,92.86,100,25,14,11
16142,3940867,93.1020689655172,83.33,100,29,12,17
16143,3941013,96.665,93.33,100,30,15,15
16144,3941067,86.9591304347826,91.67,81.82,23,12,11
16145,3941251,95.6521739130435,90,100,23,10,13
16146,3941823,91.3017391304348,85.71,100,23,14,9
16147,3942089,95.4559090909091,92.31,100,22,13,9
16148,3942513,95.83125,93.33,100,24,15,9
16149,3943164,94.1176470588235,87.5,100,17,8,9
16150,3943338,92.8578571428571,88.89,100,14,9,5
16151,3943602,63.6354545454545,75,33.33,11,8,3
16152,3944388,100,100,100,15,9,6
16153,3945588,100,100,100,20,11,9
16154,3945915,87.50375,100,84.62,16,3,13
16155,3946095,94.7352631578947,85.71,100,19,7,12
16156,3947164,95.0005,100,90.91,20,9,11
16157,3947372,92.0024,84.62,100,25,13,12
16158,3947431,95,87.5,100,20,8,12
16159,3947539,95.6539130434783,100,91.67,23,11,12
16160,3948222,95.6521739130435,100,87.5,23,15,8
16161,3948545,96.1542307692308,100,90.91,26,15,11
16162,3948615,95.8333333333333,100,90,24,14,10
16163,3948816,100,100,100,20,14,6
16164,3948830,95.8333333333333,100,90,24,14,10
16165,3949002,90.9118181818182,84.62,100,22,13,9
16166,3949403,100,100,100,22,13,9
16167,3949496,95.835,100,91.67,24,12,12
16168,3949751,96.1553846153846,100,92.86,26,12,14
16169,3949829,100,100,100,23,9,14
16170,3949914,95.2385714285714,100,90.91,21,10,11
16171,3950423,73.6857894736842,72.73,75,19,11,8
16172,3951358,95.835,100,92.86,24,10,14
16173,3951645,100,100,100,42,18,24
16174,3952742,100,100,100,40,13,27
16175,3952784,100,100,100,40,16,24
16176,3952901,100,100,100,36,17,19
16177,3953397,91.8385714285714,84.21,96.67,49,19,30
16178,3953641,96.6101694915254,92,100,59,25,34
16179,3953775,100,100,100,58,28,30
16180,3953898,96.3645454545454,93.55,100,55,31,24
16181,3953947,85.7128571428571,82.35,90.91,28,17,11
16182,3953952,90,86.67,93.33,30,15,15
16183,3953965,95.9986,92.59,100,50,27,23
16184,3953982,95.556,90.91,100,45,22,23
16185,3954022,100,100,100,58,29,29
16186,3954308,97.8731914893617,100,94.12,47,30,17
16187,3954496,97.7755555555555,95.45,100,45,22,23
16188,3954685,100,100,100,56,29,27
16189,3955008,100,100,100,53,28,25
16190,3955116,100,100,100,47,27,20
16191,3955491,98.1150943396226,96.67,100,53,30,23
16192,3955577,100,100,100,55,29,26
16193,3955649,100,100,100,50,35,15
16194,3955757,98.111320754717,100,96.15,53,27,26
16195,3955928,100,100,100,65,35,30
16196,3955958,98.438125,100,96.43,64,36,28
16197,3956022,100,100,100,52,21,31
16198,3956138,98.5055223880597,100,96.77,67,36,31
16199,3956553,100,100,100,58,30,28
16200,3957230,97.999,100,95.65,50,27,23
16201,3957395,98.0376470588235,100,95.83,51,27,24
16202,3957488,97.2222222222222,90,100,36,10,26
16203,3957572,97.776,100,95.83,45,21,24
16204,3957695,96.2245283018868,100,93.1,53,24,29
16205,3957806,97.9612244897959,100,96.3,49,22,27
16206,3958255,97.2972972972973,100,96,37,12,25
16207,3958268,97.5590243902439,100,95.83,41,17,24
16208,3958396,97.6753488372093,100,95.24,43,22,21
16209,3958514,96.8725,100,94.44,32,14,18
16210,3958706,97.2233333333333,100,92.86,36,22,14
16211,3958852,95.2385714285714,100,88.89,42,24,18
16212,3959754,93.1041379310345,100,88.89,29,11,18
16213,3959815,97.2194444444444,95.45,100,36,22,14
16214,3959859,96.87625,94.12,100,32,17,15
16215,3960183,100,100,100,28,15,13
16216,3960794,100,100,100,30,21,9
16217,3960917,100,100,100,34,24,10
16218,3961011,94.7389473684211,91.67,100,38,24,14
16219,3961110,100,100,100,31,19,12
16220,3961230,100,100,100,37,23,14
16221,3961415,97.8706382978723,95.83,100,47,24,23
16222,3961547,96.1507692307692,94.44,100,26,18,8
16223,3961670,97.4975,95.45,100,40,22,18
16224,3962106,100,100,100,31,21,10
16225,3962111,100,100,100,34,21,13
16226,3962325,98.1150943396226,96.3,100,53,27,26
16227,3962586,97.4361538461539,90.91,100,39,11,28
16228,3962898,96.8759375,100,92.31,32,19,13
16229,3963003,97.7755555555555,100,96.15,45,19,26
16230,3963075,97.0591176470588,90.91,100,34,11,23
16231,3963213,97.0573529411765,100,95.65,34,11,23
16232,3963255,100,100,100,40,17,23
16233,3963265,94.4438888888889,92.31,95.65,36,13,23
16234,3963412,100,100,100,31,5,26
16235,3963418,95.4531818181818,100,85.71,22,15,7
16236,3963708,100,100,100,37,15,22
16237,3963834,97.6732558139535,100,95.65,43,20,23
16238,3963898,100,100,100,42,19,23
16239,3964194,94.5927027027027,100,89.47,37,18,19
16240,3964455,96.668,100,91.67,30,18,12
16241,3964713,100,100,100,31,19,12
16242,3964816,100,100,100,34,18,16
16243,3964879,95.8320833333333,100,85.71,24,17,7
16244,3965115,100,100,100,24,17,7
16245,3965127,100,100,100,28,11,17
16246,3965332,100,100,100,26,11,15
16247,3965394,100,100,100,27,11,16
16248,3965830,100,100,100,15,5,10
16249,3965875,95,100,90,20,10,10
16250,3965945,100,100,100,21,8,13
16251,3966352,95.6539130434783,100,92.86,23,9,14
16252,3966459,95.6539130434783,100,91.67,23,11,12
16253,3966904,100,100,100,31,17,14
16254,3967041,95.6526086956522,100,90.91,23,12,11
16255,3967155,90.91,100,88.89,11,2,9
16256,3967461,100,100,100,26,12,14
16257,3967560,100,100,100,29,14,15
16258,3967941,100,100,100,26,13,13
16259,3968492,100,100,100,37,19,18
16260,3968603,100,100,100,41,22,19
16261,3968765,100,100,100,38,25,13
16262,3969215,97.9166666666667,96,100,48,25,23
16263,3969866,93.18,90.91,95.45,44,22,22
16264,3969878,91.4895744680851,89.47,92.86,47,19,28
16265,3969926,100,100,100,38,17,21
16266,3970036,92.6821951219512,88.89,95.65,41,18,23
16267,3970209,93.8757142857143,85.71,100,49,21,28
16268,3970263,91.6629166666667,82.35,96.77,48,17,31
16269,3970302,88.3723255813953,82.35,92.31,43,17,26
16270,3970503,86.6691111111111,78.95,92.31,45,19,26
16271,3970934,90.9109090909091,95,84.62,33,20,13
16272,3970938,77.2731818181818,71.43,80,22,7,15
16273,3971528,96.4933333333333,100,94.74,57,19,38
16274,3971605,98.275,95.65,100,58,23,35
16275,3971675,100,100,100,42,28,14
16276,3971780,98.1488888888889,100,97.06,54,20,34
16277,3971963,95.5546666666667,94.74,96.15,45,19,26
16278,3972068,98.0376470588235,94.44,100,51,18,33
16279,3972137,98.0366666666667,100,96.77,51,20,31
16280,3972161,100,100,100,52,22,30
16281,3972304,95.9183673469388,100,92,49,24,25
16282,3972443,95.6519565217391,94.12,96.55,46,17,29
16283,3972706,97.8744680851064,100,96.67,47,17,30
16284,3973122,100,100,100,50,20,30
16285,3973134,100,100,100,51,24,27
16286,3973213,100,100,100,52,22,30
16287,3973383,100,100,100,55,25,30
16288,3973414,100,100,100,43,19,24
16289,3974873,95.83375,100,90.91,48,26,22
16290,3975141,98.4119047619048,100,96.55,63,34,29
16291,3975368,100,100,100,68,35,33
16292,3975491,98.2484210526316,100,96.88,57,25,32
16293,3975758,98.15,96.67,100,54,30,24
16294,3975855,98.0372549019608,100,95.45,51,29,22
16295,3975897,94.4401851851852,96.77,91.3,54,31,23
16296,3976164,96.5527586206896,100,92.31,58,32,26
16297,3976662,100,100,100,27,13,14
16298,3976860,94.99975,95.65,94.12,40,23,17
16299,3977034,100,100,100,43,29,14
16300,3977272,100,100,100,43,25,18
16301,3977340,100,100,100,36,21,15
16302,3977551,97.2945945945946,96.15,100,37,26,11
16303,3978054,98.3052542372881,96.97,100,59,33,26
16304,3978318,98.1462962962963,96.15,100,54,26,28
16305,3978468,100,100,100,57,29,28
16306,3978955,100,100,100,63,31,32
16307,3979042,100,100,100,73,39,34
16308,3979597,100,100,100,58,25,33
16309,3979663,100,100,100,52,28,24
16310,3979678,100,100,100,62,33,29
16311,3979771,96.2271698113207,96.43,96,53,28,25
16312,3979783,98.3606557377049,100,96,61,36,25
16313,3979864,98.334,97.06,100,60,34,26
16314,3980239,97.7791111111111,94.74,100,45,19,26
16315,3980462,100,100,100,52,29,23
16316,3980478,100,100,100,43,27,16
16317,3981199,93.4769565217391,95.83,90.91,46,24,22
16318,3981274,100,100,100,45,23,22
16319,3981352,98.04,96.43,100,51,28,23
16320,3981616,97.8712765957447,95.65,100,47,23,24
16321,3982141,100,100,100,46,29,17
16322,3983363,95.92,92.86,100,49,28,21
16323,3983702,97.915625,96.55,100,48,29,19
16324,3983850,97.78,96.67,100,45,30,15
16325,3983912,100,100,100,43,23,20
16326,3984257,100,100,100,45,26,19
16327,3984332,100,100,100,27,9,18
16328,3984395,97.4369230769231,96.43,100,39,28,11
16329,3984478,100,100,100,47,30,17
16330,3984504,100,100,100,33,12,21
16331,3984763,97.8269565217391,100,95.24,46,25,21
16332,3984784,100,100,100,32,16,16
16333,3984793,93.5477419354839,96,83.33,31,25,6
16334,3984824,94.288,95.24,92.86,35,21,14
16335,3984956,97.7766666666667,95.65,100,45,23,22
16336,3985192,100,100,100,18,4,14
16337,3985198,100,100,100,32,23,9
16338,3985474,100,100,100,35,24,11
16339,3985885,95.835,92.86,100,24,14,10
16340,3986068,83.3308333333333,80,85.71,24,10,14
16341,3986308,75.0008333333333,71.43,80,12,7,5
16342,3986905,97.2972972972973,93.75,100,37,16,21
16343,3986995,97.5015,94.74,100,40,19,21
16344,3987049,100,100,100,34,20,14
16345,3987172,96.8734375,100,93.33,32,17,15
16346,3987547,97.1445714285714,94.74,100,35,19,16
16347,3987689,100,100,100,38,15,23
16348,3987746,91.6666666666667,100,81.25,36,20,16
16349,3987794,96.6666666666667,100,87.5,30,22,8
16350,3987839,89.6513793103448,85.71,93.33,29,14,15
16351,3988041,95.346511627907,93.1,100,43,29,14
16352,3988611,100,100,100,39,28,11
16353,3989239,100,100,100,45,26,19
16354,3989505,97.501,95.24,100,40,21,19
16355,3989604,100,100,100,34,18,16
16356,3989667,100,100,100,37,20,17
16357,3989694,100,100,100,40,23,17
16358,3989862,100,100,100,46,25,21
16359,3990341,100,100,100,35,14,21
16360,3990458,97.5609756097561,100,95,41,21,20
16361,3990882,100,100,100,40,21,19
16362,3990994,94.4466666666667,100,88.24,36,19,17
16363,3991214,97.5609756097561,100,93.75,41,25,16
16364,3991412,97.7272727272727,100,95,44,24,20
16365,3991844,98,96,100,50,25,25
16366,3992051,100,100,100,38,22,16
16367,3992282,100,100,100,45,19,26
16368,3992344,100,100,100,41,21,20
16369,3992480,97.2972972972973,100,93.75,37,21,16
16370,3992578,100,100,100,47,22,25
16371,3992797,97.2222222222222,100,93.75,36,20,16
16372,3993001,100,100,100,38,22,16
16373,3993373,95.7425531914893,96,95.45,47,25,22
16374,3993662,100,100,100,42,22,20
16375,3993817,96.0016,91.67,100,25,12,13
16376,3994027,97.2983783783784,100,94.12,37,20,17
16377,3994256,100,100,100,39,20,19
16378,3994359,97.6720930232558,95.45,100,43,22,21
16379,3994685,100,100,100,48,25,23
16380,3994865,100,100,100,43,25,18
16381,3994919,100,100,100,44,21,23
16382,3995096,100,100,100,44,17,27
16383,3995926,98.0376470588235,100,95.83,51,27,24
16384,3995965,100,100,100,48,29,19
16385,3996128,100,100,100,44,22,22
16386,3996392,100,100,100,48,31,17
16387,3996672,97.5,100,95,40,20,20
16388,3997053,100,100,100,31,11,20
16389,3997340,100,100,100,54,29,25
16390,3997489,100,100,100,56,26,30
16391,3997582,95.4563636363636,88.24,100,44,17,27
16392,3997720,90.9118181818182,95.24,86.96,44,21,23
16393,3997729,92.1580392156863,92.31,92,51,26,25
16394,3997748,91.665,93.33,88.89,24,15,9
16395,3997801,98.215,100,96.43,56,28,28
16396,3997820,100,100,100,40,21,19
16397,3998319,96.3647272727273,100,92.31,55,29,26
16398,3998361,97.9612244897959,100,96.3,49,22,27
16399,3998679,96.08,100,92.86,51,23,28
16400,3998715,97.9571428571429,100,96.15,49,23,26
16401,3999277,98.2433333333333,96.77,100,57,31,26
16402,4000937,85,80,90,40,20,20
16403,4001022,92.1036842105263,100,83.33,38,20,18
16404,4001195,91.4265714285714,93.75,89.47,35,16,19
16405,4001263,86.6673333333333,100,71.43,30,16,14
16406,4001514,81.82,100,66.67,33,15,18
16407,4001679,97.144,100,95.24,35,14,21
16408,4001829,88.4615384615385,100,75,26,14,12
16409,4002323,96.2977777777778,100,94.12,27,10,17
16410,4002731,88.2364705882353,100,81.82,17,6,11
16411,4003529,89.9983333333333,100,82.35,30,13,17
16412,4004048,91.304347826087,100,80,23,13,10
16413,4004389,93.3333333333333,100,87.5,30,14,16
16414,4005061,94.7368421052632,100,90,38,18,20
16415,4005612,93.6148936170213,95.45,92,47,22,25
16416,4006102,98.335,96.67,100,60,30,30
16417,4006111,96.6145762711865,96.3,96.88,59,27,32
16418,4006462,100,100,100,53,28,25
16419,4006537,100,100,100,60,30,30
16420,4006885,96.665,93.1,100,60,29,31
16421,4007077,98.15,96.3,100,54,27,27
16422,4007280,100,100,100,60,31,29
16423,4007458,100,100,100,46,24,22
16424,4007577,100,100,100,51,20,31
16425,4008222,100,100,100,62,35,27
16426,4008572,90.7374074074074,90.32,91.3,54,31,23
16427,4009019,96.7196721311475,100,93.33,61,31,30
16428,4009471,98.0759615384615,96.55,100,52,29,23
16429,4009516,98.075,100,96.15,52,26,26
16430,4009599,97.2959459459459,93.33,100,37,15,22
16431,4009671,100,100,100,46,33,13
16432,4009707,100,100,100,50,27,23
16433,4010088,96.0758823529412,96.77,95,51,31,20
16434,4010414,100,100,100,53,29,24
16435,4010450,97.2208333333333,93.33,100,36,15,21
16436,4010468,98.1825454545454,97.06,100,55,34,21
16437,4010708,97.9612244897959,96.3,100,49,27,22
16438,4011467,100,100,100,48,20,28
16439,4011880,97.6192857142857,88.89,100,42,9,33
16440,4011944,100,100,100,53,19,34
16441,4012268,98.0008,100,96.43,50,22,28
16442,4012397,97.96,95.24,100,49,21,28
16443,4012700,100,100,100,39,18,21
16444,4012812,94.7352631578947,91.67,96.15,38,12,26
16445,4013198,100,100,100,32,18,14
16446,4013255,92.1052631578947,81.25,100,38,16,22
16447,4013923,96.2301886792453,95.24,96.88,53,21,32
16448,4013951,92.0036,86.96,96.3,50,23,27
16449,4014247,100,100,100,57,23,34
16450,4014812,95.9193877551021,86.67,100,49,15,34
16451,4015597,89.998,66.67,95.83,30,6,24
16452,4015742,97.1437142857143,92.31,100,35,13,22
16453,4015795,100,100,100,26,4,22
16454,4015801,100,100,100,30,12,18
16455,4015879,96.2974074074074,92.31,100,27,13,14
16456,4016516,100,100,100,24,10,14
16457,4016530,100,100,100,25,8,17
16458,4017112,97.49875,100,96.55,40,11,29
16459,4017577,97.14,100,95.45,35,13,22
16460,4017897,100,100,100,44,13,31
16461,4018095,100,100,100,37,15,22
16462,4018326,100,100,100,45,16,29
16463,4018450,97.5590243902439,100,95.83,41,17,24
16464,4019060,100,100,100,48,25,23
16465,4019504,100,100,100,46,18,28
16466,4019871,97.144,95.24,100,35,21,14
16467,4019961,100,100,100,52,22,30
16468,4020298,100,100,100,41,14,27
16469,4020430,97.3694736842105,94.12,100,38,17,21
16470,4020464,97.3694736842105,95.24,100,38,21,17
16471,4020488,97.5624390243902,94.74,100,41,19,22
16472,4020722,100,100,100,49,26,23
16473,4021541,95.919387755102,100,93.55,49,18,31
16474,4021831,100,100,100,43,21,22
16475,4022036,96.155,100,92.31,26,13,13
16476,4022050,96.876875,100,94.74,32,13,19
16477,4022516,100,100,100,40,22,18
16478,4022817,92.855,100,85.71,42,21,21
16479,4022883,100,100,100,38,21,17
16480,4022913,100,100,100,32,17,15
16481,4022949,97.6166666666667,95.45,100,42,22,20
16482,4023393,92.3069230769231,86.67,95.83,39,15,24
16483,4024151,96.668,100,92.86,30,16,14
16484,4024185,97.5609756097561,100,95,41,21,20
16485,4024504,100,100,100,34,19,15
16486,4024724,100,100,100,27,15,12
16487,4025076,100,100,100,36,16,20
16488,4025409,100,100,100,35,15,20
16489,4025658,100,100,100,38,20,18
16490,4025772,100,100,100,40,21,19
16491,4026182,100,100,100,50,29,21
16492,4026408,100,100,100,54,29,25
16493,4026509,100,100,100,57,26,31
16494,4026777,100,100,100,70,38,32
16495,4026969,100,100,100,65,35,30
16496,4027092,100,100,100,69,36,33
16497,4027161,100,100,100,64,38,26
16498,4027194,98.2463157894737,100,95.24,57,36,21
16499,4027297,96.4912280701754,100,92,57,32,25
16500,4027565,100,100,100,60,34,26
16501,4027757,98.1122641509434,95.65,100,53,23,30
16502,4027778,100,100,100,54,23,31
16503,4027810,100,100,100,54,25,29
16504,4027829,98.2484210526316,100,96.88,57,25,32
16505,4028092,100,100,100,46,25,21
16506,4028459,98.3862903225806,96.55,100,62,29,33
16507,4028686,100,100,100,65,29,36
16508,4029074,97.8695744680851,96.77,100,47,31,16
16509,4029404,100,100,100,47,20,27
16510,4029839,95.9986,94.74,96.77,50,19,31
16511,4029866,96.55,93.33,100,58,30,28
16512,4030084,91.075,92.86,89.29,56,28,28
16513,4030444,98.0392156862745,96,100,51,25,26
16514,4030576,100,100,100,48,22,26
16515,4030672,97.8723404255319,96,100,47,25,22
16516,4030819,97.7766666666667,95.65,100,45,23,22
16517,4030997,97.725,95.45,100,44,22,22
16518,4031072,93.75,87.5,100,16,8,8
16519,4031077,97.2233333333333,95.24,100,36,21,15
16520,4031294,97.5,95,100,40,20,20
16521,4031479,100,100,100,50,24,26
16522,4032013,100,100,100,54,25,29
16523,4032140,98.1132075471698,96,100,53,25,28
16524,4032442,93.0213953488372,94.44,92,43,18,25
16525,4032476,100,100,100,57,29,28
16526,4032540,97.6178571428571,100,96.55,42,13,29
16527,4033568,100,100,100,32,22,10
16528,4033886,100,100,100,50,24,26
16529,4033956,100,100,100,36,13,23
16530,4034213,100,100,100,47,21,26
16531,4034513,97.6732558139535,100,95.65,43,20,23
16532,4034695,100,100,100,28,13,15
16533,4034957,100,100,100,36,24,12
16534,4035022,100,100,100,39,23,16
16535,4035546,100,100,100,34,18,16
16536,4035812,96.2974074074074,100,92.31,27,14,13
16537,4036236,100,100,100,30,16,14
16538,4036887,100,100,100,17,8,9
16539,4037061,100,100,100,12,5,7
16540,4037317,86.6646666666666,85.71,87.5,15,7,8
16541,4037417,75,100,20,16,11,5
16542,4038203,96,90,100,25,10,15
16543,4039404,100,100,100,14,8,6
16544,4039911,100,100,100,22,6,16
16545,4041090,100,100,100,27,13,14
16546,4041167,95.83375,90.91,100,24,11,13
16547,4041327,96.1553846153846,92.86,100,26,14,12
16548,4041351,95.6534782608695,92.31,100,23,13,10
16549,4041481,100,100,100,25,13,12
16550,4041607,100,100,100,23,12,11
16551,4042219,100,100,100,16,7,9
16552,4042261,100,100,100,17,5,12
16553,4042487,100,100,100,13,2,11
16554,4042557,100,100,100,15,5,10
16555,4042608,100,100,100,12,4,8
16556,4042773,100,100,100,15,3,12
16557,4043064,100,100,100,18,4,14
16558,4043274,100,100,100,13,1,12
16559,4043415,87.50375,100,84.62,16,3,13
16560,4043686,100,100,100,16,4,12
16561,4044437,100,100,100,9,3,6
16562,4044965,100,100,100,10,3,7
16563,4045082,100,100,100,9,3,6
16564,4046493,100,100,100,9,1,8
16565,4046666,100,100,100,9,1,8
16566,4046859,85.7142857142857,75,90,14,4,10
16567,4046868,100,100,100,17,6,11
16568,4046975,88.89,83.33,91.67,18,6,12
16569,4047113,100,100,100,17,6,11
16570,4047225,100,100,100,14,3,11
16571,4047365,95,87.5,100,20,8,12
16572,4047491,100,100,100,22,8,14
16573,4048146,91.6683333333333,90.91,92.31,24,11,13
16574,4048236,100,100,100,22,7,15
16575,4048509,100,100,100,23,7,16
16576,4048604,100,100,100,11,4,7
16577,4048608,100,100,100,14,1,13
16578,4048907,100,100,100,20,8,12
16579,4048983,100,100,100,22,5,17
16580,4049243,100,100,100,27,10,17
16581,4049594,100,100,100,22,8,14
16582,4049739,100,100,100,21,9,12
16583,4050024,93.75,87.5,100,16,8,8
16584,4050388,100,100,100,21,8,13
16585,4051420,100,100,100,32,14,18
16586,4051435,100,100,100,33,20,13
16587,4051534,97.06,100,94.12,34,17,17
16588,4051747,97.5609756097561,100,95,41,21,20
16589,4052070,97.6171428571429,95.83,100,42,24,18
16590,4052081,96.0016,92.86,100,25,14,11
16591,4052292,96.2245283018868,93.1,100,53,29,24
16592,4052474,96.8734375,100,93.33,32,17,15
16593,4052484,97.4369230769231,100,95.24,39,18,21
16594,4052514,98.04,96.43,100,51,28,23
16595,4052748,98.0376470588235,100,95.83,51,27,24
16596,4052907,100,100,100,52,23,29
16597,4053003,98.2473684210526,96.67,100,57,30,27
16598,4053252,98.0759615384616,95.65,100,52,23,29
16599,4053341,98.0788461538462,100,96.3,52,25,27
16600,4053785,95.5546666666667,94.74,96.15,45,19,26
16601,4054391,94.1145098039216,90.62,100,51,32,19
16602,4054665,98.0002,96.97,100,50,33,17
16603,4055021,100,100,100,41,22,19
16604,4055368,100,100,100,54,28,26
16605,4055632,100,100,100,37,15,22
16606,4055665,100,100,100,41,30,11
16607,4056029,100,100,100,44,23,21
16608,4056254,97.6190476190476,100,95,42,22,20
16609,4056305,98.0376470588235,95.83,100,51,24,27
16610,4056574,98.2447368421053,100,96.55,57,28,29
16611,4056766,98.44,96.88,100,64,32,32
16612,4056812,100,100,100,57,29,28
16613,4056875,98.0788461538462,96.67,100,52,30,22
16614,4056946,98.3050847457627,96,100,59,25,34
16615,4057322,100,100,100,50,21,29
16616,4057608,100,100,100,38,12,26
16617,4058295,100,100,100,45,20,25
16618,4058340,100,100,100,38,15,23
16619,4058410,91.6683333333333,90,92.86,24,10,14
16620,4058831,100,100,100,41,20,21
16621,4058843,97.5590243902439,100,95.83,41,17,24
16622,4058890,100,100,100,42,24,18
16623,4059203,100,100,100,46,17,29
16624,4059232,100,100,100,40,10,30
16625,4059397,100,100,100,39,13,26
16626,4059404,100,100,100,34,20,14
16627,4059514,100,100,100,24,16,8
16628,4059733,100,100,100,41,13,28
16629,4059871,100,100,100,41,16,25
16630,4059923,100,100,100,42,18,24
16631,4060193,97.2972972972973,100,95,37,17,20
16632,4060493,97.0588235294118,100,95,34,14,20
16633,4060637,96.5489655172414,100,94.44,29,11,18
16634,4061056,78.1275,86.67,70.59,32,15,17
16635,4061612,93.5467741935484,93.75,93.33,31,16,15
16636,4061711,100,100,100,31,15,16
16637,4061792,95.835,92.86,100,24,14,10
16638,4061987,95.6539130434783,92.86,100,23,14,9
16639,4063090,100,100,100,13,5,8
16640,4063631,100,100,100,16,8,8
16641,4063750,85.7142857142857,100,60,14,9,5
16642,4064191,80,100,50,15,9,6
16643,4065345,100,100,100,22,15,7
16644,4065933,100,100,100,28,14,14
16645,4066232,95.6521739130435,100,90,23,13,10
16646,4066370,96.0004,100,88.89,25,16,9
16647,4066572,100,100,100,27,12,15
16648,4066881,100,100,100,32,16,16
16649,4066947,94.735,89.47,100,38,19,19
16650,4067171,100,100,100,36,21,15
16651,4067928,100,100,100,33,18,15
16652,4068108,96.9709090909091,100,92.86,33,19,14
16653,4068149,100,100,100,33,16,17
16654,4068248,97.5624390243902,94.74,100,41,19,22
16655,4068857,95.83375,90.91,100,24,11,13
16656,4068980,100,100,100,26,11,15
16657,4069643,100,100,100,19,7,12
16658,4069947,100,100,100,23,9,14
16659,4070181,100,100,100,28,12,16
16660,4070510,97.2233333333333,95.24,100,36,21,15
16661,4070588,100,100,100,27,15,12
16662,4070755,100,100,100,29,17,12
16663,4071008,97.5015,94.74,100,40,19,21
16664,4071172,95.831875,100,92.59,48,21,27
16665,4071529,100,100,100,46,22,24
16666,4071602,100,100,100,52,26,26
16667,4071981,100,100,100,50,29,21
16668,4072122,100,100,100,47,25,22
16669,4072136,100,100,100,51,28,23
16670,4072308,97.6758139534884,100,94.74,43,24,19
16671,4072454,100,100,100,35,18,17
16672,4072586,100,100,100,46,26,20
16673,4072849,97.7261363636364,96.55,100,44,29,15
16674,4072864,95.83375,100,88.89,24,15,9
16675,4072868,88.8894444444445,71.43,100,18,7,11
16676,4072888,100,100,100,45,28,17
16677,4073069,100,100,100,29,17,12
16678,4073096,100,100,100,39,27,12
16679,4073123,97.825,100,93.33,46,31,15
16680,4073365,100,100,100,35,30,5
16681,4073639,0,0,0,40,32,8
16682,4073776,97.62,100,92.86,42,28,14
16683,4074079,94.9985,96.15,92.86,40,26,14
16684,4074265,100,100,100,41,17,24
16685,4074588,92.1564705882353,93.33,90.48,51,30,21
16686,4074601,95.3506976744186,90.48,100,43,21,22
16687,4074611,83.6755102040816,80.77,86.96,49,26,23
16688,4074723,94.8265517241379,93.33,96.43,58,30,28
16689,4075134,98.3042372881356,96.55,100,59,29,30
16690,4075303,100,100,100,65,34,31
16691,4075820,100,100,100,64,36,28
16692,4075959,96.6101694915254,93.75,100,59,32,27
16693,4076473,100,100,100,53,35,18
16694,4076623,100,100,100,47,31,16
16695,4076660,100,100,100,55,32,23
16696,4076716,100,100,100,58,35,23
16697,4076887,94.5476363636364,91.18,100,55,34,21
16698,4077313,100,100,100,46,35,11
16699,4078281,100,100,100,24,13,11
16700,4079377,94.9985,100,85.71,20,13,7
16701,4079484,100,100,100,15,8,7
16702,4079803,100,100,100,16,7,9
16703,4079857,81.24875,83.33,80,16,6,10
16704,4080419,100,100,100,28,21,7
16705,4080705,100,100,100,34,23,11
16706,4081001,100,100,100,52,27,25
16707,4081424,95.7463829787234,100,90.48,47,26,21
16708,4081577,100,100,100,49,23,26
16709,4081802,100,100,100,51,17,34
16710,4082115,100,100,100,47,24,23
16711,4082445,100,100,100,37,12,25
16712,4082476,95.65,96.15,95,46,26,20
16713,4083444,98.4106349206349,96.77,100,63,31,32
16714,4083465,98.2447368421053,96.55,100,57,29,28
16715,4083549,100,100,100,57,32,25
16716,4083702,98.3593442622951,97.22,100,61,36,25
16717,4083868,100,100,100,68,35,33
16718,4084003,98.335,97.3,100,60,37,23
16719,4084114,92.7543478260869,88.89,96.97,69,36,33
16720,4084392,94.739649122807,96.88,92,57,32,25
16721,4084540,100,100,100,61,31,30
16722,4084891,100,100,100,57,29,28
16723,4085046,100,100,100,37,23,14
16724,4085050,100,100,100,30,13,17
16725,4085430,100,100,100,34,13,21
16726,4085574,92.5925925925926,50,96,27,2,25
16727,4085580,96.8753125,100,88.89,32,23,9
16728,4085791,100,100,100,37,16,21
16729,4086452,100,100,100,27,13,14
16730,4087269,87.49875,85.71,88.89,16,7,9
16731,4088246,100,100,100,26,8,18
16732,4088663,93.6148936170213,95.45,92,47,22,25
16733,4088804,95.7459574468085,100,92.31,47,21,26
16734,4088858,88.8892592592593,71.43,95,27,7,20
16735,4088863,93.3346666666667,92.86,93.75,30,14,16
16736,4089397,94.23,96.15,92.31,52,26,26
16737,4089616,95.741914893617,95.65,95.83,47,23,24
16738,4089823,100,100,100,50,28,22
16739,4090252,97.998,96.15,100,50,26,24
16740,4091060,97.8706382978723,100,95.83,47,23,24
16741,4091114,98.0776923076923,100,96.43,52,24,28
16742,4091573,100,100,100,36,26,10
16743,4091801,100,100,100,41,26,15
16744,4092142,100,100,100,43,24,19
16745,4092317,100,100,100,30,11,19
16746,4092338,100,100,100,32,15,17
16747,4092497,100,100,100,43,27,16
16748,4092531,97.7286363636364,100,94.74,44,25,19
16749,4093434,100,100,100,43,27,16
16750,4093830,97.8723404255319,96,100,47,25,22
16751,4093857,100,100,100,52,29,23
16752,4093865,100,100,100,52,33,19
16753,4094018,100,100,100,58,33,25
16754,4094232,96.4275,97.06,95.45,56,34,22
16755,4095035,100,100,100,69,38,31
16756,4095095,98.5901408450704,100,96.15,71,45,26
16757,4095348,96.9212307692308,97.56,95.83,65,41,24
16758,4095426,98.4863636363636,100,96.67,66,36,30
16759,4095503,98.6688,100,96.88,75,43,32
16760,4095654,98.3325,96.55,100,60,29,31
16761,4095749,98.2758620689655,97.5,100,58,40,18
16762,4095890,97.1036231884058,100,94.29,69,34,35
16763,4096184,100,100,100,53,26,27
16764,4096370,98.2456140350877,100,93.75,57,41,16
16765,4096438,100,100,100,74,40,34
16766,4096507,100,100,100,60,34,26
16767,4097419,97.7261363636364,100,93.33,44,29,15
16768,4097455,100,100,100,53,30,23
16769,4097935,97.999,95.65,100,50,23,27
16770,4097941,100,100,100,46,36,10
16771,4098004,100,100,100,57,36,21
16772,4098177,98.3057627118644,97.06,100,59,34,25
16773,4098319,98.0759615384616,100,95.65,52,29,23
16774,4098809,97.62,100,95.24,42,21,21
16775,4098836,100,100,100,45,27,18
16776,4098887,95.3476744186047,95,95.65,43,20,23
16777,4099762,97.3684210526316,96,100,38,25,13
16778,4099849,100,100,100,41,28,13
16779,4099902,100,100,100,44,29,15
16780,4100272,96.9672727272727,94.44,100,33,18,15
16781,4100485,100,100,100,35,18,17
16782,4100981,100,100,100,47,30,17
16783,4101517,87.8763636363636,80,94.44,33,15,18
16784,4101541,14.2882857142857,5.56,23.53,35,18,17
16785,4101583,100,100,100,33,23,10
16786,4101800,97.3694736842105,100,92.86,38,24,14
16787,4102368,100,100,100,34,17,17
16788,4103378,100,100,100,48,27,21
16789,4103461,97.4369230769231,100,95.24,39,18,21
16790,4103743,100,100,100,49,24,25
16791,4103791,100,100,100,47,26,21
16792,4104106,97.7755555555555,100,96.15,45,19,26
16793,4104113,100,100,100,43,25,18
16794,4104628,100,100,100,55,29,26
16795,4104665,96.665,100,93.33,60,30,30
16796,4104692,100,100,100,42,15,27
16797,4104796,100,100,100,56,27,29
16798,4105041,100,100,100,50,26,24
16799,4105330,100,100,100,50,25,25
16800,4105359,96.0012,100,92.31,50,24,26
16801,4105416,97.915,100,95.83,48,24,24
16802,4105554,97.7272727272727,100,95,44,24,20
16803,4106001,95.6534782608695,100,92.31,46,20,26
16804,4106806,97.559756097561,100,95.65,41,18,23
16805,4107088,97.5624390243902,100,94.74,41,22,19
16806,4107166,97.22,100,94.44,36,18,18
16807,4107262,100,100,100,40,20,20
16808,4107299,96.87625,100,91.67,32,20,12
16809,4107483,96.43,100,91.67,28,16,12
16810,4107735,100,100,100,32,18,14
16811,4108002,100,100,100,34,17,17
16812,4108078,94.2845714285714,94.12,94.44,35,17,18
16813,4108203,100,100,100,41,18,23
16814,4108372,100,100,100,39,16,23
16815,4108922,94.735,100,89.47,38,19,19
16816,4109137,100,100,100,33,19,14
16817,4109215,100,100,100,43,26,17
16818,4109231,97.62,100,95.24,42,21,21
16819,4109257,100,100,100,36,19,17
16820,4109342,97.9591836734694,100,96,49,24,25
16821,4109804,100,100,100,13,6,7
16822,4109809,100,100,100,21,9,12
16823,4110135,100,100,100,39,20,19
16824,4110210,97.3663157894737,100,94.44,38,20,18
16825,4110291,97.4374358974359,100,94.74,39,20,19
16826,4110311,100,100,100,35,17,18
16827,4110660,97.6725581395349,95.83,100,43,24,19
16828,4110891,97.998,100,96.15,50,24,26
16829,4111068,97.7766666666667,100,95.65,45,22,23
16830,4111182,93.8775510204082,100,88,49,24,25
16831,4111823,100,100,100,35,17,18
16832,4112086,97.1405714285714,100,94.44,35,17,18
16833,4112517,96.7754838709677,92.86,100,31,14,17
16834,4112661,96.5531034482759,92.86,100,29,14,15
16835,4112884,80.9552380952381,84.62,75,21,13,8
16836,4113172,96.969696969697,100,95,33,13,20
16837,4113671,91.6666666666667,87.5,95,36,16,20
16838,4114077,97.8239130434783,95.45,100,46,22,24
16839,4114287,97.8723404255319,96,100,47,25,22
16840,4114559,87.5001785714286,77.78,96.55,56,27,29
16841,4114605,97.8269565217391,94.12,100,46,17,29
16842,4114657,98.2775862068966,96.3,100,58,27,31
16843,4114713,96.2245283018868,93.1,100,53,29,24
16844,4114918,100,100,100,54,26,28
16845,4115178,98.0776923076923,96.43,100,52,28,24
16846,4115325,97.7755555555555,96.15,100,45,26,19
16847,4116495,95.3518604651163,92.31,96.67,43,13,30
16848,4116789,98.3854838709677,97.14,100,62,35,27
16849,4117004,97.5585365853659,100,95.45,41,19,22
16850,4117154,100,100,100,44,26,18
16851,4117603,97.78,96.3,100,45,27,18
16852,4117701,94.7342105263158,95.65,93.33,38,23,15
16853,4118097,100,100,100,40,24,16
16854,4118288,94.8707692307692,94.44,95.24,39,18,21
16855,4118863,100,100,100,34,18,16
16856,4119181,90.6259375,93.33,88.24,32,15,17
16857,4119802,97.5619512195122,92.86,100,41,14,27
16858,4119946,100,100,100,48,19,29
16859,4120177,100,100,100,45,17,28
16860,4120224,100,100,100,33,20,13
16861,4120437,97.7261363636364,100,95.65,44,21,23
16862,4120792,100,100,100,32,15,17
16863,4120993,95.002,100,92.86,40,12,28
16864,4121220,95.4559090909091,92.31,100,22,13,9
16865,4121224,85.7171428571429,0,94.74,21,2,19
16866,4121341,100,100,100,47,23,24
16867,4121442,100,100,100,46,16,30
16868,4121581,97.6178571428571,93.33,100,42,15,27
16869,4121753,100,100,100,46,18,28
16870,4121931,100,100,100,44,19,25
16871,4122030,100,100,100,43,18,25
16872,4122713,100,100,100,41,25,16
16873,4123451,96.8753125,90.91,100,32,11,21
16874,4123518,98.2125,100,95.45,56,34,22
16875,4123587,97.96,96.43,100,49,28,21
16876,4123734,98.2433333333333,96.77,100,57,31,26
16877,4123803,97.8731914893617,100,92.86,47,33,14
16878,4124101,96.1538461538462,96.67,95.45,52,30,22
16879,4124220,98.1132075471698,100,96,53,28,25
16880,4124589,94.342641509434,92.31,96.3,53,26,27
16881,4124627,100,100,100,57,30,27
16882,4124832,94.5418181818182,93.1,96.15,55,29,26
16883,4124882,97.9571428571429,100,96.15,49,23,26
16884,4125464,100,100,100,36,17,19
16885,4125909,100,100,100,47,29,18
16886,4126427,100,100,100,45,29,16
16887,4126871,100,100,100,46,29,17
16888,4126927,97.825,96.55,100,46,29,17
16889,4127523,100,100,100,32,22,10
16890,4127662,100,100,100,36,19,17
16891,4127779,97.91875,96.3,100,48,27,21
16892,4127806,100,100,100,43,23,20
16893,4127875,97.8744680851064,96.3,100,47,27,20
16894,4128121,97.6725581395349,95.83,100,43,24,19
16895,4128168,100,100,100,38,22,16
16896,4128750,97.0564705882353,94.44,100,34,18,16
16897,4128946,97.5609756097561,95,100,41,20,21
16898,4129039,100,100,100,42,18,24
16899,4129240,97.2959459459459,93.33,100,37,15,22
16900,4129734,100,100,100,38,21,17
16901,4130034,94.1211764705882,91.67,96.3,51,24,27
16902,4130085,98.0372549019608,95.45,100,51,22,29
16903,4130709,100,100,100,53,24,29
16904,4130843,98.04,100,96.43,51,23,28
16905,4130901,100,100,100,50,19,31
16906,4131501,100,100,100,51,22,29
16907,4131590,95.5522222222222,95.45,95.65,45,22,23
16908,4131659,100,100,100,32,8,24
16909,4131678,100,100,100,20,15,5
16910,4131683,100,100,100,25,21,4
16911,4131710,97.7272727272727,100,96,44,19,25
16912,4131719,97.7281818181818,100,95.24,44,23,21
16913,4131789,100,100,100,46,21,25
16914,4131834,100,100,100,39,18,21
16915,4131906,100,100,100,35,18,17
16916,4132107,96.9709090909091,94.12,100,33,17,16
16917,4132187,100,100,100,32,15,17
16918,4132752,96.155,100,92.31,26,13,13
16919,4132851,96.2974074074074,100,92.31,27,14,13
16920,4132974,88.2358823529412,71.43,100,17,7,10
16921,4133538,82.3511764705882,80,85.71,17,10,7
16922,4133703,85,80,100,20,15,5
16923,4133712,83.3333333333333,80,87.5,18,10,8
16924,4133743,81.8163636363636,83.33,80,22,12,10
16925,4134064,92.5948148148148,94.74,87.5,27,19,8
16926,4134409,97.0564705882353,95.83,100,34,24,10
16927,4134532,93.1010344827586,92.59,100,29,27,2
16928,4134685,92.5925925925926,90,100,27,20,7
16929,4134916,100,100,100,31,26,5
16930,4134925,90.4766666666667,90.91,90,21,11,10
16931,4134982,87.4975,83.33,100,32,24,8
16932,4134999,93.5509677419355,91.67,100,31,24,7
16933,4135021,100,100,100,27,16,11
16934,4135126,100,100,100,26,18,8
16935,4135131,100,100,100,12,5,7
16936,4135141,90.9127272727273,88.24,100,22,17,5
16937,4135158,87.0983870967742,78.95,100,31,19,12
16938,4135189,90.002,88.89,91.67,30,18,12
16939,4135519,100,100,100,38,24,14
16940,4135620,100,100,100,36,24,12
16941,4135876,100,100,100,36,19,17
16942,4136101,95.0025,95.24,94.74,40,21,19
16943,4136408,97.2233333333333,91.67,100,36,12,24
16944,4137008,97.7755555555555,95.45,100,45,22,23
16945,4137035,86.4851351351351,80.95,93.75,37,21,16
16946,4137304,100,100,100,39,23,16
16947,4137422,94.8707692307692,94.44,95.24,39,18,21
16948,4137496,100,100,100,37,20,17
16949,4137998,97.4358974358974,100,95,39,19,20
16950,4138698,93.7478125,100,89.47,32,13,19
16951,4138818,97.0591176470588,90.91,100,34,11,23
16952,4139846,100,100,100,42,19,23
16953,4140494,94.5476363636364,100,89.29,55,27,28
16954,4140566,92.1586274509804,100,86.21,51,22,29
16955,4140690,94.9138983050847,96.15,93.94,59,26,33
16956,4140708,96.2962962962963,100,93.75,54,22,32
16957,4140717,93.7503125,100,71.43,32,25,7
16958,4140756,98.0411764705882,100,96.3,51,24,27
16959,4140977,100,100,100,54,24,30
16960,4141311,100,100,100,56,22,34
16961,4141654,98.3052542372881,100,96.97,59,26,33
16962,4141805,98.1107547169811,100,96.77,53,22,31
16963,4141818,100,100,100,53,27,26
16964,4142396,98.002,96.3,100,50,27,23
16965,4142548,96.2264150943396,100,93.75,53,21,32
16966,4142681,97.9175,100,96.43,48,20,28
16967,4142851,100,100,100,55,25,30
16968,4143076,96.0770588235294,94.44,96.97,51,18,33
16969,4143341,100,100,100,52,21,31
16970,4144266,100,100,100,58,32,26
16971,4144688,95.834375,100,86.67,48,33,15
16972,4145102,97.2983783783784,96.43,100,37,28,9
16973,4145387,97.5617073170732,100,92.31,41,28,13
16974,4145399,97.14,96.15,100,35,26,9
16975,4145567,94.7352631578947,96.15,91.67,38,26,12
16976,4145839,94.5948648648649,100,71.43,37,30,7
16977,4145872,100,100,100,46,26,20
16978,4146251,97.4358974358974,93.75,100,39,16,23
16979,4146435,94.7389473684211,88.24,100,38,17,21
16980,4146885,100,100,100,43,26,17
16981,4146903,97.6190476190476,95,100,42,20,22
16982,4146957,95.4527272727273,95.83,95,44,24,20
16983,4146978,95.4543181818182,95.65,95.24,44,23,21
16984,4148219,100,100,100,32,12,20
16985,4148280,100,100,100,38,21,17
16986,4148471,97.4369230769231,100,94.12,39,22,17
16987,4148550,100,100,100,36,23,13
16988,4148578,100,100,100,38,17,21
16989,4148658,97.2951351351351,94.44,100,37,18,19
16990,4148704,100,100,100,39,21,18
16991,4148730,100,100,100,37,18,19
16992,4148955,97.6720930232558,96.15,100,43,26,17
16993,4149030,100,100,100,35,18,17
16994,4149112,97.3694736842105,95.24,100,38,21,17
16995,4149286,100,100,100,34,18,16
16996,4149351,100,100,100,32,14,18
16997,4149450,100,100,100,30,19,11
16998,4149763,95.6521739130435,87.5,100,23,8,15
16999,4150093,100,100,100,22,13,9
17000,4150516,96.8734375,93.33,100,32,15,17
17001,4150636,100,100,100,30,19,11
17002,4150946,96.87625,100,94.12,32,15,17
17003,4151249,100,100,100,32,17,15
17004,4151569,100,100,100,28,14,14
17005,4151678,100,100,100,34,17,17
17006,4151807,100,100,100,32,18,14
17007,4151974,100,100,100,23,17,6
17008,4152554,100,100,100,26,9,17
17009,4152656,100,100,100,26,14,12
17010,4152788,100,100,100,22,8,14
17011,4153943,100,100,100,22,7,15
17012,4154254,96.1538461538462,90,100,26,10,16
17013,4154566,100,100,100,28,11,17
17014,4154761,96.551724137931,100,93.75,29,13,16
17015,4155170,100,100,100,31,13,18
17016,4155509,100,100,100,35,17,18
17017,4155538,100,100,100,24,18,6
17018,4155652,100,100,100,28,17,11
17019,4156224,97.2951351351351,100,95.83,37,13,24
17020,4156536,100,100,100,32,14,18
17021,4156887,97.62,100,95.24,42,21,21
17022,4157126,100,100,100,36,19,17
17023,4157181,100,100,100,37,18,19
17024,4157613,100,100,100,40,20,20
17025,4158060,100,100,100,41,23,18
17026,4158290,88.8888888888889,80,100,27,15,12
17027,4158299,93.3333333333333,87.5,100,30,16,14
17028,4158503,97.295945945946,95.65,100,37,23,14
17029,4158686,97.62,95.24,100,42,21,21
17030,4158922,100,100,100,43,26,17
17031,4159004,100,100,100,39,21,18
17032,4159043,100,100,100,38,21,17
17033,4159094,95.5546666666667,96.15,94.74,45,26,19
17034,4159198,100,100,100,40,22,18
17035,4160039,100,100,100,30,14,16
17036,4160063,96.5531034482759,100,94.12,29,12,17
17037,4160143,94.7368421052632,90,100,19,10,9
17038,4160164,90.626875,92.86,88.89,32,14,18
17039,4160177,95.835,92.86,100,24,14,10
17040,4160182,100,100,100,10,7,3
17041,4160210,96.55,100,93.33,29,14,15
17042,4160231,90.910303030303,87.5,94.12,33,16,17
17043,4160861,78.57,83.33,75,14,6,8
17044,4161385,100,100,100,16,10,6
17045,4162224,94.1176470588235,90,100,17,10,7
17046,4162414,100,100,100,21,10,11
17047,4162572,93.3333333333333,100,80,15,10,5
17048,4162732,100,100,100,22,13,9
17049,4162779,100,100,100,25,13,12
17050,4163076,96.0012,100,92.31,25,12,13
17051,4163331,95.6526086956522,100,90.91,23,12,11
17052,4164531,100,100,100,13,4,9
17053,4164699,100,100,100,20,10,10
17054,4165028,90.4761904761905,80,100,21,10,11
17055,4165041,100,100,100,18,7,11
17056,4165341,95,100,90,20,10,10
17057,4165545,92.8571428571429,100,80,14,9,5
17058,4165564,100,100,100,16,11,5
17059,4165869,100,100,100,18,11,7
17060,4166674,88.89,66.67,100,9,3,6
17061,4166940,90,75,100,10,4,6
17062,4167364,92.3076923076923,100,87.5,13,5,8
17063,4168015,100,100,100,11,5,6
17064,4168189,100,100,100,10,3,7
17065,4168539,50,100,0,4,2,2
17066,4169325,85.7142857142857,75,90,14,4,10
17067,4170525,100,100,100,13,9,4
17068,4171032,100,100,100,13,5,8
17069,4172097,100,100,100,12,7,5
17070,4172243,100,100,100,18,8,10
17071,4172255,100,100,100,15,7,8
17072,4172646,100,100,100,14,7,7
17073,4172715,100,100,100,10,5,5
17074,4172865,100,100,100,13,5,8
17075,4173368,100,100,100,9,4,5
17076,4173623,100,100,100,11,4,7
17077,4173700,85.7142857142857,100,50,7,5,2
17078,4173751,100,100,100,7,3,4
17079,4173772,87.5,100,80,8,3,5
17080,4173782,87.5,80,100,8,5,3
17081,4174185,76.9223076923077,83.33,71.43,13,6,7
17082,4174388,100,100,100,8,2,6
17083,4174479,100,100,100,7,6,1
17084,4174541,100,100,100,8,2,6
17085,4174656,91.6641666666666,100,85.71,12,5,7
17086,4174866,100,100,100,13,5,8
17087,4174892,92.3076923076923,100,87.5,13,5,8
17088,4174920,80.0006666666667,71.43,87.5,15,7,8
17089,4176091,100,100,100,27,16,11
17090,4176220,100,100,100,32,17,15
17091,4176250,100,100,100,20,9,11
17092,4176451,93.5509677419355,90.48,100,31,21,10
17093,4176586,97.1445714285714,94.74,100,35,19,16
17094,4177033,95.835,92.86,100,24,14,10
17095,4177042,91.3078260869565,88.24,100,23,17,6
17096,4177312,89.2885714285714,86.67,92.31,28,15,13
17097,4177676,100,100,100,29,19,10
17098,4178035,93.1062068965517,88.24,100,29,17,12
17099,4178296,100,100,100,29,19,10
17100,4179174,96.155,92.31,100,26,13,13
17101,4179188,100,100,100,19,9,10
17102,4180347,100,100,100,20,7,13
17103,4180362,96.1553846153846,92.86,100,26,14,12
17104,4180576,95.2385714285714,100,90.91,21,10,11
17105,4180629,95.2380952380952,100,90,21,11,10
17106,4181369,91.6675,100,81.82,24,13,11
17107,4181554,100,100,100,22,14,8
17108,4181810,94.1182352941177,100,90.91,17,6,11
17109,4181902,96.1519230769231,100,93.33,26,11,15
17110,4182097,100,100,100,24,9,15
17111,4182172,100,100,100,25,9,16
17112,4182203,95,87.5,100,20,8,12
17113,4182263,100,100,100,23,6,17
17114,4182269,94.445,88.89,100,18,9,9
17115,4182692,91.3052173913044,66.67,100,23,6,17
17116,4182721,93.33,93.33,93.33,30,15,15
17117,4182958,97.2972972972973,93.75,100,37,16,21
17118,4183246,100,100,100,38,18,20
17119,4183792,93.1041379310345,100,90.91,29,7,22
17120,4183957,91.6675,100,66.67,12,9,3
17121,4184140,93.5490322580645,100,90.91,31,9,22
17122,4184228,100,100,100,26,8,18
17123,4184366,96.4257142857143,100,94.44,28,10,18
17124,4184479,91.3065217391304,100,86.67,23,8,15
17125,4184488,96.1507692307692,100,94.44,26,8,18
17126,4184578,93.9393939393939,100,92,33,8,25
17127,4184626,96.7741935483871,100,95,31,11,20
17128,4184693,100,100,100,34,8,26
17129,4184872,97.14,100,96.15,35,9,26
17130,4185407,96.2985185185185,100,94.74,27,8,19
17131,4185437,97.1457142857143,100,96.67,35,5,30
17132,4185824,100,100,100,45,15,30
17133,4185927,97.7748888888889,100,96.77,45,14,31
17134,4186061,100,100,100,37,10,27
17135,4186092,100,100,100,37,17,20
17136,4186149,97.501,92.86,100,40,14,26
17137,4186200,100,100,100,26,16,10
17138,4186295,100,100,100,37,13,24
17139,4186340,97.2233333333333,91.67,100,36,12,24
17140,4186673,97.4975,100,96.15,40,14,26
17141,4187219,97.5590243902439,100,95.83,41,17,24
17142,4187421,97.5609756097561,93.75,100,41,16,25
17143,4187859,100,100,100,47,14,33
17144,4188302,97.6781395348837,100,96.88,43,11,32
17145,4188470,100,100,100,43,13,30
17146,4188567,97.8263043478261,100,96.97,46,13,33
17147,4188617,100,100,100,37,9,28
17148,4188692,97.4369230769231,92.86,100,39,14,25
17149,4188900,97.4384615384615,100,96.3,39,12,27
17150,4189208,100,100,100,24,9,15
17151,4189263,100,100,100,32,11,21
17152,4189418,100,100,100,29,9,20
17153,4189452,100,100,100,23,10,13
17154,4190527,96.7754838709677,92.86,100,31,14,17
17155,4190837,100,100,100,23,13,10
17156,4190925,100,100,100,21,13,8
17157,4190945,100,100,100,26,13,13
17158,4191239,100,100,100,27,17,10
17159,4191851,100,100,100,39,24,15
17160,4192000,100,100,100,39,25,14
17161,4192237,100,100,100,38,23,15
17162,4192312,97.2983783783784,100,92.86,37,23,14
17163,4192547,100,100,100,31,22,9
17164,4192668,100,100,100,34,19,15
17165,4192817,100,100,100,34,20,14
17166,4192830,100,100,100,36,22,14
17167,4193337,97.295945945946,95.65,100,37,23,14
17168,4193923,97.7281818181818,100,95.24,44,23,21
17169,4193978,100,100,100,43,23,20
17170,4194079,100,100,100,46,22,24
17171,4194131,97.5,95,100,40,20,20
17172,4194772,97.8239130434783,96.15,100,46,26,20
17173,4195173,100,100,100,29,13,16
17174,4195183,100,100,100,25,11,14
17175,4195213,100,100,100,27,14,13
17176,4195228,95.4559090909091,100,92.31,22,9,13
17177,4195293,97.144,100,92.86,35,21,14
17178,4195798,100,100,100,33,17,16
17179,4195854,100,100,100,38,21,17
17180,4195954,100,100,100,40,23,17
17181,4196158,100,100,100,31,15,16
17182,4196219,100,100,100,39,21,18
17183,4196233,97.5,96,100,40,25,15
17184,4196461,100,100,100,42,26,16
17185,4196749,94.4416666666667,91.3,100,36,23,13
17186,4196907,81.2509375,88.24,73.33,32,17,15
17187,4196928,96.7754838709677,100,92.86,31,17,14
17188,4197012,100,100,100,24,13,11
17189,4197120,100,100,100,34,19,15
17190,4197181,100,100,100,33,18,15
17191,4197323,100,100,100,34,18,16
17192,4197545,100,100,100,34,19,15
17193,4197735,93.0209302325581,91.3,95,43,23,20
17194,4197932,97.4374358974359,94.74,100,39,19,20
17195,4198214,95.65,100,91.3,46,23,23
17196,4198236,100,100,100,48,24,24
17197,4198593,98.0769230769231,96,100,52,25,27
17198,4198794,97.7791111111111,100,94.74,45,26,19
17199,4198841,84.784347826087,78.95,88.89,46,19,27
17200,4198851,84.2068421052631,83.33,85.71,38,24,14
17201,4198866,85.1048936170213,75,92.59,47,20,27
17202,4198875,76.9226923076923,78.26,66.67,26,23,3
17203,4198880,88,80,100,25,15,10
17204,4199108,100,100,100,57,30,27
17205,4199661,97.8712765957447,96.55,100,47,29,18
17206,4199760,94.6433928571429,88.89,100,56,27,29
17207,4200619,92.1549019607843,90.62,94.74,51,32,19
17208,4200894,92.6826829268293,84.21,100,41,19,22
17209,4200903,95,90,100,40,20,20
17210,4200987,88.4615384615385,75,100,26,12,14
17211,4200992,100,100,100,29,10,19
17212,4201628,97.2983783783784,92.86,100,37,14,23
17213,4201977,90.1972549019608,88,92.31,51,25,26
17214,4202491,95.7463829787234,90.48,100,47,21,26
17215,4202872,97.9591836734694,96,100,49,25,24
17216,4202934,95.556,94.44,96.3,45,18,27
17217,4203133,96.43,100,91.67,56,32,24
17218,4203471,96.3618181818182,97.14,95,55,35,20
17219,4203530,100,100,100,60,29,31
17220,4203818,96.55,93.33,100,58,30,28
17221,4204170,98.4114285714286,97.22,100,63,36,27
17222,4204209,100,100,100,46,28,18
17223,4204359,96.664,95.83,97.22,60,24,36
17224,4204490,98.4142857142857,96.67,100,63,30,33
17225,4204607,100,100,100,55,30,25
17226,4204880,100,100,100,54,30,24
17227,4205014,100,100,100,50,25,25
17228,4205053,97.6732558139535,100,93.33,43,28,15
17229,4205105,100,100,100,54,26,28
17230,4205290,100,100,100,50,25,25
17231,4205582,95.83375,100,90.91,48,26,22
17232,4205734,97.8706382978723,100,95.83,47,23,24
17233,4206363,100,100,100,48,24,24
17234,4206618,100,100,100,50,27,23
17235,4207037,91.8902702702703,83.33,100,37,18,19
17236,4207249,97.1405714285714,100,94.44,35,17,18
17237,4207687,89.2842857142857,76.92,100,28,13,15
17238,4208162,91.3030434782609,85.71,93.75,23,7,16
17239,4208428,94.7373684210526,100,90.91,19,8,11
17240,4208852,95.6534782608695,100,92.31,23,10,13
17241,4209503,100,100,100,21,5,16
17242,4209677,95.24,100,92.86,21,7,14
17243,4209941,55.555,100,11.11,18,9,9
17244,4210727,86.9578260869565,100,72.73,23,12,11
17245,4211927,100,100,100,18,11,7
17246,4212434,96.1561538461538,100,94.74,26,7,19
17247,4213283,100,100,100,26,11,15
17248,4213379,100,100,100,24,10,14
17249,4213887,96.1519230769231,100,93.33,26,11,15
17250,4213944,94.7384210526316,100,92.31,19,6,13
17251,4214397,100,100,100,15,11,4
17252,4214569,100,100,100,20,9,11
17253,4214649,90,92.31,85.71,20,13,7
17254,4214677,95.2380952380952,100,90,21,11,10
17255,4214899,88.2364705882353,100,81.82,17,6,11
17256,4215082,100,100,100,16,7,9
17257,4215165,93.3313333333333,100,85.71,15,8,7
17258,4215178,87.49875,88.89,85.71,16,9,7
17259,4215226,88.2358823529412,88.89,87.5,17,9,8
17260,4215426,84.211052631579,90.91,75,19,11,8
17261,4215456,93.748125,100,85.71,16,9,7
17262,4215787,90.4785714285714,88.89,91.67,21,9,12
17263,4215865,96.4285714285714,100,93.75,28,12,16
17264,4216178,96.7761290322581,100,94.74,31,12,19
17265,4216352,100,100,100,28,14,14
17266,4216573,100,100,100,34,16,18
17267,4216685,100,100,100,39,18,21
17268,4216774,100,100,100,36,16,20
17269,4216849,97.2983783783784,100,95.24,37,16,21
17270,4216861,97.3684210526316,100,95,38,18,20
17271,4217017,100,100,100,41,22,19
17272,4217431,97.3657894736842,95.45,100,38,22,16
17273,4217478,97.3694736842105,95.24,100,38,21,17
17274,4217503,89.2867857142857,72.73,100,28,11,17
17275,4217508,92.3084615384615,66.67,100,13,3,10
17276,4217539,93.3313333333333,85.71,100,30,14,16
17277,4217568,97.22,94.44,100,36,18,18
17278,4217668,97.6732558139535,100,95.65,43,20,23
17279,4217824,97.144,94.12,100,35,17,18
17280,4217829,100,100,100,34,19,15
17281,4217925,97.5590243902439,100,94.44,41,23,18
17282,4217989,97.9575510204082,95.83,100,49,24,25
17283,4218759,100,100,100,36,21,15
17284,4219032,100,100,100,33,22,11
17285,4219235,100,100,100,38,24,14
17286,4219271,97.4358974358974,96,100,39,25,14
17287,4219590,100,100,100,33,17,16
17288,4219686,97.2972972972973,100,93.75,37,21,16
17289,4219803,100,100,100,31,18,13
17290,4220793,94.7373684210526,88.89,100,19,9,10
17291,4220937,79.998,85.71,75,15,7,8
17292,4221497,83.3333333333333,90,50,12,10,2
17293,4221567,90.9090909090909,100,75,11,7,4
17294,4221684,90.001,100,66.67,10,7,3
17295,4222625,63.6345454545455,57.14,75,11,7,4
17296,4223029,100,100,100,19,9,10
17297,4223242,94.7368421052632,87.5,100,19,8,11
17298,4223251,100,100,100,19,9,10
17299,4223703,88.89,83.33,91.67,18,6,12
17300,4223906,94.1176470588235,75,100,17,4,13
17301,4224017,100,100,100,21,11,10
17302,4224270,96.1507692307692,100,94.44,26,8,18
17303,4224354,100,100,100,16,7,9
17304,4224359,100,100,100,27,14,13
17305,4224458,100,100,100,30,12,18
17306,4224681,100,100,100,27,9,18
17307,4224950,100,100,100,30,10,20
17308,4225124,100,100,100,36,15,21
17309,4225545,100,100,100,25,6,19
17310,4225613,97.2959459459459,100,93.33,37,22,15
17311,4226078,97.5624390243902,94.74,100,41,19,22
17312,4226163,94.5962162162162,84.62,100,37,13,24
17313,4226223,97.7791111111111,94.74,100,45,19,26
17314,4226894,100,100,100,38,16,22
17315,4227203,100,100,100,43,16,27
17316,4227420,97.6197619047619,92.31,100,42,13,29
17317,4227884,100,100,100,27,15,12
17318,4227954,95.35,86.67,100,43,15,28
17319,4228190,100,100,100,35,15,20
17320,4228217,100,100,100,43,16,27
17321,4228556,97.6214285714286,100,96.3,42,15,27
17322,4228940,100,100,100,33,10,23
17323,4229208,97.2981081081081,92.31,100,37,13,24
17324,4229432,100,100,100,37,20,17
17325,4229556,100,100,100,41,17,24
17326,4229723,100,100,100,37,20,17
17327,4229898,100,100,100,36,17,19
17328,4229927,100,100,100,36,19,17
17329,4230427,96.668,92.86,100,30,14,16
17330,4230484,100,100,100,28,10,18
17331,4230715,100,100,100,26,10,16
17332,4230729,100,100,100,31,12,19
17333,4230748,100,100,100,34,15,19
17334,4230918,100,100,100,36,16,20
17335,4231413,96.668,100,94.12,30,13,17
17336,4231560,100,100,100,25,7,18
17337,4232544,100,100,100,27,9,18
17338,4232695,100,100,100,34,13,21
17339,4232848,100,100,100,33,13,20
17340,4233253,95.4545454545455,100,87.5,22,14,8
17341,4233836,92.8578571428571,100,90.91,28,6,22
17342,4233843,96.9681818181818,100,93.33,33,18,15
17343,4233864,100,100,100,31,16,15
17344,4233897,97.4338461538462,100,95.83,39,15,24
17345,4233960,100,100,100,37,16,21
17346,4233978,94.7376315789474,92.31,96,38,13,25
17347,4234019,97.5585365853659,100,96.15,41,15,26
17348,4234220,96.668,100,94.12,30,13,17
17349,4234931,96.668,100,95.24,30,9,21
17350,4235001,96.87625,100,94.12,32,15,17
17351,4235094,100,100,100,26,13,13
17352,4235106,95.24,100,91.67,21,9,12
17353,4235252,96.5531034482759,100,92.86,29,15,14
17354,4235849,47.0564705882353,33.33,80,17,12,5
17355,4236500,96.0016,94.12,100,25,17,8
17356,4236805,100,100,100,34,23,11
17357,4237030,97.144,100,95.24,35,14,21
17358,4237249,100,100,100,32,11,21
17359,4237438,100,100,100,45,27,18
17360,4237815,98.1481481481482,100,96,54,29,25
17361,4237929,100,100,100,43,26,17
17362,4237956,95.556,100,81.82,45,34,11
17363,4238200,98.0776923076923,100,95.24,52,31,21
17364,4238463,100,100,100,53,24,29
17365,4238589,97.144,91.67,100,35,12,23
17366,4238597,100,100,100,51,26,25
17367,4238666,97.6178571428572,95.65,100,42,23,19
17368,4238684,100,100,100,34,19,15
17369,4238697,100,100,100,29,7,22
17370,4238711,91.1735294117647,96.15,75,34,26,8
17371,4238720,90.9097727272727,82.61,100,44,23,21
17372,4238916,93.8759183673469,86.36,100,49,22,27
17373,4239473,97.8282608695652,96.3,100,46,27,19
17374,4239521,95.6521739130435,92,100,46,25,21
17375,4239594,100,100,100,35,24,11
17376,4239825,97.501,95.24,100,40,21,19
17377,4240267,88.888,83.33,95.24,45,24,21
17378,4240604,100,100,100,39,22,17
17379,4240625,97.5590243902439,100,94.44,41,23,18
17380,4240635,96.6666666666667,100,87.5,30,22,8
17381,4240661,95.7451063829787,100,88.89,47,29,18
17382,4240676,95.556,96.3,94.44,45,27,18
17383,4240691,97.959387755102,96.97,100,49,33,16
17384,4241472,100,100,100,41,22,19
17385,4242279,93.1055172413793,100,84.62,29,16,13
17386,4242369,79.1704166666667,84.62,72.73,24,13,11
17387,4242696,100,100,100,35,19,16
17388,4243082,90.4752380952381,88.46,93.75,42,26,16
17389,4243346,97.8269565217391,100,94.12,46,29,17
17390,4243368,97.3671052631579,96.55,100,38,29,9
17391,4243595,96.4271428571429,97.22,95,56,36,20
17392,4243717,93.9418181818182,91.67,95.24,33,12,21
17393,4243784,97.6214285714286,96.3,100,42,27,15
17394,4243919,100,100,100,58,35,23
17395,4243984,98.3316666666667,97.14,100,60,35,25
17396,4244207,96.6676666666667,100,92.31,60,34,26
17397,4244743,100,100,100,46,20,26
17398,4245299,98.334,96.43,100,60,28,32
17399,4245400,98.336,97.44,100,60,39,21
17400,4245947,98.1809090909091,100,93.33,55,40,15
17401,4245982,94.9963333333333,94.59,95.65,60,37,23
17402,4246019,98.2463157894737,100,96.43,57,29,28
17403,4246537,97.1805633802817,97.22,97.14,71,36,35
17404,4246946,98.4603076923077,100,97.22,65,29,36
17405,4247166,100,100,100,81,46,35
17406,4247361,100,100,100,83,47,36
17407,4247538,100,100,100,84,43,41
17408,4247741,98.72,97.44,100,78,39,39
17409,4248278,96.4267857142857,100,93.33,56,26,30
17410,4248319,98.0372549019608,100,96.15,51,25,26
17411,4248388,98.2736206896552,100,96.77,58,27,31
17412,4248877,100,100,100,46,15,31
17413,4249717,98.0376470588235,95.83,100,51,24,27
17414,4249897,93.75,91.67,95.83,48,24,24
17415,4249972,97.8723404255319,100,96,47,22,25
17416,4250053,97.7755555555555,100,96.15,45,19,26
17417,4250118,96.875,90,100,32,10,22
17418,4250134,94.4472222222222,94.12,94.74,36,17,19
17419,4250352,100,100,100,46,23,23
17420,4250423,97.06,95.24,100,34,21,13
17421,4250782,82.7613793103448,88.24,75,29,17,12
17422,4251514,84.6115384615384,85.71,83.33,13,7,6
17423,4251694,70.5894117647059,42.86,90,17,7,10
17424,4251798,83.3308333333333,85.71,80,24,14,10
17425,4251874,90.4761904761905,80,100,21,10,11
17426,4251887,100,100,100,19,8,11
17427,4251903,85.0015,66.67,100,20,9,11
17428,4252426,90,80,100,30,15,15
17429,4252557,92.86,92.86,92.86,28,14,14
17430,4252570,95.6539130434783,91.67,100,23,12,11
17431,4252656,93.9406060606061,94.12,93.75,33,17,16
17432,4253157,97.14,95.45,100,35,22,13
17433,4253697,100,100,100,39,17,22
17434,4253909,100,100,100,37,17,20
17435,4254299,100,100,100,39,18,21
17436,4254493,100,100,100,43,21,22
17437,4254736,97.915,100,95.83,48,24,24
17438,4254805,97.2233333333333,100,94.12,36,19,17
17439,4254934,100,100,100,45,25,20
17440,4254994,95.1231707317073,100,86.67,41,26,15
17441,4255202,100,100,100,40,20,20
17442,4255279,100,100,100,41,22,19
17443,4255469,97.2983783783784,92.86,100,37,14,23
17444,4255822,100,100,100,44,26,18
17445,4256383,95.83375,88.89,100,24,9,15
17446,4256715,100,100,100,37,18,19
17447,4256930,97.1405714285714,94.44,100,35,18,17
17448,4257152,100,100,100,31,17,14
17449,4257164,92.8585714285714,93.75,91.67,28,16,12
17450,4257416,93.332,94.44,91.67,30,18,12
17451,4258130,100,100,100,30,11,19
17452,4258558,100,100,100,31,15,16
17453,4258753,100,100,100,20,8,12
17454,4259327,96.664,100,94.44,30,12,18
17455,4259346,100,100,100,31,13,18
17456,4259391,100,100,100,30,12,18
17457,4259521,97.144,94.12,100,35,17,18
17458,4259692,96.43,91.67,100,28,12,16
17459,4259728,100,100,100,28,14,14
17460,4259866,96.7725806451613,93.33,100,31,15,16
17461,4260591,92.8571428571429,100,90,14,4,10
17462,4260648,88.89,88.89,88.89,18,9,9
17463,4261155,90.4771428571429,77.78,100,21,9,12
17464,4261533,86.365,90.91,81.82,22,11,11
17465,4261934,100,100,100,22,7,15
17466,4261990,96.1542307692308,90.91,100,26,11,15
17467,4262461,91.665,83.33,100,24,12,12
17468,4262489,93.5503225806452,84.62,100,31,13,18
17469,4263098,94.1158823529412,85.71,100,34,14,20
17470,4263621,97.8723404255319,96,100,47,25,22
17471,4263644,96.0770588235294,92.59,100,51,27,24
17472,4263983,100,100,100,56,27,29
17473,4264157,97.9591836734694,100,96,49,24,25
17474,4264366,97.8239130434783,100,95.45,46,24,22
17475,4264404,94.7347368421053,94.44,95,38,18,20
17476,4264561,95.4543181818182,95.65,95.24,44,23,21
17477,4264719,92.6787804878049,89.47,95.45,41,19,22
17478,4264756,94.2842857142857,95,93.33,35,20,15
17479,4264780,100,100,100,39,16,23
17480,4264789,95.556,96.3,94.44,45,27,18
17481,4264951,100,100,100,29,11,18
17482,4264992,100,100,100,43,26,17
17483,4265115,95.1187804878049,94.44,95.65,41,18,23
17484,4265337,100,100,100,41,19,22
17485,4265556,95.1209756097561,95.45,94.74,41,22,19
17486,4266038,93.8775510204082,100,87.5,49,25,24
17487,4266446,100,100,100,48,25,23
17488,4266697,97.9575510204082,95.83,100,49,24,25
17489,4266740,92.1084210526316,94.12,90.48,38,17,21
17490,4267050,97.498,94.44,100,40,18,22
17491,4267496,97.2989189189189,100,94.74,37,18,19
17492,4267679,94.2837142857143,90.91,95.83,35,11,24
17493,4267691,93.0227906976744,88.24,96.15,43,17,26
17494,4269423,92,100,80,25,15,10
17495,4269810,100,100,100,28,17,11
17496,4269909,100,100,100,28,12,16
17497,4270107,97.0605882352941,100,94.74,34,15,19
17498,4270404,97.5624390243902,94.74,100,41,19,22
17499,4270618,96.2925925925926,95.45,100,27,22,5
17500,4270742,96.2264150943396,92,100,53,25,28
17501,4271128,100,100,100,60,32,28
17502,4271188,98.5076119402985,96.97,100,67,33,34
17503,4271232,96.8226984126984,94.59,100,63,37,26
17504,4271626,100,100,100,64,31,33
17505,4271815,95.716,91.67,100,70,36,34
17506,4272199,100,100,100,49,22,27
17507,4272264,100,100,100,61,37,24
17508,4272477,96.7196721311475,93.33,100,61,30,31
17509,4272484,98.1139622641509,97.06,100,53,34,19
17510,4272783,98.4833333333333,100,96.15,66,40,26
17511,4272894,96.7735483870968,96.97,96.55,62,33,29
17512,4272939,95.1219512195122,93.75,96,41,16,25
17513,4272952,97.7766666666667,100,93.33,45,30,15
17514,4272988,100,100,100,37,24,13
17515,4272996,100,100,100,49,18,31
17516,4273002,97.5025,96.67,100,40,30,10
17517,4273236,100,100,100,39,20,19
17518,4273257,94.5456363636364,92.31,96.55,55,26,29
17519,4273308,93.3333333333333,96,90,45,25,20
17520,4273317,93.1836363636364,95,91.67,44,20,24
17521,4273650,100,100,100,47,22,25
17522,4273861,100,100,100,36,17,19
17523,4273925,94.4433333333333,91.67,95.83,36,12,24
17524,4274396,100,100,100,38,16,22
17525,4274411,100,100,100,28,19,9
17526,4274917,100,100,100,31,15,16
17527,4275759,77.27,85.71,62.5,22,14,8
17528,4276504,95.2380952380952,100,87.5,21,13,8
17529,4276534,95.835,92.86,100,24,14,10
17530,4276899,100,100,100,27,14,13
17531,4277093,100,100,100,27,13,14
17532,4277357,100,100,100,29,14,15
17533,4277776,97.559756097561,100,95.65,41,18,23
17534,4278300,95.3476744186047,95.65,95,43,23,20
17535,4279058,98.3316666666667,100,96.15,60,34,26
17536,4279133,98.1139622641509,100,96.43,53,25,28
17537,4279140,100,100,100,39,26,13
17538,4279352,100,100,100,53,30,23
17539,4279706,100,100,100,50,28,22
17540,4279950,82.6065217391304,96.15,65,46,26,20
17541,4280061,98.0788461538462,100,96.3,52,25,27
17542,4280137,92.5911111111111,83.33,100,54,24,30
17543,4280319,100,100,100,48,19,29
17544,4280502,100,100,100,46,27,19
17545,4280643,100,100,100,46,25,21
17546,4281066,100,100,100,35,16,19
17547,4281096,100,100,100,37,15,22
17548,4281259,100,100,100,40,18,22
17549,4281327,100,100,100,33,10,23
17550,4281552,97.7295454545455,100,96.3,44,17,27
17551,4281586,95.65,100,93.1,46,17,29
17552,4282212,86.9552173913043,90.91,83.33,23,11,12
17553,4282905,80.9523809523809,100,60,21,11,10
17554,4283446,100,100,100,34,17,17
17555,4283473,100,100,100,31,16,15
17556,4283566,100,100,100,42,17,25
17557,4283671,96.2279245283019,90.48,100,53,21,32
17558,4283944,96.5531034482759,91.67,100,58,24,34
17559,4284118,96.87625,95.24,100,32,21,11
17560,4284123,100,100,100,33,20,13
17561,4284385,100,100,100,61,25,36
17562,4284556,100,100,100,64,24,40
17563,4284628,96.4255357142857,100,94.59,56,19,37
17564,4284993,100,100,100,62,26,36
17565,4285083,100,100,100,58,22,36
17566,4285470,100,100,100,57,26,31
17567,4285696,100,100,100,65,27,38
17568,4285932,98.1481481481482,96,100,54,25,29
17569,4286104,100,100,100,48,13,35
17570,4286257,100,100,100,52,22,30
17571,4286290,96.155,92.31,100,52,26,26
17572,4286601,96.0764705882353,100,93.1,51,22,29
17573,4286634,100,100,100,47,19,28
17574,4286821,100,100,100,53,21,32
17575,4287099,100,100,100,39,13,26
17576,4287226,78.120625,44.44,91.3,32,9,23
17577,4287463,93.9992,100,88.46,50,24,26
17578,4287915,95.4529545454545,100,89.47,44,25,19
17579,4287978,97.8269565217391,100,96.43,46,18,28
17580,4287992,100,100,100,54,25,29
17581,4288163,100,100,100,48,16,32
17582,4288797,98.275,96.55,100,58,29,29
17583,4288908,100,100,100,51,28,23
17584,4288916,100,100,100,56,27,29
17585,4289054,98.2133928571429,95.65,100,56,23,33
17586,4289150,100,100,100,60,25,35
17587,4289348,100,100,100,56,25,31
17588,4289750,98.7362025316456,100,97.92,79,31,48
17589,4290094,98.5897183098592,96.77,100,71,31,40
17590,4290175,100,100,100,62,33,29
17591,4290358,97.0149253731343,92,100,67,25,42
17592,4290668,100,100,100,77,40,37
17593,4290683,98.7341772151899,97.5,100,79,40,39
17594,4290872,97.2245833333333,97.44,96.97,72,39,33
17595,4291013,97.7532584269663,97.96,97.5,89,49,40
17596,4291070,100,100,100,76,45,31
17597,4291816,96.0498684210526,93.1,97.87,76,29,47
17598,4291894,98.7362025316456,97.44,100,79,39,40
17599,4291936,100,100,100,73,37,36
17600,4292124,100,100,100,65,41,24
17601,4292185,100,100,100,76,38,38
17602,4292550,97.8269565217391,96.08,100,92,51,41
17603,4292790,98.6855263157895,97.78,100,76,45,31
17604,4292860,98.4146031746032,97.73,100,63,44,19
17605,4293052,98.3870967741936,97.5,100,62,40,22
17606,4293096,95.3140625,94.29,96.55,64,35,29
17607,4293517,97.0179104477612,97.3,96.67,67,37,30
17608,4293673,98.5083582089552,97.37,100,67,38,29
17609,4293939,98.0753846153846,97.22,100,52,36,16
17610,4294057,93.0253488372093,93.55,91.67,43,31,12
17611,4294366,98.335,100,96.3,60,33,27
17612,4294661,93.3325,93.94,92.59,60,33,27
17613,4294751,98.2775862068966,97.3,100,58,37,21
17614,4294778,94.4401851851852,96.77,91.3,54,31,23
17615,4294967,98.3896774193548,100,96.88,62,30,32
17616,4295264,97.2229166666667,95.35,100,72,43,29
17617,4295378,96.7180327868852,97.14,96.15,61,35,26
17618,4295787,97.1014492753623,97.56,96.43,69,41,28
17619,4296721,97.0558823529412,95.45,100,68,44,24
17620,4296899,98.55,100,96.55,69,40,29
17621,4297297,100,100,100,58,32,26
17622,4297304,98.3061016949153,97.37,100,59,38,21
17623,4297438,95.002,93.94,96.3,60,33,27
17624,4297756,98.0392156862745,100,93.75,51,35,16
17625,4297865,96.722131147541,96.97,96.43,61,33,28
17626,4297945,100,100,100,58,26,32
17627,4298104,100,100,100,67,35,32
17628,4298155,95.7132857142857,91.89,100,70,37,33
17629,4298290,98.5521739130435,97.3,100,69,37,32
17630,4298761,100,100,100,86,42,44
17631,4299167,97.50125,96.67,98,80,30,50
17632,4299197,96.24875,93.33,98,80,30,50
17633,4299634,97.0588235294118,100,92,68,43,25
17634,4300083,97.1842253521127,100,94.12,71,37,34
17635,4300122,98.5888732394366,100,97.67,71,28,43
17636,4300201,97.144,92.86,100,70,28,42
17637,4300416,98.749,100,97.22,80,44,36
17638,4300569,100,100,100,81,39,42
17639,4300813,98.1124528301887,97.56,100,53,41,12
17640,4301026,100,100,100,98,49,49
17641,4301321,98.8640909090909,97.62,100,88,42,46
17642,4301502,100,100,100,86,45,41
17643,4301636,98.7362025316456,100,97.44,79,40,39
17644,4301925,96.878125,96.3,97.3,64,27,37
17645,4301991,100,100,100,70,34,36
17646,4302183,97.2613698630137,100,94.12,73,39,34
17647,4302302,95.16,100,90.32,62,31,31
17648,4302503,100,100,100,67,38,29
17649,4302744,96.3647272727273,100,92.31,55,29,26
17650,4302759,98.2765517241379,100,95.24,58,37,21
17651,4302768,95.4559090909091,100,84.62,44,31,13
17652,4302798,98.3311666666667,96.77,100,60,31,29
17653,4302816,96.9719696969697,94.29,100,66,35,31
17654,4302846,93.3325,93.1,93.55,60,29,31
17655,4302924,98.4828787878788,100,96.77,66,35,31
17656,4302942,98.4828787878788,100,96.77,66,35,31
17657,4303345,97.8712765957447,100,93.33,47,32,15
17658,4303367,96.3647272727273,100,92.31,55,29,26
17659,4303609,100,100,100,51,27,24
17660,4304297,92.6848780487805,94.74,90.91,41,19,22
17661,4304723,100,100,100,41,22,19
17662,4304762,97.5619512195122,95.24,100,41,21,20
17663,4306433,100,100,100,29,17,12
17664,4307072,100,100,100,17,12,5
17665,4307086,100,100,100,21,17,4
17666,4307176,100,100,100,25,11,14
17667,4307509,100,100,100,32,21,11
17668,4308065,97.2225,100,88.89,36,27,9
17669,4308144,94.7384210526316,100,84.62,38,25,13
17670,4308423,92.6787804878049,95.45,89.47,41,22,19
17671,4308446,92.6787804878049,95.45,89.47,41,22,19
17672,4308607,97.7295454545455,96.3,100,44,27,17
17673,4309015,97.96,100,94.12,49,32,17
17674,4309027,100,100,100,47,21,26
17675,4309105,100,100,100,49,26,23
17676,4309273,97.9624489795918,96.88,100,49,32,17
17677,4309369,97.5609756097561,100,93.75,41,25,16
17678,4309722,97.4333333333333,100,95.45,39,17,22
17679,4309890,100,100,100,38,16,22
17680,4310421,100,100,100,30,18,12
17681,4310567,100,100,100,29,17,12
17682,4310762,92.5903703703704,85.71,100,27,14,13
17683,4310949,90,86.67,93.33,30,15,15
17684,4311384,96.9709090909091,100,92.86,33,19,14
17685,4311480,100,100,100,31,19,12
17686,4311812,84.002,86.67,80,25,15,10
17687,4312538,94.1176470588235,100,90,17,7,10
17688,4312600,89.4736842105263,100,80,19,9,10
17689,4312618,90.9118181818182,100,84.62,22,9,13
17690,4313253,91.3013043478261,100,89.47,23,4,19
17691,4313375,90.3238709677419,80,95.24,31,10,21
17692,4314055,97.6753488372093,94.12,100,43,17,26
17693,4314097,94.2874285714286,93.75,94.74,35,16,19
17694,4314118,96.4267857142857,100,93.33,28,13,15
17695,4314136,97.7281818181818,100,96.43,44,16,28
17696,4314776,94.3364150943396,96.15,92.59,53,26,27
17697,4314816,88.8888888888889,100,60,18,13,5
17698,4314821,100,100,100,28,24,4
17699,4314863,89.6553448275862,96.97,80,58,33,25
17700,4314901,92.5035,100,89.66,40,11,29
17701,4314917,92.002,100,86.67,50,20,30
17702,4314926,97.8744680851064,96.67,100,47,30,17
17703,4314945,96.0788235294118,95.83,96.3,51,24,27
17704,4315312,94.9172881355932,100,89.29,59,31,28
17705,4315354,98.1818181818182,100,96,55,30,25
17706,4315559,100,100,100,59,33,26
17707,4315712,98.6475675675676,97.22,100,74,36,38
17708,4315831,100,100,100,66,31,35
17709,4316190,98.2775862068966,96.3,100,58,27,31
17710,4316479,98.334,96.43,100,60,28,32
17711,4316875,100,100,100,78,37,41
17712,4316901,98.6306849315068,97.06,100,73,34,39
17713,4317696,97.2971621621622,96.3,97.87,74,27,47
17714,4318349,100,100,100,75,35,40
17715,4318613,95.8869863013699,95.45,96.55,73,44,29
17716,4318871,100,100,100,66,31,35
17717,4318920,98.5098507462687,96.88,100,67,32,35
17718,4319044,98.6317808219178,97.73,100,73,44,29
17719,4319253,100,100,100,84,42,42
17720,4319518,100,100,100,48,32,16
17721,4319548,100,100,100,72,33,39
17722,4319990,100,100,100,74,33,41
17723,4320526,98.8254117647059,100,97.44,85,46,39
17724,4320629,96.97,96.97,96.97,66,33,33
17725,4320724,98.865,97.73,100,88,44,44
17726,4320802,100,100,100,83,40,43
17727,4321581,98.7025974025974,100,97.3,77,40,37
17728,4321866,100,100,100,83,39,44
17729,4322135,100,100,100,75,36,39
17730,4322573,97.3344,97.44,97.22,75,39,36
17731,4322648,97.0594117647059,97.5,96.43,68,40,28
17732,4322687,96.3855421686747,95.65,97.3,83,46,37
17733,4323109,100,100,100,66,36,30
17734,4323613,98.8254117647059,97.44,100,85,39,46
17735,4323655,91.3052173913044,94.12,83.33,46,34,12
17736,4323660,90.0013333333333,87.5,92.86,30,16,14
17737,4323670,95.6539130434783,91.67,100,69,36,33
17738,4323688,96.1561538461539,92.11,100,78,38,40
17739,4323903,96.8226984126984,94.59,100,63,37,26
17740,4323924,95.715,94.29,97.14,70,35,35
17741,4323945,94.2021739130435,92.5,96.55,69,40,29
17742,4323961,98.6494594594595,97.37,100,74,38,36
17743,4323982,98.5279411764706,97.14,100,68,35,33
17744,4324007,96.825873015873,96.77,96.88,63,31,32
17745,4324053,98.4114285714286,97.22,100,63,36,27
17746,4325094,97.6744186046512,100,93.75,43,27,16
17747,4326387,100,100,100,29,10,19
17748,4326546,97.0564705882353,100,94.44,34,16,18
17749,4326607,100,100,100,31,11,20
17750,4326855,76.0016,81.82,71.43,25,11,14
17751,4327624,92.49875,100,82.35,40,23,17
17752,4327954,97.2983783783784,92.86,100,37,14,23
17753,4328033,96.969696969697,93.75,100,33,16,17
17754,4328042,95.2385714285714,90.91,100,42,22,20
17755,4328270,95.6526086956522,88.89,100,46,18,28
17756,4328306,95.92,91.67,100,49,24,25
17757,4328394,100,100,100,40,15,25
17758,4328506,97.825,95.65,100,46,23,23
17759,4329086,94.1176470588235,88,100,51,25,26
17760,4329427,97.0595588235294,93.55,100,68,31,37
17761,4329604,100,100,100,45,17,28
17762,4329630,100,100,100,42,22,20
17763,4329664,97.8706382978723,95.83,100,47,24,23
17764,4329793,96.2974074074074,92.31,100,54,26,28
17765,4330288,87.5,80,100,48,30,18
17766,4330793,97.9591836734694,96,100,49,25,24
17767,4330823,93.8781632653061,88.89,100,49,27,22
17768,4330895,96.2245283018868,93.1,100,53,29,24
17769,4331417,96.2977777777778,100,92.86,54,26,28
17770,4331519,100,100,100,47,14,33
17771,4331591,98.3862903225806,100,96.55,62,33,29
17772,4332205,97.999,100,95.65,50,27,23
17773,4332721,100,100,100,52,28,24
17774,4332880,93.7533333333333,96.88,87.5,48,32,16
17775,4333088,98.2744827586207,97.22,100,58,36,22
17776,4333108,98.2119642857143,96.77,100,56,31,25
17777,4333190,100,100,100,58,34,24
17778,4333721,100,100,100,51,25,26
17779,4334365,100,100,100,41,22,19
17780,4334547,100,100,100,40,19,21
17781,4336283,100,100,100,31,16,15
17782,4336553,95.24,100,91.67,21,9,12
17783,4336592,100,100,100,25,9,16
17784,4336628,100,100,100,31,12,19
17785,4336669,100,100,100,28,12,16
17786,4336736,100,100,100,27,12,15
17787,4337711,100,100,100,20,10,10
17788,4338623,97.2194444444444,100,95.45,36,14,22
17789,4339406,100,100,100,31,10,21
17790,4339436,98.002,100,96.67,50,20,30
17791,4339446,98.0392156862745,96,100,51,25,26
17792,4339496,98.04,95.24,100,51,21,30
17793,4339517,100,100,100,55,25,30
17794,4339859,100,100,100,45,17,28
17795,4340216,97.22,100,94.44,36,18,18
17796,4340243,97.22,94.44,100,36,18,18
17797,4340295,97.5015,94.74,100,40,19,21
17798,4341014,100,100,100,34,17,17
17799,4341264,90.2478048780488,88.24,91.67,41,17,24
17800,4341447,97.1414285714286,93.33,100,35,15,20
17801,4341816,97.4369230769231,95.24,100,39,21,18
17802,4341905,97.2238888888889,100,94.74,36,17,19
17803,4343432,94.445,88.89,100,36,18,18
17804,4343525,89.7461538461538,90.91,88.24,39,22,17
17805,4343544,92.8578571428571,81.82,100,28,11,17
17806,4343578,92.5911111111111,83.33,100,27,12,15
17807,4343606,91.304347826087,75,100,23,8,15
17808,4343612,93.9418181818182,90.48,100,33,21,12
17809,4343889,87.5,75,100,32,16,16
17810,4343927,92.502,86.96,100,40,23,17
17811,4344060,90,85,95,40,20,20
17812,4344695,95.1217073170732,91.67,96.55,41,12,29
17813,4344701,95.6519565217391,96.55,94.12,46,29,17
17814,4345640,96.5527586206896,96.88,96.15,58,32,26
17815,4345951,98.5513043478261,97.06,100,69,34,35
17816,4345980,100,100,100,72,36,36
17817,4346071,97.1017391304348,93.94,100,69,33,36
17818,4346079,97.0989855072464,94.59,100,69,37,32
17819,4346218,98.53,97.06,100,68,34,34
17820,4346323,96.0788235294118,90.91,100,51,22,29
17821,4346992,98.6119444444444,97.37,100,72,38,34
17822,4347099,98.1488888888889,97.06,100,54,34,20
17823,4347432,100,100,100,57,29,28
17824,4347551,100,100,100,54,32,22
17825,4347620,100,100,100,51,25,26
17826,4347630,100,100,100,37,18,19
17827,4347828,94.12,90.48,100,34,21,13
17828,4348148,100,100,100,35,19,16
17829,4348179,100,100,100,37,13,24
17830,4348226,100,100,100,39,13,26
17831,4348398,97.7786666666667,100,96.43,45,17,28
17832,4348789,91.1797058823529,92.31,90.48,34,13,21
17833,4349078,82.6065217391304,100,73.33,23,8,15
17834,4349220,73.9113043478261,100,57.14,23,9,14
17835,4349310,92.5933333333333,100,88.89,27,9,18
17836,4349582,93.5461290322581,100,89.47,31,12,19
17837,4349618,97.144,100,95.24,35,14,21
17838,4349721,96,100,93.75,25,9,16
17839,4350030,96.43,91.67,100,28,12,16
17840,4350205,96.668,100,94.12,30,13,17
17841,4350224,94.4444444444444,75,100,18,4,14
17842,4350488,91.3026086956522,83.33,100,23,12,11
17843,4350621,93.334,90.91,100,15,11,4
17844,4350755,92.8571428571429,75,100,14,4,10
17845,4350923,100,100,100,23,11,12
17846,4350943,94.445,88.89,100,18,9,9
17847,4351136,90.4766666666667,90,90.91,21,10,11
17848,4351169,86.9565217391304,75,100,23,12,11
17849,4351381,100,100,100,25,13,12
17850,4351598,95.6539130434783,100,91.67,23,11,12
17851,4351847,100,100,100,24,13,11
17852,4351894,95.2380952380952,100,90,21,11,10
17853,4351987,100,100,100,22,11,11
17854,4352667,83.3333333333333,75,87.5,12,4,8
17855,4353413,93.750625,100,90.91,16,5,11
17856,4353594,94.12,100,91.67,17,5,12
17857,4354232,100,100,100,19,8,11
17858,4354367,100,100,100,21,8,13
17859,4354385,93.1041379310345,100,88.89,29,11,18
17860,4354767,87.5,100,81.25,24,8,16
17861,4355030,100,100,100,35,12,23
17862,4355533,97.2983783783784,94.12,100,37,17,20
17863,4355648,100,100,100,31,16,15
17864,4355690,100,100,100,29,9,20
17865,4356016,100,100,100,40,18,22
17866,4356365,89.2857142857143,100,75,28,16,12
17867,4356624,100,100,100,40,21,19
17868,4356672,100,100,100,36,17,19
17869,4356806,86.6713333333333,84.62,88.24,30,13,17
17870,4356887,96.7751612903226,100,92.31,31,18,13
17871,4357152,100,100,100,37,18,19
17872,4357247,96.7754838709677,91.67,100,31,12,19
17873,4357302,94.4444444444444,87.5,100,36,16,20
17874,4357320,89.998,83.33,100,20,12,8
17875,4357344,94.4444444444444,87.5,100,36,16,20
17876,4357485,95.2380952380952,75,100,21,4,17
17877,4358042,90.91,66.67,100,11,3,8
17878,4358268,87.49875,85.71,88.89,16,7,9
17879,4358481,89.998,83.33,100,20,12,8
17880,4358869,100,100,100,25,10,15
17881,4359028,100,100,100,23,8,15
17882,4359466,90,50,100,10,2,8
17883,4359681,100,100,100,14,2,12
17884,4360012,91.6675,100,88.89,12,3,9
17885,4360212,81.82,100,77.78,11,2,9
17886,4360600,78.9468421052632,100,69.23,19,6,13
17887,4361830,95.6521739130435,100,90,23,13,10
17888,4362889,97.3657894736842,96.15,100,38,26,12
17889,4362952,100,100,100,45,25,20
17890,4362982,100,100,100,25,9,16
17891,4363357,100,100,100,44,21,23
17892,4363621,97.7786666666667,95.24,100,45,21,24
17893,4363937,100,100,100,49,24,25
17894,4364144,97.9166666666667,100,96,48,23,25
17895,4364525,96.001,95.65,96.3,50,23,27
17896,4364749,100,100,100,50,19,31
17897,4364849,100,100,100,56,26,30
17898,4364882,100,100,100,57,25,32
17899,4364941,97.3684210526316,100,95,38,18,20
17900,4365017,100,100,100,54,24,30
17901,4365229,97.06,100,91.67,34,22,12
17902,4365468,100,100,100,54,22,32
17903,4365821,100,100,100,44,21,23
17904,4365983,100,100,100,40,12,28
17905,4366183,100,100,100,47,22,25
17906,4366352,100,100,100,38,18,20
17907,4366496,97.8260869565217,100,96,46,21,25
17908,4366508,100,100,100,40,18,22
17909,4366736,93.750625,88.89,100,32,18,14
17910,4367393,100,100,100,28,13,15
17911,4367525,96.155,92.31,100,26,13,13
17912,4368055,97.2233333333333,95.24,100,36,21,15
17913,4368298,92.8596428571428,94.74,88.89,28,19,9
17914,4368439,93.3333333333333,95,90,30,20,10
17915,4368475,92.8546428571429,89.47,100,28,19,9
17916,4368525,93.3333333333333,87.5,100,30,16,14
17917,4368898,100,100,100,42,24,18
17918,4369115,100,100,100,30,19,11
17919,4369127,100,100,100,33,16,17
17920,4369223,95.4563636363636,92.86,100,44,28,16
17921,4369400,100,100,100,42,28,14
17922,4370554,100,100,100,25,13,12
17923,4370710,100,100,100,30,16,14
17924,4370718,96.7709677419355,95.45,100,31,22,9
17925,4370919,96.4257142857143,94.44,100,28,18,10
17926,4370940,97.06,95.24,100,34,21,13
17927,4371508,97.5619512195122,96.43,100,41,28,13
17928,4371769,97.5619512195122,96.43,100,41,28,13
17929,4371872,100,100,100,31,21,10
17930,4371925,100,100,100,37,25,12
17931,4371937,100,100,100,37,26,11
17932,4371997,100,100,100,33,22,11
17933,4372069,100,100,100,34,25,9
17934,4372282,100,100,100,38,26,12
17935,4372384,100,100,100,42,26,16
17936,4372489,100,100,100,36,23,13
17937,4372508,100,100,100,31,20,11
17938,4372567,100,100,100,40,24,16
17939,4373029,100,100,100,35,14,21
17940,4373167,93.334,77.78,100,30,9,21
17941,4373306,100,100,100,33,12,21
17942,4373434,100,100,100,29,11,18
17943,4373546,100,100,100,35,17,18
17944,4374650,90.9113636363636,100,86.67,22,7,15
17945,4375056,96.8725,95.83,100,32,24,8
17946,4375142,100,100,100,34,18,16
17947,4375160,96.87625,94.12,100,32,17,15
17948,4375448,89.7430769230769,95.24,83.33,39,21,18
17949,4375475,100,100,100,42,22,20
17950,4375583,100,100,100,37,24,13
17951,4376024,93.7528125,94.74,92.31,32,19,13
17952,4376065,97.3657894736842,95.45,100,38,22,16
17953,4376114,96.7754838709677,91.67,100,31,12,19
17954,4376577,97.7272727272727,96,100,44,25,19
17955,4377357,100,100,100,51,24,27
17956,4377573,95.3474418604651,94.12,96.15,43,17,26
17957,4378586,100,100,100,55,18,37
17958,4378636,98.2456140350877,100,96,57,32,25
17959,4378823,98.5302941176471,100,97.37,68,30,38
17960,4379100,100,100,100,61,33,28
17961,4379152,100,100,100,72,29,43
17962,4379269,98.7025974025974,100,97.78,77,32,45
17963,4379549,100,100,100,64,20,44
17964,4379561,97.225,96.3,97.78,72,27,45
17965,4379858,98.1162264150943,100,96.88,53,21,32
17966,4380131,98.0771153846154,100,96.97,52,19,33
17967,4380168,98.3864516129032,100,97.56,62,21,41
17968,4380212,98.3333333333333,100,97.5,60,20,40
17969,4380964,98.3877419354839,96.43,100,62,28,34
17970,4381002,98.3877419354839,100,97.06,62,28,34
17971,4381224,98.3037288135593,95.83,100,59,24,35
17972,4381290,100,100,100,56,25,31
17973,4381768,100,100,100,59,25,34
17974,4381870,96.4273214285714,92.59,100,56,27,29
17975,4382142,96.1557692307692,96,96.3,52,25,27
17976,4382298,97.9571428571429,100,96.15,49,23,26
17977,4382460,88.095,90.48,85.71,42,21,21
17978,4382531,89.3602127659575,85,92.59,47,20,27
17979,4382718,93.336,94.74,92.31,45,19,26
17980,4382737,97.6725581395349,94.44,100,43,18,25
17981,4383040,100,100,100,40,22,18
17982,4383328,100,100,100,45,24,21
17983,4383547,97.5624390243902,100,94.74,41,22,19
17984,4383887,93.7515625,86.67,100,32,15,17
17985,4385097,100,100,100,49,22,27
17986,4385562,98.2442105263158,100,97.22,57,21,36
17987,4386195,96.773064516129,92.59,100,62,27,35
17988,4386275,98.438125,100,97.06,64,30,34
17989,4386309,100,100,100,57,32,25
17990,4386539,98.5521739130435,96.67,100,69,30,39
17991,4387005,98.6125,100,97.78,72,27,45
17992,4387061,95.31078125,96.77,93.94,64,31,33
17993,4387175,100,100,100,64,26,38
17994,4387200,100,100,100,63,27,36
17995,4387832,100,100,100,82,34,48
17996,4388024,100,100,100,66,30,36
17997,4388315,100,100,100,86,42,44
17998,4388437,100,100,100,69,26,43
17999,4388531,100,100,100,75,38,37
18000,4388907,98.5929577464789,96.67,100,71,30,41
18001,4389447,98.485,96.97,100,66,33,33
18002,4389872,97.7261363636364,100,95.65,44,21,23
18003,4389888,98.1466666666667,95.83,100,54,24,30
18004,4390118,96.3609090909091,96.15,96.55,55,26,29
18005,4390244,96.2951851851852,96.15,96.43,54,26,28
18006,4390394,98.1116981132076,100,95.83,53,29,24
18007,4390412,98.1472222222222,100,96.55,54,25,29
18008,4390589,97.9612244897959,96.67,100,49,30,19
18009,4390809,98.2457894736842,96.97,100,57,33,24
18010,4391223,96.9686363636364,94.87,100,66,39,27
18011,4391569,97.9565306122449,96.77,100,49,31,18
18012,4391634,95.2409523809524,94.74,100,21,19,2
18013,4391638,89.6551724137931,83.33,94.12,29,12,17
18014,4391659,97.959387755102,96.97,100,49,33,16
18015,4391671,98.0394117647059,96.97,100,51,33,18
18016,4391848,95.1239024390244,90.48,100,41,21,20
18017,4392859,91.4904255319149,93.75,86.67,47,32,15
18018,4393182,98.3896774193548,97.44,100,62,39,23
18019,4393376,94.4444444444444,100,62.5,54,46,8
18020,4393510,100,100,100,55,27,28
18021,4393841,98.6666666666667,98,100,75,50,25
18022,4393972,100,100,100,75,53,22
18023,4394050,100,100,100,62,35,27
18024,4394420,98.336,96.88,100,60,32,28
18025,4394457,98.4359375,97.14,100,64,35,29
18026,4394618,100,100,100,70,38,32
18027,4394628,98.4152380952381,97.44,100,63,39,24
18028,4394823,100,100,100,64,31,33
18029,4394853,100,100,100,62,28,34
18030,4395179,100,100,100,61,33,28
18031,4395531,96.6691666666667,94.29,100,60,35,25
18032,4395841,96.4912280701754,90,100,57,20,37
18033,4395867,98.2447368421053,100,96.55,57,28,29
18034,4396201,98.306779661017,96.67,100,59,30,29
18035,4396366,100,100,100,54,35,19
18036,4396762,96.4282142857143,94.44,97.37,56,18,38
18037,4397109,100,100,100,59,29,30
18038,4397383,100,100,100,57,26,31
18039,4397665,96.6101694915254,100,95,59,19,40
18040,4397857,98.4836363636364,100,97.22,66,30,36
18041,4397931,98.1457407407407,100,96.77,54,23,31
18042,4397970,100,100,100,60,24,36
18043,4398109,100,100,100,54,26,28
18044,4398136,98.3057627118644,100,97.06,59,25,34
18045,4398205,96.87625,92.86,100,64,28,36
18046,4398213,98.2119642857143,96.77,100,56,31,25
18047,4398225,96.9230769230769,96.67,97.14,65,30,35
18048,4398259,95.0829508196721,96.43,93.94,61,28,33
18049,4398291,94.83,100,89.66,58,29,29
18050,4399472,100,100,100,58,29,29
18051,4399552,96.2974074074074,92.31,100,54,26,28
18052,4399709,98.0759615384615,96.55,100,52,29,23
18053,4399742,98.1462962962963,100,96.15,54,28,26
18054,4400313,93.33,92.59,94.44,45,27,18
18055,4400406,87.7555102040816,93.94,75,49,33,16
18056,4400417,96.2220754716981,96.77,95.45,53,31,22
18057,4400632,91.9992,96.43,86.36,50,28,22
18058,4400650,91.8367346938775,87.5,96,49,24,25
18059,4401456,98.3896774193548,96.88,100,62,32,30
18060,4401584,96.2974074074074,96.88,95.45,54,32,22
18061,4401599,94.7356140350877,92.31,96.77,57,26,31
18062,4401626,96.49,96.97,95.83,57,33,24
18063,4401660,96.2972222222222,95.24,96.97,54,21,33
18064,4401893,96.7754838709677,94.12,100,62,34,28
18065,4401935,98.2133928571428,96.55,100,56,29,27
18066,4401947,98.0411764705882,96.67,100,51,30,21
18067,4402008,100,100,100,56,28,28
18068,4402141,98.2758620689655,96,100,58,25,33
18069,4402223,100,100,100,54,28,26
18070,4403561,100,100,100,60,32,28
18071,4403936,100,100,100,59,33,26
18072,4403966,100,100,100,62,34,28
18073,4404168,100,100,100,44,18,26
18074,4404476,100,100,100,41,21,20
18075,4404599,100,100,100,40,21,19
18076,4404744,100,100,100,28,7,21
18077,4404751,100,100,100,35,18,17
18078,4405005,100,100,100,44,23,21
18079,4405065,100,100,100,43,23,20
18080,4405849,100,100,100,41,19,22
18081,4405917,100,100,100,44,23,21
18082,4405942,100,100,100,36,23,13
18083,4406232,100,100,100,39,20,19
18084,4406664,100,100,100,33,19,14
18085,4407018,100,100,100,40,16,24
18086,4407195,96.8725,94.44,100,32,18,14
18087,4407200,100,100,100,15,4,11
18088,4407438,100,100,100,37,18,19
18089,4407831,100,100,100,29,8,21
18090,4407837,100,100,100,32,20,12
18091,4407932,100,100,100,39,20,19
18092,4408236,100,100,100,36,16,20
18093,4408299,96.4278571428571,83.33,100,28,6,22
18094,4408764,100,100,100,34,16,18
18095,4408826,100,100,100,37,17,20
18096,4409095,96.664,100,94.44,30,12,18
18097,4409217,96.876875,100,94.74,32,13,19
18098,4409525,95.4545454545455,87.5,100,22,8,14
18099,4409534,93.75,90,100,16,10,6
18100,4409539,100,100,100,13,10,3
18101,4409552,100,100,100,20,10,10
18102,4409569,96.4296428571429,92.31,100,28,13,15
18103,4409588,100,100,100,20,7,13
18104,4409660,100,100,100,22,9,13
18105,4409785,90,100,75,20,12,8
18106,4409810,100,100,100,22,12,10
18107,4409914,100,100,100,24,10,14
18108,4410388,87.5,87.5,87.5,16,8,8
18109,4410500,80.002,88.89,66.67,15,9,6
18110,4410704,100,100,100,24,12,12
18111,4411486,95.8333333333333,100,93.75,24,8,16
18112,4411650,100,100,100,22,13,9
18113,4411882,95.6526086956522,88.89,100,23,9,14
18114,4412384,96.0004,90.91,100,25,11,14
18115,4412768,100,100,100,29,10,19
18116,4412814,100,100,100,35,17,18
18117,4413059,100,100,100,25,15,10
18118,4413070,100,100,100,21,18,3
18119,4413172,96.551724137931,100,93.75,29,13,16
18120,4413221,100,100,100,32,13,19
18121,4413244,97.1428571428571,100,95,35,15,20
18122,4413262,93.1034482758621,100,90,29,9,20
18123,4413286,100,100,100,40,19,21
18124,4413311,100,100,100,37,17,20
18125,4413476,100,100,100,35,16,19
18126,4413650,100,100,100,45,21,24
18127,4413683,97.1428571428571,100,95,35,15,20
18128,4414030,100,100,100,40,14,26
18129,4414123,97.0597058823529,92.31,100,34,13,21
18130,4414144,97.5609756097561,95,100,41,20,21
18131,4414762,100,100,100,47,23,24
18132,4415145,100,100,100,42,23,19
18133,4415268,94.1152941176471,94.44,93.75,34,18,16
18134,4415427,100,100,100,34,11,23
18135,4415653,96.9672727272727,100,94.44,33,15,18
18136,4415665,100,100,100,38,17,21
18137,4415853,100,100,100,39,15,24
18138,4416146,100,100,100,29,9,20
18139,4416171,100,100,100,32,14,18
18140,4417123,100,100,100,24,11,13
18141,4417142,100,100,100,29,12,17
18142,4417368,100,100,100,32,12,20
18143,4417788,100,100,100,30,11,19
18144,4418038,92.3076923076923,90,93.75,26,10,16
18145,4418058,88.8888888888889,100,80,9,4,5
18146,4418062,100,100,100,16,3,13
18147,4418585,97.4358974358974,100,96,39,14,25
18148,4418714,91.8902702702703,92.86,91.3,37,14,23
18149,4418742,97.3671052631579,93.33,100,38,15,23
18150,4418753,97.0573529411765,100,95.65,34,11,23
18151,4418793,96.7761290322581,100,94.74,31,12,19
18152,4418884,93.9418181818182,83.33,96.3,33,6,27
18153,4418901,95.1217073170732,91.67,96.55,41,12,29
18154,4419005,100,100,100,32,15,17
18155,4419044,97.2208333333333,100,95.65,36,13,23
18156,4419060,100,100,100,33,9,24
18157,4419263,88.2347058823529,78.57,95,34,14,20
18158,4419272,84.2121052631579,72.73,100,19,11,8
18159,4419297,93.750625,81.82,100,32,11,21
18160,4419317,96.6666666666667,100,95,30,10,20
18161,4419483,93.9418181818182,91.67,95.24,33,12,21
18162,4419588,86.2079310344828,92.31,81.25,29,13,16
18163,4419974,95.6539130434783,100,91.67,23,11,12
18164,4419986,100,100,100,27,12,15
18165,4420817,91.8940540540541,88.89,94.74,37,18,19
18166,4420895,97.7777777777778,96,100,45,25,20
18167,4421030,97.4338461538462,95.83,100,39,24,15
18168,4421147,97.6166666666667,95.45,100,42,22,20
18169,4421444,100,100,100,46,20,26
18170,4421666,97.915625,95.65,100,48,23,25
18171,4421997,100,100,100,50,20,30
18172,4422068,96.4947368421053,96.3,96.67,57,27,30
18173,4422141,100,100,100,49,24,25
18174,4422516,93.74625,96.15,83.33,32,26,6
18175,4422651,97.8723404255319,96,100,47,25,22
18176,4422712,98.111320754717,96.15,100,53,26,27
18177,4422979,97.9612244897959,96.3,100,49,27,22
18178,4423185,98.075,100,95.45,52,30,22
18179,4423311,97.6190476190476,96,100,42,25,17
18180,4423817,100,100,100,37,24,13
18181,4424024,100,100,100,36,15,21
18182,4424837,96.2944444444444,100,93.33,27,12,15
18183,4425181,95.4545454545455,100,90,22,12,10
18184,4425223,84.2121052631579,100,72.73,19,8,11
18185,4425268,96.1553846153846,100,91.67,26,14,12
18186,4425328,95.6539130434783,100,92.86,23,9,14
18187,4425899,100,100,100,21,14,7
18188,4426053,100,100,100,21,11,10
18189,4426157,100,100,100,17,7,10
18190,4426534,100,100,100,21,13,8
18191,4426644,86.668,66.67,100,15,6,9
18192,4426901,84.211052631579,80,88.89,19,10,9
18193,4427249,94.1182352941177,100,88.89,17,8,9
18194,4427262,100,100,100,13,8,5
18195,4427294,83.3344444444444,71.43,90.91,18,7,11
18196,4427958,92.3061538461538,100,83.33,26,14,12
18197,4428445,95.8358333333333,100,94.74,24,5,19
18198,4428451,95.6521739130435,100,75,23,19,4
18199,4428614,94.9985,85.71,100,20,7,13
18200,4429259,97.2983783783784,100,95.24,37,16,21
18201,4429328,100,100,100,39,20,19
18202,4429397,100,100,100,38,20,18
18203,4429732,82.7555172413793,82.35,83.33,29,17,12
18204,4429871,97.06,95.24,100,34,21,13
18205,4429895,100,100,100,36,22,14
18206,4430029,93.74875,94.44,92.86,32,18,14
18207,4430047,94.4427777777778,95.45,92.86,36,22,14
18208,4430227,100,100,100,29,11,18
18209,4430258,100,100,100,29,19,10
18210,4430362,97.62,100,95.24,42,21,21
18211,4430582,94.288,100,91.67,35,11,24
18212,4430623,97.7755555555555,100,95.45,45,23,22
18213,4430758,95.4545454545455,75,100,22,4,18
18214,4431088,96.2264150943396,96.3,96.15,53,27,26
18215,4431320,100,100,100,37,17,20
18216,4431375,97.7261363636364,95.65,100,44,23,21
18217,4431562,100,100,100,50,25,25
18218,4431577,96.1542307692308,100,90.91,52,30,22
18219,4431729,97.7755555555555,95.45,100,45,22,23
18220,4432986,100,100,100,33,10,23
18221,4433072,95.9195918367347,92.31,100,49,26,23
18222,4433810,97.8260869565217,96,100,46,25,21
18223,4434020,93.18,86.36,100,44,22,22
18224,4434970,100,100,100,45,22,23
18225,4435159,96.665,100,93.33,30,15,15
18226,4435258,97.6214285714286,100,96.3,42,15,27
18227,4435378,97.6214285714286,100,96.67,42,12,30
18228,4435384,96.1542307692308,100,88.89,26,17,9
18229,4435447,96.5531034482759,100,92.86,29,15,14
18230,4435534,97.2972972972973,100,96,37,12,25
18231,4435687,100,100,100,34,15,19
18232,4435873,100,100,100,31,10,21
18233,4436473,100,100,100,21,7,14
18234,4436497,100,100,100,13,7,6
18235,4436762,93.334,100,90.91,15,4,11
18236,4436951,100,100,100,18,4,14
18237,4437214,100,100,100,22,8,14
18238,4437719,44.4466666666667,50,42.86,9,2,7
18239,4438987,96.43,91.67,100,28,12,16
18240,4439128,100,100,100,33,15,18
18241,4439155,100,100,100,26,14,12
18242,4439291,100,100,100,30,13,17
18243,4439638,100,100,100,31,15,16
18244,4439942,100,100,100,25,8,17
18245,4440038,100,100,100,30,19,11
18246,4440211,93.5490322580645,100,77.78,31,22,9
18247,4440251,100,100,100,31,15,16
18248,4440281,100,100,100,37,23,14
18249,4440538,96.668,100,91.67,30,18,12
18250,4441148,100,100,100,32,14,18
18251,4441181,96.664,100,94.44,30,12,18
18252,4441240,89.2878571428571,81.82,94.12,28,11,17
18253,4441411,96.6686666666667,100,94.74,30,11,19
18254,4441676,100,100,100,28,11,17
18255,4441817,91.665,83.33,100,24,12,12
18256,4441871,100,100,100,38,15,23
18257,4442432,96.875,90,100,32,10,22
18258,4442626,100,100,100,40,19,21
18259,4442664,95.002,88.24,100,40,17,23
18260,4442975,98.15,96.3,100,54,27,27
18261,4443046,94.3411320754717,86.96,100,53,23,30
18262,4443448,96.0807843137255,94.74,100,51,38,13
18263,4443687,100,100,100,60,31,29
18264,4443703,98.2741379310345,96.15,100,58,26,32
18265,4443775,98.3872580645161,96.97,100,62,33,29
18266,4443887,98.5929577464789,97.3,100,71,37,34
18267,4444171,96.5510344827586,97.06,95.83,58,34,24
18268,4444230,97.1004347826087,94.87,100,69,39,30
18269,4444281,98.3632786885246,96.88,100,61,32,29
18270,4444395,92.7555072463768,86.49,100,69,37,32
18271,4444488,95.8920547945205,92.86,100,73,42,31
18272,4444752,98.5089552238806,97.3,100,67,37,30
18273,4444949,98.53,97.62,100,68,42,26
18274,4445235,95.4551515151515,93.75,97.06,66,32,34
18275,4445309,98.3598360655738,100,96.55,61,32,29
18276,4445654,97.2602739726027,95,100,73,40,33
18277,4445721,98.464,96.88,100,65,32,33
18278,4445922,100,100,100,59,32,27
18279,4445927,100,100,100,32,17,15
18280,4446090,98.1483333333333,96.97,100,54,33,21
18281,4446603,98.7033766233766,97.44,100,77,39,38
18282,4446974,100,100,100,71,32,39
18283,4447095,98.5286764705882,96.55,100,68,29,39
18284,4447266,96.7222950819672,92.31,100,61,26,35
18285,4447313,98.61125,100,96.97,72,39,33
18286,4447353,98.6847368421053,97.62,100,76,42,34
18287,4447398,96.9243076923077,95.24,100,65,42,23
18288,4447505,98.6111111111111,97.5,100,72,40,32
18289,4447578,100,100,100,68,30,38
18290,4448744,97.2233333333333,95.24,100,36,21,15
18291,4448951,95.1239024390244,91.67,100,41,24,17
18292,4449275,94.4466666666667,91.67,100,36,24,12
18293,4449296,94.288,90.48,100,35,21,14
18294,4449396,93.7525,90.48,100,32,21,11
18295,4449567,90.91,81.82,100,22,11,11
18296,4449572,92.3076923076923,87.5,100,26,16,10
18297,4449588,92.86,88.24,100,28,17,11
18298,4449620,96.551724137931,95,100,29,20,9
18299,4450057,100,100,100,32,15,17
18300,4450208,97.5590243902439,95.83,100,41,24,17
18301,4450293,95.4545454545455,92,100,44,25,19
18302,4451082,100,100,100,53,26,27
18303,4451242,98.2463157894737,96.43,100,57,28,29
18304,4451539,100,100,100,52,25,27
18305,4451559,98.2463157894737,96.43,100,57,28,29
18306,4451635,97.998,95.45,100,50,22,28
18307,4451674,98.0776923076923,96.43,100,52,28,24
18308,4451695,100,100,100,46,17,29
18309,4451700,96.7725806451613,95.65,100,31,23,8
18310,4451760,97.8260869565217,96,100,46,25,21
18311,4451883,97.8260869565217,95,100,46,20,26
18312,4451896,100,100,100,42,17,25
18313,4451919,97.62,95.24,100,42,21,21
18314,4451945,96.87625,95.24,100,32,21,11
18315,4451973,98.2171428571429,96.88,100,56,32,24
18316,4452012,100,100,100,48,20,28
18317,4452038,95.8291666666667,95.45,96.15,48,22,26
18318,4452330,98.2463157894737,96.43,100,57,28,29
18319,4452378,98.306779661017,96.67,100,59,30,29
18320,4452429,98.3606557377049,96,100,61,25,36
18321,4452466,96.0758823529412,95,96.77,51,20,31
18322,4452487,96.7208196721311,96.67,96.77,61,30,31
18323,4452507,98.215,100,97.06,56,22,34
18324,4452537,100,100,100,56,27,29
18325,4452799,97.8723404255319,96,100,47,25,22
18326,4452818,98.2160714285714,96.67,100,56,30,26
18327,4452961,96.0782352941176,95.65,96.43,51,23,28
18328,4452994,98.2160714285714,100,96.3,56,29,27
18329,4453030,100,100,100,37,24,13
18330,4453045,100,100,100,43,27,16
18331,4453067,100,100,100,54,31,23
18332,4453089,93.475,91.3,95.65,46,23,23
18333,4453389,98.1836363636364,96.67,100,55,30,25
18334,4453610,94.23,92.31,96.15,52,26,26
18335,4453685,91.3789655172414,96.67,85.71,58,30,28
18336,4453721,86.954347826087,93.33,75,46,30,16
18337,4453748,95.6526086956522,90.91,100,46,22,24
18338,4453763,86.9586956521739,86.67,87.5,23,15,8
18339,4453767,88.89,80,95.24,36,15,21
18340,4453787,94.2307692307692,94.12,94.44,52,34,18
18341,4453907,98.2144642857143,96.97,100,56,33,23
18342,4453922,93.0218604651163,83.33,100,43,18,25
18343,4455067,98.15,100,96.3,54,27,27
18344,4455972,95.556,100,90.91,45,23,22
18345,4456328,97.9571428571429,96.15,100,49,26,23
18346,4456350,93.336,95.24,91.67,45,21,24
18347,4456382,90.6993023255814,93.33,89.29,43,15,28
18348,4456889,94.6433928571429,100,88.89,56,29,27
18349,4456902,100,100,100,60,26,34
18350,4457105,95.002,100,89.29,60,32,28
18351,4457411,92.18921875,96.97,87.1,64,33,31
18352,4457434,94.206231884058,94.12,94.29,69,34,35
18353,4457485,80.9538095238095,62.5,92.31,21,8,13
18354,4457489,87.8787878787879,75,92,33,8,25
18355,4457497,98.6508108108108,97.44,100,74,39,35
18356,4457680,94.029552238806,92.31,95.12,67,26,41
18357,4457696,93.9430303030303,97.3,89.66,66,37,29
18358,4457722,98.275,100,95.65,58,35,23
18359,4458160,100,100,100,53,33,20
18360,4458275,93.8447692307692,94.59,92.86,65,37,28
18361,4458326,98.5302941176471,97.37,100,68,38,30
18362,4458602,100,100,100,58,28,30
18363,4458759,94.2835714285714,93.94,94.59,70,33,37
18364,4459539,98.668,100,97.3,75,38,37
18365,4459943,93.2425675675676,90.91,95.12,74,33,41
18366,4460140,94.1182352941177,92.5,96.43,68,40,28
18367,4460191,92.5394029850746,91.18,93.94,67,34,33
18368,4460201,96.0540789473684,94.29,97.56,76,35,41
18369,4460889,94.52,90.32,97.62,73,31,42
18370,4461008,97.3002702702703,96.43,97.83,74,28,46
18371,4461074,100,100,100,67,34,33
18372,4461285,98.7659259259259,100,97.62,81,39,42
18373,4461435,97.7744444444445,97.67,97.87,90,43,47
18374,4461465,96.5102325581395,92.68,100,86,41,45
18375,4461554,97.2619178082192,97.56,96.88,73,41,32
18376,4461629,96.969696969697,95,100,66,40,26
18377,4461732,97.3349333333333,94.74,100,75,38,37
18378,4462059,93.2169491525424,93.33,93.1,59,30,29
18379,4462128,95.31078125,93.94,96.77,64,33,31
18380,4462172,94.3422641509434,89.66,100,53,29,24
18381,4462257,96.2250943396226,89.47,100,53,19,34
18382,4462356,98.4142857142857,97.3,100,63,37,26
18383,4462400,98.5923943661972,97.37,100,71,38,33
18384,4462479,97.0989855072464,94.59,100,69,37,32
18385,4462662,96.87234375,94.59,100,64,37,27
18386,4463184,96.0788235294118,90.91,100,51,22,29
18387,4463273,92.979298245614,90.32,96.15,57,31,26
18388,4463735,96.87390625,94.87,100,64,39,25
18389,4464096,100,100,100,57,35,22
18390,4464137,96.2232075471698,94.59,100,53,37,16
18391,4464200,96.9256923076923,96.97,96.88,65,33,32
18392,4464488,98.215,97.06,100,56,34,22
18393,4465069,100,100,100,62,34,28
18394,4465228,100,100,100,61,33,28
18395,4465378,98.4616923076923,100,96.97,65,32,33
18396,4465483,98.0771153846154,96.97,100,52,33,19
18397,4465618,96.1553846153846,100,91.67,52,28,24
18398,4465681,96.55,96.55,96.55,58,29,29
18399,4465693,87.8809090909091,86.67,88.89,66,30,36
18400,4465714,89.3939393939394,88.24,90.62,66,34,32
18401,4465777,94.4477777777778,91.67,96.67,54,24,30
18402,4465798,94.7368421052632,96,93.75,57,25,32
18403,4465840,91.0437313432836,86.67,94.59,67,30,37
18404,4465858,92.9545070422535,90.62,94.87,71,32,39
18405,4466148,93.2216949152542,92.31,93.94,59,26,33
18406,4466273,96.3656363636364,95.65,96.88,55,23,32
18407,4466298,93.7525,81.82,97.3,48,11,37
18408,4466360,100,100,100,57,22,35
18409,4466404,92.1073684210526,86.96,100,38,23,15
18410,4466417,93.7495833333333,78.57,100,48,14,34
18411,4467441,95.5546666666667,94.74,96.15,45,19,26
18412,4467686,95.2383333333333,94.74,95.65,42,19,23
18413,4468144,95.3511627906977,93.75,96.3,43,16,27
18414,4468150,97.6214285714286,96.3,100,42,27,15
18415,4468201,97.49925,85.71,100,40,7,33
18416,4468235,97.998,96.15,100,50,26,24
18417,4468477,96.3,96.3,96.3,54,27,27
18418,4468684,98.3872580645161,100,96.97,62,29,33
18419,4469230,95.3493023255814,90.91,100,43,22,21
18420,4469258,97.9571428571429,100,96.15,49,23,26
18421,4469854,84.6180769230769,66.67,94.12,26,9,17
18422,4469915,95.9183673469388,96.3,95.45,49,27,22
18423,4469932,94.114705882353,95.83,92.59,51,24,27
18424,4469947,88.2388235294118,96.3,79.17,51,27,24
18425,4469956,88.0016,96.3,78.26,50,27,23
18426,4470085,94.2307692307692,95.83,92.86,52,24,28
18427,4470139,97.9175,95.24,100,48,21,27
18428,4470151,96.227358490566,96.67,95.65,53,30,23
18429,4470169,100,100,100,43,28,15
18430,4470543,100,100,100,45,22,23
18431,4470552,100,100,100,32,14,18
18432,4470674,95.2383333333333,95.65,94.74,42,23,19
18433,4470735,97.6732558139535,95.65,100,43,23,20
18434,4470816,95.2392857142857,100,86.67,42,27,15
18435,4470834,100,100,100,41,22,19
18436,4470848,97.6744186046512,96,100,43,25,18
18437,4471232,95.2383333333333,95.65,94.74,42,23,19
18438,4471241,92.1084210526316,95.24,88.24,38,21,17
18439,4471272,88.8888888888889,75,100,18,8,10
18440,4471277,96.969696969697,100,93.75,33,17,16
18441,4471331,97.7755555555555,95.45,100,45,22,23
18442,4471374,97.4369230769231,92.86,100,39,14,25
18443,4471472,95.0025,94.74,95.24,40,19,21
18444,4471634,100,100,100,42,19,23
18445,4471773,93.6187234042553,86.96,100,47,23,24
18446,4472457,100,100,100,26,9,17
18447,4472961,88.4626923076923,100,66.67,26,17,9
18448,4473548,100,100,100,28,14,14
18449,4473646,100,100,100,30,17,13
18450,4473754,91.4262857142857,86.36,100,35,22,13
18451,4474380,95.6521739130435,93.75,100,23,16,7
18452,4474491,88.8866666666667,83.33,100,18,12,6
18453,4474865,95.24,100,91.67,21,9,12
18454,4476179,71.4271428571429,33.33,100,14,6,8
18455,4476410,90.9090909090909,75,100,11,4,7
18456,4476680,75.001875,77.78,71.43,16,9,7
18457,4477367,100,100,100,16,9,7
18458,4477889,100,100,100,22,11,11
18459,4478314,94.1176470588235,100,87.5,17,9,8
18460,4478552,94.7352631578947,100,85.71,19,12,7
18461,4478597,94.7352631578947,100,85.71,19,12,7
18462,4478657,93.74875,100,83.33,16,10,6
18463,4478735,88.8888888888889,100,50,9,7,2
18464,4478740,100,100,100,15,12,3
18465,4478822,100,100,100,15,8,7
18466,4479403,100,100,100,16,11,5
18467,4480478,81.8181818181818,75,100,11,8,3
18468,4481208,100,100,100,24,16,8
18469,4481232,93.7496875,94.12,93.33,32,17,15
18470,4481427,94.4472222222222,94.74,94.12,36,19,17
18471,4481580,97.22,100,94.44,36,18,18
18472,4482279,100,100,100,52,27,25
18473,4482945,100,100,100,53,31,22
18474,4483056,100,100,100,54,25,29
18475,4483106,100,100,100,55,30,25
18476,4483121,97.8282608695652,96.67,100,46,30,16
18477,4483310,100,100,100,39,24,15
18478,4483587,100,100,100,38,12,26
18479,4483650,98,96,100,50,25,25
18480,4483722,100,100,100,37,20,17
18481,4484036,96.8753125,88.89,100,32,9,23
18482,4484795,100,100,100,51,27,24
18483,4485110,97.7766666666667,93.33,100,45,15,30
18484,4485385,100,100,100,58,26,32
18485,4485431,100,100,100,61,27,34
18486,4485529,98.306779661017,96.3,100,59,27,32
18487,4486290,95.4577272727273,96.3,94.12,44,27,17
18488,4486317,95.741914893617,95.65,95.83,47,23,24
18489,4486527,100,100,100,55,25,30
18490,4486914,100,100,100,56,30,26
18491,4486996,100,100,100,56,31,25
18492,4487151,97.37,94.74,100,38,19,19
18493,4487427,93.2193220338983,90.62,96.3,59,32,27
18494,4487513,98.2119642857143,96.77,100,56,31,25
18495,4487955,97.9166666666667,96,100,48,25,23
18496,4488290,97.824347826087,95.83,100,46,24,22
18497,4488329,97.6190476190476,96,100,42,25,17
18498,4488922,95.5522222222222,95.45,95.65,45,22,23
18499,4488976,96.2245283018868,100,93.1,53,24,29
18500,4489074,95.9964,96.15,95.83,50,26,24
18501,4489299,94.99975,95.65,94.12,40,23,17
18502,4489605,97.8706382978723,95.83,100,47,24,23
18503,4489635,100,100,100,41,24,17
18504,4489722,97.6720930232558,100,95.45,43,21,22
18505,4489878,97.6178571428572,95.65,100,42,23,19
18506,4490198,97.1445714285714,94.74,100,35,19,16
18507,4490286,96.7761290322581,94.74,100,31,19,12
18508,4490828,92.3107692307692,91.67,92.86,26,12,14
18509,4491000,90.4728571428572,83.33,95.83,42,18,24
18510,4491360,97.144,100,95.24,35,14,21
18511,4491401,92.1013157894737,93.33,91.3,38,15,23
18512,4491834,91.4923404255319,90.48,92.31,47,21,26
18513,4492218,95.65,95,96.15,46,20,26
18514,4492335,97.9591836734694,95,100,49,20,29
18515,4492473,94.1170588235294,90.91,96.55,51,22,29
18516,4492692,94.114705882353,91.3,100,34,23,11
18517,4493011,100,100,100,41,19,22
18518,4493343,68.5691428571429,73.68,62.5,35,19,16
18519,4493726,89.99925,85.71,94.74,40,21,19
18520,4494479,84.3775,80,88.24,32,15,17
18521,4494729,91.3047826086957,71.43,100,23,7,16
18522,4494789,89.658275862069,86.67,92.86,29,15,14
18523,4495170,96.4267857142857,93.33,100,28,15,13
18524,4495373,97.37,94.74,100,38,19,19
18525,4495511,100,100,100,34,18,16
18526,4495547,100,100,100,34,19,15
18527,4495887,100,100,100,38,18,20
18528,4496067,100,100,100,32,13,19
18529,4496078,96.668,94.12,100,30,17,13
18530,4496091,100,100,100,29,11,18
18531,4496144,96.875,95,100,32,20,12
18532,4496913,95.8320833333333,85.71,100,24,7,17
18533,4497018,100,100,100,31,17,14
18534,4497377,96.4285714285714,93.75,100,28,16,12
18535,4497422,100,100,100,23,12,11
18536,4497606,95.83375,100,90.91,24,13,11
18537,4498326,84.8460606060606,100,73.68,33,14,19
18538,4498853,100,100,100,34,15,19
18539,4498877,100,100,100,29,16,13
18540,4499055,100,100,100,37,16,21
18541,4499154,100,100,100,25,11,14
18542,4499602,92,80,100,25,10,15
18543,4501044,91.304347826087,100,80,23,13,10
18544,4501048,95.83125,100,93.33,24,9,15
18545,4501337,90.003,100,84.62,40,14,26
18546,4501748,84.373125,93.33,76.47,32,15,17
18547,4501942,94.288,92.86,95.24,35,14,21
18548,4502226,97.2208333333333,93.33,100,36,15,21
18549,4502517,82.8574285714286,69.23,90.91,35,13,22
18550,4502682,97.7786666666667,95.24,100,45,21,24
18551,4502704,95.2380952380952,90,100,42,20,22
18552,4503408,88.4638461538461,90.91,86.67,26,11,15
18553,4503483,92.3107692307692,92.86,91.67,26,14,12
18554,4503495,96.551724137931,93.75,100,29,16,13
18555,4503506,96.0004,100,90.91,25,14,11
18556,4503620,44,80,20,25,10,15
18557,4504188,86.365,72.73,100,22,11,11
18558,4504610,27.2709090909091,33.33,20,11,6,5
18559,4504715,75.000625,90.91,40,16,11,5
18560,4505384,71.4285714285714,50,87.5,14,6,8
18561,4505479,80.002,66.67,88.89,15,6,9
18562,4506125,93.75,100,90,16,6,10
18563,4506348,92.3076923076923,75,100,13,4,9
18564,4506379,100,100,100,15,5,10
18565,4506451,90,50,100,10,2,8
18566,4506659,90.9090909090909,75,100,11,4,7
18567,4507562,86.365,100,72.73,22,11,11
18568,4507670,72.0008,84.62,58.33,25,13,12
18569,4507842,83.871935483871,100,70.59,31,14,17
18570,4508240,95.998,100,93.33,25,10,15
18571,4508346,94.8692307692308,100,91.3,39,16,23
18572,4508508,89.2878571428571,94.12,81.82,28,17,11
18573,4508863,91.1797058823529,92.31,90.48,34,13,21
18574,4509483,93.33,94.44,92.59,45,18,27
18575,4509539,97.7755555555555,100,95.45,45,23,22
18576,4509850,90.9075,92,89.47,44,25,19
18577,4510112,93.6165957446809,90.48,96.15,47,21,26
18578,4510267,95.7451063829787,90.91,100,47,22,25
18579,4510354,81.2528125,66.67,94.12,32,15,17
18580,4510485,100,100,100,56,26,30
18581,4510840,100,100,100,65,29,36
18582,4511075,97.916875,90.91,100,48,11,37
18583,4511186,94.9152542372881,90,100,59,30,29
18584,4511357,97.1005797101449,97.06,97.14,69,34,35
18585,4511369,93.7534375,91.18,96.67,64,34,30
18586,4511563,98.4630769230769,100,96.67,65,35,30
18587,4511806,100,100,100,61,28,33
18588,4512338,100,100,100,53,32,21
18589,4512483,100,100,100,66,28,38
18590,4512576,100,100,100,73,34,39
18591,4512882,100,100,100,80,37,43
18592,4512952,98.65,100,97.3,74,37,37
18593,4513201,98.7192307692308,97.3,100,78,37,41
18594,4513562,97.6988505747126,100,95.45,87,43,44
18595,4514001,98.8984615384615,100,98.21,91,35,56
18596,4514133,100,100,100,76,25,51
18597,4514262,97.4693670886076,94.12,100,79,34,45
18598,4514485,98.5929577464789,100,97.78,71,26,45
18599,4514800,98.1472222222222,96.55,100,54,29,25
18600,4515389,96.1542307692308,100,93.94,52,19,33
18601,4515398,97.0117910447761,96.77,97.22,67,31,36
18602,4515613,94.9986666666667,100,90.32,60,29,31
18603,4516259,100,100,100,51,25,26
18604,4516554,91.8937837837838,90.91,92.31,37,11,26
18605,4516843,97.6190476190476,100,95,42,22,20
18606,4516902,97.0591176470588,100,90.91,34,23,11
18607,4517589,100,100,100,39,24,15
18608,4518056,94.2862857142857,100,88.89,35,17,18
18609,4518063,93.5487096774194,95,90.91,31,20,11
18610,4519465,96.4257142857143,100,94.44,28,10,18
18611,4519712,85.1833333333333,90,82.35,27,10,17
18612,4519834,88.8888888888889,100,80,27,12,15
18613,4520071,100,100,100,31,14,17
18614,4520283,100,100,100,22,11,11
18615,4520313,96.4289285714286,90.91,100,28,11,17
18616,4520465,100,100,100,24,11,13
18617,4520576,100,100,100,20,11,9
18618,4520829,100,100,100,28,13,15
18619,4520915,100,100,100,26,12,14
18620,4520981,100,100,100,25,9,16
18621,4521170,100,100,100,31,15,16
18622,4521200,95.835,91.67,100,24,12,12
18623,4521302,96.1507692307692,94.44,100,26,18,8
18624,4521332,100,100,100,24,9,15
18625,4522256,92.8542857142857,90,94.44,28,10,18
18626,4522623,97.2233333333333,100,92.86,36,22,14
18627,4522743,100,100,100,39,20,19
18628,4522830,100,100,100,44,23,21
18629,4522859,100,100,100,39,24,15
18630,4523094,100,100,100,40,19,21
18631,4523289,95.1239024390244,90.48,100,41,21,20
18632,4523744,97.7261363636364,100,95.65,44,21,23
18633,4523915,91.66875,86.67,100,48,30,18
18634,4523969,95,92,100,40,25,15
18635,4524235,98.2433333333333,96.77,100,57,31,26
18636,4524318,98.1457407407407,96.77,100,54,31,23
18637,4524426,98.1825454545454,96.43,100,55,28,27
18638,4524481,100,100,100,48,21,27
18639,4524594,97.8239130434783,95.45,100,46,22,24
18640,4524613,97.4333333333333,95.45,100,39,22,17
18641,4524640,94.8717948717949,87.5,100,39,16,23
18642,4525138,82.7572413793103,76.92,87.5,29,13,16
18643,4525457,81.25125,71.43,88.89,16,7,9
18644,4525904,73.0776923076923,71.43,75,26,14,12
18645,4526194,100,100,100,27,12,15
18646,4526256,96.668,100,92.86,30,16,14
18647,4526335,92.5933333333333,77.78,100,27,9,18
18648,4526398,100,100,100,41,20,21
18649,4526608,100,100,100,45,23,22
18650,4526731,100,100,100,45,24,21
18651,4527182,97.7272727272727,95,100,44,20,24
18652,4527233,100,100,100,48,25,23
18653,4527284,100,100,100,53,26,27
18654,4527533,100,100,100,57,29,28
18655,4527856,98.5089552238806,96.67,100,67,30,37
18656,4528022,100,100,100,51,19,32
18657,4528056,98.2438596491228,95.45,100,57,22,35
18658,4528615,100,100,100,51,18,33
18659,4528783,93.8775510204082,100,88,49,24,25
18660,4529147,100,100,100,63,23,40
18661,4529465,100,100,100,55,21,34
18662,4529587,100,100,100,56,23,33
18663,4529615,100,100,100,42,22,20
18664,4530083,92.6819512195122,100,88.46,41,15,26
18665,4530095,100,100,100,46,19,27
18666,4530188,100,100,100,52,17,35
18667,4530304,98.0776923076923,94.12,100,52,17,35
18668,4530406,98.1825454545454,100,97.06,55,21,34
18669,4530523,97.9581632653061,100,96.55,49,20,29
18670,4530876,100,100,100,42,15,27
18671,4531109,93.0216279069767,92.31,93.33,43,13,30
18672,4531136,94.7357894736842,92.86,95.83,38,14,24
18673,4531953,96.43,100,92.86,28,14,14
18674,4532016,90.9090909090909,100,75,22,14,8
18675,4532236,100,100,100,30,15,15
18676,4532381,96.2977777777778,100,92.86,27,13,14
18677,4532656,95.6539130434783,91.67,100,23,12,11
18678,4532780,100,100,100,26,13,13
18679,4533013,96.0012,92.31,100,25,13,12
18680,4534876,87.500625,71.43,100,16,7,9
18681,4535899,88.8888888888889,100,75,9,5,4
18682,4536015,80,100,50,5,3,2
18683,4536546,91.6666666666667,100,75,12,8,4
18684,4536977,91.6666666666667,87.5,100,12,8,4
18685,4537228,91.6641666666666,85.71,100,12,7,5
18686,4537696,100,100,100,10,7,3
18687,4538187,100,100,100,6,3,3
18688,4538295,92.3084615384615,88.89,100,13,9,4
18689,4538538,91.6666666666667,100,75,12,8,4
18690,4539136,100,100,100,6,4,2
18691,4539232,100,100,100,6,3,3
18692,4539688,100,NA,100,1,NA,1
18693,4539806,100,100,NA,1,1,NA
18694,4539945,50,0,100,2,1,1
18695,4540008,66.6666666666667,50,100,3,2,1
18696,4540078,100,NA,100,2,NA,2
18697,4540258,33.3333333333333,0,50,3,1,2
18698,4541135,83.3333333333333,75,100,6,4,2
18699,4542176,90.9090909090909,87.5,100,11,8,3
18700,4543269,84.6169230769231,77.78,100,13,9,4
18701,4543490,100,100,100,10,9,1
18702,4544785,100,100,100,24,12,12
18703,4545265,100,100,100,21,11,10
18704,4545573,100,100,100,22,12,10
18705,4545631,96.5531034482759,100,91.67,29,17,12
18706,4545800,86.208275862069,80,92.86,29,15,14
18707,4545996,91.665,83.33,100,24,12,12
18708,4546137,100,100,100,32,14,18
18709,4546348,94.1197058823529,95.24,92.31,34,21,13
18710,4546867,97.6744186046512,100,95,43,23,20
18711,4546972,100,100,100,39,19,20
18712,4547448,100,100,100,41,17,24
18713,4547890,100,100,100,52,25,27
18714,4548430,98.0372549019608,100,96.15,51,25,26
18715,4548439,94.1152941176471,95.83,90,34,24,10
18716,4548980,96.2239622641509,96.55,95.83,53,29,24
18717,4550175,95.2392857142857,100,86.67,42,27,15
18718,4550260,100,100,100,56,26,30
18719,4550374,100,100,100,55,21,34
18720,4550578,97.62,94.12,100,42,17,25
18721,4550587,92.3069230769231,95.24,90.32,52,21,31
18722,4550596,97.4358974358974,100,93.75,39,23,16
18723,4550655,100,100,100,54,21,33
18724,4550713,100,100,100,37,10,27
18725,4550740,94.1197058823529,95.24,92.31,34,21,13
18726,4550866,97.1414285714286,95.65,100,35,23,12
18727,4551391,100,100,100,35,15,20
18728,4551670,100,100,100,44,19,25
18729,4551768,100,100,100,54,26,28
18730,4551786,100,100,100,52,24,28
18731,4551879,95.9167346938776,95.83,96,49,24,25
18732,4552026,100,100,100,55,26,29
18733,4552342,100,100,100,41,16,25
18734,4552356,100,100,100,57,28,29
18735,4552480,100,100,100,55,22,33
18736,4552494,96.3609090909091,96.55,96.15,55,29,26
18737,4552671,100,100,100,49,18,31
18738,4552794,93.1804545454546,83.33,100,44,18,26
18739,4552950,98.0771153846154,96.97,100,52,33,19
18740,4553105,94.445,100,77.78,36,27,9
18741,4553325,100,100,100,47,31,16
18742,4553342,100,100,100,54,33,21
18743,4553352,100,100,100,41,18,23
18744,4553963,100,100,100,50,27,23
18745,4554197,100,100,100,41,26,15
18746,4554267,100,100,100,41,23,18
18747,4554627,100,100,100,33,13,20
18748,4554634,100,100,100,27,20,7
18749,4554639,100,100,100,30,23,7
18750,4554738,100,100,100,34,17,17
18751,4554750,100,100,100,25,13,12
18752,4555119,100,100,100,24,9,15
18753,4555174,96.7751612903226,100,92.31,31,18,13
18754,4555185,100,100,100,34,20,14
18755,4555623,96.0016,92.86,100,25,14,11
18756,4555751,100,100,100,19,10,9
18757,4555907,93.3313333333333,85.71,100,15,7,8
18758,4557075,93.1055172413793,90,94.74,29,10,19
18759,4557281,100,100,100,28,9,19
18760,4557330,100,100,100,33,13,20
18761,4557478,100,100,100,22,16,6
18762,4558057,97.5585365853659,100,95.45,41,19,22
18763,4558859,100,100,100,24,6,18
18764,4559026,100,100,100,32,12,20
18765,4559059,97.6190476190476,96,100,42,25,17
18766,4559329,96.875,100,95,32,12,20
18767,4559351,97.6171428571429,94.44,100,42,18,24
18768,4559365,100,100,100,33,21,12
18769,4559461,96.875,95,100,32,20,12
18770,4559564,100,100,100,41,25,16
18771,4560286,97.62,100,94.12,42,25,17
18772,4560304,97.6171428571429,100,94.44,42,24,18
18773,4560521,97.5624390243902,100,94.74,41,22,19
18774,4561364,97.4369230769231,100,92.86,39,25,14
18775,4562389,100,100,100,51,19,32
18776,4562540,94.8723076923077,88.89,100,39,18,21
18777,4563115,90.4766666666667,85.71,92.86,21,7,14
18778,4563287,97.0597058823529,92.31,100,34,13,21
18779,4563298,90.625,87.5,93.75,32,16,16
18780,4563750,100,100,100,30,19,11
18781,4564184,100,100,100,50,28,22
18782,4564292,97.8702127659574,100,95.45,47,25,22
18783,4564640,98.215,96.43,100,56,28,28
18784,4564924,100,100,100,51,26,25
18785,4565204,100,100,100,59,30,29
18786,4565551,100,100,100,57,31,26
18787,4565635,100,100,100,49,30,19
18788,4565711,100,100,100,57,33,24
18789,4565770,100,100,100,56,32,24
18790,4565815,100,100,100,48,28,20
18791,4565833,94.6414285714286,90.32,100,56,31,25
18792,4565927,96.0764705882353,93.1,100,51,29,22
18793,4566071,100,100,100,48,29,19
18794,4566422,94.8692307692308,93.33,100,39,30,9
18795,4566441,95.0005,88.89,100,40,18,22
18796,4566461,97.62,96.43,100,42,28,14
18797,4566477,100,100,100,37,19,18
18798,4566491,98.0788461538462,96.67,100,52,30,22
18799,4566666,97.5015,100,94.74,40,21,19
18800,4566678,98.1150943396226,96.67,100,53,30,23
18801,4566707,96.0764705882353,93.33,100,51,30,21
18802,4566755,95.5546666666667,95.83,95.24,45,24,21
18803,4566843,100,100,100,55,33,22
18804,4567041,100,100,100,47,26,21
18805,4567275,96.0764705882353,93.33,100,51,30,21
18806,4567462,95.6526086956522,93.94,100,46,33,13
18807,4567689,100,100,100,49,27,22
18808,4567798,100,100,100,41,23,18
18809,4568113,95.65,91.3,100,46,23,23
18810,4568413,100,100,100,39,16,23
18811,4568425,96.667,90.91,100,30,11,19
18812,4568430,100,100,100,23,6,17
18813,4568992,87.998,93.33,80,25,15,10
18814,4569119,100,100,100,23,10,13
18815,4569535,95.6521739130435,100,93.75,23,7,16
18816,4569560,92.3107692307692,91.67,92.86,26,12,14
18817,4569578,90.0013333333333,92.86,87.5,30,14,16
18818,4569815,96.0012,92.31,100,25,13,12
18819,4570463,100,100,100,36,13,23
18820,4570909,88.8888888888889,81.25,100,27,16,11
18821,4571299,96.1553846153846,100,92.86,26,12,14
18822,4572891,100,100,100,15,11,4
18823,4573579,95.002,91.67,100,20,12,8
18824,4573970,88.8888888888889,90,87.5,18,10,8
18825,4574007,100,100,100,20,12,8
18826,4574829,100,100,100,25,13,12
18827,4575300,100,100,100,20,12,8
18828,4575405,100,100,100,25,11,14
18829,4575807,94.1179411764706,93.33,94.74,34,15,19
18830,4575867,100,100,100,29,9,20
18831,4575875,100,100,100,29,17,12
18832,4575918,96.876875,100,94.74,32,13,19
18833,4576071,89.6527586206897,90,89.47,29,10,19
18834,4576244,96.5531034482759,100,94.12,29,12,17
18835,4576371,97.22,94.44,100,36,18,18
18836,4576411,100,100,100,30,19,11
18837,4576488,80.7715384615385,100,64.29,26,12,14
18838,4576551,97.4338461538462,100,94.44,39,21,18
18839,4576670,94.4472222222222,94.74,94.12,36,19,17
18840,4576680,92.31,92.31,92.31,26,13,13
18841,4576844,100,100,100,35,19,16
18842,4577263,96.2962962962963,100,93.75,27,11,16
18843,4577756,100,100,100,15,6,9
18844,4578330,100,100,100,11,5,6
18845,4580162,100,100,100,18,9,9
18846,4580602,82.3541176470588,77.78,87.5,17,9,8
18847,4580671,75.001875,77.78,71.43,16,9,7
18848,4581685,100,100,100,30,14,16
18849,4582426,100,100,100,48,27,21
18850,4582464,97.6190476190476,96,100,42,25,17
18851,4583034,98.0008,96.43,100,50,28,22
18852,4583417,100,100,100,56,30,26
18853,4583480,100,100,100,48,27,21
18854,4583660,97.8706382978723,100,95.83,47,23,24
18855,4583814,98.2133928571428,100,96.55,56,27,29
18856,4584348,100,100,100,53,17,36
18857,4584429,100,100,100,59,23,36
18858,4584474,100,100,100,57,28,29
18859,4584483,100,100,100,57,24,33
18860,4584592,100,100,100,59,20,39
18861,4584651,100,100,100,48,27,21
18862,4584692,100,100,100,59,24,35
18863,4584714,98.4621538461538,96.43,100,65,28,37
18864,4584795,100,100,100,53,27,26
18865,4584809,95.3506976744186,90.48,100,43,21,22
18866,4584819,100,100,100,47,17,30
18867,4584938,100,100,100,59,28,31
18868,4585296,100,100,100,63,31,32
18869,4585362,97.0134328358209,93.33,100,67,30,37
18870,4586069,94.8277586206897,92,96.97,58,25,33
18871,4586462,97.5619512195122,100,95.24,41,20,21
18872,4586570,97.5590243902439,100,95.83,41,17,24
18873,4586669,100,100,100,31,18,13
18874,4587319,100,100,100,43,6,37
18875,4587340,100,100,100,47,20,27
18876,4587373,100,100,100,51,19,32
18877,4587382,98.1162264150943,100,96.88,53,21,32
18878,4587792,95.552,100,94.44,45,9,36
18879,4587961,95.2414285714286,91.67,96.67,42,12,30
18880,4588293,98.0788461538462,100,96.67,52,22,30
18881,4588557,97.2951351351351,100,94.44,37,19,18
18882,4588696,100,100,100,57,18,39
18883,4588725,98.3050847457627,100,97.5,59,19,40
18884,4589145,100,100,100,56,25,31
18885,4589609,98.3042372881356,96.55,100,59,29,30
18886,4589940,98.5098507462687,96.88,100,67,32,35
18887,4590024,100,100,100,57,29,28
18888,4590240,98.3622950819672,96.67,100,61,30,31
18889,4590450,98.1122641509434,100,96.55,53,24,29
18890,4590548,100,100,100,56,25,31
18891,4590759,100,100,100,54,24,30
18892,4590822,100,100,100,53,26,27
18893,4591164,100,100,100,38,19,19
18894,4591886,95,95,95,40,20,20
18895,4592029,100,100,100,38,17,21
18896,4592074,100,100,100,27,3,24
18897,4592114,100,100,100,45,25,20
18898,4592180,100,100,100,49,24,25
18899,4592257,100,100,100,47,23,24
18900,4592363,100,100,100,40,15,25
18901,4592525,100,100,100,44,19,25
18902,4593068,100,100,100,46,23,23
18903,4593383,100,100,100,47,26,21
18904,4593497,98.15,96.3,100,54,27,27
18905,4593584,100,100,100,37,18,19
18906,4593725,100,100,100,44,25,19
18907,4593994,100,100,100,40,20,20
18908,4594417,100,100,100,27,14,13
18909,4594696,92.5922222222222,93.33,91.67,27,15,12
18910,4594969,100,100,100,15,6,9
18911,4595102,94.445,90.91,100,18,11,7
18912,4595148,88.2358823529412,87.5,88.89,17,8,9
18913,4595162,86.6666666666667,100,75,15,7,8
18914,4595306,100,100,100,17,7,10
18915,4595312,100,100,100,23,15,8
18916,4595393,100,100,100,25,14,11
18917,4596219,100,100,100,20,13,7
18918,4596248,96.0012,92.31,100,25,13,12
18919,4596692,100,100,100,29,14,15
18920,4596801,95.835,100,92.86,24,10,14
18921,4597190,100,100,100,29,10,19
18922,4598212,100,100,100,39,20,19
18923,4598890,100,100,100,28,9,19
18924,4599152,100,100,100,39,16,23
18925,4599448,97.5015,100,94.74,40,21,19
18926,4599731,98.1122641509434,96.55,100,53,29,24
18927,4600287,100,100,100,40,22,18
18928,4600409,100,100,100,30,19,11
18929,4600416,97.144,95.24,100,35,21,14
18930,4600428,97.8702127659574,96.15,100,47,26,21
18931,4600464,100,100,100,41,21,20
18932,4600473,100,100,100,24,16,8
18933,4600484,95.5546666666667,96.15,94.74,45,26,19
18934,4600499,95.3506976744186,100,88.24,43,26,17
18935,4600581,100,100,100,43,26,17
18936,4600860,97.3684210526316,96,100,38,25,13
18937,4601305,100,100,100,27,15,12
18938,4601461,96.9709090909091,94.12,100,33,17,16
18939,4601946,100,100,100,38,15,23
18940,4602054,100,100,100,44,19,25
18941,4602087,97.3684210526316,93.75,100,38,16,22
18942,4602167,97.1405714285714,100,94.44,35,17,18
18943,4602359,97.6166666666667,100,95.45,42,20,22
18944,4602637,100,100,100,30,14,16
18945,4602951,100,100,100,27,13,14
18946,4603670,100,100,100,17,10,7
18947,4604319,95.4559090909091,92.31,100,22,13,9
18948,4604709,95.4545454545455,90,100,22,10,12
18949,4605092,100,100,100,25,14,11
18950,4605131,100,100,100,21,15,6
18951,4605389,100,100,100,27,13,14
18952,4605410,100,100,100,32,20,12
18953,4605439,100,100,100,22,10,12
18954,4605566,100,100,100,26,16,10
18955,4605598,96.664,94.44,100,30,18,12
18956,4605892,93.1041379310345,88.89,100,29,18,11
18957,4606733,100,100,100,30,15,15
18958,4606907,100,100,100,33,15,18
18959,4607899,100,100,100,25,5,20
18960,4607936,100,100,100,35,18,17
18961,4607954,100,100,100,39,23,16
18962,4608399,100,100,100,55,29,26
18963,4608449,100,100,100,49,29,20
18964,4608817,100,100,100,56,31,25
18965,4609615,94.8275862068966,94.12,95.83,58,34,24
18966,4609775,98.4133333333333,97.06,100,63,34,29
18967,4609822,98.5317647058824,100,96.88,68,36,32
18968,4609918,98.5923943661972,97.37,100,71,38,33
18969,4610054,100,100,100,65,37,28
18970,4610078,100,100,100,68,35,33
18971,4610210,96.8244444444445,97.14,96.43,63,35,28
18972,4610437,100,100,100,57,28,29
18973,4610536,94.445,100,88.89,54,27,27
18974,4610627,98.1488888888889,100,96.43,54,26,28
18975,4610717,100,100,100,27,9,18
18976,4610722,93.7475,95.83,87.5,32,24,8
18977,4611137,88.8862962962963,89.47,87.5,27,19,8
18978,4611601,100,100,100,36,18,18
18979,4611643,94.2857142857143,87.5,100,35,16,19
18980,4611985,90.4742857142857,95,86.36,42,20,22
18981,4612574,92.6829268292683,92,93.75,41,25,16
18982,4612688,92.8590476190476,96,88.24,42,25,17
18983,4612724,95.8335416666667,96.55,94.74,48,29,19
18984,4612966,94.3375471698113,96.77,90.91,53,31,22
18985,4613474,93.9436363636364,91.18,96.88,66,34,32
18986,4613586,95.8314583333333,94.12,96.77,48,17,31
18987,4613772,96.8771875,97.06,96.67,64,34,30
18988,4613782,98.0372549019608,97.14,100,51,35,16
18989,4613797,96.2245283018868,100,93.33,53,23,30
18990,4613860,98.0759615384615,100,96.55,52,23,29
18991,4613871,100,100,100,58,27,31
18992,4614900,98.306779661017,100,96.67,59,29,30
18993,4615022,98.1116981132076,100,95.83,53,29,24
18994,4615124,98.0788461538462,96.67,100,52,30,22
18995,4615689,97.5634146341463,96.67,100,41,30,11
18996,4615861,100,100,100,29,15,14
18997,4615866,100,100,100,40,27,13
18998,4615924,100,100,100,42,24,18
18999,4616227,97.7777777777778,100,93.75,45,29,16
19000,4616490,92.6785365853659,91.3,94.44,41,23,18
19001,4616548,98.0372549019608,96.15,100,51,26,25
19002,4616653,93.3315555555556,86.36,100,45,22,23
19003,4616784,100,100,100,44,23,21
19004,4617129,97.4338461538462,95.83,100,39,24,15
19005,4617187,89.1902702702703,81.82,100,37,22,15
19006,4617330,97.6758139534884,100,94.74,43,24,19
19007,4617410,100,100,100,43,28,15
19008,4617737,100,100,100,54,32,22
19009,4617773,95.9183673469388,96.3,95.45,49,27,22
19010,4617887,100,100,100,55,33,22
19011,4618562,100,100,100,63,37,26
19012,4618775,100,100,100,66,40,26
19013,4619081,100,100,100,51,23,28
19014,4619562,91.8385714285714,86.21,100,49,29,20
19015,4619567,92.3075,94.87,84.62,52,39,13
19016,4619958,91.3768965517241,85.29,100,58,34,24
19017,4620063,98.1132075471698,100,95,53,33,20
19018,4620629,100,100,100,52,32,20
19019,4620654,100,100,100,54,25,29
19020,4621114,100,100,100,66,26,40
19021,4621558,98.3037288135593,95.83,100,59,24,35
19022,4621785,87.5,93.1,82.86,64,29,35
19023,4621878,100,100,100,54,21,33
19024,4622094,98.334,96.43,100,60,28,32
19025,4622304,91.1770588235294,96,77.78,34,25,9
19026,4622537,98.3325,96.55,100,60,29,31
19027,4622683,93.3333333333333,100,81.25,45,29,16
19028,4622759,98.3033898305085,100,97.14,59,24,35
19029,4622931,97.91875,100,96.3,48,21,27
19030,4622966,98.0788461538462,100,96.67,52,22,30
19031,4623006,100,100,100,50,19,31
19032,4623534,100,100,100,42,15,27
19033,4623683,97.9571428571429,95.45,100,49,22,27
19034,4623749,97.62,100,92.86,42,28,14
19035,4623875,100,100,100,56,31,25
19036,4624496,98.5702857142857,97.22,100,70,36,34
19037,4624553,100,100,100,62,28,34
19038,4624560,100,100,100,67,40,27
19039,4625582,100,100,100,60,32,28
19040,4625612,100,100,100,61,34,27
19041,4625732,98.6104166666667,100,96.55,72,43,29
19042,4626395,95.31296875,100,90.91,64,31,33
19043,4626446,98.4359375,100,97.14,64,29,35
19044,4626867,100,100,100,50,20,30
19045,4626975,96.292962962963,90.91,97.67,54,11,43
19046,4627089,100,100,100,72,28,44
19047,4627127,95.831875,92.31,97.14,48,13,35
19048,4627510,97.0161194029851,92.86,100,67,28,39
19049,4627679,100,100,100,54,27,27
19050,4627822,80.8487234042553,86.67,78.12,47,15,32
19051,4627832,78.5757142857143,88.24,63.64,28,17,11
19052,4627837,92.6848780487805,100,86.96,41,18,23
19053,4627888,86.8442105263158,100,79.17,38,14,24
19054,4627907,93.618085106383,93.75,93.55,47,16,31
19055,4627945,93.8781632653061,100,90.91,49,16,33
19056,4628020,100,100,100,47,19,28
19057,4628143,98.0382352941176,100,96.55,51,22,29
19058,4628333,97.3657894736842,100,96.15,38,12,26
19059,4628341,100,100,100,48,25,23
19060,4628405,95.1229268292683,95.24,95,41,21,20
19061,4629212,97.6197619047619,100,92.31,42,29,13
19062,4629273,97.915,100,95.83,48,24,24
19063,4629347,100,100,100,50,28,22
19064,4629417,98.0008,96.43,100,50,28,22
19065,4629462,92.3084615384615,66.67,100,26,6,20
19066,4629471,97.5590243902439,95.83,100,41,24,17
19067,4629486,100,100,100,33,25,8
19068,4629518,97.825,95.65,100,46,23,23
19069,4629767,100,100,100,45,22,23
19070,4629837,97.8239130434783,100,95.45,46,24,22
19071,4630131,98.2125,96.15,100,56,26,30
19072,4630184,100,100,100,52,32,20
19073,4630609,100,100,100,49,22,27
19074,4630949,96.0012,92.31,100,50,26,24
19075,4630959,97.915,95.83,100,48,24,24
19076,4631271,96.5518965517241,96,96.97,58,25,33
19077,4631522,100,100,100,54,23,31
19078,4631559,98.2765517241379,96.43,100,58,28,30
19079,4631712,92.1031578947368,100,86.36,38,16,22
19080,4632102,90.3830769230769,100,82.14,52,24,28
19081,4632122,90.1958823529412,95.45,86.21,51,22,29
19082,4632141,94.5454545454545,100,90,55,25,30
19083,4632177,88.6393181818182,92.31,87.1,44,13,31
19084,4632209,96.3636363636364,100,93.75,55,23,32
19085,4632378,92.0018,100,86.21,50,21,29
19086,4632670,96.0770588235294,100,92.59,51,24,27
19087,4632857,89.3627659574468,89.47,89.29,47,19,28
19088,4633014,94.4433333333333,95.83,91.67,36,24,12
19089,4633270,97.8731914893617,100,95.24,47,26,21
19090,4633327,100,100,100,40,21,19
19091,4633661,97.7786666666667,100,95.24,45,24,21
19092,4633675,96.3,96.3,96.3,54,27,27
19093,4634176,100,100,100,53,23,30
19094,4634451,94.23,100,88.46,52,26,26
19095,4634489,97.824347826087,100,95.83,46,22,24
19096,4634696,100,100,100,52,25,27
19097,4635254,90.6221875,88.89,91.3,32,9,23
19098,4635305,92.1026315789474,87.5,95.45,38,16,22
19099,4635539,97.62,100,95.24,42,21,21
19100,4635620,89.7446153846154,100,81.82,39,17,22
19101,4635630,97.2233333333333,100,91.67,36,24,12
19102,4635660,89.5841666666667,80,96.43,48,20,28
19103,4635795,98.0753846153846,100,95.83,52,28,24
19104,4636272,98.3896774193548,96.88,100,62,32,30
19105,4636442,100,100,100,57,33,24
19106,4636581,100,100,100,48,23,25
19107,4636641,100,100,100,55,33,22
19108,4636822,100,100,100,51,35,16
19109,4637120,93.0232558139535,80,100,43,15,28
19110,4637311,100,100,100,45,26,19
19111,4637384,100,100,100,49,26,23
19112,4637882,100,100,100,45,15,30
19113,4638800,96.2974074074074,95.45,96.88,54,22,32
19114,4639037,96.1519230769231,91.3,100,52,23,29
19115,4639602,100,100,100,35,22,13
19116,4639693,100,100,100,28,17,11
19117,4639852,96.1553846153846,91.67,100,26,12,14
19118,4640152,100,100,100,24,14,10
19119,4640182,96.4296428571429,100,92.31,28,15,13
19120,4640391,96.2966666666667,100,90.91,27,16,11
19121,4640901,96.2966666666667,100,90.91,27,16,11
19122,4640924,95,100,90,20,10,10
19123,4641030,89.4742105263158,87.5,90.91,19,8,11
19124,4641091,85.002,91.67,75,20,12,8
