"MotifID","Position","Frm","FrmP","FrmN","Total_Coverage","CoverageP","CoverageN"
1,258,88.3116883116883,100,77.5,77,37,40
2,492,86.6636,87.5,86.27,75,24,51
3,598,90.3625301204819,100,80.49,83,42,41
4,661,95.3677777777778,100,92.42,108,42,66
5,903,89.6915463917526,94.74,86.44,97,38,59
6,1040,96.7391304347826,90,100,92,30,62
7,1875,93.4065934065934,91.3,95.56,91,46,45
8,1948,91.9536781609196,91.18,92.45,87,34,53
9,2632,95.6061538461538,97.62,93.88,91,42,49
10,2991,95.4055172413793,95.24,95.56,87,42,45
11,3256,94.1152941176471,87.8,100,85,41,44
12,4360,90.6768644067797,85.45,95.24,118,55,63
13,4599,92.1733913043478,87.76,95.45,115,49,66
14,4710,81.9234939759036,52.63,90.62,83,19,64
15,6260,87.7209649122807,81.97,94.34,114,61,53
16,7198,7.78718562874251,5.62,10.26,167,89,78
17,8012,79.2459433962264,81.82,76.47,106,55,51
18,8269,81.9309677419355,85.71,77.46,155,84,71
19,8859,88.2376470588235,85.94,90.28,136,64,72
20,10058,90.1758928571429,81.58,94.59,112,38,74
21,10628,86.4867567567567,78.95,90.41,111,38,73
22,11554,92.4790977443609,91.04,93.94,133,67,66
23,12711,90.3996,88.33,92.31,125,60,65
24,12720,88.6178048780488,84.48,92.31,123,58,65
25,12818,94.3271631205674,90.57,96.59,141,53,88
26,13642,88.7236842105263,92,86.75,133,50,83
27,14301,91.8494074074074,87.5,95.77,135,64,71
28,14623,87.2582165605096,90.32,85.26,157,62,95
29,17138,83.7193023255814,82.09,85.48,129,67,62
30,17310,87.8514018691589,86.96,89.47,107,69,38
31,18384,83.5339024390244,84.21,82.95,164,76,88
32,19003,82.2709219858156,70.97,91.14,141,62,79
33,19309,83.5695714285714,83.56,83.58,140,73,67
34,22712,87.4093706293706,85.96,88.37,143,57,86
35,22991,85.7140476190476,76.47,92,126,51,75
36,23339,94.51,91.78,96.7,164,73,91
37,25798,88.2373109243698,95,81.36,119,60,59
38,26010,21.0206818181818,21.95,20.21,176,82,94
39,27035,86.0911258278146,90.8,79.69,151,87,64
40,28724,94.2172727272727,94.55,93.94,121,55,66
41,29268,90.9067424242424,95.35,88.76,132,43,89
42,29465,85.7121768707483,82.81,87.95,147,64,83
43,30207,85.4954198473282,80.82,91.38,131,73,58
44,31753,88.8274860335195,89.16,88.54,179,83,96
45,31938,90.126975308642,92.21,88.24,162,77,85
46,33795,90.9691612903226,87.88,93.26,155,66,89
47,34588,92.7610526315789,94.44,91.25,152,72,80
48,34701,91.3653956834532,88.31,95.16,139,77,62
49,35211,88.8142105263158,83.58,92.94,152,67,85
50,35306,89.3344,85.48,92.05,150,62,88
51,35949,75.8315,58.97,83.95,120,39,81
52,36221,91.0990575916231,88.76,93.14,191,89,102
53,38083,66.9878640776699,65,68.25,103,40,63
54,38089,79.7488607594937,77.78,81.82,158,81,77
55,39889,72.0432258064516,71.74,72.34,93,46,47
56,39980,74.3381415929204,70.37,77.97,113,54,59
57,40278,70.3699074074074,77.05,61.7,108,61,47
58,40435,86.2711764705882,83.33,89.58,102,54,48
59,40637,31.1497540983607,35.62,24.49,122,73,49
60,40764,40.0038461538462,41.1,38.6,130,73,57
61,41015,69.5233333333333,71.43,65.71,105,70,35
62,41205,85.4388349514563,83.64,87.5,103,55,48
63,41348,71.848640776699,64.71,78.85,103,51,52
64,42533,93.8386301369863,94.94,92.54,146,79,67
65,43152,83.688865248227,80.33,86.25,141,61,80
66,43258,89.0333548387097,88.64,89.55,155,88,67
67,44324,90.9574576271187,92.59,89.58,177,81,96
68,44357,92.0724390243902,90.79,93.18,164,76,88
69,44684,85.4986259541985,81.36,88.89,131,59,72
70,44873,81.3429850746269,81.82,80.88,134,66,68
71,45201,92.4432558139535,95,90.22,172,80,92
72,45446,90.1306578947368,94.59,85.9,152,74,78
73,46200,87.9156375838926,85.71,89.87,149,70,79
74,47217,79.6786096256685,82.42,77.08,187,91,96
75,47514,92.0599470899471,95.29,89.42,189,85,104
76,48490,60.4317647058823,54.55,65.66,187,88,99
77,48749,92.8133986928105,95.15,88,153,103,50
78,49412,83.335,86.42,80.25,162,81,81
79,49555,83.3358854166667,83.52,83.17,192,91,101
80,49609,75.51,82.14,66.67,147,84,63
81,49691,92.3097802197802,92.93,91.57,182,99,83
82,50405,89.0417808219178,84.13,92.77,146,63,83
83,50754,81.5142016806723,76,85.51,119,50,69
84,51163,69.8798192771084,66.2,72.63,166,71,95
85,52079,89.7998469387755,92.04,86.75,196,113,83
86,52858,91.3029192546584,93.42,89.41,161,76,85
87,53173,90.1120879120879,86.6,94.12,182,97,85
88,53184,86.5853048780488,85.26,88.41,164,95,69
89,53301,76.2217482517483,75.58,77.19,143,86,57
90,54795,93.4539285714286,88.89,98.72,168,90,78
91,54840,94.273125,94,94.57,192,100,92
92,55391,73.586855345912,76.25,70.89,159,80,79
93,55684,94.4433333333334,92.63,96.47,180,95,85
94,56408,92.5580930232558,93.69,91.35,215,111,104
95,56578,91.1022513089005,89.25,92.86,191,93,98
96,56663,87.6913333333333,82.61,92.23,195,92,103
97,57478,85.7886315789474,84.88,86.54,190,86,104
98,57672,88.2973404255319,85.26,91.4,188,95,93
99,57750,93.0091397849462,88.42,97.8,186,95,91
100,58057,81.2894152046784,83.15,79.27,171,89,82
101,58095,88.1338983050848,89.58,86.42,177,96,81
102,59322,88.6706666666667,84.51,92.41,150,71,79
103,59335,86.8577142857143,81.18,92.22,175,85,90
104,59477,79.4141176470588,50,96.3,170,62,108
105,59708,85.7946994535519,84.15,87.13,183,82,101
106,60044,90.0654658385093,85.9,93.98,161,78,83
107,60274,86.9869863013699,79.03,92.86,146,62,84
108,61379,88.1752688172043,85.23,90.82,186,88,98
109,62702,93.3327407407407,88.52,97.3,135,61,74
110,62906,78.9463157894737,85,70.42,171,100,71
111,64998,83.535,82.35,84.81,164,85,79
112,65583,72.8675376884422,63.27,82.18,199,98,101
113,66076,65.2464024390244,52.31,73.74,164,65,99
114,66388,76.87325,79.57,73.13,160,93,67
115,66505,82.4470212765957,76.92,89.29,188,104,84
116,66900,65.882,55.43,78.21,170,92,78
117,67464,75.5462008733625,69.64,81.2,229,112,117
118,68426,82.3575,88.5,74.73,204,113,91
119,68864,83.7103370786517,72.88,89.08,178,59,119
120,72045,80.3779746835443,82.02,78.26,158,89,69
121,72206,86.7827586206897,83.52,90.36,174,91,83
122,72288,80.1311920529801,75.64,84.93,151,78,73
123,72414,88.8888888888889,85.23,93.24,162,88,74
124,72637,76.8194039735099,70.13,83.78,151,77,74
125,72711,77.299509202454,75.58,79.22,163,86,77
126,72720,72.7288429752066,74.63,70.37,121,67,54
127,72965,83.231801242236,82.72,83.75,161,81,80
128,73017,68.0213953488372,59.26,75.82,172,81,91
129,73106,79.8716233766234,83.51,73.68,154,97,57
130,73155,86.6652,88.17,84.21,150,93,57
131,73176,81.8157575757576,84.88,78.48,165,86,79
132,73202,79.9983870967742,73.33,86.25,155,75,80
133,73657,80.1163157894737,72.22,88.89,171,90,81
134,74627,93.6602112676056,97.4,89.23,142,77,65
135,75771,73.5326470588235,63.64,82.86,136,66,70
136,75788,80.2276271186441,79.21,81.58,177,101,76
137,76212,91.1548979591837,91.46,90.77,147,82,65
138,76390,88.3958563535912,89,87.65,181,100,81
139,77460,84.9150837988827,86.9,83.16,179,84,95
140,78246,85.7188235294118,88.1,84.42,119,42,77
141,80836,83.2080916030534,84.42,81.48,131,77,54
142,82644,91.3467307692308,94,88.89,104,50,54
143,83778,87.50078125,89.55,85.25,128,67,61
144,89702,89.5109090909091,94.87,83.08,143,78,65
145,90319,96.0265562913907,98.63,93.59,151,73,78
146,90706,86.616338028169,87.01,86.15,142,77,65
147,91104,86.87725,88.24,85.87,160,68,92
148,92380,90.4271276595745,87.37,93.55,188,95,93
149,92522,83.6573202614379,79.03,86.81,153,62,91
150,92943,85.983949044586,82.22,91.04,157,90,67
151,93325,86.8982068965517,75.44,94.32,145,57,88
152,93708,85.2929411764706,88.71,82.43,136,62,74
153,95423,70.9407692307692,40,81.61,117,30,87
154,97219,86.954347826087,89.61,84.52,161,77,84
155,98092,86.8862295081967,92.71,80.46,183,96,87
156,98316,94.2545977011494,95.95,93,174,74,100
157,98895,80.8802205882353,80.95,80.82,136,63,73
158,98991,90.62125,98.68,83.33,160,76,84
159,100153,72.075,77.92,66.23,154,77,77
160,101196,79.9986,71.83,87.34,150,71,79
161,101442,80.4730177514793,78.26,82,169,69,100
162,101621,88.8909941520468,89.04,88.78,171,73,98
163,101645,88.2041573033708,91.67,85.85,178,72,106
164,101987,82.0509615384616,80,83.95,156,75,81
165,102577,87.791511627907,78.57,94.12,172,70,102
166,103183,88.0266197183099,82.09,93.33,142,67,75
167,104863,81.815,75.32,88.31,154,77,77
168,106974,93.2591011235955,88.75,96.94,178,80,98
169,109167,69.3121693121693,55.42,80.19,189,83,106
170,109331,83.5772463768116,85.57,81.82,207,97,110
171,109647,86.6040669856459,87.61,85.42,209,113,96
172,110693,82.276582278481,84.52,79.73,158,84,74
173,110719,79.2867857142857,65.45,88.24,140,55,85
174,111081,82.7058646616541,90.36,70,133,83,50
175,111953,78.5238255033557,65.38,85.57,149,52,97
176,112496,85.2576923076923,83.95,86.67,156,81,75
177,113156,79.2203896103896,77.63,80.77,154,76,78
178,113311,77.4815894039735,80.52,74.32,151,77,74
179,114932,80.9495918367347,87.67,74.32,147,73,74
180,115547,82.455,84.21,80.7,114,57,57
181,116292,74.3164480874317,59.3,87.63,183,86,97
182,118075,88.2792413793103,91.67,83.61,145,84,61
183,119122,95.0625925925926,95.71,94.57,162,70,92
184,119641,91.3993548387097,93.22,88.24,186,118,68
185,119739,90.6026174496644,96.47,82.81,149,85,64
186,120198,91.5227683615819,94.39,87.14,177,107,70
187,120814,56.87475,52.17,63.24,160,92,68
188,124149,87.2850289017341,85.15,90.28,173,101,72
189,124313,85.002,80.52,90.48,140,77,63
190,125129,91.4494736842105,96.88,82.14,152,96,56
191,125441,94.0823076923077,91.89,95.79,169,74,95
192,125819,86.3409836065574,90,82.8,183,90,93
193,126195,89.7622891566265,94.05,85.37,166,84,82
194,126526,76.3480405405405,67.12,85.33,148,73,75
195,127820,93.156,90.24,95.37,190,82,108
196,129611,85.7182010582011,85.11,86.32,189,94,95
197,129794,77.9752380952381,75,80.68,168,80,88
198,135326,84.9753886010363,86.87,82.98,193,99,94
199,135723,59.5746808510638,70.83,47.83,141,72,69
200,135934,82.810859375,78.08,89.09,128,73,55
201,136463,90.3434482758621,89.39,91.14,145,66,79
202,136585,89.4414906832298,90.32,88.24,161,93,68
203,137278,84.2105263157895,95.92,62.96,76,49,27
204,137319,88.2360504201681,94.55,82.81,119,55,64
205,138058,93.6374545454545,96.72,89.8,110,61,49
206,138378,93.7007874015748,94.64,92.96,127,56,71
207,138501,92.4534905660377,86.67,96.72,106,45,61
208,139131,88.1733333333333,92.68,84.62,93,41,52
209,140146,89.475,86.84,92.11,76,38,38
210,140789,81.9251807228916,91.3,70.27,83,46,37
211,140831,91.5067924528302,96.49,85.71,106,57,49
212,141326,77.451862745098,74.47,80,102,47,55
213,142157,88.8877777777778,91.23,86.27,108,57,51
214,144013,45.5167307692308,34.67,55.56,156,75,81
215,144251,83.2205369127517,83.54,82.86,149,79,70
216,144340,91.4129447852761,91.57,91.25,163,83,80
217,145529,84.7848550724638,92.73,79.52,138,55,83
218,145620,89.7778832116788,87.27,91.46,137,55,82
219,146290,88.5918791946309,92.86,84.81,149,70,79
220,149475,89.8656756756757,95.59,85,148,68,80
221,151848,71.3371337579618,80.49,61.33,157,82,75
222,152488,92.7984,91.8,93.75,125,61,64
223,153396,94.3390566037736,95.24,93.33,159,84,75
224,153422,92.856875,95.12,91.55,112,41,71
225,154750,77.1260784313725,79.27,74.65,153,82,71
226,154957,80.5575,85.53,75,144,76,68
227,156516,88.7099193548387,93.44,84.13,124,61,63
228,157138,20.8651304347826,20.63,21.15,115,63,52
229,158654,83.6085245901639,81.58,86.96,61,38,23
230,158974,48.3888709677419,37.93,57.58,62,29,33
231,162564,88.8925925925926,78.95,94.29,54,19,35
232,163496,74.6291044776119,77.78,70.97,67,36,31
233,163589,79.5187951807229,82.98,75,83,47,36
234,165818,70.8888607594937,81.58,60.98,79,38,41
235,166110,83.5179120879121,82.93,84,91,41,50
236,166259,86.0216129032258,92.86,80.39,93,42,51
237,166552,92.5933333333333,97.78,86.11,81,45,36
238,166609,96.668,100,92.86,90,48,42
239,166754,88.7616853932584,86.36,91.11,89,44,45
240,167379,72.5816129032258,73.33,71.88,62,30,32
241,168386,81.5539805825243,80,83.02,103,50,53
242,169135,83.1759813084112,87.69,76.19,107,65,42
243,169324,88.3286666666666,85.71,90.62,120,56,64
244,170247,76.9900884955752,72.41,81.82,113,58,55
245,173054,74.7953658536585,80.33,69.35,123,61,62
246,174905,78.2590683229814,76.47,80.26,161,85,76
247,174950,64.5177419354839,79.49,39.13,124,78,46
248,175748,61.63,67.78,54.88,172,90,82
249,175814,71.0131884057971,80.23,55.77,138,86,52
250,176793,84.0360504201681,88.41,78,119,69,50
251,177967,88.1491111111111,90.48,84.31,135,84,51
252,178971,85.7133035714286,89.47,81.82,112,57,55
253,179369,87.4038518518519,83.78,91.8,135,74,61
254,181208,81.6492660550459,85.33,73.53,109,75,34
255,181590,82.522427184466,78.05,85.48,103,41,62
256,181973,82.4995,90.91,72.22,80,44,36
257,185730,70.9069090909091,78.57,62.96,55,28,27
258,185790,65.3853846153846,77.42,47.62,52,31,21
259,185823,55.00075,60.87,47.06,40,23,17
260,186022,58.1376744186047,68,44.44,43,25,18
261,186255,58.8241176470588,66.67,46.15,34,21,13
262,186498,33.3362962962963,42.86,23.08,27,14,13
263,186940,50,37.5,62.5,16,8,8
264,186957,66.6675,71.43,60,12,7,5
265,187050,49.9983333333333,36.36,71.43,18,11,7
266,187617,57.5772727272727,47.37,71.43,33,19,14
267,187636,48.2748275862069,29.41,75,29,17,12
268,188219,59.4602702702703,63.64,53.33,37,22,15
269,189410,89.3345333333333,80.49,100,75,41,34
270,189972,67.8171264367816,74.47,60,87,47,40
271,190618,91.8597674418605,86.67,94.64,86,30,56
272,191051,82.6088043478261,68.29,94.12,92,41,51
273,191179,80.765,71.79,89.74,78,39,39
274,191243,86.5339423076923,87.23,85.96,104,47,57
275,191895,87.3527586206897,83.33,89.47,87,30,57
276,192500,81.4148672566372,73.08,88.52,113,52,61
277,192835,90.9089090909091,96.15,86.21,110,52,58
278,193201,78.7210638297872,67.39,89.58,94,46,48
279,193536,90.3861538461538,87.04,94,104,54,50
280,193809,86.726017699115,88.68,85,113,53,60
281,193842,91.7522680412371,87.04,97.67,97,54,43
282,193888,91.2280701754386,87.1,96.15,114,62,52
283,194191,93.0453913043478,91.38,94.74,115,58,57
284,194537,89.3959090909091,84.06,95.24,132,69,63
285,195651,86.025376344086,79.55,91.84,93,44,49
286,195793,80,80,80,90,45,45
287,196021,85.00025,75.44,93.65,120,57,63
288,196399,75.6999065420561,74.24,78.05,107,66,41
289,197128,90.7528571428571,92.45,89.39,119,53,66
290,197374,81.5123529411765,76.79,85.71,119,56,63
291,197719,87.3964705882353,81.67,93.22,119,60,59
292,197767,78.5728571428571,56.25,92.31,84,32,52
293,197843,79.5442045454545,81.08,78.43,88,37,51
294,198067,91.3055652173913,88.68,93.55,115,53,62
295,198742,89.011978021978,96,80.49,91,50,41
296,198862,87.2707272727273,79.31,96.15,110,58,52
297,199434,81.902,76.92,86.79,105,52,53
298,200969,95.236380952381,96.15,94.34,105,52,53
299,202036,88.2315294117647,90.16,83.33,85,61,24
300,202834,85.4164583333333,87.27,82.93,96,55,41
301,203483,84.6143956043956,81.58,86.79,91,38,53
302,203837,90.91,90.91,90.91,110,66,44
303,204835,86.5175280898876,86.67,86.44,89,30,59
304,205243,82.2030508474576,82.14,82.26,118,56,62
305,206942,91.5476056338028,92.42,90.79,142,66,76
306,207141,92.8542857142857,89.09,95.29,140,55,85
307,207652,86.2323188405797,88.52,84.42,138,61,77
308,209961,78.726914893617,79.37,77.42,94,63,31
309,210155,91.9654464285714,89.09,94.74,112,55,57
310,211192,91.5365384615385,85.45,96,130,55,75
311,211474,91.9351612903226,94,90.54,124,50,74
312,211916,85.4121875,84.44,86.27,96,45,51
313,211965,85.5555555555556,79.55,91.3,90,44,46
314,212362,86.9557608695652,94.59,81.82,92,37,55
315,213068,91.0726785714286,92.59,89.66,112,54,58
316,213884,93.4456557377049,95.56,92.21,122,45,77
317,214908,90.09,95.45,86.57,111,44,67
318,214915,90.91,93.94,87.88,132,66,66
319,215087,96.4893859649123,96.61,96.36,114,59,55
320,215537,93.4072527472528,93.62,93.18,91,47,44
321,216150,89.855,94.2,85.51,138,69,69
322,216412,94.9585714285714,91.53,98.33,119,59,60
323,216657,94.795,95.56,94.12,96,45,51
324,218491,90.0854054054054,94.44,85.96,111,54,57
325,221253,96.9722222222222,100,94.55,99,44,55
326,221429,94.5047252747253,90.91,96.55,91,33,58
327,221725,81.7198924731183,87.23,76.09,93,47,46
328,221953,93.8162886597938,92.5,94.74,97,40,57
329,222649,90.9070247933884,100,85.33,121,46,75
330,223017,91.1498230088496,93.48,89.55,113,46,67
331,223156,86.488018018018,92,81.97,111,50,61
332,223884,94.3908411214953,95.83,93.22,107,48,59
333,223941,88.3135064935065,58.82,96.67,77,17,60
334,224161,84.5225,97.96,65.71,84,49,35
335,224807,97.825652173913,96.88,98.33,92,32,60
336,225593,95.3291588785047,94.34,96.3,107,53,54
337,226335,90.5970085470085,89.55,92,117,67,50
338,228449,79.1675,79.63,78.89,144,54,90
339,228458,79.7197202797203,77.42,81.48,143,62,81
340,228556,95.8031468531469,93.15,98.57,143,73,70
341,229786,93.3943396226415,84.44,100,106,45,61
342,230443,87.9995,79.49,93.44,100,39,61
343,232331,89.0912727272727,86.27,91.53,110,51,59
344,233685,87.7029508196721,85.48,90,122,62,60
345,234656,88.1337288135593,85.71,90.91,118,63,55
346,236676,96.4913157894737,94.03,100,114,67,47
347,237241,94.1613868613139,92.77,96.3,137,83,54
348,237423,94.8523529411765,95.77,93.85,136,71,65
349,238273,92.3684732824427,90,94.37,131,60,71
350,238990,94.7839130434783,96.61,92.86,115,59,56
351,239218,94.1583116883117,97.47,90.67,154,79,75
352,240081,89.9101834862385,93.85,84.09,109,65,44
353,242141,94.2439568345324,97.01,91.67,139,67,72
354,243204,92.4113103448276,87.72,95.45,145,57,88
355,243234,94.0089820359281,96.1,92.22,167,77,90
356,244011,97.175197740113,98.78,95.79,177,82,95
357,245395,86.7765289256198,93.24,76.6,121,74,47
358,246883,95.8624137931034,97.33,94.29,145,75,70
359,246940,97.2245833333333,97.44,96.97,144,78,66
360,247477,87.9235570469799,86.89,88.64,149,61,88
361,247600,95.5270149253731,96.88,94.29,134,64,70
362,247798,85.156875,79.63,89.19,128,54,74
363,248321,96.9734343434343,97.83,96.23,99,46,53
364,248669,94.5962162162162,91.18,97.5,148,68,80
365,249472,93.0274418604651,96.67,89.86,129,60,69
366,250540,87.7406451612903,90,85.88,155,70,85
367,250699,91.6643055555556,96.92,87.34,144,65,79
368,251008,95.5988679245283,97.7,93.06,159,87,72
369,251289,88.1345762711864,97.87,81.69,118,47,71
370,254074,96.6662666666667,98.73,94.37,150,79,71
371,254095,95.8578620689655,98.73,92.42,145,79,66
372,255298,87.0696551724138,89.06,84.62,116,64,52
373,256007,95.0804098360656,96.36,94.03,122,55,67
374,256289,90.2952427184466,94.55,85.42,103,55,48
375,256490,95.8682644628099,98.46,92.86,121,65,56
376,256554,93.1576923076923,86.27,98.48,117,51,66
377,257073,91.5378461538462,80.85,97.59,130,47,83
378,257903,89.334,89.39,89.29,150,66,84
379,258490,85.6109352517986,95.38,77.03,139,65,74
380,258564,82.6062608695652,75,87.32,115,44,71
381,258751,88.635,96.97,80.3,132,66,66
382,258905,93.5079220779221,96.88,91.11,154,64,90
383,260384,92.7626315789474,93.33,92.21,152,75,77
384,262107,88.9672413793104,74.47,95.92,145,47,98
385,262123,83.6840425531915,82.35,84.44,141,51,90
386,262772,88.5732857142857,82.98,91.4,140,47,93
387,263595,96.4271428571429,100,93.9,140,58,82
388,264307,96.1243225806452,97.01,95.45,155,67,88
389,264844,95.1045454545455,93.85,96.15,143,65,78
390,265036,90.7266225165563,87.32,93.75,151,71,80
391,265175,95.2695945945946,97.01,93.83,148,67,81
392,265408,91.778904109589,90,93.02,146,60,86
393,267965,90.9054545454545,95.31,85.96,121,64,57
394,268501,91.7371900826446,88.68,94.12,121,53,68
395,269061,79.9987826086957,75,83.58,115,48,67
396,269963,90.0690070921986,83.82,95.89,141,68,73
397,270094,91.79,92.54,91.04,134,67,67
398,270441,85.4177083333333,85.71,85.25,96,35,61
399,271610,90.18,85.42,93.75,112,48,64
400,271686,74.7653271028037,81.03,67.35,107,58,49
401,273147,91.7618823529412,90.24,93.18,85,41,44
402,274211,93.2464864864865,91.67,94.74,74,36,38
403,274737,67.05,64.29,69.57,88,42,46
404,275229,87.3038095238095,87.88,86.67,63,33,30
405,275332,84.0586956521739,82.05,86.67,69,39,30
406,275572,88.8905555555556,92,86.21,54,25,29
407,275634,91.38,86.21,96.55,58,29,29
408,276793,88.8874074074074,83.87,95.65,54,31,23
409,276828,95.1239024390244,90.48,100,41,21,20
410,277081,91.378275862069,88.89,95.45,58,36,22
411,277092,94.4466666666667,91.18,100,54,34,20
412,277361,82.1428571428571,68.75,100,56,32,24
413,279422,84.1620792079208,93.85,66.67,101,65,36
414,279747,65.3865384615385,76.67,50,104,60,44
415,280458,89.3809734513274,90.77,87.5,113,65,48
416,280955,90.82975,92.06,89.47,120,63,57
417,281570,90.7219587628866,91.49,90,97,47,50
418,282052,96.2987037037037,93.48,98.39,108,46,62
419,283300,94.4441666666667,89.83,100,108,59,49
420,284109,78.8484615384615,83.93,72.92,104,56,48
421,284153,86.1817886178862,80.6,92.86,123,67,56
422,284647,91.4664634146341,90.2,93.55,82,51,31
423,285229,59.7585365853659,65.22,52.78,82,46,36
424,286535,94.1741747572815,92.86,95.74,103,56,47
425,287035,82.0259550561798,74.29,87.04,89,35,54
426,287333,82.0212359550562,90.91,73.33,89,44,45
427,287382,89.285,100,78.57,112,56,56
428,288039,76.3452688172043,68.09,84.78,93,47,46
429,288751,54.4487777777778,48.94,60.47,90,47,43
430,289204,44.58,40.48,48.78,83,42,41
431,290478,87.3235211267606,83.87,90,71,31,40
432,291499,91.6675,92,91.43,60,25,35
433,291754,83.0776923076923,84.85,81.25,65,33,32
434,292323,64.06359375,73.91,58.54,64,23,41
435,292834,68.4247368421053,69.57,67.65,57,23,34
436,293587,79.785,78.72,80.85,94,47,47
437,294008,82.0237078651685,86.05,78.26,89,43,46
438,294081,89.6528735632184,84.78,95.12,87,46,41
439,294119,75.554,80.39,69.23,90,51,39
440,294326,70.37,61.11,75,54,18,36
441,294987,90.425,91.49,89.36,94,47,47
442,296264,56.5221739130435,52.27,60.42,92,44,48
443,296674,65.5951612903226,62.75,69.05,93,51,42
444,296763,60.1781415929203,64.71,53.33,113,68,45
445,298033,88.28,82.81,93.75,128,64,64
446,299124,81.7453174603175,64.15,94.52,126,53,73
447,301569,78.8478846153846,79.25,78.43,104,53,51
448,303095,88.0629850746269,82.76,92.11,134,58,76
449,303400,83.1936134453782,82.81,83.64,119,64,55
450,303705,90.9086363636364,91.3,90.48,88,46,42
451,306756,78.12484375,72.41,82.86,128,58,70
452,307986,85.21,81.69,88.73,142,71,71
453,308321,88.5718095238095,82.61,93.22,105,46,59
454,308962,94.6130769230769,93.75,95.45,130,64,66
455,310231,91.3062608695652,89.29,93.22,115,56,59
456,310556,95.0413223140496,97.22,91.84,121,72,49
457,311512,86.5587394957983,89.66,83.61,119,58,61
458,311579,88.6952173913044,89.23,88,115,65,50
459,312502,87.705,93.44,81.97,122,61,61
460,312862,86.6666666666667,87.76,85.71,105,49,56
461,312945,94.4435185185185,96.92,90.7,108,65,43
462,313199,97.4975,98.46,96.36,120,65,55
463,314249,93.3313333333333,95.31,91.07,120,64,56
464,314417,70.3702469135802,61.29,76,81,31,50
465,314925,92.62,95.08,90.16,122,61,61
466,315248,90.0916216216216,93.75,85.11,111,64,47
467,315671,92.8528571428571,90.16,95.38,126,61,65
468,315716,84.4036697247706,80,87.5,109,45,64
469,315783,92.0628571428571,94.44,90.28,126,54,72
470,316614,81.1752941176471,78.38,83.33,85,37,48
471,316809,71.2356164383562,82.76,63.64,73,29,44
472,317203,59.3385714285714,71.15,43.59,91,52,39
473,318218,91.7561855670103,86.05,96.3,97,43,54
474,318804,88.9813559322034,93.1,85,118,58,60
475,319399,96.43,97.62,95.24,84,42,42
476,319959,86.7630882352941,85.71,87.88,68,35,33
477,320593,90.4337391304348,90.2,90.62,115,51,64
478,320758,89.7971428571428,90.2,89.36,98,51,47
479,321770,75.6768918918919,74.07,76.6,74,27,47
480,323896,91.8196363636364,92.31,91.38,110,52,58
481,325984,97.4566949152542,98.36,96.49,118,61,57
482,326391,85.5251315789474,95.74,68.97,76,47,29
483,326640,88.3218248175182,90.32,86.67,137,62,75
484,326736,91.1738235294118,91.43,91.04,102,35,67
485,327813,94.8064935064935,92.5,97.3,77,40,37
486,328772,80.7234939759036,86.96,72.97,83,46,37
487,329088,84.522380952381,90.62,80.77,84,32,52
488,329702,90.2661061946903,92,88.89,113,50,63
489,332092,82.7570689655172,76.47,87.69,116,51,65
490,332716,91.7428440366973,95.65,88.89,109,46,63
491,333390,97.9806060606061,96.08,100,99,51,48
492,334023,90.3624096385542,88.1,92.68,83,42,41
493,334318,94.8449484536082,95.83,93.88,97,48,49
494,334677,97.2471559633027,96.55,98.04,109,58,51
495,334892,87.782,84.62,90.2,90,39,51
496,334903,88.4248421052632,89.8,86.96,95,49,46
497,334982,89.6081818181818,85.71,96.43,77,49,28
498,335350,90.9119090909091,98.25,83.02,110,57,53
499,336022,88.3490291262136,89.09,87.5,103,55,48
500,336600,84.6923469387755,85.96,82.93,98,57,41
501,336777,94.0177777777778,91.94,96.36,117,62,55
502,336836,89.7449572649573,86.21,93.22,117,58,59
503,337825,91.3475,90.77,92.31,104,65,39
504,337987,84.1686666666667,80.6,88.68,120,67,53
505,339218,91.5261016949153,89.66,93.33,118,58,60
506,339244,88.8871296296296,83.67,93.22,108,49,59
507,339675,69.0935454545455,66.67,71.7,110,57,53
508,339939,84.0425531914894,72.97,91.23,94,37,57
509,340039,87.3884684684685,91.07,83.64,111,56,55
510,340331,97.7090839694656,98.63,96.55,131,73,58
511,340766,92.1036842105263,96.77,86.54,114,62,52
512,341267,96.1204854368932,97.92,94.55,103,48,55
513,341604,88.9914678899083,83.33,94.55,109,54,55
514,343291,96.7475609756097,96.97,96.49,123,66,57
515,344061,91.8342857142857,94.12,90.62,98,34,64
516,345633,87.2560784313726,84.78,89.29,102,46,56
517,346972,96.1526923076923,95.92,96.36,104,49,55
518,347877,89.2828571428571,97.22,83.33,84,36,48
519,348000,83.0523728813559,80,86.21,59,30,29
520,348860,97.7297727272727,97.62,97.83,88,42,46
521,349162,97.3654385964912,96.55,98.21,114,58,56
522,349239,88.6045569620253,90.24,86.84,79,41,38
523,349572,97.7242045454545,97.14,98.11,88,35,53
524,349825,91.2625242718447,94,88.68,103,50,53
525,350043,91.3046739130435,88.37,93.88,92,43,49
526,350259,95.6114035087719,94.23,96.77,114,52,62
527,350357,90.8177551020408,85,94.83,98,40,58
528,351004,91.3074782608696,92.31,90.48,115,52,63
529,351365,84.785,86.96,82.61,92,46,46
530,351383,91.581052631579,90.91,92.16,95,44,51
531,351525,86.6653333333333,89.36,83.72,90,47,43
532,351542,93.2577528089888,93.02,93.48,89,43,46
533,352677,91.0130337078652,90,91.84,89,40,49
534,353775,89.6083116883117,86.11,92.68,77,36,41
535,353903,90.5237894736842,83.72,96.15,95,43,52
536,353928,87.9143956043956,88.89,86.96,91,45,46
537,354049,92.5389552238806,96.88,88.57,67,32,35
538,354148,90.9098863636364,96,88.89,88,25,63
539,354966,96.3953153153153,95.08,98,111,61,50
540,357875,92.1344943820225,92.45,91.67,89,53,36
541,357888,89.6531034482759,89.13,90.24,87,46,41
542,358852,77.4222580645161,68.97,84.85,62,29,33
543,359889,89.1530120481928,85.71,92.68,83,42,41
544,360469,91.7537113402062,88.89,95.35,97,54,43
545,360574,91.9540229885057,86,100,87,50,37
546,360987,94.6826595744681,94.12,95.35,94,51,43
547,362305,93.8771428571428,94.64,92.86,98,56,42
548,362419,90.8285321100917,96.43,84.91,109,56,53
549,362793,81.5757894736842,80.3,83.33,114,66,48
550,363406,84.1131775700935,83.05,85.42,107,59,48
551,363682,83.055,77.97,88.14,118,59,59
552,364049,82.674094488189,83.33,81.63,127,78,49
553,364079,83.0018,82.46,83.72,100,57,43
554,364088,85.7124369747899,83.58,88.46,119,67,52
555,364378,97.1978504672897,98.51,95,107,67,40
556,364535,92.9116535433071,92.06,93.75,127,63,64
557,365592,86.721875,81.82,91.94,128,66,62
558,365654,76.785,69.64,83.93,112,56,56
559,365665,89.4768421052632,86.54,91.94,114,52,62
560,365707,91.3762068965517,88.33,94.64,116,60,56
561,365718,90.00225,93.22,86.89,120,59,61
562,366728,89.2178431372549,89.29,89.13,102,56,46
563,367488,80.2182417582418,78.26,82.22,91,46,45
564,368426,99.1783606557377,100,98.21,122,66,56
565,368556,89.2871428571429,96.67,70.83,84,60,24
566,369257,94.3921495327103,95.08,93.48,107,61,46
567,369391,95.0000833333333,92.54,98.11,120,67,53
568,369455,93.86,90.91,96.61,114,55,59
569,371561,93.1390196078431,91.84,94.34,102,49,53
570,372518,97.4032467532467,93.55,100,77,31,46
571,372899,85.3902247191011,84.31,86.84,89,51,38
572,373014,89.5822916666667,84,95.65,96,50,46
573,374152,90.2825,88.24,92.11,72,34,38
574,375722,86.1390099009901,75.56,94.64,101,45,56
575,377702,86.7922641509434,90.91,83.87,106,44,62
576,379162,89.6579310344828,78.57,94.92,87,28,59
577,379832,92.80072,89.29,95.65,125,56,69
578,380825,97.8933684210526,98.11,97.62,95,53,42
579,381395,90.9090909090909,92.16,89.58,99,51,48
580,381623,91.5814736842105,86.96,95.92,95,46,49
581,381885,87.9644444444444,94.12,77.5,108,68,40
582,382088,87.6534567901234,82.35,91.49,81,34,47
583,383182,77.0102298850575,52.5,97.87,87,40,47
584,383882,89.565652173913,90,88.89,115,70,45
585,384309,92.1043421052632,92.68,91.43,76,41,35
586,385085,96.8776041666667,100,94.55,96,41,55
587,385189,90.475,85.71,95.24,84,42,42
588,385524,87.6284536082474,87.18,87.93,97,39,58
589,386379,95.2364285714286,100,89.47,84,46,38
590,386707,83.33,97.22,69.44,72,36,36
591,386953,89.6551724137931,97.44,83.33,87,39,48
592,387426,92.7818556701031,95.12,91.07,97,41,56
593,387760,81.1758823529412,88.57,76,85,35,50
594,388087,87.1825641025641,89.8,82.76,78,49,29
595,388174,81.4796296296296,96.49,45.83,81,57,24
596,388634,88.572,94.92,80.43,105,59,46
597,389198,87.0603529411765,86.49,87.5,85,37,48
598,389898,82.4308108108108,77.27,90,74,44,30
599,389904,84.0610144927536,86.21,72.73,69,58,11
600,390183,93.7485714285714,90.32,98,112,62,50
601,391038,84.4683495145631,73.08,96.08,103,52,51
602,391433,76.666,78.57,73.53,90,56,34
603,392602,91.4762790697674,92.96,89.66,129,71,58
604,392788,91.1329838709677,89.86,92.73,124,69,55
605,393889,96.8482677165354,97.14,96.49,127,70,57
606,394672,80.737247706422,74.14,88.24,109,58,51
607,395683,93.1060344827586,93.88,92.54,116,49,67
608,395951,87.1801709401709,94.83,79.66,117,58,59
609,397475,86.6067857142857,87.88,84.78,112,66,46
610,398712,88.8888148148148,84.93,93.55,135,73,62
611,398836,83.6561538461539,87.76,80,104,49,55
612,400531,91.7521649484536,98.08,84.44,97,52,45
613,401265,91.6653125,89.09,95.12,96,55,41
614,401387,89.3192233009709,88.52,90.48,103,61,42
615,401401,90.5694339622642,92.19,88.1,106,64,42
616,401680,93.3315238095238,92.45,94.23,105,53,52
617,402759,98.6842105263158,97.5,100,76,40,36
618,402970,89.3972727272727,92.31,85.19,66,39,27
619,403907,96,100,92,50,25,25
620,404263,60.6077272727273,70.27,48.28,66,37,29
621,404357,36.955,33.33,40,46,21,25
622,404365,69.355,58.06,80.65,62,31,31
623,405941,90.472380952381,90.32,90.62,63,31,32
624,406887,85.9143661971831,81.82,89.47,71,33,38
625,408810,90.8278899082569,90.2,91.38,109,51,58
626,409207,82.353431372549,87.27,76.6,102,55,47
627,409712,86.7227433628319,83.67,89.06,113,49,64
628,411731,91.225,96.49,85.96,114,57,57
629,412355,90.0002,92.59,86.96,100,54,46
630,412751,90.2648672566372,90.74,89.83,113,54,59
631,413656,94.26,95.08,93.44,122,61,61
632,414022,90.3814423076923,87.23,92.98,104,47,57
633,414041,83.335,90.48,76.19,84,42,42
634,414145,96.9060824742268,97.87,96,97,47,50
635,414322,84.9028301886792,92.59,76.92,106,54,52
636,417039,86.44,86.44,86.44,118,59,59
637,417189,91.0012,97.87,84.91,100,47,53
638,417412,94.2292307692308,93.75,94.64,104,48,56
639,419010,85.713619047619,83.05,89.13,105,59,46
640,419685,84.0722123893805,84.85,82.98,113,66,47
641,420846,90.8281651376147,91.53,90,109,59,50
642,421074,80.6836363636364,80.36,81.25,88,56,32
643,422446,89.7193457943925,88.46,90.91,107,52,55
644,425638,82.98,77.78,90,94,54,40
645,426968,88.1711827956989,77.27,97.96,93,44,49
646,427843,79.270243902439,84,71.88,82,50,32
647,428664,86.1097222222222,80,92.45,108,55,53
648,428875,83.6534615384615,76.36,91.84,104,55,49
649,429213,81.3687254901961,76.36,87.23,102,55,47
650,430280,84.7500847457627,82.46,86.89,118,57,61
651,431498,81.9066666666667,83.64,80,105,55,50
652,433557,84.4846551724138,84.75,84.21,116,59,57
653,433590,86.729203539823,87.76,85.94,113,49,64
654,433785,84.6973469387755,86.49,83.61,98,37,61
655,434152,88.8888888888889,93.75,85,108,48,60
656,435826,89.7987755102041,96.3,81.82,98,54,44
657,436886,82.002,75,86.67,100,40,60
658,437781,91.2114285714286,95,88.24,91,40,51
659,438370,87.3668421052632,90.91,84.31,95,44,51
660,438844,87.49825,95.74,75.76,80,47,33
661,439426,84.6130769230769,94.44,74,104,54,50
662,439468,88.8872727272727,92.86,85.96,99,42,57
663,439594,90.3505263157895,94.44,86.67,114,54,60
664,440503,86.0004,87.23,84.91,100,47,53
665,441572,92.502,91.67,93.75,80,48,32
666,441895,67.6059154929577,71.05,63.64,71,38,33
667,441936,92.7270909090909,96.23,89.47,110,53,57
668,442007,87.9115384615385,92.86,83.67,91,42,49
669,442365,90.6253125,98.11,81.4,96,53,43
670,442907,90.8024137931035,91.43,90.38,87,35,52
671,442924,86.6665714285714,97.92,77.19,105,48,57
672,443676,92.6317894736842,97.56,88.89,95,41,54
673,443785,80.2496296296296,94.12,56.67,81,51,30
674,444125,89.2433333333333,83.67,95.45,93,49,44
675,444303,82.6573469387755,84.62,81.36,98,39,59
676,444330,78.5083177570093,84.62,72.73,107,52,55
677,444678,87.2570588235294,91.84,83.02,102,49,53
678,445127,94.6227956989247,100,89.36,93,46,47
679,445398,90.2443902439024,93.48,86.11,82,46,36
680,445796,92.5951851851852,92.86,92.31,81,42,39
681,446499,85.5420481927711,97.06,77.55,83,34,49
682,446836,96.2055696202532,95.56,97.06,79,45,34
683,448981,90.8163265306122,94,87.5,98,50,48
684,449055,87.2362765957447,88.68,85.37,94,53,41
685,449071,85.2626315789474,87.5,82.05,95,56,39
686,449541,87.9538554216868,80.49,95.24,83,41,42
687,450700,83.1455056179775,82.05,84,89,39,50
688,450734,75.9508860759494,80,72.73,79,35,44
689,450763,82.4743298969072,91.38,69.23,97,58,39
690,451008,85.0568965517241,90.91,81.48,87,33,54
691,451509,91.578,97.62,86.79,95,42,53
692,451534,89.2188235294118,91.67,87.04,102,48,54
693,451634,86.4174074074074,90,84.31,81,30,51
694,452086,85.7133333333333,93.18,77.5,84,44,40
695,452879,90.28,91.67,88.89,72,36,36
696,453240,93.475652173913,97.5,90.38,92,40,52
697,453473,87.9990666666667,89.29,87.23,75,28,47
698,453879,87.8784848484849,83.33,91.23,99,42,57
699,453934,81.3332,82.35,80.49,75,34,41
700,454576,96.6651111111111,93.02,100,90,43,47
701,454770,91.3469230769231,91.07,91.67,104,56,48
702,454824,95.1922115384615,98.11,92.16,104,53,51
703,454916,82.8248484848485,85.96,78.57,99,57,42
704,455569,95.6526086956522,97.62,94,92,42,50
705,456500,89.5358139534884,85,93.48,86,40,46
706,457227,88.3745348837209,84.62,91.49,86,39,47
707,458608,84.7828260869565,73.81,94,92,42,50
708,459239,94.7389473684211,100,89.8,95,46,49
709,459371,96.7725806451613,100,93.33,93,48,45
710,460302,93.5077922077922,90,97.3,77,40,37
711,461030,88.6091139240506,97.22,81.4,79,36,43
712,461205,93.74775,89.74,97.56,80,39,41
713,461997,91.1782352941176,86.11,96.88,68,36,32
714,462507,86.0764556962025,82.76,88,79,29,50
715,462735,94.3938317757009,95,93.62,107,60,47
716,463494,91.9653571428571,95.08,88.24,112,61,51
717,464043,87.7567346938775,96,79.17,98,50,48
718,464777,91.9660714285714,94.83,88.89,112,58,54
719,465026,90.17625,93.65,85.71,112,63,49
720,465665,86.2426605504587,85.42,86.89,109,48,61
721,465689,85.5908474576271,86,85.29,118,50,68
722,466125,93.9976,94.64,93.18,100,56,44
723,466884,86.2075862068966,90.48,82.22,87,42,45
724,466949,91.8608139534884,94.59,89.8,86,37,49
725,466974,89.9981428571429,96.97,83.78,70,33,37
726,467229,78.4094318181818,87.72,61.29,88,57,31
727,467382,85.3915730337079,92.45,75,89,53,36
728,467805,71.429010989011,62.16,77.78,91,37,54
729,467922,80.4878048780488,75,84,82,32,50
730,468840,88.373488372093,94.12,80,86,51,35
731,468992,90.3607228915663,88.68,93.33,83,53,30
732,469110,91.665,89.74,93.94,72,39,33
733,469262,88.775,87.27,90.7,98,55,43
734,469436,94.8971428571429,91.07,100,98,56,42
735,471217,88.4652884615384,84.91,92.16,104,53,51
736,471661,87.9480722891566,85.71,92.59,83,56,27
737,472108,79.4892307692308,85.42,70,78,48,30
738,472145,88.4601923076923,92.59,84,104,54,50
739,472241,82.1475,87.76,74.29,84,49,35
740,472853,91.9211111111111,92.73,90.91,99,55,44
741,473282,94.5309375,91.89,98.15,128,74,54
742,473721,93.4802173913044,95.92,90.7,92,49,43
743,473730,95.9208163265306,98.08,93.48,98,52,46
744,473846,89.9984444444444,84.09,95.65,90,44,46
745,473948,97.17,98.11,96.23,106,53,53
746,474528,88.3476699029126,89.83,86.36,103,59,44
747,475263,94.7790434782609,96.77,92.45,115,62,53
748,476277,93.2696153846154,96.61,88.89,104,59,45
749,476424,96.2943209876543,94.64,100,81,56,25
750,476458,87.9142857142857,80.77,97.44,91,52,39
751,478188,85.5073913043478,74.19,94.74,69,31,38
752,478268,89.2455913978495,82.61,95.74,93,46,47
753,478795,87.1262376237624,89.47,84.09,101,57,44
754,479009,80.185,73.58,86.79,106,53,53
755,479746,85.7104464285714,88.52,82.35,112,61,51
756,481192,81.3589830508475,85.14,75,118,74,44
757,481444,90.74,90.74,90.74,108,54,54
758,482315,93.75,95.31,92.19,128,64,64
759,482547,84.9467741935484,78.43,92.86,93,51,42
760,484498,92.7256363636364,97.01,86.05,110,67,43
761,484594,91.2281578947368,95.52,85.11,114,67,47
762,484810,92.0432954545454,93.02,91.11,88,43,45
763,486608,89.883595505618,83.33,95.74,89,42,47
764,486641,94.4950458715596,97.83,92.06,109,46,63
765,487133,94.9133050847458,96.49,93.44,118,57,61
766,487205,87.396974789916,87.72,87.1,119,57,62
767,488493,89.2482795698925,82.93,94.23,93,41,52
768,490337,87.9303448275862,85,91.07,116,60,56
769,490984,83.512967032967,83.33,83.78,91,54,37
770,491577,80.1841441441441,81.36,78.85,111,59,52
771,491710,88.6961739130435,88.71,88.68,115,62,53
772,491724,85.2432786885246,84.93,85.71,122,73,49
773,493886,88.7937931034483,88.89,88.71,116,54,62
774,494347,88.1175247524753,88.89,87.23,101,54,47
775,496108,91.1111111111111,87.5,94,90,40,50
776,498226,95.7230769230769,93.44,98.21,117,61,56
777,499223,88.6369318181818,85.11,92.68,88,47,41
778,499290,89.2150980392157,93.22,83.72,102,59,43
779,499744,86.0845217391304,86.44,85.71,115,59,56
780,501201,91.0702678571429,95.38,85.11,112,65,47
781,501350,94.8730769230769,96.3,93.65,117,54,63
782,502689,94.6930088495575,97.92,92.31,113,48,65
783,506732,85.4359223300971,82.5,87.3,103,40,63
784,506748,89.8180555555556,91.23,88.24,108,57,51
785,507493,90.5963247863248,91.89,88.37,117,74,43
786,509059,79.9985454545455,81.48,78.57,110,54,56
787,510578,81.6495412844037,91.8,68.75,109,61,48
788,512101,89.2091366906475,93.33,84.38,139,75,64
789,512227,87.6892307692308,86.36,89.06,130,66,64
790,513187,83.3322727272727,91.78,72.88,132,73,59
791,513199,81.8168939393939,86.3,76.27,132,73,59
792,513225,81.820303030303,95.59,67.19,132,68,64
793,514318,86.8426315789474,92.31,79.59,114,65,49
794,515478,72.73,59.09,79.55,66,22,44
795,516145,89.4742105263158,92.59,86.67,114,54,60
796,516296,85.714375,91.84,80.95,112,49,63
797,517183,82.9556818181818,86.96,78.57,88,46,42
798,517265,83.695,80.43,86.96,92,46,46
799,517299,88.0410869565217,95.74,80,92,47,45
800,517560,87.643595505618,93.48,81.4,89,46,43
801,517596,89.8878651685393,92,87.18,89,50,39
802,517859,88.6401136363636,90.2,86.49,88,51,37
803,518689,40.6995348837209,52.38,29.55,86,42,44
804,518979,55.93,80,31.03,59,30,29
805,519613,31.5084931506849,25.64,38.24,73,39,34
806,519768,66.1045762711864,77.78,47.83,59,36,23
807,519846,42.3689830508475,53.33,31.03,59,30,29
808,519907,68.4210526315789,75,60,57,32,25
809,520362,87.6405617977528,87.27,88.24,89,55,34
810,520627,89.7401282051282,87.8,91.89,78,41,37
811,520918,78.377027027027,80.95,75,74,42,32
812,521054,69.1201470588235,78.05,55.56,68,41,27
813,521112,78.5717142857143,79.41,77.78,70,34,36
814,521126,75.3445205479452,78.95,71.43,73,38,35
815,521345,58.4623076923077,54.29,63.33,65,35,30
816,522057,86.3131578947368,87.5,85.45,95,40,55
817,522111,88.6583505154639,95.45,83.02,97,44,53
818,522735,80.3283606557377,69.57,86.84,61,23,38
819,522888,88.75125,92.86,84.21,80,42,38
820,523034,81.82,93.94,69.7,66,33,33
821,523612,87.3412658227848,78.26,100,79,46,33
822,524849,90.1264197530864,87.76,93.75,81,49,32
823,525811,87.672602739726,95.24,77.42,73,42,31
824,527098,69.645,82.86,47.62,56,35,21
825,527504,90.5656603773585,93.33,86.96,53,30,23
826,529684,81.4450515463918,85.11,78,97,47,50
827,531578,68.9186486486486,80.56,57.89,74,36,38
828,532636,86.7933962264151,87.93,85.42,106,58,48
829,533185,75.2947058823529,82.5,68.89,85,40,45
830,534656,74.1585393258427,79.49,70,89,39,50
831,535373,89.1309782608696,97.78,80.85,92,45,47
832,535755,77.7774747474748,73.68,80.33,99,38,61
833,535930,87.6416853932584,89.19,86.54,89,37,52
834,536792,84.9052830188679,90,78.26,53,30,23
835,537790,84.3380722891566,72.22,93.62,83,36,47
836,538740,93.9746987951807,91.67,95.74,83,36,47
837,542232,87.4977083333333,94,80.43,96,50,46
838,542558,86.5409615384615,83.02,90.2,104,53,51
839,542808,93.2322556390977,98.53,87.69,133,68,65
840,542963,91.6669696969697,89.66,93.24,132,58,74
841,543461,93.8059292035398,98.15,89.83,113,54,59
842,545349,97.1705660377359,98,96.43,106,50,56
843,545596,86.3154736842105,83.87,90.91,95,62,33
844,545629,96.7042857142857,94.87,98.08,91,39,52
845,546382,88.18,82,93.33,110,50,60
846,546574,88.7781632653061,83.02,95.56,98,53,45
847,546946,94.3907476635514,87.23,100,107,47,60
848,547137,89.5224761904762,83.02,96.15,105,53,52
849,547369,95.8661157024793,91.8,100,121,61,60
850,547938,86.3622727272727,76.19,95.65,132,63,69
851,549243,92.808431372549,93.94,91.95,153,66,87
852,550704,82.8745205479452,82.76,82.95,146,58,88
853,551987,94.1166013071895,97.4,90.79,153,77,76
854,553341,94.2586885245902,95.38,92.98,122,65,57
855,554241,92.5220560747664,92,92.98,107,50,57
856,554555,97.1970093457944,93.48,100,107,46,61
857,556470,73.60056,66.67,79.41,125,57,68
858,556564,74.6033333333333,71.67,77.27,126,60,66
859,557305,86.7258407079646,80.36,92.98,113,56,57
860,557327,81.5543689320388,71.7,92,103,53,50
861,557565,80.5111016949153,86.96,71.43,118,69,49
862,559644,88.7644943820225,92.68,85.42,89,41,48
863,559649,89,94,84,100,50,50
864,560548,90.1415492957746,90.67,89.55,142,75,67
865,562481,93.6522222222222,98.44,88.71,126,64,62
866,563876,91.7271428571429,89.47,93.42,133,57,76
867,564508,85.3453448275862,86.79,84.13,116,53,63
868,564606,86.1855263157895,79.37,91.01,152,63,89
869,565671,95.7758450704225,98.46,93.51,142,65,77
870,565728,91.3365354330709,91.38,91.3,127,58,69
871,566007,85.419375,96.3,71.43,96,54,42
872,566372,93.134427480916,94.55,92.11,131,55,76
873,566530,90.2659292035398,85.25,96.15,113,61,52
874,566669,92.6208196721311,96.55,89.06,122,58,64
875,567027,85.8689130434783,85.37,86.27,92,41,51
876,567277,73.8107142857143,74.51,72.73,84,51,33
877,567664,80.6467741935484,86.05,76,93,43,50
878,569475,75.4917647058823,65,90.48,102,60,42
879,570197,69.7204587155963,89.39,39.53,109,66,43
880,570531,88.6783962264151,90.16,86.67,106,61,45
881,571018,79.4830769230769,73.33,85.96,117,60,57
882,574029,78.632905982906,73.77,83.93,117,61,56
883,575760,93.7022047244095,89.66,97.1,127,58,69
884,575913,87.8275652173913,91.07,84.75,115,56,59
885,576648,89.9995,91.3,88.24,120,69,51
886,577609,34.1048837209302,27.69,40.62,129,65,64
887,579003,73.0758974358974,60,86.84,78,40,38
888,579662,80.5533333333333,78.57,83.33,72,42,30
889,580553,51.0858695652174,50,51.85,92,38,54
890,580779,81.1874257425743,78.43,84,101,51,50
891,581983,85.1837037037037,83.72,86.84,81,43,38
892,582079,70.2718918918919,74.07,68.09,74,27,47
893,583166,21.9965,17.07,25.42,100,41,59
894,583363,90.4134246575343,89.66,90.91,73,29,44
895,584174,77.964406779661,77.78,78.12,59,27,32
896,584863,84.7209722222222,93.1,79.07,72,29,43
897,585221,77.94,79.41,76.47,68,34,34
898,586309,71.2283561643836,85.71,57.89,73,35,38
899,587575,82.5350793650794,94.59,65.38,63,37,26
900,587861,80.33,82.61,78.95,61,23,38
901,587883,75.001,79.31,70.97,60,29,31
902,588136,76.2738983050847,88.24,60,59,34,25
903,588355,71.669,73.08,70.59,60,26,34
904,589341,85.3929213483146,91.49,78.57,89,47,42
905,589394,90.1107692307692,95.56,84.78,91,45,46
906,591138,86.7316326530612,95.45,68.75,98,66,32
907,591303,81.3080373831776,95.24,61.36,107,63,44
908,591808,84.9567256637168,93.55,74.51,113,62,51
909,592164,89.2483870967742,88,90.7,93,50,43
910,592593,97.776,95.83,100,90,48,42
911,592701,86.54,88.37,85.25,104,43,61
912,593017,88.33125,92.06,84.21,120,63,57
913,594275,88.1175247524753,87.23,88.89,101,47,54
914,594572,85.0568965517241,82.05,87.5,87,39,48
915,594729,87.2874576271186,83.93,90.32,118,56,62
916,594963,91.9169696969697,93.02,91.07,99,43,56
917,595771,83.1935294117647,77.97,88.33,119,59,60
918,597505,90.1551515151515,88.24,92.19,132,68,64
919,597927,86.7250442477876,90.41,80,113,73,40
920,598162,84.6837837837838,87.3,81.25,111,63,48
921,598198,78.7630088495575,77.59,80,113,58,55
922,599018,92.8012,98.59,85.19,125,71,54
923,6e+05,95.7655084745763,98.51,92.16,118,67,51
924,600037,89.7405128205128,88.52,91.07,117,61,56
925,601009,88.4619230769231,93.44,81.4,104,61,43
926,603515,86.45875,83.64,90.24,96,55,41
927,604257,98.9357446808511,100,97.56,94,53,41
928,604526,90.2912621359223,91.8,88.1,103,61,42
929,604974,82.3517647058824,82.14,82.5,68,28,40
930,604985,84.286,96.43,76.19,70,28,42
931,605172,86.9518478260869,86.27,87.8,92,51,41
932,605438,80.9516666666667,78.26,84.21,84,46,38
933,606008,95.1444660194175,93.44,97.62,103,61,42
934,606746,95.050297029703,96.67,92.68,101,60,41
935,606922,82.6097101449275,73.53,91.43,69,34,35
936,607299,84.7055294117647,82.93,86.36,85,41,44
937,607325,90.4766666666667,96.61,82.61,105,59,46
938,607862,92.7902702702703,92.59,92.98,111,54,57
939,608506,78.1575862068966,83.33,73.33,87,42,45
940,608537,84.0913636363636,92.31,77.55,88,39,49
941,608561,87.3418987341772,91.43,84.09,79,35,44
942,609593,88.287027027027,95.83,82.54,111,48,63
943,609882,82.8854954954955,80.77,84.75,111,52,59
944,609974,86.0212903225806,82.61,89.36,93,46,47
945,611462,87.6269072164949,87.23,88,97,47,50
946,611664,97.7532584269663,97.5,97.96,89,40,49
947,611704,95.5219402985075,96.43,94.87,67,28,39
948,612206,82.9772340425532,79.49,85.45,94,39,55
949,612990,87.0987096774194,87.18,87.04,93,39,54
950,613166,88.7350704225352,89.19,88.24,71,37,34
951,613336,78.6860655737705,85.29,70.37,61,34,27
952,613713,95.5891176470588,93.1,97.44,68,29,39
953,614502,71.8746875,62.96,78.38,64,27,37
954,615845,91.9527586206897,85,97.87,87,40,47
955,616094,93.588717948718,91.18,95.45,78,34,44
956,616187,86.02,80,93.02,93,50,43
957,616429,85.716,64.29,100,70,28,42
958,621159,95.835625,92.86,98.15,96,42,54
959,621969,94.79,95,94.64,96,40,56
960,622779,90.1128571428572,88.24,91.23,91,34,57
961,622900,89.5798958333333,95.12,85.45,96,41,55
962,623813,95.3476744186047,95,95.65,86,40,46
963,624413,88.0392391304348,86.27,90.24,92,51,41
964,625050,85.3361333333333,91.18,80.49,75,34,41
965,625492,80.2811267605634,75,83.72,71,28,43
966,625560,89.8737974683544,91.49,87.5,79,47,32
967,626301,91.7793150684931,95.45,86.21,73,44,29
968,626413,83.33125,80,87.8,96,55,41
969,626956,92.5523404255319,95.16,87.5,94,62,32
970,627436,94.1182352941177,94.83,93.18,102,58,44
971,627810,91.6647619047619,86.36,97.5,84,44,40
972,629592,74.0749382716049,76,70.97,81,50,31
973,629687,82.717037037037,88.68,71.43,81,53,28
974,630554,91.663125,93.1,89.47,96,58,38
975,631740,89.232,90.32,88.24,65,31,34
976,631878,90.5885882352941,86.79,96.88,85,53,32
977,634252,90.1958823529412,81.82,96.55,51,22,29
978,635335,83.5817910447761,87.88,79.41,67,33,34
979,635351,85.0732835820895,85.29,84.85,67,34,33
980,635709,82.1425,83.33,81.58,56,18,38
981,635924,85.4796774193548,85.71,85.29,62,28,34
982,637558,85.7178571428571,81.82,88.24,56,22,34
983,638349,72.2240740740741,80,67.65,54,20,34
984,638488,84.3160784313725,84,84.62,51,25,26
985,639085,89.0894545454545,86.96,90.62,55,23,32
986,639954,85.1063829787234,73.68,92.86,47,19,28
987,640407,84.4444444444444,80,90,45,25,20
988,640899,77.7816666666667,69.57,92.31,36,23,13
989,641558,79.0706976744186,77.78,80,43,18,25
990,642681,66.6641666666667,85.71,40,36,21,15
991,642737,76.19,80.95,71.43,42,21,21
992,642868,67.6470588235294,84.62,57.14,34,13,21
993,643269,64.705,76.47,52.94,34,17,17
994,643545,63.6360606060606,76.47,50,33,17,16
995,643666,71.1095555555555,78.95,65.38,45,19,26
996,644210,59.525,80.95,38.1,42,21,21
997,644369,64.285,89.47,43.48,42,19,23
998,644836,75.6743243243243,72.73,76.92,37,11,26
999,645614,93.026511627907,94.74,91.67,43,19,24
1000,645810,84.9965,86.36,83.33,40,22,18
1001,646298,86.2737254901961,84,88.46,51,25,26
1002,646502,84.2113157894737,76.19,94.12,38,21,17
1003,648942,86.7903773584906,88.57,83.33,53,35,18
1004,649169,48.5691428571429,18.75,73.68,35,16,19
1005,649303,92.855,85.71,100,42,21,21
1006,649943,91.9370967741935,96.67,87.5,62,30,32
1007,650109,90.5639622641509,92.59,88.46,53,27,26
1008,650217,92.1564705882353,91.3,92.86,51,23,28
1009,650474,97.5609756097561,100,93.75,41,25,16
1010,650919,93.7491666666667,95.45,92.31,48,22,26
1011,651179,94.3401886792453,100,88.89,53,26,27
1012,652087,85.7138095238095,87.5,83.87,63,32,31
1013,652126,93.9996,92.86,95.45,50,28,22
1014,653622,86.6691666666667,94.29,76,60,35,25
1015,654110,77.5856896551724,88.89,67.74,58,27,31
1016,654443,85.2488524590164,97.3,66.67,61,37,24
1017,654541,89.7041176470588,88.89,90.62,68,36,32
1018,654822,77.0508196721312,81.82,71.43,61,33,28
1019,656062,88.5277049180328,88.24,88.89,61,34,27
1020,656332,93.2191525423729,96.15,90.91,59,26,33
1021,656831,97.50125,97.62,97.37,80,42,38
1022,656950,92.1352808988764,91.67,92.68,89,48,41
1023,657255,90.1659016393443,91.67,88,61,36,25
1024,657304,91.3786206896552,88.46,93.75,58,26,32
1025,657378,87.2980952380952,83.33,89.74,63,24,39
1026,658087,88.4607692307692,85.71,91.67,78,42,36
1027,658212,90.0005,92.86,86.84,80,42,38
1028,658259,89.8726582278481,95.24,83.78,79,42,37
1029,659310,88.57,92.5,83.33,70,40,30
1030,659972,92.18609375,96.77,87.88,64,31,33
1031,660219,87.8364864864865,92.5,82.35,74,40,34
1032,660387,82.815625,80.65,84.85,64,31,33
1033,661158,84.7440677966102,95.12,61.11,59,41,18
1034,661243,83.5829850746269,86.67,81.08,67,30,37
1035,661257,86.2089655172414,84.62,87.5,87,39,48
1036,662345,87.3046031746032,90.91,85.37,63,22,41
1037,662358,92.1031578947368,94.44,90,76,36,40
1038,662526,90.5897647058824,97.83,82.05,85,46,39
1039,662626,94.7373684210526,100,87.88,76,43,33
1040,665066,91.465,97.56,85.37,82,41,41
1041,665631,90.1438028169014,92.86,86.21,71,42,29
1042,665665,95.9985333333333,97.37,94.59,75,38,37
1043,665734,89.6118181818182,90.48,88.57,77,42,35
1044,665941,93.9030487804878,97.3,91.11,82,37,45
1045,666068,92.7114583333333,93.62,91.84,96,47,49
1046,667512,93.1825,87.18,97.96,88,39,49
1047,667876,89.1107920792079,91.49,87.04,101,47,54
1048,668747,93.3337142857143,96.08,90.74,105,51,54
1049,669966,94.7378947368421,94.34,95.24,95,53,42
1050,670018,91.1775,83.87,97.3,68,31,37
1051,670592,87.8815151515152,84.62,91.49,99,52,47
1052,671630,92.9402352941176,87.8,97.73,85,41,44
1053,671937,90.7873684210526,87.5,94.44,76,40,36
1054,672053,79.7072463768116,82.35,77.14,69,34,35
1055,672404,93.75275,88.89,96.23,80,27,53
1056,672684,89.651724137931,93.02,86.36,87,43,44
1057,674431,86.7504819277109,90.48,82.93,83,42,41
1058,674507,89.3939393939394,86.84,92.86,66,38,28
1059,674568,98.4854545454545,100,97.06,66,32,34
1060,675204,94.7336842105263,94.59,94.87,76,37,39
1061,675525,81.67,96.3,69.7,60,27,33
1062,676457,96.4295238095238,94.12,98,84,34,50
1063,676527,85.5047826086956,92.59,80.95,69,27,42
1064,677273,93.8292592592593,92.31,95.24,81,39,42
1065,677366,86.0225806451613,83.33,88.24,93,42,51
1066,677425,94.7389473684211,97.06,92.86,76,34,42
1067,678902,76.3156578947368,81.48,73.47,76,27,49
1068,679319,92.3064102564102,97.3,87.8,78,37,41
1069,679593,88.8853333333333,86.84,90.38,90,38,52
1070,679723,93.978313253012,100,88.1,83,41,42
1071,680429,90.0013333333333,92.86,87.5,90,42,48
1072,680465,91.4642682926829,94.29,89.36,82,35,47
1073,680715,88.33,95.83,83.33,60,24,36
1074,681466,92.1042105263158,96.77,88.89,76,31,45
1075,681666,90.1432394366197,94.74,84.85,71,38,33
1076,681820,87.6566666666667,90.91,85.42,81,33,48
1077,682683,89.7973469387755,95.65,84.62,98,46,52
1078,683902,86.1705319148936,87.8,84.91,94,41,53
1079,683986,86.9613043478261,80.65,92.11,69,31,38
1080,684459,80,93.75,50,70,48,22
1081,686446,92.3811428571429,91.67,92.98,105,48,57
1082,686934,82.1425,95.59,61.36,112,68,44
1083,687181,90.0026,96.3,82.61,100,54,46
1084,687284,86.6080357142857,93.55,78,112,62,50
1085,687307,91.6673333333333,94.12,88.46,120,68,52
1086,687535,88.1794545454545,89.83,86.27,110,59,51
1087,687548,80.0008571428571,85.37,72.41,70,41,29
1088,687553,82.7133333333333,82.22,83.33,81,45,36
1089,687754,79.003,81.82,75.56,100,55,45
1090,691813,92.234854368932,94.83,88.89,103,58,45
1091,692029,84.7619047619048,100,68,105,55,50
1092,692053,93.914347826087,95,92.73,115,60,55
1093,692113,81.9038095238095,98.18,64,105,55,50
1094,692205,92.5514893617021,95.24,90.38,94,42,52
1095,693939,95.1217073170732,95.89,94,123,73,50
1096,694173,80.9986,90.32,65.79,100,62,38
1097,694252,90.8048275862069,95.56,85.71,87,45,42
1098,695142,84.7041176470588,93.33,75,85,45,40
1099,695403,86.9539130434783,97.67,77.55,92,43,49
1100,695918,88.8850793650794,86.36,90.24,63,22,41
1101,695946,93.9029268292683,94.74,93.18,82,38,44
1102,695968,95.6030769230769,98,92.68,91,50,41
1103,696108,87.2086046511628,93.33,80.49,86,45,41
1104,697603,88.89,84.21,92.31,90,38,52
1105,697777,91.7830136986301,92,91.67,73,25,48
1106,697931,86.0222580645161,79.49,90.74,93,39,54
1107,698204,73.81,80.95,66.67,84,42,42
1108,698790,86.3024657534247,91.67,81.08,73,36,37
1109,698980,88.4640384615385,85.19,92,104,54,50
1110,699590,88.6815094339623,88,89.29,106,50,56
1111,700116,91.3041304347826,91.49,91.11,92,47,45
1112,700599,85.5259210526316,88.37,81.82,76,43,33
1113,701485,76.5659375,77.78,75.68,64,27,37
1114,701734,94.32,90.91,97.73,88,44,44
1115,701947,88.6075949367089,97.3,80.95,79,37,42
1116,703197,86.154,94.74,74.07,65,38,27
1117,703358,86.1102777777778,95.35,72.41,72,43,29
1118,703372,75.861724137931,81.25,69.23,58,32,26
1119,704617,93.2421621621622,90.62,95.24,74,32,42
1120,706933,86.2525,91.67,81.82,80,36,44
1121,708916,74.5762711864407,93.1,56.67,59,29,30
1122,709403,88.1607894736842,91.43,85.37,76,35,41
1123,709647,90.7881578947368,87.88,93.02,76,33,43
1124,711240,95.8897260273973,96.77,95.24,73,31,42
1125,712065,84.3342168674699,83.78,84.78,83,37,46
1126,714203,93.1037931034483,91.49,95,87,47,40
1127,714401,72.603698630137,66.67,79.41,73,39,34
1128,714800,86.666,79.49,94.44,75,39,36
1129,715057,96.4938596491228,97.73,92.31,57,44,13
1130,715273,82.5395238095238,93.33,72.73,63,30,33
1131,716290,69.0932727272727,66.67,71.43,55,27,28
1132,716872,94.5227397260274,92.16,100,73,51,22
1133,717520,92.5918518518518,89.74,95.24,81,39,42
1134,718673,92.8571428571429,87.5,98,98,48,50
1135,719168,92.225,95.56,88.89,90,45,45
1136,719730,93.3945283018868,94.23,92.59,106,52,54
1137,720346,93.3311111111111,88.37,97.87,90,43,47
1138,721174,75.0021739130435,70,78.85,92,40,52
1139,721823,82.8273737373737,79.59,86,99,49,50
1140,723531,85.554,78.95,90.38,90,38,52
1141,725117,88.7611235955056,93.02,84.78,89,43,46
1142,725284,95.3996551724138,94.87,95.83,87,39,48
1143,725710,78.0189010989011,84.21,73.58,91,38,53
1144,726037,88.0415217391304,85.71,90,92,42,50
1145,727083,85.7095238095238,78.12,90.38,84,32,52
1146,727432,84.9966666666667,90.62,78.57,60,32,28
1147,727609,78.4835443037975,60,89.8,79,30,49
1148,728430,85.882,86.05,85.71,85,43,42
1149,729547,91.1393670886076,93.33,88.24,79,45,34
1150,729708,75.714,71.43,78.57,70,28,42
1151,729783,74.284,87.18,58.06,70,39,31
1152,729993,76.9205128205128,91.3,56.25,78,46,32
1153,730472,88.5024137931035,93.33,83.33,87,45,42
1154,730895,83.1480898876405,82,84.62,89,50,39
1155,731980,79.7332432432433,88.64,66.67,74,44,30
1156,733318,96.0029333333333,97.3,94.74,75,37,38
1157,734520,75.6408974358974,85.37,64.86,78,41,37
1158,734548,84.6173076923077,88.57,81.4,78,35,43
1159,734905,83.3363636363636,66.67,92.86,66,24,42
1160,735577,86.25,88.89,84.09,80,36,44
1161,736406,94.3211363636364,97.3,92.16,88,37,51
1162,737094,94.99675,97.67,91.89,80,43,37
1163,738365,77.3353333333333,80,74.29,75,40,35
1164,738713,96.1553846153846,89.29,100,78,28,50
1165,739649,80.2184615384615,92.68,70,91,41,50
1166,739826,91.8927027027027,88.89,93.94,111,45,66
1167,740067,88.6594845360825,88.37,88.89,97,43,54
1168,740153,81.8200909090909,89.8,75.41,110,49,61
1169,740810,90.6955813953488,84.21,95.83,86,38,48
1170,741056,84.5257142857143,87.5,80.56,84,48,36
1171,741410,83.5304705882353,90.62,79.25,85,32,53
1172,741537,92.7090625,91.11,94.12,96,45,51
1173,742242,92.0469318181818,94.87,89.8,88,39,49
1174,742611,90.2165217391304,88.46,92.5,92,52,40
1175,743267,72.22,81.25,61.9,90,48,42
1176,744516,92.4733333333333,94.34,90,93,53,40
1177,744537,91.0111235955056,93.48,88.37,89,46,43
1178,744558,91.5487323943662,97.3,85.29,71,37,34
1179,744765,87.501875,96.08,77.78,96,51,45
1180,745194,76.1877777777778,88.57,60.71,63,35,28
1181,745336,81.8172727272727,88.57,76.19,77,35,42
1182,746203,88.8844444444444,94.44,84.44,81,36,45
1183,746317,77.635,91.18,66.67,76,34,42
1184,746866,78.2634782608696,84.62,70,69,39,30
1185,746945,85.2447540983606,89.13,73.33,61,46,15
1186,748150,89.7052941176471,93.75,86.11,68,32,36
1187,748210,88.2946808510638,97.67,80.39,94,43,51
1188,748286,91.9513793103448,89.58,94.87,87,48,39
1189,750069,88.8866666666667,87.5,89.58,72,24,48
1190,750094,84.7063529411765,90.7,78.57,85,43,42
1191,750169,88.4209473684211,92.59,82.93,95,54,41
1192,750195,83.9503703703704,84.78,82.86,81,46,35
1193,750845,90.24,92.68,87.8,82,41,41
1194,750887,87.6291752577319,86.79,88.64,97,53,44
1195,751000,85.7153846153846,87.76,83.33,91,49,42
1196,751191,88.6093670886076,95.56,79.41,79,45,34
1197,751376,79.7305405405405,87.5,70.59,74,40,34
1198,751570,89.8711392405063,93.02,86.11,79,43,36
1199,752062,90.1015841584158,96.3,82.98,101,54,47
1200,753095,85.8695652173913,85.42,86.36,92,48,44
1201,753483,86.5159550561798,80,93.18,89,45,44
1202,753561,88.7632584269663,80.49,95.83,89,41,48
1203,753698,89.3223300970874,90.74,87.76,103,54,49
1204,754843,83.0521186440678,80.7,85.25,118,57,61
1205,755125,83.9016101694915,84.13,83.64,118,63,55
1206,755838,84.2674157303371,81.25,87.8,89,48,41
1207,755956,93.7525,97.3,90.7,80,37,43
1208,756196,91.8645348837209,94.29,90.2,86,35,51
1209,756225,93,88,98,100,50,50
1210,756662,73.0329213483146,70.73,75,89,41,48
1211,756681,75.4548181818182,70.59,79.66,110,51,59
1212,756802,79.1192307692308,81.63,76.19,91,49,42
1213,756872,81.0775675675676,73.33,86.36,111,45,66
1214,757057,92.7090625,100,88.89,96,33,63
1215,757347,93.336,97.62,90.48,105,42,63
1216,757785,77.2248514851485,77.27,77.19,101,44,57
1217,760896,86.67,95.35,80.65,105,43,62
1218,762270,84.2990909090909,96.23,75,121,53,68
1219,762327,93.1400980392157,93.62,92.73,102,47,55
1220,764987,86.9994,84.78,88.89,100,46,54
1221,767859,77.658829787234,73.47,82.22,94,49,45
1222,768079,84.5335051546392,79.59,89.58,97,49,48
1223,768275,80.0004761904762,70.91,90,105,55,50
1224,768296,88.2371764705882,77.78,95.92,85,36,49
1225,768927,64.06109375,51.35,81.48,64,37,27
1226,769007,63.3681188118812,41.18,86,101,51,50
1227,769117,49.5409174311927,56.92,38.64,109,65,44
1228,769335,68.372735042735,55.93,81.03,117,59,58
1229,769495,81.677251908397,82.43,80.7,131,74,57
1230,770844,79.2008,79.22,79.17,125,77,48
1231,771396,87.8041463414634,85.71,90.57,123,70,53
1232,772074,87.5953488372093,88.89,85.96,129,72,57
1233,773416,82.6956730769231,86.57,75.68,104,67,37
1234,773922,93.8274074074074,100,87.18,81,42,39
1235,774020,85.8682608695652,85.45,86.49,92,55,37
1236,774457,85.8577777777778,80,93.18,99,55,44
1237,774854,91.7521649484536,93.88,89.58,97,49,48
1238,775229,90.1255555555556,91.67,88.89,81,36,45
1239,775944,70.1023711340206,77.05,58.33,97,61,36
1240,776575,93.5783486238532,91.67,95.08,109,48,61
1241,777930,92.6823170731707,92.31,93.02,82,39,43
1242,779095,84.6169230769231,88.68,78.95,91,53,38
1243,779625,89.2278461538461,91.89,85.71,65,37,28
1244,780760,72.2902409638554,66.67,75,83,27,56
1245,781473,80.409175257732,88.37,74.07,97,43,54
1246,781968,84.2707865168539,84.62,83.78,89,52,37
1247,782836,89.815,92.73,86.79,108,55,53
1248,783364,85.8383185840708,90.32,80.39,113,62,51
1249,783751,82.6104347826087,83.08,82,115,65,50
1250,783835,69.8109433962264,81.25,52.38,106,64,42
1251,784073,65.0612048192771,75.68,56.52,83,37,46
1252,784083,84.92,91.38,79.41,126,58,68
1253,784565,66.6673170731707,72.06,60,123,68,55
1254,785120,69.7445378151261,56.6,80.3,119,53,66
1255,785534,66.9796226415094,74.24,55,106,66,40
1256,786473,89.087,85.96,92.45,110,57,53
1257,786907,86.4616666666667,79.55,92.31,96,44,52
1258,787024,81.250625,78.46,85.11,112,65,47
1259,788350,86.6675555555556,88.37,85.11,90,43,47
1260,788385,90.819387755102,84.85,93.85,98,33,65
1261,788587,85.716,78.57,90.48,105,42,63
1262,790239,86.6127559055118,80.88,93.22,127,68,59
1263,791233,91.6644444444444,96.92,83.72,108,65,43
1264,792453,87.9644444444444,85,91.67,108,60,48
1265,794185,95.5879411764706,96.15,95.24,68,26,42
1266,795384,80.002,85,76.67,50,20,30
1267,795665,87.9279310344828,82.14,93.33,58,28,30
1268,796137,97.332,97.14,97.5,75,35,40
1269,796351,82.2222222222222,75,88,45,20,25
1270,796526,88.7129032258064,82.86,96.3,62,35,27
1271,796581,87.5,84.38,90.62,64,32,32
1272,799074,87.671095890411,94.59,80.56,73,37,36
1273,799481,90.5416216216216,94.12,87.5,74,34,40
1274,800784,93.750125,95.12,92.31,80,41,39
1275,802266,84.8874418604651,91.67,76.32,86,48,38
1276,802329,88.418947368421,84.44,92,95,45,50
1277,802653,91.9549425287356,100,86.54,87,35,52
1278,802697,92.9431764705882,100,85.37,85,44,41
1279,803114,92.001,83.33,98.28,100,42,58
1280,803266,79.3823711340206,74.47,84,97,47,50
1281,803427,80.187358490566,71.15,88.89,106,52,54
1282,805311,78.26,78.26,78.26,92,46,46
1283,805560,94.7933333333333,92.86,97.5,96,56,40
1284,805727,89.77,95.45,84.09,88,44,44
1285,805789,76.5653125,76.09,77.78,64,46,18
1286,805844,73.0009,83.05,58.54,100,59,41
1287,806288,81.82,82.54,80.56,99,63,36
1288,806599,80.2130208333333,81.4,79.25,96,43,53
1289,808019,92.0461363636364,85.37,97.87,88,41,47
1290,808894,77.7785714285714,92.59,66.67,63,27,36
1291,809249,85.2263636363636,86.84,84,88,38,50
1292,809376,86.791320754717,100,75.86,53,24,29
1293,811556,14.7047058823529,15.79,13.33,34,19,15
1294,811610,46.668,50,42.86,30,16,14
1295,811940,40.001,42.86,33.33,20,14,6
1296,812026,43.75,25,62.5,16,8,8
1297,812048,64.2878571428571,66.67,60,14,9,5
1298,812116,69.2276923076923,57.14,83.33,13,7,6
1299,813036,15.3846153846154,25,0,13,8,5
1300,813247,53.332,57.14,50,15,7,8
1301,813258,59.9986666666667,57.14,62.5,15,7,8
1302,813423,50,63.64,36.36,22,11,11
1303,813445,65.385,69.23,61.54,26,13,13
1304,813531,64.0024,61.54,66.67,25,13,12
1305,818923,81.25,89.58,72.92,96,48,48
1306,818982,72.7266666666667,84.48,56.1,99,58,41
1307,820011,96.3277981651376,96.49,96.15,109,57,52
1308,820376,87.1799145299145,91.43,80.85,117,70,47
1309,824375,79.2068316831683,83.33,68.97,101,72,29
1310,824875,94.687610619469,93.75,95.38,113,48,65
1311,825003,90.989009009009,87.5,95.74,111,64,47
1312,825304,94.2021739130435,87.3,100,138,63,75
1313,825790,92.8008,86.67,98.46,125,60,65
1314,826463,93.940303030303,92.86,95.16,132,70,62
1315,828516,82.0509401709402,72.88,91.38,117,59,58
1316,829008,89.4722807017544,95.31,82,114,64,50
1317,829172,82.3555882352941,70.69,91.03,136,58,78
1318,830937,82.1907534246575,83.1,81.33,146,71,75
1319,831560,87.4148951048951,78.67,97.06,143,75,68
1320,832473,89.7829197080292,84.06,95.59,137,69,68
1321,834030,86.6664,86.11,87.18,150,72,78
1322,834501,88.4638461538461,84.91,90.91,130,53,77
1323,835181,82.3061538461538,73.33,90,130,60,70
1324,836796,85.5996,78.33,92.31,125,60,65
1325,837880,88.4187368421052,81.25,92.06,95,32,63
1326,838306,84.03,81.63,85.71,119,49,70
1327,839118,65.8523170731707,67.57,64.44,82,37,45
1328,840334,67.2126229508197,82.05,40.91,61,39,22
1329,841814,63.3333333333333,50,75,30,14,16
1330,841883,40,47.37,27.27,30,19,11
1331,847864,89.9251079136691,84.93,95.45,139,73,66
1332,848152,80.5530555555555,85.96,74.51,108,57,51
1333,849314,82.7958064516129,82.69,82.93,93,52,41
1334,849600,65.2588421052632,65.85,64.81,95,41,54
1335,849794,86.4066990291262,81.13,92,103,53,50
1336,850609,84.6863963963964,79.31,90.57,111,58,53
1337,851651,86.8190697674419,86.36,87.3,129,66,63
1338,852483,88.277734375,80.95,95.38,128,63,65
1339,853141,81.5143697478992,73.44,90.91,119,64,55
1340,853604,83.4881651376147,77.05,91.67,109,61,48
1341,853702,95.37,93.33,97.92,108,60,48
1342,854050,78.0942857142857,78.33,77.78,105,60,45
1343,856970,61.5380769230769,60,62.79,78,35,43
1344,856976,63.2631632653061,62.71,64.1,98,59,39
1345,857723,62.3845871559633,65.15,58.14,109,66,43
1346,862671,86.018064516129,85.96,86.11,93,57,36
1347,863290,82.8558571428571,72.97,93.94,70,37,33
1348,863784,76.8412631578947,86.44,61.11,95,59,36
1349,864854,64.0013333333333,65,62.86,75,40,35
1350,865621,83.5272941176471,89.74,78.26,85,39,46
1351,865706,83.1136363636364,85.71,80.95,77,35,42
1352,867139,77.7785714285714,66.67,86.11,63,27,36
1353,869004,83.9285714285714,87.5,75,56,40,16
1354,869916,96.3650909090909,97.06,95.24,55,34,21
1355,871387,92.0655555555555,86.21,97.06,63,29,34
1356,871916,90.3603614457831,91.89,89.13,83,37,46
1357,872319,91.6695833333333,84.85,97.44,72,33,39
1358,872458,83.051186440678,75,87.18,59,20,39
1359,872521,79.6264814814815,68.42,85.71,54,19,35
1360,873207,97.9575510204082,100,95.83,49,25,24
1361,873541,85.999,88.57,80,50,35,15
1362,873590,90.4742857142857,86.36,95,42,22,20
1363,874442,73.8469230769231,84.85,62.5,65,33,32
1364,875715,81.1330188679245,95.83,68.97,53,24,29
1365,875840,87.274,90.91,84.85,55,22,33
1366,877244,83.3321428571429,84,82.35,42,25,17
1367,877903,71.1538461538462,65.22,75.86,52,23,29
1368,879026,62.1637837837838,80,41.18,37,20,17
1369,879082,78.5719047619048,65,90.91,42,20,22
1370,879213,77.4995,77.78,77.27,40,18,22
1371,879614,71.4290476190476,78.26,63.16,42,23,19
1372,879890,74.9986111111111,88,45.45,36,25,11
1373,880011,67.3908695652174,75,59.09,46,24,22
1374,880555,68.1827272727273,80,42.86,44,30,14
1375,880714,59.3775,70.59,46.67,32,17,15
1376,881181,64.705,52.94,76.47,34,17,17
1377,881959,80.6435483870968,86.36,66.67,31,22,9
1378,882155,77.7755555555556,82.14,62.5,36,28,8
1379,882643,73.6852631578947,81.82,62.5,38,22,16
1380,883107,88.3702325581395,84,94.44,43,25,18
1381,883145,93.940303030303,95,92.31,33,20,13
1382,884486,94.7368421052632,100,90,38,18,20
1383,885786,88.888,83.33,95.24,45,24,21
1384,886050,88.3751162790698,85.19,93.75,43,27,16
1385,886261,71.87375,65,83.33,32,20,12
1386,886364,73.9152173913044,76.67,68.75,46,30,16
1387,886713,88.6359090909091,88.46,88.89,44,26,18
1388,886769,81.0808108108108,76.19,87.5,37,21,16
1389,887341,80.6474193548387,70.59,92.86,31,17,14
1390,887800,88.4638461538461,94.12,77.78,26,17,9
1391,888265,79.99575,73.68,85.71,40,19,21
1392,888316,93.9418181818182,95.24,91.67,33,21,12
1393,889644,81.8181818181818,75,87.5,44,20,24
1394,890220,94.7347368421053,95,94.44,38,20,18
1395,890234,95.2390476190476,96,94.12,42,25,17
1396,890863,83.3346666666667,82.14,84.38,60,28,32
1397,892135,81.6666666666667,90,65,60,40,20
1398,892609,82.1428571428571,87.5,75,56,32,24
1399,892632,80.3941176470588,81.82,77.78,51,33,18
1400,892786,85.1822222222222,85.71,84.21,54,35,19
1401,893086,76.4682352941176,83.33,60,51,36,15
1402,893493,80.3927450980392,79.31,81.82,51,29,22
1403,893501,92.4539622641509,96.3,88.46,53,27,26
1404,896039,88.8888888888889,90.32,86.96,54,31,23
1405,897262,93.6522222222222,86.21,100,63,29,34
1406,897302,96.0811764705882,96.67,95.24,51,30,21
1407,898369,71.4257142857143,78.57,61.9,49,28,21
1408,898381,78.4298039215686,81.25,73.68,51,32,19
1409,898410,77.964406779661,78.12,77.78,59,32,27
1410,899323,86.6673333333333,91.67,80.95,45,24,21
1411,899425,90.1982352941177,88.89,91.67,51,27,24
1412,900107,73.4710204081633,65.22,80.77,49,23,26
1413,901458,91.3015217391304,80,96.77,46,15,31
1414,901525,90.4752380952381,84.62,93.1,42,13,29
1415,901573,89.99875,88,93.33,40,25,15
1416,902047,80.4334782608696,70.83,90.91,46,24,22
1417,902242,87.50225,95.24,78.95,40,21,19
1418,902332,88.8864444444445,88.46,89.47,45,26,19
1419,902739,79.5881632653061,83.33,73.68,49,30,19
1420,903030,65.9565957446809,75,56.52,47,24,23
1421,903180,90.3846153846154,90.32,90.48,52,31,21
1422,903650,93.62,92.86,94.74,47,28,19
1423,903777,90.4721428571429,91.3,89.47,42,23,19
1424,903873,79.3113793103448,81.82,76,58,33,25
1425,904265,74.4665957446808,72.41,77.78,47,29,18
1426,904497,82.6113043478261,80,84.62,46,20,26
1427,904617,85.7166666666667,96.43,64.29,42,28,14
1428,905988,87.8012195121951,96.15,73.33,41,26,15
1429,906285,91.1111111111111,92,90,45,25,20
1430,907053,91.7802739726027,87.8,96.88,73,41,32
1431,908323,86.3618181818182,96,73.68,44,25,19
1432,909040,95.5544444444444,96.55,93.75,45,29,16
1433,910176,91.0437313432836,93.33,89.19,67,30,37
1434,911769,90.5654716981132,86.36,93.55,53,22,31
1435,912028,91.3078260869565,91.18,91.67,46,34,12
1436,912577,85.7157142857143,91.67,81.25,56,24,32
1437,914445,80.7031578947368,66.67,87.18,57,18,39
1438,915061,87.7551020408163,87.5,88,49,24,25
1439,915709,84.8457575757576,89.47,78.57,33,19,14
1440,916922,65.91,68.18,63.64,44,22,22
1441,918347,87.2745454545455,87.5,87.1,55,24,31
1442,918747,89.8301694915254,79.17,97.14,59,24,35
1443,918807,83.0776923076923,76.67,88.57,65,30,35
1444,919386,83.6072131147541,76,88.89,61,25,36
1445,919550,81.0358620689655,70.83,88.24,58,24,34
1446,920499,98.1825454545454,96.43,100,55,28,27
1447,920713,91.1776470588235,92.86,90,68,28,40
1448,921090,85.2437704918033,92.59,79.41,61,27,34
1449,921228,76.9238461538461,82.61,68.75,39,23,16
1450,922107,73.6843859649123,61.54,83.87,57,26,31
1451,922353,92.3082692307692,88.89,96,52,27,25
1452,923713,92.3081538461538,96.77,88.24,65,31,34
1453,924181,93.8490769230769,96.88,90.91,65,32,33
1454,924309,78.8484615384615,64.52,100,52,31,21
1455,924620,93.848,88.46,97.44,65,26,39
1456,926314,95.24,96,94.74,63,25,38
1457,926955,56.8197727272727,71.43,43.48,44,21,23
1458,927217,94.9955,94.44,95.45,80,36,44
1459,927339,89.2864285714286,84.21,93.48,84,38,46
1460,927397,93.83,88.89,96.3,81,27,54
1461,927960,88.158552631579,87.18,89.19,76,39,37
1462,928047,86.7518072289157,84.38,88.24,83,32,51
1463,929170,93.3333333333333,92.5,94,90,40,50
1464,929519,91.3010144927536,90.62,91.89,69,32,37
1465,929992,88.0966666666667,95.12,81.4,84,41,43
1466,932901,92.4237878787879,100,83.87,66,35,31
1467,933534,96.7216393442623,100,90.91,61,39,22
1468,934076,93.2169491525424,93.1,93.33,59,29,30
1469,934264,95.6521739130435,87.5,100,46,16,30
1470,934478,75.3835384615385,78.12,72.73,65,32,33
1471,936713,92.18625,100,82.14,64,36,28
1472,936967,84.6192307692308,96.67,74.29,65,30,35
1473,937024,91.3068115942029,91.18,91.43,69,34,35
1474,937258,82.7185185185185,74.36,90.48,81,39,42
1475,939828,90.9084415584416,89.47,92.31,77,38,39
1476,941119,96.4285714285714,96.15,96.67,56,26,30
1477,941373,72.3391489361702,68,77.27,47,25,22
1478,943028,91.3065217391304,91.67,90.91,69,36,33
1479,943041,85.2488524590164,81.82,89.29,61,33,28
1480,943079,84.6169230769231,71.43,93.55,52,21,31
1481,944236,100,100,100,67,31,36
1482,944624,93.4404918032787,90,96.77,61,30,31
1483,945439,88.0933333333333,86.36,90,42,22,20
1484,945738,85.7157142857143,88.89,81.82,49,27,22
1485,946317,92.8552380952381,100,86.36,42,20,22
1486,946811,84.6174358974359,86.96,81.25,39,23,16
1487,946816,78.124375,80.95,72.73,32,21,11
1488,947494,88.4657692307692,89.66,86.96,52,29,23
1489,947541,76.9253846153846,88.89,66.67,39,18,21
1490,948110,91.1111111111111,88,95,45,25,20
1491,948796,72.9185416666667,58.82,80.65,48,17,31
1492,949218,88.5231147540984,88.46,88.57,61,26,35
1493,949237,90.385,80.77,100,52,26,26
1494,950558,84.2877142857143,84.38,84.21,70,32,38
1495,950730,84.7216666666667,86.67,83.33,72,30,42
1496,950946,88.337,81.82,92.11,60,22,38
1497,952040,86.002,96.43,72.73,50,28,22
1498,953658,83.5653424657534,88.24,79.49,73,34,39
1499,954074,74.2427272727273,91.67,53.33,66,36,30
1500,954382,81.4775925925926,91.3,74.19,54,23,31
1501,956562,90.4766666666667,90,90.91,63,30,33
1502,957074,90.1964705882353,91.3,89.29,51,23,28
1503,957204,90.9104545454545,94.74,88,44,19,25
1504,957233,93.4404918032787,96.77,90,61,31,30
1505,957592,98.04,100,97.06,51,17,34
1506,958433,91.9354838709677,93.75,90,62,32,30
1507,958568,88.7112903225807,97.3,76,62,37,25
1508,958657,83.1021126760563,92.31,71.88,71,39,32
1509,958733,80.7042105263158,77.42,84.62,57,31,26
1510,959792,86.7647058823529,88.57,84.85,68,35,33
1511,960216,89.3651063829787,95.24,84.62,47,21,26
1512,964840,63.6378787878788,70,53.85,33,20,13
1513,964845,73.0784615384615,63.64,80,52,22,30
1514,965278,83.5797014925373,95,78.72,67,20,47
1515,965427,89.55,93.75,85.71,67,32,35
1516,966374,83.8252941176471,91.67,75,68,36,32
1517,966669,78.084794520548,81.58,74.29,73,38,35
1518,966759,77.49675,73.68,80.95,80,38,42
1519,967866,82.6104347826087,75.76,88.89,69,33,36
1520,968141,73.7724590163934,70.59,77.78,61,34,27
1521,968149,74.6262686567164,70,81.48,67,40,27
1522,968917,82.6915384615385,75,86.11,52,16,36
1523,969212,88.405652173913,79.31,95,69,29,40
1524,969320,89.3353333333333,85,94.29,75,40,35
1525,969452,88.7090322580645,77.78,97.14,62,27,35
1526,972007,79.3661904761905,80,78.79,63,30,33
1527,972692,80.645,83.87,77.42,62,31,31
1528,972731,90.7868421052632,90,91.3,76,30,46
1529,973913,83.1005633802817,71.43,90.7,71,28,43
1530,974391,88.71,80.65,96.77,62,31,31
1531,974997,73.9734246575342,74.36,73.53,73,39,34
1532,975118,79.484358974359,77.27,82.35,78,44,34
1533,975391,75.0008333333333,71.43,80,72,42,30
1534,976529,88,80,96,50,25,25
1535,977001,81.58,84.21,78.95,76,38,38
1536,977677,94.9116949152543,94.44,95.65,59,36,23
1537,978827,88.2356862745098,96,80.77,51,25,26
1538,978931,81.1332075471698,58.82,91.67,53,17,36
1539,979706,88.886,92.59,83.33,45,27,18
1540,979964,88.4607692307692,91.67,85.71,52,24,28
1541,980818,93.9354545454545,93.33,94.44,66,30,36
1542,981268,86.7670588235294,75.68,100,68,37,31
1543,981721,91.3796551724138,93.33,89.29,58,30,28
1544,982050,88.2345098039216,88,88.46,51,25,26
1545,982370,85.7141428571429,81.08,90.91,70,37,33
1546,982680,79.9982857142857,78.12,81.58,70,32,38
1547,982727,79.165,83.33,75,48,24,24
1548,985096,86.2729411764706,76.92,96,51,26,25
1549,985249,85.1846296296296,77.42,95.65,54,31,23
1550,986566,62.7897674418605,56.52,70,43,23,20
1551,987809,97.3684210526316,93.75,100,38,16,22
1552,988055,81.0818918918919,84.21,77.78,37,19,18
1553,988649,95.7425531914893,96,95.45,47,25,22
1554,988961,90.1626229508197,90.32,90,61,31,30
1555,989009,91.4282857142857,84.21,100,70,38,32
1556,989590,87.5008928571428,80,93.55,56,25,31
1557,989764,82.758275862069,73.33,92.86,58,30,28
1558,990100,78.4333333333333,72.73,82.76,51,22,29
1559,991628,89.0671875,84.62,92.11,64,26,38
1560,992175,92.3084615384615,87.5,96.43,52,24,28
1561,992399,81.48,70.37,92.59,54,27,27
1562,994053,81.8162121212121,85.71,77.42,66,35,31
1563,994210,92.4524528301887,93.1,91.67,53,29,24
1564,994285,88.8866666666667,83.33,100,54,36,18
1565,994302,81.5805263157895,80,84.62,38,25,13
1566,995062,86.89,88.24,85.19,61,34,27
1567,996116,90.62421875,82.61,95.12,64,23,41
1568,996332,90.906,84.21,94.44,55,19,36
1569,997639,93.6536507936508,96,92.11,63,25,38
1570,998601,87.1412857142857,92.59,83.72,70,27,43
1571,999172,87.3596551724138,91.43,84.62,87,35,52
1572,999559,91.8045901639344,96.43,87.88,61,28,33
1573,1000063,92.3052564102564,91.89,92.68,78,37,41
1574,1001206,93.8456923076923,96.43,91.89,65,28,37
1575,1001244,85.94,84.38,87.5,64,32,32
1576,1001408,94.0328358208955,89.66,97.37,67,29,38
1577,1001510,96.4910526315789,97.06,95.65,57,34,23
1578,1001637,93.6544444444444,92.86,94.29,63,28,35
1579,1001658,83.3333333333333,87.5,80,72,32,40
1580,1002995,94.9167796610169,96.43,93.55,59,28,31
1581,1003273,84.1247619047619,77.42,90.62,63,31,32
1582,1004307,90.3807692307692,85.71,95.83,52,28,24
1583,1004692,88.8880952380952,84.85,93.33,63,33,30
1584,1004971,75.3630434782609,76.32,74.19,69,38,31
1585,1005246,74.6042857142857,68.97,79.41,63,29,34
1586,1005796,83.0769230769231,83.33,82.86,65,30,35
1587,1006383,93.18,100,86.36,44,22,22
1588,1006575,87.6713698630137,86.67,88.37,73,30,43
1589,1006892,91.0470149253731,87.5,94.29,67,32,35
1590,1006970,91.9996,90.48,93.1,50,21,29
1591,1007165,86.3657575757576,78.57,92.11,66,28,38
1592,1007314,65.6259375,60,70.59,64,30,34
1593,1007329,75.00203125,68.97,80,64,29,35
1594,1009116,88.2366666666667,91.18,82.35,51,34,17
1595,1009437,78.46,77.14,80,65,35,30
1596,1009666,80.4330434782609,73.33,83.87,46,15,31
1597,1009699,85.7184126984127,84.38,87.1,63,32,31
1598,1010487,95.3153125,94.12,96.67,64,34,30
1599,1010534,90.7411111111111,83.33,96.67,54,24,30
1600,1011048,90.4780952380952,80.77,97.3,63,26,37
1601,1011332,88.8908333333333,92.31,84.85,72,39,33
1602,1011564,92.3102564102564,88.64,97.06,78,44,34
1603,1013470,81.5793421052632,78.79,83.72,76,33,43
1604,1014545,92.5358208955224,87.5,97.14,67,32,35
1605,1016685,26.1546153846154,26.09,26.19,65,23,42
1606,1018695,88.5711428571428,84.21,93.75,70,38,32
1607,1019906,81.5373846153846,90.62,72.73,65,32,33
1608,1020079,81.6304081632653,88.46,73.91,49,26,23
1609,1020581,78.4307843137255,83.87,70,51,31,20
1610,1021608,87.0157142857143,85.37,88.89,77,41,36
1611,1022014,88.7083870967742,86.36,90,62,22,40
1612,1022472,80.3030303030303,78.57,81.58,66,28,38
1613,1023134,88.8922222222222,84.38,93.55,63,32,31
1614,1024036,92.4524528301887,91.67,93.1,53,24,29
1615,1024047,94.2298076923077,90.48,96.77,52,21,31
1616,1024338,81.2503125,70.37,89.19,64,27,37
1617,1025061,94.5472727272727,92,96.67,55,25,30
1618,1025505,90.1425352112676,81.82,97.37,71,33,38
1619,1025595,85.4845161290323,70.83,94.74,62,24,38
1620,1025719,91.1723529411765,83.33,95.45,68,24,44
1621,1026187,78.69,69.57,84.21,61,23,38
1622,1026698,76.0602816901408,55.56,88.64,71,27,44
1623,1026893,87.69,76.92,94.87,65,26,39
1624,1027129,82.9554545454545,73.53,88.89,88,34,54
1625,1027209,88.7096774193548,91.67,86.84,62,24,38
1626,1028527,89.4101176470588,83.78,93.75,85,37,48
1627,1028587,80.7697435897436,80,81.58,78,40,38
1628,1029234,85.0755223880597,84.62,85.71,67,39,28
1629,1029875,73.53,82.35,64.71,68,34,34
1630,1031085,76.6245454545455,75.61,77.78,77,41,36
1631,1031282,85.8965384615385,90.91,82.22,78,33,45
1632,1031774,85.9164788732394,90.91,81.58,71,33,38
1633,1032341,73.6821052631579,77.5,69.44,76,40,36
1634,1032996,83.1025352112676,75.68,91.18,71,37,34
1635,1033020,73.21375,60,83.87,56,25,31
1636,1033120,79.4853846153846,73.91,87.5,78,46,32
1637,1033812,80.7015789473684,74.07,86.67,57,27,30
1638,1033834,88.7322535211268,88.57,88.89,71,35,36
1639,1033873,76.6267532467533,70.59,81.4,77,34,43
1640,1034494,76.56,77.14,75.86,64,35,29
1641,1034607,82.0892537313433,77.42,86.11,67,31,36
1642,1035541,92.7698795180723,85.29,97.96,83,34,49
1643,1035679,86.6688,75,97.44,75,36,39
1644,1035979,87.8831818181818,86.67,88.24,66,15,51
1645,1036482,88.004,89.66,86.96,75,29,46
1646,1038399,81.0098734177215,86.11,76.74,79,36,43
1647,1038831,85.5260526315789,89.19,82.05,76,37,39
1648,1040454,87.1412857142857,83.78,90.91,70,37,33
1649,1041927,83.337037037037,81.82,84.38,54,22,32
1650,1042880,96.8228571428571,94.44,100,63,36,27
1651,1043777,73.334,77.78,70.37,45,18,27
1652,1043940,92.1552941176471,83.33,100,51,24,27
1653,1045405,67.2418965517241,66.67,67.74,58,27,31
1654,1045413,60.9365625,40,79.41,64,30,34
1655,1045901,68.4201754385965,65.38,70.97,57,26,31
1656,1046549,69.5656521739131,68.42,70.97,69,38,31
1657,1048541,76,76,76,50,25,25
1658,1048664,80.3042424242424,73.08,85,66,26,40
1659,1048766,28.332,29.63,27.27,60,27,33
1660,1050760,82.6126086956522,74.29,91.18,69,35,34
1661,1050912,73.0763461538462,77.14,64.71,52,35,17
1662,1052390,79.9988,85.71,72.73,50,28,22
1663,1052464,82.004,79.17,84.62,50,24,26
1664,1052680,81.8181818181818,93.75,75,44,16,28
1665,1052700,82.6942307692308,90.48,77.42,52,21,31
1666,1053435,81.8181818181818,96,70,55,25,30
1667,1053446,76.0895652173913,86.67,70.97,46,15,31
1668,1053552,93.6131914893617,93.1,94.44,47,29,18
1669,1053845,80.0014285714286,86.67,75,35,15,20
1670,1054134,74.4172093023256,83.33,68,43,18,25
1671,1054353,90.0026,96.3,82.61,50,27,23
1672,1054358,94.1176470588235,100,87.5,51,27,24
1673,1055171,91.0437313432836,93.33,89.19,67,30,37
1674,1055309,91.5245762711864,82.61,97.22,59,23,36
1675,1055573,90.1639344262295,93.33,87.1,61,30,31
1676,1055669,83.6343636363636,70.59,89.47,55,17,38
1677,1056411,78.9443859649123,73.91,82.35,57,23,34
1678,1056886,86.4847297297297,87.18,85.71,74,39,35
1679,1057533,71.7946153846154,84.21,60,39,19,20
1680,1057588,78.2641304347826,94.74,66.67,46,19,27
1681,1058116,82.5404761904762,80,84.85,63,30,33
1682,1058296,82.1446428571429,76,87.1,56,25,31
1683,1058312,67.921320754717,63.33,73.91,53,30,23
1684,1059074,87.49953125,84.85,90.32,64,33,31
1685,1059373,75.3445205479452,71.43,78.95,73,35,38
1686,1060910,91.8367346938775,96,87.5,49,25,24
1687,1061367,98.075,96.15,100,52,26,26
1688,1062642,92.7497101449275,89.47,96.77,69,38,31
1689,1062876,95.6539130434783,92.86,100,46,28,18
1690,1064170,89.8269491525424,82.14,96.77,59,28,31
1691,1065494,90.2825,88.24,92.11,72,34,38
1692,1065559,80.6467741935484,75,86.67,62,32,30
1693,1066007,85.2920588235294,80,89.47,68,30,38
1694,1066029,90.4080821917808,86.11,94.59,73,36,37
1695,1067564,87.9525301204819,79.41,93.88,83,34,49
1696,1069941,90.1377464788733,83.33,97.14,71,36,35
1697,1070112,86.2044827586207,87.5,85.29,58,24,34
1698,1070388,86.5403846153846,76,96.3,52,25,27
1699,1071713,89.7051470588235,90.32,89.19,68,31,37
1700,1071756,82.3505882352941,83.33,81.48,51,24,27
1701,1071980,80.0007692307692,64.29,91.89,65,28,37
1702,1072151,92.1576470588235,95.24,90,51,21,30
1703,1072253,86.6664444444445,100,79.31,45,16,29
1704,1072380,95.2371428571429,96.3,94.44,63,27,36
1705,1072996,79.6618644067796,84.38,74.07,59,32,27
1706,1073020,81.0821621621622,84.62,77.14,74,39,35
1707,1073998,80.7031578947368,87.18,66.67,57,39,18
1708,1077897,88.887037037037,93.1,84,54,29,25
1709,1078615,88.8888888888889,87.1,91.3,54,31,23
1710,1080171,76.7458139534884,71.43,81.82,43,21,22
1711,1080890,84.8509090909091,66.67,95.24,33,12,21
1712,1081684,81.8190909090909,75,92.31,33,20,13
1713,1082299,88.0966666666667,78.57,92.86,42,14,28
1714,1083136,91.1770588235294,93.75,88.89,34,16,18
1715,1084285,97.6753488372093,95.24,100,43,21,22
1716,1084708,79.5436363636364,82.14,75,44,28,16
1717,1084841,79.9982857142857,78.26,83.33,35,23,12
1718,1085017,86.1144444444444,84.62,90,36,26,10
1719,1085132,83.3311111111111,89.47,76.47,36,19,17
1720,1085234,77.4203225806451,84.21,66.67,31,19,12
1721,1085651,86.0462790697674,87.5,84.21,43,24,19
1722,1086312,71.794358974359,78.26,62.5,39,23,16
1723,1086870,71.8725,76.92,50,32,26,6
1724,1087529,71.9992,79.17,65.38,50,24,26
1725,1088652,65.62625,81.82,30,32,22,10
1726,1088708,78.7875757575758,85,69.23,33,20,13
1727,1088839,57.1457142857143,55.56,60,28,18,10
1728,1089240,83.335,92.31,60,36,26,10
1729,1089516,85.1859259259259,100,42.86,27,20,7
1730,1089637,76.4705882352941,87.5,50,34,24,10
1731,1090181,87.49825,93.1,72.73,40,29,11
1732,1090340,82.3547058823529,95,64.29,34,20,14
1733,1090807,72.7281818181818,71.43,75,22,14,8
1734,1091585,82.0489743589743,86.36,76.47,39,22,17
1735,1091781,76.3152631578947,90,61.11,38,20,18
1736,1092269,68.2890243902439,77.27,57.89,41,22,19
1737,1092837,85.1855555555556,81.25,90.91,27,16,11
1738,1093494,85,87.5,81.25,40,24,16
1739,1093611,90.9075,92,89.47,44,25,19
1740,1093674,78.2613043478261,79.17,77.27,46,24,22
1741,1094668,97.8744680851064,96.67,100,47,30,17
1742,1095041,90.7381481481482,90.62,90.91,54,32,22
1743,1095784,91.67,91.67,91.67,48,24,24
1744,1096296,75.6117073170732,88.89,65.22,41,18,23
1745,1096310,78.8446153846154,83.33,75,52,24,28
1746,1096529,95.1229268292683,95,95.24,41,20,21
1747,1097236,95.4527272727273,95,95.83,44,20,24
1748,1097270,86.7941509433962,85.19,88.46,53,27,26
1749,1097384,100,100,100,38,14,24
1750,1097962,91.3065217391304,90.91,91.67,46,22,24
1751,1098360,91.6629166666667,82.35,96.77,48,17,31
1752,1098602,80.0031111111111,72.73,86.96,45,22,23
1753,1100087,87.04,85.19,88.89,54,27,27
1754,1100198,100,100,100,50,26,24
1755,1100697,84.3137254901961,86.96,82.14,51,23,28
1756,1102687,90,95,85,40,20,20
1757,1103101,74.9996875,80.95,63.64,32,21,11
1758,1103679,94.2842857142857,95,93.33,35,20,15
1759,1104058,85.7166666666667,92.86,71.43,21,14,7
1760,1104073,80.5538888888889,86.36,71.43,36,22,14
1761,1104136,77.4995,86.36,66.67,40,22,18
1762,1104201,77.2740909090909,82.61,71.43,44,23,21
1763,1104283,68.5708571428572,77.78,58.82,35,18,17
1764,1104290,80.4856097560976,83.33,76.47,41,24,17
1765,1104723,73.6847368421053,76.19,70.59,38,21,17
1766,1104816,68.4189473684211,76.92,50,38,26,12
1767,1104931,78.125,80,75,32,20,12
1768,1105049,69.4422222222222,76.92,50,36,26,10
1769,1106749,94.445,100,81.82,36,25,11
1770,1107035,83.6363636363636,90,76,55,30,25
1771,1107544,87.9992,92.59,82.61,50,27,23
1772,1107981,92.8567857142857,90.91,95.65,56,33,23
1773,1108256,90.6967441860465,95.24,86.36,43,21,22
1774,1108354,93.1818181818182,88,100,44,25,19
1775,1108557,82.3523529411765,85,78.57,34,20,14
1776,1109211,85.2947058823529,95,71.43,34,20,14
1777,1109870,69.7683720930233,75,63.16,43,24,19
1778,1110993,70.4559090909091,86.96,52.38,44,23,21
1779,1111049,73.4720408163265,80,68.97,49,20,29
1780,1111180,61.9992,71.43,55.17,50,21,29
1781,1111581,64.8624324324324,84.21,44.44,37,19,18
1782,1111857,67.7383870967742,83.33,46.15,31,18,13
1783,1111978,73.81,80.95,66.67,42,21,21
1784,1112522,69.4419444444444,91.3,30.77,36,23,13
1785,1112681,70,86.67,53.33,30,15,15
1786,1113148,55.1762068965517,41.67,64.71,29,12,17
1787,1113926,88.2329411764706,94.44,81.25,34,18,16
1788,1114122,85.37,84.62,86.67,41,26,15
1789,1114610,75.5555555555556,80,70,45,25,20
1790,1115163,83.33,83.33,83.33,36,18,18
1791,1115279,84.6130769230769,83.33,87.5,26,18,8
1792,1116714,89.58375,88.89,90,48,18,30
1793,1116966,88.6381818181818,85,91.67,44,20,24
1794,1117111,87.2353191489362,95.24,80.77,47,21,26
1795,1117352,86.5390384615385,84.21,87.88,52,19,33
1796,1117870,91.665,88.89,93.33,48,18,30
1797,1117991,89.3646808510638,94.12,86.67,47,17,30
1798,1118580,87.1787179487179,82.35,90.91,39,17,22
1799,1118970,83.7213953488372,77.27,90.48,43,22,21
1800,1119610,84.0004,88.89,81.25,50,18,32
1801,1120335,82.2226666666667,77.27,86.96,45,22,23
1802,1121970,77.2718181818182,77.78,76.92,44,18,26
1803,1122260,82.6082608695652,88.89,78.57,46,18,28
1804,1122661,85.1085106382979,90.48,80.77,47,21,26
1805,1123661,94.442962962963,86.36,100,54,22,32
1806,1123763,83.3333333333333,92.86,78.57,42,14,28
1807,1124960,90.00075,95.24,84.21,40,21,19
1808,1125042,94.2330769230769,100,89.29,52,24,28
1809,1125397,97.6178571428571,93.33,100,42,15,27
1810,1125422,100,100,100,46,24,22
1811,1126006,84.9052830188679,90,78.26,53,30,23
1812,1126645,83.3346666666667,88.24,76.92,60,34,26
1813,1128242,92.4539622641509,96.3,88.46,53,27,26
1814,1130236,67.212131147541,77.78,58.82,61,27,34
1815,1130514,90.7401851851852,83.87,100,54,31,23
1816,1131858,76.9257692307692,75.68,78.05,78,37,41
1817,1133586,90.9063636363636,90.62,91.11,77,32,45
1818,1133593,85.9150704225352,86.84,84.85,71,38,33
1819,1133828,85.7119047619048,84.78,86.84,84,46,38
1820,1134167,82.49875,83.33,81.58,80,42,38
1821,1135030,82.8585714285714,78.38,87.88,70,37,33
1822,1135571,61.7680882352941,60.61,62.86,68,33,35
1823,1135667,68.8311688311688,78.26,54.84,77,46,31
1824,1135919,80.8845588235294,91.43,69.7,68,35,33
1825,1136347,78.79,88.89,66.67,66,36,30
1826,1136371,72.3663157894737,75,69.44,76,40,36
1827,1136389,78.9452631578947,87.5,69.44,76,40,36
1828,1136431,84.8484848484848,100,68.75,66,34,32
1829,1136462,75.806935483871,89.19,56,62,37,25
1830,1136488,85.4841935483871,92.31,73.91,62,39,23
1831,1136566,58.4603076923077,63.89,51.72,65,36,29
1832,1137251,72.5519607843137,60,80.65,51,20,31
1833,1137343,82.6892307692308,82.14,83.33,52,28,24
1834,1137479,70.0033333333333,68.97,70.97,60,29,31
1835,1138202,83.3325,89.74,75.76,72,39,33
1836,1139381,81.3953488372093,86,75,86,50,36
1837,1140175,83.0974647887324,77.5,90.32,71,40,31
1838,1140282,84.3158823529412,79.17,88.89,51,24,27
1839,1141452,75.386,66.67,88.46,65,39,26
1840,1142083,78.5744642857143,72.73,86.96,56,33,23
1841,1142534,75.9264814814815,83.87,65.22,54,31,23
1842,1144503,83.5829850746269,86.67,81.08,67,30,37
1843,1145196,93.750625,88.89,100,64,36,28
1844,1146288,64.1776119402985,61.11,67.74,67,36,31
1845,1147733,85.9649122807018,92,81.25,57,25,32
1846,1148297,84.785,82.61,86.96,46,23,23
1847,1148681,72.0937209302325,60,82.61,43,20,23
1848,1148732,78.5730952380952,64.71,88,42,17,25
1849,1149051,80.3589285714286,77.78,82.76,56,27,29
1850,1149514,81.25125,81.82,80.77,48,22,26
1851,1150354,82.3552941176471,80,84.62,51,25,26
1852,1150470,86.67,86.67,86.67,60,30,30
1853,1150564,85.2481967213115,81.25,89.66,61,32,29
1854,1150633,71.6685,64.52,79.31,60,31,29
1855,1150660,82.6901923076923,74.07,92,52,27,25
1856,1150668,75.4730188679245,61.54,88.89,53,26,27
1857,1151174,76.4713725490196,92,61.54,51,25,26
1858,1152427,70.5864705882353,84.21,53.33,34,19,15
1859,1155114,72.5,65,80,40,20,20
1860,1155131,78.0487804878049,80,75,41,25,16
1861,1156316,88.3702325581395,73.68,100,43,19,24
1862,1156749,83.6710204081633,81.48,86.36,49,27,22
1863,1160388,94.2325,95.24,93.55,52,21,31
1864,1161277,83.6390909090909,80.65,87.5,55,31,24
1865,1162017,93.74875,94.44,92.86,64,36,28
1866,1162915,79.1630555555556,85.71,72.97,72,35,37
1867,1163556,87.0993548387097,88.89,84.62,62,36,26
1868,1165341,92.3084615384615,96.43,87.5,52,28,24
1869,1165560,74.9976923076923,78.57,70.83,52,28,24
1870,1165674,95.002,100,89.29,60,32,28
1871,1166052,88.8914814814815,89.66,88,54,29,25
1872,1166274,90.5669811320755,91.18,89.47,53,34,19
1873,1166313,94.6428571428571,93.1,96.3,56,29,27
1874,1166376,95.92,100,91.67,49,25,24
1875,1166463,90.5675471698113,88,92.86,53,25,28
1876,1166606,89.4771929824562,91.18,86.96,57,34,23
1877,1167135,83.998,100,73.33,50,20,30
1878,1167703,86.5376923076923,81.48,92,52,27,25
1879,1169260,90.7422222222222,90,91.67,54,30,24
1880,1170539,74.5123529411765,62.5,85.19,51,24,27
1881,1171107,92.595,85.19,100,54,27,27
1882,1175051,70.835625,52.38,85.19,48,21,27
1883,1175978,76,70,85,50,30,20
1884,1177080,83.3333333333333,95,68.75,36,20,16
1885,1177115,72.3427659574468,73.08,71.43,47,26,21
1886,1177415,72.913125,62.96,85.71,48,27,21
1887,1178496,74.4174418604651,53.85,83.33,43,13,30
1888,1178874,85.7119047619048,75,95.45,42,20,22
1889,1179566,79.3072413793103,85.71,62.5,29,21,8
1890,1179613,93.7478125,89.47,100,32,19,13
1891,1180094,65.8553658536585,66.67,65,41,21,20
1892,1180786,86.1119444444444,70.59,100,36,17,19
1893,1181896,76.6666666666667,75,80,30,20,10
1894,1181914,74.3605128205128,65.22,87.5,39,23,16
1895,1182849,68.4184210526316,45.45,100,19,11,8
1896,1183349,60.8695652173913,43.75,100,23,16,7
1897,1184082,85.1855555555556,78.57,92.31,27,14,13
1898,1184115,68.4252631578947,69.57,66.67,38,23,15
1899,1184290,78.125,81.25,75,32,16,16
1900,1184649,75,77.78,72.22,36,18,18
1901,1185152,38.7112903225806,50,26.67,31,16,15
1902,1186283,81.8169696969697,85,76.92,33,20,13
1903,1186724,78.121875,72.22,85.71,32,18,14
1904,1188644,65.9553191489362,52.38,76.92,47,21,26
1905,1188710,70.5923529411765,69.57,72.73,34,23,11
1906,1189962,75.6075609756098,53.33,88.46,41,15,26
1907,1190189,85.1859259259259,88,82.76,54,25,29
1908,1190817,71.7371739130435,70.37,73.68,46,27,19
1909,1191558,69.8107547169811,70.37,69.23,53,27,26
1910,1191582,76.6646666666667,74.19,79.31,60,31,29
1911,1193594,86.4403389830508,87.1,85.71,59,31,28
1912,1193738,76.7871428571429,73.08,80,56,26,30
1913,1195639,60.94078125,69.57,56.1,64,23,41
1914,1195665,73.6111111111111,87.5,62.5,72,32,40
1915,1195681,73.4965060240964,87.5,64.71,83,32,51
1916,1196742,58.8214705882353,81.48,43.9,68,27,41
1917,1197327,56.0634848484848,88,36.59,66,25,41
1918,1197332,22.2225925925926,20,23.53,54,20,34
1919,1197450,62.5,80,52,80,30,50
1920,1197907,62.9659259259259,75.76,54.17,81,33,48
1921,1198622,69.5654347826087,73.68,66.67,46,19,27
1922,1199207,72.5494117647059,90,47.62,51,30,21
1923,1199274,88.4607692307692,91.67,85.71,52,24,28
1924,1199408,60.8702898550725,75,48.65,69,32,37
1925,1199721,89.4747368421053,96.67,81.48,57,30,27
1926,1199803,79.1625,85.71,74.07,48,21,27
1927,1200878,80.5974626865672,86.49,73.33,67,37,30
1928,1201415,77.9662711864407,89.19,59.09,59,37,22
1929,1201901,79.7110144927536,81.58,77.42,69,38,31
1930,1203056,94.5456363636364,92.31,96.55,55,26,29
1931,1203553,68.5725714285714,59.26,74.42,70,27,43
1932,1203560,65.6246875,68.57,62.07,64,35,29
1933,1204024,76.3139473684211,73.91,80,76,46,30
1934,1205686,76.712602739726,91.18,64.1,73,34,39
1935,1205705,87.5018181818182,91.49,82.93,88,47,41
1936,1207220,70.6624,83.78,57.89,75,37,38
1937,1207657,82.7572413793103,75,86.84,58,20,38
1938,1211143,71.1353608247423,70.59,71.74,97,51,46
1939,1212649,77.2280198019802,73.08,81.63,101,52,49
1940,1213015,60.1923300970874,39.13,77.19,103,46,57
1941,1213215,69.7236697247706,66.04,73.21,109,53,56
1942,1213289,58.2384615384615,55.1,61.9,91,49,42
1943,1213607,50,58.82,41.18,102,51,51
1944,1213926,72.4442519685039,67.86,76.06,127,56,71
1945,1214474,68.234,70.21,65.79,85,47,38
1946,1214894,86.1395049504951,80.49,90,101,41,60
1947,1215692,92.7285454545455,88.89,96.43,110,54,56
1948,1216392,75.9613461538462,70.59,81.13,104,51,53
1949,1217366,74.0755555555556,65.12,80,108,43,65
1950,1218226,82.0535897435897,86.49,78.05,78,37,41
1951,1218598,65.474880952381,48.65,78.72,84,37,47
1952,1219969,84.784347826087,81.25,88.64,92,48,44
1953,1221161,97.0310891089109,89.66,100,101,29,72
1954,1222722,86.5556302521008,77.36,93.94,119,53,66
1955,1222909,86.1112037037037,83.02,89.09,108,53,55
1956,1222951,88.6943478260869,87.5,89.55,115,48,67
1957,1223257,89.5158064516129,90.48,88.52,124,63,61
1958,1225469,85.7181632653061,84.91,86.67,98,53,45
1959,1229187,86.1088888888889,95.77,67.57,108,71,37
1960,1230458,88.373023255814,100,82.76,129,42,87
1961,1230469,89.3161832061069,95.92,85.37,131,49,82
1962,1230624,78.8728169014085,83.87,75,142,62,80
1963,1230666,77.694,75,79.49,130,52,78
1964,1231338,85.496106870229,82.76,87.67,131,58,73
1965,1231891,75.1937209302326,62.9,86.57,129,62,67
1966,1234244,89.0731092436975,87.93,90.16,119,58,61
1967,1234785,80.6483870967742,90.2,69.05,93,51,42
1968,1234881,79.4625,80.95,77.55,112,63,49
1969,1234990,78.9992,68.18,87.5,100,44,56
1970,1236199,79.8029807692308,86.27,73.58,104,51,53
1971,1236601,79.4641964285714,84.75,73.58,112,59,53
1972,1239373,81.3429850746269,81.82,80.88,134,66,68
1973,1240303,79.646814159292,74.55,84.48,113,55,58
1974,1240810,71.816,76.92,67.24,110,52,58
1975,1241323,72.2866265060241,71.11,73.68,83,45,38
1976,1242445,61.1925373134328,65.38,55.36,134,78,56
1977,1242563,77.079375,89.47,58.97,96,57,39
1978,1243051,78.3628358208955,84.29,71.88,134,70,64
1979,1243073,81.9698360655738,81.54,82.46,122,65,57
1980,1243293,91.7248275862069,91.43,92,145,70,75
1981,1243694,75.383,69.49,80.28,130,59,71
1982,1244529,81.5806578947368,80,82.93,152,70,82
1983,1245058,83.7866891891892,75.41,89.66,148,61,87
1984,1245633,82.6917948717949,79.69,84.78,156,64,92
1985,1246261,81.746746031746,81.82,81.69,126,55,71
1986,1247844,93.1482876712329,96.2,89.55,146,79,67
1987,1248607,87.8809090909091,83.91,92.31,165,87,78
1988,1248646,85.0635064935065,80.77,89.47,154,78,76
1989,1249008,65.8714285714286,73.91,44.12,126,92,34
1990,1249253,85.6057575757576,89.13,77.5,132,92,40
1991,1249277,83.3337037037037,65.96,96.72,108,47,61
1992,1249884,79.8604861111111,80,79.59,144,95,49
1993,1250689,76.226993006993,74.74,79.17,143,95,48
1994,1253447,83.1225,93.02,71.62,160,86,74
1995,1254757,64.4653807106599,71.68,54.76,197,113,84
1996,1256531,81.9260240963855,76.92,88,166,91,75
1997,1257006,76.3942857142857,69.51,83.54,161,82,79
1998,1257085,81.1684415584415,73.33,88.61,154,75,79
1999,1257718,74.3892073170732,67.53,80.46,164,77,87
2000,1257731,79.1906358381503,75.51,84,173,98,75
2001,1259567,90.5148275862069,92.42,88,116,66,50
2002,1260995,92.5907407407407,93.1,92,108,58,50
2003,1261236,86.3030136986301,85.19,87.69,146,81,65
2004,1261986,98.518962962963,98.36,98.65,135,61,74
2005,1262640,83.4592481203008,82.76,84,133,58,75
2006,1262751,93.2328571428572,96.49,90.79,133,57,76
2007,1264133,87.8036585365854,94.44,82.61,123,54,69
2008,1270239,86.2075862068965,91.67,80.82,145,72,73
2009,1270451,82.0533333333333,76.32,87.5,156,76,80
2010,1270794,80.2840845070423,81.43,79.17,142,70,72
2011,1271600,79.7388235294118,81.82,78.16,153,66,87
2012,1272073,61.0199152542373,62.3,59.65,118,61,57
2013,1272132,81.7513138686131,76.39,87.69,137,72,65
2014,1272153,77.5365217391304,65.08,88,138,63,75
2015,1272299,83.9514814814815,79.27,88.75,162,82,80
2016,1272786,86.1328467153285,89.16,81.48,137,83,54
2017,1272958,88.14,88.14,88.14,118,59,59
2018,1273362,85.3211926605505,85.45,85.19,109,55,54
2019,1274731,79.0705426356589,80.82,76.79,129,73,56
2020,1276144,89.7830656934306,84.38,94.52,137,64,73
2021,1276252,86.600206185567,76.09,96.08,97,46,51
2022,1276291,92.8533333333333,93.33,92.42,126,60,66
2023,1276373,89.5258095238095,93.18,86.89,105,44,61
2024,1276646,90.0008571428571,94.2,85.92,140,69,71
2025,1276859,87.705,85.25,90.16,122,61,61
2026,1277671,79.3096551724138,81.25,77.94,116,48,68
2027,1277807,80.1610317460318,84.75,76.12,126,59,67
2028,1278347,94.001,90.57,97.87,100,53,47
2029,1278655,90.2410569105691,93.1,87.69,123,58,65
2030,1278818,86.8094505494505,95.74,77.27,91,47,44
2031,1279163,80.8055555555556,95.45,69.09,99,44,55
2032,1279406,91.8526666666667,93.65,90.28,135,63,72
2033,1280971,82.1394642857143,85.96,78.18,112,57,55
2034,1281406,83.0886764705882,84.13,82.19,136,63,73
2035,1282132,89.2355384615385,92.11,85.19,130,76,54
2036,1283413,87.5827450980392,88.3,86.44,153,94,59
2037,1283752,92.6632,95.83,89.74,150,72,78
2038,1283794,82.7331654676259,79.69,85.33,139,64,75
2039,1285193,80.5395973154363,77.78,83.12,149,72,77
2040,1285855,84.1371034482759,86.84,81.16,145,76,69
2041,1286369,86.1136111111111,88.06,84.42,144,67,77
2042,1287904,96.0336507936508,96.88,95.16,126,64,62
2043,1288349,88.2367226890756,86.67,89.83,119,60,59
2044,1289058,76.7130136986301,72.97,80.56,73,37,36
2045,1290713,84.0363865546218,79.25,87.88,119,53,66
2046,1291214,83.6908510638298,82.86,84.51,141,70,71
2047,1291397,90.2186956521739,87.5,92.31,92,40,52
2048,1292145,87.7215789473684,86.67,88.89,114,60,54
2049,1293728,80.2619736842105,87.18,72.97,76,39,37
2050,1293970,87.6184761904762,88.06,86.84,105,67,38
2051,1297186,93.6329090909091,95.83,89.47,110,72,38
2052,1298784,81.52,83.67,79.07,92,49,43
2053,1299064,72.8591428571428,75.61,68.97,70,41,29
2054,1299093,82.7191358024691,86.05,78.95,81,43,38
2055,1299741,61.3302666666667,65.85,55.88,75,41,34
2056,1300286,73.9684931506849,83.33,64.86,73,36,37
2057,1300894,87.6537037037037,83.33,92.31,81,42,39
2058,1301401,88.890202020202,95.35,83.93,99,43,56
2059,1302738,89.7394871794872,93.33,85.96,117,60,57
2060,1303110,81.5553398058253,85.94,74.36,103,64,39
2061,1303876,81.8181818181818,81.25,82.5,88,48,40
2062,1304971,92.5947222222222,91.23,94.12,108,57,51
2063,1305560,79.8397580645161,80.28,79.25,124,71,53
2064,1305959,86.238256880734,82,89.83,109,50,59
2065,1307004,78.1818181818182,70,88,110,60,50
2066,1307029,83.7837837837838,86.44,80.77,111,59,52
2067,1308463,87.9098901098901,88,87.8,91,50,41
2068,1310322,77.7797777777778,72.73,82.61,90,44,46
2069,1312257,79.245,75.47,83.02,106,53,53
2070,1313559,77.4519607843137,78.18,76.6,102,55,47
2071,1313680,90.6983720930233,100,82.98,86,39,47
2072,1314526,87.0651724137931,90.62,82.69,116,64,52
2073,1314776,84.4939534883721,91.04,77.42,129,67,62
2074,1315494,54.16625,59.09,50,96,44,52
2075,1316070,78.33325,85.71,70.18,120,63,57
2076,1316143,66.6693518518519,72.73,60.38,108,55,53
2077,1316257,80.5751079136691,84.06,77.14,139,69,70
2078,1316568,86.459375,86.21,86.84,96,58,38
2079,1316923,72.996,78.72,67.92,100,47,53
2080,1316998,74.9995652173913,72.73,77.08,92,44,48
2081,1317130,60,68.57,51.43,70,35,35
2082,1317491,84.6136538461538,76.19,90.32,104,42,62
2083,1317827,86.6020618556701,95.56,78.85,97,45,52
2084,1318297,77.0634862385321,82,72.88,109,50,59
2085,1318456,69.09,76.92,57.78,110,65,45
2086,1318569,82.3528571428572,77.05,87.93,119,61,58
2087,1320601,91.3055652173913,88.68,93.55,115,53,62
2088,1320881,86.954347826087,85.29,87.93,92,34,58
2089,1320968,84.873781512605,82.98,86.11,119,47,72
2090,1321214,79.5916326530612,82.81,77.11,147,64,83
2091,1321841,73.0434782608696,52.5,84,115,40,75
2092,1322194,73.2290551181102,75,71.43,127,64,63
2093,1322480,72.9152083333333,72,73.91,144,75,69
2094,1322500,70,67.14,72.86,140,70,70
2095,1322705,87.7188596491228,86.15,89.8,114,65,49
2096,1323426,92.9583098591549,90.54,95.59,142,74,68
2097,1323574,89.1161224489796,93.33,86.21,147,60,87
2098,1324790,75.9426315789474,80.36,72.73,133,56,77
2099,1325997,80.5340939597315,84.72,76.62,149,72,77
2100,1326301,85.9694736842105,86.89,84.91,114,61,53
2101,1327491,88.525,78.69,98.36,122,61,61
2102,1327866,91.5087735849057,96.92,82.93,106,65,41
2103,1327896,88.1869291338583,89.06,87.3,127,64,63
2104,1328421,92.4804511278195,87.32,98.39,133,71,62
2105,1329090,89.3940909090909,92.06,86.96,132,63,69
2106,1329309,89.9303597122302,96.88,84,139,64,75
2107,1329974,80.7950331125828,91.55,71.25,151,71,80
2108,1329994,88.74875,93.33,86,80,30,50
2109,1330181,81.2027067669173,83.1,79.03,133,71,62
2110,1330421,92.3826666666667,91.38,93.62,105,58,47
2111,1330674,70.5871764705882,75.47,62.5,85,53,32
2112,1331123,85.8226119402985,90.48,81.69,134,63,71
2113,1331386,84.8742857142857,90,81.16,119,50,69
2114,1331804,84.37609375,78.46,90.48,128,65,63
2115,1332284,61.2425581395349,69.09,55.41,129,55,74
2116,1332523,72.2574193548387,77.46,67.86,155,71,84
2117,1332763,85.9255555555556,92.86,81.01,135,56,79
2118,1332862,75.6092682926829,81.58,72.94,123,38,85
2119,1333492,86.2741176470588,86.44,86.17,153,59,94
2120,1333661,63.99816,69.81,59.72,125,53,72
2121,1334900,81.0832432432432,82.46,79.63,111,57,54
2122,1335141,84.1277777777778,73.47,90.91,126,49,77
2123,1335404,81.3191208791209,86.36,76.6,91,44,47
2124,1335818,77.0857291666667,81.36,70.27,96,59,37
2125,1335944,84.6179487179487,87.1,81.82,117,62,55
2126,1336302,94.445,98.15,90.74,108,54,54
2127,1339630,68.3328333333333,50,87.93,120,62,58
2128,1340917,87.1593243243243,85.71,88.46,148,70,78
2129,1341556,88.9783464566929,87.1,90.77,127,62,65
2130,1343679,78.6177931034483,76.62,80.88,145,77,68
2131,1343731,79.5044262295082,74.07,83.82,122,54,68
2132,1343851,86.288064516129,87.67,84.31,124,73,51
2133,1343924,79.848992248062,74.58,84.29,129,59,70
2134,1344352,87.5027678571429,83.64,91.23,112,55,57
2135,1345156,92.497,92.98,92.06,120,57,63
2136,1346192,82.1782178217822,76.74,86.21,101,43,58
2137,1346295,80.1714655172414,80.39,80,116,51,65
2138,1346575,85.0764179104478,75.86,92.11,67,29,38
2139,1347398,91.2071428571429,97.87,84.09,91,47,44
2140,1347626,90.5848235294118,97.22,85.71,85,36,49
2141,1348330,89.4757894736842,90.48,88.68,95,42,53
2142,1348414,78.3029245283019,81.82,74.51,106,55,51
2143,1350600,79.5588321167883,75.71,83.58,137,70,67
2144,1351275,94.3841573033708,89.19,98.08,89,37,52
2145,1351992,88.0359829059829,96.43,80.33,117,56,61
2146,1353002,83.6198275862069,83.1,84.44,116,71,45
2147,1353184,93.0026,98.15,86.96,100,54,46
2148,1353944,85.5593333333333,84.38,86.21,90,32,58
2149,1354045,88.5711428571428,84.21,93.75,105,57,48
2150,1354160,91.6636904761905,83.78,97.87,84,37,47
2151,1354793,82.7974193548387,85.42,80,93,48,45
2152,1354903,93.0713861386138,91.94,94.87,101,62,39
2153,1354951,86.8115384615385,87.5,85.71,91,56,35
2154,1355327,60.205,44.9,75.51,98,49,49
2155,1355371,71.5895454545455,71.79,71.43,88,39,49
2156,1355939,78.4798734177215,83.33,70.97,79,48,31
2157,1356389,89.8884269662921,93.18,86.67,89,44,45
2158,1356443,87.0929032258065,84.44,89.58,93,45,48
2159,1356581,93.5081818181818,93.48,93.55,77,46,31
2160,1358065,85.2601052631579,91.3,79.59,95,46,49
2161,1358522,90.1025742574257,92.31,87.76,101,52,49
2162,1359812,76.6990291262136,81.82,72.88,103,44,59
2163,1359977,88.4646153846154,93.88,83.64,104,49,55
2164,1360001,95.7006451612903,95.24,96.08,93,42,51
2165,1360140,91.1133333333333,85.42,97.62,90,48,42
2166,1362907,95.0972549019608,86.84,100,102,38,64
2167,1363149,95.4092660550459,92.45,98.21,109,53,56
2168,1363366,94.5656521739131,92,97.62,92,50,42
2169,1363569,83.3367857142857,72.73,90.2,84,33,51
2170,1366221,82.2215555555556,67.57,92.45,90,37,53
2171,1367388,88.775,85.71,91.84,98,49,49
2172,1367440,77.0240540540541,77.14,76.92,74,35,39
2173,1369622,79.7449367088607,75,82.35,79,28,51
2174,1369674,81.4475257731959,76.32,84.75,97,38,59
2175,1370472,87.3826213592233,89.29,85.11,103,56,47
2176,1371063,90.0033333333333,84.38,96.43,120,64,56
2177,1371713,87.4989772727273,83.72,91.11,88,43,45
2178,1372285,79.2471698113208,85.25,71.11,106,61,45
2179,1373857,92.308021978022,92.45,92.11,91,53,38
2180,1374272,88.8845679012346,85.71,91.3,81,35,46
2181,1375370,77.2731818181818,83.33,73.08,88,36,52
2182,1375817,91.488085106383,92.86,90.38,94,42,52
2183,1376643,65.2629473684211,56.1,72.22,95,41,54
2184,1377239,90.3189247311828,95.74,84.78,93,47,46
2185,1377351,84.0004,78.85,89.58,100,52,48
2186,1377852,85.555,84.62,86.27,90,39,51
2187,1378079,88.4610256410256,82.86,93.02,78,35,43
2188,1378980,87.0167532467532,79.17,90.57,77,24,53
2189,1379057,85.8735869565217,82.93,88.24,92,41,51
2190,1379096,76.9182417582417,61.76,85.96,91,34,57
2191,1379259,86.0476744186047,76.47,92.31,86,34,52
2192,1379864,92.4045569620253,90.24,94.74,79,41,38
2193,1380219,83.8705376344086,84,83.72,93,50,43
2194,1381594,68.9084033613445,66.1,71.67,119,59,60
2195,1381614,70.5863865546219,61.82,78.12,119,55,64
2196,1382070,76.725,63.79,89.66,116,58,58
2197,1382142,77.3921739130435,72,81.54,115,50,65
2198,1382977,73.3914678899083,65.45,81.48,109,55,54
2199,1382997,79.8252631578947,67.24,92.86,114,58,56
2200,1383453,76.3166666666666,66.07,86.21,114,56,58
2201,1383816,72.0441935483871,69.09,76.32,93,55,38
2202,1384215,82.9038461538462,85.71,79.63,117,63,54
2203,1385174,89.3841592920354,86.89,92.31,113,61,52
2204,1386115,83.3369298245614,81.4,84.51,114,43,71
2205,1387698,89.0118681318681,88.64,89.36,91,44,47
2206,1387983,91.6663888888889,89.09,94.34,108,55,53
2207,1388280,76.9189743589744,68.33,85.96,117,60,57
2208,1388740,64.0016,59.65,69.77,100,57,43
2209,1389855,73.783786407767,70.45,76.27,103,44,59
2210,1391217,79.1992,73.21,84.06,125,56,69
2211,1391812,80.1956435643564,65,90.16,101,40,61
2212,1391848,78.5703571428571,75,82.69,112,60,52
2213,1393000,83.6363636363636,76,90,110,50,60
2214,1393993,90.91,90.91,90.91,110,44,66
2215,1396520,84.6879279279279,83.08,86.96,111,65,46
2216,1396728,88.6356818181818,79.66,95.89,132,59,73
2217,1397382,86.6177464788732,87.14,86.11,142,70,72
2218,1397423,87.5996899224806,83.08,92.19,129,65,64
2219,1398875,87.3885585585586,83.93,90.91,111,56,55
2220,1400925,89.1864864864865,95.45,80,111,66,45
2221,1401053,93.748984375,97.1,89.83,128,69,59
2222,1401870,89.84328125,88.73,91.23,128,71,57
2223,1402088,87.7864122137405,82.81,92.54,131,64,67
2224,1402478,87,82.5,90,100,40,60
2225,1402904,88.8923015873016,84.75,92.54,126,59,67
2226,1403021,87.0507913669065,87.34,86.67,139,79,60
2227,1403674,89.1150340136054,84.09,96.61,147,88,59
2228,1403989,91.9358064516129,88,97.96,124,75,49
2229,1404911,92.308041958042,90.79,94.03,143,76,67
2230,1405763,84.002,91.67,72.5,100,60,40
2231,1407143,82.306,81.25,83.33,130,64,66
2232,1407170,78.950350877193,79.25,78.69,114,53,61
2233,1408510,84.4434444444444,75.51,95.12,90,49,41
2234,1411621,76.0665811965812,67.27,83.87,117,55,62
2235,1412082,87.5017708333333,83.72,90.57,96,43,53
2236,1412556,82.811875,90.28,73.21,128,72,56
2237,1414346,71.9704545454545,82.54,62.32,132,63,69
2238,1416104,78.6794117647059,80.49,75.93,136,82,54
2239,1416481,66.929842519685,62.5,71.43,127,64,63
2240,1416641,76.9955,58.97,88.52,100,39,61
2241,1418882,49.6335766423358,79.1,21.43,137,67,70
2242,1419683,86.7137062937063,83.78,89.86,143,74,69
2243,1419986,88.4385714285714,88.1,88.89,147,84,63
2244,1421007,90.4763265306123,92.5,88.06,147,80,67
2245,1421157,87.0137012987013,93.98,78.87,154,83,71
2246,1421999,88.5254098360656,91.21,85.87,183,91,92
2247,1422218,90.7907894736842,92.77,88.41,152,83,69
2248,1422691,82.7111278195489,88.64,79.78,133,44,89
2249,1423031,74.1042857142857,72.34,75.38,112,47,65
2250,1423803,87.4196855345912,89.87,85,159,79,80
2251,1424361,87.6953846153846,92.86,81.67,130,70,60
2252,1425356,88.0573880597015,88.68,87.65,134,53,81
2253,1426782,83.4302366863905,83.13,83.72,169,83,86
2254,1428200,89.533023255814,96.59,82.14,172,88,84
2255,1428698,83.0983802816902,90.91,78.16,142,55,87
2256,1428842,73.4797237569061,80,65.43,181,100,81
2257,1431887,88.155,86.84,89.47,152,76,76
2258,1432672,87.0974193548387,85.71,88.24,124,56,68
2259,1433166,73.033595505618,75,70.27,89,52,37
2260,1433929,76.8615702479339,77.05,76.67,121,61,60
2261,1434192,88.3166423357664,91.04,85.71,137,67,70
2262,1434789,64.4266346153846,66.04,62.75,104,53,51
2263,1436389,86.54,90.77,79.49,104,65,39
2264,1436575,87.3025396825397,91.94,82.81,126,62,64
2265,1437366,83.7623931623932,87.1,80,117,62,55
2266,1438740,87.255,86.27,88.24,102,51,51
2267,1439158,85.0476635514019,79.66,91.67,107,59,48
2268,1439194,81.6520183486239,75.93,87.27,109,54,55
2269,1439225,86.6141732283465,91.43,80.7,127,70,57
2270,1439618,80.6757983193277,86.67,74.58,119,60,59
2271,1440141,82.1680620155039,76.47,88.52,129,68,61
2272,1440572,84.9631578947368,84.42,85.71,133,77,56
2273,1441334,91.8687804878049,88.89,94.2,123,54,69
2274,1442911,86.7267256637168,86.44,87.04,113,59,54
2275,1442963,84.6781451612903,81.36,87.69,124,59,65
2276,1443257,86.8832786885246,75.47,95.65,122,53,69
2277,1443835,89.7166355140187,91.04,87.5,107,67,40
2278,1444573,88.8910256410256,96.43,81.97,117,56,61
2279,1444579,92.0354867256637,93.33,90.57,113,60,53
2280,1446033,84.3135947712418,76.06,91.46,153,71,82
2281,1446638,85.2101408450704,79.41,90.54,142,68,74
2282,1447364,84.0226035502959,74.7,93.02,169,83,86
2283,1447559,77.6390062111801,75.58,80,161,86,75
2284,1448491,88.8864197530864,90,87.8,162,80,82
2285,1448536,82.5504697986577,80.3,84.34,149,66,83
2286,1451552,75.2,63.08,88.33,125,65,60
2287,1451861,72.6571875,66.67,77.94,128,60,68
2288,1452257,68.5026771653543,68.92,67.92,127,74,53
2289,1452289,61.718828125,63.77,59.32,128,69,59
2290,1452628,67.3690526315789,61.7,72.92,95,47,48
2291,1452798,83.4471034482759,78.95,86.36,145,57,88
2292,1452880,84.9642857142857,79.25,88.75,133,53,80
2293,1453587,92.4812030075188,96.72,88.89,133,61,72
2294,1456519,83.634,84.21,83.33,110,38,72
2295,1457105,72.0683783783784,68.25,77.08,111,63,48
2296,1457170,56.378389261745,48.28,61.54,149,58,91
2297,1458182,84.9666013071895,81.03,87.37,153,58,95
2298,1458298,74.4665957446809,89.23,61.84,141,65,76
2299,1458484,85.6170547945206,84.91,86.02,146,53,93
2300,1460427,81.3937984496124,90.79,67.92,129,76,53
2301,1461283,77.9398529411765,82.09,73.91,136,67,69
2302,1461914,92.4792481203008,91.78,93.33,133,73,60
2303,1462443,88.9785826771654,84.06,94.83,127,69,58
2304,1463634,92.9065957446809,87.88,97.33,141,66,75
2305,1464916,91.8936936936937,83.64,100,111,55,56
2306,1465471,77.5191472868217,77.94,77.05,129,68,61
2307,1465967,89.762125984252,90,89.47,127,70,57
2308,1466165,72.1134615384615,67.27,77.55,104,55,49
2309,1466624,68.6274509803922,62,75,102,50,52
2310,1467158,80.1730172413793,78.18,81.97,116,55,61
2311,1467219,69.9021359223301,82.81,48.72,103,64,39
2312,1467590,84.5583088235294,80.82,88.89,136,73,63
2313,1468572,88.9815254237288,93.75,83.33,118,64,54
2314,1470209,87.9451063829787,86.11,89.86,141,72,69
2315,1472123,80.3575,80.88,79.55,112,68,44
2316,1472679,92.7543478260869,88.89,96.97,138,72,66
2317,1472853,79.5917006802721,80.82,78.38,147,73,74
2318,1473317,92.798,88.37,95.12,125,43,82
2319,1473978,78.7105806451613,73.42,84.21,155,79,76
2320,1477151,82.0870149253731,79.22,85.96,134,77,57
2321,1478818,78.0330303030303,68.92,89.66,132,74,58
2322,1479317,83.8461538461538,80,90,130,80,50
2323,1479873,77.2351219512195,78.57,74.36,123,84,39
2324,1481640,76.665,80,73.33,120,60,60
2325,1482536,84.79856,83.54,86.96,125,79,46
2326,1484271,90.002,88.71,91.18,130,62,68
2327,1484310,86.03125,90.2,83.53,136,51,85
2328,1485644,85.949173553719,91.49,82.43,121,47,74
2329,1485938,89.924496124031,81.54,98.44,129,65,64
2330,1486333,87.3991596638655,82.46,91.94,119,57,62
2331,1486960,85.2966666666667,91.18,73.53,102,68,34
2332,1487814,90.68,91.18,90,118,68,50
2333,1488228,85.4691452991453,72.73,96.77,117,55,62
2334,1488768,86.1532307692308,87.1,85.29,130,62,68
2335,1488808,82.2018644067797,83.33,81.25,118,54,64
2336,1489696,91.2004,85.48,96.83,125,62,63
2337,1489760,90.9805737704918,82.35,97.18,122,51,71
2338,1489812,89.5622608695652,76.74,97.22,115,43,72
2339,1490158,80.3150393700787,80.95,79.69,127,63,64
2340,1490955,89.5510447761194,89.06,90,134,64,70
2341,1492314,70.4780952380952,82.5,63.08,105,40,65
2342,1492674,84.1261904761905,83.33,84.85,126,60,66
2343,1494021,94.4411111111111,95.38,92,90,65,25
2344,1494167,89.3829203539823,86.57,93.48,113,67,46
2345,1494466,81.8903149606299,87.18,73.47,127,78,49
2346,1494569,84.3460869565217,86.44,82.14,115,59,56
2347,1495071,90.1089010989011,95.16,79.31,91,62,29
2348,1495093,89.1304347826087,87.8,90.2,92,41,51
2349,1495702,95.8361111111111,97.73,92.86,72,44,28
2350,1497290,88.499203539823,90.57,86.67,113,53,60
2351,1500482,75.5566666666667,66.67,80,90,30,60
2352,1503757,96.1192233009709,98.08,94.12,103,52,51
2353,1504449,85.3966292134831,78.95,90.2,89,38,51
2354,1506112,88.6062025316456,90.91,85.71,79,44,35
2355,1506723,48.0993670886076,63.41,31.58,79,41,38
2356,1506927,74.7104597701149,79.07,70.45,87,43,44
2357,1507026,82.4343243243243,80.49,84.85,74,41,33
2358,1507049,81.5782894736842,87.8,74.29,76,41,35
2359,1509193,82.7572413793103,89.58,74.36,87,48,39
2360,1509499,88.7665168539326,92.86,81.82,89,56,33
2361,1510906,73.6825263157895,78.72,68.75,95,47,48
2362,1513623,86.584512195122,95.74,74.29,82,47,35
2363,1513680,84.6130769230769,83.33,86.11,78,42,36
2364,1514920,83.8241176470588,97.3,67.74,68,37,31
2365,1515505,90.742962962963,91.18,90,54,34,20
2366,1515788,79.9996666666667,73.53,88.46,60,34,26
2367,1516029,80.6998245614035,83.87,76.92,57,31,26
2368,1516044,85.0729850746269,92.5,74.07,67,40,27
2369,1516195,77.9442647058823,74.29,81.82,68,35,33
2370,1516379,85.4851612903226,87.88,82.76,62,33,29
2371,1516513,90.3842307692308,93.1,86.96,52,29,23
2372,1517581,88.4603846153846,93.33,81.82,52,30,22
2373,1517997,90.0016,81.82,96.43,50,22,28
2374,1518932,77.2718181818182,78.57,75,44,28,16
2375,1518978,56.8970689655172,41.94,74.07,58,31,27
2376,1518994,41.6620833333333,31.03,57.89,48,29,19
2377,1519104,75.4111475409836,77.78,72,61,36,25
2378,1520069,72.7272727272727,75,70,44,24,20
2388,1529148,79.5932653061224,88.46,69.57,49,26,23
2389,1529496,92.0633333333333,96.43,88.57,63,28,35
2390,1530196,74.4670212765957,76.92,71.43,47,26,21
2391,1530855,69.0894545454545,62.96,75,55,27,28
2392,1531978,55.8144186046512,68.18,42.86,43,22,21
2393,1532034,68.74875,72.73,65.38,48,22,26
2394,1532165,48.5728571428571,66.67,35,35,15,20
2395,1532566,68.2912195121951,83.33,47.06,41,24,17
2396,1532842,65.8524390243902,82.61,44.44,41,23,18
2397,1532963,72.5,87.5,50,40,24,16
2398,1533507,64.2833333333333,78.57,35.71,42,28,14
2399,1533666,68.745625,94.44,35.71,32,18,14
2400,1534133,64.2853571428571,69.23,60,28,13,15
2401,1534911,81.8181818181818,87.5,75,44,24,20
2402,1535107,74.9993181818182,92,52.63,44,25,19
2403,1535595,76.0913043478261,89.29,55.56,46,28,18
2404,1536095,77.2759090909091,90.48,65.22,44,21,23
2405,1536205,92.31,92.31,92.31,39,26,13
2406,1536565,93.6165957446809,96.15,90.48,47,26,21
2407,1536804,78.7221276595745,90,58.82,47,30,17
2408,1537655,90.4761904761905,100,80,42,22,20
2409,1537825,100,100,100,40,24,16
2410,1537855,100,100,100,42,31,11
2411,1538331,95.7470212765957,96.88,93.33,47,32,15
2412,1538550,91.8332653061224,93.33,89.47,49,30,19
2413,1540360,79.6608474576271,79.31,80,59,29,30
2414,1540686,84.2108771929825,82.86,86.36,57,35,22
2415,1541270,89.585,92.86,85,48,28,20
2416,1542412,79.998,85.71,66.67,50,35,15
2417,1542476,93.1043103448276,94.29,91.3,58,35,23
2418,1544224,89.5546268656716,87.88,91.18,67,33,34
2419,1544275,87.6735616438356,86.49,88.89,73,37,36
2420,1545024,84.6156923076923,75,93.94,65,32,33
2421,1545516,88.3335,90.32,86.21,60,31,29
2422,1545687,85.5060869565217,83.33,87.88,69,36,33
2423,1545937,86.7952830188679,88.24,84.21,53,34,19
2424,1546399,86.4415254237288,96.55,76.67,59,29,30
2425,1548538,82.6071014492753,72.41,90,69,29,40
2426,1548562,84.3715625,78.26,87.8,64,23,41
2427,1550262,88.8866666666667,87.5,89.58,72,24,48
2428,1550528,76.47,61.11,93.75,68,36,32
2429,1550539,71.425,60.71,82.14,56,28,28
2430,1550959,80.3022727272727,66.67,89.74,66,27,39
2431,1552218,91.7629411764706,90,93.33,85,40,45
2432,1552753,88.5231147540984,85.71,90.91,61,28,33
2433,1552809,68.4919178082192,68.57,68.42,73,35,38
2434,1552912,90.91,95.45,88.64,66,22,44
2435,1553733,78.4607692307692,90,68.57,65,30,35
2436,1554354,74.9965217391304,64.58,86.36,92,48,44
2437,1555269,82.3570588235294,71.88,91.67,68,32,36
2438,1555551,73.0142857142857,59.26,83.33,63,27,36
2439,1556187,69.7382894736842,75.61,62.86,76,41,35
2440,1556780,67.8988888888889,76.19,58.97,81,42,39
2441,1556957,91.253125,86.05,97.3,80,43,37
2442,1557438,87.498,100,78.72,80,33,47
2443,1557846,75.3227272727273,80.95,68.57,77,42,35
2444,1558977,80.5214285714286,81.82,78.79,77,44,33
2445,1560095,77.6690291262136,80.95,75.41,103,42,61
2446,1560692,83.7843243243243,78.12,88.1,74,32,42
2447,1560833,72.1503797468354,67.5,76.92,79,40,39
2448,1561199,85.3931460674157,85.71,85.11,89,42,47
2449,1561901,85.2933823529412,77.42,91.89,68,31,37
2450,1562467,88.2314117647059,89.47,87.23,85,38,47
2451,1562753,91.3073913043478,97.73,85.42,92,44,48
2452,1563738,77.3764285714286,73.68,80.43,84,38,46
2453,1564006,85.7167532467533,92.31,78.95,77,39,38
2454,1564065,93.0245348837209,89.19,95.92,86,37,49
2455,1565107,75.5306382978723,80,72.22,94,40,54
2456,1565313,75.58,83.72,67.44,86,43,43
2457,1565707,78.3098795180723,83.78,73.91,83,37,46
2458,1566399,79.4869230769231,86.11,73.81,78,36,42
2459,1567040,86.0493023255814,78.85,97.06,86,52,34
2460,1568219,80.4359782608696,87.76,72.09,92,49,43
2461,1568548,84.8451515151515,90.62,79.41,66,32,34
2462,1569145,81.8205194805195,91.18,74.42,77,34,43
2463,1569356,72.858,70.59,75,70,34,36
2464,1571373,88.2374117647059,93.62,81.58,85,47,38
2465,1572110,80.7692307692308,80,81.25,78,30,48
2466,1573192,83.1558947368421,84.09,82.35,95,44,51
2467,1573568,88.8888888888889,89.8,87.8,90,49,41
2468,1573891,84.8505050505051,81.4,87.5,99,43,56
2469,1575209,85.2952941176471,76.92,90.48,68,26,42
2470,1576049,91.1094444444444,83.72,97.87,90,43,47
2471,1576508,87.3256338028169,97.96,63.64,71,49,22
2472,1578660,91.2641747572816,90.57,92,103,53,50
2473,1579935,83.952962962963,81.58,86.05,81,38,43
2474,1580336,81.7307692307692,89.36,75.44,104,47,57
2475,1582144,79.0338709677419,76.67,81.25,62,30,32
2476,1584037,84.7068235294118,87.18,82.61,85,39,46
2477,1585902,92.3066666666667,97.5,86.84,78,40,38
2478,1586251,82.1924657534246,80,84.85,73,40,33
2479,1586506,71.429,79.07,59.26,70,43,27
2480,1586693,70.3722222222222,75,66.67,81,36,45
2481,1586741,64.559746835443,76.32,53.66,79,38,41
2482,1586924,61.8434210526316,60.61,62.79,76,33,43
2483,1587764,76.1926984126984,78.38,73.08,63,37,26
2484,1588336,74.0714814814815,76.19,71.79,81,42,39
2485,1588357,85.9142253521127,85.71,86.21,71,42,29
2486,1588720,85.1859259259259,81.4,89.47,81,43,38
2487,1590780,76.6971844660194,76.92,76.47,103,52,51
2488,1591349,84.2109210526316,74.29,92.68,76,35,41
2489,1592651,84.0401063829787,84.31,83.72,94,51,43
2490,1592760,80.6818181818182,78.57,82.61,88,42,46
2491,1593028,67.0576470588235,74,57.14,85,50,35
2492,1593074,82.0239325842697,81.25,82.93,89,48,41
2493,1594362,82.6086956521739,79.17,86.36,92,48,44
2494,1595097,84.5195238095238,80.43,89.47,84,46,38
2495,1595398,91.7816438356164,86.11,97.3,73,36,37
2496,1596403,89.7707954545454,87.8,91.49,88,41,47
2497,1597014,86.3653409090909,77.78,95.35,88,45,43
2498,1597569,93.1825,96.97,90.91,88,33,55
2499,1598372,75.4122950819672,79.31,71.88,61,29,32
2500,1598618,90.425,87.23,93.62,94,47,47
2501,1598713,83.4882568807339,76.6,88.71,109,47,62
2502,1599028,88.3127272727273,83.93,100,77,56,21
2503,1599408,92.225,88.89,95.56,90,45,45
2504,1600766,94.1158823529412,85.71,100,85,35,50
2505,1600843,89.0096703296703,86,92.68,91,50,41
2506,1601018,84.3747916666667,89.13,80,96,46,50
2507,1601030,83.331,77.78,85.71,90,27,63
2508,1601621,93.2663461538462,93.02,93.44,104,43,61
2509,1601669,88.7340845070423,86.36,89.8,71,22,49
2510,1602247,94.1147058823529,89.47,97.87,85,38,47
2511,1603784,85.3206422018349,88,83.05,109,50,59
2512,1603864,92.1576470588235,95.24,90,102,42,60
2513,1603954,89.996,95.45,83.33,80,44,36
2514,1604466,96.5127906976744,93.75,98.15,86,32,54
2515,1604663,89.0098901098901,89.47,88.68,91,38,53
2516,1605854,89.7994897959184,92.31,88.14,98,39,59
2517,1606440,84.4656310679612,83.72,85,103,43,60
2518,1606986,59.3403296703297,56.25,62.79,91,48,43
2519,1607334,89.1109900990099,86.96,90.91,101,46,55
2520,1607749,92.9309090909091,92.16,93.75,99,51,48
2521,1608725,89.2157843137255,94.03,80,102,67,35
2522,1609166,84.2590740740741,90.32,76.09,108,62,46
2523,1610894,82.5217475728155,79.1,88.89,103,67,36
2524,1612376,38.1557894736842,30.61,51.85,76,49,27
2525,1615141,87.1004032258065,83.61,90.48,124,61,63
2526,1615711,89.3473770491803,88.68,89.86,122,53,69
2527,1616745,87.4985576923077,93.44,79.07,104,61,43
2528,1617495,68.9181081081081,78.57,56.25,74,42,32
2529,1618776,92.4018987341772,95.45,88.57,79,44,35
2530,1619120,84.7061176470588,89.36,78.95,85,47,38
2531,1619761,77.1915789473684,76.92,77.78,57,39,18
2532,1620416,89.4141176470588,86.67,96,85,60,25
2533,1620671,86.6075,91.43,78.57,112,70,42
2534,1620809,86.1394059405941,89.8,82.69,101,49,52
2535,1622667,73.6257142857143,67.39,80,91,46,45
2536,1622934,91.4905319148936,91.84,91.11,94,49,45
2537,1624188,85.7137662337662,90,81.08,77,40,37
2538,1624295,87.78,88.89,86.67,90,45,45
2539,1624422,81.0523157894737,80.39,81.82,95,51,44
2540,1624644,81.4816049382716,86.49,77.27,81,37,44
2541,1624686,71.0859036144578,70.59,71.43,83,34,49
2542,1624694,70.2964356435644,64.81,76.6,101,54,47
2543,1624733,73.6875789473684,67.31,81.4,95,52,43
2544,1624837,75,75,75,100,52,48
2545,1624869,79.799696969697,80.36,79.07,99,56,43
2546,1625341,81.3990697674419,71.88,87.04,86,32,54
2547,1626773,86.1748936170213,84.62,88.1,94,52,42
2548,1627348,79.2192207792208,84.48,63.16,77,58,19
2549,1629700,87.3411392405063,92.5,82.05,79,40,39
2550,1630111,93.2177966101695,90.91,94.59,59,22,37
2551,1631490,81.9690163934426,91.18,70.37,61,34,27
2552,1632370,85.1354054054054,89.47,80.56,74,38,36
2553,1632877,84.4858620689655,82.86,86.96,58,35,23
2554,1632924,89.1882432432432,92.68,84.85,74,41,33
2555,1633344,89.5537313432836,81.82,97.06,67,33,34
2556,1633374,97.1404285714286,94.59,100,70,37,33
2557,1634361,78.668,71.43,87.88,75,42,33
2558,1635202,91.998,93.33,90,50,30,20
2559,1635250,90.1626229508197,90.32,90,61,31,30
2560,1636273,93.75,95.83,91.67,48,24,24
2561,1637447,90.325,87.1,93.55,62,31,31
2562,1637989,87.3,94.44,77.78,63,36,27
2563,1638124,93.4404918032787,96.77,90,61,31,30
2564,1639864,84.4417777777778,96.15,68.42,45,26,19
2565,1641551,89.1265217391304,83.33,95.45,46,24,22
2566,1642073,86.8415789473684,82.61,93.33,38,23,15
2567,1642454,94.445,90.91,100,36,22,14
2568,1642538,77.9996,82.14,72.73,50,28,22
2569,1642757,66.0671428571429,53.12,83.33,56,32,24
2570,1643164,83.9267857142857,85.29,81.82,56,34,22
2571,1643300,84.448,79.17,90.48,45,24,21
2572,1644331,84.8465151515151,75.86,91.89,66,29,37
2573,1645618,92.7247272727273,100,89.74,55,16,39
2574,1646094,78.182,84.85,68.18,55,33,22
2575,1646761,75.6420512820513,70.27,80.49,78,37,41
2576,1647400,78.9512280701754,88.24,65.22,57,34,23
2577,1647650,88.7096774193548,100,75,62,34,28
2578,1647902,81.1318867924528,96.15,66.67,53,26,27
2579,1647913,75.5555555555556,80,70,45,25,20
2580,1649113,85.488064516129,84.62,86.96,62,39,23
2581,1649240,76.4711764705882,77.78,73.33,51,36,15
2582,1649682,93.2216949152542,93.94,92.31,59,33,26
2583,1650440,68.8844444444445,65.38,73.68,45,26,19
2584,1651579,79.73,78.38,81.08,74,37,37
2585,1653481,85.4545454545455,88.46,82.76,55,26,29
2586,1653523,54.0022,59.26,47.83,50,27,23
2587,1654738,81.6326530612245,81.82,81.48,49,22,27
2588,1655033,75,75,75,52,28,24
2589,1656150,76.1933333333333,76.67,75.76,63,30,33
2590,1657302,80.5588888888889,94.29,67.57,72,35,37
2591,1657845,85.93890625,94.29,75.86,64,35,29
2592,1658512,70.968064516129,59.26,80,62,27,35
2593,1659716,86.3634848484848,72.41,97.3,66,29,37
2594,1660621,72.8587142857143,74.36,70.97,70,39,31
2595,1661205,84.1467073170732,80,89.19,82,45,37
2596,1662432,72.6058904109589,62.07,79.55,73,29,44
2597,1663662,83.6751020408163,79.17,88,49,24,25
2598,1664259,69.51,68.18,71.05,82,44,38
2599,1664547,65.5170114942529,72.34,57.5,87,47,40
2600,1664657,72.7257954545454,68.89,76.74,88,45,43
2601,1665349,82.3517647058824,93.18,62.5,68,44,24
2602,1665484,93.5033766233766,90.24,97.22,77,41,36
2603,1666212,84.7826086956522,80.85,88.89,92,47,45
2604,1667294,81.1154444444444,84.91,75.68,90,53,37
2605,1668116,87.2547058823529,91.07,82.61,102,56,46
2606,1670061,81.8219480519481,80.56,82.93,77,36,41
2607,1670357,86.0755696202532,87.23,84.38,79,47,32
2608,1670446,68.6075581395349,85.11,48.72,86,47,39
2609,1670511,72.2861445783133,79.59,61.76,83,49,34
2610,1670549,72.6214285714286,82.61,60.53,84,46,38
2611,1670566,79.5180722891566,80.56,78.72,83,36,47
2612,1670742,56.8179545454545,60.87,52.38,88,46,42
2613,1670749,57.1417857142857,64.15,45.16,84,53,31
2614,1671494,92.8564285714286,93.33,92.31,84,45,39
2615,1671548,94.9387341772152,92.5,97.44,79,40,39
2616,1672827,77.2124050632911,77.27,77.14,79,44,35
2617,1673260,92.9578873239437,94.12,91.89,71,34,37
2618,1673998,82.0929850746269,86.49,76.67,67,37,30
2619,1674825,87.9993333333333,88.57,87.5,75,35,40
2620,1676052,93.5920512820513,97.83,87.5,78,46,32
2621,1676195,76.7119178082192,70.97,80.95,73,31,42
2622,1676923,82.5616279069767,84.91,78.79,86,53,33
2623,1676947,84.8809302325581,87.23,82.05,86,47,39
2624,1677068,84.2089473684211,94,73.33,95,50,45
2625,1679493,91.1403797468354,90.91,91.43,79,44,35
2626,1680062,85.3926966292135,88,82.05,89,50,39
2627,1680824,69.5654347826087,73.68,66.67,92,38,54
2628,1682389,81.11,80,82.22,90,45,45
2629,1683290,74.9970588235294,79.31,71.79,68,29,39
2630,1683417,85.87,89.13,82.61,92,46,46
2631,1684131,85.2295454545455,86.11,84.62,88,36,52
2632,1684962,77.499375,71.43,82.22,80,35,45
2633,1684975,74.2852857142857,75.76,72.97,70,33,37
2634,1687628,76.47,71.43,83.33,85,49,36
2635,1688220,76.0567605633803,68.97,80.95,71,29,42
2636,1689286,85.5110144927536,88.24,82.86,69,34,35
2637,1691073,90.7692307692308,92,90,65,25,40
2638,1692759,86.2709803921569,82.14,91.3,51,28,23
2639,1693130,84.7471186440678,94.12,72,59,34,25
2640,1693239,76.9271153846154,86.96,68.97,52,23,29
2641,1694418,87.2363829787234,88.89,86.21,47,18,29
2642,1694453,84.1266666666667,85.71,82.86,63,28,35
2643,1695823,81.1588405797101,76,84.09,69,25,44
2644,1697535,94.1156862745098,87.5,97.14,51,16,35
2645,1697923,69.3857142857143,52.38,82.14,49,21,28
2646,1698390,91.1741176470588,100,86.36,68,24,44
2647,1698801,64.3831506849315,68.97,61.36,73,29,44
2648,1699572,91.5261016949153,93.33,89.66,59,30,29
2649,1700263,85.454,90.91,77.27,55,33,22
2650,1700507,41.2695238095238,48.28,35.29,63,29,34
2651,1701070,86.2764705882353,87.1,85,51,31,20
2652,1701408,71.1876271186441,72.73,69.23,59,33,26
2653,1702245,66.665,60,74.19,66,35,31
2654,1702273,62.1227272727273,56.1,72,66,41,25
2655,1702402,68.332,72.22,62.5,60,36,24
2656,1702448,69.8388888888889,65.71,75,63,35,28
2657,1702473,72.0013333333333,62.86,80,75,35,40
2658,1702593,77.4175806451613,72.97,84,62,37,25
2659,1703365,73.2367605633803,75,71.79,71,32,39
2660,1704922,88.1316949152542,89.47,85.71,59,38,21
2661,1705141,79.2416981132075,92.59,65.38,53,27,26
2662,1705826,85.2942647058824,88.57,81.82,68,35,33
2663,1706086,83.3328787878788,77.42,88.57,66,31,35
2664,1706935,85.9132394366197,80,90.24,71,30,41
2665,1707186,77.1075903614458,71.11,84.21,83,45,38
2666,1708688,84.7472881355932,100,72.73,59,26,33
2667,1709108,83.118961038961,100,72.92,77,29,48
2668,1709369,83.1444943820225,89.74,78,89,39,50
2669,1709978,89.06,87.5,90.62,64,32,32
2670,1710215,86.7605882352941,90.62,83.33,68,32,36
2671,1710692,83.875,96.3,74.29,62,27,35
2672,1711659,83.3369696969697,94.12,71.88,66,34,32
2673,1712157,77.085,62.5,91.67,48,24,24
2674,1712562,94.5487272727273,96.3,92.86,55,27,28
2675,1714094,81.9711475409836,92.11,65.22,61,38,23
2676,1714578,92.6423529411765,94.44,90.62,68,36,32
2677,1716542,80.5985074626866,75,87.1,67,36,31
2678,1716597,75.4357894736842,78.12,72,57,32,25
2679,1717276,86.6648333333333,72.41,100,60,29,31
2680,1717842,93.4445901639344,96,91.67,61,25,36
2681,1719498,89.5833333333333,93.75,81.25,48,32,16
2682,1719753,94.0282089552239,94.44,93.55,67,36,31
2683,1720844,81.3554237288135,84.85,76.92,59,33,26
2684,1720932,97.1861971830986,97.73,96.3,71,44,27
2685,1721142,91.892027027027,97.56,84.85,74,41,33
2686,1722242,86.21,89.66,82.76,58,29,29
2687,1722351,72.3047692307692,72.41,72.22,65,29,36
2688,1722772,66.66875,72.73,61.54,48,22,26
2689,1724052,72.466231884058,78.05,64.29,69,41,28
2690,1724846,68.3544303797468,76.19,59.46,79,42,37
2691,1724987,73.8469230769231,76.47,70.97,65,34,31
2692,1725110,82.6098550724638,90.7,69.23,69,43,26
2693,1725478,79.689375,70.37,86.49,64,27,37
2694,1725786,56.25,53.12,59.38,64,32,32
2695,1726196,86.4182716049383,92.68,80,81,41,40
2696,1726642,85.7142857142857,82.05,88.89,84,39,45
2697,1727443,72.7275757575758,85.29,59.38,66,34,32
2698,1728278,83.5840298507463,86.21,81.58,67,29,38
2699,1729079,90.5408108108108,86.67,93.18,74,30,44
2700,1729709,92.1865625,90.32,93.94,64,31,33
2701,1730822,88.7297183098592,83.33,96.55,71,42,29
2702,1731013,87.72,90.32,84.62,57,31,26
2703,1731601,91.0437313432836,94.59,86.67,67,37,30
2704,1731794,92.3081538461538,96.77,88.24,65,31,34
2705,1731891,81.819696969697,79.41,84.38,66,34,32
2706,1732388,78.5744642857143,86.96,72.73,56,23,33
2707,1733218,84.8531818181818,85.19,84.62,66,27,39
2708,1733897,66.2125675675676,72.09,58.06,74,43,31
2709,1734333,79.1037313432836,91.67,72.09,67,24,43
2710,1734447,84.7222222222222,100,75,72,28,44
2711,1734636,91.491914893617,100,84.62,47,21,26
2712,1736606,72.972972972973,69.44,76.32,74,36,38
2713,1737190,61.9026984126984,61.76,62.07,63,34,29
2714,1737430,79.9976923076923,86.11,72.41,65,36,29
2715,1740369,82.8981578947368,86.96,76.67,76,46,30
2716,1740391,83.785,89.19,78.38,74,37,37
2717,1740411,70.4246478873239,63.16,78.79,71,38,33
2718,1742102,88.885,83.33,94.44,72,36,36
2719,1743185,83.1314457831325,77.5,88.37,83,40,43
2720,1743726,81.9416666666667,96.77,70.73,72,31,41
2721,1744314,72.8565714285714,88.89,55.88,70,36,34
2722,1744761,77.497,82.35,73.91,80,34,46
2723,1745232,90.2777777777778,87.5,93.75,72,40,32
2724,1745948,81.9634426229508,85.71,76.92,61,35,26
2725,1746784,68.6765060240964,64.29,73.17,83,42,41
2726,1747624,81.2528125,86.05,71.43,64,43,21
2727,1747870,80.5979104477612,77.14,84.38,67,35,32
2728,1748375,72.50325,69.05,76.32,80,42,38
2729,1749862,85.2917647058824,94.44,75,68,36,32
2730,1750026,82.7176543209877,82.93,82.5,81,41,40
2731,1750166,89.1609638554217,89.8,88.24,83,49,34
2732,1751389,91.5514084507042,100,80.65,71,40,31
2733,1751950,96.9218461538462,95.12,100,65,41,24
2734,1751977,96.0521052631579,95.45,96.88,76,44,32
2735,1754321,96.8246031746032,97.5,95.65,63,40,23
2736,1754583,85.5086956521739,81.82,88.89,69,33,36
2737,1754724,82.5446031746032,80.65,84.38,63,31,32
2738,1754741,84.002,86.67,80,75,45,30
2739,1756017,77.9667796610169,90.32,64.29,59,31,28
2740,1756053,83.3363636363636,93.55,74.29,66,31,35
2741,1757188,73.61,64.86,82.86,72,37,35
2742,1757415,79.4884615384616,73.17,86.49,78,41,37
2743,1758075,78.1259375,72.73,83.87,64,33,31
2744,1758368,78.2586956521739,73.17,85.71,69,41,28
2745,1759091,73.8473846153846,70.59,77.42,65,34,31
2746,1759130,77.6131343283582,81.82,73.53,67,33,34
2747,1759430,71.4304761904762,63.64,80,63,33,30
2748,1759657,80.0001818181818,79.31,80.77,55,29,26
2749,1760518,89.2821428571429,96.15,83.33,56,26,30
2750,1761223,88.235,94.12,82.35,68,34,34
2751,1761498,83.9496296296296,87.18,80.95,81,39,42
2752,1761670,83.5828358208955,75,93.55,67,36,31
2753,1762009,84.0012,75,92.31,75,36,39
2754,1762336,79.6878125,81.48,78.38,64,27,37
2755,1762548,93.2428378378378,90.32,95.35,74,31,43
2756,1763434,87.5008333333333,83.33,90.48,72,30,42
2757,1765042,52.3828571428571,45.16,59.38,63,31,32
2758,1765232,77.0473770491803,61.29,93.33,61,31,30
2759,1766058,96.77,96.77,96.77,62,31,31
2760,1766767,84.37375,72.22,100,64,36,28
2761,1768024,88.7141935483871,88.24,89.29,62,34,28
2762,1768040,91.4287142857143,92.31,90.32,70,39,31
2763,1768096,93.6480952380952,91.89,96.15,63,37,26
2764,1769526,88.5722857142857,92.31,83.87,70,39,31
2765,1770802,80.0009230769231,78.95,81.48,65,38,27
2766,1771419,80,83.33,78.38,55,18,37
2767,1771468,86.5376923076923,92,81.48,52,25,27
2768,1771663,73.5294117647059,80.56,65.62,68,36,32
2769,1771711,80.8782352941176,83.33,78.12,68,36,32
2770,1774352,86.5131460674157,89.47,84.31,89,38,51
2771,1775017,84.5092957746479,80,86.96,71,25,46
2772,1775024,84.9317808219178,82.86,86.84,73,35,38
2773,1775274,90.7902631578947,97.56,82.86,76,41,35
2774,1775850,89.1266304347826,93.02,85.71,92,43,49
2775,1777178,68.3326666666667,53.57,81.25,60,28,32
2776,1777268,87.1422857142857,78.12,94.74,70,32,38
2777,1778670,91.4317142857143,84.38,97.37,70,32,38
2778,1778757,94.9364556962025,93.33,95.92,79,30,49
2779,1778826,90.5669811320755,95.65,86.67,53,23,30
2780,1780450,81.0821621621622,80,81.82,74,30,44
2781,1781323,85.42,91.67,79.17,48,24,24
2782,1781857,88.4628205128205,78.95,97.5,78,38,40
2783,1782313,87.3033333333333,76.19,92.86,63,21,42
2784,1782587,95.4518181818182,93.33,97.22,66,30,36
2785,1783411,79.2206493506494,70.27,87.5,77,37,40
2786,1783984,64.6144615384615,77.78,55.26,65,27,38
2787,1784869,71.2525,83.87,63.27,80,31,49
2788,1785332,80.7228915662651,80,81.25,83,35,48
2789,1785473,78.0835616438356,81.48,76.09,73,27,46
2790,1785698,82.2798734177215,84.38,80.85,79,32,47
2791,1787718,80.3036363636364,88.89,70,66,36,30
2792,1788726,72.3076923076923,48,87.5,65,25,40
2793,1788900,84.7181944444444,85.71,83.78,72,35,37
2794,1789302,83.3309523809524,95.45,70,84,44,40
2795,1790949,84.7058823529412,80,90,85,45,40
2796,1791371,81.3572881355932,80.77,81.82,59,26,33
2797,1794042,91.8050819672131,92.31,91.43,61,26,35
2798,1795056,85.1336486486486,75.86,91.11,74,29,45
2799,1796535,75.3390410958904,79.41,71.79,73,34,39
2800,1797067,86.565671641791,82.76,89.47,67,29,38
2801,1797782,86.666,80,91.11,75,30,45
2802,1797855,74.3268918918919,74.36,74.29,74,39,35
2803,1797909,79.1020895522388,78.12,80,67,32,35
2804,1798402,92.1084210526316,92.86,91.67,76,28,48
2805,1799145,88.5277049180328,88.89,88.24,61,27,34
2806,1800131,83.0190566037736,81.82,83.87,53,22,31
2807,1800670,68.8875555555556,85.71,41.18,45,28,17
2808,1800675,54.2862857142857,61.54,50,35,13,22
2809,1800689,73.6859649122807,89.29,58.62,57,28,29
2810,1800783,86.6713333333334,84.38,89.29,60,32,28
2811,1801135,67.7446774193548,59.26,74.29,62,27,35
2812,1802454,66.6694736842105,77.78,56.67,57,27,30
2813,1802476,65.5773770491803,64.52,66.67,61,31,30
2814,1802505,75.00234375,86.49,59.26,64,37,27
2815,1802610,74.6282089552239,83.87,66.67,67,31,36
2816,1805431,80.5555555555556,87.5,75,72,32,40
2817,1805541,80.7680769230769,78.05,83.78,78,41,37
2818,1806105,69.7371052631579,66.67,72.97,76,39,37
2819,1806871,80.7234939759036,86.96,72.97,83,46,37
2820,1807427,77.9209090909091,83.67,67.86,77,49,28
2821,1807480,81.9249397590361,85.71,76.47,83,49,34
2822,1807693,88.1573684210526,90,86.11,76,40,36
2823,1808130,84.336265060241,88.37,80,83,43,40
2824,1808380,71.4315873015873,80.49,54.55,63,41,22
2825,1809748,69.8789156626506,68.89,71.05,83,45,38
2826,1810700,89.025,97.56,80.49,82,41,41
2827,1811459,74.6987951807229,77.78,71.05,83,45,38
2828,1811968,60.918275862069,47.62,73.33,87,42,45
2829,1812143,79.4543835616438,88.89,64.29,73,45,28
2830,1812558,87.8378378378378,88,87.5,74,50,24
2831,1814095,87.8772727272727,93.75,82.35,66,32,34
2832,1816100,74.664,76.92,72.22,75,39,36
2833,1816193,85.7166666666667,92.86,71.43,63,42,21
2834,1816704,85.3929213483146,82.61,88.37,89,46,43
2835,1817541,88.1598684210526,84.85,90.7,76,33,43
2836,1817580,93.1029885057471,93.48,92.68,87,46,41
2837,1817649,91.6664285714286,94.87,88.89,84,39,45
2838,1817934,81.3297333333333,74.19,86.36,75,31,44
2839,1818717,86.9571014492754,82.76,90,69,29,40
2840,1819064,85.2235227272727,76.74,93.33,88,43,45
2841,1819161,92.406835443038,89.66,94,79,29,50
2842,1819512,91.7839726027397,92.11,91.43,73,38,35
2843,1819813,92.534776119403,93.33,91.89,67,30,37
2844,1821068,67.1250684931507,59.38,73.17,73,32,41
2845,1821644,91.1379746835443,88.89,93.02,79,36,43
2846,1823083,93.1513698630137,100,84.85,73,40,33
2847,1823634,89.334,91.11,86.67,75,45,30
2848,1826245,84.0608695652174,75.76,91.67,69,33,36
2849,1827750,90.0002,92.59,86.96,50,27,23
2850,1827804,81.1343396226415,79.17,82.76,53,24,29
2851,1828719,77.0493442622951,80,75.61,61,20,41
2852,1829026,93.48,90.48,96,46,21,25
2853,1829977,87.2323404255319,76.92,100,47,26,21
2854,1830109,82.1423214285714,91.89,63.16,56,37,19
2855,1830765,81.9691803278689,77.27,84.62,61,22,39
2856,1830812,75.0006666666667,96.43,56.25,60,28,32
2857,1831917,90.74,96.97,80.95,54,33,21
2858,1831961,86.9550724637681,90.32,84.21,69,31,38
2859,1833335,86.7658823529412,91.89,80.65,68,37,31
2860,1833635,85.41625,92,78.26,48,25,23
2861,1834915,76.1185074626866,78.57,72,67,42,25
2862,1836039,68.3530379746835,66,72.41,79,50,29
2863,1836328,71.2134848484849,78.38,62.07,66,37,29
2864,1836869,85.51,97.06,74.29,69,34,35
2865,1836932,87.304126984127,91.18,82.76,63,34,29
2866,1837370,73.6870175438597,71.88,76,57,32,25
2867,1839655,84.6118681318681,84.78,84.44,91,46,45
2868,1839985,85.7118181818182,88.57,83.33,77,35,42
2869,1840081,92.857380952381,95.12,90.7,84,41,43
2870,1840613,74.65,74.29,75,71,35,36
2871,1842132,94.3170454545455,90,96.55,88,30,58
2872,1842629,87.3691578947368,86.49,87.93,95,37,58
2873,1843297,89.2853571428572,87.18,91.11,84,39,45
2874,1844706,94.382808988764,97.73,91.11,89,44,45
2875,1847473,84.4444444444444,90,80,90,40,50
2876,1847528,81.9153191489362,88.89,75.51,94,45,49
2877,1849093,75.808064516129,65.79,91.67,62,38,24
2878,1850660,75.6085365853659,80.95,70,82,42,40
2879,1851445,85.5562222222222,81.82,89.13,90,44,46
2880,1851910,68.865,73.58,64.15,106,53,53
2881,1852180,77.8914736842105,86.27,68.18,95,51,44
2882,1852449,79.9984210526316,87.27,70,95,55,40
2883,1852556,82.2222222222222,90,72.5,90,50,40
2884,1853287,78.0925714285714,85.96,68.75,105,57,48
2885,1853520,91.305652173913,97.92,84.09,92,48,44
2886,1856981,88.75075,92.68,84.62,80,41,39
2887,1857152,50.941320754717,69.23,33.33,53,26,27
2888,1857157,47.3659649122807,34.78,55.88,57,23,34
2889,1857226,81.6326530612245,86.96,76.92,49,23,26
2890,1857593,82.8577142857143,87.18,77.42,70,39,31
2891,1862021,52.5625641025641,50,55.26,78,40,38
2892,1862110,80.4122680412371,78.43,82.61,97,51,46
2893,1862443,83.6213793103448,74.58,92.98,116,59,57
2894,1863364,67.9011111111111,61.29,72,81,31,50
2895,1866036,82.8357462686567,80,84.81,134,55,79
2896,1866538,75.5247552447553,76.12,75,143,67,76
2897,1869062,85.9234074074074,87.8,83.02,135,82,53
2898,1869454,89.1007692307692,96.97,83.33,156,66,90
2899,1870353,82.0033333333333,83.08,81.18,150,65,85
2900,1874228,49.6117054263566,40.32,58.21,129,62,67
2901,1874394,70,81.43,58.57,140,70,70
2902,1874423,59.525,63.49,55.56,126,63,63
2903,1874667,81.4285714285714,87.5,75,140,72,68
2904,1874783,83.3330303030303,87.93,79.73,132,58,74
2905,1874800,81.295035971223,90.54,70.77,139,74,65
2906,1874914,79.5902040816326,80.88,78.48,147,68,79
2907,1875624,67.96828125,86.36,48.39,128,66,62
2908,1876012,91.6653333333333,92.86,90.62,120,56,64
2909,1876157,76.8680597014925,68.63,81.93,134,51,83
2910,1876732,66.1627819548872,69.49,63.51,133,59,74
2911,1876927,65.3343333333333,72.31,60,150,65,85
2912,1877281,82.518951048951,75.47,86.67,143,53,90
2913,1878093,85.7140909090909,89.55,82.76,154,67,87
2914,1878904,83.4566165413534,79.41,87.69,133,68,65
2915,1879627,80.3909803921569,80.3,80.46,153,66,87
2916,1879814,89.8895505617977,85.37,93.75,178,82,96
2917,1880500,79.1132911392405,79.73,78.57,158,74,84
2918,1882321,93.750125,92.31,95.12,160,78,82
2919,1882952,59.3344,71.43,43.94,150,84,66
2920,1883486,74.546,71.21,76.77,165,66,99
2921,1883636,80.9528571428571,76.32,84.78,168,76,92
2922,1886137,74.8415094339623,74.6,75,159,63,96
2923,1886764,78.8872222222222,79.07,78.72,180,86,94
2924,1886803,80.3379775280899,74.32,84.62,178,74,104
2925,1887202,53.3332727272727,53.97,52.94,165,63,102
2926,1887448,72.5829032258065,70.37,74.29,186,81,105
2927,1889125,78.3142168674699,71.01,83.51,166,69,97
2928,1890221,74.5222929936306,71.79,77.22,157,78,79
2929,1891008,86.7559602649007,87.69,86.05,151,65,86
2930,1892581,80.0031304347826,90.48,67.31,115,63,52
2931,1893362,77.6404347826087,74.03,80.95,161,77,84
2932,1893383,80.6458064516129,78.26,82.56,155,69,86
2933,1893487,73.7217518248175,83.56,62.5,137,73,64
2934,1893520,81.8833333333333,82.35,81.43,138,68,70
2935,1893757,79.122967032967,88.89,72.73,91,36,55
2936,1894470,69.5340625,72.86,65.52,128,70,58
2937,1896512,77.9888050314465,74.58,80,159,59,100
2938,1896902,82.6336842105263,85.56,80,190,90,100
2939,1898315,86.8142857142857,87.18,86.54,182,78,104
2940,1898608,74.6674,81.48,66.67,150,81,69
2941,1898629,83.9784615384615,79.17,88.1,156,72,84
2942,1899772,83.5276470588235,83.75,83.33,170,80,90
2943,1901127,78.121875,82.35,73.33,160,85,75
2944,1903074,75.74,68.54,83.75,169,89,80
2945,1903184,76.4691176470588,82.02,70.37,170,89,81
2946,1903236,78.6121387283237,80.21,76.62,173,96,77
2947,1903346,83.1087837837838,86.67,79.45,148,75,73
2948,1903891,71.5194936708861,74.36,68.75,158,78,80
2949,1908134,86.4854054054054,88.68,84.48,111,53,58
2950,1908181,75.8891489361702,72.73,79.69,141,77,64
2951,1908228,79.005635359116,79.12,78.89,181,91,90
2952,1908271,83.3327777777778,77.27,92.86,144,88,56
2953,1908348,66.0694047619048,69.07,61.97,168,97,71
2954,1908369,66.4728323699422,61.63,71.26,173,86,87
2955,1908650,81.8186713286713,83.72,78.95,143,86,57
2956,1909839,73.5969101123596,61.04,83.17,178,77,101
2957,1910177,64.0740718562874,60.87,66.33,167,69,98
2958,1911244,82.4584795321638,84.54,79.73,171,97,74
2959,1911709,84.3025,86.75,82.02,172,83,89
2960,1911767,84.7367368421053,83.7,85.71,190,92,98
2961,1911784,89.2195808383234,88.89,89.53,167,81,86
2962,1913983,82.8601428571428,79.49,87.1,140,78,62
2963,1916291,74.8280272108843,81.25,67.16,147,80,67
2964,1917280,78.0363005780347,76.64,80.3,173,107,66
2965,1919086,86.03,83.93,87.5,136,56,80
2966,1919907,87.0026,83.49,91.21,200,109,91
2967,1919944,90.1123076923077,89.22,91.25,182,102,80
2968,1920643,86.7637254901961,84.82,89.13,204,112,92
2969,1921401,68.47875,70.71,65.88,184,99,85
2970,1921714,79.3232692307692,73.03,84.03,208,89,119
2971,1923128,84.4191959798995,83.33,85.88,199,114,85
2972,1924369,83.4294285714286,84.71,82.22,175,85,90
2973,1924911,69.3678612716763,73.08,66.32,173,78,95
2974,1925498,79.7503797468354,81.4,77.78,158,86,72
2975,1925588,74.9997058823529,67.31,79.76,136,52,84
2976,1927636,92.9110638297872,95.24,91.03,141,63,78
2977,1928116,83.0294545454546,82.76,83.33,165,87,78
2978,1928571,67.8548571428571,77.94,58.33,140,68,72
2979,1930374,81.3333333333333,81.58,81.08,150,76,74
2980,1935539,87.8296825396825,87.5,88.17,189,96,93
2981,1935772,75.4421052631579,67.8,83.64,114,59,55
2982,1935794,92.3988888888889,92.31,92.5,171,91,80
2983,1936574,81.2218779342723,75.47,86.92,213,106,107
2984,1936612,88.3578082191781,87.38,90.7,146,103,43
2985,1937822,91.6669047619048,91.78,91.58,168,73,95
2986,1939696,86.3327329192547,78.87,92.22,161,71,90
2987,1943323,78.4206474820144,78.69,78.21,139,61,78
2988,1944657,90.4069178082192,89.87,91.04,146,79,67
2989,1945272,87.0755782312925,88.73,85.53,147,71,76
2990,1945948,92.411724137931,91.04,93.59,145,67,78
2991,1946701,58.0951428571429,46.81,67.24,105,47,58
2992,1948539,87.898152866242,93.33,82.93,157,75,82
2993,1948567,92.8124836601307,94.74,90.91,153,76,77
2994,1949106,86.5494152046784,90.7,82.35,171,86,85
2995,1950135,95.9984,97.1,95.06,150,69,81
2996,1950713,82.9467441860465,72.22,90.67,129,54,75
2997,1951580,88.06,89.71,86.36,134,68,66
2998,1953236,70.1061855670103,72.73,64.52,97,66,31
2999,1953793,80.1389361702128,77.19,82.14,141,57,84
3000,1956590,84.0009333333333,80.36,86.17,150,56,94
3001,1958086,83.0055555555555,83.53,82.35,153,85,68
3002,1958139,77.0720382165605,75.31,78.95,157,81,76
3003,1959524,91.1771323529412,92.31,90.14,136,65,71
3004,1960858,83.5515789473684,89.04,78.48,152,73,79
3005,1960975,80.1535114503817,86.96,76.47,131,46,85
3006,1961276,77.7728888888889,78.12,77.46,135,64,71
3007,1961380,85.4950381679389,84.85,86.15,131,66,65
3008,1961422,76.2564028776978,77.27,75.34,139,66,73
3009,1961801,92.3113846153846,92.65,91.94,130,68,62
3010,1963042,82.9631851851852,82.43,83.61,135,74,61
3011,1963103,87.9976,89.74,86.11,150,78,72
3012,1964067,81.8927586206896,85.71,78.33,116,56,60
3013,1964081,66.0199029126214,50,77.05,103,42,61
3014,1965405,83.4923300970874,81.48,85.71,103,54,49
3015,1966124,87.8031707317073,87.69,87.93,123,65,58
3016,1966782,74.0192125984252,81.36,67.65,127,59,68
3017,1967124,72.9300751879699,70.37,74.68,133,54,79
3018,1967377,82.3566386554622,80.6,84.62,119,67,52
3019,1967422,78.0142553191489,70.59,84.93,141,68,73
3020,1967547,87.2898305084746,93.75,82.86,118,48,70
3021,1967692,89.06,94.64,84.72,128,56,72
3022,1968548,71.0859036144578,68.63,75,83,51,32
3023,1969569,78.4486206896552,86.67,69.64,116,60,56
3024,1969782,62.2840350877193,63.64,61.02,114,55,59
3025,1969949,61.2605405405405,69.84,50,111,63,48
3026,1972511,74.4202325581395,76.09,72.5,86,46,40
3027,1972702,83.3313333333333,81.25,85.71,90,48,42
3028,1974047,81.25,85,77.5,80,40,40
3029,1974475,86.0418604651163,87.8,84.44,86,41,45
3030,1974523,95.1926923076923,94.83,95.65,104,58,46
3031,1974851,85.595,89.83,81.36,118,59,59
3032,1974885,87.9672222222222,94.29,76.32,108,70,38
3033,1976295,85.002875,88.24,79.31,80,51,29
3034,1976310,88.4607692307692,85,93.18,104,60,44
3035,1976901,89.6245283018868,87.72,91.84,106,57,49
3036,1976992,87.6251546391752,90.16,83.33,97,61,36
3037,1978054,95.7897894736842,91.49,100,95,47,48
3038,1978679,82.8972368421053,72.73,90.7,76,33,43
3039,1979138,86.8675757575758,80.39,93.75,99,51,48
3040,1979705,70.642752293578,71.15,70.18,109,52,57
3041,1980104,89.0112087912088,85.42,93.02,91,48,43
3042,1981195,92.3064835164835,95.35,89.58,91,43,48
3043,1982101,95.5056179775281,95.45,95.56,89,44,45
3044,1982245,88.0014,85.37,89.83,100,41,59
3045,1982643,87.1272277227723,81.25,92.45,101,48,53
3046,1983172,72.1530379746835,71.43,72.55,79,28,51
3047,1983735,86.7894339622642,84.78,88.33,106,46,60
3048,1984120,76.85,75,78.33,108,48,60
3049,1984306,82.1053684210526,79.55,84.31,95,44,51
3050,1984955,78.3513402061856,82.5,75.44,97,40,57
3051,1985245,83.5069072164949,79.07,87.04,97,43,54
3052,1986731,89.2113725490196,90.24,88.52,102,41,61
3053,1988335,87.7545918367347,80.49,92.98,98,41,57
3054,1988680,79.269756097561,78.26,80.56,82,46,36
3055,1990169,90.8054022988506,90.91,90.77,87,22,65
3056,1990855,91.3801724137931,80.95,97.3,116,42,74
3057,1991620,78.4944086021505,78.38,78.57,93,37,56
3058,1991650,81.6095402298851,89.19,76,87,37,50
3059,1991815,86.7319387755102,84.31,89.36,98,51,47
3060,1992188,70.0005,51.43,80,100,35,65
3061,1992209,56.9887096774194,51.11,62.5,93,45,48
3062,1992541,87.9157142857143,77.78,94.55,91,36,55
3063,1993168,93.5509677419355,100,89.29,93,37,56
3064,1993662,87,82.5,90,100,40,60
3065,1994419,83.3346666666667,92.86,75,90,42,48
3066,1994828,94.3381132075472,94.64,94,106,56,50
3067,1995064,82.6560204081633,90.2,74.47,98,51,47
3068,1995272,88.1211881188119,88.24,88,101,51,50
3069,1996962,89.16725,94.03,83.02,120,67,53
3070,1997354,73.998,89.23,45.71,100,65,35
3071,1998410,68.6305882352941,47.92,87.04,102,48,54
3072,2000009,88.3737209302326,85.94,90.77,129,64,65
3073,2000281,80.85,93.75,53.33,94,64,30
3074,2001013,86.2104310344828,86.96,85.11,116,69,47
3075,2001173,89.1070297029703,94,84.31,101,50,51
3076,2001527,84.7425423728813,88.52,80.7,118,61,57
3077,2003174,78.4333333333333,82.86,68.75,102,70,32
3078,2003733,92.1068421052632,89.29,93.75,76,28,48
3079,2003973,89.6072727272727,83.33,97.14,77,42,35
3080,2005568,69.4910169491525,58.93,79.03,118,56,62
3081,2005987,82.6078260869565,59.46,98.18,92,37,55
3082,2006181,52.9382352941176,42.22,61.4,102,45,57
3083,2008218,89.5523880597015,86.11,93.55,67,36,31
3084,2008354,66.1550769230769,67.74,64.71,65,31,34
3085,2008939,90.4719047619048,87.23,94.59,84,47,37
3086,2009224,77.7786111111111,73.53,81.58,72,34,38
3087,2010297,90.54,93.02,87.1,74,43,31
3088,2010793,94.8038961038961,97.06,93.02,77,34,43
3089,2011022,91.8940540540541,90.48,93.75,74,42,32
3090,2011181,91.3974193548387,90.24,92.31,93,41,52
3091,2011248,90.5701886792453,96.3,84.62,53,27,26
3092,2011550,90.0014285714286,100,76.67,70,40,30
3093,2012017,84.8809302325581,86.84,83.33,86,38,48
3094,2012607,86.9078571428571,87.04,86.67,84,54,30
3095,2013205,93.2602247191011,91.84,95,89,49,40
3096,2013292,93.4071428571428,92.31,94.87,91,52,39
3097,2013964,85.105,80.85,89.36,94,47,47
3098,2014865,90.1132967032967,89.66,90.91,91,58,33
3099,2016165,90.6744915254237,89.47,91.8,118,57,61
3100,2016222,87,80,94,100,50,50
3101,2017119,84.8094936708861,82.05,87.5,79,39,40
3102,2017218,78.7207446808511,82.05,76.36,94,39,55
3103,2017505,91.398064516129,87.5,94.34,93,40,53
3104,2017706,97.8522580645161,97.78,97.92,93,45,48
3105,2018027,95.049900990099,94.23,95.92,101,52,49
3106,2018152,90.909494949495,89.36,92.31,99,47,52
3107,2018500,87.7350943396226,89.8,85.96,106,49,57
3108,2019104,89.2465591397849,91.89,87.5,93,37,56
3109,2020544,81.3948837209302,86.11,78,86,36,50
3110,2021609,80.7669230769231,83.33,78.57,78,36,42
3111,2021739,86.5174157303371,93.75,78.05,89,48,41
3112,2022592,92.3813333333333,92.68,92.19,105,41,64
3113,2022955,96.9068041237113,96.88,96.92,97,32,65
3114,2023375,85.7165476190476,80.65,88.68,84,31,53
3115,2026581,92.4070886075949,97.44,87.5,79,39,40
3116,2026677,84.0009333333333,82.35,85.37,75,34,41
3117,2027911,76.9267948717949,64.52,85.11,78,31,47
3118,2028844,91.2495,96.43,88.46,80,28,52
3119,2029713,76.0595774647887,77.78,74.29,71,36,35
3120,2030517,83.5444303797468,89.29,80.39,79,28,51
3121,2031218,73.8461538461538,60,80,65,20,45
3122,2031938,78.9484210526316,77.78,80,95,45,50
3123,2032775,90.54,85.71,93.48,74,28,46
3124,2033523,87.6684931506849,94.44,81.08,73,36,37
3125,2034021,91.8894594594595,100,85.71,74,32,42
3126,2034749,78.9457894736842,73.53,83.33,76,34,42
3127,2036256,85.5073913043478,74.19,94.74,69,31,38
3128,2036358,85.8842352941176,75.68,93.75,85,37,48
3129,2036445,84.7255555555556,64.29,97.73,72,28,44
3130,2036526,78.7259574468085,61.11,89.66,47,18,29
3131,2036906,74.24,61.29,85.71,66,31,35
3132,2038141,87.0977419354839,72.73,95,62,22,40
3133,2038879,88.8886111111111,88.57,89.19,72,35,37
3134,2039680,81.4814814814815,71.05,90.7,81,38,43
3135,2039909,77.27,68.18,86.36,88,44,44
3136,2040121,82.668,77.78,87.18,75,36,39
3137,2040856,83.5627397260274,84.62,82.35,73,39,34
3138,2041023,81.8194805194805,81.4,82.35,77,43,34
3139,2042163,80.7674358974359,86.36,73.53,78,44,34
3140,2042300,77.6602127659574,80.77,73.81,94,52,42
3141,2042664,83.0166037735849,85.71,80,106,56,50
3142,2044159,63.885,69.44,58.33,72,36,36
3143,2045159,90.14,93.94,86.84,71,33,38
3144,2045474,85.9824299065421,88.46,83.64,107,52,55
3145,2045957,69.564347826087,75.86,65,69,29,40
3146,2045962,59.9981818181818,56,63.33,55,25,30
3147,2046906,92.86,92.86,92.86,84,42,42
3148,2047389,89.583125,90,89.13,96,50,46
3149,2047964,93.6710126582279,91.89,95.24,79,37,42
3150,2048090,82.9540909090909,78.43,89.19,88,51,37
3151,2049441,72.2230555555555,86.96,46.15,36,23,13
3152,2049446,76.4711764705882,61.11,84.85,51,18,33
3153,2050388,83.3303846153846,97.14,72.09,78,35,43
3154,2050889,90.6650666666667,94.12,87.8,75,34,41
3155,2051318,87.2381914893617,86.67,87.76,94,45,49
3156,2052018,83.7255813953488,88.1,79.55,86,42,44
3157,2052632,78.750875,78.38,79.07,80,37,43
3158,2052746,85.1840740740741,94.87,76.19,81,39,42
3159,2054825,89.1568674698795,83.33,93.62,83,36,47
3160,2055377,63.9997333333333,46.88,76.74,75,32,43
3161,2055571,52.75,50,54.55,91,36,55
3162,2057656,75.2697849462366,81.58,70.91,93,38,55
3163,2057773,83.5820895522388,77.78,90.32,67,36,31
3164,2058747,69.51,65.85,73.17,82,41,41
3165,2058753,70.2712162162162,72.34,66.67,74,47,27
3166,2059881,69.8936559139785,63.27,77.27,93,49,44
3167,2059952,68.6771084337349,55,81.4,83,40,43
3168,2060163,62.8184615384615,50,70.83,78,30,48
3169,2062156,71.6193243243243,82.22,55.17,74,45,29
3170,2062390,70.7874157303371,72.34,69.05,89,47,42
3171,2063366,95.3516279069767,97.73,92.86,86,44,42
3172,2066951,81.6884507042254,83.33,80,71,36,35
3173,2067164,82.1011578947368,80.43,83.67,95,46,49
3174,2068919,91.3035869565217,86.67,95.74,92,45,47
3175,2070518,64.7041176470588,65.62,63.89,68,32,36
3176,2070524,46.87421875,46.51,47.62,64,43,21
3177,2070640,85.715,83.33,88.1,84,42,42
3178,2070964,85,74.29,93.33,80,35,45
3179,2073251,88.2359803921569,89.8,86.79,102,49,53
3180,2073795,83.8343434343434,73.68,90.16,99,38,61
3181,2074647,84.8445454545455,86.27,83.33,99,51,48
3182,2076597,88.0034666666667,84.38,90.7,75,32,43
3183,2076921,86.3132631578947,83.33,89.36,95,48,47
3184,2077151,88.3008510638298,91.94,81.25,94,62,32
3185,2077248,94.2554022988506,90.7,97.73,87,43,44
3186,2078556,84.7233333333333,79.17,87.5,72,24,48
3187,2078921,91.18,88.24,94.12,68,34,34
3188,2079405,79.2671951219512,77.42,80.39,82,31,51
3189,2079984,81.0514736842105,84.09,78.43,95,44,51
3190,2080036,89.7695454545455,94.87,85.71,88,39,49
3191,2080104,76.9986,84.78,70.37,100,46,54
3192,2080294,85.365,90.24,80.49,82,41,41
3193,2081314,76.25,70,82.5,80,40,40
3194,2081664,73.0734615384615,72.41,73.91,52,29,23
3195,2082027,65.7513698630137,73.53,58.97,73,34,39
3196,2083980,81.4305714285714,79.07,85.19,70,43,27
3197,2085247,69.1170588235294,68.42,70,68,38,30
3198,2086843,80.8508510638298,95,70.37,47,20,27
3199,2086940,75,80,70,40,20,20
3200,2087588,48.2755172413793,42.86,53.33,29,14,15
3201,2088251,26.9219230769231,42.86,21.05,26,7,19
3202,2088456,58.3325,66.67,53.33,24,9,15
3203,2088575,84.6153846153846,90,81.25,26,10,16
3204,2088683,48.2737931034483,35.71,60,29,14,15
3205,2090498,87.1454285714286,92.11,81.25,70,38,32
3206,2090767,83.8729032258065,88.24,78.57,62,34,28
3207,2091621,72.9425882352941,74.42,71.43,85,43,42
3208,2092927,92.4041772151899,90,94.87,79,40,39
3209,2094067,86.8150549450549,85.37,88,91,41,50
3210,2094714,56.8163636363636,40,70.83,88,40,48
3211,2095491,81.085,86.49,75.68,74,37,37
3212,2098882,85.5776923076923,87.5,83.93,104,48,56
3213,2101187,86.6697777777778,93.48,79.55,90,46,44
3214,2103818,67.3281188118812,60.38,75,101,53,48
3215,2104282,83.2105839416058,79.45,87.5,137,73,64
3216,2107850,87.9062903225807,81.54,94.92,124,65,59
3217,2107878,82.6438842975207,80.26,86.67,121,76,45
3218,2110134,84.7577142857143,83.33,85.96,105,48,57
3219,2110732,96.4313392857143,98.31,94.34,112,59,53
3220,2111530,82.650612244898,85.45,79.07,98,55,43
3221,2113017,82.98,91.49,74.47,94,47,47
3222,2113227,79.7865957446808,81.13,78.05,94,53,41
3223,2114546,73.913768115942,75.61,71.43,138,82,56
3224,2114885,83.0773076923077,86.3,78.95,130,73,57
3225,2116932,86.4065048543689,86.79,86,103,53,50
3226,2118264,78.1019708029197,77.63,78.69,137,76,61
3227,2119010,81.0812162162162,87.21,72.58,148,86,62
3228,2119926,91.2432116788321,88.06,94.29,137,67,70
3229,2120044,89.1148979591837,91.55,86.84,147,71,76
3230,2121215,93.6796842105263,90.38,97.67,95,52,43
3231,2123219,92.2474418604651,90.16,94.12,129,61,68
3232,2124604,71.2782978723404,56.1,83.02,94,41,53
3233,2125901,75.8271428571429,86.67,65.22,91,45,46
3234,2125917,85.7147619047619,93.18,80.33,105,44,61
3235,2126839,88.0373504273504,83.61,92.86,117,61,56
3236,2128136,62.6475903614458,82.05,45.45,83,39,44
3237,2128510,86.9156074766355,82.26,93.33,107,62,45
3238,2131208,73.95875,63.64,82.69,96,44,52
3239,2132782,88.4610256410257,86.36,91.18,78,44,34
3240,2139059,89.6590804597701,88.14,92.86,87,59,28
3241,2139147,93.1513698630137,91.18,94.87,73,34,39
3242,2140609,93.7495,86.11,100,80,36,44
3243,2141005,91.7618823529412,93.18,90.24,85,44,41
3244,2141240,90.8027586206897,84.78,97.56,87,46,41
3245,2141699,90.8057471264368,86,97.3,87,50,37
3246,2142335,86.3042465753425,74.29,97.37,73,35,38
3247,2142733,90.9127272727273,87.04,95.56,99,54,45
3248,2147832,86.0483720930233,84.09,88.1,86,44,42
3249,2148669,86.36375,88.89,83.72,88,45,43
3250,2148927,33.3344827586207,35.56,30.95,87,45,42
3251,2150816,87.3598850574713,88.64,86.05,87,44,43
3252,2151212,98.6857894736842,100,97.73,76,32,44
3253,2151430,94.8685897435897,94.59,95.12,78,37,41
3254,2151882,92.2085714285714,93.94,90.91,77,33,44
3255,2152258,96.251,97.44,95.12,80,39,41
3256,2152309,91.9989333333333,94.12,90.24,75,34,41
3257,2152963,90.63,96.88,84.38,64,32,32
3258,2154488,66.0032,63.64,67.86,50,22,28
3259,2154585,84.7815217391304,80.95,88,46,21,25
3260,2155688,89.05859375,85.71,93.1,64,35,29
3261,2156701,90.275,94.44,86.11,72,36,36
3262,2157091,95.59,94.12,97.06,68,34,34
3263,2157901,73.438125,66.67,79.41,64,30,34
3264,2158953,85.7122857142857,81.25,89.47,70,32,38
3265,2159547,89.9981428571429,83.78,96.97,70,37,33
3266,2160203,79.6878125,81.48,78.38,64,27,37
3267,2160276,82.6117391304348,84.85,80.56,69,33,36
3268,2162664,91.2282456140351,88.46,93.55,57,26,31
3269,2162797,94.9122033898305,97.22,91.3,59,36,23
3270,2163052,76.1906349206349,79.07,70,63,43,20
3271,2164221,83.6389090909091,77.78,94.74,55,36,19
3272,2164352,83.5657534246575,81.4,86.67,73,43,30
3273,2165064,93.8486153846154,88.24,100,65,34,31
3274,2165501,84.7474576271186,75,96.3,59,32,27
3275,2165679,84.9064150943396,71.43,100,53,28,25
3276,2166546,84.6178846153846,84,85.19,52,25,27
3277,2167536,73.7696721311475,77.27,64.71,61,44,17
3278,2168553,84.21,82.05,88.89,57,39,18
3279,2168778,76.4682352941176,81.48,70.83,51,27,24
3280,2168939,80.9547619047619,81.25,80.65,63,32,31
3281,2169107,85.9359375,90,82.35,64,30,34
3282,2170343,97.4374358974359,94.74,100,39,19,20
3283,2171369,81.0341379310345,82.35,79.17,58,34,24
3284,2172636,81.6340816326531,78.79,87.5,49,33,16
3285,2172848,81.818,78.79,86.36,55,33,22
3286,2172887,70.730487804878,60.87,83.33,41,23,18
3287,2173504,89.7446153846154,88,92.86,39,25,14
3288,2174132,83.3322916666667,72,95.65,48,25,23
3289,2175512,82.6084782608696,77.78,89.47,46,27,19
3290,2176077,82.8925,70.73,97.14,76,41,35
3291,2176222,59.0921212121212,44.12,75,66,34,32
3292,2176326,71.25175,71.43,70.97,80,49,31
3293,2178101,85.4798387096774,87.8,80.95,62,41,21
3294,2178158,87.2984126984127,82.35,93.1,63,34,29
3295,2178216,90.4752380952381,87.18,95.83,63,39,24
3296,2179624,83.9285714285714,87.5,81.25,56,24,32
3297,2180765,82.7598275862069,88,78.79,58,25,33
3298,2181432,82.6076086956522,80.95,84,46,21,25
3299,2183398,92.3081538461538,90.91,93.75,65,33,32
3300,2183439,82.8572857142857,68.97,92.68,70,29,41
3301,2183566,87.0136363636364,85.71,88.1,77,35,42
3302,2183813,88.0550746268657,90.62,85.71,67,32,35
3303,2183872,83.875,80.65,87.1,62,31,31
3304,2184281,89.0423287671233,83.87,92.86,73,31,42
3305,2184343,94.5909459459459,96.77,93.02,74,31,43
3306,2185378,65.5208620689655,62.86,69.57,58,35,23
3307,2185390,84.9313698630137,81.58,88.57,73,38,35
3308,2185865,84.0582608695652,81.82,86.11,69,33,36
3309,2186642,82.81,75,86.36,64,20,44
3310,2188425,78.1809090909091,41.67,88.37,55,12,43
3311,2190148,87.933275862069,88.89,87.1,58,27,31
3312,2191264,82.0849253731343,78.12,85.71,67,32,35
3313,2191435,90.5435135135135,92.11,88.89,74,38,36
3314,2191751,89.4736842105263,92,87.5,57,25,32
3315,2192166,78.3336666666667,88.46,70.59,60,26,34
3316,2192335,89.651724137931,85.71,95.65,58,35,23
3317,2192409,94.3396226415094,88,100,53,25,28
3318,2193378,80.3566071428571,76,83.87,56,25,31
3319,2193954,91.0732142857143,93.94,86.96,56,33,23
3320,2194433,94.544,90.32,100,55,31,24
3321,2195990,70.8329166666667,75.86,63.16,48,29,19
3322,2196679,84.1290476190476,90.91,76.67,63,33,30
3323,2196726,80.0044615384615,85.19,76.32,65,27,38
3324,2197752,83.0770769230769,72.41,91.67,65,29,36
3325,2197892,85.9359375,82.35,90,64,34,30
3326,2198142,89.2842857142857,88,90.32,56,25,31
3327,2199972,95.5219402985075,94.87,96.43,67,39,28
3328,2200795,83.0520338983051,84.85,80.77,59,33,26
3329,2201782,93.4447540983607,85.19,100,61,27,34
3330,2202600,88.0579104477612,86.11,90.32,67,36,31
3331,2202755,86.6641666666667,85.71,88,60,35,25
3332,2202910,87.0414814814815,89.29,84.62,54,28,26
3333,2202997,83.0803076923077,84.38,81.82,65,32,33
3334,2203390,90.7366666666667,94.59,82.35,54,37,17
3335,2203593,90.77,90,91.43,65,30,35
3336,2204857,95.0811475409836,96.55,93.75,61,29,32
3337,2205818,92.5361194029851,100,86.84,67,29,38
3338,2206096,90.9115151515151,93.75,88.24,66,32,34
3339,2206885,92.7517391304348,94.44,90.91,69,36,33
3340,2208089,86.765,79.41,94.12,68,34,34
3341,2210140,90.7931578947368,92.86,88.24,76,42,34
3342,2210919,79.105223880597,71.43,87.5,67,35,32
3343,2211528,88.89,85.37,95.45,63,41,22
3344,2211720,89.0413698630137,89.74,88.24,73,39,34
3345,2211840,84.9295890410959,89.47,80,73,38,35
3346,2211915,77.9227272727273,82.93,72.22,77,41,36
3347,2212138,88.0579104477612,86.11,90.32,67,36,31
3348,2212532,90.1421126760563,91.89,88.24,71,37,34
3349,2212992,80.002,88.89,72.73,40,18,22
3350,2215629,95.3476744186047,95.65,95,43,23,20
3351,2215783,94.2307692307692,100,88,52,27,25
3352,2216203,91.8383673469388,91.67,92,49,24,25
3353,2216647,78.2630434782609,62.5,86.67,46,16,30
3354,2219582,79.9993333333333,77.27,82.61,45,22,23
3355,2220097,69.6990909090909,88.89,46.67,66,36,30
3356,2220299,85.247868852459,88.24,81.48,61,34,27
3357,2220563,85.9121126760563,84.44,88.46,71,45,26
3358,2220596,88.0006,87.1,89.47,50,31,19
3359,2221015,79.3124137931034,77.78,81.82,58,36,22
3360,2221211,85.7158571428571,92.31,77.42,70,39,31
3361,2223178,83.0538983050848,78.95,90.48,59,38,21
3362,2224102,81.9645901639344,90.24,65,61,41,20
3363,2224196,82.1423214285714,87.88,73.91,56,33,23
3364,2224637,56.715223880597,64.86,46.67,67,37,30
3365,2224681,50.001935483871,53.66,42.86,62,41,21
3366,2224828,78.7863636363636,80.95,75,66,42,24
3367,2225333,89.9994,93.94,82.35,50,33,17
3368,2226866,85.715,94.29,77.14,70,35,35
3369,2226884,83.334696969697,88,80.49,66,25,41
3370,2227646,80.5533333333333,84,78.72,72,25,47
3371,2227796,90,95,87.5,60,20,40
3372,2227863,90.7917105263158,100,85.11,76,29,47
3373,2227991,81.8192727272727,93.75,65.22,55,32,23
3374,2228061,89.6067532467532,89.47,89.74,77,38,39
3375,2228551,68.1159420289855,56,75,69,25,44
3376,2228849,76.9253846153846,74.29,80,65,35,30
3377,2229544,93.9354545454545,94.44,93.33,66,36,30
3378,2229766,84.5057746478873,91.89,76.47,71,37,34
3379,2230414,87.835,94.59,81.08,74,37,37
3380,2230537,88.0024,81.82,92.86,50,22,28
3381,2230611,93.9424242424242,92.86,94.74,66,28,38
3382,2230742,92.18703125,83.87,100,64,31,33
3383,2232902,97.1014492753623,96.43,97.56,69,28,41
3384,2233074,81.1354716981132,86.96,76.67,53,23,30
3385,2233499,93.9988,95.24,93.1,50,21,29
3386,2233856,90.9127272727273,95.24,88.24,55,21,34
3387,2234200,84.784347826087,88.89,78.95,46,27,19
3388,2234253,90.3222580645161,93.75,89.13,62,16,46
3389,2235387,75.467358490566,85.29,57.89,53,34,19
3390,2237405,76.3908333333333,76.32,76.47,72,38,34
3391,2238309,89.8303389830509,93.33,86.21,59,30,29
3392,2239356,90.1421126760563,91.43,88.89,71,35,36
3393,2240076,79.013950617284,82.93,75,81,41,40
3394,2242806,88.1539473684211,83.33,91.3,76,30,46
3395,2243046,85.2652631578947,87.5,83.64,95,40,55
3396,2244380,90.00125,97.78,80,80,45,35
3397,2244767,87.3547126436782,82.86,90.38,87,35,52
3398,2245295,89.2278461538461,91.89,85.71,65,37,28
3399,2245488,91.6673333333333,87.5,96.43,60,32,28
3400,2245532,84.9071698113208,100,66.67,53,29,24
3401,2247067,94.2278846153846,96.55,91.3,52,29,23
3402,2247665,84.4858620689655,92.86,76.67,58,28,30
3403,2247718,81.9454166666667,74.36,90.91,72,39,33
3404,2247798,92.7552173913044,95.24,88.89,69,42,27
3405,2247836,85.1386486486487,92.11,77.78,74,38,36
3406,2248704,81.4822222222222,82.76,80,54,29,25
3407,2249132,75.6754054054054,76.19,75,74,42,32
3408,2251083,86.5361538461539,95.83,78.57,52,24,28
3409,2251412,75,75,75,56,28,28
3410,2252141,87.8812121212121,87.5,88.24,66,32,34
3411,2253332,81.97,72.73,92.86,61,33,28
3412,2254458,90.7672307692308,90.91,90.62,65,33,32
3413,2254845,91.5271186440678,87.5,96.3,59,32,27
3414,2255326,85.001,86.21,83.87,60,29,31
3415,2255443,93.3333333333333,90,100,60,40,20
3416,2255556,95.9986,92.59,100,50,27,23
3417,2255917,95.915306122449,95.65,96.15,49,23,26
3418,2256138,84.3162745098039,86.21,81.82,51,29,22
3419,2256389,83.3322222222222,88.46,70,36,26,10
3420,2256839,85.9657894736842,87.5,84.85,57,24,33
3421,2257252,77.5,89.47,66.67,40,19,21
3422,2257716,81.6304081632653,95.45,70.37,49,22,27
3423,2258212,87.5,100,75,24,12,12
3424,2258881,80.9533333333333,80,81.82,42,20,22
3425,2259341,88.2352941176471,100,75,34,18,16
3426,2259840,80.435,81.48,78.95,46,27,19
3427,2259922,93.48,96,90.48,46,25,21
3428,2260305,64.285,85.71,42.86,42,21,21
3429,2260496,91.3023913043478,96,85.71,46,25,21
3430,2263045,81.6322448979592,66.67,90.32,49,18,31
3431,2263471,94.3403773584906,93.75,95.24,53,32,21
3432,2264124,81.6336734693878,80.77,82.61,49,26,23
3433,2265937,88.8866666666667,89.47,88,63,38,25
3434,2266934,76.0576056338028,80.49,70,71,41,30
3435,2267960,87.9973333333333,89.36,85.71,75,47,28
3436,2268763,88.3127272727273,91.84,82.14,77,49,28
3437,2269746,81.1332075471698,78.38,87.5,53,37,16
3438,2270172,90.3253225806452,90.91,89.66,62,33,29
3439,2270351,87.3240845070422,84.21,90.91,71,38,33
3440,2271808,92.185,90.62,93.75,64,32,32
3441,2273056,86.2729411764706,96,76.92,51,25,26
3442,2273116,75.4732075471698,72.73,77.42,53,22,31
3443,2273288,81.482037037037,87.1,73.91,54,31,23
3444,2273432,79.5897959183673,77.27,81.48,49,22,27
3445,2274406,93.75,96.88,90.62,64,32,32
3446,2274595,89.55,93.75,85.71,67,32,35
3447,2274674,90.1683606557377,94.29,84.62,61,35,26
3448,2274797,81.0386206896552,90.48,75.68,58,21,37
3449,2275594,93.8421538461538,94.44,93.1,65,36,29
3450,2276043,92.5951851851852,92.86,92.31,54,28,26
3451,2276336,83.0181132075472,82.76,83.33,53,29,24
3452,2276788,91.9322580645161,94.44,88.46,62,36,26
3453,2277372,83.5779104477612,87.8,76.92,67,41,26
3454,2277412,81.9436111111111,81.58,82.35,72,38,34
3455,2277632,82.6936538461538,82.61,82.76,52,23,29
3456,2279295,59.1818367346939,51.85,68.18,49,27,22
3457,2280663,90.3871153846154,91.43,88.24,52,35,17
3458,2280741,86.21,82.76,89.66,58,29,29
3459,2281723,72.4158620689655,64.29,80,29,14,15
3460,2283266,85.7140816326531,95,79.31,49,20,29
3461,2283601,93.9988,95.24,93.1,50,21,29
3462,2283841,82.4584210526316,79.17,84.85,57,24,33
3463,2284241,90.7424074074074,96,86.21,54,25,29
3464,2284718,87.719649122807,89.66,85.71,57,29,28
3465,2285340,82.4995,72.22,90.91,40,18,22
3466,2285726,84.0008,81.48,86.96,50,27,23
3467,2286232,83.7827027027027,83.33,84,37,12,25
3468,2287387,94.5951351351351,100,88.89,37,19,18
3469,2287811,88.3341666666667,91.43,84,60,35,25
3470,2288337,98.3598360655738,100,96.55,61,32,29
3471,2288680,87.7544897959184,81.82,92.59,49,22,27
3472,2289020,84.85,88.57,80.65,66,35,31
3473,2289397,80.3578571428571,78.26,81.82,56,23,33
3474,2290363,81.6328571428571,77.78,83.87,49,18,31
3475,2290761,84.2105263157895,80,87.5,57,25,32
3476,2291084,77.5879310344828,100,62.86,58,23,35
3477,2291099,72.5472549019608,71.43,72.97,51,14,37
3478,2291114,81.0360344827586,92,72.73,58,25,33
3479,2291589,87.0366666666667,78.57,90,54,14,40
3480,2292162,82.9763829787234,95,74.07,47,20,27
3481,2293547,81.6663333333333,89.47,78.05,60,19,41
3482,2294096,79.6598305084746,90.62,66.67,59,32,27
3483,2294190,86.9578260869565,93.55,81.58,69,31,38
3484,2294496,79.3653968253968,81.25,77.42,63,32,31
3485,2294914,85.7165306122449,69.23,91.67,49,13,36
3486,2295160,84.9067924528302,100,78.38,53,16,37
3487,2295758,84.5115492957747,89.29,81.4,71,28,43
3488,2300369,85.4516363636364,75.86,96.15,55,29,26
3489,2300414,78.8426923076923,73.33,86.36,52,30,22
3490,2301118,81.967868852459,75,87.88,61,28,33
3491,2301304,86.5388461538462,86.67,86.36,52,30,22
3492,2301357,88.8896296296296,81.82,93.75,54,22,32
3493,2301369,82.1408928571428,74.19,92,56,31,25
3494,2302161,94.4459259259259,86.96,100,54,23,31
3495,2302242,73.4657142857143,73.33,73.68,49,30,19
3496,2302257,69.23,57.69,80.77,52,26,26
3497,2302314,80.3557142857143,72.73,85.29,56,22,34
3498,2302395,89.6551724137931,100,81.25,58,26,32
3499,2302611,80.002,79.17,80.77,50,24,26
3500,2303226,84.8451515151515,79.41,90.62,66,34,32
3501,2303277,83.335,78.79,87.88,66,33,33
3502,2303388,72.8545714285714,61.11,85.29,70,36,34
3503,2303508,85.2437704918033,79.41,92.59,61,34,27
3504,2303571,78.5682857142857,72.22,85.29,70,36,34
3505,2303580,77.6101492537314,73.68,82.76,67,38,29
3506,2304411,89.7930612244898,88.46,91.3,49,26,23
3507,2304587,77.0267567567568,70.73,84.85,74,41,33
3508,2305011,91.6675,90.48,93.33,72,42,30
3509,2306665,80.3947058823529,52.63,96.88,51,19,32
3510,2308795,56.6643333333333,54.05,60.87,60,37,23
3511,2308935,77.7757142857143,70.37,83.33,63,27,36
3512,2311137,78.7887878787879,70.59,87.5,66,34,32
3513,2311417,79.367619047619,76.32,84,63,38,25
3514,2312393,80,75.76,86.36,55,33,22
3515,2313538,88.8914814814815,89.66,88,54,29,25
3516,2314120,83.875,80.65,87.1,62,31,31
3517,2314708,89.2833928571429,80,96.77,56,25,31
3518,2315035,87.5,78.12,96.88,64,32,32
3519,2315465,80.3259016393443,82.76,78.12,61,29,32
3520,2315673,81.2484375,80,82.35,64,30,34
3521,2315828,77.9620338983051,62.96,90.62,59,27,32
3522,2316432,79.2665853658537,83.33,75,82,42,40
3523,2316476,86.3632954545455,85.11,87.8,88,47,41
3524,2316941,85.054367816092,81.63,89.47,87,49,38
3525,2317175,91.1758823529412,91.67,90.62,68,36,32
3526,2317304,89.5513432835821,95.12,80.77,67,41,26
3527,2317570,92.6853658536585,93.48,91.67,82,46,36
3528,2317650,86.4856756756757,95.35,74.19,74,43,31
3529,2317843,93.334,91.67,94.87,75,36,39
3530,2318026,89.858115942029,88.24,91.43,69,34,35
3531,2319087,81.3313333333333,77.5,85.71,75,40,35
3532,2321560,85.2445901639344,93.33,77.42,61,30,31
3533,2322127,86.7635294117647,82.14,90,68,28,40
3534,2322901,73.9701369863014,70,76.74,73,30,43
3535,2323333,90.3851923076923,88.89,92,52,27,25
3536,2323574,80.7682692307692,93.55,61.9,52,31,21
3537,2324158,85.1336486486486,86.21,84.44,74,29,45
3538,2324242,94.5939189189189,100,91.11,74,29,45
3539,2325051,82.5613953488372,79.49,85.11,86,39,47
3540,2325371,79.746329113924,83.72,75,79,43,36
3541,2325615,94.9372151898734,94.74,95.12,79,38,41
3542,2325763,65.718,64.71,66.67,70,34,36
3543,2325946,94.6648,89.74,100,75,39,36
3544,2326518,87.8751515151515,83.78,93.1,66,37,29
3545,2326551,86.3639393939394,82.86,90.32,66,35,31
3546,2326579,81.0824324324324,84.85,78.05,74,33,41
3547,2326685,98.5513043478261,100,97.06,69,35,34
3548,2327515,93.2225423728813,92.86,93.55,59,28,31
3549,2328420,81.248875,90.32,75.51,80,31,49
3550,2329058,79.2184415584416,89.74,68.42,77,39,38
3551,2329077,86.9547826086957,86.36,87.5,92,44,48
3552,2329914,91.0077528089888,84.78,97.67,89,46,43
3553,2330678,82.6086956521739,100,62.5,69,37,32
3554,2331141,88.5714285714286,87.5,90,70,40,30
3555,2331753,86.5892682926829,88.24,85.42,82,34,48
3556,2332481,91.9992,97.22,87.18,75,36,39
3557,2332860,86.9064285714286,97.78,74.36,84,45,39
3558,2336891,88.6386363636364,85.37,91.49,88,41,47
3559,2337593,93.3324,94.44,92.31,75,36,39
3560,2338800,90.412602739726,82.14,95.56,73,28,45
3561,2340381,74.7141379310345,66.67,79.63,87,33,54
3562,2341029,82.0542307692308,85.37,78.38,78,41,37
3563,2342655,87.8034146341463,82.14,90.74,82,28,54
3564,2343018,85.1855555555556,78.43,91.23,108,51,57
3565,2343455,80.7224096385542,61.76,93.88,83,34,49
3566,2344440,89.3610638297872,87.27,92.31,94,55,39
3567,2345616,83.7202325581395,73.81,93.18,86,42,44
3568,2346910,82.9270731707317,73.81,92.5,82,42,40
3569,2348135,91.1758823529412,91.67,90.62,68,36,32
3570,2349760,88.0757798165138,88.14,88,109,59,50
3571,2350302,89.9966,92.45,87.23,100,53,47
3572,2350401,81.8205194805195,87.18,76.32,77,39,38
3573,2352445,90,89.58,90.48,90,48,42
3574,2352821,85.3895505617977,83.33,87.23,89,42,47
3575,2353548,86.3602272727273,91.3,80.95,88,46,42
3576,2354652,92.9578873239437,91.89,94.12,71,37,34
3577,2355292,97.3333333333333,93.75,100,75,32,43
3578,2355379,96.3855421686747,97.3,95.65,83,37,46
3579,2355454,92.4073417721519,86.67,95.92,79,30,49
3580,2355469,90.5381081081081,93.94,87.8,74,33,41
3581,2356395,86.5394230769231,90.48,83.87,52,21,31
3582,2356810,96.2025316455696,92.5,100,79,40,39
3583,2356896,78.2649275362319,73.08,81.4,69,26,43
3584,2357262,81.58,81.25,81.82,76,32,44
3585,2358064,81.7060975609756,80.95,82.5,82,42,40
3586,2358139,81.0106329113924,79.41,82.22,79,34,45
3587,2358161,80.5522222222222,77.14,83.78,72,35,37
3588,2358310,83.7840540540541,80,87.18,74,35,39
3589,2358428,90.2480487804878,92.11,88.64,82,38,44
3590,2358652,83.8693548387097,95.45,77.5,62,22,40
3591,2360446,78.9996,89.13,70.37,100,46,54
3592,2360581,84.2715730337079,91.67,75.61,89,48,41
3593,2360712,84.0008,86.21,80.95,100,58,42
3594,2361379,88.0473913043478,94.92,75.76,92,59,33
3595,2361426,88.2350588235294,91.3,84.62,85,46,39
3596,2361845,78.9468421052632,86,71.11,95,50,45
3597,2361889,70.2984158415842,84.62,55.1,101,52,49
3598,2362569,81.9165957446808,76,88.64,94,50,44
3599,2362640,88.5724285714286,89.19,87.88,70,37,33
3600,2362969,83.6704081632653,80.7,87.8,98,57,41
3601,2364745,70.41,75,66.67,98,44,54
3602,2364940,90.1009900990099,88.68,91.67,101,53,48
3603,2365283,91.3052173913043,100,77.78,69,42,27
3604,2365412,89.8133333333333,95.83,85,108,48,60
3605,2365730,97.6720930232558,95.45,100,86,44,42
3606,2365909,95.455,97.73,93.18,88,44,44
3607,2365978,88.1732258064516,91.11,85.42,93,45,48
3608,2366088,93.74875,94.44,92.86,96,54,42
3609,2366896,93.3357142857143,94.55,92,105,55,50
3610,2366959,83.8123809523809,84.62,83.02,105,52,53
3611,2366976,81.8210101010101,76.6,86.54,99,47,52
3612,2367045,88.8888888888889,94,82.5,90,50,40
3613,2367130,88.89,88.89,88.89,108,54,54
3614,2367682,80.4610344827586,79.49,81.25,87,39,48
3615,2367933,81.8157575757576,90.24,68,66,41,25
3616,2367975,82.417032967033,95.65,68.89,91,46,45
3617,2368002,85.2281818181818,87.5,83.93,88,32,56
3618,2368235,84.3123529411765,75,92.59,51,24,27
3619,2369036,82.5404761904762,76.92,86.49,63,26,37
3620,2369935,89.1578313253012,93.75,82.86,83,48,35
3621,2370044,89.7969387755102,88.89,90.91,98,54,44
3622,2370696,70.5907058823529,78.05,63.64,85,41,44
3623,2370730,81.9314457831325,86.67,76.32,83,45,38
3624,2370783,92.6846341463415,86.11,97.83,82,36,46
3625,2370933,93.4805434782609,91.84,95.35,92,49,43
3626,2371367,87.7573469387755,82.98,92.16,98,47,51
3627,2372939,80.3040909090909,79.49,81.48,66,39,27
3628,2373034,83.67,85.71,80.95,49,28,21
3629,2374085,95.0480198019802,93.18,96.49,101,44,57
3630,2374779,72.7279220779221,85.37,58.33,77,41,36
3631,2375078,83.3353846153846,70,91.67,78,30,48
3632,2375793,81.25025,81.63,80.65,80,49,31
3633,2376064,92.0776237623762,95.74,88.89,101,47,54
3634,2376205,76.4712745098039,77.36,75.51,102,53,49
3635,2376506,87.6930769230769,86.67,88.57,65,30,35
3636,2376980,78.5733673469388,73.17,82.46,98,41,57
3637,2377752,90.4263829787234,88.89,91.38,94,36,58
3638,2377781,90.4742857142857,90.91,90.16,105,44,61
3639,2377930,79.3122988505747,85.11,72.5,87,47,40
3640,2379111,93.1400980392157,90.57,95.92,102,53,49
3641,2379256,87.9350862068966,90.48,84.91,116,63,53
3642,2381175,87.0004,93.75,80.77,100,48,52
3643,2381337,95.6955913978495,91.89,98.21,93,37,56
3644,2382281,88.2336470588235,77.78,93.1,85,27,58
3645,2382696,83.8674193548387,85.71,82.35,93,42,51
3646,2383283,79.3102298850575,81.58,77.55,87,38,49
3647,2384294,89.2864285714286,84.21,93.48,84,38,46
3648,2384896,75.644358974359,79.55,70.59,78,44,34
3649,2385628,77.94,85.29,70.59,68,34,34
3650,2386072,81.0798648648649,81.48,80.85,74,27,47
3651,2386088,82.1428571428571,90,75,84,40,44
3652,2386570,82.6066666666667,81.25,83.78,69,32,37
3653,2387150,90.5389189189189,100,84.78,74,28,46
3654,2387977,87.88,96.97,78.79,66,33,33
3655,2388975,84.3790625,73.08,92.11,64,26,38
3656,2389110,76.5603125,80.77,73.68,64,26,38
3657,2389314,82.7593103448276,93.55,70.37,58,31,27
3658,2391577,93.747,94.44,93.18,80,36,44
3659,2392221,85.3660975609756,97.5,73.81,82,40,42
3660,2392387,88.888024691358,89.13,88.57,81,46,35
3661,2392837,88.3681395348837,93.33,85.71,43,15,28
3662,2394812,81.7051219512195,85.71,77.5,82,42,40
3663,2395094,90.5891764705882,93.88,86.11,85,49,36
3664,2395562,81.6884507042254,90.62,74.36,71,32,39
3665,2395591,90.1253086419753,96,80.65,81,50,31
3666,2396408,90.910303030303,94.12,87.5,66,34,32
3667,2396877,79.4132352941177,79.49,79.31,68,39,29
3668,2396990,82.5556976744186,83.67,81.08,86,49,37
3669,2397255,82.9287804878049,90,71.88,82,50,32
3670,2398019,84.7064705882353,94,71.43,85,50,35
3671,2399952,90.4777777777778,87.1,93.75,63,31,32
3672,2402431,81.1626086956522,91.67,69.7,69,36,33
3673,2403147,81.3214285714286,89.19,75.93,91,37,54
3674,2403847,83.6940217391304,92.68,76.47,92,41,51
3675,2404189,85.9015384615385,80.56,90.48,78,36,42
3676,2404453,91.89,89.19,94.59,74,37,37
3677,2405317,97.5619512195122,100,95.92,82,33,49
3678,2405433,80.2823943661972,92.59,72.73,71,27,44
3679,2405511,80.7692307692308,89.19,73.17,78,37,41
3680,2405840,88.575,94.29,82.86,70,35,35
3681,2406246,88.5747142857143,85.19,90.7,70,27,43
3682,2407398,83.7465,90.24,76.92,80,41,39
3683,2407526,86.1523076923077,93.33,80,65,30,35
3684,2408750,82.504,96.88,72.92,80,32,48
3685,2409144,87.3254929577465,96.97,78.95,71,33,38
3686,2412795,86.9554347826087,92,80.95,46,25,21
3687,2414332,94.0308955223881,97.06,90.91,67,34,33
3688,2414474,95.653768115942,97.37,93.55,69,38,31
3689,2416106,85.7138775510204,90.91,81.48,49,22,27
3690,2416175,86.3652272727273,100,64.71,44,27,17
3691,2416335,83.0753846153846,90.32,76.47,65,31,34
3692,2416973,90.3832692307692,88,92.59,52,25,27
3693,2418117,85.7159523809524,86.96,84.21,42,23,19
3694,2418618,82.0523076923077,80,82.76,39,10,29
3695,2418942,79.3091379310345,82.61,77.14,58,23,35
3696,2419185,91.2319298245614,92.86,89.66,57,28,29
3697,2419335,94.8306896551724,96.67,92.86,58,30,28
3698,2419853,90.003,100,84.62,40,14,26
3699,2420468,93.0239534883721,93.33,92.86,43,15,28
3700,2421986,93.1845454545455,100,89.29,44,16,28
3701,2424621,87.2353191489362,80.77,95.24,47,26,21
3702,2424918,89.1878378378378,89.47,88.89,37,19,18
3703,2425992,85.7142857142857,87.5,84,49,24,25
3704,2426180,87.4989285714286,73.91,96.97,56,23,33
3705,2427435,72.5503921568627,77.27,68.97,51,22,29
3706,2428179,66.6669047619048,78.95,56.52,42,19,23
3707,2429158,80.002,92.86,71.43,35,14,21
3708,2429284,63.1594736842105,66.67,60,38,18,20
3709,2429469,78.124375,100,61.11,32,14,18
3710,2430019,80.002,92.86,71.43,35,14,21
3711,2430493,67.3457142857143,75,57.14,49,28,21
3712,2430560,76.5929787234043,95.65,58.33,47,23,24
3713,2432395,89.3582978723404,93.1,83.33,47,29,18
3714,2432582,81.9695081967213,75,89.66,61,32,29
3715,2432771,70.2146808510638,79.17,60.87,47,24,23
3716,2433102,69.8105660377359,80,56.52,53,30,23
3717,2435187,78.57,83.33,75,42,18,24
3718,2435669,87.7229824561404,89.29,86.21,57,28,29
3719,2435877,76.3636363636364,72,80,55,25,30
3720,2436405,80.9547619047619,81.25,80.65,63,32,31
3721,2437439,79.165625,76.19,81.48,48,21,27
3722,2437988,89.5847916666667,89.47,89.66,48,19,29
3723,2439059,83.0498305084746,88,79.41,59,25,34
3724,2439604,91.3806896551724,88.89,93.55,58,27,31
3725,2439616,91.0732142857143,86.96,93.94,56,23,33
3726,2440424,82.9782978723404,78.26,87.5,47,23,24
3727,2441376,62.7930232558139,94.12,42.31,43,17,26
3728,2441643,90.7388888888889,93.1,88,54,29,25
3729,2442409,87.5021875,94.29,79.31,64,35,29
3730,2443703,91.6691666666667,100,84.62,72,33,39
3731,2444002,89.9994285714286,82.76,95.12,70,29,41
3732,2444509,91.8602325581395,89.13,95,86,46,40
3733,2446710,78.8723943661972,76.47,81.08,71,34,37
3734,2447139,84.4820689655172,97.14,65.22,58,35,23
3735,2447933,86.9591304347826,91.67,81.82,69,36,33
3736,2449861,77.0858333333333,81.82,73.08,48,22,26
3737,2450108,86.4898648648649,87.1,86.05,74,31,43
3738,2450151,81.4807407407407,88.46,75,54,26,28
3739,2450648,87.8804545454546,92.59,84.62,66,27,39
3740,2450798,82.1893150684931,82.14,82.22,73,28,45
3741,2451339,89.2307692307692,88,90,65,25,40
3742,2452208,83.0501694915254,87.88,76.92,59,33,26
3743,2452414,89.2860714285714,92.59,86.21,56,27,29
3744,2453098,91.6653333333333,92.86,90.62,60,28,32
3745,2453670,83.6081967213115,87.1,80,61,31,30
3746,2453958,90.1663934426229,93.55,86.67,61,31,30
3747,2455170,92.4054430379747,91.49,93.75,79,47,32
3748,2455859,87.8766666666667,93.18,77.27,66,44,22
3749,2457641,82.4556140350877,70.97,96.15,57,31,26
3750,2457862,69.6421428571429,76.47,59.09,56,34,22
3751,2458309,70.7321951219512,47.06,87.5,41,17,24
3752,2458574,82.0034,89.66,71.43,50,29,21
3753,2458591,93.9996,96.15,91.67,50,26,24
3754,2458741,96.08,92.86,100,51,28,23
3755,2459561,89.1313043478261,84,95.24,46,25,21
3756,2459671,93.88,90.48,96.43,49,21,28
3757,2460197,75.00125,81.82,60,48,33,15
3758,2461548,86.8880327868852,89.29,84.85,61,28,33
3759,2462455,83.1023943661972,72.73,92.11,71,33,38
3760,2463663,82.6948076923077,85.19,80,52,27,25
3761,2464234,72.7260606060606,68.42,78.57,66,38,28
3762,2464377,80.3950980392157,86.21,72.73,51,29,22
3763,2464407,78.723829787234,77.42,81.25,47,31,16
3764,2466275,75.8603448275862,80.95,62.5,58,42,16
3765,2466988,73.332,86.84,50,60,38,22
3766,2467016,79.9969230769231,92.68,58.33,65,41,24
3767,2467249,83.08,89.8,62.5,65,49,16
3768,2467611,78.8503846153846,92.11,42.86,52,38,14
3769,2468007,79.9991111111111,79.41,81.82,45,34,11
3770,2468979,80.8847058823529,81.25,80.56,68,32,36
3771,2469812,88.678679245283,88.57,88.89,53,35,18
3772,2469881,92.5951851851852,92.86,92.31,54,28,26
3773,2469991,89.8310169491525,91.67,88.57,59,24,35
3774,2470155,88.89,88.89,88.89,45,27,18
3775,2470226,78.85,89.29,66.67,52,28,24
3776,2470938,91.4923404255319,90.48,92.31,47,21,26
3777,2471762,92.3094230769231,95.65,89.66,52,23,29
3778,2472124,83.7239534883721,66.67,92.86,43,15,28
3779,2472610,82.6915384615384,85.71,79.17,52,28,24
3780,2473291,98.0394117647059,100,96.97,51,18,33
3781,2473586,91.3786206896552,100,86.11,58,22,36
3782,2473818,94.2305769230769,84.21,100,52,19,33
3783,2474715,95.16,86.36,100,62,22,40
3784,2475499,93.2225423728814,85.19,100,59,27,32
3785,2475987,82.761724137931,67.86,96.67,58,28,30
3786,2476184,92.6433823529412,90.32,94.59,68,31,37
3787,2477160,70.4919672131148,53.57,84.85,61,28,33
3788,2477195,73.4194936708861,64.71,80,79,34,45
3789,2477313,88.5236065573771,89.47,86.96,61,38,23
3790,2477512,93.588717948718,91.18,95.45,78,34,44
3791,2477584,82.4571929824561,78.38,90,57,37,20
3792,2478075,91.665,90,93.33,60,30,30
3793,2478330,90.5667924528302,96.43,84,53,28,25
3794,2479669,86.1133333333333,96.88,77.5,72,32,40
3795,2480451,86.8405263157895,83.33,90,76,36,40
3796,2480509,93.9398484848485,89.19,100,66,37,29
3797,2481328,86.6652,83.33,90.91,75,42,33
3798,2481486,80.2795774647887,75,85.71,71,36,35
3799,2481752,84.3765625,86.05,80.95,64,43,21
3800,2482601,67.7448387096774,67.65,67.86,62,34,28
3801,2482702,73.81,82.69,59.38,84,52,32
3802,2482809,81.1621739130435,81.58,80.65,69,38,31
3803,2483534,86.0745569620253,85.71,86.67,79,49,30
3804,2484140,71.4277380952381,67.44,75.61,84,43,41
3805,2485782,89.8298305084746,95.24,86.84,59,21,38
3806,2486114,78.8229411764706,87.5,71.11,85,40,45
3807,2487458,76.1182089552239,85,62.96,67,40,27
3808,2488054,81.4820987654321,88.64,72.97,81,44,37
3809,2488376,91.1776470588235,91.43,90.91,68,35,33
3810,2488992,94.3379245283019,85.71,100,53,21,32
3811,2489291,87.8063414634146,80,92.31,41,15,26
3812,2491143,86.8860655737705,93.33,80.65,61,30,31
3813,2491860,89.06,90.62,87.5,64,32,32
3814,2492276,82.46,92.11,63.16,57,38,19
3815,2492500,92.8594285714286,100,84.38,70,38,32
3816,2492588,86.9578260869565,92.31,80,69,39,30
3817,2492676,96.7758064516129,97.3,96,62,37,25
3818,2493489,93.2198305084746,96.97,88.46,59,33,26
3819,2493539,78.5692857142857,73.33,81.48,42,15,27
3820,2494813,95.24,100,91.18,63,29,34
3821,2496492,89.8550724637681,80,100,69,35,34
3822,2497387,91.4914893617021,86.67,100,47,30,17
3823,2497785,95.3884615384615,96.67,94.29,65,30,35
3824,2497883,91.3027536231884,97.06,85.71,69,34,35
3825,2499228,86.6695,85.19,87.88,60,27,33
3826,2499336,78.8715492957747,83.78,73.53,71,37,34
3827,2499585,82.4542105263158,74.07,90,57,27,30
3828,2499761,82.145,85.19,79.31,56,27,29
3829,2500153,92.3038461538461,91.3,93.1,52,23,29
3830,2500940,71.425,80.95,61.9,42,21,21
3831,2501770,86.7644117647059,90,84.21,68,30,38
3832,2502611,88.8888888888889,86.96,90.32,54,23,31
3833,2505374,85.93734375,82.76,88.57,64,29,35
3834,2505636,89.4766666666667,92.86,86.21,57,28,29
3835,2506279,88.0579104477612,93.1,84.21,67,29,38
3836,2506396,79.7332432432433,78.95,80.56,74,38,36
3837,2506447,73.7670491803279,74.19,73.33,61,31,30
3838,2506850,81.9677049180328,87.5,71.43,61,40,21
3839,2507494,84.8472727272727,90.32,80,66,31,35
3840,2508304,68.9658620689655,62.5,73.53,58,24,34
3841,2508703,86.1080555555556,85.29,86.84,72,34,38
3842,2509781,90.3216129032258,93.1,87.88,62,29,33
3843,2510738,94.0297014925373,96.77,91.67,67,31,36
3844,2511623,92.06,85.71,97.14,63,28,35
3845,2512336,81.1555072463768,72.97,90.62,69,37,32
3846,2512594,86.3002739726027,72.22,100,73,36,37
3847,2512714,88.1337288135593,74.07,100,59,27,32
3848,2513197,91.665,89.74,93.94,72,39,33
3849,2517332,94.9367088607595,90,100,79,40,39
3850,2517450,96.2048101265823,95.24,97.3,79,42,37
3851,2517590,96.055,94.74,97.37,76,38,38
3852,2517819,92.1022368421053,90.32,93.33,76,31,45
3853,2518507,89.6098701298701,96.88,84.44,77,32,45
3854,2518729,95.1795180722892,97.14,93.75,83,35,48
3855,2518870,86.4856756756757,79.31,91.11,74,29,45
3856,2519535,95.7128571428571,93.33,97.5,70,30,40
3857,2519821,98.8768539325843,100,98.04,89,38,51
3858,2520101,95.8915068493151,96.88,95.12,73,32,41
3859,2520492,87.1417142857143,87.5,86.84,70,32,38
3860,2520961,89.4732894736842,90.32,88.89,76,31,45
3861,2521113,84.2835714285714,70.37,93.02,70,27,43
3862,2521952,85.8982051282051,71.88,95.65,78,32,46
3863,2521967,86.4859459459459,78.12,92.86,74,32,42
3864,2523143,84.725,91.67,77.78,72,36,36
3865,2523162,78.9484210526316,75,81.82,76,32,44
3866,2525138,90.5413513513513,88.89,91.49,74,27,47
3867,2525172,91.998,90,93.33,75,30,45
3868,2525450,86.2048275862069,81.48,90.32,58,27,31
3869,2525551,87.0387037037037,88,86.21,54,25,29
3870,2525920,88.8888888888889,76.19,96.97,54,21,33
3871,2526885,88.2371764705882,86.11,89.8,85,36,49
3872,2528074,86.765,85.29,88.24,68,34,34
3873,2530335,86.8847540983607,90,83.87,61,30,31
3874,2530451,83.0166037735849,85.71,80,53,28,25
3875,2531085,93.2177966101695,90.91,94.59,59,22,37
3876,2531580,85.7142857142857,82.14,90.48,49,28,21
3877,2533353,80.002,79.49,80.77,65,39,26
3878,2533806,77.7755555555556,78.57,77.14,63,28,35
3879,2534485,90.1429577464789,89.19,91.18,71,37,34
3880,2534575,88.4052173913043,89.47,87.1,69,38,31
3881,2534926,92.185,90.62,93.75,64,32,32
3882,2536637,95.835,91.67,100,48,24,24
3883,2537527,95.3506976744186,91.67,100,43,24,19
3884,2538547,87.2363829787234,82.61,91.67,47,23,24
3885,2538597,93.1041379310345,90,96.43,58,30,28
3886,2538604,96.87625,94.12,100,64,34,30
3887,2539656,90.9086363636363,90.32,91.43,66,31,35
3888,2541066,90.7374074074074,90.32,91.3,54,31,23
3889,2541187,84.9346575342466,91.18,79.49,73,34,39
3890,2541222,91.4297142857143,96.88,86.84,70,32,38
3891,2542300,86.9591304347826,81.82,91.67,69,33,36
3892,2542379,87.032962962963,89.47,85.71,54,19,35
3893,2543161,80.3245901639344,65,87.8,61,20,41
3894,2544227,88.57,96.43,83.33,70,28,42
3895,2544662,83.6055737704918,85.71,81.82,61,28,33
3896,2544830,85.9614035087719,91.3,82.35,57,23,34
3897,2545121,88.7117741935484,92,86.49,62,25,37
3898,2546186,87.7198245614035,96.43,79.31,57,28,29
3899,2546348,87.8073170731707,87.5,88.1,82,40,42
3900,2546861,86.302602739726,86.11,86.49,73,36,37
3901,2547199,83.5654794520548,91.67,75.68,73,36,37
3902,2547519,75.9233333333333,60,85.29,54,20,34
3903,2548578,81.0331034482759,88.89,74.19,58,27,31
3904,2548674,80.6998245614035,83.87,76.92,57,31,26
3905,2549126,90.002,96.88,84.21,70,32,38
3906,2550290,85.9169014084507,87.1,85,71,31,40
3907,2550761,79.661186440678,71.43,84.21,59,21,38
3908,2551141,89.3318666666667,93.55,86.36,75,31,44
3909,2551157,88.2345588235294,86.21,89.74,68,29,39
3910,2551231,95.945,96.97,95.12,74,33,41
3911,2551456,82.2596774193548,89.29,76.47,62,28,34
3912,2551825,82.0870149253731,88.37,70.83,67,43,24
3913,2553136,72.8545714285714,76.92,67.74,70,39,31
3914,2553143,72.4669565217391,78.95,64.52,69,38,31
3915,2553735,84,80,90,75,45,30
3916,2555441,93.94,93.94,93.94,66,33,33
3917,2555634,67.603661971831,58.06,75,71,31,40
3918,2555838,84.6174358974359,81.25,86.96,78,32,46
3919,2556337,87.2969841269841,96.77,78.12,63,31,32
3920,2556407,92.19109375,85.19,97.3,64,27,37
3921,2556528,95.5237313432836,94.12,96.97,67,34,33
3922,2557845,88.8938095238095,96.88,80.65,63,32,31
3923,2558294,87.3055555555556,86.21,88.24,63,29,34
3924,2558663,64.9122807017544,60,68.75,57,25,32
3925,2558743,89.7051470588235,89.19,90.32,68,37,31
3926,2558789,84.0595652173913,88.89,78.79,69,36,33
3927,2558874,93.2201694915254,89.29,96.77,59,28,31
3928,2559172,88.24,88.24,88.24,68,34,34
3929,2559468,86.7635294117647,90,82.14,68,40,28
3930,2559666,93.4226315789474,87.5,97.73,76,32,44
3931,2560080,97.145,100,94.29,70,35,35
3932,2560331,86.3654545454545,80,91.67,66,30,36
3933,2560594,88.5747142857143,84.62,93.55,70,39,31
3934,2560830,94.2008695652174,89.74,100,69,39,30
3935,2561026,81.1569565217391,76.47,85.71,69,34,35
3936,2561990,86.1553846153846,77.42,94.12,65,31,34
3937,2562298,85.93765625,83.87,87.88,64,31,33
3938,2562527,88,88,88,50,25,25
3939,2563222,87.9348275862069,86.67,89.29,58,30,28
3940,2563255,89.0936363636364,88.89,89.29,55,27,28
3941,2564850,81.8183636363636,86.21,76.92,55,29,26
3942,2565665,89.02,90.24,87.8,82,41,41
3943,2565866,85.7155357142857,82.76,88.89,56,29,27
3944,2566816,90.1439436619718,87.88,92.11,71,33,38
3945,2567585,91.2250877192982,96.55,85.71,57,29,28
3946,2569077,86.5392307692308,90,81.82,52,30,22
3947,2569284,82.9770212765957,80,86.36,47,25,22
3948,2571574,85.00325,90.48,78.95,40,21,19
3949,2571713,73.3293333333333,61.9,83.33,45,21,24
3950,2572284,75.5104081632653,66.67,86.36,49,27,22
3951,2572614,92.7290909090909,86.67,100,55,30,25
3952,2573413,86.3604545454545,96.15,72.22,44,26,18
3953,2574529,85.4858064516129,81.58,91.67,62,38,24
3954,2575009,85.7133333333333,82.61,89.47,42,23,19
3955,2575558,83.335,88.89,77.78,36,18,18
3956,2577665,95.1209756097561,95.83,94.12,41,24,17
3957,2577818,93.0227906976744,90.48,95.45,43,21,22
3958,2577947,93.3333333333333,96,90,45,25,20
3959,2578456,88.8888888888889,88,90,45,25,20
3960,2578619,92.0028,92.31,91.67,50,26,24
3961,2580040,91.8913513513513,95.83,84.62,37,24,13
3962,2580400,77.083125,81.48,71.43,48,27,21
3963,2580507,81.58,77.78,85,38,18,20
3964,2581636,92.9794736842105,93.33,92.59,57,30,27
3965,2581849,98.1133962264151,96.97,100,53,33,20
3966,2581913,80.3905882352941,84,76.92,51,25,26
3967,2582133,94.1182352941177,95.65,92.86,51,23,28
3968,2582199,86.5359615384615,90.32,80.95,52,31,21
3969,2583393,89.2326153846154,97.37,77.78,65,38,27
3970,2584229,89.831186440678,97.06,80,59,34,25
3971,2584355,85.2447540983607,91.89,75,61,37,24
3972,2584461,80.77,84.62,76.92,52,26,26
3973,2585389,84.0929545454545,82.76,86.67,44,29,15
3974,2586085,89.3933333333333,83.72,100,66,43,23
3975,2586274,79.998,78.57,83.33,60,42,18
3976,2586400,83.099014084507,82.93,83.33,71,41,30
3977,2586698,91.8006557377049,94.44,88,61,36,25
3978,2586953,71.6641666666667,70.73,73.68,60,41,19
3979,2587361,95.6526086956522,94.87,96.67,69,39,30
3980,2587874,92.6476470588235,90,96.43,68,40,28
3981,2587890,83.33,70.83,95.83,48,24,24
3982,2588730,87.145,86.67,88,70,45,25
3983,2589580,81.8201515151515,82.93,80,66,41,25
3984,2591499,76.0574647887324,78.38,73.53,71,37,34
3985,2591635,85.247868852459,88.24,81.48,61,34,27
3986,2592032,88.0589552238806,79.41,96.97,67,34,33
3987,2592405,75.0027941176471,57.58,91.43,68,33,35
3988,2592717,84.9332876712329,82.93,87.5,73,41,32
3989,2593163,90.001,88.89,90.91,60,27,33
3990,2593434,83.753,79.55,88.89,80,44,36
3991,2593446,81.6905633802817,78.57,86.21,71,42,29
3992,2593486,90.1421126760563,88.89,91.43,71,36,35
3993,2593590,75.00125,70.97,80,56,31,25
3994,2593842,88.4017391304348,90.24,85.71,69,41,28
3995,2594033,91.6670833333333,96.97,87.18,72,33,39
3996,2594414,93.2418918918919,92.68,93.94,74,41,33
3997,2595604,94.5465454545455,91.3,96.88,55,23,32
3998,2596044,95.1209756097561,94.74,95.45,41,19,22
3999,2596297,93.8781632653061,88.89,100,49,27,22
4000,2596681,83.33,74.07,92.59,54,27,27
4001,2597209,89.9975,82.35,95.65,40,17,23
4002,2597293,94.2276923076923,90.62,100,52,32,20
4003,2598264,78.5742857142857,68.97,88.89,56,29,27
4004,2598959,83.6345454545454,77.14,95,55,35,20
4005,2599465,75.5122448979592,53.85,100,49,26,23
4006,2601184,75.4715094339623,75,76.19,53,32,21
4007,2601982,88.68,87.88,90,53,33,20
4008,2602037,87.8793939393939,86.84,89.29,66,38,28
4009,2603008,90.0013333333333,87.5,92.86,60,32,28
4010,2604592,78.4329411764706,52.38,96.67,51,21,30
4011,2604987,88.8855555555556,83.33,95.83,54,30,24
4012,2605395,95.3815384615385,93.33,97.14,65,30,35
4013,2605407,84.4824137931034,77.78,90.32,58,27,31
4014,2605455,92.7542028985507,82.76,100,69,29,40
4015,2605491,90.001,80.77,97.06,60,26,34
4016,2605616,57.6913461538461,64,51.85,52,25,27
4017,2605983,94.2278846153846,93.1,95.65,52,29,23
4018,2606045,85.715,82.86,88.57,70,35,35
4019,2606490,75.4414035087719,75.68,75,57,37,20
4020,2606565,87.69,90,85.71,65,30,35
4021,2606671,92.7294545454545,100,84.62,55,29,26
4022,2607342,89.5501492537313,87.8,92.31,67,41,26
4023,2607435,77.7795238095238,56.67,96.97,63,30,33
4024,2607816,82.1396428571428,72.41,92.59,56,29,27
4025,2608418,89.6570689655172,89.19,90.48,58,37,21
4026,2609645,89.6072727272727,83.33,97.14,77,42,35
4027,2610509,83.9307142857143,86.67,80.77,56,30,26
4028,2611009,87.0988709677419,86.49,88,62,37,25
4029,2611480,96.87625,100,92.86,64,36,28
4030,2611562,87.14,86.36,88.46,70,44,26
4031,2613318,83.875,87.1,80.65,62,31,31
4032,2613789,89.7029411764706,83.87,94.59,68,31,37
4033,2613987,84.6141025641026,78.38,90.24,78,37,41
4034,2614689,65.7541095890411,72.73,55.17,73,44,29
4035,2615227,85.7154285714286,78.38,93.94,70,37,33
4036,2615584,85.504347826087,90.62,81.08,69,32,37
4037,2615809,82.0507692307692,75.68,87.8,78,37,41
4038,2616009,91.5693975903614,86.96,97.3,83,46,37
4039,2616166,77.9423529411765,78.38,77.42,68,37,31
4040,2617101,78.4810126582279,78.57,78.38,79,42,37
4041,2617467,77.78,75.56,80,90,45,45
4042,2617959,84.9465591397849,81.63,88.64,93,49,44
4043,2619221,86.0188172043011,80.85,91.3,93,47,46
4044,2620178,62.7897674418605,77.27,47.62,43,22,21
4045,2620184,76.1885714285714,75,76.92,42,16,26
4046,2621229,92.31,92.5,92.11,78,40,38
4047,2621282,86.6666666666667,90,82.5,90,50,40
4048,2622005,92.7720481927711,89.13,97.3,83,46,37
4049,2623664,82.6066666666667,81.25,83.78,69,32,37
4050,2624795,84.62,80.56,89.66,65,36,29
4051,2626304,85.5662886597938,90.91,81.13,97,44,53
4052,2628743,78.6508988764045,82.14,72.73,89,56,33
4053,2629013,83.6742857142857,91.53,71.79,98,59,39
4054,2629115,85.8680434782609,88,83.33,92,50,42
4055,2629874,80.1956435643564,81.48,78.72,101,54,47
4056,2630358,79.7283783783784,77.5,82.35,74,40,34
4057,2632263,86.6692222222222,91.49,81.4,90,47,43
4058,2633552,92.3934782608696,88.1,96,92,42,50
4059,2633695,82.6534693877551,77.27,87.04,98,44,54
4060,2634201,86.1116666666667,93.88,79.66,108,49,59
4061,2634994,71.3106557377049,71.15,71.43,122,52,70
4062,2636070,86.7902830188679,87.23,86.44,106,47,59
4063,2636251,93.4048351648352,96.36,88.89,91,55,36
4064,2636324,93.6195744680851,100,87.76,94,45,49
4065,2637827,93.6134042553192,85.29,98.33,94,34,60
4066,2637873,95.413119266055,96.23,94.64,109,53,56
4067,2639548,93.3326666666667,90.91,95.65,90,44,46
4068,2639731,84.3129411764706,88.46,80,102,52,50
4069,2640006,93.2437837837838,87.5,97.62,74,32,42
4070,2640879,86.4109708737864,86.21,86.67,103,58,45
4071,2641020,83.8270588235294,90.48,73.08,68,42,26
4072,2641458,94.9514141414141,98.08,91.49,99,52,47
4073,2641930,90.2467073170732,80.65,96.08,82,31,51
4074,2642003,88.8925555555556,91.84,85.37,90,49,41
4075,2642099,94.7883333333333,96.36,92.68,96,55,41
4076,2643428,91.3983870967742,93.75,88.89,93,48,45
4077,2643973,89.4728421052632,94.23,83.72,95,52,43
4078,2644030,93.616170212766,94,93.18,94,50,44
4079,2645204,75.2574226804124,62.5,84.21,97,40,57
4080,2647009,96.94,97.62,96.43,98,42,56
4081,2647130,92.39,88.89,94.64,92,36,56
4082,2647754,89.7476923076923,87.76,91.18,117,49,68
4083,2648210,79.5445454545455,77.42,80.7,88,31,57
4084,2648460,91.8053278688525,100,86.67,122,47,75
4085,2648581,93.8584210526316,91.67,95.45,114,48,66
4086,2648668,93.577247706422,93.88,93.33,109,49,60
4087,2649052,88.0735779816514,83.72,90.91,109,43,66
4088,2649660,96.1545192307692,97.87,94.74,104,47,57
4089,2649708,95.9690322580645,94.83,96.97,124,58,66
4090,2653071,92.1398571428571,92.42,91.89,140,66,74
4091,2653146,83.5561184210526,83.61,83.52,152,61,91
4092,2653769,94.5931531531532,86.36,100,111,44,67
4093,2656028,80.3424786324786,84.51,73.91,117,71,46
4094,2656623,67.19936,40.91,81.48,125,44,81
4095,2658034,94.6129230769231,94.2,95.08,130,69,61
4096,2658389,97.434188034188,100,96.05,117,41,76
4097,2659001,91.5953781512605,86,95.65,119,50,69
4098,2659587,84.3936879432624,82.81,85.71,141,64,77
4099,2661909,89.72,92,87.72,107,50,57
4100,2664972,83.8469230769231,84.38,83.33,130,64,66
4101,2665461,88.80056,87.18,91.49,125,78,47
4102,2665646,79.689453125,86.42,68.09,128,81,47
4103,2666160,82.7057142857143,82.46,82.89,133,57,76
4104,2666195,85.0767164179104,83.93,85.9,134,56,78
4105,2666735,87.7026229508197,87.14,88.46,122,70,52
4106,2667115,86.2387155963303,90.48,80.43,109,63,46
4107,2667633,87.4150349650349,86.57,88.16,143,67,76
4108,2668140,87.2075581395349,88.89,85.71,172,81,91
4109,2668623,84.6672,77.19,89.25,150,57,93
4110,2670430,86.2597709923664,88.89,83.05,131,72,59
4111,2670549,88.0601492537314,87.5,88.89,134,80,54
4112,2671680,80.5713714285714,86.96,73.49,175,92,83
4113,2671887,83.4471523178808,87.1,77.59,151,93,58
4114,2672934,91.3346666666667,92.86,90,150,70,80
4115,2672973,86.7428915662651,89.02,84.52,166,82,84
4116,2673569,74.191935483871,77.33,71.25,155,75,80
4117,2674138,82.1226815642458,90.22,73.56,179,92,87
4118,2674536,82.8430769230769,91.67,74.12,169,84,85
4119,2675682,83.0377777777778,87.23,77.92,171,94,77
4120,2676117,81.7581132075472,84.44,78.26,159,90,69
4121,2676327,88.4632692307692,90.67,86.42,156,75,81
4122,2677040,89.4017880794702,94.44,84.81,151,72,79
4123,2677443,89.3140458015267,87.3,91.18,131,63,68
4124,2678013,80.1253846153846,81.03,79.59,156,58,98
4125,2678271,93.6303184713376,87.32,98.84,157,71,86
4126,2679250,94.6684,96.97,92.86,150,66,84
4127,2682886,84.9242857142857,86.96,82.46,126,69,57
4128,2683495,80.3392307692308,78.57,81.33,117,42,75
4129,2684523,84.681935483871,85.19,84.29,124,54,70
4130,2684847,87.9988,96.05,79.73,150,76,74
4131,2685658,84.5163870967742,85.92,83.33,155,71,84
4132,2686476,84.813164556962,88.89,81.4,158,72,86
4133,2686941,66.6667567567568,80.95,47.92,111,63,48
4134,2687557,71.4304201680672,72.58,70.18,119,62,57
4135,2687588,78.5166666666667,75,81.33,135,60,75
4136,2688231,80.135,73.97,86.3,146,73,73
4137,2688483,86.8962068965517,89.29,85.39,145,56,89
4138,2689055,85.1087234042553,86.59,83.05,141,82,59
4139,2689263,83.6035519125683,85.71,81.52,183,91,92
4140,2689545,84.6820720720721,79.41,87.01,111,34,77
4141,2689809,81.9836024844721,89.02,74.68,161,82,79
4142,2691876,83.5415189873418,85.71,81.08,158,84,74
4143,2692107,82.223,80.81,83.95,180,99,81
4144,2692425,80.578345323741,79.37,81.58,139,63,76
4145,2693259,80.5881764705882,76.4,85.19,170,89,81
4146,2693535,88.493237410072,85.92,91.18,139,71,68
4147,2693578,91.8235849056604,90.24,93.51,159,82,77
4148,2693925,90.1869938650307,93.48,85.92,163,92,71
4149,2694728,91.720127388535,90.28,92.94,157,72,85
4150,2695092,93.1552054794521,92.11,94.29,146,76,70
4151,2696097,96.2230188679245,98.82,93.24,159,85,74
4152,2696984,81.8171212121212,79.73,84.48,132,74,58
4153,2697402,88.6686666666667,92.5,84.29,150,80,70
4154,2697720,86.3263309352518,91.04,81.94,139,67,72
4155,2697966,89.9997142857143,91.78,88.06,140,73,67
4156,2699922,94.7723880597015,94.2,95.38,134,69,65
4157,2700660,94.4033566433566,93.9,95.08,143,82,61
4158,2700923,91.3011304347826,95.45,88.73,115,44,71
4159,2701014,93.0750769230769,95.89,89.47,130,73,57
4160,2701565,94.5744186046512,93.59,96.08,129,78,51
4161,2701684,93.85,93.85,93.85,130,65,65
4162,2702035,91.665,89.39,93.94,132,66,66
4163,2703082,82.7088721804511,74.58,89.19,133,59,74
4164,2704471,77.3104201680672,63.46,88.06,119,52,67
4165,2705115,90.2290977443609,88.24,92.31,133,68,65
4166,2705206,83.9421167883212,87.67,79.69,137,73,64
4167,2710010,85.8691304347826,84.09,87.5,92,44,48
4168,2710062,87.6334020618557,76.32,94.92,97,38,59
4169,2712290,90.9081818181818,95,82.14,88,60,28
4170,2713846,81.1043307086614,88.16,70.59,127,76,51
4171,2713987,87.6405617977528,89.58,85.37,89,48,41
4172,2714204,86.8711111111111,83.64,90.91,99,55,44
4173,2714306,90.48,89.29,91.84,105,56,49
4174,2714991,74.3391150442478,76.06,71.43,113,71,42
4175,2715042,79.4390654205607,62.5,93.22,107,48,59
4176,2715335,86.0842608695652,89.06,82.35,115,64,51
4177,2716098,88.6771698113208,89.83,87.23,106,59,47
4178,2716585,92.5951851851852,89.66,96,108,58,50
4179,2717147,90.8055172413793,97.96,81.58,87,49,38
4180,2721139,88.8914814814815,88,89.66,108,50,58
4181,2721274,76.19,57.14,91.43,63,28,35
4182,2722211,87.9116483516484,86.84,88.68,91,38,53
4183,2722340,91.0269230769231,93.75,86.67,78,48,30
4184,2723351,87.8492523364486,91.38,83.67,107,58,49
4185,2724050,91.665,89.58,93.75,96,48,48
4186,2724707,71.4253571428571,82.22,58.97,84,45,39
4187,2725649,83.9533333333333,88.64,78.38,81,44,37
4188,2726342,83.0203773584906,81.48,84.62,53,27,26
4189,2726853,82.2231111111111,94.12,75,45,17,28
4190,2726952,90.9089090909091,96.15,86.21,55,26,29
4191,2727798,55.1705172413793,34.78,68.57,58,23,35
4192,2727958,62.001,56.52,66.67,50,23,27
4193,2728069,63.4121951219512,65,61.9,41,20,21
4194,2728786,93.5509677419355,88.24,100,62,34,28
4195,2728848,81.3576271186441,75,87.1,59,28,31
4196,2730062,87.3033333333333,94.29,78.57,63,35,28
4197,2731310,64.7058823529412,62.96,66.67,51,27,24
4198,2731949,75.4709433962264,72,78.57,53,25,28
4199,2733630,65.6698507462687,76.92,50,67,39,28
4200,2733749,86.7647058823529,89.19,83.87,68,37,31
4201,2733790,83.3295454545455,89.74,74.07,66,39,27
4202,2734343,60.6081818181818,85.19,43.59,66,27,39
4203,2734558,84.0608695652174,87.88,80.56,69,33,36
4204,2736311,89.4111764705882,91.11,87.5,85,45,40
4205,2736913,60.0017647058824,52.5,66.67,85,40,45
4206,2737515,80.3920588235294,87.72,71.11,102,57,45
4207,2737771,80.9545238095238,87.1,77.36,84,31,53
4208,2738560,34.3079562043796,33.87,34.67,137,62,75
4209,2738754,71.3073043478261,66.04,75.81,115,53,62
4210,2739863,73.0295505617978,84.31,57.89,89,51,38
4211,2740144,39.8267256637168,29.55,46.38,113,44,69
4212,2740356,87.8279130434782,90.74,85.25,115,54,61
4213,2740734,72.7248863636364,71.43,73.58,88,35,53
4214,2742133,82.0211235955056,86,76.92,89,50,39
4215,2742465,79.0487619047619,80.77,77.36,105,52,53
4216,2742857,88.1787272727273,89.47,86.79,110,57,53
4217,2743398,83.5288235294118,79.59,88.89,85,49,36
4218,2743744,90.4761904761905,84,100,84,50,34
4219,2744470,84.1285714285714,77.78,88.89,63,27,36
4220,2745909,98.7928915662651,100,97.67,83,40,43
4221,2746183,92.86,91.67,94.12,70,36,34
4222,2746620,79.6281481481482,75,86.36,54,32,22
4223,2751569,82.1428571428571,82.76,81.48,56,29,27
4224,2751780,93.1031034482759,92.59,93.55,58,27,31
4225,2752973,69.1397530864197,75.68,63.64,81,37,44
4226,2754331,91.9997,91.23,93.02,100,57,43
4227,2759103,75.8027419354839,89.74,52.17,62,39,23
4228,2760296,89.5489552238806,95.45,78.26,67,44,23
4229,2760386,94.7921875,93.02,96.23,96,43,53
4230,2760547,90.4268085106383,81.58,96.43,94,38,56
4231,2761806,87.7540816326531,86.36,88.89,98,44,54
4232,2762506,87.3844144144144,83.67,90.32,111,49,62
4233,2762830,92.5220560747664,92,92.98,107,50,57
4234,2763438,95.4981081081081,93.75,96.83,111,48,63
4235,2764257,70.4527272727273,73.68,68,88,38,50
4236,2764469,89.8984848484849,90.48,89.47,99,42,57
4237,2765072,72.0022666666667,80.77,67.35,75,26,49
4238,2765407,87.49875,88.89,85.71,96,54,42
4239,2766205,87.3459493670886,86.49,88.1,79,37,42
4240,2766619,87.0562352941177,76.92,95.65,85,39,46
4241,2767405,51.3197368421053,67.65,38.1,76,34,42
4242,2767753,65.7178571428571,66.67,65.12,70,27,43
4243,2768061,67.7409677419355,77.27,62.5,62,22,40
4244,2769023,92.3092307692308,95.24,88.89,78,42,36
4245,2769637,92.062380952381,90.91,93.33,63,33,30
4246,2769789,83.1584210526316,90.91,72.5,95,55,40
4247,2770203,81.9251807228916,70.27,91.3,83,37,46
4248,2770675,82.6571428571429,90.48,76.79,98,42,56
4249,2770864,86.2055172413793,93.75,76.92,87,48,39
4250,2771621,78.1596551724138,72.97,82,87,37,50
4251,2772393,81.82,84.62,80,99,39,60
4252,2773119,83.5445569620253,97.14,72.73,79,35,44
4253,2773261,90.79,96.43,87.5,76,28,48
4254,2773475,64.2842857142857,83.33,50,84,36,48
4255,2773919,68.1786363636364,61.76,72.22,88,34,54
4256,2774093,80.4139175257732,86.67,75,97,45,52
4257,2774139,84.1616831683168,97.83,72.73,101,46,55
4258,2774404,83.8715053763441,95.35,74,93,43,50
4259,2775741,87.34,89.74,85,79,39,40
4260,2775965,83.725,86.05,81.4,86,43,43
4261,2777481,88.64,88.64,88.64,88,44,44
4262,2777512,85.523947368421,81.08,89.74,76,37,39
4263,2777849,94.1196470588235,92.86,95.35,85,42,43
4264,2778384,85.001,81.58,90.91,60,38,22
4265,2778870,84.7044705882353,81.82,87.8,85,44,41
4266,2778936,91.0428358208955,85.29,96.97,67,34,33
4267,2779301,91.9528735632184,89.13,95.12,87,46,41
4268,2779632,75.9503797468354,80,66.67,79,55,24
4269,2780288,81.9419444444444,72.09,96.55,72,43,29
4270,2780336,79.07,86.05,72.09,86,43,43
4271,2780644,85.3304,83.78,86.84,75,37,38
4272,2780975,85.1065957446808,92.5,79.63,94,40,54
4273,2780983,82.8585714285714,95,66.67,70,40,30
4274,2781391,77.4204301075269,89.13,65.96,93,46,47
4275,2781461,89.5319767441861,87.8,91.11,86,41,45
4276,2781945,81.8161363636364,81.63,82.05,88,49,39
4277,2782049,90.6638666666667,89.47,91.89,75,38,37
4278,2782288,87.3541379310345,91.11,83.33,87,45,42
4279,2782377,79.1675,78.38,80,72,37,35
4280,2782541,77.1104819277109,86.67,65.79,83,45,38
4281,2783030,84.7071764705882,82.05,86.96,85,39,46
4282,2783231,82.1430952380952,91.49,70.27,84,47,37
4283,2783583,82.0530769230769,88.89,72.73,78,45,33
4284,2784094,69.1366666666667,68.42,69.77,81,38,43
4285,2784370,89.1304347826087,91.67,86.36,92,48,44
4286,2785708,90.9081818181818,91.11,90.74,99,45,54
4287,2786263,89.8750632911392,93.48,84.85,79,46,33
4288,2787183,85.3293333333333,82.35,87.8,75,34,41
4289,2787455,85.1851851851852,85.71,84.62,81,42,39
4290,2787577,73.0776923076923,72.92,73.33,78,48,30
4291,2788197,78.492688172043,80,76.74,93,50,43
4292,2788334,85.1348648648649,85.71,84.38,74,42,32
4293,2789007,78.2025641025641,78.12,78.26,78,32,46
4294,2789625,80.0002857142857,90.91,75,70,22,48
4295,2790580,76.7411627906977,85.71,68.18,43,21,22
4296,2790855,85.7151020408163,92.31,78.26,49,26,23
4297,2791597,76.1919047619048,80,72.73,42,20,22
4298,2791628,71.7915384615385,73.33,70.83,39,15,24
4299,2791760,46.1546153846154,75,21.43,26,12,14
4300,2791915,64.2857142857143,62.5,65,28,8,20
4301,2792202,51.8537037037037,54.55,50,27,11,16
4302,2793440,86.3668181818182,88.89,84.62,44,18,26
4303,2794838,81.2525,76.19,85.19,48,21,27
4304,2795012,82.3564705882353,75,84.62,51,12,39
4305,2795087,62.7476470588235,60.87,64.29,51,23,28
4306,2795259,75.8651724137931,80.77,71.88,58,26,32
4307,2796619,79.3614285714286,74.07,83.33,63,27,36
4308,2796639,80.5941791044776,86.84,72.41,67,38,29
4309,2796704,71.2109090909091,50,86.84,66,28,38
4310,2796781,87.49875,83.33,90,48,18,30
4311,2797330,76.2686440677966,74.19,78.57,59,31,28
4312,2797335,79.1675,79.31,78.95,48,29,19
4313,2798368,73.43875,73.81,72.73,64,42,22
4314,2798642,75.51,76.19,75,49,21,28
4315,2799128,89.4734210526316,96.67,84.78,76,30,46
4316,2800269,96.7401086956522,97.96,95.35,92,49,43
4317,2800592,91.9524137931034,93.75,89.74,87,48,39
4318,2800864,78.8453846153846,81.48,76,52,27,25
4319,2800876,86.6712222222222,87.76,85.37,90,49,41
4320,2802428,85.7117582417582,84.09,87.23,91,44,47
4321,2803375,66.6658666666667,78.38,55.26,75,37,38
4322,2803529,87.037962962963,87.23,86.89,108,47,61
4323,2803541,89.4737894736842,88.89,89.83,95,36,59
4324,2803699,89.0017,95.12,84.75,100,41,59
4325,2804588,86.955652173913,88.46,85,46,26,20
4326,2804711,91.7839726027397,92.11,91.43,73,38,35
4327,2804843,92.6829268292683,87.5,96,82,32,50
4328,2805663,84.4827586206897,86.11,81.82,58,36,22
4329,2805709,85.5273684210526,77.78,92.5,76,36,40
4330,2805855,92.9369411764706,90.24,95.45,85,41,44
4331,2807716,92.0601587301587,94.59,88.46,63,37,26
4332,2807838,87.1830769230769,80.56,92.86,78,36,42
4333,2808551,75.00078125,90.32,60.61,64,31,33
4334,2809384,79.1666666666667,87.5,72.5,72,32,40
4335,2810717,88.8864444444445,90.62,87.93,90,32,58
4336,2811782,89.0369863013699,83.78,94.44,73,37,36
4337,2812613,90.2448780487805,87.5,94.12,82,48,34
4338,2813835,89.5317441860465,95.74,82.05,86,47,39
4339,2814017,89.4141176470588,82.5,95.56,85,40,45
4340,2814162,98.7973493975904,100,97.83,83,37,46
4341,2814494,86.9035714285714,82.05,91.11,84,39,45
4342,2815214,96.7056043956044,95.35,97.92,91,43,48
4343,2815249,95.6510869565217,93.02,97.96,92,43,49
4344,2815980,92.9388235294118,92.68,93.18,85,41,44
4345,2816050,83.7862162162162,73.81,96.88,74,42,32
4346,2816626,95.1616129032258,97.5,90.91,62,40,22
4347,2816826,90.9090909090909,87.5,95,88,48,40
4348,2816995,95.8869863013699,94.59,97.22,73,37,36
4349,2818656,87.2359574468085,77.78,95.92,94,45,49
4350,2818746,92.2222222222222,87.5,96,90,40,50
4351,2819518,79.1633333333333,45.83,95.83,72,24,48
4352,2820012,82.81125,74.07,89.19,64,27,37
4353,2820024,74.1343103448276,58.06,92.59,58,31,27
4354,2820521,89.05953125,93.02,80.95,64,43,21
4355,2820680,86.4845945945946,85.29,87.5,74,34,40
4356,2820720,76.6706666666667,84.38,67.86,60,32,28
4357,2821339,78.1603448275862,86.36,69.77,87,44,43
4358,2824491,79.7774157303371,85.11,73.81,89,47,42
4359,2824777,82.0226966292135,81.48,82.86,89,54,35
4360,2825739,77.5255056179775,68.57,83.33,89,35,54
4361,2825799,80.5205194805195,82.61,77.42,77,46,31
4362,2825831,77.3212371134021,71.43,81.82,97,42,55
4363,2826123,89.8871910112359,87.8,91.67,89,41,48
4364,2827794,88.5442708333333,100,79.25,96,43,53
4365,2828100,83.1142857142857,92.68,72.22,77,41,36
4366,2828198,81.5794736842105,88.89,75,76,36,40
4367,2828527,90.5868235294118,90.91,90.24,85,44,41
4368,2829093,87.50125,86.67,88.57,80,45,35
4369,2829397,82.2941666666667,84.91,79.07,96,53,43
4370,2829588,91.7839726027397,91.43,92.11,73,35,38
4371,2830170,87.0163636363636,90.48,82.86,77,42,35
4372,2830386,93.59,100,87.18,78,39,39
4373,2830654,83.5294117647059,87.5,80,85,40,45
4374,2830669,79.3096551724138,77.14,80.77,87,35,52
4375,2831398,95.651884057971,94.12,97.14,69,34,35
4376,2832070,88.335,96.67,80,60,30,30
4377,2833965,89.8750632911392,91.89,88.1,79,37,42
4378,2833987,83.33,83.33,83.33,66,30,36
4379,2835528,86.8822950819672,83.33,90.32,61,30,31
4380,2835696,85.9184507042254,80.56,91.43,71,36,35
4381,2836011,92.19,100,84.38,64,32,32
4382,2836143,92.304,89.74,96.15,65,39,26
4383,2836490,91.4248571428571,90.24,93.1,70,41,29
4384,2837803,94.2307692307692,93.75,95,52,32,20
4385,2839042,96.4294642857143,96.3,96.55,56,27,29
4386,2841250,89.3943939393939,86.49,93.1,66,37,29
4387,2841267,85.7171428571429,75.76,96.67,63,33,30
4388,2842677,91.4285714285714,92.5,90,70,40,30
4389,2844414,86.8405263157895,91.89,82.05,76,37,39
4390,2844527,86.7941509433962,86.21,87.5,53,29,24
4391,2844532,93.0246511627907,95.24,90.91,43,21,22
4392,2844541,87.719298245614,93.75,80,57,32,25
4393,2844720,91.3577777777778,92.86,89.74,81,42,39
4394,2846005,93.651746031746,97.3,88.46,63,37,26
4395,2846275,86.1141666666667,87.88,84.62,72,33,39
4396,2846598,93.3316666666667,88,97.14,60,25,35
4397,2846672,90.1430985915493,81.25,97.44,71,32,39
4398,2846782,96.7783870967742,96.67,96.88,62,30,32
4399,2847255,91.2250877192982,96.55,85.71,57,29,28
4400,2847954,90.1429577464789,91.18,89.19,71,34,37
4401,2848659,88.606582278481,87.5,89.36,79,32,47
4402,2848826,89.8745569620253,92.31,87.5,79,39,40
4403,2849407,94.5223287671233,92.31,97.06,73,39,34
4404,2849667,84.4844827586207,83.87,85.19,58,31,27
4405,2851823,96.8753125,93.94,100,64,33,31
4406,2852523,92.156862745098,80,100,51,20,31
4407,2852803,88.2367647058824,84.85,91.43,68,33,35
4408,2852896,94.5945945945946,87.5,100,74,32,42
4409,2853100,84.442,72.22,92.59,45,18,27
4410,2854110,93.2402702702703,89.47,97.22,74,38,36
4411,2855410,90.3815384615385,90.62,90,52,32,20
4412,2855429,88.8936507936508,88.24,89.66,63,34,29
4413,2855577,92.86125,94.29,90.48,56,35,21
4414,2857134,69.565,73.91,65.22,46,23,23
4415,2857825,80.3259016393443,82.76,78.12,61,29,32
4416,2858446,89.2312307692308,90.91,87.5,65,33,32
4417,2859352,85.5110144927536,88.24,82.86,69,34,35
4418,2859563,81.9649180327869,81.48,82.35,61,27,34
4419,2860785,85.2437704918033,92.59,79.41,61,27,34
4420,2861778,93.1039655172414,96,90.91,58,25,33
4421,2862261,83.6073770491803,95,78.05,61,20,41
4422,2863058,95.2385714285714,100,88.89,42,24,18
4423,2863722,92.7521739130435,93.1,92.5,69,29,40
4424,2864226,86.7932075471698,100,81.58,53,15,38
4425,2864806,83.7213953488372,88.89,80,43,18,25
4426,2866334,91.11,100,80.95,45,24,21
4427,2867081,76.5953191489362,77.78,75.86,47,18,29
4428,2868155,88.1332203389831,91.3,86.11,59,23,36
4429,2868448,80.0041818181818,79.17,80.65,55,24,31
4430,2870096,83.6712244897959,93.33,79.41,49,15,34
4431,2870151,88.8890476190476,83.33,92.31,63,24,39
4432,2871737,88.8888888888889,96,80,45,25,20
4433,2871955,96.1519230769231,93.1,100,52,29,23
4434,2873323,93.0227906976744,90.48,95.45,43,21,22
4435,2873358,93.026511627907,91.67,94.74,43,24,19
4436,2873904,94.1164705882353,93.94,94.44,51,33,18
4437,2873935,84.7815217391304,80.95,88,46,21,25
4438,2874198,90.472380952381,90.32,90.62,63,31,32
4439,2874339,92.5911111111111,95.83,90,54,24,30
4440,2875391,75.9235185185185,78.26,74.19,54,23,31
4441,2875586,90.2458536585366,90.48,90,41,21,20
4442,2876291,95.835,90.48,100,48,21,27
4443,2876678,80.7684615384615,76.19,83.87,52,21,31
4444,2877241,85.4563636363636,90,82.86,55,20,35
4445,2878421,90.4744444444444,96.43,85.71,63,28,35
4446,2879067,84.6142307692308,80,88.37,78,35,43
4447,2880529,66.6705263157895,79.17,57.58,57,24,33
4448,2881776,92.8614285714286,96.3,89.66,56,27,29
4449,2883325,91.2284210526316,87.5,93.94,57,24,33
4450,2885725,79.4117647058823,80.56,78.12,68,36,32
4451,2885892,74.9971666666667,75.86,74.19,60,29,31
4452,2887075,80.5183116883117,82.35,79.07,77,34,43
4453,2887661,73.9721917808219,75,73.17,73,32,41
4454,2887670,73.0190476190476,76.67,69.7,63,30,33
4455,2887714,81.0515789473684,85.71,77.36,95,42,53
4456,2889433,84.2106578947368,83.72,84.85,76,43,33
4457,2890240,80.2332558139535,79.49,80.85,86,39,47
4458,2891190,85.2957352941176,93.55,78.38,68,31,37
4459,2891790,86.535,96.15,76.92,52,26,26
4460,2891932,87.0348148148148,81.82,90.62,54,22,32
4461,2892071,96.5486206896552,95.45,97.22,58,22,36
4462,2892687,90.0036666666667,92.31,88.24,60,26,34
4463,2892726,88.89,88.89,88.89,63,27,36
4464,2893494,96.5505172413793,100,92.59,58,31,27
4465,2893608,87.3023809523809,84.85,90,63,33,30
4466,2893992,73.1714634146341,66.67,82.35,41,24,17
4467,2894591,96,100,92,50,25,25
4468,2895235,83.6350909090909,96.55,69.23,55,29,26
4469,2895881,78.4618461538462,78.57,78.38,65,28,37
4470,2896797,85.247868852459,96.43,75.76,61,28,33
4471,2896982,79.0702325581395,88.89,72,43,18,25
4472,2897957,79.998,83.33,76.47,35,18,17
4473,2899146,84.3170588235294,96.67,66.67,51,30,21
4474,2899345,80.3290163934426,83.87,76.67,61,31,30
4475,2899525,75.610243902439,81.82,68.42,41,22,19
4476,2900014,79.415,88.24,70.59,34,17,17
4477,2900445,91.3841379310345,96.88,84.62,58,32,26
4478,2900567,83.5826865671642,93.94,73.53,67,33,34
4479,2900594,84.2121052631579,83.87,84.62,57,31,26
4480,2900692,86.7676470588235,88.89,84.38,68,36,32
4481,2902133,83.6070491803279,85.19,82.35,61,27,34
4482,2902283,83.6372727272727,85.19,82.14,55,27,28
4483,2902506,89.228,89.74,88.46,65,39,26
4484,2903414,94.544,100,86.36,55,33,22
4485,2903537,83.875,96.3,74.29,62,27,35
4486,2903562,78.3325,90.91,62.96,60,33,27
4487,2903749,83.8693548387097,93.75,73.33,62,32,30
4488,2904104,81.8189090909091,100,61.54,55,29,26
4489,2904255,75.610243902439,68.42,81.82,41,19,22
4490,2905364,89.9993333333334,90.62,89.29,60,32,28
4491,2906919,95.3125,92.5,100,64,40,24
4492,2907174,89.6558620689655,87.88,92,58,33,25
4493,2907211,86.11,89.74,81.82,72,39,33
4494,2907546,84.8510606060606,86.49,82.76,66,37,29
4495,2907984,90.6278125,90.91,90.48,64,22,42
4496,2908898,83.0783076923077,78.57,86.49,65,28,37
4497,2911732,88.2375,92.16,76.47,68,51,17
4498,2912075,91.1393670886076,93.33,88.24,79,45,34
4499,2912332,92.96,95.56,88.46,71,45,26
4500,2912391,87.5004166666667,91.89,82.86,72,37,35
4501,2912917,98.5707142857143,100,96.55,70,41,29
4502,2913139,89.0369863013699,94.44,83.78,73,36,37
4503,2913148,94.5974324324324,97.44,91.43,74,39,35
4504,2913278,91.5237288135593,95.24,89.47,59,21,38
4505,2913602,81.7056097560976,83.33,80,82,42,40
4506,2914159,90,92.5,87.5,80,40,40
4507,2914514,97.2951351351351,100,94.44,74,38,36
4508,2914928,93.0566666666667,95.24,90,72,42,30
4509,2916521,91.3027536231884,97.06,85.71,69,34,35
4510,2917504,82.256935483871,88.89,77.14,62,27,35
4511,2918040,80.8782352941176,83.33,78.12,68,36,32
4512,2918609,88.4043478260869,100,73.33,69,39,30
4513,2918837,89.658275862069,92.86,86.67,58,28,30
4514,2919059,82.8915789473684,85.71,79.41,76,42,34
4515,2919772,98.5515942028986,97.37,100,69,38,31
4516,2920394,79.0148148148148,84.62,73.81,81,39,42
4517,2920661,84.285,88.57,80,70,35,35
4518,2920729,84.7503389830509,89.29,80.65,59,28,31
4519,2921678,78.1829090909091,65.22,87.5,55,23,32
4520,2922283,81.5392307692308,80.65,82.35,65,31,34
4521,2922393,94.0317910447761,91.18,96.97,67,34,33
4522,2922759,86.6682222222222,96.43,70.59,45,28,17
4523,2923053,83.0995774647887,86.49,79.41,71,37,34
4524,2925194,76.56234375,65.71,89.66,64,35,29
4525,2925530,90.1425352112676,97.37,81.82,71,38,33
4526,2925804,83.5436708860759,82.05,85,79,39,40
4527,2926466,80.8830882352941,80.49,81.48,68,41,27
4528,2926703,90.6694666666667,92.11,89.19,75,38,37
4529,2928314,89.6081818181818,85,94.59,77,40,37
4530,2929049,87.3421518987342,89.13,84.85,79,46,33
4531,2929090,87.9993333333333,89.19,86.84,75,37,38
4532,2929168,94.8738461538461,97.62,91.67,78,42,36
4533,2929190,87.3233802816901,87.88,86.84,71,33,38
4534,2929717,84.0906818181818,80.43,88.1,88,46,42
4535,2930117,84.0006666666667,77.5,91.43,75,40,35
4536,2931060,91.5529577464789,88.64,96.3,71,44,27
4537,2931079,91.9986666666667,95.45,87.1,75,44,31
4538,2931157,83.7828378378378,83.72,83.87,74,43,31
4539,2932001,81.482962962963,78.57,84.62,54,28,26
4540,2933527,84.0002666666667,93.02,71.88,75,43,32
4541,2933918,84.1253968253968,85.29,82.76,63,34,29
4542,2934366,80.7676923076923,75.76,84.44,78,33,45
4543,2935256,82.813125,89.66,77.14,64,29,35
4544,2935354,78.5732142857143,83.33,76.32,56,18,38
4545,2935545,79.1666666666667,87.5,75,48,16,32
4546,2935627,83.9283928571429,96.3,72.41,56,27,29
4547,2937247,83.3306060606061,90.32,77.14,66,31,35
4548,2937256,88.7087096774193,96.43,82.35,62,28,34
4549,2937410,90.1639344262295,93.33,87.1,61,30,31
4550,2937831,84.6198076923077,90.48,80.65,52,21,31
4551,2939271,90.768,91.67,90.24,65,24,41
4552,2939308,90.9084848484848,88.46,92.5,66,26,40
4553,2939909,92,95,90,50,20,30
4554,2940376,78.12375,71.43,83.33,32,14,18
4555,2940381,81.08,80,83.33,37,25,12
4556,2940397,84.0890909090909,83.33,85,44,24,20
4557,2941021,85.2952941176471,84.21,86.67,34,19,15
4558,2941048,87.8065853658536,84.62,93.33,41,26,15
4559,2941316,73.681052631579,73.91,73.33,38,23,15
4560,2941475,47.2222222222222,40,56.25,36,20,16
4561,2941835,56.6666666666667,62.5,50,30,16,14
4562,2942097,87.2368085106383,96.67,70.59,47,30,17
4563,2942579,72.7256363636364,87.5,52.17,55,32,23
4564,2943463,88.2364705882353,84,92.31,51,25,26
4565,2943519,90.3238709677419,91.43,88.89,62,35,27
4566,2943841,87.9348275862069,86.67,89.29,58,30,28
4567,2943920,72.2188888888889,85.71,57.69,54,28,26
4568,2944070,85.0729850746269,78.12,91.43,67,32,35
4569,2944207,91.2284210526316,91.3,91.18,57,23,34
4570,2944333,94.5945945945946,90,100,74,40,34
4571,2944745,95.8333333333333,100,90,72,42,30
4572,2945380,94.6656,92.68,97.06,75,41,34
4573,2945986,94.548,100,89.66,55,26,29
4574,2946192,93.507012987013,95.56,90.62,77,45,32
4575,2946319,97.1023188405797,98,94.74,69,50,19
4576,2946429,95.0826229508197,95,95.24,61,40,21
4577,2946450,96.7201639344262,100,89.47,61,42,19
4578,2946602,93.9996,92.31,95.83,50,26,24
4579,2946841,96.9243076923077,100,92.86,65,37,28
4580,2946866,98.5521739130435,100,96.67,69,39,30
4581,2947364,96.1521153846154,96.77,95.24,52,31,21
4582,2948035,72.2207407407407,78.12,63.64,54,32,22
4583,2950205,94.64375,96,93.55,56,25,31
4584,2950401,92.1031578947368,90,94.44,76,40,36
4585,2950939,89.4701315789474,92.68,85.71,76,41,35
4586,2951049,80.002,86.21,68.75,45,29,16
4587,2951586,89.5529850746269,91.43,87.5,67,35,32
4588,2951687,95.4563636363636,91.67,100,66,36,30
4589,2952138,81.8219696969697,80.65,82.86,66,31,35
4590,2952960,86.7915094339623,96.55,75,53,29,24
4591,2953425,67.2418965517241,66.67,67.74,58,27,31
4592,2953434,75.5144897959184,88.24,46.67,49,34,15
4593,2954490,92.4058227848101,93.33,91.84,79,30,49
4594,2955103,83.0508474576271,87.5,80,59,24,35
4595,2956703,95.5213432835821,96.67,94.59,67,30,37
4596,2956906,92.1878125,91.18,93.33,64,34,30
4597,2957575,87.0979032258064,90.91,82.76,62,33,29
4598,2958494,77.55,85.71,66.67,49,28,21
4599,2959380,94.342641509434,92.31,96.3,53,26,27
4600,2959476,86.7907547169811,85.71,87.5,53,21,32
4601,2960068,90.9090909090909,90.32,91.67,55,31,24
4602,2960444,89.4723684210526,73.33,100,38,15,23
4603,2961218,89.285,86.11,95,56,36,20
4604,2962979,92.7563768115942,96.88,89.19,69,32,37
4605,2963237,93.334,95,91.43,75,40,35
4606,2963925,86.1530769230769,82.14,89.19,65,28,37
4607,2964075,90.4769841269841,93.55,87.5,63,31,32
4608,2964088,91.2277192982456,92.31,90.32,57,26,31
4609,2964165,84.9328767123288,93.1,79.55,73,29,44
4610,2964200,85.9143661971831,90.32,82.5,71,31,40
4611,2964515,83.0769230769231,80,85,65,25,40
4612,2964701,92.7728915662651,100,86.05,83,40,43
4613,2964940,81.4795061728395,90.24,72.5,81,41,40
4614,2966031,95.0829508196721,93.1,96.88,61,29,32
4615,2966301,90.321935483871,82.14,97.06,62,28,34
4616,2966795,91.230350877193,96.43,86.21,57,28,29
4617,2966908,100,100,100,55,24,31
4618,2967870,91.0732142857143,86.96,93.94,56,23,33
4619,2968955,95.6542028985507,89.66,100,69,29,40
4620,2969604,98.1836363636364,96.67,100,55,30,25
4621,2969878,90.472380952381,90.32,90.62,63,31,32
4622,2969916,98,96,100,50,25,25
4623,2970293,89.0909090909091,88,90,55,25,30
4624,2970561,85.9643859649123,85.71,86.21,57,28,29
4625,2970849,92.86,91.43,94.29,70,35,35
4626,2971335,73.4681632653061,75.86,70,49,29,20
4627,2971887,97.1004347826087,94.87,100,69,39,30
4628,2971995,90.3216129032258,97.22,80.77,62,36,26
4629,2972070,86.3669696969697,86.49,86.21,66,37,29
4630,2972421,90,85.71,92.86,70,28,42
4631,2972555,83.5605479452055,81.08,86.11,73,37,36
4632,2972568,78.12515625,47.83,95.12,64,23,41
4633,2972611,69.8090566037736,78.26,63.33,53,23,30
4634,2972785,82.81,87.5,78.12,64,32,32
4635,2973136,90.1421126760563,88.24,91.89,71,34,37
4636,2973166,90.4757142857143,94.44,85.19,63,36,27
4637,2973815,82.4570175438596,86.21,78.57,57,29,28
4638,2974380,95.9998,95.24,96.55,50,21,29
4639,2974522,92.6480882352941,94.87,89.66,68,39,29
4640,2974570,88.333,92.59,84.85,60,27,33
4641,2975405,89.0936363636364,92.31,86.21,55,26,29
4642,2975983,90.624375,91.89,88.89,64,37,27
4643,2976393,83.9303571428571,77.27,88.24,56,22,34
4644,2977145,93.588717948718,95.45,91.18,78,44,34
4645,2978400,77.3588679245283,87.18,50,53,39,14
4646,2979219,93.975421686747,92.68,95.24,83,41,42
4647,2979277,80.5533333333333,61.54,91.3,72,26,46
4648,2980016,91.0271794871795,94.74,87.5,78,38,40
4649,2980220,89.3957575757576,87.5,91.18,66,32,34
4650,2981119,91.0689285714286,93.33,88.46,56,30,26
4651,2981794,95.554,92.59,100,45,27,18
4652,2982023,87.272,93.94,77.27,55,33,22
4653,2982062,83.7223255813954,75,94.74,43,24,19
4654,2982389,85.71,85.71,85.71,28,21,7
4655,2982394,90.2412195121951,83.33,95.65,41,18,23
4656,2982558,94.9179661016949,94.74,95.24,59,38,21
4657,2983044,90.91,90.91,90.91,66,33,33
4658,2983398,94.1179411764706,93.33,94.74,68,30,38
4659,2983655,93.752,93.94,93.62,80,33,47
4660,2984834,84.6153846153846,82.35,87.1,65,34,31
4661,2986361,94.3652112676056,94.87,93.75,71,39,32
4662,2987006,82.9257317073171,83.72,82.05,82,43,39
4663,2987024,77.275303030303,82.86,70.97,66,35,31
4664,2987265,87.1820512820513,90.7,82.86,78,43,35
4665,2988058,92.4074683544304,90.91,94.29,79,44,35
4666,2988216,81.0140506329114,86.49,76.19,79,37,42
4667,2989093,90.5888235294118,90,91.43,85,50,35
4668,2990122,94.666,94.74,94.59,75,38,37
4669,2990552,93.6533333333333,88.24,100,63,34,29
4670,2990831,89.8283050847458,90.62,88.89,59,32,27
4671,2991639,93.8476923076923,86.67,100,65,30,35
4672,2991895,96.3618181818182,97.14,95,55,35,20
4673,2991928,88.7125806451613,89.66,87.88,62,29,33
4674,2992532,95.5866176470588,97.56,92.59,68,41,27
4675,2992579,93.334,95.83,91.67,60,24,36
4676,2992681,88.4069565217391,97.37,77.42,69,38,31
4677,2993658,95.388,96.3,94.74,65,27,38
4678,2994089,93.055,94.44,91.67,72,36,36
4679,2994971,87.0394444444444,90.48,84.85,54,21,33
4680,2994983,91.6636666666667,93.1,90.32,60,29,31
4681,2995301,86.6655,85.71,87.18,60,21,39
4682,2995451,84.506338028169,90.62,79.49,71,32,39
4683,2995967,88.3697674418605,91.3,85,43,23,20
4684,2996109,89.6572413793103,93.75,84.62,58,32,26
4685,2996432,90.9059090909091,85.71,95.65,44,21,23
4686,2996601,77.5005,72.73,79.31,40,11,29
4687,2996862,96.1530769230769,95.83,96.43,52,24,28
4688,2999062,78.5714285714286,100,50,42,24,18
4689,2999534,88.8914814814815,89.66,88,54,29,25
4690,3000020,93.1039655172414,89.19,100,58,37,21
4691,3000047,88.333,84.85,92.59,60,33,27
4692,3000569,94.3396226415094,100,87.5,53,29,24
4693,3001390,96.3609090909091,96.15,96.55,55,26,29
4694,3001525,83.0203773584906,86.67,78.26,53,30,23
4695,3001901,92.4230303030303,90.62,94.12,66,32,34
4696,3002268,90.2446341463415,100,82.61,41,18,23
4697,3002513,92.9794736842105,88.46,96.77,57,26,31
4698,3002617,88.8877777777778,96.15,78.95,45,26,19
4699,3003341,91.1093333333333,91.3,90.91,45,23,22
4700,3004625,93.2191525423729,93.75,92.59,59,32,27
4701,3005236,89.1901351351351,87.18,91.43,74,39,35
4702,3005692,83.871935483871,73.53,96.43,62,34,28
4703,3006314,86.3009589041096,82.93,90.62,73,41,32
4704,3006409,91.7817808219178,88.1,96.77,73,42,31
4705,3006895,80.5955223880597,77.42,83.33,67,31,36
4706,3007145,91.8893243243243,87.8,96.97,74,41,33
4707,3008289,94.0329850746269,91.43,96.88,67,35,32
4708,3008661,89.8533333333333,87.8,92.86,69,41,28
4709,3010408,91.996,93.1,91.3,75,29,46
4710,3010627,85.9177464788732,84,86.96,71,25,46
4711,3012853,84.7215277777778,80.65,87.8,72,31,41
4712,3012872,95.1585483870968,92.59,97.14,62,27,35
4713,3013021,69.5656521739131,70.97,68.42,69,31,38
4714,3013125,66.1970422535211,61.29,70,71,31,40
4715,3013304,96.4926315789474,100,94.12,57,23,34
4716,3013682,80.646935483871,82.76,78.79,62,29,33
4717,3014411,87.8812121212121,87.5,88.24,66,32,34
4718,3014814,69.8156603773585,71.88,66.67,53,32,21
4719,3015413,94.8258620689655,96.15,93.75,58,26,32
4720,3016046,79.6618644067796,84.38,74.07,59,32,27
4721,3016164,90.9072727272727,95.83,85,44,24,20
4722,3016508,89.3957575757576,91.18,87.5,66,34,32
4723,3016568,77.9650847457627,79.41,76,59,34,25
4724,3016899,95.7425531914893,95.45,96,47,22,25
4725,3016919,94.9167796610169,93.55,96.43,59,31,28
4726,3017393,91.935,93.55,90.32,62,31,31
4727,3017991,93.1031034482759,97.14,86.96,58,35,23
4728,3018271,95.0793442622951,100,90.62,61,29,32
4729,3018301,90.478253968254,96.88,83.87,63,32,31
4730,3018309,80.7678846153846,85.71,77.42,52,21,31
4731,3018681,87.0361111111111,85.71,87.88,54,21,33
4732,3019308,77.9647457627119,87.88,65.38,59,33,26
4733,3019343,81.9673770491803,78.57,84.85,61,28,33
4734,3019649,88.8911111111111,96.43,82.86,63,28,35
4735,3020502,85.1833333333333,78.26,90.32,54,23,31
4736,3020734,90.5635849056604,94.44,88.57,53,18,35
4737,3020741,89.5839583333333,96,82.61,48,25,23
4738,3021870,88.3704651162791,92.59,81.25,43,27,16
4739,3022374,55.7659615384615,72.41,34.78,52,29,23
4740,3023388,80.8845588235294,79.49,82.76,68,39,29
4741,3023487,89.3927272727273,97.22,80,66,36,30
4742,3023631,65.62515625,70.27,59.26,64,37,27
4743,3023797,81.6666666666667,75,87.5,60,28,32
4744,3024807,87.6913846153846,92.86,83.78,65,28,37
4745,3025777,74.6277611940298,77.14,71.88,67,35,32
4746,3025889,82.8978947368421,79.49,86.49,76,39,37
4747,3025905,72.91625,80,61.11,48,30,18
4748,3026593,79.7131884057971,88.24,71.43,69,34,35
4749,3027584,77.1929824561404,81.25,72,57,32,25
4750,3028114,74.5082352941177,76.92,72,51,26,25
4751,3028500,76.7131506849315,76.32,77.14,73,38,35
4752,3029213,81.426,78.12,84.21,70,32,38
4753,3029267,79.7072463768116,78.12,81.08,69,32,37
4754,3029752,90.9086363636363,91.43,90.32,66,35,31
4755,3029947,71.8771875,80,64.71,64,30,34
4756,3030055,74.625223880597,74.19,75,67,31,36
4757,3030351,84.2858571428571,91.89,75.76,70,37,33
4758,3030528,82.5446031746032,84.38,80.65,63,32,31
4759,3030718,77.9413235294118,90.32,67.57,68,31,37
4760,3031049,74.1938709677419,76.47,71.43,62,34,28
4761,3031195,91.0714285714286,93.75,87.5,56,32,24
4762,3031926,79.5957142857143,85.19,72.73,49,27,22
4763,3034331,90.5669811320755,95.65,86.67,53,23,30
4764,3034451,87.7221052631579,92,84.38,57,25,32
4765,3034515,78.8469230769231,79.17,78.57,52,24,28
4766,3035174,89.8531884057971,90.62,89.19,69,32,37
4767,3035817,92.1578431372549,90,93.55,51,20,31
4768,3036078,91.07,91.67,90.62,56,24,32
4769,3036453,91.9332258064516,100,85.29,62,28,34
4770,3037645,89.9985,82.76,96.77,60,29,31
4771,3037694,84.9033962264151,85.71,84,53,28,25
4772,3038468,77.5834482758621,90.32,62.96,58,31,27
4773,3038555,87.719298245614,88,87.5,57,25,32
4774,3038705,81.6908450704225,78.79,84.21,71,33,38
4775,3039093,67.3908695652174,69.23,65,46,26,20
4776,3039436,84.6198076923077,90.48,80.65,52,21,31
4777,3039479,89.7446153846154,81.82,100,39,22,17
4778,3039744,78.333,73.08,82.35,60,26,34
4779,3041108,88.7117741935484,92,86.49,62,25,37
4780,3041633,92.7281818181818,95,91.43,55,20,35
4781,3042461,89.092,81.82,93.94,55,22,33
4782,3044440,97.3312,100,94.44,75,39,36
4783,3044467,93.3304,97.22,89.74,75,36,39
4784,3044549,83.3322222222222,87.5,77.27,54,32,22
4785,3045065,91.3023188405797,83.78,100,69,37,32
4786,3045340,89.6075324675325,95.74,80,77,47,30
4787,3045954,91.8588372093023,93.75,89.47,86,48,38
4788,3046465,87.503125,90.48,81.82,64,42,22
4789,3047872,88.8866666666667,87.5,90.62,72,40,32
4790,3048097,89.8553623188406,83.78,96.88,69,37,32
4791,3048110,88.6815094339623,89.29,88,53,28,25
4792,3049009,94.8265517241379,96.43,93.33,58,28,30
4793,3049328,96.9233846153846,100,93.94,65,32,33
4794,3050041,91.3068115942029,91.18,91.43,69,34,35
4795,3050572,95.455,93.94,96.97,66,33,33
4796,3050607,96.248625,97.56,94.87,80,41,39
4797,3050656,92.497125,94.87,90.24,80,39,41
4798,3051174,95.4563636363636,100,91.67,66,30,36
4799,3052122,96.6675,93.55,100,60,31,29
4800,3052185,95.4566666666667,100,89.66,66,37,29
4801,3052221,95.7168571428572,100,92.11,70,32,38
4802,3052316,90.00075,97.3,83.72,80,37,43
4803,3052400,95.59,97.06,94.12,68,34,34
4804,3052509,95.3103125,91.3,97.56,64,23,41
4805,3052548,91.045223880597,88.89,92.5,67,27,40
4806,3052893,93.1506849315068,90.32,95.24,73,31,42
4807,3055565,82.54,61.9,92.86,63,21,42
4808,3057371,95.4536363636364,96.67,94.44,66,30,36
4809,3057679,88.0586567164179,93.55,83.33,67,31,36
4810,3058337,92.8564285714286,93.94,91.89,70,33,37
4811,3059236,91.9972,85.71,96.55,50,21,29
4812,3059665,83.335,100,69.7,60,27,33
4813,3059870,87.4985714285714,90.32,84,56,31,25
4814,3061952,83.0494915254237,90.32,75,59,31,28
4815,3062617,86.4427118644068,91.18,80,59,34,25
4816,3062950,88.7350704225352,88.64,88.89,71,44,27
4817,3065681,78.3786486486486,71.88,83.33,74,32,42
4818,3066690,86.765,91.18,82.35,68,34,34
4819,3066883,88.0038666666667,91.18,85.37,75,34,41
4820,3067393,77.4190322580645,88.89,68.57,62,27,35
4821,3067723,89.8689873417722,94.59,85.71,79,37,42
4822,3067933,92.304,95.83,90.24,65,24,41
4823,3070601,86.0756962025316,92.68,78.95,79,41,38
4824,3071319,77.5,92.5,62.5,80,40,40
4825,3071387,86.6632,89.74,83.33,75,39,36
4826,3071609,82.7169135802469,88.37,76.32,81,43,38
4827,3071637,84.2105263157895,92.5,75,76,40,36
4828,3071756,57.4476595744681,69.23,42.86,47,26,21
4829,3072791,85.935,90.62,81.25,64,32,32
4830,3072857,83.546329113924,86.11,81.4,79,36,43
4831,3073161,94.7392105263158,97.83,90,76,46,30
4832,3073326,82.0898507462687,87.88,76.47,67,33,34
4833,3074099,82.8125,80.77,84.21,64,26,38
4834,3074472,91.5215254237288,92.59,90.62,59,27,32
4835,3074648,94.12,94.12,94.12,68,34,34
4836,3074778,94.1166176470588,97.14,90.91,68,35,33
4837,3076456,92.9852631578947,96.88,88,57,32,25
4838,3077067,84.0008,84.62,83.33,50,26,24
4839,3077077,88.2335294117647,90,85.71,34,20,14
4840,3077581,94,96,92,50,25,25
4841,3077714,90.3865384615385,96.3,84,52,27,25
4842,3078777,92.6464705882353,96.97,88.57,68,33,35
4843,3078892,95.0006666666667,96.43,93.75,60,28,32
4844,3079204,89.7064705882353,96.43,85,68,28,40
4845,3079378,87.2363829787234,91.67,82.61,47,24,23
4846,3079478,90.0016,85.19,95.65,50,27,23
4847,3081482,91.7813698630137,90.32,92.86,73,31,42
4848,3081913,88.6790566037736,100,79.31,53,24,29
4849,3081957,92.9815789473684,95.83,90.91,57,24,33
4850,3083006,95.8291666666667,95.45,96.15,48,22,26
4851,3083562,97.0158208955224,97.14,96.88,67,35,32
4852,3083807,97.0125373134328,94.44,100,67,36,31
4853,3084250,88.886,83.33,92.59,45,18,27
4854,3085031,85.7157142857143,88.89,81.82,49,27,22
4855,3085142,92.8548214285714,96.77,88,56,31,25
4856,3085197,87.2346808510638,79.17,95.65,47,24,23
4857,3086687,88.2364705882353,92.86,85,68,28,40
4858,3086746,89.8322033898305,92.31,87.88,59,26,33
4859,3086851,87.3012698412698,84.21,92,63,38,25
4860,3087016,86.4428813559322,79.17,91.43,59,24,35
4861,3087229,90.4086301369863,88.89,91.3,73,27,46
4862,3087780,86.4851351351351,82.35,90,74,34,40
4863,3087952,73.6838157894737,68,76.47,76,25,51
4864,3088138,73.44,76.67,70.59,64,30,34
4865,3088497,80.8495744680851,89.47,75,47,19,28
4866,3088504,81.0351724137931,80,81.58,58,20,38
4867,3088738,76.785,64.29,80.95,56,14,42
4868,3088862,80.6474193548387,82.61,79.49,62,23,39
4869,3088872,76.3618181818182,75,77.14,55,20,35
4870,3089517,81.0348275862069,80.77,81.25,58,26,32
4871,3089638,74.6,81.48,69.44,63,27,36
4872,3091384,75.5057142857143,85.71,61.9,49,28,21
4873,3091801,83.3373333333333,86.21,80.65,60,29,31
4874,3092044,91.3827586206897,96.3,87.1,58,27,31
4875,3092550,82.7572413793103,63.64,94.44,58,22,36
4876,3092759,86.8405263157895,83.33,90,76,36,40
4877,3093221,90.621875,85.71,96.55,64,35,29
4878,3093761,85,81.48,87.88,60,27,33
4879,3094732,95.24,93.94,96.67,63,33,30
4880,3095417,85.7151020408163,87.88,81.25,49,33,16
4881,3095686,89.0890909090909,85.29,95.24,55,34,21
4882,3095868,77.9710169491525,71.88,85.19,59,32,27
4883,3096008,89.3972727272727,86.67,91.67,66,30,36
4884,3096069,78.668,72.22,84.62,75,36,39
4885,3096266,75.7134285714286,72.41,78.05,70,29,41
4886,3096570,96.295,92.59,100,54,27,27
4887,3096923,69.1182352941177,75,63.89,68,32,36
4888,3097005,87.5003571428572,96.67,76.92,56,30,26
4889,3097123,82.3511764705882,83.33,81.25,68,36,32
4890,3098064,83.6751020408163,88,79.17,49,25,24
4891,3099282,85.4183333333333,86.96,84,48,23,25
4892,3100146,83.3316666666667,85,82.14,48,20,28
4893,3100450,88.1338983050847,97.14,75,59,35,24
4894,3100647,97.7281818181818,100,95.24,44,23,21
4895,3101094,91.8050819672131,94.12,88.89,61,34,27
4896,3101307,90.325,93.55,87.1,62,31,31
4897,3101341,82.6091304347826,96.43,61.11,46,28,18
4898,3102542,95.4504545454545,96.15,94.44,44,26,18
4899,3102920,95.835,88.24,100,48,17,31
4900,3104294,90.5667924528302,96.43,84,53,28,25
4901,3105250,94.5951351351351,88.89,100,37,18,19
4902,3105327,79.168125,86.21,68.42,48,29,19
4903,3105389,75.3847692307692,70.97,79.41,65,31,34
4904,3106374,87.6522222222222,89.13,85.71,81,46,35
4905,3107179,91.66875,80.65,100,72,31,41
4906,3107344,91.7809589041096,94.29,89.47,73,35,38
4907,3107943,95.6511594202899,91.89,100,69,37,32
4908,3108152,90.768,87.18,96.15,65,39,26
4909,3108727,91.3786206896552,97.06,83.33,58,34,24
4910,3109049,91.1754411764706,87.1,94.59,68,31,37
4911,3109430,93.4391803278689,96.55,90.62,61,29,32
4912,3110602,88.0597014925373,68,100,67,25,42
4913,3110712,88.0594029850746,69.23,100,67,26,41
4914,3111250,78.1225,86.36,60,64,44,20
4915,3111709,87.9982,81.48,95.65,50,27,23
4916,3111784,98.485,100,96.97,66,33,33
4917,3114179,89.1606024096386,86.67,92.11,83,45,38
4918,3115045,83.6070491803279,75,90.91,61,28,33
4919,3116081,85.7125,89.47,77.78,56,38,18
4920,3116331,87.9312068965517,81.48,93.55,58,27,31
4921,3119787,93.6514285714286,87.88,100,63,33,30
4922,3120012,93.1051724137931,87.1,100,58,31,27
4923,3121094,91.4876595744681,88.89,93.1,47,18,29
4924,3121639,93.2242372881356,91.67,94.29,59,24,35
4925,3121656,93.5475806451613,100,88.57,62,27,35
4926,3122126,89.8279661016949,83.33,96.55,59,30,29
4927,3122342,90.3241935483871,88.89,92.31,62,36,26
4928,3122405,94.2036231884058,92.11,96.77,69,38,31
4929,3122673,90.4744444444444,91.89,88.46,63,37,26
4930,3122862,90,88.57,91.43,70,35,35
4931,3123310,89.3943939393939,86.49,93.1,66,37,29
4932,3123480,69.8457142857143,55.56,80.56,63,27,36
4933,3123639,80.3033333333333,73.53,87.5,66,34,32
4934,3123754,79.998,85.71,66.67,40,28,12
4935,3125517,90.4744444444444,91.89,88.46,63,37,26
4936,3126166,84.85,88.64,77.27,66,44,22
4937,3126696,73.6831578947368,73.47,74.07,76,49,27
4938,3126919,89.2855357142857,96.97,78.26,56,33,23
4939,3127651,91.049552238806,92.11,89.66,67,38,29
4940,3129401,89.6513793103448,80.95,94.59,58,21,37
4941,3129827,88.6762264150943,86.36,90.32,53,22,31
4942,3129925,90.472380952381,90.32,90.62,63,31,32
4943,3130378,84.5032394366197,85.71,83.33,71,35,36
4944,3130385,81.3591525423729,80.56,82.61,59,36,23
4945,3130670,68.0008,61.54,75,50,26,24
4946,3130785,87.3014285714286,86.11,88.89,63,36,27
4947,3131050,92.7278181818182,89.19,100,55,37,18
4948,3131092,85.9988,82.14,90.91,50,28,22
4949,3131792,85.1068085106383,80,90.91,47,25,22
4950,3131850,93.2447297297297,97.44,88.57,74,39,35
4951,3131968,91.665,83.33,100,60,30,30
4952,3132406,76.1907936507937,77.42,75,63,31,32
4953,3132636,87.5025,86.67,88.89,48,30,18
4954,3132790,87.9982,81.48,95.65,50,27,23
4955,3133523,82.3511764705882,85.71,80,51,21,30
4956,3134515,89.9995714285714,92.68,86.21,70,41,29
4957,3134605,90.1640983606557,91.43,88.46,61,35,26
4958,3134791,98.2456140350877,100,96,57,32,25
4959,3134829,86.365,87.88,84.85,66,33,33
4960,3135557,79.6608474576271,87.5,70.37,59,32,27
4961,3137367,84.7226388888889,89.19,80,72,37,35
4962,3137477,85.71,85.71,85.71,70,35,35
4963,3137873,82.4347297297297,86.05,77.42,74,43,31
4964,3138093,73.21,85.71,60.71,56,28,28
4965,3138348,78.687868852459,75,81.08,61,24,37
4966,3139234,88.8933333333333,80.56,95.56,81,36,45
4967,3139515,77.9426470588235,56,90.7,68,25,43
4968,3139668,79.7072463768116,78.12,81.08,69,32,37
4969,3139840,72.9731081081081,75.76,70.73,74,33,41
4970,3140071,86.0493023255814,81.82,90.48,86,44,42
4971,3140258,89.998875,83.78,95.35,80,37,43
4972,3140375,83.5445569620253,87.18,80,79,39,40
4973,3140859,87.7777777777778,88,87.5,90,50,40
4974,3141043,90.2775,85.29,94.74,72,34,38
4975,3141079,83.5469620253165,85.37,81.58,79,41,38
4976,3142107,87.775,91.11,84.44,90,45,45
4977,3142643,94.2509195402299,94,94.59,87,50,37
4978,3143148,81.3184615384615,85.42,76.74,91,48,43
4979,3143675,90.0018571428571,90.2,89.47,70,51,19
4980,3144331,83.3330769230769,82.5,84.21,78,40,38
4981,3145023,64.5564556962025,57.14,76.67,79,49,30
4982,3145466,90.4093150684931,84.21,97.14,73,38,35
4983,3145548,89.9985,84.09,97.22,80,44,36
4984,3146012,85.2290909090909,80.77,91.67,88,52,36
4985,3146076,89.2864285714286,82.22,97.44,84,45,39
4986,3146215,86.5679104477612,78.57,92.31,67,28,39
4987,3146221,86.1538461538462,80,96,65,40,25
4988,3146448,90.91,90.91,90.91,77,44,33
4989,3146523,87.5,77.14,97.3,72,35,37
4990,3147233,88.2370588235294,80,94.74,68,30,38
4991,3147455,89.8349152542373,96.3,84.38,59,27,32
4992,3147469,87.4957142857143,90.62,83.33,56,32,24
4993,3148027,89.2286153846154,93.1,86.11,65,29,36
4994,3148033,87.7161403508772,93.1,82.14,57,29,28
4995,3148469,72.5501960784314,92.31,52,51,26,25
4996,3149736,93.1513698630137,90,95.35,73,30,43
4997,3149757,92.3930434782609,90.48,94,92,42,50
4998,3149847,85.3663414634146,83.33,86.96,82,36,46
4999,3149884,87.6441573033708,90.48,85.11,89,42,47
5000,3149964,84.8501515151515,75.68,96.55,66,37,29
5001,3150025,90.5435135135135,88.89,92.11,74,36,38
5002,3150392,86.364696969697,89.19,82.76,66,37,29
5003,3150818,90.4744047619048,89.36,91.89,84,47,37
5004,3151548,97.6163095238095,97.67,97.56,84,43,41
5005,3152568,92.929494949495,92.86,93.02,99,56,43
5006,3152921,93.9375757575758,95.38,91.18,99,65,34
5007,3153441,85.2941176470588,93.75,65,68,48,20
5008,3153524,96.0392079207921,98.36,92.5,101,61,40
5009,3153867,93.6826315789474,94,93.33,95,50,45
5010,3154060,89.998,85.71,93.75,60,28,32
5011,3154592,86.3627272727273,90.38,80.56,88,52,36
5012,3154985,91.9571264367816,97.73,86.05,87,44,43
5013,3156721,89.858115942029,80.65,97.37,69,31,38
5014,3156886,90.9107792207792,95,86.49,77,40,37
5015,3157587,89.6093506493506,87.8,91.67,77,41,36
5016,3157893,91.1146666666667,90.48,91.67,90,42,48
5017,3158106,86.7493975903615,92.5,81.4,83,40,43
5018,3158417,92.8555952380952,97.56,88.37,84,41,43
5019,3158673,91.8940540540541,95,88.24,74,40,34
5020,3158692,98.7346835443038,100,97.96,79,30,49
5021,3158973,92.224,93.75,90.48,90,48,42
5022,3159205,96.9417346938776,97.78,96.23,98,45,53
5023,3159297,95.0638271604938,94.74,95.35,81,38,43
5024,3159316,90.4794285714286,93.48,88.14,105,46,59
5025,3160787,90.4721428571429,89.47,91.3,84,38,46
5026,3160841,91.9958666666667,89.47,94.59,75,38,37
5027,3161269,89.7457692307692,93.94,86.67,78,33,45
5028,3161582,87.0974193548387,88.24,85.71,62,34,28
5029,3161961,73.6842105263158,81.25,64,57,32,25
5030,3162092,96.4905263157895,95.24,97.22,57,21,36
5031,3162339,85.8971794871795,84.21,87.5,78,38,40
5032,3162496,92.2096103896104,90,93.62,77,30,47
5033,3164148,89.3352,91.67,87.18,75,36,39
5034,3164527,95.7753521126761,100,91.43,71,36,35
5035,3165150,94.2834285714286,97.67,88.89,70,43,27
5036,3166120,87.5011111111111,86.49,88.57,72,37,35
5037,3167264,89.8303389830509,90.91,88.46,59,33,26
5038,3167561,96.8759375,92.31,100,64,26,38
5039,3168967,96.2495,97.73,94.44,80,44,36
5040,3169996,91.5522535211267,92.11,90.91,71,38,33
5041,3170199,97.0167164179104,94.74,100,67,38,29
5042,3170544,89.06234375,83.87,93.94,64,31,33
5043,3173139,91.0252564102564,89.36,93.55,78,47,31
5044,3173751,94.0467857142857,95.35,92.68,84,43,41
5045,3175085,98.835,97.67,100,86,43,43
5046,3175265,91.8359183673469,92.31,91.3,98,52,46
5047,3175863,86.8453947368421,86.67,87.1,76,45,31
5048,3176668,97.6751162790698,97.78,97.56,86,45,41
5049,3177083,91.8613953488372,93.48,90,86,46,40
5050,3177401,77.945,67.65,88.24,68,34,34
5051,3179130,80.3295081967213,84.38,75.86,61,32,29
5052,3179636,89.1902702702703,79.17,94,74,24,50
5053,3179654,91.1108888888889,96.43,82.35,45,28,17
5054,3179805,86.2746078431373,82.98,89.09,102,47,55
5055,3179903,88.0004,79.49,97.22,75,39,36
5056,3180153,74.7461616161616,68.29,79.31,99,41,58
5057,3180997,87.7766666666667,89.19,86.79,90,37,53
5058,3181283,91.0077528089888,91.89,90.38,89,37,52
5059,3181731,85.71,85.71,85.71,105,42,63
5060,3181798,80.0028,71.43,85.11,75,28,47
5061,3181989,83.4848623853211,84.21,82.69,109,57,52
5062,3183104,89.5639130434783,90.91,88.33,115,55,60
5063,3183440,89.1295652173913,90,88.46,92,40,52
5064,3184109,93.0238372093023,91.89,93.88,86,37,49
5065,3184726,86.5192134831461,88.57,85.19,89,35,54
5066,3185496,83.5415189873418,85.71,81.08,79,42,37
5067,3185508,87.9992,90.38,85.42,100,52,48
5068,3185599,82.2794936708861,81.4,83.33,79,43,36
5069,3185615,83.1025352112676,75.68,91.18,71,37,34
5070,3185973,84.8093670886076,86.36,82.86,79,44,35
5071,3186004,95.555,93.33,97.78,90,45,45
5072,3186079,95.0614814814815,93.33,96.08,81,30,51
5073,3186223,92.1057894736842,88.89,95,76,36,40
5074,3186235,90.3624096385542,88.1,92.68,83,42,41
5075,3186457,94.445,94.87,94.12,90,39,51
5076,3187107,84.5233333333333,85,84.09,84,40,44
5077,3187772,81.4305714285714,82.61,79.17,70,46,24
5078,3188263,82.6636,69.44,94.87,75,36,39
5079,3188389,86.5144943820225,84.78,88.37,89,46,43
5080,3188450,87.5,87.5,87.5,80,40,40
5081,3188782,92.2112987012987,92.31,92.11,77,39,38
5082,3190765,74.47,52.63,89.29,47,19,28
5083,3191162,88.8926666666667,84.62,92.16,90,39,51
5084,3192284,91.8906756756757,92.68,90.91,74,41,33
5085,3193018,88.0951190476191,82.93,93.02,84,41,43
5086,3193548,85.8953846153846,84.31,88.89,78,51,27
5087,3194302,94.6676,90.91,97.62,75,33,42
5088,3195583,95.4026436781609,91.49,100,87,47,40
5089,3195744,90.9127272727273,87.76,96.43,77,49,28
5090,3196761,84.8093670886076,86.36,82.86,79,44,35
5091,3197950,87.3031746031746,87.1,87.5,63,31,32
5092,3198702,87.3555172413793,81.25,94.87,87,48,39
5093,3201118,80.2467901234568,73.68,86.05,81,38,43
5094,3201125,80.0011578947368,79.17,80.85,95,48,47
5095,3201230,85.87,86.96,84.78,92,46,46
5096,3201401,91.46,93.02,89.74,82,43,39
5097,3201905,90,87.04,94.44,90,54,36
5098,3202672,93.42,89.47,97.37,76,38,38
5099,3202989,74.6253731343284,58.06,88.89,67,31,36
5100,3205825,86.8834426229508,82.61,89.47,61,23,38
5101,3206475,90.7716923076923,87.5,91.84,65,16,49
5102,3206809,84.7183333333333,83.33,85.71,72,30,42
5103,3206886,95.9443243243243,96.3,95.74,74,27,47
5104,3207518,87.0618823529412,87.1,87.04,85,31,54
5105,3209028,90.0001,95.74,84.91,100,47,53
5106,3211276,83.0179245283019,96.77,63.64,53,31,22
5107,3211522,91.9361290322581,81.82,97.5,62,22,40
5108,3212139,92.19125,92.31,92.11,64,26,38
5109,3212189,93.4048351648352,88.89,96.36,91,36,55
5110,3212288,89.8755696202532,91.18,88.89,79,34,45
5111,3212300,93.336,94.12,92.86,90,34,56
5112,3212990,97.1404285714286,100,94.59,70,33,37
5113,3213354,94.8275862068966,100,88,58,33,25
5114,3215072,81.0379310344828,66.67,91.18,58,24,34
5115,3215553,94.2294230769231,92.59,96,52,27,25
5116,3215952,96.9233846153846,90.91,100,65,22,43
5117,3216183,94.6442857142857,88.89,97.37,56,18,38
5118,3216197,96.3,96.3,96.3,54,27,27
5119,3216727,94.1191176470588,91.3,95.56,68,23,45
5120,3217555,91.5261016949153,89.66,93.33,59,29,30
5121,3217963,92.86,88,95.56,70,25,45
5122,3217984,90,83.33,93.48,70,24,46
5123,3219136,85.7142857142857,80.56,90.24,77,36,41
5124,3219532,88.7651685393258,81.4,95.65,89,43,46
5125,3219863,94.4468888888889,90.91,97.83,90,44,46
5126,3220229,91.0125842696629,81.08,98.08,89,37,52
5127,3220294,94.564347826087,89.36,100,92,47,45
5128,3220501,91.4305714285714,86.49,96.97,70,37,33
5129,3220507,87.1776923076923,79.41,93.18,78,34,44
5130,3221053,90.002,84.38,93.75,80,32,48
5131,3222566,90.4721428571429,87.8,93.02,84,41,43
5132,3222592,90.5891764705882,84.62,95.65,85,39,46
5133,3222945,94.5041758241758,92.68,96,91,41,50
5134,3223671,85.7184285714286,78.95,88.24,70,19,51
5135,3226440,92.854,93.1,92.68,70,29,41
5136,3226902,95.7756338028169,94.29,97.22,71,35,36
5137,3227146,85.9636842105263,83.87,88.46,57,31,26
5138,3227157,86.1523076923077,81.82,90.62,65,33,32
5139,3227388,87.2745454545455,87.5,87.1,55,24,31
5140,3227460,82.355,72.73,91.43,68,33,35
5141,3229560,79.9969333333333,79.31,80.43,75,29,46
5142,3229932,87.5015,88.1,86.84,80,42,38
5143,3231010,88.2352941176471,76.92,95.24,68,26,42
5144,3232076,90.8052873563218,82.98,100,87,47,40
5145,3233239,96.5535632183908,97.96,94.74,87,49,38
5146,3233514,92.4046835443038,91.43,93.18,79,35,44
5147,3234299,87.6392134831461,91.49,83.33,89,47,42
5148,3235573,85.9,84.85,86.67,78,33,45
5149,3236536,92.6839024390244,95.24,90,82,42,40
5150,3237567,94.1851162790698,97.22,92,86,36,50
5151,3238005,92.9383529411765,89.74,95.65,85,39,46
5152,3238044,88.4052173913043,89.47,87.1,69,38,31
5153,3238639,75.6371794871795,82.35,70.45,78,34,44
5154,3238712,87.5018181818182,82.93,91.49,88,41,47
5155,3238923,89.1908108108108,91.18,87.5,74,34,40
5156,3240859,88.0024,92.86,81.82,75,42,33
5157,3241102,91.3047826086956,88.57,94.12,69,35,34
5158,3241713,97.5903614457831,100,96,83,33,50
5159,3241723,91.0461194029851,89.47,91.67,67,19,48
5160,3243646,88.0009333333333,86.21,89.13,75,29,46
5161,3244012,98.1150943396226,100,96.67,53,23,30
5162,3244275,75.9255555555555,87.5,59.09,54,32,22
5163,3244520,92.5944444444444,96.67,87.5,54,30,24
5164,3246566,88.8888888888889,100,72,63,38,25
5165,3246889,96.87375,97.5,95.83,64,40,24
5166,3247401,89.1282608695652,80,96.15,46,20,26
5167,3247498,90.3851923076923,88.89,92,52,27,25
5168,3249648,85.715,88.57,82.86,70,35,35
5169,3249668,90.7427777777778,90.48,90.91,54,21,33
5170,3249851,90.1421126760563,91.43,88.89,71,35,36
5171,3250986,81.6361224489796,92.31,69.57,49,26,23
5172,3251461,92.8585714285714,93.75,91.67,56,32,24
5173,3251655,90.62421875,90.91,90.32,64,33,31
5174,3254405,93.6163829787234,96.55,88.89,47,29,18
5175,3254865,91.4302857142857,88.89,94.12,70,36,34
5176,3254906,92.7543478260869,96.97,88.89,69,33,36
5177,3255436,97.2951351351351,100,94.44,74,38,36
5178,3255502,91.3592592592593,95.24,87.18,81,42,39
5179,3255729,87.2302127659574,91.3,83.33,47,23,24
5180,3255745,89.6105194805195,94.44,85.37,77,36,41
5181,3257065,84.618717948718,86.49,82.93,78,37,41
5182,3258243,80.8835294117647,90.91,71.43,68,33,35
5183,3258437,83.335303030303,84,82.93,66,25,41
5184,3258460,83.75,80,86,80,30,50
5185,3258788,85.3341333333333,77.42,90.91,75,31,44
5186,3259147,75.3876923076923,66.67,82.86,65,30,35
5187,3259382,85.9668421052632,76.19,91.67,57,21,36
5188,3259955,91.7809589041096,94.29,89.47,73,35,38
5189,3260604,90.385,83.33,94.12,52,18,34
5190,3262119,80.002,88.89,72.73,60,27,33
5191,3262394,86.67,100,81.4,60,17,43
5192,3262400,91.1758823529412,95.24,89.36,68,21,47
5193,3262505,93.444262295082,92.86,93.94,61,28,33
5194,3262735,79.3055172413793,65.38,90.62,58,26,32
5195,3262747,79.3144827586207,73.08,84.38,58,26,32
5196,3262775,87.0998387096774,89.66,84.85,62,29,33
5197,3263557,91.9976,88.46,95.83,50,26,24
5198,3263732,79.9978571428571,76.92,83.87,70,39,31
5199,3263925,79.7332432432433,78.95,80.56,74,38,36
5200,3264017,82.4332432432432,80.95,84.38,74,42,32
5201,3264904,80.8504255319149,75,83.87,47,16,31
5202,3267029,88.6072151898734,95.65,78.79,79,46,33
5203,3268240,93.1037931034483,91.67,95.45,58,36,22
5204,3268316,92.7316363636364,96.88,86.96,55,32,23
5205,3268561,75.001,78.79,70.37,60,33,27
5206,3270011,85.7142857142857,80,90,70,30,40
5207,3270055,90.7910526315789,89.19,92.31,76,37,39
5208,3270210,92.86,91.43,94.29,70,35,35
5209,3271072,86.6682222222222,76.47,92.86,45,17,28
5210,3272135,94.5206849315068,92.5,96.97,73,40,33
5211,3272796,86.54,84.62,88.46,52,26,26
5212,3273015,75.3445205479452,71.43,78.95,73,35,38
5213,3273286,78.7240425531915,88.89,65,47,27,20
5214,3274793,80.555,88.89,72.22,72,36,36
5215,3275141,83.9054022988506,89.47,79.59,87,38,49
5216,3275264,82.9236585365854,89.47,77.27,82,38,44
5217,3275312,89.4742105263158,89.19,90,57,37,20
5218,3275688,81.482962962963,94.12,60,54,34,20
5219,3276464,92.1011842105263,94.59,89.74,76,37,39
5220,3276673,87.7205263157895,93.55,80.77,57,31,26
5221,3277861,86.0018,89.66,80.95,50,29,21
5222,3278596,88.1369491525424,80,94.12,59,25,34
5223,3280371,91.3575308641975,97.56,85,81,41,40
5224,3280615,86.8872131147541,96.67,77.42,61,30,31
5225,3280741,91.3065217391304,90.91,91.67,69,33,36
5226,3280769,86.360606060606,85.71,86.84,66,28,38
5227,3281053,83.7828378378378,88.37,77.42,74,43,31
5228,3281276,92.1094736842105,96.88,88.64,76,32,44
5229,3281302,94.999375,100,91.11,80,35,45
5230,3281399,89.0224390243903,90.62,88,82,32,50
5231,3281566,90.9136363636364,94.29,88.1,77,35,42
5232,3281701,86.421975308642,91.18,82.98,81,34,47
5233,3282809,88.8936507936508,89.66,88.24,63,29,34
5234,3283363,92.5359701492537,88.89,96.77,67,36,31
5235,3284601,87.879696969697,85,92.31,66,40,26
5236,3284862,91.3796551724138,93.94,88,58,33,25
5237,3285820,84.5050704225352,82.22,88.46,71,45,26
5238,3285856,81.3535593220339,89.74,65,59,39,20
5239,3286155,89.09,96.97,77.27,55,33,22
5240,3286409,91.3566666666667,95.83,84.85,81,48,33
5241,3286443,81.8207272727273,78.26,84.38,55,23,32
5242,3287252,80.7711538461539,80.65,80.95,52,31,21
5243,3287504,85.7133333333333,87.88,83.33,63,33,30
5244,3287543,73.6817543859649,77.14,68.18,57,35,22
5245,3288054,89.8313559322034,91.43,87.5,59,35,24
5246,3288780,93.5470967741935,93.1,93.94,62,29,33
5247,3289564,91.4906382978723,89.66,94.44,47,29,18
5248,3289594,91.666875,96.3,85.71,48,27,21
5249,3289658,79.998,71.43,85.71,35,14,21
5250,3290210,89.7938775510204,93.1,85,49,29,20
5251,3290631,73.685,86.96,53.33,38,23,15
5252,3290982,92.1570588235294,85.71,96.67,51,21,30
5253,3291130,85.7133333333333,81.25,88.46,42,16,26
5254,3292359,80.4358695652174,94.74,70.37,46,19,27
5255,3293390,96.4871929824562,96.15,96.77,57,26,31
5256,3294181,91.8040983606557,93.55,90,61,31,30
5257,3294949,83.3366666666667,89.29,78.95,66,28,38
5258,3295057,92.305,96.15,88.46,52,26,26
5259,3295555,79.9998333333333,87.1,72.41,60,31,29
5260,3296011,67.6936923076923,81.58,48.15,65,38,27
5261,3296237,70.4572727272727,89.29,37.5,44,28,16
5262,3296243,72.3404255319149,87.5,40,47,32,15
5263,3296686,78.6893442622951,84.38,72.41,61,32,29
5264,3297217,86.7930188679245,90.91,80,53,33,20
5265,3298352,85.71,78.12,95.83,56,32,24
5266,3298361,84.9069811320755,78.79,95,53,33,20
5267,3298472,81.6706666666667,73.08,88.24,60,26,34
5268,3301611,90.4753968253968,84.62,94.59,63,26,37
5269,3301638,85.7180952380952,85.37,86.05,84,41,43
5270,3302119,92.4236363636364,88.89,94.87,66,27,39
5271,3302843,92.4281818181818,92.11,92.86,66,38,28
5272,3303517,94.206231884058,94.12,94.29,69,34,35
5273,3304552,87.5,80,95,80,40,40
5274,3304573,83.3326388888889,70.97,92.68,72,31,41
5275,3305690,97.4015584415584,100,95.12,77,36,41
5276,3307020,77.7795833333333,87.18,66.67,72,39,33
5277,3307539,81.0795945945946,79.31,82.22,74,29,45
5278,3308249,71.666,85.29,53.85,60,34,26
5279,3308319,87.5,94.44,80.56,72,36,36
5280,3308714,85.7125396825397,93.55,78.12,63,31,32
5281,3309057,88.0617910447761,94.12,81.82,67,34,33
5282,3309519,95.6513043478261,93.94,97.22,69,33,36
5283,3310901,66.6639583333333,52.94,74.19,48,17,31
5284,3311804,89.5513432835821,100,79.41,67,33,34
5285,3312185,70.5896078431372,81.82,62.07,51,22,29
5286,3312867,86.4438983050847,86.21,86.67,59,29,30
5287,3313285,93.332,97.14,90,75,35,40
5288,3313437,86.9591304347826,81.82,91.67,69,33,36
5289,3313709,91.3587654320988,97.14,86.96,81,35,46
5290,3314159,95.1609677419355,97.22,92.31,62,36,26
5291,3315706,90.62390625,94.87,84,64,39,25
5292,3316789,95.7142857142857,100,92.5,70,30,40
5293,3316810,85.901282051282,86.49,85.37,78,37,41
5294,3317044,89.1913513513513,88.24,90,74,34,40
5295,3318221,92.5394029850746,91.18,93.94,67,34,33
5296,3319896,86.76,78.12,94.44,68,32,36
5297,3319969,85.7133333333333,83.33,87.88,63,30,33
5298,3319982,83.6392727272727,84.62,82.76,55,26,29
5299,3320018,86.3052054794521,81.82,88.24,73,22,51
5300,3321013,91.9387096774194,89.29,94.12,62,28,34
5301,3321725,87.694,92.31,80.77,65,39,26
5302,3322486,96.4302380952381,100,93.62,84,37,47
5303,3323557,83.5615068493151,94.29,73.68,73,35,38
5304,3323928,82.98,91.49,74.47,94,47,47
5305,3324390,69.0123943661972,84.78,40,71,46,25
5306,3324415,92.9411764705882,91.84,94.44,85,49,36
5307,3324496,90.2921359223301,91.38,88.89,103,58,45
5308,3324764,98.96,100,97.92,96,48,48
5309,3324800,96.7391304347826,100,93.75,92,44,48
5310,3324819,93.615,97.87,89.36,94,47,47
5311,3324897,93.1068965517241,93.88,92.11,87,49,38
5312,3325044,93.7525,97.3,90.7,80,37,43
5313,3326485,93.05625,88.57,97.3,72,35,37
5314,3326644,90.5657547169811,87.27,94.12,106,55,51
5315,3326706,95.1942307692308,94,96.3,104,50,54
5316,3328453,93.15,91.67,94.59,73,36,37
5317,3328688,94.3220454545455,90.48,97.83,88,42,46
5318,3328727,95.3125,87.5,100,64,24,40
5319,3328811,88.6113924050633,89.8,86.67,79,49,30
5320,3328877,93.0201162790698,92.68,93.33,86,41,45
5321,3330987,92.5914814814815,91.07,94.23,108,56,52
5322,3331285,89.2146078431372,85.45,93.62,102,55,47
5323,3331604,93.699842519685,91.04,96.67,127,67,60
5324,3331628,91.407109375,86.57,96.72,128,67,61
5325,3332090,95.5056179775281,90,100,89,40,49
5326,3332648,98.0942857142857,96.55,100,105,58,47
5327,3333170,94.5636956521739,85.29,100,92,34,58
5328,3333210,90.6762711864407,92.45,89.23,118,53,65
5329,3333319,89.1883783783784,88.89,89.58,111,63,48
5330,3334061,93.965,91.38,96.55,116,58,58
5331,3334199,90.3216129032258,90.91,89.47,93,55,38
5332,3334208,92.8545238095238,85.96,98.55,126,57,69
5333,3335658,94.2857142857143,87.5,100,105,48,57
5334,3337520,88.0426086956522,88.46,87.5,92,52,40
5335,3338311,89.6137662337662,90.7,88.24,77,43,34
5336,3338540,90.4738095238095,95.45,85,84,44,40
5337,3339090,90.79,92.11,89.47,76,38,38
5338,3339190,96.4280952380953,95.65,97.37,84,46,38
5339,3340955,80.0017142857143,85.42,68.18,70,48,22
5340,3341554,91.1383544303797,94.87,87.5,79,39,40
5341,3341684,89.6107792207792,91.18,88.37,77,34,43
5342,3344302,75.00078125,66.67,81.08,64,27,37
5343,3345421,94.172427184466,95.65,92.98,103,46,57
5344,3345508,87.6394382022472,91.11,84.09,89,45,44
5345,3345670,95.5566666666667,93.18,97.83,90,44,46
5346,3345961,89.395,87.88,90.91,66,33,33
5347,3348041,90.4275531914894,97.56,84.91,94,41,53
5348,3348217,89.0927272727273,86.67,92,110,60,50
5349,3348569,88.0447826086957,92.31,82.5,92,52,40
5350,3349109,92.3806666666667,92.45,92.31,105,53,52
5351,3350387,97.7510112359551,94.44,100,89,36,53
5352,3350698,93.0716831683168,88.24,98,101,51,50
5353,3350750,88.0436956521739,89.83,84.85,92,59,33
5354,3350967,96.9692929292929,100,94.23,99,47,52
5355,3352812,94.1711650485437,95.45,91.89,103,66,37
5356,3352997,92.5574468085106,89.8,95.56,94,49,45
5357,3353004,88.2329411764706,88.33,88,85,60,25
5358,3353067,93.4614018691589,94.55,92.31,107,55,52
5359,3354779,82.3543529411765,73.81,90.7,85,42,43
5360,3355029,92.3044230769231,91.8,93.02,104,61,43
5361,3356357,97.334,93.55,100,75,31,44
5362,3357342,85.7128571428571,83.87,88.37,105,62,43
5363,3358686,91.2093406593407,86.67,95.65,91,45,46
5364,3358913,79.5722580645161,80.36,78.38,93,56,37
5365,3359158,95.6559782608696,94.55,97.3,92,55,37
5366,3359747,92.1582352941177,89.29,95.65,102,56,46
5367,3360368,97.4355555555556,94.23,100,117,52,65
5368,3361176,98.0371568627451,97.87,98.18,102,47,55
5369,3362018,96.3989189189189,96.67,96.08,111,60,51
5370,3362231,94.3398113207547,91.49,96.61,106,47,59
5371,3362431,96.5802564102564,96.55,96.61,117,58,59
5372,3362490,97.0281188118812,100,94.64,101,45,56
5373,3363429,95.5771681415929,94.34,96.67,113,53,60
5374,3364237,92.3908695652174,90.24,94.12,92,41,51
5375,3364458,90.2195652173913,84.62,94.34,92,39,53
5376,3364659,85.7147619047619,88.37,82.93,84,43,41
5377,3365228,84.9304109589041,87.18,82.35,73,39,34
5378,3365233,73.6857894736842,72.73,75,57,33,24
5379,3367009,90.1780357142857,94.44,86.21,112,54,58
5380,3367482,88.8884848484848,92.5,86.44,99,40,59
5381,3369183,93.0197674418605,89.47,95.83,86,38,48
5382,3369965,88.7777551020408,91.89,86.89,98,37,61
5383,3370101,85.1348648648649,92.5,76.47,74,40,34
5384,3371582,82.1791089108911,73.33,89.29,101,45,56
5385,3372275,84.72,85.29,84.21,72,34,38
5386,3372577,92.5230841121495,90.57,94.44,107,53,54
5387,3372600,92.3851428571428,88.24,96.3,105,51,54
5388,3372910,92.8603571428572,91.23,94.55,112,57,55
5389,3373087,91.6685185185185,83.64,100,108,55,53
5390,3373479,91.7380165289256,89.86,94.23,121,69,52
5391,3376552,91.0575609756098,93.94,87.72,123,66,57
5392,3376804,88.2342857142857,87.18,90.24,119,78,41
5393,3377392,96.7041758241758,96.08,97.5,91,51,40
5394,3377569,93.1638461538462,88.89,98.15,117,63,54
5395,3378703,91.1279032258065,90,92.59,124,70,54
5396,3378736,86.8708080808081,84.91,89.13,99,53,46
5397,3379942,91.2045054945055,87.23,95.45,91,47,44
5398,3380737,81.3583050847458,80.36,82.26,118,56,62
5399,3381205,75.0018181818182,74,76.32,88,50,38
5400,3381567,80.5276991150443,75.86,85.45,113,58,55
5401,3383256,89.0794117647059,96.83,80.36,119,63,56
5402,3384363,87.7170175438596,89.23,85.71,114,65,49
5403,3384505,88.751625,83.87,91.84,80,31,49
5404,3386556,91.0431343283582,93.67,87.27,134,79,55
5405,3387429,94.8527941176471,97.53,90.91,136,81,55
5406,3387959,88.190157480315,89.23,87.1,127,65,62
5407,3388595,86.39768,87.95,83.33,125,83,42
5408,3388613,93.429197080292,95.4,90,137,87,50
5409,3390012,88.5978947368421,86.67,90.74,114,60,54
5410,3390350,91.089900990099,86,96.08,101,50,51
5411,3390591,83.4956310679612,72.41,87.84,103,29,74
5412,3391888,89.723738317757,89.29,90.2,107,56,51
5413,3392745,77.3203092783505,78.43,76.09,97,51,46
5414,3392977,82.925,100,65.85,82,41,41
5415,3393098,85.715,88.1,83.33,84,42,42
5416,3393430,89.7711363636364,91.11,88.37,88,45,43
5417,3394524,87.9056451612903,90.77,84.75,124,65,59
5418,3395874,74.7577669902913,72.73,76.27,103,44,59
5419,3397254,90.8041379310345,97.78,83.33,87,45,42
5420,3398857,94.6886725663717,95.74,93.94,113,47,66
5421,3399094,88.89,93.62,83.72,90,47,43
5422,3399224,88.4945132743363,90.48,87.32,113,42,71
5423,3399493,88.3503883495146,85.11,91.07,103,47,56
5424,3399518,89.651724137931,90.38,89.06,116,52,64
5425,3399761,88.5714285714286,95.56,83.33,105,45,60
5426,3400259,85.4545454545455,90.32,79.17,110,62,48
5427,3400928,89.1065346534653,87.5,90.16,101,40,61
5428,3401101,90.4352173913043,90,90.77,115,50,65
5429,3401851,90.5678301886793,89.36,91.53,106,47,59
5430,3402253,97.3680701754386,100,94.23,114,62,52
5431,3402528,86.5987628865979,98.36,66.67,97,61,36
5432,3403022,92.8580357142857,93.55,92,112,62,50
5433,3403337,95.7982352941176,96.61,95,119,59,60
5434,3405245,96.349197080292,94.2,98.53,137,69,68
5435,3405570,94.68,93.75,95.16,94,32,62
5436,3405763,85.9808411214953,90,80.85,107,60,47
5437,3405787,88.0928571428571,77.08,94.87,126,48,78
5438,3407011,90.62875,89.29,91.67,128,56,72
5439,3407282,92.2377586206897,84.44,97.18,116,45,71
5440,3407377,90.7673846153846,83.02,96.1,130,53,77
5441,3407464,89.5537313432836,85.25,93.15,134,61,73
5442,3407870,84.8137974683544,90.57,73.08,79,53,26
5443,3409880,72.6481196581197,55.17,89.83,117,58,59
5444,3411167,92.238275862069,94.23,90.62,116,52,64
5445,3411939,85.7150420168067,85.11,86.11,119,47,72
5446,3412119,91.8181818181818,98.04,86.44,110,51,59
5447,3413054,96.0012,94.23,97.92,100,52,48
5448,3413150,89.8284745762712,83.02,95.38,118,53,65
5449,3413295,89.5820833333333,80,95.08,96,35,61
5450,3413347,84.4472222222222,89.8,78.05,90,49,41
5451,3414503,91.0714285714286,97.5,87.5,112,40,72
5452,3416038,87.0125974025974,97.22,78.05,77,36,41
5453,3416414,94.3681690140845,93.94,94.74,71,33,38
5454,3417182,84.6174358974359,81.25,86.96,78,32,46
5455,3418323,87.6963076923077,88.24,87.1,65,34,31
5456,3419626,86.666,91.67,83.33,60,24,36
5457,3419803,81.25296875,85.19,78.38,64,27,37
5458,3420752,78.125,77.78,78.26,32,9,23
5459,3420822,58.5363414634146,68.18,47.37,41,22,19
5460,3421528,64.4413333333333,57.14,70.83,45,21,24
5461,3422550,43.2443243243243,31.82,60,37,22,15
5462,3423195,91.1776470588235,90,92.86,34,20,14
5463,3423721,92.6807317073171,100,85.71,41,20,21
5464,3423831,87.2346808510638,95.65,79.17,47,23,24
5465,3423992,81.8206060606061,75,88.24,33,16,17
5466,3424023,85.7122857142857,89.47,81.25,35,19,16
5467,3424178,88.8896296296296,93.75,81.82,27,16,11
5468,3425136,75,66.67,78.57,20,6,14
5469,3425200,74.9978571428571,60,83.33,28,10,18
5470,3425224,54.998,50,58.33,20,8,12
5471,3425456,62.5008333333333,71.43,50,24,14,10
5472,3425476,73.0807692307692,54.55,86.67,26,11,15
5473,3425536,70.3707407407407,71.43,69.23,27,14,13
5474,3425645,80.0023333333333,69.23,88.24,30,13,17
5475,3426702,84.6163461538462,80.95,87.1,52,21,31
5476,3428372,89.3308,83.33,94.87,75,36,39
5477,3428411,89.1917567567568,85.37,93.94,74,41,33
5478,3429843,89.133152173913,82.93,94.12,92,41,51
5479,3430206,85.8822352941176,71.79,97.83,85,39,46
5480,3431512,91.9984,83.33,100,100,48,52
5481,3431743,85.1816049382716,77.27,94.59,81,44,37
5482,3432513,95.242,91.67,98.25,105,48,57
5483,3434095,85.8458490566038,84.31,87.27,106,51,55
5484,3435598,90.4754761904762,79.41,98,84,34,50
5485,3435830,96.8106382978723,97.5,96.3,94,40,54
5486,3436285,91.4293333333333,94.64,87.76,105,56,49
5487,3437411,91.1762745098039,96.23,85.71,102,53,49
5488,3438022,71.6033333333333,62.07,76.92,81,29,52
5489,3438888,94.4427777777778,94.59,94.34,90,37,53
5490,3440026,93.3333333333333,93.62,93.02,90,47,43
5491,3440116,94.7363157894737,90.62,97.73,76,32,44
5492,3440228,90.4275531914894,97.56,84.91,94,41,53
5493,3440340,73.8085714285714,68.42,78.26,84,38,46
5494,3440508,90.2152173913043,95.83,84.09,92,48,44
5495,3441382,86.0005,87.76,84.31,100,49,51
5496,3442818,84.88,76.74,93.02,86,43,43
5497,3443202,91.8618604651163,91.49,92.31,86,47,39
5498,3443232,91.0895049504951,88.68,93.75,101,53,48
5499,3444117,92.9396470588235,91.07,96.55,85,56,29
5500,3445163,90.8173469387755,92.31,89.13,98,52,46
5501,3445375,80.7652564102564,72.97,87.8,78,37,41
5502,3446277,73.4691836734694,65,79.31,98,40,58
5503,3446368,84.6169230769231,78.79,88.89,78,33,45
5504,3446781,89.2516129032258,88.24,90.48,93,51,42
5505,3447565,92.8591836734694,93.48,92.31,98,46,52
5506,3447969,94.2021739130435,96.55,92.5,69,29,40
5507,3448793,89.0091208791209,84.21,92.45,91,38,53
5508,3449710,87.3668421052631,87.5,87.27,95,40,55
5509,3449747,96.2040506329114,100,92.86,79,37,42
5510,3449779,94.1771844660194,93.75,94.55,103,48,55
5511,3451196,77.3921739130435,72,81.54,115,50,65
5512,3453430,80.2849295774648,76.67,82.93,71,30,41
5513,3454045,85.8739130434783,81.4,89.8,92,43,49
5514,3454383,92.8586734693878,94.12,91.49,98,51,47
5515,3454447,86.247125,83.78,88.37,80,37,43
5516,3454729,94.186976744186,95.56,92.68,86,45,41
5517,3454791,96.7386956521739,97.73,95.83,92,44,48
5518,3455597,87.7577551020408,79.07,94.55,98,43,55
5519,3455667,88.3115584415584,70.37,98,77,27,50
5520,3457546,96.4747058823529,96.88,96.23,85,32,53
5521,3457581,93.5090909090909,89.29,95.92,77,28,49
5522,3459163,84.9052830188679,78.26,90,53,23,30
5523,3460718,95.24,100,92.86,21,7,14
5524,3460949,33.335,55.56,11.11,18,9,9
5525,3461100,82.3535294117647,88.89,75,17,9,8
5526,3461520,94.7389473684211,100,92.86,19,5,14
5527,3462104,84.8466666666667,63.64,95.45,33,11,22
5528,3463324,85.7148979591837,75,89.19,49,12,37
5529,3463357,95.654347826087,93.75,96.67,46,16,30
5530,3465311,79.0732558139535,64.29,86.21,43,14,29
5531,3465692,82.1442857142857,66.67,93.75,56,24,32
5532,3466172,91.3793103448276,96.77,85.19,58,31,27
5533,3467091,94.6704,97.3,92.11,75,37,38
5534,3467861,88.1327118644068,96.77,78.57,59,31,28
5535,3468017,89.1921621621622,97.37,80.56,74,38,36
5536,3469730,97.593734939759,97.3,97.83,83,37,46
5537,3469746,89.7019117647059,92.59,87.8,68,27,41
5538,3469898,93.5461290322581,100,89.47,62,24,38
5539,3470429,96.2958024691358,97.56,95,81,41,40
5540,3470646,90.165737704918,92.86,84.21,61,42,19
5541,3470993,81.6706666666667,92.86,71.88,60,28,32
5542,3471416,89.06140625,94.87,80,64,39,25
5543,3471539,92.65,94.12,91.18,68,34,34
5544,3471863,85.9164788732394,90.91,81.58,71,33,38
5545,3472485,95.8898630136986,93.75,97.56,73,32,41
5546,3473205,92.475376344086,90.57,95,93,53,40
5547,3473349,93.5876923076923,95.83,90,78,48,30
5548,3473628,85.9375,75,92.5,64,24,40
5549,3473823,95.2359523809524,97.56,93.02,84,41,43
5550,3473871,92.18671875,91.43,93.1,64,35,29
5551,3474196,89.8878651685393,87.18,92,89,39,50
5552,3474265,92.0016,87.88,95.24,75,33,42
5553,3475279,89.4767105263158,88.89,89.8,76,27,49
5554,3475383,89.060625,78.57,97.22,64,28,36
5555,3475545,93.3311111111111,80,97.14,45,10,35
5556,3475865,88.6815094339623,89.29,88,53,28,25
5557,3477939,91.0479104477612,86.21,94.74,67,29,38
5558,3479062,89.5513432835821,100,75.86,67,38,29
5559,3479329,86.5812195121951,87.23,85.71,82,47,35
5560,3479714,86.7670588235294,93.75,80.56,68,32,36
5561,3479879,93.3352,92.86,93.94,75,42,33
5562,3480958,95.6549275362319,97.06,94.29,69,34,35
5563,3481444,92.9824561403509,100,87.5,57,25,32
5564,3481745,83.335,93.94,72.73,66,33,33
5565,3483341,87.4971428571429,75,94.44,56,20,36
5566,3484473,88.4225263157895,92.68,85.19,95,41,54
5567,3485153,83.8229411764706,89.47,76.67,68,38,30
5568,3485561,88.7328169014085,88.37,89.29,71,43,28
5569,3485689,90.0002222222222,89.13,90.91,90,46,44
5570,3486293,84.2108421052632,86.96,81.63,95,46,49
5571,3486548,93.9024390243902,94,93.75,82,50,32
5572,3486587,90.4272340425532,92,88.64,94,50,44
5573,3488158,89.3918181818182,93.75,85.29,66,32,34
5574,3488637,88.6094936708861,100,74.29,79,44,35
5575,3489237,85.7145714285714,92.11,78.12,70,38,32
5576,3490732,94.6665333333333,91.89,97.37,75,37,38
5577,3491110,79.5928571428571,84.62,73.91,49,26,23
5578,3491212,87.5011111111111,92.11,82.35,72,38,34
5579,3491575,94.3398113207547,96.97,90,53,33,20
5580,3491770,85.94,75,96.88,64,32,32
5581,3492158,90.9084848484849,90.62,91.18,66,32,34
5582,3492348,86.54,88.46,84.62,52,26,26
5583,3492357,94.2021739130435,90.91,97.22,69,33,36
5584,3496618,78.5714285714286,84.38,73.68,70,32,38
5585,3497656,70.9105454545455,52.94,78.95,55,17,38
5586,3499707,68.9183783783784,77.14,61.54,74,35,39
5587,3501262,85.3670731707317,88.89,82.61,82,36,46
5588,3501610,92.3087912087912,90.7,93.75,91,43,48
5589,3502242,73.1162365591398,75.61,71.15,93,41,52
5590,3503636,84.72,90,78.12,72,40,32
5591,3503686,89.0253658536585,86.49,91.11,82,37,45
5592,3503810,86.7680882352941,86.49,87.1,68,37,31
5593,3504256,95.8898630136986,93.75,97.56,73,32,41
5594,3504280,98.668,96.67,100,75,30,45
5595,3504497,87.2083720930233,95.12,80,86,41,45
5596,3504996,94.1868604651163,94.87,93.62,86,39,47
5597,3506967,92.7846391752577,96.3,88.37,97,54,43
5598,3507621,91.7572164948454,94.55,88.1,97,55,42
5599,3507811,91.7637647058824,97.96,83.33,85,49,36
5600,3507862,94.8044155844156,97.78,90.62,77,45,32
5601,3508065,85.3639024390244,90.62,82,82,32,50
5602,3508313,90.9086363636363,90.32,91.43,66,31,35
5603,3509252,80.5994029850746,89.29,74.36,67,28,39
5604,3510816,81.2535,90.2,65.52,80,51,29
5605,3511518,78.5742857142857,97.44,54.84,70,39,31
5606,3512040,77.8933684210526,91.49,64.58,95,47,48
5607,3514685,90.004,92.86,88.1,70,28,42
5608,3514803,91.1757352941176,97.14,84.85,68,35,33
5609,3515297,91.938064516129,93.94,89.66,62,33,29
5610,3516847,71.7926923076923,61.29,78.72,78,31,47
5611,3517078,96.2022784810127,97.37,95.12,79,38,41
5612,3517737,65.3834615384615,46.67,72.97,52,15,37
5613,3517743,72.8803389830509,79.41,64,59,34,25
5614,3517757,66.6639130434783,60.71,70.73,69,28,41
5615,3518664,83.6065573770492,78.57,87.88,61,28,33
5616,3519163,87.3044444444444,82.86,92.86,63,35,28
5617,3519606,92.4248484848485,87.5,97.06,66,32,34
5618,3519692,96.4273214285714,92.59,100,56,27,29
5619,3519995,82.145,67.86,96.43,56,28,28
5620,3520201,89.2828571428571,94.44,80,56,36,20
5621,3520799,88.0616417910448,89.19,86.67,67,37,30
5622,3520817,86.9591304347826,84.62,90,69,39,30
5623,3520938,72.6024657534247,76.92,67.65,73,39,34
5624,3522325,90.1947058823529,92.59,87.5,51,27,24
5625,3522898,74.2390909090909,63.33,83.33,66,30,36
5626,3524467,73.6884210526316,75.56,66.67,57,45,12
5627,3525813,82.6925,82.05,84.62,52,39,13
5628,3525991,77.1963157894737,86.67,66.67,57,30,27
5629,3526473,74.075,59.26,88.89,54,27,27
5630,3527250,91.5245762711864,90.91,91.89,59,22,37
5631,3527858,90.0025714285714,92.11,87.5,70,38,32
5632,3530814,92.7265454545454,92.31,93.1,55,26,29
5633,3531178,87.3031746031746,87.5,87.1,63,32,31
5634,3531787,93.6495238095238,93.33,93.94,63,30,33
5635,3532215,93.151095890411,96.77,90.48,73,31,42
5636,3532258,82.7596551724138,78.57,86.67,58,28,30
5637,3532344,94.1185294117647,90,97.37,68,30,38
5638,3532372,95.6520289855072,96.77,94.74,69,31,38
5639,3532456,93.8447692307692,92.86,94.59,65,28,37
5640,3532854,96.3406097560976,94.59,97.78,82,37,45
5641,3532907,93.1041379310345,87.5,97.06,58,24,34
5642,3533061,95.3850769230769,100,90.91,65,32,33
5643,3533173,92.4543396226415,90.48,93.75,53,21,32
5644,3533589,96.3650909090909,92.86,100,55,28,27
5645,3533948,92.7530434782609,89.74,96.67,69,39,30
5646,3534241,89.0434246575342,89.29,88.89,73,28,45
5647,3534439,78.3774324324324,58.62,91.11,74,29,45
5648,3536511,96.8263492063492,96,97.37,63,25,38
5649,3536672,96.0754901960784,95.45,96.55,51,22,29
5650,3537221,93.7484375,95.24,93.02,64,21,43
5651,3537664,88.8914814814815,88,89.66,54,25,29
5652,3537822,95.4536363636364,96.67,94.44,66,30,36
5653,3538594,89.7064705882353,96.88,83.33,68,32,36
5654,3539333,94.666,94.59,94.74,75,37,38
5655,3539385,88.892962962963,92.11,86.05,81,38,43
5656,3539763,89.3374666666667,92.11,86.49,75,38,37
5657,3540078,97.5624390243902,100,94.74,82,44,38
5658,3541577,94.6704,92.11,97.3,75,38,37
5659,3541973,95.0013333333333,100,86.96,60,37,23
5660,3542702,90,90,90,60,30,30
5661,3543941,87.880606060606,89.19,86.21,66,37,29
5662,3544334,98.6855263157895,97.3,100,76,37,39
5663,3544507,80,80,80,55,30,25
5664,3544716,89.4771929824562,86.96,91.18,57,23,34
5665,3545283,85.7142857142857,64,100,63,25,38
5666,3545612,78.7875757575758,81.25,76.47,66,32,34
5667,3545742,88.1376271186441,86.96,88.89,59,23,36
5668,3545761,90.4766666666667,90,90.91,63,30,33
5669,3545772,90.1945098039216,90.32,90,51,31,20
5670,3546757,97.0179104477612,96.67,97.3,67,30,37
5671,3546770,96.6110169491525,100,93.55,59,28,31
5672,3547516,90.4106849315069,83.33,97.3,73,36,37
5673,3547739,98.6116666666667,100,97.06,72,38,34
5674,3548137,95.3852307692308,91.67,97.56,65,24,41
5675,3548401,80.7707692307692,90.2,62.96,78,51,27
5676,3550420,86.666,83.33,88.89,60,24,36
5677,3550512,81.5384615384615,72,87.5,65,25,40
5678,3551149,78.7887878787879,56.52,90.7,66,23,43
5679,3551236,78.1850909090909,66.67,87.1,55,24,31
5680,3551330,93.4460655737705,92.31,94.29,61,26,35
5681,3551656,85.4507272727273,78.12,95.65,55,32,23
5682,3553488,81.6938028169014,80.56,82.86,71,36,35
5683,3553889,58.6980434782609,69.7,30.77,46,33,13
5684,3554160,78.4647692307692,86.49,67.86,65,37,28
5685,3554519,85.4841935483871,82.35,89.29,62,34,28
5686,3554851,94.9164406779661,92.31,96.97,59,26,33
5687,3554938,94.2520689655172,94.87,93.75,87,39,48
5688,3556988,97.258904109589,100,93.33,73,43,30
5689,3557012,92.9561971830986,94.44,91.43,71,36,35
5690,3557230,74.4687234042553,54.17,95.65,47,24,23
5691,3557240,74.9963461538461,52.17,93.1,52,23,29
5692,3557629,88.1371186440678,90,86.21,59,30,29
5693,3557765,97.0179104477612,97.3,96.67,67,37,30
5694,3558807,95.4545454545455,97.3,93.1,66,37,29
5695,3559096,91.4307142857143,86.05,100,70,43,27
5696,3559309,97.2194444444444,95.45,100,72,44,28
5697,3559758,88.2351470588235,87.88,88.57,68,33,35
5698,3561222,96.7037362637363,98.04,95,91,51,40
5699,3563179,87.7777777777778,87.5,88,90,40,50
5700,3563350,62.50325,65.96,57.58,80,47,33
5701,3565382,81.2520833333333,81.08,81.36,96,37,59
5702,3565772,88.2386274509804,93.62,83.64,102,47,55
5703,3566017,86.2063218390805,92.5,80.85,87,40,47
5704,3567918,93.1524657534247,100,86.49,73,36,37
5705,3568204,85.7128571428571,92,82.22,70,25,45
5706,3569558,73.1721951219512,92.86,52.5,82,42,40
5707,3570368,97.7264772727273,100,94.87,88,49,39
5708,3570525,92.4032911392405,95,89.74,79,40,39
5709,3570983,63.0117808219178,80,42.42,73,40,33
5710,3571014,81.25,92.5,70,80,40,40
5711,3571140,79.7666666666667,92.11,69.57,84,38,46
5712,3573407,79.0112345679012,67.65,87.23,81,34,47
5713,3573632,88.3743023255814,88.57,88.24,86,35,51
5714,3573723,90.8210204081632,84.62,94.92,98,39,59
5715,3574306,87.4963636363636,85.71,88.33,88,28,60
5716,3575975,91.3020289855072,87.8,96.43,69,41,28
5717,3576420,74.1948387096774,63.64,80,31,11,20
5718,3576425,91.3768965517241,85.71,93.18,58,14,44
5719,3577029,95.1810843373494,100,91.49,83,36,47
5720,3577951,54.2825714285714,33.33,72.97,70,33,37
5721,3579589,96.4694117647059,96.67,96.36,85,30,55
5722,3579917,89.2828571428571,90.62,88.46,84,32,52
5723,3580884,90.1429577464789,89.19,91.18,71,37,34
5724,3581478,73.1365671641791,86.05,50,67,43,24
5725,3581686,85.528947368421,86.05,84.85,76,43,33
5726,3581785,82.6669333333333,89.47,75.68,75,38,37
5727,3582717,94.3390566037736,97.06,89.47,53,34,19
5728,3583009,93.5470967741935,93.94,93.1,62,33,29
5729,3583470,95,96.67,93.33,60,30,30
5730,3583488,85.525,84.21,86.84,76,38,38
5731,3583539,85.2975,75.76,94.29,68,33,35
5732,3584139,96.1551923076923,96.97,94.74,52,33,19
5733,3585642,81.999,94.74,74.19,50,19,31
5734,3586079,93.2445945945946,97.37,88.89,74,38,36
5735,3586762,94.2031884057971,97.14,91.18,69,35,34
5736,3586874,81.4297142857143,83.87,79.49,70,31,39
5737,3588094,86.7909433962264,92,82.14,53,25,28
5738,3588175,85.7138095238095,87.5,83.87,63,32,31
5739,3588429,93.8447692307692,94.59,92.86,65,37,28
5740,3589748,92.6433823529412,90.32,94.59,68,31,37
5741,3589993,88.7304225352113,90.62,87.18,71,32,39
5742,3590143,86.2980821917808,82.35,89.74,73,34,39
5743,3590653,70.9674193548387,97.14,37.04,62,35,27
5744,3590704,72.7290909090909,82.86,55,55,35,20
5745,3592223,89.8,89.8,89.8,98,49,49
5746,3592512,91.9568965517241,91.67,92.31,87,48,39
5747,3592663,90.7683076923077,93.1,88.89,65,29,36
5748,3593304,73.4390625,60.87,80.49,64,23,41
5749,3593311,81.4274285714286,87.23,69.57,70,47,23
5750,3593525,87.6723287671233,88,86.96,73,50,23
5751,3594161,90.7893421052632,88.68,95.65,76,53,23
5752,3595388,87.3678947368421,81.63,93.48,95,49,46
5753,3595723,83.3321875,83.67,82.98,96,49,47
5754,3598156,87.9988,91.89,84.21,75,37,38
5755,3599645,89.3922727272727,88.89,89.74,66,27,39
5756,3600531,84.9098113207547,79.17,89.66,53,24,29
5757,3602068,86.3620454545455,89.47,84,44,19,25
5758,3602140,92.004,86.67,95.56,75,30,45
5759,3602923,96.001,100,93.55,50,19,31
5760,3605216,92.9842105263158,85,97.3,57,20,37
5761,3605324,87.1425714285714,93.94,81.08,70,33,37
5762,3605540,79.4141176470588,91.43,66.67,68,35,33
5763,3606309,98.4854545454545,97.06,100,66,34,32
5764,3607415,82.3541176470588,67.86,92.5,68,28,40
5765,3608750,86.3624242424242,88.57,83.87,66,35,31
5766,3608801,81.9691803278689,86.67,77.42,61,30,31
5767,3611799,89.0121978021978,91.11,86.96,91,45,46
5768,3612036,79.49,79.49,79.49,78,39,39
5769,3612867,91.1379746835443,93.02,88.89,79,43,36
5770,3613586,92.0028,88.1,96.97,75,42,33
5771,3613719,79.7102898550725,74.29,85.29,69,35,34
5772,3615031,87.175641025641,83.78,90.24,78,37,41
5773,3615692,88.888024691358,87.23,91.18,81,47,34
5774,3615945,93.1498630136986,89.66,95.45,73,29,44
5775,3616071,91.1108888888889,97.67,85.11,90,43,47
5776,3619068,75.3246753246753,80,68.75,77,45,32
5777,3619708,94.0471428571429,97.78,89.74,84,45,39
5778,3620611,86.84,86.84,86.84,76,38,38
5779,3620833,95.4551515151515,97.06,93.75,66,34,32
5780,3621462,91.075,89.29,92.86,56,28,28
5781,3621495,86.2079310344828,81.25,92.31,58,32,26
5782,3622028,94.4444444444444,90,100,54,30,24
5783,3622058,85.2947058823529,81.25,88.89,68,32,36
5784,3622636,93.652380952381,87.1,100,63,31,32
5785,3623065,86.9588405797101,76.32,100,69,38,31
5786,3624043,86.2535,86.05,86.49,80,43,37
5787,3624250,89.9988571428571,83.33,97.06,70,36,34
5788,3628228,95.716,92.86,97.62,70,28,42
5789,3630050,94.1175,88.89,97.56,68,27,41
5790,3630873,92.1570588235294,85.71,96.67,51,21,30
5791,3632603,90.2788888888889,91.43,89.19,72,35,37
5792,3633327,65.5724590163934,65.52,65.62,61,29,32
5793,3633668,85.9365625,84.21,88.46,64,38,26
5794,3634205,89.2335384615385,84.38,93.94,65,32,33
5795,3635317,93.5892307692308,94.44,92.86,78,36,42
5796,3636806,82.9536363636364,88.46,75,88,52,36
5797,3637192,87.0958064516129,86,88.37,93,50,43
5798,3637617,83.1349397590362,85,81.4,83,40,43
5799,3638312,92.1355056179775,94.34,88.89,89,53,36
5800,3638441,85.8965384615385,82.22,90.91,78,45,33
5801,3639186,94.1726213592233,92.06,97.5,103,63,40
5802,3639771,80.4858536585366,83.72,76.92,82,43,39
5803,3639861,92.7096875,97.87,87.76,96,47,49
5804,3639871,89.851884057971,90.32,89.47,69,31,38
5805,3641543,93.8464615384615,93.75,93.94,65,32,33
5806,3641952,97.940206185567,100,95.56,97,52,45
5807,3642065,87.6115044247788,92.16,83.87,113,51,62
5808,3642386,93.8131958762887,97.96,89.58,97,49,48
5809,3642395,88.68,94.34,83.02,106,53,53
5810,3643925,97.1115384615384,95.83,98.21,104,48,56
5811,3644873,95.1466990291262,100,91.23,103,46,57
5812,3647915,88.2854954954955,92.45,84.48,111,53,58
5813,3647945,88.1799090909091,95.08,79.59,110,61,49
5814,3649353,89.4131764705882,97.37,82.98,85,38,47
5815,3649803,88.1373728813559,98.18,79.37,118,55,63
5816,3650128,93.14,96.08,90.2,102,51,51
5817,3650656,89.6552873563218,95.35,84.09,87,43,44
5818,3651127,88.8891358024691,86.84,90.7,81,38,43
5819,3653058,93.3306666666667,98.59,85.71,120,71,49
5820,3656307,80.003125,84.85,76.6,80,33,47
5821,3659661,89.4207692307692,84,94.44,104,50,54
5822,3663401,94.999375,91.11,100,80,45,35
5823,3663606,96.1546153846154,97.92,93.33,78,48,30
5824,3663853,90.91125,92.16,89.19,88,51,37
5825,3663906,85.8684782608696,91.11,80.85,92,45,47
5826,3664634,90.6974418604651,92.5,89.13,86,40,46
5827,3665503,86.917476635514,92.19,79.07,107,64,43
5828,3665987,91.0556910569106,90,92.45,123,70,53
5829,3666143,83.5430379746835,78.95,87.8,79,38,41
5830,3666548,93.3863636363636,95.45,90.91,121,66,55
5831,3666557,87.2710909090909,88.89,85.71,110,54,56
5832,3669694,89.7958163265306,80.85,98.04,98,47,51
5833,3670843,94.3788764044944,92.68,95.83,89,41,48
5834,3671324,92.86,87.76,97.96,98,49,49
5835,3671337,87.9115384615385,83.67,92.86,91,49,42
5836,3671735,80.9513095238095,70.27,89.36,84,37,47
5837,3672892,86.0476744186047,81.82,88.68,86,33,53
5838,3673014,90.7216494845361,91.84,89.58,97,49,48
5839,3674507,92.501,88.64,97.22,80,44,36
5840,3675254,88.1345762711864,82.76,93.33,118,58,60
5841,3676400,87.9293103448276,92.59,83.87,116,54,62
5842,3677527,93.4605607476636,98.04,89.29,107,51,56
5843,3677800,71.3033913043478,70.31,72.55,115,64,51
5844,3677815,68.8652830188679,76.27,59.57,106,59,47
5845,3677849,76.8492592592593,76.56,77.27,108,64,44
5846,3679590,94.2331730769231,98.04,90.57,104,51,53
5847,3680030,73.6836842105263,51.61,88.89,76,31,45
5848,3680074,82.5233009708738,82.14,82.98,103,56,47
5849,3680651,91.5101886792453,92.31,90.74,106,52,54
5850,3681227,94.1170588235294,98.15,89.58,102,54,48
5851,3682092,77.8950526315789,85.42,70.21,95,48,47
5852,3682987,60.2757534246575,60.61,60,73,33,40
5853,3684214,81.2519791666667,81.82,80.49,96,55,41
5854,3684630,86.8199224806202,90.91,83.78,129,55,74
5855,3684776,91.8178181818182,92.45,91.23,110,53,57
5856,3684888,79.0941818181818,84.62,74.14,110,52,58
5857,3685021,87.6199047619048,97.37,82.09,105,38,67
5858,3685879,87.5990909090909,85.45,89.39,121,55,66
5859,3687906,92.564958677686,87.72,96.88,121,57,64
5860,3687918,87.288813559322,81.48,92.19,118,54,64
5861,3687988,88.8081343283582,82.54,94.37,134,63,71
5862,3688596,90.9814754098361,85,96.77,122,60,62
5863,3688917,90.9086776859504,92.19,89.47,121,64,57
5864,3690303,87.9979333333333,87.34,88.73,150,79,71
5865,3690548,94.4037762237762,97.14,91.78,143,70,73
5866,3693144,91.2174324324324,92.31,90,148,78,70
5867,3693460,87.3976470588235,90.48,83.93,119,63,56
5868,3694619,94.545,89.09,100,110,55,55
5869,3695221,77.2258415841584,84.31,70,101,51,50
5870,3695716,83.3358333333333,96,74.29,120,50,70
5871,3696288,84.1304761904762,88.41,78.95,126,69,57
5872,3696948,91.6665909090909,90.48,92.75,132,63,69
5873,3697216,76.7448837209302,77.61,75.81,129,67,62
5874,3697621,79.6709756097561,86.15,72.41,123,65,58
5875,3698705,94.4858267716535,97.18,91.07,127,71,56
5876,3699037,78.651797752809,87.04,65.71,89,54,35
5877,3699857,94.6163076923077,93.98,95.74,130,83,47
5878,3701065,86.3233333333333,89.23,82.69,117,65,52
5879,3702009,89.4282926829268,91.04,87.5,123,67,56
5880,3702533,95.7621186440678,95.92,95.65,118,49,69
5881,3702801,89.716261682243,78.72,98.33,107,47,60
5882,3704590,93.2232203389831,94.83,91.67,118,58,60
5883,3705007,87.5042045454545,98.31,65.52,88,59,29
5884,3705753,91.8357142857143,96.43,85.71,98,56,42
5885,3706182,95.0732394366197,97.3,92.65,142,74,68
5886,3707854,90.39984,88.14,92.42,125,59,66
5887,3707923,90.0917117117117,88.24,93.02,111,68,43
5888,3709650,88.8903703703704,88.33,89.22,162,60,102
5889,3709848,82.4169230769231,77.36,89.47,91,53,38
5890,3710348,94.6156923076923,87.72,100,130,57,73
5891,3710846,85.7148571428571,83.33,88.24,140,72,68
5892,3711398,94.8144444444444,90.77,98.57,135,65,70
5893,3711726,87.1768376068376,85.07,90,117,67,50
5894,3711964,62.2784210526316,60,64.81,114,60,54
5895,3713949,83.2,76,88,125,50,75
5896,3714422,87.968045112782,85.07,90.91,133,67,66
5897,3715904,91.030275862069,96.15,85.07,145,78,67
5898,3717092,83.673537414966,79.45,87.84,147,73,74
5899,3717287,79.19656,62.79,87.8,125,43,82
5900,3717321,86.7656617647059,80.33,92,136,61,75
5901,3718213,87.8266956521739,90.32,84.91,115,62,53
5902,3718433,80.7165,84.42,76.19,140,77,63
5903,3719322,84.6130769230769,87.14,82.19,143,70,73
5904,3719869,92.4823308270677,93.55,91.55,133,62,71
5905,3720859,79.8441860465116,78.46,81.25,129,65,64
5906,3723060,81.6,66,92,125,50,75
5907,3723286,58.5851515151515,37.5,78.43,99,48,51
5908,3723648,85.0432710280374,80.26,96.77,107,76,31
5909,3724761,91.930564516129,85.96,97.01,124,57,67
5910,3724924,77.1829530201342,66.18,86.42,149,68,81
5911,3725110,85.0338095238095,92.21,77.14,147,77,70
5912,3728182,84.9055974842767,84.81,85,159,79,80
5913,3729812,90.508102189781,90.41,90.62,137,73,64
5914,3730416,88.3115584415584,89.87,86.67,154,79,75
5915,3730833,86.39976,87.84,84.31,125,74,51
5916,3731394,93.2323308270677,90.91,95.52,133,66,67
5917,3731773,85.9642105263158,86.36,85.42,114,66,48
5918,3732096,92.4842105263158,92.86,91.84,133,84,49
5919,3732662,82.8734246575342,86.36,72.22,146,110,36
5920,3733539,83.9088505747126,91.51,72.06,174,106,68
5921,3734965,80.0011428571429,84.38,74.68,175,96,79
5922,3735709,90.7894736842105,100,82.5,152,72,80
5923,3736210,88.5365605095541,93.75,83.12,157,80,77
5924,3736764,89.1572289156627,89.87,88.51,166,79,87
5925,3738277,87.4975,86.36,88.46,144,66,78
5926,3739786,89.5179838709677,77.97,100,124,59,65
5927,3740385,77.341171875,78.43,76.62,128,51,77
5928,3740486,90.54,89.19,91.89,148,74,74
5929,3741448,74.788487394958,81.69,64.58,119,71,48
5930,3742204,80.5091525423729,92,72.06,118,50,68
5931,3742859,93.7011023622047,91.67,96.36,127,72,55
5932,3742970,85.3876923076923,88.24,80,130,85,45
5933,3744006,84.6670666666667,86.96,81.03,150,92,58
5934,3744547,79.9967,88.37,73.68,100,43,57
5935,3745612,83.568,89.02,75.86,140,82,58
5936,3746033,87.1589189189189,89.53,83.87,148,86,62
5937,3746498,83.0281818181818,78.49,88.89,165,93,72
5938,3747825,88.7323943661972,85.53,92.42,142,76,66
5939,3748006,87.3913445378151,77.19,96.77,119,57,62
5940,3749960,90.9594350282486,87.5,94.38,177,88,89
5941,3750929,91.7252631578947,87.32,96.77,133,71,62
5942,3751558,86.2571755725191,82.81,89.55,131,64,67
5943,3752037,95.8308333333333,95.71,96,120,70,50
5944,3755245,88.27,90.12,86.42,162,81,81
5945,3755833,94.0002,94.2,93.83,150,69,81
5946,3755958,89.2283076923077,86.9,93.48,130,84,46
5947,3756809,94.0024,90.7,98.44,150,86,64
5948,3757118,86.2317391304348,85.71,86.67,138,63,75
5949,3757780,82.3547058823529,91.43,69.39,119,70,49
5950,3757822,88.4052173913043,90.28,86.36,138,72,66
5951,3758647,87.1202272727273,86.44,87.67,132,59,73
5952,3758815,72.7238016528926,80.7,65.62,121,57,64
5953,3758852,88.5525954198473,88.24,88.89,131,68,63
5954,3759039,93.8941984732824,93.44,94.29,131,61,70
5955,3763840,96.9235384615385,94.83,98.61,130,58,72
5956,3765566,92.8556349206349,89.83,95.52,126,59,67
5957,3767045,95.4132110091743,95.31,95.56,109,64,45
5958,3767613,87.8781818181818,98.61,75,132,72,60
5959,3767952,89.3233980582524,92.73,85.42,103,55,48
5960,3768780,75.510612244898,73.68,76.67,98,38,60
5961,3768862,72.6208333333333,48.57,89.8,84,35,49
5962,3769535,93.334,96.97,88.89,120,66,54
5963,3770884,94.3388679245283,98,91.07,106,50,56
5964,3771117,81.4163716814159,90.77,68.75,113,65,48
5965,3772361,91.112,96.3,83.33,90,54,36
5966,3774160,70.755,78.72,64.41,106,47,59
5967,3775193,95.3475968992248,90.32,100,129,62,67
5968,3775922,82.3544117647059,83.1,81.54,136,71,65
5969,3775955,86.774132231405,87.93,85.71,121,58,63
5970,3776071,89.5516417910448,83.78,96.67,134,74,60
5971,3777843,94.2328846153846,94.83,93.48,104,58,46
5972,3778470,83.487247706422,91.23,75,109,57,52
5973,3779972,92.8555555555556,92.45,93.15,126,53,73
5974,3780009,88.79984,94.64,84.06,125,56,69
5975,3780294,80.9913223140496,73.47,86.11,121,49,72
5976,3782503,71.9284210526316,73.91,68.89,114,69,45
5977,3782854,77.3918260869565,75.44,79.31,115,57,58
5978,3782978,86.2072413793103,83.33,89.29,116,60,56
5979,3784335,90.4731428571429,86.36,93.44,105,44,61
5980,3784623,86.5369230769231,90.91,83.33,104,44,60
5981,3784818,85.5940677966102,87.3,83.64,118,63,55
5982,3785846,85.8430088495575,74.42,92.86,113,43,70
5983,3786326,89.9111009174312,81.58,94.37,109,38,71
5984,3786881,92.4363865546218,96.23,89.39,119,53,66
5985,3786935,94.0677966101695,92.16,95.52,118,51,67
5986,3787454,91.2308771929824,86.96,94.12,114,46,68
5987,3788650,97.5413114754098,97.62,97.5,122,42,80
5988,3789598,92.1756521739131,94.23,90.48,115,52,63
5989,3789685,97.5629268292683,97.96,97.3,123,49,74
5990,3790552,97.1134615384615,94.74,98.48,104,38,66
5991,3790831,98.5308088235294,96.23,100,136,53,83
5992,3791457,90.9117482517483,86.21,94.12,143,58,85
5993,3792301,97.6362204724409,98,97.4,127,50,77
5994,3792446,93.7035433070866,93.55,93.85,127,62,65
5995,3793100,96.0366336633663,95.65,96.36,101,46,55
5996,3793425,90.4333043478261,91.38,89.47,115,58,57
5997,3794853,86.9924390243902,85.45,88.24,123,55,68
5998,3794868,88.8910256410256,90.91,87.1,117,55,62
5999,3798860,83.5303529411765,89.36,76.32,85,47,38
6000,3798982,85.1872839506173,85.37,85,81,41,40
6001,3799885,44.9304347826087,27.78,63.64,69,36,33
6002,3800010,74.3603846153846,80,66.67,78,45,33
6003,3800482,80.0005882352941,72.97,85.42,85,37,48
6004,3801412,92.3081538461538,93.75,90.91,65,32,33
6005,3802073,100,100,100,76,34,42
6006,3802300,84.8471717171717,88,81.63,99,50,49
6007,3803882,84.8070886075949,78.12,89.36,79,32,47
6008,3804773,87.6684931506849,94.44,81.08,73,36,37
6009,3804984,84.69,83.67,85.71,98,49,49
6010,3805260,84.2108421052632,81.63,86.96,95,49,46
6011,3805305,87.7358490566038,84.48,91.67,106,58,48
6012,3806116,91.3972043010752,86.96,95.74,93,46,47
6013,3806142,83.808,82.54,85.71,105,63,42
6014,3806588,85.7095918367347,90.38,80.43,98,52,46
6015,3807219,87.880303030303,86.89,89.47,99,61,38
6016,3807769,88.68,83.02,94.34,106,53,53
6017,3808144,96.7756989247312,100,93.62,93,46,47
6018,3808505,92.8548979591837,89.13,96.15,98,46,52
6019,3808921,95.8915068493151,95.12,96.88,73,41,32
6020,3810550,94.949898989899,97.96,92,99,49,50
6021,3811291,93.75,89.58,97.92,96,48,48
6022,3811826,95.9633333333333,92.86,98.25,99,42,57
6023,3811934,94.4427777777778,94.34,94.59,90,53,37
6024,3812753,90.6995348837209,91.38,89.29,86,58,28
6025,3813575,96.3629090909091,95.08,97.96,110,61,49
6026,3813789,90.3811538461538,93.33,86.36,104,60,44
6027,3814586,89.9975454545454,92.98,86.79,110,57,53
6028,3815270,91.7392660550459,91.3,92.06,109,46,63
6029,3815643,88.0038,90.57,85.11,100,53,47
6030,3816298,97.7777777777778,97.56,97.96,90,41,49
6031,3818066,96.3636363636364,98,95,110,50,60
6032,3819107,87.9992,85.42,90.38,100,48,52
6033,3819127,85.2623157894737,81.25,89.36,95,48,47
6034,3819347,95.6990322580645,93.33,97.92,93,45,48
6035,3820219,84.4699029126214,78.85,90.2,103,52,51
6036,3820615,94.445,97.78,91.11,90,45,45
6037,3821214,80.6465591397849,80.49,80.77,93,41,52
6038,3821467,71.6066666666667,63.89,77.78,81,36,45
6039,3822037,92.6311578947368,83.72,100,95,43,52
6040,3822918,92.9979,85.71,100,100,49,51
6041,3823176,93.7495833333333,89.36,97.96,96,47,49
6042,3823252,94.8984693877551,92.16,97.87,98,51,47
6043,3823306,93.6163829787234,89.47,96.43,94,38,56
6044,3823663,93.1075862068966,95.56,90.48,87,45,42
6045,3823831,93.5494623655914,90.7,96,93,43,50
6046,3825274,86.5203370786517,86.05,86.96,89,43,46
6047,3826324,88.2354117647059,95.65,79.49,85,46,39
6048,3826591,82.7176543209876,89.13,74.29,81,46,35
6049,3826694,94.1882558139535,91.49,97.44,86,47,39
6050,3828225,93.5072727272727,97.14,90.48,77,35,42
6051,3829416,83.6044262295082,85.71,78.95,61,42,19
6052,3830220,83.8703225806452,81.08,88,62,37,25
6053,3832016,82.3511764705882,81.25,83.33,68,32,36
6054,3832261,73.5323529411765,66.67,78.95,68,30,38
6055,3833054,91.6663888888889,91.43,91.89,72,35,37
6056,3833155,92.9369411764706,89.47,95.74,85,38,47
6057,3833542,84.6141025641026,78.38,90.24,78,37,41
6058,3833567,89.9993333333333,88.37,91.49,90,43,47
6059,3834563,87.3568965517241,81.25,90.91,87,32,55
6060,3835479,87.8036585365854,78.95,95.45,82,38,44
6061,3837470,80.6478494623656,82.5,79.25,93,40,53
6062,3837560,83.67,85.71,81.63,98,49,49
6063,3837803,90.9054545454545,90.32,91.3,77,31,46
6064,3838121,74.6476056338028,65.52,80.95,71,29,42
6065,3838157,81.3176923076923,88.37,75,91,43,48
6066,3839374,92.5506382978723,90,94.44,94,40,54
6067,3839694,87.9978666666667,82.76,91.3,75,29,46
6068,3839812,81.7109756097561,69.7,89.8,82,33,49
6069,3840327,83.33,93.33,73.33,60,30,30
6070,3840518,97.1017391304348,95.83,97.78,69,24,45
6071,3840875,85.7121428571429,90,83.33,84,30,54
6072,3841205,83.5829850746269,77.42,88.89,67,31,36
6073,3841283,93.247027027027,84.62,97.92,74,26,48
6074,3841748,86.3637878787879,96.55,78.38,66,29,37
6075,3841764,84.21,83.33,84.85,57,24,33
6076,3841952,92.500625,93.94,91.49,80,33,47
6077,3842191,93.0533333333333,90.62,95,72,32,40
6078,3844085,93.0538888888889,94.59,91.43,72,37,35
6079,3844662,98.6836842105263,100,97.56,76,35,41
6080,3845032,95.455303030303,100,91.43,66,31,35
6081,3845299,91.0753571428571,96.67,84.62,56,30,26
6082,3846426,87.8790909090909,83.33,91.67,66,30,36
6083,3846605,90.7878947368421,93.33,89.13,76,30,46
6084,3846976,95.2967058823529,96.43,94.74,85,28,57
6085,3847269,88.753375,80.65,93.88,80,31,49
6086,3847892,78.572,81.08,75.76,70,37,33
6087,3848023,81.3939534883721,77.5,84.78,86,40,46
6088,3848544,93.1513698630137,94.87,91.18,73,39,34
6089,3850016,86.905,90.48,83.33,84,42,42
6090,3851563,79.3810309278351,88.68,68.18,97,53,44
6091,3851715,80.7705128205128,78.95,82.5,78,38,40
6092,3853276,92.6326315789474,97.78,88,95,45,50
6093,3853481,88.9995,85.71,92.16,100,49,51
6094,3854926,96.871875,98.48,95.16,128,66,62
6095,3855994,90.291359223301,89.83,90.91,103,59,44
6096,3856622,83.0006,79.25,87.23,100,53,47
6097,3858248,89.8884269662921,89.09,91.18,89,55,34
6098,3858560,89.4110588235294,78.57,100,85,42,43
6099,3858925,93.242027027027,97.67,87.1,74,43,31
6100,3859226,60.5278947368421,41.67,77.5,76,36,40
6101,3859233,56.1632876712329,57.14,54.84,73,42,31
6102,3859280,89.0253658536585,89.19,88.89,82,37,45
6103,3860095,95.535,95.16,96,112,62,50
6104,3860539,71.6658333333333,86.21,58.06,60,29,31
6105,3860545,91.8954054054054,88.64,96.67,74,44,30
6106,3860793,88.6623711340206,84.21,91.53,97,38,59
6107,3861628,89.4091764705882,89.36,89.47,85,47,38
6108,3862332,94.7404210526316,91.84,97.83,95,49,46
6109,3863649,90.3206451612903,89.74,90.74,93,39,54
6110,3864407,92.86,94.29,91.43,140,70,70
6111,3864776,93.2711538461539,97.56,90.48,104,41,63
6112,3865545,94.4409259259259,95.74,93.44,108,47,61
6113,3866304,94.4892125984252,96.49,92.86,127,57,70
6114,3866572,81.8207438016529,92.86,72.31,121,56,65
6115,3869078,84.8465909090909,90.77,79.1,132,65,67
6116,3869412,90.6673333333333,98.75,81.43,150,80,70
6117,3869652,84.4157142857143,84.85,84.09,154,66,88
6118,3872867,86.0493798449613,91.53,81.43,129,59,70
6119,3874536,84.2746540880503,97.01,75,159,67,92
6120,3875351,85.4938167938931,91.89,77.19,131,74,57
6121,3875899,86.721171875,92.54,80.33,128,67,61
6122,3876399,91.3064347826087,93.75,88.24,115,64,51
6123,3877910,81.4138053097345,91.8,69.23,113,61,52
6124,3879270,84.6163636363636,85.53,83.58,143,76,67
6125,3879282,89.6589655172414,93.83,84.38,145,81,64
6126,3879616,92.1297637795276,89.86,94.83,127,69,58
6127,3880174,94.535,96.88,92.19,128,64,64
6128,3880324,80.7010526315789,81.48,80,114,54,60
6129,3881078,90.644964028777,88.57,92.75,139,70,69
6130,3881440,89.3459836065574,94.03,83.64,122,67,55
6131,3881537,90.0005,91.38,88.71,120,58,62
6132,3883527,86.2409174311927,88.89,83.64,109,54,55
6133,3884406,93.912,94.2,93.48,115,69,46
6134,3885103,95.0607407407407,98,90.32,81,50,31
6135,3885967,82.5393650793651,84.21,80,63,38,25
6136,3886002,70.5161538461539,56.67,79.17,78,30,48
6137,3886343,88.6386363636364,85.37,91.49,88,41,47
6138,3886434,93.405054945055,93.02,93.75,91,43,48
6139,3886658,94.2868571428571,97.56,92.19,105,41,64
6140,3886727,85.7171428571428,75,91.94,98,36,62
6141,3886971,95.7023655913979,93.62,97.83,93,47,46
6142,3887682,94.1152941176471,93.75,94.44,102,48,54
6143,3887929,99.0295145631068,98.04,100,103,51,52
6144,3889164,90.9078787878788,98.04,83.33,99,51,48
6145,3889722,88.3745736434109,96.88,80,129,64,65
6146,3890097,90.6529906542056,93.33,88.71,107,45,62
6147,3891686,93.27,98.04,88.68,104,51,53
6148,3892685,90.002,96.97,79.55,110,66,44
6149,3892899,86.6642857142857,85.45,88,105,55,50
6150,3893601,89.9996363636364,90.16,89.8,110,61,49
6151,3895945,90.6986046511628,87.5,93.48,86,40,46
6152,3896013,85.9180281690141,87.5,84.62,71,32,39
6153,3896852,82.3491764705882,87.8,77.27,85,41,44
6154,3900642,74.3227027027027,77.27,70,74,44,30
6155,3901038,87.9519277108434,82,96.97,83,50,33
6156,3901118,88.8844444444445,90.62,86.36,54,32,22
6157,3903599,81.8197727272727,86.96,76.19,44,23,21
6158,3903797,76.665,76.92,76.47,30,13,17
6159,3903815,84.3121568627451,92,76.92,51,25,26
6160,3904423,77.9996,82.14,72.73,50,28,22
6161,3904448,78,79.17,76.92,50,24,26
6162,3907050,90.4246808510638,93.18,88,94,44,50
6163,3907431,80.8525531914894,86.67,75.51,94,45,49
6164,3907884,93.8043362831858,90.91,95.65,113,44,69
6165,3908810,78.3001886792453,80,77.27,106,40,66
6166,3910505,87.5026470588235,86.67,88.16,136,60,76
6167,3912470,83.0910294117647,89.86,76.12,136,69,67
6168,3912559,86.5736241610738,89.33,83.78,149,75,74
6169,3914033,88.1570394736842,88.31,88,152,77,75
6170,3916124,91.1142222222222,93.75,89.66,135,48,87
6171,3916276,88.3704651162791,85.71,90,129,49,80
6172,3917907,98.46,96.15,100,130,52,78
6173,3918099,94.4827586206897,93.44,95.24,145,61,84
6174,3919365,85.3294666666667,81.03,88.04,150,58,92
6175,3919603,82.98,68.42,92.86,141,57,84
6176,3920698,95.04,93.94,96.36,121,66,55
6177,3922257,86.6658666666667,82.26,89.77,150,62,88
6178,3923371,65.7422222222222,82.67,27.27,108,75,33
6179,3924726,89.0936363636364,92.31,86.21,165,78,87
6180,3924780,74.0489312977099,63.27,80.49,131,49,82
6181,3924882,90.474693877551,90.12,90.91,147,81,66
6182,3926500,93.0616184971098,94.62,91.25,173,93,80
6183,3927054,82.7606206896552,77.42,86.75,145,62,83
6184,3928276,88.9474736842105,85.42,92.55,190,96,94
6185,3928761,80.903567839196,80.21,81.55,199,96,103
6186,3929466,75.5214583333333,84.11,64.71,192,107,85
6187,3929913,92.5933333333333,93.26,92,189,89,100
6188,3930197,80.2408383233533,88,68.66,167,100,67
6189,3930418,91.9723456790123,89.23,93.81,162,65,97
6190,3931024,82.122905027933,88.66,74.39,179,97,82
6191,3931433,85.2790862944162,82.86,88.04,197,105,92
6192,3932207,89.5698159509203,90.36,88.75,163,83,80
6193,3934149,82.3541830065359,89.29,78.35,153,56,97
6194,3934200,87.5686440677966,94.79,79.01,177,96,81
6195,3934650,87.7202339181287,92.96,84,171,71,100
6196,3934854,91.4880319148936,97.85,85.26,188,93,95
6197,3935293,81.5423076923077,86.67,74.55,130,75,55
6198,3935551,89.1303260869565,94.62,83.52,184,93,91
6199,3935866,95.0310559006211,96.05,94.12,161,76,85
6200,3936577,93.7898620689655,95.77,91.89,145,71,74
6201,3937335,81.5077397260274,80.28,82.67,146,71,75
6202,3937464,88.9615584415585,90.79,87.18,154,76,78
6203,3937853,90.8441984732824,94.29,86.89,131,70,61
6204,3938560,86.8211627906977,93.67,76,129,79,50
6205,3938807,86.3014383561644,84.06,88.31,146,69,77
6206,3940555,90.9093333333333,89.16,92.68,165,83,82
6207,3941178,92.4975,91.95,93.15,160,87,73
6208,3942377,86.3642424242424,75,97.06,132,64,68
6209,3942582,93.4682352941176,90.48,95.56,153,63,90
6210,3943503,93.5046103896104,93.1,94.03,154,87,67
6211,3944841,89.2079856115108,87.21,92.45,139,86,53
6212,3945294,88.8064179104478,80.65,95.83,134,62,72
6213,3945396,82.7565517241379,85.71,80,145,70,75
6214,3946022,93.5308235294118,95.12,92.05,170,82,88
6215,3946259,88.8086567164179,90.28,87.1,134,72,62
6216,3947477,92.5191836734694,93.06,92,147,72,75
6217,3949577,82.8842342342342,88.46,77.97,111,52,59
6218,3949655,92.5394029850746,93.94,91.18,134,66,68
6219,3949841,94.0003333333333,96.39,91.04,150,83,67
6220,3950156,96.6364705882353,95.31,98.18,119,64,55
6221,3950332,95.5335714285714,100,90.38,112,60,52
6222,3951575,89.2860714285714,93.33,84.62,140,75,65
6223,3951671,81.4167256637168,87.04,76.27,113,54,59
6224,3953388,82.728,74.42,88.06,110,43,67
6225,3955010,86.1509230769231,89.06,83.33,130,64,66
6226,3955103,74.3381415929204,79.17,70.77,113,48,65
6227,3955331,90.0850413223141,89.29,90.77,121,56,65
6228,3955493,74.0411538461538,71.43,75.81,104,42,62
6229,3955550,83.20232,85.94,80.33,125,64,61
6230,3955587,70.8749514563107,62.22,77.59,103,45,58
6231,3955600,79.813119266055,73.21,86.79,109,56,53
6232,3955622,87.0554117647059,80.43,94.87,85,46,39
6233,3956342,91.0005,95.56,87.27,100,45,55
6234,3956783,78.3058490566038,84.38,69.05,106,64,42
6235,3956895,88.8864197530864,90,87.8,81,40,41
6236,3957176,68.74703125,71.79,64,64,39,25
6237,3958690,80.0005,78.79,81.48,60,33,27
6238,3959119,65.2169565217391,60,69.23,46,20,26
6239,3959322,65.7162857142857,55.56,76.47,35,18,17
6240,3960069,77.7766666666667,83.33,75,36,12,24
6241,3960187,76.9223076923077,66.67,83.33,39,15,24
6242,3960568,88.8866666666667,100,83.33,36,12,24
6243,3960754,92.5025,92.86,92.31,40,14,26
6244,3961678,88.8855555555555,100,85.71,9,2,7
6245,3962117,52.9423529411765,60,42.86,17,10,7
6246,3962426,8.10864864864865,4.17,15.38,37,24,13
6247,3962586,81.3932558139535,86.36,76.19,43,22,21
6248,3963062,84.373125,71.43,94.44,64,28,36
6249,3963523,94.1182352941177,88.89,100,51,27,24
6250,3964240,88.0460869565217,84.62,92.5,92,52,40
6251,3965408,89.1556626506024,94.74,84.44,83,38,45
6252,3965802,95.0979411764706,98.11,91.84,102,53,49
6253,3966555,96.5109302325581,95.74,97.44,86,47,39
6254,3967902,83.6513461538461,72.97,89.55,104,37,67
6255,3967952,87.5,86.36,88.64,88,44,44
6256,3968589,85.5840540540541,88.89,83.33,111,45,66
6257,3968695,85.0915789473684,80.36,89.66,114,56,58
6258,3969494,95.19896,96.23,94.44,125,53,72
6259,3969567,85.2162608695652,89.58,82.09,115,48,67
6260,3969698,76.4143396226415,74,78.57,106,50,56
6261,3970168,93.59704,90.74,95.77,125,54,71
6262,3970485,85.5831531531531,80.43,89.23,111,46,65
6263,3970627,68.752,63.64,75,80,44,36
6264,3970988,77.3223711340206,53.49,96.3,97,43,54
6265,3971367,85.15578125,84.13,86.15,128,63,65
6266,3971512,81.5988,79.41,84.21,125,68,57
6267,3971536,77.7748148148148,69.81,85.45,108,53,55
6268,3971669,82.2217777777778,77.42,86.3,135,62,73
6269,3972992,78.8267058823529,77.78,80.65,85,54,31
6270,3974536,92.6230327868853,92.98,92.31,122,57,65
6271,3974709,93.33125,90.91,95.38,120,55,65
6272,3976596,93.1983673469388,90.28,96,147,72,75
6273,3978464,89.4724561403509,91.07,87.93,114,56,58
6274,3980527,88.9939449541284,86.21,92.16,109,58,51
6275,3982151,89.9108256880734,91.38,88.24,109,58,51
6276,3985142,91.6675,93.48,90,96,46,50
6277,3985715,80.6081632653061,71.15,91.3,98,52,46
6278,3986133,90.9081818181818,88.68,92.98,110,53,57
6279,3986624,83.5641095890411,92.86,77.78,73,28,45
6280,3988387,69.7625581395349,45.45,78.12,43,11,32
6281,3988412,90.3846153846154,90.48,90.32,52,21,31
6282,3989251,72.7290909090909,66.67,80,22,12,10
6283,3989278,70.002,37.5,91.67,20,8,12
6284,3989458,38.89,22.22,55.56,18,9,9
6285,3989623,15,20,10,20,10,10
6286,3989747,69.2315384615385,25,88.89,13,4,9
6287,3989773,70.5894117647059,50,81.82,17,6,11
6288,3989923,49.9995,55.56,45.45,20,9,11
6289,3990046,34.2871428571429,26.67,40,35,15,20
6290,3990673,82.499,78.95,85.71,40,19,21
6291,3991313,91.0735714285714,90,91.67,56,20,36
6292,3991415,93.9406060606061,93.75,94.12,66,32,34
6293,3992116,88.7342253521127,97.37,78.79,71,38,33
6294,3992801,83.5623287671233,88.57,78.95,73,35,38
6295,3992816,83.1297590361446,95.45,69.23,83,44,39
6296,3993206,85.5591111111111,86.05,85.11,90,43,47
6297,3993835,79.99875,73.53,84.78,80,34,46
6298,3993958,87.7771111111111,89.47,86.54,90,38,52
6299,3994111,83.9533333333333,85.19,81.48,81,54,27
6300,3996049,74.99875,71.74,77.27,112,46,66
6301,3996595,72.946,54.55,79.37,85,22,63
6302,3996603,76.3635454545455,72.55,79.66,110,51,59
6303,3997570,91.2284210526316,91.3,91.18,114,46,68
6304,3998234,83.4741739130435,89.47,71.79,115,76,39
6305,4003745,88.2352941176471,89.8,87.14,119,49,70
6306,4006244,96.1801526717557,96.05,96.36,131,76,55
6307,4006740,89.5652173913043,95.24,82.69,115,63,52
6308,4007132,97.8494623655914,92,100,93,25,68
6309,4007477,91.5903738317757,94.55,88.46,107,55,52
6310,4008885,86.2752941176471,86.54,86,102,52,50
6311,4010096,92.7293636363636,88.24,96.61,110,51,59
6312,4010309,93.8484615384615,92.54,95.24,130,67,63
6313,4011806,87.4975,86.36,88.57,136,66,70
6314,4015482,82.6808661417323,79.37,85.94,127,63,64
6315,4015607,90.9916216216216,91.23,90.74,111,57,54
6316,4015634,93.5198148148148,92,94.83,108,50,58
6317,4015994,84.4055963302752,84.62,84.21,109,52,57
6318,4016845,93.202427184466,92.45,94,103,53,50
6319,4016899,94.790625,95.74,93.88,96,47,49
6320,4017201,78.57,72,82.22,70,25,45
6321,4017250,95.945,91.89,100,74,37,37
6322,4018055,60.004,29.17,80.56,60,24,36
6323,4018118,69.2307692307692,53.33,82.86,65,30,35
6324,4018481,84.0387234042553,77.08,91.3,94,48,46
6325,4018579,92.4718279569893,84.21,98.18,93,38,55
6326,4018794,84.06,56.52,97.83,69,23,46
6327,4019719,88.1891338582677,82.54,93.75,127,63,64
6328,4020295,71.3108196721311,75,67.24,122,64,58
6329,4020446,76.8016,70,83.08,125,60,65
6330,4020856,91.7537113402062,91.23,92.5,97,57,40
6331,4023176,90.9090909090909,93.22,88.71,121,59,62
6332,4023604,81.8844927536232,69.35,92.11,138,62,76
6333,4024592,92.0848920863309,94.2,90,139,69,70
6334,4025004,74.7965040650407,77.94,70.91,123,68,55
6335,4026463,93.796511627907,92.75,95,129,69,60
6336,4027016,83.7611111111111,81.13,85.94,117,53,64
6337,4027129,83.7363414634146,89.39,77.19,123,66,57
6338,4027192,85.1199173553719,84.31,85.71,121,51,70
6339,4028443,90.0842975206612,92.19,87.72,121,64,57
6340,4028494,79.07,76.27,81.43,129,59,70
6341,4028640,90.565,88.68,92.45,106,53,53
6342,4029538,82.882972972973,75.51,88.71,111,49,62
6343,4030742,87.5001785714286,84.21,90.91,112,57,55
6344,4030802,91.1309677419355,93.06,88.46,124,72,52
6345,4031210,90.753781512605,91.3,90,119,69,50
6346,4032553,90.8240366972477,83.02,98.21,109,53,56
6347,4033024,90.9069090909091,94.44,87.5,110,54,56
6348,4034003,89.7967346938776,87.04,93.18,98,54,44
6349,4034220,89.1077227722772,88.68,89.58,101,53,48
6350,4034550,89.0393150684931,93.55,85.71,73,31,42
6351,4035947,93.65,98.57,87.5,126,70,56
6352,4036149,84.159603960396,94.12,74,101,51,50
6353,4037953,93.9118260869565,98.15,90.16,115,54,61
6354,4038145,95.1,92.16,98.04,102,51,51
6355,4038499,81.0118987341772,95.12,65.79,79,41,38
6356,4038673,75.998,79.31,73.91,75,29,46
6357,4039116,98.851724137931,100,97.78,87,42,45
6358,4039292,94.0475,88,96.61,84,25,59
6359,4039454,92.6638532110092,96.08,89.66,109,51,58
6360,4040990,92.80056,92.31,93.15,125,52,73
6361,4041110,92.7290909090909,94,91.67,110,50,60
6362,4042032,96.9682828282828,97.56,96.55,99,41,58
6363,4042439,96.6938016528926,98.11,95.59,121,53,68
6364,4042773,90.1619672131147,90.38,90,122,52,70
6365,4042941,93.0011,96.23,89.36,100,53,47
6366,4042995,92.3093269230769,95.56,89.83,104,45,59
6367,4043160,91.2294736842105,87.04,95,114,54,60
6368,4043766,87.50125,85.37,89.09,96,41,55
6369,4044792,93.7482142857143,89.83,98.11,112,59,53
6370,4044819,91.1493805309735,87.72,94.64,113,57,56
6371,4044834,92.3093269230769,90.91,93.88,104,55,49
6372,4044861,88.4937168141593,85.45,91.38,113,55,58
6373,4044876,89.5537313432836,83.05,94.67,134,59,75
6374,4044891,90.4036,86.67,93.85,125,60,65
6375,4044906,90.9078787878788,86.21,94.59,132,58,74
6376,4044918,87.720701754386,82.69,91.94,114,52,62
6377,4045005,88.2959574468085,89.83,85.71,94,59,35
6378,4045035,90.3491228070175,87.5,93.1,114,56,58
6379,4046191,93.3347619047619,92.73,94,105,55,50
6380,4046616,85.2187826086956,82.26,88.68,115,62,53
6381,4047263,92.3078632478633,91.38,93.22,117,58,59
6382,4047615,86.8393859649123,81.13,91.8,114,53,61
6383,4047687,91.7438532110092,96.72,85.42,109,61,48
6384,4047741,93.5479838709677,92.73,94.2,124,55,69
6385,4048279,84.029243697479,76.36,90.62,119,55,64
6386,4048722,85.3203669724771,87.72,82.69,109,57,52
6387,4049637,89.1913513513513,88.24,90,111,51,60
6388,4050600,89.8332203389831,92.19,87.04,118,64,54
6389,4050885,9.16833333333333,12.68,4.08,120,71,49
6390,4050901,30.39624,40.32,20.63,125,62,63
6391,4051191,96.1548076923077,98.15,94,104,54,50
6392,4053244,88.5709523809524,96.61,78.26,105,59,46
6393,4054040,93.51,94.55,90.91,77,55,22
6394,4054815,97.3002702702703,97.83,96.43,74,46,28
6395,4055822,92.5922222222222,98,83.87,81,50,31
6396,4056272,87.3703157894737,97.96,76.09,95,49,46
6397,4057676,79.1313043478261,81.54,76,115,65,50
6398,4058959,94.8453608247423,90,100,97,50,47
6399,4059493,91.9218181818182,97.5,88.14,99,40,59
6400,4060378,90.4761904761905,96.72,81.82,105,61,44
6401,4060468,89.4715789473684,94.44,86.44,95,36,59
6402,4062821,88.5049425287356,97.37,81.63,87,38,49
6403,4063184,86.8158241758242,97.78,76.09,91,45,46
6404,4063704,92.1338202247191,91.43,92.59,89,35,54
6405,4063829,96.9389795918367,100,94.34,98,45,53
6406,4063902,93.3327777777778,97.14,90.91,90,35,55
6407,4064841,88.2347058823529,88,88.57,85,50,35
6408,4064847,91.8613953488372,90.48,93.18,86,42,44
6409,4065312,81.6083908045977,78.95,83.67,87,38,49
6410,4066353,69.9998571428571,78.79,62.16,70,33,37
6411,4067453,96.4289285714286,94.87,97.78,84,39,45
6412,4068169,72.0025333333333,64.71,78.05,75,34,41
6413,4068628,75.00375,86.67,55.56,72,45,27
6414,4069740,70.2366666666667,62.5,77.27,84,40,44
6415,4072486,69.2305128205128,55,84.21,39,20,19
6416,4072548,63.8902777777778,41.18,84.21,36,17,19
6417,4073423,42.8557142857143,27.27,60,21,11,10
6418,4074190,79.4135294117647,93.75,66.67,34,16,18
6419,4074441,85.7117142857143,94.44,76.47,35,18,17
6420,4074940,90.4785714285714,91.67,88.89,42,24,18
6421,4075021,89.1286956521739,92.59,84.21,46,27,19
6422,4075549,82.3541176470588,87.5,77.78,34,16,18
6423,4075591,86.3668181818182,84.62,88.89,44,26,18
6424,4076176,63.6363636363636,78.26,47.62,44,23,21
6425,4076389,69.4444444444444,75,62.5,36,20,16
6426,4077034,69.0471428571429,52.94,80,42,17,25
6427,4077146,79.4105882352941,86.36,66.67,34,22,12
6428,4077385,87.2327659574468,96,77.27,47,25,22
6429,4077875,59.6478947368421,57.69,61.29,57,26,31
6430,4077984,82.6925,93.1,69.57,52,29,23
6431,4078151,85.511884057971,96.88,75.68,69,32,37
6432,4078321,36.9573913043478,36.84,37.04,46,19,27
6433,4078584,57.1442857142857,68.75,41.67,56,32,24
6434,4078615,58.0687096774194,59.38,56.67,62,32,30
6435,4078948,89.8327118644068,85.19,93.75,59,27,32
6436,4079153,73.750375,75.68,72.09,80,37,43
6437,4079674,78.4650769230769,63.64,86.05,65,22,43
6438,4081360,89.3628723404255,88.37,90.2,94,43,51
6439,4082180,89.002,91.67,85,100,60,40
6440,4082922,92.854880952381,95.74,89.19,84,47,37
6441,4083557,75.5545555555556,76.74,74.47,90,43,47
6442,4083900,77.9218181818182,76.92,78.95,77,39,38
6443,4085075,74.0737037037037,57.14,92.31,54,28,26
6444,4085661,93.8288888888889,97.3,90.91,81,37,44
6445,4085941,80.7676923076923,44.44,100,52,18,34
6446,4088491,98.3028813559322,96.77,100,59,31,28
6447,4089364,50.0033333333333,16.67,66.67,18,6,12
6448,4089855,39.998,33.33,50,10,6,4
6449,4090372,66.6653333333333,75,57.14,15,8,7
6450,4090467,73.334,75,71.43,15,8,7
6451,4090559,47.37,66.67,30,19,9,10
6452,4090641,62.495625,85.71,44.44,16,7,9
6453,4090862,75.0025,100,63.64,16,5,11
6454,4091127,66.6677777777778,50,71.43,18,4,14
6455,4091298,52.9388235294118,40,58.33,17,5,12
6456,4091304,31.24875,33.33,30,16,6,10
6457,4091563,56.253125,42.86,66.67,16,7,9
6458,4091810,63.6390909090909,64.29,62.5,22,14,8
6459,4092073,66.6685714285714,75,55.56,21,12,9
6460,4092309,78.5702380952381,82.61,73.68,42,23,19
6461,4093856,68.9620689655172,53.12,88.46,58,32,26
6462,4093894,72.8552857142857,64.1,83.87,70,39,31
6463,4094278,80.2610526315789,80.95,79.41,76,42,34
6464,4096768,82.1425,78.43,87.88,84,51,33
6465,4097053,98.2615652173913,96.43,100,115,56,59
6466,4097335,90.905,86.36,95.45,88,44,44
6467,4099029,68.2309411764706,44.44,85.71,85,36,49
6468,4099601,91.3457692307692,86.27,96.23,104,51,53
6469,4099664,89.4194230769231,86.27,92.45,104,51,53
6470,4100422,79.0493333333333,69.57,86.44,105,46,59
6471,4101129,64.706,72.55,52.94,85,51,34
6472,4101134,67.8571428571429,64.06,72.92,112,64,48
6473,4101591,70.8924626865672,81.01,56.36,134,79,55
6474,4102193,75.1696551724138,76.92,72.22,145,91,54
6475,4102391,75.7586363636364,79.27,70,132,82,50
6476,4102804,71.2116666666667,76.62,63.64,132,77,55
6477,4102918,71.653937007874,68.97,73.91,127,58,69
6478,4103433,92.6626605504587,100,84.91,109,56,53
6479,4103804,86.4402542372881,81.54,92.45,118,65,53
6480,4104559,84.5641610738255,85.92,83.33,149,71,78
6481,4104926,65.0002,63.04,66.67,100,46,54
6482,4105560,84.3753125,84.85,83.87,128,66,62
6483,4105948,81.766,77.63,85.11,170,76,94
6484,4106223,89.9326174496644,90.79,89.04,149,76,73
6485,4107320,75.9121897810219,69.49,80.77,137,59,78
6486,4107550,86.864598540146,86.67,87.1,137,75,62
6487,4107692,93.6608450704225,92,95.52,142,75,67
6488,4109520,92.4230303030303,94.12,90.62,132,68,64
6489,4110219,96.87125,95.83,98.21,128,72,56
6490,4110415,94.3524193548387,92.06,96.72,124,63,61
6491,4111059,81.598,73.33,89.23,125,60,65
6492,4111106,78.1971428571429,76.32,80.7,133,76,57
6493,4111152,91.5271186440678,87.5,96.3,118,64,54
6494,4111363,89.9136134453782,81.48,96.92,119,54,65
6495,4111369,88.3323333333333,86.84,90.91,120,76,44
6496,4111566,88.9684558823529,81.16,97.01,136,69,67
6497,4111696,94.4472222222222,94.74,94.12,144,76,68
6498,4111788,90.0706382978723,87.34,93.55,141,79,62
6499,4112878,89.8079617834395,90,89.55,157,90,67
6500,4113422,88.4633333333333,87.5,89.71,156,88,68
6501,4113510,88.0524528301887,89.66,86.11,159,87,72
6502,4113681,84.1081456953642,79.75,88.89,151,79,72
6503,4114086,83.6467924528302,88,79.76,159,75,84
6504,4114582,86.6696296296296,84,88.24,135,50,85
6505,4115574,83.8750967741936,86.96,81.4,155,69,86
6506,4115626,86.4545161290323,89.71,83.91,155,68,87
6507,4117566,85.5949152542373,81.4,88,118,43,75
6508,4118564,95.891095890411,98.51,93.67,146,67,79
6509,4118870,90.5391891891892,97.22,84.21,148,72,76
6510,4119147,86.5380769230769,81.4,90.16,104,43,61
6511,4120677,88.4141463414634,92.06,86.14,164,63,101
6512,4123793,89.9988461538461,87.27,92,130,55,75
6513,4124452,92.6738219895288,93.98,91.67,191,83,108
6514,4125162,92.4595477386935,92.59,92.37,199,81,118
6515,4125799,81.8193181818182,84,80.2,176,75,101
6516,4128847,93.9075634517767,93.62,94.17,197,94,103
6517,4130083,85.9502702702703,86.92,84.62,185,107,78
6518,4131162,85.2084023668639,81.43,87.88,169,70,99
6519,4131962,79.6495348837209,80.68,78.57,172,88,84
6520,4133456,92.1031578947368,94.44,90,190,90,100
6521,4134809,81.5188151658768,75.51,86.73,211,98,113
6522,4135445,83.5616438356164,82.65,84.3,219,98,121
6523,4135727,88.2878378378378,87.04,89.47,222,108,114
6524,4135772,88.6089873417722,94.29,84.09,237,105,132
6525,4135907,83.2493103448276,85.71,81.25,203,91,112
6526,4136877,76.9610471204189,74.68,78.57,191,79,112
6527,4136987,86.293654822335,89.89,83.33,197,89,108
6528,4137487,95.0829508196721,93.1,96.88,244,116,128
6529,4138221,90.9090909090909,92,90,165,75,90
6530,4138488,92.6735602094241,94.29,90.7,191,105,86
6531,4138603,89.9981818181818,90.83,89,220,120,100
6532,4140229,91.8796153846154,96.12,86.67,234,129,105
6533,4143694,80.5216883116883,75,85.37,154,72,82
6534,4144580,93.3614522821577,91.47,95.54,241,129,112
6535,4145412,88.9388461538461,92.45,85.29,208,106,102
6536,4147417,94.8072727272727,93.28,96.43,231,119,112
6537,4147477,91.144375,92.37,89.19,192,118,74
6538,4148155,90.1957843137255,89.36,90.91,204,94,110
6539,4149784,88.3878787878788,88.6,88.1,198,114,84
6540,4149799,87.7101675977654,90.48,83.78,179,105,74
6541,4152587,87.9972,86.9,89.01,175,84,91
6542,4152652,85.8975641025641,88.37,82.86,156,86,70
6543,4152905,92.1897916666667,87.21,96.23,192,86,106
6544,4153497,82.9603703703704,85.71,79.31,135,77,58
6545,4154499,94.0908866995074,95.15,93,203,103,100
6546,4156356,82.4110050251256,79.46,86.21,199,112,87
6547,4156392,88.2711173184358,88.79,87.5,179,107,72
6548,4158268,83.8156647398844,72.53,96.34,173,91,82
6549,4160600,89.3416243654822,88.42,90.2,197,95,102
6550,4161787,95.834375,93.59,97.37,192,78,114
6551,4162492,81.5178260869565,74.32,86.36,184,74,110
6552,4162818,93.9024390243902,94.64,93.52,164,56,108
6553,4163346,89.0478571428571,93.81,84.96,210,97,113
6554,4163511,85.539156626506,89.06,83.33,166,64,102
6555,4164032,83.642429906542,81.72,85.12,214,93,121
6556,4164435,89.7172,90.43,88.89,175,94,81
6557,4164466,92.305,90.38,94.23,208,104,104
6558,4165569,91.3964516129032,88.89,93.33,186,81,105
6559,4166139,85.455,81.82,89.09,220,110,110
6560,4166422,79.9979459459459,82.52,76.83,185,103,82
6561,4166797,86.4028,86.72,86.07,250,128,122
6562,4166833,81.9370967741935,88.75,74.67,155,80,75
6563,4167321,90.5865470852018,88.5,92.73,223,113,110
6564,4169240,83.8864049586777,85.83,81.74,242,127,115
6565,4169522,91.3719796954315,92.39,90.48,197,92,105
6566,4170343,80.2166483516484,77.33,82.24,182,75,107
6567,4170384,74.8609497206704,79.79,69.41,179,94,85
6568,4171243,92.7777777777778,97,87.5,180,100,80
6569,4171704,87.6162385321101,90.09,85.05,218,111,107
6570,4172017,87.2363829787234,90.91,83.15,188,99,89
6571,4172621,89.604702970297,87.16,92.47,202,109,93
6572,4173667,90.7127322404372,90.53,90.91,183,95,88
6573,4174068,93.2389371980676,90.91,95.88,207,110,97
6574,4175521,77.8929648241206,77.88,77.91,199,113,86
6575,4175866,85.0759701492537,83.02,87.37,201,106,95
6576,4176272,92.957323943662,92.16,93.69,213,102,111
6577,4176709,90.9894144144144,95.05,87.6,222,101,121
6578,4178240,88.4482666666667,84.91,91.6,225,106,119
6579,4178637,90.1627322404372,83.1,94.64,183,71,112
6580,4178741,88.8880676328503,94.68,84.07,207,94,113
6581,4179662,89.7183177570093,92.78,87.18,214,97,117
6582,4180205,77.8766359447005,79.67,75.53,217,123,94
6583,4180867,83.9314285714286,85.14,82.98,168,74,94
6584,4181995,80.2345348837209,76.12,82.86,172,67,105
6585,4182370,88.3160747663551,88.18,88.46,214,110,104
6586,4182716,82.0241011235955,81.61,82.42,178,87,91
6587,4182831,85.2512903225806,84.21,86.9,217,133,84
6588,4182854,86.1515384615385,76.19,93.69,195,84,111
6589,4183345,90.7021395348837,92.04,89.22,215,113,102
6590,4183740,86.9066071428571,87.88,85.51,168,99,69
6591,4184261,90.3606626506024,88.52,91.43,166,61,105
6592,4184548,94.3399528301887,92.31,96.84,212,117,95
6593,4185177,84.7530493273543,85.71,83.51,223,126,97
6594,4185549,91.1940414507772,87.5,94.85,193,96,97
6595,4185922,75.8627586206896,84.38,65.38,174,96,78
6596,4186553,90.3361352657005,92.92,87.23,207,113,94
6597,4186930,95.6040659340659,92.66,100,182,109,73
6598,4188155,92.5922222222222,90.22,95.71,162,92,70
6599,4188797,94.4439393939394,97.3,90.8,198,111,87
6600,4189745,83.4525899280575,88.31,77.42,139,77,62
6601,4189827,88.3327777777778,92.63,83.53,180,95,85
6602,4189870,85.5451204819277,88.51,82.28,166,87,79
6603,4190387,90.9120979020979,87.1,93.83,143,62,81
6604,4190746,93.8345205479452,98.44,90.24,146,64,82
6605,4191387,92.0409950248756,96.84,87.74,201,95,106
6606,4191429,93.9047715736041,98.92,89.42,197,93,104
6607,4191794,88.4088888888889,93.26,84.75,207,89,118
6608,4192976,91.0143258426966,86.75,94.74,178,83,95
6609,4194431,69.7166197183099,50.79,84.81,142,63,79
6610,4195814,55.9058267716535,55.77,56,127,52,75
6611,4196093,61.4667889908257,70,56.52,109,40,69
6612,4196342,70.8757281553398,69.7,71.43,103,33,70
6613,4196356,69.6737704918033,80.85,62.67,122,47,75
6614,4196705,70.9388888888889,75,67.69,117,52,65
6615,4196861,65.5915053763441,74.47,56.52,93,47,46
6616,4196885,66.038679245283,59.09,70.97,106,44,62
6635,4205734,76.9263736263736,87.1,71.67,91,31,60
6636,4206740,80.3935294117647,89.55,73.26,153,67,86
6637,4206859,82.1647770700637,88.31,76.25,157,77,80
6638,4206884,86.31,76.56,92.31,168,64,104
6639,4207268,75.2818539325843,70.67,78.64,178,75,103
6640,4207958,75.8137209302326,73.03,77.78,215,89,126
6641,4208383,69.949481865285,79.45,64.17,193,73,120
6642,4208476,71.3505405405405,49.41,90,185,85,100
6643,4208738,74.6068783068783,79.55,70.3,189,88,101
6644,4209744,89.4993607305936,88.12,90.68,219,101,118
6645,4210352,87.7545408163265,85.88,89.19,196,85,111
6646,4211428,81.6304081632653,73.91,88.46,147,69,78
6647,4211716,87.7325766871166,94.67,81.82,163,75,88
6648,4212161,94.6341463414634,100,90,205,95,110
6649,4214232,95.0295580110497,93.15,96.3,181,73,108
6650,4214317,93.1000985221675,93.68,92.59,203,95,108
6651,4214854,84.2762264150943,72.88,91,159,59,100
6652,4215985,92.6561467889908,90.65,94.59,218,107,111
6653,4217439,74.1593820224719,52.24,87.39,178,67,111
6654,4217625,91.2590163934426,91.92,90.48,183,99,84
6655,4221142,85.7147142857143,90.99,79.8,210,111,99
6656,4221607,89.6063366336634,88.6,90.91,202,114,88
6657,4221971,78.4633846153846,77.91,78.9,195,86,109
6658,4223875,89.5523134328358,92.73,87.34,134,55,79
6659,4225837,76.6506091370558,74.04,79.57,197,104,93
6660,4226081,80.733623853211,79.61,81.74,218,103,115
6661,4226206,69.5397126436782,57.83,80.22,174,83,91
6662,4226732,80.5681042654028,79.49,81.91,211,117,94
6663,4227350,89.3215533980582,90.2,88.46,206,102,104
6664,4227548,91.6354393305439,90.27,92.86,239,113,126
6665,4228092,77.2725974025974,80.28,74.7,154,71,83
6666,4228097,72.1543037974683,78.21,66.25,158,78,80
6667,4228537,78.916,81.52,76.34,185,92,93
6668,4228582,86.3391219512195,91.26,81.37,205,103,102
6669,4229973,83.030871559633,81.19,84.62,218,101,117
6670,4232307,86.734693877551,87.04,86.36,196,108,88
6671,4232413,79.872893081761,80.37,78.85,159,107,52
6672,4232721,85.4868817204301,93.88,76.14,186,98,88
6673,4232841,90.9530316742082,93.97,87.62,221,116,105
6674,4232925,88.5188038277512,88.14,89.01,209,118,91
6675,4236008,84.1033846153846,82.18,86.17,195,101,94
6676,4236361,90.7418055555556,91.75,89.92,216,97,119
6677,4236894,91.9972,93.2,90.72,200,103,97
6678,4237016,90.751098265896,90,91.78,173,100,73
6679,4237261,79.6626694915254,89.92,69.23,236,119,117
6680,4239328,91.66875,88.89,94.02,216,99,117
6681,4240141,84.4177922077922,82.76,86.09,231,116,115
6682,4240198,91.2589617486339,91.94,90.91,183,62,121
6683,4242498,76.881256281407,80.73,72.22,199,109,90
6684,4242520,74.6380487804878,74.74,74.55,205,95,110
6685,4242558,71.7525988700565,72.73,71,177,77,100
6686,4242930,82.2832571428571,89.87,76.04,175,79,96
6687,4242976,90.0625146198831,95.51,84.15,171,89,82
6688,4243122,83.332962962963,86.57,81.05,162,67,95
6689,4243447,59.9982285714286,62.07,57.95,175,87,88
6690,4243514,54.99725,70.65,33.82,160,92,68
6691,4243641,69.7777472527472,69.41,70.1,182,85,97
6692,4244407,90.6416374269006,92.94,88.37,171,85,86
6693,4244576,83.1347590361446,83.53,82.72,166,85,81
6694,4244808,67.1659701492537,79.71,53.85,134,69,65
6695,4245749,89.6358031088083,95.79,83.67,193,95,98
6696,4245957,81.8647150259067,90.54,76.47,193,74,119
6697,4247588,87.4497570850202,88.89,85.95,247,126,121
6698,4248463,89.947135678392,90.62,89.32,199,96,103
6699,4249736,80.7518309859155,83.84,78.07,213,99,114
6700,4249958,87.4392270531401,92.74,79.52,207,124,83
6701,4250747,86.4758606557377,85.37,87.6,244,123,121
6702,4251281,93.9514516129032,90.08,97.64,248,121,127
6703,4251662,87.2520717131474,88.37,86.07,251,129,122
6704,4252522,81.3009756097561,77.42,83.66,246,93,153
6705,4252924,76.3663636363636,74.67,77.78,165,75,90
6706,4255834,88.785,85.05,92.52,214,107,107
6707,4255982,86.1603571428571,81.73,90,224,104,120
6708,4256076,90.4782993197279,87.13,97.83,147,101,46
6709,4256444,90.341875,90.91,89.9,176,77,99
6710,4256861,78.8730281690141,81.82,77.01,142,55,87
6711,4256903,79.6301851851852,72.13,84.16,162,61,101
6712,4257001,83.4150731707317,85.05,81.63,205,107,98
6713,4257151,91.3603636363636,89.42,93.1,220,104,116
6714,4257395,86.6642857142857,81.11,90.83,210,90,120
6715,4257899,91.5,88,95,200,100,100
6716,4258390,87.9606282722513,83.7,91.92,191,92,99
6717,4258474,89.8835714285714,93.48,85.53,168,92,76
6718,4258715,86.0759493670886,85.33,86.75,158,75,83
6719,4259672,73.95953125,71.58,76.29,192,95,97
6720,4260275,84.8925520833333,85.71,83.56,192,119,73
6721,4261558,93.75125,95,91.67,160,100,60
6722,4262423,82.7111682242991,89.38,75.25,214,113,101
6723,4262545,81.6186486486487,85.71,77.01,185,98,87
6724,4264533,94.0024,91.18,96.94,200,102,98
6725,4267090,74.9960714285714,83.33,65.38,168,90,78
6726,4267137,87.4334972677596,94.55,76.71,183,110,73
6727,4268204,85.1659330143541,96.43,72.16,209,112,97
6728,4272339,84.7698984771574,85.45,83.91,197,110,87
6729,4274387,89.7457948717949,91.84,87.63,195,98,97
6730,4276272,85.2702325581395,92.42,77.78,129,66,63
6731,4276684,90.305,93.88,86.73,196,98,98
6732,4277509,85.4042702702703,85.15,85.71,185,101,84
6733,4277770,89.0410502283105,89.91,88.18,219,109,110
6734,4278210,68.5518238993711,77.66,55.38,159,94,65
6735,4278851,87.8985350318471,85.42,88.99,157,48,109
6736,4280953,91.5824752475248,97.87,86.11,202,94,108
6737,4281091,88.9642857142857,84.85,92.05,154,66,88
6738,4282326,85.3694634146342,83.18,87.76,205,107,98
6739,4282598,83.89,84.38,83.33,180,96,84
6740,4284104,52.7957763975155,28,74.42,161,75,86
6741,4284139,82.5140983606557,86.46,78.16,183,96,87
6742,4284343,75.5362589928058,72.22,79.1,139,72,67
6743,4284352,70.9454054054054,69.89,72.73,148,93,55
6744,4285376,90.4168862275449,91.26,89.06,167,103,64
6745,4286655,83.6365454545454,87.63,77.94,165,97,68
6746,4288781,95.5528888888889,94.38,96.7,180,89,91
6747,4289995,94.4119254658385,91.94,95.96,161,62,99
6748,4290693,82.858,87.04,78.43,105,54,51
6749,4293460,87.7463225806452,89.29,85.92,155,84,71
6750,4293901,92.4965,92.59,92.42,120,54,66
6751,4294469,93.7934482758621,93.33,94.29,145,75,70
6752,4295694,74.6163076923077,72.06,77.42,130,68,62
6753,4295736,75.1753793103448,66.67,81.71,145,63,82
6754,4295882,61.9047619047619,56.76,67.12,147,74,73
6755,4296176,97.0556862745098,95.74,98.18,102,47,55
6756,4296314,89.798843537415,88.61,91.18,147,79,68
6757,4296532,92.5928888888889,91.78,93.55,135,73,62
6758,4300162,89.9135294117647,93.65,85.71,119,63,56
6759,4301281,86.9249019607843,92.75,82.14,153,69,84
6760,4301677,93.3817880794702,89.71,96.39,151,68,83
6761,4301998,97.1608510638298,98.48,96,141,66,75
6762,4302635,88.2313725490196,88.52,88.04,153,61,92
6763,4303615,92.6146308724832,90.36,95.45,149,83,66
6764,4303684,89.5673913043478,86.67,91.43,115,45,70
6765,4303831,86.4492903225806,93.9,78.08,155,82,73
6766,4303930,86.3672727272727,88.41,84.13,132,69,63
6767,4303944,85.7131578947368,90,80.95,133,70,63
6768,4303971,79.2215584415584,82.28,76,154,79,75
6769,4304973,90.39912,91.38,89.55,125,58,67
6770,4305620,87.8276521739131,92.54,81.25,115,67,48
6771,4306317,92.1042105263158,91.01,93.65,152,89,63
6772,4307303,86.2749019607843,83.33,89.86,153,84,69
6773,4308216,83.6381818181818,86.89,79.59,110,61,49
6774,4310307,68.6282352941176,69.81,67.35,102,53,49
6775,4310586,72.81,75.44,70.18,114,57,57
6776,4310607,84.37484375,73.77,94.03,128,61,67
6777,4312268,93.6168085106383,94.67,92.42,141,75,66
6778,4312669,89.2623489932886,88.16,90.41,149,76,73
6779,4312714,95.8009243697479,92.73,98.44,119,55,64
6780,4312954,94.0615841584159,92.54,97.06,101,67,34
6781,4314928,83.3365909090909,77.78,88.41,132,63,69
6782,4316088,83.6226724137931,68.42,98.31,116,57,59
6783,4317933,86.4708270676692,84.62,88.24,133,65,68
6784,4318447,73.0495744680851,55.07,90.28,141,69,72
6785,4319015,72.5165648854962,74.07,70,131,81,50
6786,4319294,71.265,68.97,73.56,174,87,87
6787,4319461,83.7180620155039,95.16,73.13,129,62,67
6788,4319623,88.5696428571429,81.01,98.36,140,79,61
6789,4321423,91.9258385093168,91.11,92.96,161,90,71
6790,4321840,89.2089928057554,93.15,84.85,139,73,66
6791,4322332,87.582,81.03,91.95,145,58,87
6792,4322435,86.956347826087,87.3,86.54,115,63,52
6793,4323202,93.242972972973,89.06,96.43,148,64,84
6794,4326298,35.7180952380952,7.58,66.67,126,66,60
6795,4326979,87.8798181818182,89.01,86.49,165,91,74
6796,4327568,88.7495,91.67,86.36,160,72,88
6797,4327700,88.12525,90.91,86.17,160,66,94
6798,4327953,84.6631288343558,90.91,75,163,99,64
6799,4328766,73.135,68.66,77.61,134,67,67
6800,4330908,88.1089510489511,90.62,82.98,143,96,47
6801,4332805,77.4796396396396,81.82,67.65,111,77,34
6802,4334370,77.7758888888889,79.66,74.19,90,59,31
6803,4334710,85.7133928571428,81.16,93.02,112,69,43
6804,4334872,90.5162068965517,91.46,88.24,116,82,34
6805,4334908,84.3294029850746,86.75,80.39,134,83,51
6806,4336551,84.819375,92.06,75.51,112,63,49
6807,4336712,88.3576712328767,95.51,77.19,146,89,57
6808,4337047,88.6988695652174,93.51,78.95,115,77,38
6809,4337852,86.2079310344828,91.07,81.67,116,56,60
6810,4338293,76.4246341463415,75,77.97,123,64,59
6811,4338724,82.3505882352941,83.33,81.48,153,72,81
6812,4339622,85.161935483871,91.43,80,155,70,85
6813,4340292,79.0705426356589,80.82,76.79,129,73,56
6814,4340840,85.8183582089552,92.06,80.28,134,63,71
6815,4340956,85.0338775510204,86.96,83.33,147,69,78
6816,4342000,83.7850450450451,89.29,78.18,111,56,55
6817,4342210,81.06,72.22,87.18,132,54,78
6818,4342696,74.1938709677419,82.35,64.29,124,68,56
6819,4343094,88.4613846153846,93.44,84.06,130,61,69
6820,4344085,83.7361788617886,83.78,83.67,123,74,49
6821,4344143,86.7178125,86.76,86.67,128,68,60
6822,4344247,57.1437301587302,43.66,74.55,126,71,55
6823,4344344,85.8183582089552,91.8,80.82,134,61,73
6824,4345152,90.0770992366412,92.06,88.24,131,63,68
6825,4345254,86.7262831858407,86.79,86.67,113,53,60
6826,4345269,90.2609090909091,86.67,93.67,154,75,79
6827,4345404,90.9086713286713,90,91.78,143,70,73
6828,4346048,92.5142857142857,95.06,89.39,147,81,66
6829,4346478,89.9244186046512,86.54,92.21,129,52,77
6830,4347247,89.8894382022472,91.67,88.68,89,36,53
6831,4347355,93.74890625,96.97,90.32,128,66,62
6832,4348538,77.2731168831169,73.97,80.25,154,73,81
6833,4348548,72.5490849673203,62.69,80.23,153,67,86
6834,4348667,88.8872549019608,84.81,93.24,153,79,74
6835,4348700,90.9744444444444,88.16,94.12,144,76,68
6836,4348722,90.2116783216783,84.29,95.89,143,70,73
6837,4348772,83.6877304964539,71.19,92.68,141,59,82
6838,4348804,89.656275862069,87.5,91.36,145,64,81
6839,4348846,87.5933576642336,82.61,92.65,137,69,68
6840,4348888,93.5708571428572,93.75,93.42,140,64,76
6841,4348908,84.9194444444445,75.47,91.78,126,53,73
6842,4348938,85.8984615384615,83.75,88.16,156,80,76
6843,4348952,76.2721186440678,70.77,83.02,118,65,53
6844,4348993,76.7875,64,87.1,112,50,62
6845,4351036,89.7234579439252,88.24,92.31,107,68,39
6846,4351353,85.2254545454546,90.38,77.78,88,52,36
6847,4352106,90.3846153846154,94.64,85.42,104,56,48
6848,4353892,89.7032352941176,86.84,93.33,136,76,60
6849,4354379,86.667,91.14,81.69,150,79,71
6850,4356013,89.60024,84.72,96.23,125,72,53
6851,4356097,85.3672357723577,84.29,86.79,123,70,53
6852,4356149,82.14,83.67,80.95,112,49,63
6853,4356285,89.5833333333333,89.47,89.71,144,76,68
6854,4356539,98.6865131578947,98.55,98.8,152,69,83
6855,4357303,96.1548461538462,95.52,96.83,130,67,63
6856,4357976,73.7704098360656,67.35,78.08,122,49,73
6857,4358698,93.5474838709678,94.12,93.1,155,68,87
6858,4361122,94.9975,93.65,96.1,140,63,77
6859,4361285,89.8718987341772,89.77,90,158,88,70
6860,4362483,91.4281428571428,92.08,89.74,140,101,39
6861,4362632,88.708064516129,93.15,82.35,124,73,51
6862,4363565,93.7976744186046,96.67,91.3,129,60,69
6863,4365480,83.8372727272727,83.33,85.19,99,72,27
6864,4365840,87.665,83.84,94.55,154,99,55
6865,4366228,87.5995348837209,85,89.86,129,60,69
6866,4366380,83.2290322580645,84.62,81.82,155,78,77
6867,4366676,96.1033116883117,97.7,94.03,154,87,67
6868,4366833,80.2942335766423,85.23,71.43,137,88,49
6869,4368258,86.4589583333333,90,82.61,192,100,92
6870,4368656,72.5488888888889,72.06,72.94,153,68,85
6871,4368786,86.5893902439024,89.66,83.12,164,87,77
6872,4368807,85.9288888888889,87.72,84.62,135,57,78
6873,4369566,88.0315384615384,90.74,85.71,117,54,63
6874,4370970,81.5508333333333,88.78,71.43,168,98,70
6875,4371357,94.805,96.1,93.51,154,77,77
6876,4371462,89.5307329842932,88.24,91.01,191,102,89
6877,4371534,89.9988888888889,89.47,90.59,180,95,85
6878,4371621,93.104367816092,96.47,89.89,174,85,89
6879,4371961,96.4676470588235,96.7,96.2,170,91,79
6880,4372047,94.49,89.66,98.55,127,58,69
6881,4372283,87.4999431818182,83.16,92.59,176,95,81
6882,4372437,80.8950318471338,78.95,82.72,157,76,81
6883,4372839,91.248,93.9,88.46,160,82,78
6884,4373657,91.3263005780347,87.95,94.44,173,83,90
6885,4373786,87.8065243902439,85.19,90.36,164,81,83
6886,4375499,86.9276470588235,89.61,84.21,153,77,76
6887,4375833,92.7550724637681,97.3,87.5,138,74,64
6888,4375921,90.7783687943262,90.62,90.91,141,64,77
6889,4376059,93.5256115107914,92.31,95.08,139,78,61
6890,4376114,80.5544444444445,70.59,89.47,108,51,57
6891,4376147,87.7317791411043,86.25,89.16,163,80,83
6892,4377961,85.4828225806451,88,81.63,124,75,49
6893,4377982,76.5772072072072,68.09,82.81,111,47,64
6894,4378301,84.5091549295775,80.65,87.5,142,62,80
6895,4379036,83.6714965986395,82.43,84.93,147,74,73
6896,4379093,89.8313559322034,84.51,97.87,118,71,47
6897,4379698,91.2294736842105,87.04,95,114,54,60
6898,4379950,88.958961038961,87.5,90.24,154,72,82
6899,4381053,92.74,88.71,96.77,124,62,62
6900,4381339,90.4435031847134,89.53,91.55,157,86,71
6901,4382245,83.8305389221557,80.68,87.34,167,88,79
6902,4382614,85.002,82.56,87.84,160,86,74
6903,4383111,77.6129850746269,69.23,85.51,134,65,69
6904,4383169,85.5181379310345,75.81,92.77,145,62,83
6905,4383249,87.5687005649717,80.68,94.38,177,88,89
6906,4384318,88.192125984252,85.94,90.48,127,64,63
6907,4384752,79.8501492537313,77.05,82.19,134,61,73
6908,4384873,67.4417054263566,61.82,71.62,129,55,74
6909,4385301,82.1129268292683,76.47,86.11,123,51,72
6910,4385503,90.518275862069,83.64,96.72,116,55,61
6911,4386345,85.4870967741935,81.82,89.66,124,66,58
6912,4386516,93.8333561643836,92,95.77,146,75,71
6913,4387550,87.9678947368421,85.71,90,133,63,70
6914,4387922,95.9026229508197,95.16,96.67,122,62,60
6915,4388523,91.6145161290323,90.91,92.31,155,77,78
6916,4389036,97.5795967741935,98.73,95.56,124,79,45
6917,4390834,91.2784563758389,94.29,88.61,149,70,79
6918,4392329,73.6114583333333,83.13,60.66,144,83,61
6919,4394229,89.8527536231884,82.14,95.12,138,56,82
6920,4394736,80.5341592920354,84.29,74.42,113,70,43
6921,4394966,86.6171830985915,79.22,95.38,142,77,65
6922,4395178,88.1916666666667,95.65,81.33,144,69,75
6923,4395626,87.0797752808989,82.22,92.05,178,90,88
6924,4396081,92.7249696969697,90.24,95.18,165,82,83
6925,4396357,75.541726618705,83.1,67.65,139,71,68
6926,4397114,88.593355704698,88.89,88.24,149,81,68
6927,4397527,85.8044444444444,85.56,86.11,162,90,72
6928,4397852,85.5406626506024,86.02,84.93,166,93,73
6929,4398124,91.2780232558139,92.63,89.61,172,95,77
6930,4398382,87.0797752808989,88,85.9,178,100,78
6931,4398954,90.4765306122449,85.9,95.65,147,78,69
6932,4399926,85.004,84.91,85.11,100,53,47
6933,4400363,20.806936416185,17.2,25,173,93,80
6934,4400481,86.9848630136986,79.22,95.65,146,77,69
6935,4402401,88.80072,82.76,94.03,125,58,67
6936,4403550,88.2757931034483,87.84,88.73,145,74,71
6937,4406240,88.6212574850299,89.36,87.67,167,94,73
6938,4406393,93.122625,94.59,91.86,160,74,86
6939,4407012,93.3327272727273,93.75,92.94,165,80,85
6940,4409795,86.5390384615385,92.73,79.59,104,55,49
6941,4410163,93.221186440678,92.73,93.65,118,55,63
6942,4412675,92.3659541984733,91.43,93.44,131,70,61
6943,4413497,93.3841176470588,89.29,96.25,136,56,80
6944,4414180,92.79784,88.89,95.77,125,54,71
6945,4414543,86.956,84.06,91.3,115,69,46
6946,4416689,92.5693918918919,90.59,95.24,148,85,63
6947,4417400,90.39912,89.55,91.38,125,67,58
6948,4417476,77.2756363636364,71.7,82.46,110,53,57
6949,4417494,85.29,84.31,86.27,102,51,51
6950,4418228,85.1237190082645,81.97,88.33,121,61,60
6951,4418281,80.7684615384616,81.43,80.23,156,70,86
6952,4419660,77.2732727272727,78.95,75.47,110,57,53
6953,4419971,75.9590384615385,88.52,58.14,104,61,43
6954,4420097,88.8036,80.33,96.88,125,61,64
6955,4420673,86.3674545454545,82.93,88.41,110,41,69
6956,4420727,78.4952688172043,74.42,82,93,43,50
6957,4420928,90.7552941176471,92.98,88.71,119,57,62
6958,4421952,85.7141176470588,87.72,83.87,119,57,62
6959,4422245,87.9184563758389,88.89,87.01,149,72,77
6960,4422802,90.7550420168067,93.75,87.27,119,64,55
6961,4423088,92.2485271317829,98.46,85.94,129,65,64
6962,4423163,89.2475268817204,83.78,92.86,93,37,56
6963,4423796,85.8211940298508,87.1,84.72,134,62,72
6964,4425021,91.0893069306931,94.74,86.36,101,57,44
6965,4425583,80.6121428571429,71.11,88.68,98,45,53
6966,4426045,95.2377142857143,97.73,93.44,105,44,61
6967,4426325,88.2323529411765,83.33,92.59,102,48,54
6968,4426562,93.7489583333333,92.45,95.35,96,53,43
6969,4426643,84.6160683760684,76.36,91.94,117,55,62
6970,4426886,86.4869369369369,77.55,93.55,111,49,62
6971,4427296,79.775393258427,76.32,82.35,89,38,51
6972,4429313,85.5652577319587,89.13,82.35,97,46,51
6973,4429556,91.9541379310345,90.48,93.33,87,42,45
6974,4429817,80.77,89.29,70.83,104,56,48
6975,4430185,84.7035294117647,85,84.44,85,40,45
6976,4430557,77.782,85.19,66.67,90,54,36
6977,4431264,94.9457575757576,91.3,98.11,99,46,53
6978,4431519,87.9020161290323,100,79.45,124,51,73
6979,4431574,88.6822641509434,94.12,83.64,106,51,55
6980,4431915,67.1635820895522,58.82,75.76,67,34,33
6981,4432451,89.8137037037037,90.91,89.06,108,44,64
6982,4433045,92.9330303030303,91.18,93.85,99,34,65
6983,4433117,89.5833333333333,92.5,87.5,96,40,56
6984,4433251,86.3155789473684,90.7,82.69,95,43,52
6985,4434071,91.3067391304348,97.37,87.04,92,38,54
6986,4434969,95.6047252747253,100,91.49,91,44,47
6987,4435919,82.9972,89.47,79.03,100,38,62
6988,4436518,84.375,85.11,83.67,96,47,49
6989,4436652,83.1484269662921,92.86,74.47,89,42,47
6990,4437170,83.8241176470588,84.38,83.33,68,32,36
6991,4438359,83.6381818181818,86.89,79.59,110,61,49
6992,4438579,89.1286956521739,92.59,84.21,92,54,38
6993,4439337,84.708,90.2,76.47,85,51,34
6994,4441343,86.2383486238532,90.38,82.46,109,52,57
6995,4442720,92.9260606060606,93.1,92.68,99,58,41
6996,4444835,71.08,73.68,65.38,83,57,26
6997,4445760,90.4790476190476,92.11,88,63,38,25
6998,4445813,80.5228571428571,81.82,79.55,77,33,44
6999,4446098,85.1337837837838,87.5,82.35,74,40,34
7000,4446104,78.4629230769231,80.49,75,65,41,24
7001,4447467,81.8189393939394,78.05,88,66,41,25
7002,4447557,67.3709473684211,74.14,56.76,95,58,37
7003,4447636,88.749375,84.44,94.29,80,45,35
7004,4447899,74.3224324324324,73.91,75,74,46,28
7005,4448951,88.8896666666667,88.68,89.19,90,53,37
7006,4448964,81.5798684210526,74.36,89.19,76,39,37
7007,4449966,87.1270297029703,89.09,84.78,101,55,46
7008,4450293,85.9854205607477,90.48,79.55,107,63,44
7009,4450719,83.0992957746479,75,91.43,71,36,35
7010,4451720,84.69,83.33,85.71,98,42,56
7011,4451756,84.4708737864078,84.62,84.38,103,39,64
7012,4451807,90.1972549019608,88,92.31,102,50,52
7013,4451866,75.9235185185185,80.43,72.58,108,46,62
7014,4451875,75.5343617021277,81.82,66.67,94,55,39
7015,4455046,80.8805882352941,77.42,83.78,68,31,37
7016,4455146,79.5710752688172,79.55,79.59,93,44,49
7017,4455196,69.8631506849315,72.22,67.57,73,36,37
7018,4455202,80.9557142857143,77.78,84.62,84,45,39
7019,4456503,76.4719607843137,71.43,82.61,51,28,23
7020,4456706,1.10933333333333,0,2.08,90,42,48
7021,4457226,85.4854838709677,96.67,75,62,30,32
7022,4458810,83.5814925373134,44.44,97.96,67,18,49
7023,4459684,90.4117808219178,93.1,88.64,73,29,44
7024,4461348,88.6624742268041,90.7,87.04,97,43,54
7025,4461380,80.4846341463415,70.37,85.45,82,27,55
7026,4461782,86.0741772151899,89.74,82.5,79,39,40
7027,4462742,92.7258181818182,95.92,90.16,110,49,61
7028,4463048,82.3511764705882,87.14,75.51,119,70,49
7029,4463705,86.9568695652174,92.65,78.72,115,68,47
7030,4464596,90.295,91.04,89.55,134,67,67
7031,4465323,84.8243448275862,81.01,89.39,145,79,66
7032,4465422,85.0022857142857,88.61,80.33,140,79,61
7033,4465613,75.283595505618,81.82,64.71,89,55,34
7034,4466772,87.1769230769231,81.25,91.3,117,48,69
7035,4467744,87.1562385321101,84.62,89.47,109,52,57
7036,4467759,92.8596825396825,90.91,94.37,126,55,71
7037,4468062,83.3338235294118,86.67,80.7,102,45,57
7038,4468281,94.0582178217822,92.68,95,101,41,60
7039,4468713,88.1708602150538,88.57,87.93,93,35,58
7040,4469400,93.1370588235294,89.74,95.24,102,39,63
7041,4469688,93.3333333333333,90,95,90,30,60
7042,4469859,93.1364705882353,91.67,94.44,102,48,54
7043,4469896,83.6964130434783,85.71,82.46,92,35,57
7044,4469913,74.9977777777778,79.41,71.05,72,34,38
7045,4470826,86.3638181818182,80.36,92.59,110,56,54
7046,4471536,92.0334513274336,91.07,92.98,113,56,57
7047,4471564,93.3321666666667,94.03,92.45,120,67,53
7048,4474100,87.9053225806452,85.19,90,124,54,70
7049,4474245,83.3301449275362,83.78,82.81,138,74,64
7050,4474685,78.8957798165138,78.57,79.1,109,42,67
7051,4474922,86.9592173913043,84.62,88.89,115,52,63
7052,4476503,92.5510638297872,91.3,93.75,94,46,48
7053,4477424,74.5639473684211,65.31,81.54,114,49,65
7054,4478156,84.00072,87.84,78.43,125,74,51
7055,4478210,84.8444444444444,78.72,90.38,99,47,52
7056,4479626,88.552213740458,88.89,88.14,131,72,59
7057,4480780,90.6982945736434,89.04,92.86,129,73,56
7058,4480996,78.4162589928058,69.86,87.88,139,73,66
7059,4481216,80.3263934426229,82.19,77.55,122,73,49
7060,4482032,87.020534351145,86.84,87.27,131,76,55
7061,4485038,90.2470731707317,85.51,96.3,123,69,54
7062,4485947,90.2271428571429,84.21,98.25,133,76,57
7063,4486112,87.7054098360656,83.33,91.18,122,54,68
7064,4487870,94.3545161290322,95.24,93.44,124,63,61
7065,4488032,95.99792,95.52,96.55,125,67,58
7066,4489063,80.7360550458716,77.97,84,109,59,50
7067,4489308,70.8305208333333,61.22,80.85,96,49,47
7068,4489388,79.088,77.27,80.3,110,44,66
7069,4489409,75.2241592920354,68.57,78.21,113,35,78
7070,4490049,86.844649122807,88.68,85.25,114,53,61
7071,4490127,91.0551219512195,92.06,90,123,63,60
7072,4490526,87.9633333333333,83.33,91.67,108,48,60
7073,4491263,93.6471428571429,94.44,92.59,126,72,54
7074,4491980,84.8470707070707,79.31,92.68,99,58,41
7075,4493023,87.9284482758621,80.85,92.75,116,47,69
7076,4493227,90.5513385826772,94.29,85.96,127,70,57
7077,4493263,90.432,94.2,84.78,115,69,46
7078,4493389,76.6371028037383,80.33,71.74,107,61,46
7079,4493407,83.6505660377358,87.1,78.79,159,93,66
7080,4493750,88.9681379310345,85.9,92.54,145,78,67
7081,4496225,85.5097101449275,80.49,92.86,138,82,56
7082,4496837,88.6548936170213,94.74,81.54,141,76,65
7083,4497120,88.462,82.69,92.31,130,52,78
7084,4497956,82.4055555555556,93.75,73.33,108,48,60
7085,4499206,94.2011594202898,100,85.71,138,82,56
7086,4499653,94.1202205882353,94.81,93.22,136,77,59
7087,4500473,83.603606557377,89.02,72.5,122,82,40
7088,4500509,91.9724087591241,92.96,90.91,137,71,66
7089,4501380,85.9474380165289,83.78,89.36,121,74,47
7090,4501841,87.20184,95.16,79.37,125,62,63
7091,4502556,92.5,88.33,96.67,120,60,60
7092,4502980,88.9837288135593,82.76,95,118,58,60
7093,4503614,83.3318181818182,83.78,82.76,132,74,58
7094,4504447,94.9292753623188,92.5,98.28,138,80,58
7095,4504869,94.042119205298,92.11,96,151,76,75
7096,4505279,93.1795454545455,94.59,91.38,132,74,58
7097,4505865,79.19912,73.97,86.54,125,73,52
7098,4508180,85.7144444444445,79.03,92.19,126,62,64
7099,4508427,86.9246153846154,88.24,84.44,130,85,45
7100,4509606,90.5440540540541,89.29,92.19,148,84,64
7101,4509867,84.9320547945206,84.62,85.29,146,78,68
7102,4511012,84.4577702702703,88.31,80.28,148,77,71
7103,4511278,89.5820833333333,89.61,89.55,144,77,67
7104,4511409,76.56125,87.32,63.16,128,71,57
7105,4511578,87.4966666666667,85.71,89.55,144,77,67
7106,4512571,86.9542236024845,84.81,89.02,161,79,82
7107,4513512,80.5739568345324,83.87,77.92,139,62,77
7108,4514656,85.0344897959184,77.33,93.06,147,75,72
7109,4514722,76.5789189189189,75.76,77.78,111,66,45
7110,4515425,83.4629133858268,85.33,80.77,127,75,52
7111,4515766,85.4312582781457,80.88,89.16,151,68,83
7112,4515904,78.8608943089431,70,84.93,123,50,73
7113,4516522,85.7152631578947,86.89,84.72,133,61,72
7114,4516775,93.5232374100719,93.33,93.67,139,60,79
7115,4517969,93.0830188679245,94.05,92,159,84,75
7116,4519398,70.33,78.85,58.97,91,52,39
7117,4519775,91.1548979591837,90.77,91.46,147,65,82
7118,4520183,88.9611042944785,86.96,90.43,163,69,94
7119,4520812,88.4310743801653,81.36,95.16,121,59,62
7120,4521034,77.5754545454545,73.91,80.21,165,69,96
7121,4521250,82.2587903225807,78.18,85.51,124,55,69
7122,4521633,90.2626548672566,81.48,93.02,113,27,86
7123,4522160,80.4854471544716,75.51,83.78,123,49,74
7124,4522177,87.9204026845638,85.9,90.14,149,78,71
7125,4522859,85.1067375886525,85.07,85.14,141,67,74
7126,4524040,86.1563076923077,79.25,90.91,130,53,77
7127,4526069,91.5889719626168,95.92,87.93,107,49,58
7128,4526819,97.1457142857143,97.78,96.67,105,45,60
7129,4527573,74.1935483870968,72.22,75.44,93,36,57
7130,4527798,96.1511538461538,91.11,98.82,130,45,85
7131,4529134,96.4534042553192,95,97.53,141,60,81
7132,4530142,94.3122764227642,94.55,94.12,123,55,68
7133,4531144,88.279140625,82.93,90.8,128,41,87
7134,4532467,87.2371631205674,76.79,94.12,141,56,85
7135,4533384,86.8933103448276,83.05,89.53,145,59,86
7136,4536089,86.6089285714286,87.93,85.19,112,58,54
7137,4536761,91.0153892215569,83.95,97.67,167,81,86
7138,4536984,85.2967647058824,81.67,88.16,136,60,76
7139,4537034,88.189842519685,75.47,97.3,127,53,74
7140,4538087,90.9119480519481,86.96,94.12,154,69,85
7141,4539124,82.6339520958084,75.61,89.41,167,82,85
7142,4539538,95.7456737588652,95.95,95.52,141,74,67
7143,4539745,92.2074675324675,94.2,90.59,154,69,85
7144,4540073,95.5703797468354,94.74,96.34,158,76,82
7145,4540290,95.5065168539326,95,95.92,178,80,98
7146,4540350,88.5717142857143,89.41,87.78,175,85,90
7147,4542159,92.5489440993789,93.26,91.67,161,89,72
7148,4542596,83.7525,76.83,91.03,160,82,78
7149,4542639,81.815023923445,82.52,81.13,209,103,106
7150,4542660,77.2141772151899,80.9,72.46,158,89,69
7151,4542886,91.5720786516854,90.41,92.38,178,73,105
7152,4543985,92.7333519553073,93.33,92.13,179,90,89
7153,4544246,76.7113698630137,79.03,75,146,62,84
7154,4544261,73.8550980392157,76.71,71.25,153,73,80
7155,4544336,82.468961038961,84.38,81.11,154,64,90
7156,4545511,85.7995266272189,88.24,83.33,169,85,84
7157,4546117,81.5052739726027,78.87,84,146,71,75
7158,4546653,80.7399259259259,84.21,76.27,135,76,59
7159,4546772,85.504347826087,80.95,89.33,138,63,75
7160,4546956,75.6086178861788,65.38,83.1,123,52,71
7161,4547517,81.1955555555556,82.69,80,117,52,65
7162,4547526,75.9025301204819,78.57,73.17,83,42,41
7163,4547833,88.3932142857143,88.24,88.46,112,34,78
7164,4548376,88.1955279503106,85.29,90.32,161,68,93
7165,4550739,86.0865217391304,82.69,88.89,115,52,63
7166,4550828,86.2282035928144,88.61,84.09,167,79,88
7167,4551165,87.2504697986577,92.86,82.28,149,70,79
7168,4551276,90.9636144578313,91.67,90.24,166,84,82
7169,4551396,91.975,96.3,87.65,162,81,81
7170,4551822,89.7116,88.17,91.46,175,93,82
7171,4552623,89.0399315068493,76.27,97.7,146,59,87
7172,4553086,91.6186826347305,85.42,100,167,96,71
7173,4553404,80.3905882352941,80,80.72,153,70,83
7174,4554000,83.6768707482993,81.18,87.1,147,85,62
7175,4554864,93.2295488721805,90.62,95.65,133,64,69
7176,4555945,82.813046875,67.44,90.59,128,43,85
7177,4556143,82.0675172413793,92.59,68.75,145,81,64
7178,4558182,86.2861714285714,84.21,87.88,175,76,99
7179,4558994,87.1147852760736,87.5,86.81,163,72,91
7180,4560644,82.855,87.14,78.57,140,70,70
7181,4561442,83.221677852349,88.31,77.78,149,77,72
7182,4561730,83.5966666666667,89.01,78.57,189,91,98
7183,4563373,86.5752348993288,92.39,77.19,149,92,57
7184,4563595,87.5961240310077,81.03,92.96,129,58,71
7185,4564513,92.3926086956522,92.86,92,184,84,100
7186,4564564,85.0767164179104,83.93,85.9,134,56,78
7187,4565443,94.3,98.73,89.87,158,79,79
7188,4567627,92.7629605263158,96.47,88.06,152,85,67
7189,4567819,89.9308633093525,88.41,91.43,139,69,70
7190,4568086,92.5648648648649,93.1,92.22,148,58,90
7191,4568317,71.5971597633136,87.21,55.42,169,86,83
7192,4568624,84.7714569536424,94.74,74.67,151,76,75
7193,4568636,91.1736470588235,92.68,89.77,170,82,88
7194,4568683,81.3529943502825,90.36,73.4,177,83,94
7195,4568734,86.2281437125748,97.4,76.67,167,77,90
7196,4568908,81.2955395683453,85.42,79.12,139,48,91
7197,4569573,91.7195541401274,89.61,93.75,157,77,80
7198,4569850,90.004,91.67,88.24,140,72,68
7199,4570941,88.1107692307692,80,93.18,143,55,88
7200,4571260,79.1658333333333,81.91,75.68,168,94,74
7201,4571413,82.2490532544379,73.33,92.41,169,90,79
7202,4572470,92.61625,90.91,94.81,176,99,77
7203,4572929,86.1250289017341,82.47,90.79,173,97,76
7204,4573337,88.8898245614035,90.48,86.36,171,105,66
7205,4573573,89.5063580246914,84.93,93.26,162,73,89
7206,4573675,79.0401796407186,83,73.13,167,100,67
7207,4575114,95.9546820809249,95.88,96.05,173,97,76
7208,4575305,92.35,93.55,91.11,183,93,90
7209,4576577,83.1171428571429,87.78,76.56,154,90,64
7210,4577261,86.876625,88.51,84.93,160,87,73
7211,4577289,96.7926923076923,96.51,97.14,156,86,70
7212,4577927,85.9043624161074,92.75,80,149,69,80
7213,4577969,85.5186206896552,87.3,84.15,145,63,82
7214,4579236,85.1043262411347,82.35,87.67,141,68,73
7215,4580222,91.3046956521739,94.34,88.71,115,53,62
7216,4580657,87.3953781512605,83.87,91.23,119,62,57
7217,4582802,88.7988,90,87.69,125,60,65
7218,4582981,84.9211111111111,88.57,80.36,126,70,56
7219,4583437,85.0884210526316,82.76,87.5,114,58,56
7220,4583506,90.0010714285714,88,92.31,140,75,65
7221,4583840,93.3316296296296,89.83,96.05,135,59,76
7222,4584092,82.9801418439716,80.52,85.94,141,77,64
7223,4584305,90.4722448979592,91.3,89.74,147,69,78
7224,4584524,81.9413888888889,75.38,87.34,144,65,79
7225,4585292,92.7682530120482,89.87,95.4,166,79,87
7226,4585835,93.5845454545455,91.18,96.47,187,102,85
7227,4586098,92.4873410404624,94.32,90.59,173,88,85
7228,4586251,90.5309467455621,88.37,92.77,169,86,83
7229,4588327,90.625375,89.83,91.09,160,59,101
7230,4588854,88.0527672955975,92.41,83.75,159,79,80
7231,4589629,86.6672777777778,91.01,82.42,180,89,91
7232,4591443,75.3211688311688,70.49,78.49,154,61,93
7233,4592501,90.1211111111111,93.59,86.9,162,78,84
7234,4592677,95.0005,97.44,92.68,160,78,82
7235,4592725,88.8865079365079,98.11,82.19,126,53,73
7236,4593351,90.3547368421053,90.2,90.48,114,51,63
7237,4593528,41.614347826087,51.95,32.14,161,77,84
7238,4593759,87.0495683453237,90.57,84.88,139,53,86
7239,4594368,88.5506106870229,87.04,89.61,131,54,77
7240,4596441,89.63,79.69,98.59,135,64,71
7241,4596870,90.4450955414013,93.59,87.34,157,78,79
7242,4602349,88.659381443299,94.44,81.4,97,54,43
7243,4602636,95.5873529411765,98.48,92.86,136,66,70
7244,4603719,90.1527272727273,90,90.28,132,60,72
7245,4604068,91.2743624161074,92.96,89.74,149,71,78
7246,4604612,89.4337398373984,85.25,93.55,123,61,62
7247,4605658,92.6206040268456,93.83,91.18,149,81,68
7248,4605907,89.4290243902439,95.65,81.48,123,69,54
7249,4606397,93.7895031055901,96.91,89.06,161,97,64
7250,4607047,93.5714285714286,88.75,100,140,80,60
7251,4607186,93.8785034013605,94.32,93.22,147,88,59
7252,4607248,89.5844444444444,92.05,85.71,144,88,56
7253,4607350,96.8148407643312,97,96.49,157,100,57
7254,4609412,91.405390625,84.93,100,128,73,55
7255,4610443,94.7009090909091,93.06,96.67,132,72,60
7256,4611459,92.0454545454545,85.71,97.83,88,42,46
7257,4611924,83.871935483871,92.86,76.47,93,42,51
7258,4612965,88.4628205128205,91.89,85.37,78,37,41
7259,4614876,78.8628455284553,79.75,77.27,123,79,44
7260,4615309,85.2186956521739,81.67,89.09,115,60,55
7261,4615348,90.1942156862745,85.71,94.34,102,49,53
7262,4616122,98.2437719298246,98.36,98.11,114,61,53
7263,4616228,89.7989795918367,98.15,79.55,98,54,44
7264,4617380,88.3946428571429,90,87.1,112,50,62
7265,4617686,86.2366972477064,85.96,86.54,109,57,52
7266,4618596,86.1736170212766,91.18,73.08,94,68,26
7267,4618814,86.0792405063291,88.64,82.86,79,44,35
7268,4619070,64.4444444444444,66,62.5,90,50,40
7269,4620259,90.8173469387755,89.13,92.31,98,46,52
7270,4620342,82.7162962962963,86,77.42,81,50,31
7271,4620486,84.0881818181818,83.72,84.44,88,43,45
7272,4621454,92.2101298701299,94.12,90.7,77,34,43
7273,4621708,82.6073913043478,79.59,90,69,49,20
7274,4622403,92.8571428571429,96.08,89.36,98,51,47
7275,4623505,90.6960465116279,87.5,92.59,86,32,54
7276,4625195,94.8464948453608,91.11,98.08,97,45,52
7277,4625218,94.9552941176471,90.62,100,119,64,55
7278,4625275,91.488085106383,94.87,89.09,94,39,55
7279,4625891,95.2361904761905,95.16,95.31,126,62,64
7280,4626331,93.965,94.2,93.62,116,69,47
7281,4627061,95.7611016949153,95.08,96.49,118,61,57
7282,4627401,94.168,94.74,93.18,120,76,44
7283,4627462,91.5875700934579,95.45,85.37,107,66,41
7284,4627742,91.5929411764706,90.16,93.1,119,61,58
7285,4627957,88.7988,90,87.27,125,70,55
7286,4628152,91.2012,90,92.73,125,70,55
7287,4628253,85.4397087378641,91.94,75.61,103,62,41
7288,4629849,83.0018,80.85,84.91,100,47,53
7289,4630167,91.8900900900901,92,91.8,111,50,61
7290,4630304,94.9133898305085,92.98,96.72,118,57,61
7291,4630330,97.9972,97.87,98.11,100,47,53
7292,4631158,89.522380952381,91.38,87.23,105,58,47
7293,4631725,88.4957522123894,82.14,94.74,113,56,57
7294,4632362,98.096,96.08,100,105,51,54
7295,4632806,88.2998936170213,93.85,75.86,94,65,29
7296,4633250,92.7418548387097,96.72,88.89,124,61,63
7297,4633292,96.00208,97.06,94.74,125,68,57
7298,4633583,97.4134482758621,96.67,98.21,116,60,56
7299,4633880,91.7400826446281,91.94,91.53,121,62,59
7300,4634545,93.4589719626168,96,91.23,107,50,57
7301,4634885,91.27,96.97,85,126,66,60
7302,4635854,86.3621818181818,90.32,81.25,110,62,48
7303,4635944,76.923,84.06,68.85,130,69,61
7304,4636078,83.3326315789474,81.48,85,114,54,60
7305,4636458,80.438152173913,89.8,69.77,92,49,43
7306,4636805,89.658275862069,92.86,86.67,87,42,45
7307,4637265,87.8772727272727,89.13,86.79,99,46,53
7308,4637670,88.5454166666667,90.57,86.05,96,53,43
7309,4637721,89.58,85.71,92.59,96,42,54
7310,4637861,88.7475,94.44,84.09,80,36,44
7311,4638515,95.0793442622951,96,94.44,122,50,72
7312,4638625,92.96796875,96.55,90,128,58,70
7313,4640111,90.0835537190083,93.06,85.71,121,72,49
7314,4641880,86.9884931506849,90.59,81.97,146,85,61
7315,4642985,88.3550684931507,86.84,90,146,76,70
7316,4643990,93.700157480315,89.04,100,127,73,54
7317,4644815,93.875306122449,89.39,97.53,147,66,81
7318,4647864,94.614,94.44,94.83,130,72,58
7319,4648707,89.7743181818182,96.3,79.41,88,54,34
7320,4649007,96.296,97.22,95.24,135,72,63
7321,4651753,89.4774561403509,78.38,94.81,114,37,77
7322,4652723,97.8712765957447,95.65,100,141,69,72
7323,4653142,76.6415328467153,81.33,70.97,137,75,62
7324,4654464,81.7505839416058,85,77.19,137,80,57
7325,4654524,85.184962962963,94.03,76.47,135,67,68
7326,4655523,95.5876470588235,98.51,92.75,136,67,69
7327,4655723,90.5418918918919,90.28,90.79,148,72,76
7328,4656729,82.8572380952381,75.61,87.5,105,41,64
7329,4657566,77.6953956834532,78.08,77.27,139,73,66
7330,4657937,87.8806060606061,90,84.62,132,80,52
7331,4659966,79.1029850746269,77.14,81.25,134,70,64
7332,4660163,89.3931818181818,90.54,87.93,132,74,58
7333,4660652,90.39896,87.67,94.23,125,73,52
7334,4660913,93.4798550724638,95.59,91.43,138,68,70
7335,4660975,89.345,86.89,91.8,122,61,61
7336,4661227,85.2178260869565,74.14,96.49,115,58,57
7337,4661648,87.0983064516129,79.66,93.85,124,59,65
7338,4662707,77.7024324324324,82.61,69.64,148,92,56
7339,4663232,88.6777358490566,96,82.14,159,75,84
7340,4664093,87.7356603773585,92.06,81.4,106,63,43
7341,4664679,92.96953125,93.65,92.31,128,63,65
7342,4665163,84.6787096774193,90.91,74.47,124,77,47
7343,4665823,90.6953488372093,90,91.3,129,60,69
7344,4665903,71.5295833333333,72.73,70.15,144,77,67
7345,4666195,83.6488050314465,86.05,80.82,159,86,73
7346,4666365,82.5158041958042,81.16,83.78,143,69,74
7347,4666649,88.4948672566372,90.74,86.44,113,54,59
7348,4667920,93.4662745098039,91.03,96,153,78,75
7349,4667980,90.8419847328244,88.24,95.65,131,85,46
7350,4669764,94.6545038167939,95.38,93.94,131,65,66
7351,4672745,92.4955,98.68,86.9,160,76,84
7352,4673585,86.8202325581395,87.88,85.71,129,66,63
7353,4673644,95.0710563380282,94.67,95.52,142,75,67
7354,4674429,79.6286419753086,83.13,75.95,162,83,79
7355,4675629,92.4124137931034,95.24,90.24,145,63,82
7356,4677624,89.846171875,89.86,89.83,128,69,59
7357,4678347,90.9109090909091,81.48,97.44,132,54,78
7358,4679102,91.2714285714286,91.67,90.74,126,72,54
7359,4679952,58.646015037594,52,67.24,133,75,58
7360,4680302,88.6760377358491,89.53,87.67,159,86,73
7361,4681361,88.055,85.07,91.04,134,67,67
7362,4682992,80.4522556390977,84.27,72.73,133,89,44
7363,4683304,87.6201904761905,79.66,97.83,105,59,46
7364,4683407,92.9088652482269,96.63,86.54,141,89,52
7365,4683638,90.0697872340426,87.5,93.44,141,80,61
7366,4684133,84.2115789473684,83.95,84.51,152,81,71
7367,4684436,78.7388976377953,77.92,80,127,77,50
7368,4685115,81.8955172413793,82.81,80.77,116,64,52
7369,4685473,78.721914893617,86.84,69.23,141,76,65
7370,4685629,89.5849305555556,93.67,84.62,144,79,65
7371,4686652,90.5988888888889,88.46,92.31,117,52,65
7372,4687411,94.6284563758389,95.52,93.9,149,67,82
7373,4687840,95.1386111111111,96.05,94.12,144,76,68
7374,4688231,80.7010526315789,81.48,80,114,54,60
7375,4690268,93.1802272727273,88.04,98.81,176,92,84
7376,4690741,85.6174509803922,77.27,91.95,153,66,87
7377,4692032,86.668,82.54,90.28,135,63,72
7378,4693228,96.0283443708609,94.52,97.44,151,73,78
7379,4693939,83.7365040650406,81.13,85.71,123,53,70
7380,4694347,94.204347826087,94.67,93.65,138,75,63
7381,4695894,88.46,90.11,86.81,182,91,91
7382,4697634,86.47,81.11,92.5,170,90,80
7383,4698022,88.8157142857143,87.8,89.87,161,82,79
7384,4698696,87.5,82.89,92.11,152,76,76
7385,4699203,95.8869863013699,96.05,95.71,146,76,70
7386,4699505,84.8504545454546,86.96,82.54,132,69,63
7387,4699517,93.0604624277457,95.06,91.3,173,81,92
7388,4699626,97.4201935483871,97.53,97.3,155,81,74
7389,4699636,94.3406289308176,98.84,89.04,159,86,73
7390,4701725,68.5487096774194,43.14,86.3,124,51,73
7391,4703941,93.2852348993289,89.74,97.18,149,78,71
7392,4704509,96.0323809523809,97.1,94.74,126,69,57
7393,4704676,95.8908219178082,95.83,95.95,146,72,74
7394,4704920,85.9081879194631,90.48,80,149,84,65
7395,4705564,87.4045185185185,85.71,88.37,135,49,86
7396,4705876,87.41,86.15,88.46,143,65,78
7397,4705984,92.2589677419355,94.05,90.14,155,84,71
7398,4706194,95.0704929577465,94.03,96,142,67,75
7399,4706605,87.5,86.44,88.68,112,59,53
7400,4706834,78.3781081081081,66.07,90.91,111,56,55
7401,4707664,91.0374482758621,87.84,94.37,145,74,71
7402,4707855,95.308671875,93.44,97.01,128,61,67
7403,4709537,95.9195238095238,97.56,93.85,147,82,65
7404,4710584,83.9725,86.81,80,156,91,65
7405,4710627,89.0499270072993,88,90.32,137,75,62
7406,4710656,92.4683561643836,92.31,92.65,146,78,68
7407,4710842,93.0989655172414,96.15,90.62,116,52,64
7408,4713123,86.9940650406504,92.41,77.27,123,79,44
7409,4714051,81.4091025641026,83.53,78.87,156,85,71
7410,4714203,81.926686746988,81.72,82.19,166,93,73
7411,4714246,83.1163636363636,85,81.08,154,80,74
7412,4715338,83.8250735294118,89.86,77.61,136,69,67
7413,4715369,88.534203821656,88.31,88.75,157,77,80
7414,4716487,84.9562831858407,94.92,74.07,113,59,54
7415,4717206,79.270243902439,84.38,76,82,32,50
7416,4717339,87.5025,89.19,86.67,112,37,75
7417,4718154,87.7695683453237,89.83,86.25,139,59,80
7418,4718507,95.5734513274336,100,91.8,113,52,61
7419,4720435,56.0953658536585,67.21,45.16,123,61,62
7420,4720916,83.3342857142857,88.41,77.19,126,69,57
7421,4720956,73.4514159292035,77.78,65.85,113,72,41
7422,4721289,79.46,64.58,90.62,112,48,64
7423,4721468,90.5177586206897,89.47,91.53,116,57,59
7424,4721801,84.3460869565217,80,87.14,115,45,70
7425,4722644,74.7566990291262,73.91,75.44,103,46,57
7426,4723278,81.2525,85.19,76.19,96,54,42
7427,4723544,86.3255555555556,80.77,90.77,117,52,65
7428,4723813,74.6155384615385,72.73,76.56,130,66,64
7429,4723840,68.79568,60.78,74.32,125,51,74
7430,4724876,88.2878378378378,81.25,93.65,111,48,63
7431,4726579,88.2364705882353,77.78,93.94,102,36,66
7432,4726609,81.5386153846154,63.27,92.59,130,49,81
7433,4728607,88.6212195121951,92.19,84.75,123,64,59
7434,4731239,83.8968644067796,81.82,85.71,118,55,63
7435,4731453,75.4109836065574,62.22,83.12,122,45,77
7436,4732074,77.8755752212389,81.67,73.58,113,60,53
7437,4733564,81.4788888888889,86.36,76.81,135,66,69
7438,4736959,92.61625,92.31,92.86,176,78,98
7439,4739477,84.72,85.71,84.09,144,56,88
7440,4740608,86.8622627737226,86.84,86.89,137,76,61
7441,4740946,89.0404794520548,91.36,86.15,146,81,65
7442,4742756,91.1585714285714,92.86,88.89,147,84,63
7443,4745376,89.5338372093023,86.75,92.13,172,83,89
7444,4745625,94.7991907514451,98.72,91.58,173,78,95
7445,4746922,89.0332903225806,88.37,89.86,155,86,69
7446,4747747,85.9038926174497,80.3,90.36,149,66,83
7447,4748008,96.7102631578947,94.87,98.65,152,78,74
7448,4748965,90.626875,88.89,92.86,128,72,56
7449,4748982,89.0237195121951,84.81,92.94,164,79,85
7450,4752378,91.0910891089109,87.76,94.23,101,49,52
7451,4752900,91.1269230769231,88.3,94.67,169,94,75
7452,4753390,93.5946153846154,92.41,94.81,156,79,77
7453,4753739,90.8581142857143,89.89,91.86,175,89,86
7454,4755199,83.7665584415584,92,75.95,154,75,79
7455,4755248,90.7883552631579,91.04,90.59,152,67,85
7456,4756905,87.4997023809524,87.95,87.06,168,83,85
7457,4757783,93.86,94.74,92.98,114,57,57
7458,4757955,98.0251315789474,97.53,98.59,152,81,71
7459,4758490,86.5760402684564,86.17,87.27,149,94,55
7460,4759465,90.4337391304348,90.62,90.2,115,64,51
7461,4759757,96.4513609467456,97.92,94.52,169,96,73
7462,4760678,86.0138461538461,90.91,78.18,143,88,55
7463,4762517,92.9914012738853,92.55,93.65,157,94,63
7464,4762555,95.1745517241379,92.11,98.55,145,76,69
7465,4762949,92.2530985915493,89.71,94.59,142,68,74
7466,4764123,97.2395862068965,98.53,96.1,145,68,77
7467,4764823,95.6521739130435,93.06,98.48,138,72,66
7468,4764946,85.5075362318841,90.7,76.92,138,86,52
7469,4765366,94.9244202898551,91.04,98.59,138,67,71
7470,4765651,95.0414876033058,97.1,92.31,121,69,52
7471,4767118,94.0748148148148,98.44,90.14,135,64,71
7472,4767160,93.6946846846847,90.57,96.55,111,53,58
7473,4767376,95.8653103448276,94.37,97.3,145,71,74
7474,4768296,89.06359375,81.13,94.67,128,53,75
7475,4770045,94.5673913043478,97.92,90.91,92,48,44
7476,4770387,90.3222580645161,88.33,92.19,124,60,64
7477,4770720,94.8707692307692,93.22,96.55,117,59,58
7478,4770810,96.1863358778626,95.59,96.83,131,68,63
7479,4771734,92.3725423728814,93.75,90.74,118,64,54
7480,4772780,89.9059633027523,96.55,82.35,109,58,51
7481,4772887,91.3786206896552,88.46,93.75,116,52,64
7482,4773264,80.8962921348315,73.53,85.45,89,34,55
7483,4773962,96.0786274509804,97.83,94.64,102,46,56
7484,4775005,87.0954838709677,86.54,87.8,93,52,41
7485,4775200,82.8816216216216,77.78,86.36,111,45,66
7486,4776983,79.0736046511628,75.56,82.93,86,45,41
7487,4777749,92.1035087719298,90.32,94.23,114,62,52
7488,4778428,85.3653658536585,91.38,70.83,82,58,24
7489,4780879,90.7247682119205,86.9,95.52,151,84,67
7490,4781279,82.5366666666667,82.14,83.33,126,84,42
7491,4781752,76.0410416666667,80,67.74,96,65,31
7492,4782611,90.8470422535211,90,91.94,142,80,62
7493,4784037,93.1015517241379,89.47,96.61,116,57,59
7494,4784979,88.3353333333333,92.54,83.02,120,67,53
7495,4785952,89.16725,94.03,83.02,120,67,53
7496,4787082,93.7525,95.24,91.84,112,63,49
7497,4787858,91.2197297297297,90.28,92.11,148,72,76
7498,4788090,89.9163865546218,91.55,87.5,119,71,48
7499,4788376,87.7067213114754,88.71,86.67,122,62,60
7500,4789781,92.185234375,95.77,87.72,128,71,57
7501,4789895,94.8183703703704,92.96,96.88,135,71,64
7502,4791422,96.9662121212121,97.14,96.77,132,70,62
7503,4791493,97.0973913043478,95.83,98.48,138,72,66
7504,4791642,88.4956637168141,86.96,89.55,113,46,67
7505,4791774,97.1860563380282,97.47,96.83,142,79,63
7506,4792089,97.5988,95.65,100,125,69,56
7507,4792850,93.3366666666667,94.29,92.31,135,70,65
7508,4793444,95.7623728813559,100,90.74,118,64,54
7509,4794376,85.8502830188679,86.44,85.11,106,59,47
7510,4794655,91.1135555555555,92.11,89.83,135,76,59
7511,4794693,95.8770103092783,95.59,96.55,97,68,29
7512,4795419,87.8809090909091,86.67,88.89,99,45,54
7513,4795646,95.2004,90.77,100,125,65,60
7514,4795778,84.2959504132231,82.76,85.71,121,58,63
7515,4796366,90.40024,89.47,91.18,125,57,68
7516,4796838,90.998,93.33,87.5,100,60,40
7517,4798404,88.7241353383459,93.55,84.51,133,62,71
7518,4798769,90.9777443609022,93.22,89.19,133,59,74
7519,4798842,96.947786259542,95.24,98.53,131,63,68
7520,4799429,94.5571428571429,95.06,93.94,147,81,66
7521,4803137,83.0636290322581,89.09,78.26,124,55,69
7522,4804934,85.93546875,87.27,84.93,128,55,73
7523,4806175,81.9992,75,88.46,100,48,52
7524,4806590,92.3720338983051,88.89,95.31,118,54,64
7525,4806739,79.9982857142857,83.33,74.36,105,66,39
7526,4807440,96.4779577464789,95.89,97.1,142,73,69
7527,4807844,95.3103125,95.52,95.08,128,67,61
7528,4808586,87.1239393939394,78.69,94.37,132,61,71
7529,4810242,90.8228440366972,89.06,93.33,109,64,45
7530,4810566,67.65,66.67,68.63,102,51,51
7531,4811212,95.3475968992248,98.53,91.8,129,68,61
7532,4812138,95.4166412213741,95.08,95.71,131,61,70
7533,4812507,91.0588617886179,92.86,88.68,123,70,53
7534,4814114,92.1418571428571,91.3,92.96,140,69,71
7535,4815361,93.9390909090909,91.67,95.83,132,60,72
7536,4815675,88.4080434782609,79.37,96,138,63,75
7537,4816143,93.2414189189189,97.26,89.33,148,73,75
7538,4817230,95.2067065868264,94.38,96.15,167,89,78
7539,4817613,92.1972340425532,93.33,90.91,141,75,66
7540,4817667,90.326064516129,90.7,89.86,155,86,69
7541,4817716,87.8184615384615,86.9,88.89,156,84,72
7542,4819063,88.6815094339623,91.36,85.9,159,81,78
7543,4819174,77.7107643312102,82.11,70.97,157,95,62
7544,4821137,90.4394117647059,93.75,85.71,136,80,56
7545,4822026,91.838231292517,94.12,88.71,147,85,62
7546,4822902,90.7711538461539,88,94.55,130,75,55
7547,4823087,90.3825961538462,94.34,86.27,104,53,51
7548,4824674,89.5455555555556,90.59,88.24,153,85,68
7549,4825185,70.4375652173913,81.36,58.93,115,59,56
7550,4825574,93.0416455696203,94.19,91.67,158,86,72
7551,4827074,93.3348888888889,92.65,94.03,135,68,67
7552,4827836,86.1525384615385,91.3,80.33,130,69,61
7553,4829200,94.3129268292683,96.83,91.67,123,63,60
7554,4829223,94.5076923076923,95.24,93.88,91,42,49
7555,4829355,90.9992,91.67,90.38,100,48,52
7556,4829599,90.4,93.55,87.3,125,62,63
7557,4829682,91.5900934579439,90,93.62,107,60,47
7558,4830209,89.9168907563025,88.89,90.77,119,54,65
7559,4830426,93.1812878787879,91.55,95.08,132,71,61
7560,4830729,92.0390265486726,97.73,88.41,113,44,69
7561,4831105,80.9533333333333,67.86,87.5,84,28,56
7562,4831259,68.3167326732673,72.73,64.91,101,44,57
7563,4832003,84.725,88.24,81.58,72,34,38
7564,4832029,84.4466666666667,74.29,90.91,90,35,55
7565,4832082,96.0793137254902,97.67,94.92,102,43,59
7566,4833354,73.7703278688525,79.31,68.75,61,29,32
7567,4833458,67.123698630137,70.27,63.89,73,37,36
7568,4833583,38.2341176470588,42.5,32.14,68,40,28
7569,4833591,5.95654761904762,9.76,2.33,84,41,43
7570,4833950,62.6850746268657,57.14,68.75,67,35,32
7571,4833961,68.8298701298701,61.76,74.42,77,34,43
7572,4834664,78.35,76,80.85,97,50,47
7573,4835245,72.7290909090909,77.78,68.52,99,45,54
7574,4835337,91.1273387096774,91.04,91.23,124,67,57
7575,4835642,85.83275,79.25,91.04,120,53,67
7576,4836562,90.0742748091603,92.59,88.31,131,54,77
7577,4836632,91.1082962962963,90.16,91.89,135,61,74
7578,4838005,83.4545323741007,83.87,83.12,139,62,77
7579,4838011,79.6962406015037,82.35,76.92,133,68,65
7580,4838031,86.8590510948905,76.47,93.02,137,51,86
7581,4838075,91.3025,92.59,90.29,184,81,103
7582,4839464,88.79664,95.52,81.03,125,67,58
7583,4839587,96.525,98.61,94.44,144,72,72
7584,4844186,91.1329838709677,92.73,89.86,124,55,69
7585,4845253,90.142676056338,86.67,94.03,142,75,67
7586,4845423,84.090606060606,82.86,85.48,132,70,62
7587,4845818,88.2748275862069,88.75,87.69,145,80,65
7588,4846104,96.1056493506494,96.3,95.89,154,81,73
7589,4847258,90.9877477477477,96.1,79.41,111,77,34
7590,4847456,92.73,90,94.29,110,40,70
7591,4848688,88.0631343283582,92.19,84.29,134,64,70
7592,4849231,86.1821138211382,86.54,85.92,123,52,71
7593,4850256,79.996,93.68,56.36,150,95,55
7594,4852057,64.5875,83.15,34.55,144,89,55
7595,4852660,69.7357894736842,70.91,69.07,152,55,97
7596,4852825,87.2431632653061,91.11,83.96,196,90,106
7597,4853668,93.5897435897436,94.38,92.54,156,89,67
7598,4854660,96.0032,93.48,98.8,175,92,83
7599,4854846,90.3959322033898,90.48,90.32,177,84,93
7600,4855147,91.1544897959184,89.23,92.68,147,65,82
7601,4855326,85.3866153846154,86.05,84.09,130,86,44
7602,4856246,94.0370198675497,95.12,92.75,151,82,69
7603,4856430,78.8687628865979,74.16,82.86,194,89,105
7604,4857046,90.8528048780488,94.44,86.49,164,90,74
7605,4858592,96.8371518987342,100,93.51,158,81,77
7606,4858851,90.8511764705882,87.5,93.83,153,72,81
7607,4858883,89.6335365853658,92.75,87.37,164,69,95
7608,4858913,80.79688,95.31,65.57,125,64,61
7609,4859453,92.5015,88.31,96.39,160,77,83
7610,4861235,79.4415887850467,71.43,86.21,107,49,58
7611,4861829,85.7166666666667,88.78,79.59,147,98,49
7612,4861892,91.7239310344828,87.65,96.88,145,81,64
7613,4862096,93.0565277777778,89.41,98.31,144,85,59
7614,4862579,93.9185135135135,90.91,96.34,148,66,82
7615,4862922,88.4069565217391,92.86,81.48,138,84,54
7616,4864301,91.5237288135593,95.83,86.42,177,96,81
7617,4865110,86.428,89.83,83.95,140,59,81
7618,4865483,91.4538461538462,92.59,90.48,117,54,63
7619,4866289,83.9692366412214,93.42,70.91,131,76,55
7620,4867393,92.2575483870968,89.19,95.06,155,74,81
7621,4868847,81.6332653061224,61.11,93.55,98,36,62
7622,4868947,83.33,80.95,84.52,126,42,84
7623,4869019,97.6732558139535,98.15,97.33,129,54,75
7624,4869366,96.09125,94.64,97.22,128,56,72
7625,4869407,96.5794871794872,100,93.33,117,57,60
7626,4869642,92.11,92.11,92.11,114,38,76
7627,4869716,94.3948598130841,93.75,94.67,107,32,75
7628,4869759,86.2062068965517,81.58,88.46,116,38,78
7629,4870671,81.030775862069,86.27,76.92,116,51,65
7630,4870774,69.7930208333333,82.93,60,96,41,55
7631,4871310,81.6488990825688,88.37,77.27,109,43,66
7632,4871432,90.695,93.02,88.37,86,43,43
7633,4871594,82.81375,79.17,85,64,24,40
7634,4872284,84.149512195122,88.64,78.95,82,44,38
7635,4873326,79.998,83.33,76.19,45,24,21
7636,4873468,47.3705263157895,55.56,40,38,18,20
7637,4873749,65.4545454545455,60,70,55,25,30
7638,4874220,73.0147619047619,62.07,82.35,63,29,34
7639,4874401,82.7140740740741,75,90.24,81,40,41
7640,4876333,94.7414912280702,94.92,94.55,114,59,55
7641,4879277,94.0174358974359,95.08,92.86,117,61,56
7642,4879530,94.3939252336449,96.61,91.67,107,59,48
7643,4879885,88.9967,98.11,78.72,100,53,47
7644,4881694,86.5547058823529,85.94,87.27,119,64,55
7645,4882962,82.8805405405406,72.22,92.98,111,54,57
7646,4883234,86.0273529411765,88.52,84,136,61,75
7647,4883308,87.7528571428571,86.11,89.33,147,72,75
7648,4883998,93.180303030303,95.59,90.62,132,68,64
7649,4884154,83.8354545454546,73.33,92.59,99,45,54
7650,4885009,94.8287931034483,93.65,96.23,116,63,53
7651,4885213,88.0345299145299,87.5,88.68,117,64,53
7652,4885688,87.0215267175573,92.42,81.54,131,66,65
7653,4886303,90.3876923076923,91.53,88.89,104,59,45
7654,4886912,94.9996666666667,94.12,96.15,120,68,52
7655,4886954,90.2916504854369,88.68,92,103,53,50
7656,4887383,94.4444444444444,92,97.5,90,50,40
7657,4887512,90.4777142857143,88.68,92.31,105,53,52
7658,4888305,95.4147706422018,91.49,98.39,109,47,62
7659,4891969,88.8156578947368,82.22,98.39,152,90,62
7660,4892890,89.3925757575758,82.26,95.71,132,62,70
7661,4895854,91.3898675496689,94.44,88.61,151,72,79
7662,4898004,83.8707741935484,77.38,91.55,155,84,71
7663,4899301,86.2334782608696,83.33,88.1,138,54,84
7664,4899704,90.5682389937107,86.57,93.48,159,67,92
7665,4900210,87.6009917355372,88,87.32,121,50,71
7666,4900234,90.2561688311688,89.55,90.8,154,67,87
7667,4900332,79.725945945946,70.31,86.9,148,64,84
7668,4900725,69.3268098159509,66.22,71.91,163,74,89
7669,4900774,46.4736470588235,58.54,35.23,170,82,88
7670,4900959,87.1627027027027,86.11,88.16,148,72,76
7671,4901320,88.80048,94.92,83.33,125,59,66
7672,4901639,88.8159210526316,90.67,87.01,152,75,77
7673,4901793,94.2410071942446,91.8,96.15,139,61,78
7674,4901907,80.80104,81.25,80.33,125,64,61
7675,4902669,86.1122222222222,86.25,85.94,144,80,64
7676,4903089,88.2004968944099,92.05,83.56,161,88,73
7677,4903407,84.1037748344371,89.41,77.27,151,85,66
7678,4903941,90.4502247191011,95.24,86.17,178,84,94
7679,4904133,85.8034567901235,90.14,82.42,162,71,91
7680,4904412,85.9994,73.68,93.55,150,57,93
7681,4905910,79.7548466257669,73.08,85.88,163,78,85
7682,4907022,89.7434615384615,88.73,90.59,156,71,85
7683,4907761,77.2722727272727,68.25,85.51,132,63,69
7684,4908939,76.3376335877863,75,77.97,131,72,59
7685,4909549,93.2086419753086,92.5,93.9,162,80,82
7686,4909935,90.6463309352518,89.06,92,139,64,75
7687,4910445,93.0555555555556,87.5,97.5,144,64,80
7688,4910562,86.4637593984962,72.22,96.2,133,54,79
7689,4911238,95.7482978723404,94.83,96.39,141,58,83
7690,4911393,72.2754455445545,51.16,87.93,101,43,58
7691,4911808,89.9978571428571,90.54,89.39,140,74,66
7692,4912669,86.8138461538461,83.33,89.8,91,42,49
7693,4914710,86.5968041237113,71.05,96.61,97,38,59
7694,4915018,94.2292307692308,94.64,93.75,104,56,48
7695,4915664,91.8214545454546,91.18,92.86,110,68,42
7696,4916099,85.5927118644068,87.5,83.87,118,56,62
7697,4917051,92.8588888888889,94.29,91.07,126,70,56
7698,4917215,87.1222727272727,84.29,90.32,132,70,62
7699,4918913,80.9067272727273,80.95,80.88,110,42,68
7700,4919725,91.3983870967742,88.89,93.75,93,45,48
7701,4920277,83.0988732394366,87.5,77.42,71,40,31
7702,4924504,90.6522429906542,86.36,93.65,107,44,63
7703,4925304,88.2875675675676,89.36,87.5,111,47,64
7704,4925559,77.084375,89.66,57.89,96,58,38
7705,4926203,93.7046153846154,90.91,96.1,143,66,77
7706,4926372,92.1533333333333,88.33,94.62,153,60,93
7707,4926513,90.7416666666667,91.78,89.89,162,73,89
7708,4926952,90.6548598130841,88.46,92.73,107,52,55
7709,4927295,82.3054615384615,80.95,83.58,130,63,67
7710,4928803,88.5702857142857,85.96,91.67,105,57,48
7711,4929203,89.55,88.06,91.04,134,67,67
7712,4930823,95.606043956044,100,92.73,91,36,55
7713,4930904,94.0728148148148,92.19,95.77,135,64,71
7714,4931460,96.636974789916,98.15,95.38,119,54,65
7715,4931486,88.7728571428571,85.71,91.07,98,42,56
7716,4931623,92.134606741573,94.12,89.47,89,51,38
7717,4931749,85.0586206896552,69.05,100,87,42,45
7718,4932189,91.0304827586207,85.29,96.1,145,68,77
7719,4932515,90.9815789473684,84.75,95.95,133,59,74
7720,4932560,92.48,85.96,97.37,133,57,76
7721,4932662,90.3494736842105,92,89.06,114,50,64
7722,4932746,89.1883783783784,92.73,85.71,111,55,56
7723,4933673,86.0215053763441,73.53,93.22,93,34,59
7724,4934108,90.001,83.33,92.86,60,18,42
7725,4934640,93.3937735849057,96.55,89.58,106,58,48
7726,4934823,97.7093129770992,98.46,96.97,131,65,66
7727,4936795,93.9818796992481,96.15,92.59,133,52,81
7728,4936807,88.9909174311926,88.57,89.19,109,35,74
7729,4937786,92.8591428571428,93.55,92.31,140,62,78
7730,4940512,93.5776146788991,98.36,87.5,109,61,48
7731,4940633,91.4280714285714,94.03,89.04,140,67,73
7732,4941022,89.0502189781022,92.54,85.71,137,67,70
7733,4941933,80.1985148514852,69.77,87.93,101,43,58
7734,4944747,88.0707339449541,90.74,85.45,109,54,55
7735,4944873,97.1445714285714,96.08,98.15,105,51,54
7736,4946824,83.871935483871,95.24,74.51,93,42,51
7737,4947109,95.8318055555556,92,97.87,72,25,47
7738,4947136,94.0554455445545,91.3,96.36,101,46,55
7739,4947317,89.5279047619048,86.05,91.94,105,43,62
7740,4947819,88.5963157894737,82.69,93.55,114,52,62
7741,4948311,85.5586666666667,84.62,85.94,90,26,64
7742,4949184,88.3507766990291,91.11,86.21,103,45,58
7743,4949252,95.83375,94.55,96.92,120,55,65
7744,4949300,97.2198148148148,95.74,98.36,108,47,61
7745,4950551,92.0780198019802,93.88,90.38,101,49,52
7746,4950581,95.4102752293578,95.83,95.08,109,48,61
7747,4950676,86.3996,86.67,86.15,125,60,65
7748,4951647,81.9154255319149,81.4,82.35,94,43,51
7749,4951974,87.2310638297872,89.58,84.78,94,48,46
7750,4954156,94.1758252427184,96.43,91.49,103,56,47
7751,4954281,95.9670967741935,94.64,97.06,124,56,68
7752,4954913,93.0460869565217,94.34,91.94,115,53,62
7753,4955184,91.2094505494506,100,82.98,91,44,47
7754,4957070,91.261359223301,92.16,90.38,103,51,52
7755,4957192,93.3949056603774,97.87,89.83,106,47,59
7756,4957609,95.237619047619,98.11,92.31,105,53,52
7757,4958359,81.3317333333333,97.37,64.86,75,38,37
7758,4958483,90.2463414634146,92.5,88.1,82,40,42
7759,4958840,100,100,100,88,46,42
7760,4960502,93.4791304347826,92.16,95.12,92,51,41
7761,4961870,84.9466666666667,77.27,91.84,93,44,49
7762,4962006,89.5209523809524,80,95.38,105,40,65
7763,4962519,89.688969072165,85.45,95.24,97,55,42
7764,4963993,85.23,72.73,92.73,88,33,55
7765,4964439,81.1884158415842,87.23,75.93,101,47,54
7766,4965668,87.4973529411765,91.46,81.48,136,82,54
7767,4965825,80.1672727272727,81.16,78.85,121,69,52
7768,4967266,93.9409090909091,88.89,98.15,99,45,54
7769,4968845,87.498,89.13,85.29,80,46,34
7770,4970198,96.0013333333333,97.96,92.31,75,49,26
7771,4970614,88.8920202020202,84.91,93.48,99,53,46
7772,4971614,94.12,90.2,100,85,51,34
7773,4972052,95.8869863013699,97.22,94.59,73,36,37
7774,4973117,87.0954838709677,86.54,87.8,93,52,41
7775,4973366,89.7171028037383,86.79,92.59,107,53,54
7776,4974129,90.98,88.52,93.44,122,61,61
7777,4974229,84.780652173913,85.71,84,92,42,50
7778,4974334,87.4985416666667,91.49,83.67,96,47,49
7779,4974702,93.5202777777778,96.08,91.23,108,51,57
7780,4974729,88.6372727272727,84.38,91.07,88,32,56
7781,4974738,85.554,87.5,83.33,90,48,42
7782,4975350,75.6511304347826,81.25,71.64,115,48,67
7783,4975520,82.605652173913,83.33,82.14,92,36,56
7784,4975957,89.4730701754386,90.57,88.52,114,53,61
7785,4976204,57.9528409090909,67.74,52.63,88,31,57
7786,4976212,76.406404494382,85.37,68.75,89,41,48
7787,4976455,87.3806796116505,90.57,84,103,53,50
7788,4976747,86.3618181818182,93.75,82.14,88,32,56
7789,4976827,89.4704210526316,93.18,86.27,95,44,51
7790,4977354,93.3966981132075,91.53,95.74,106,59,47
7791,4977657,96.1515384615385,94.44,98,104,54,50
7792,4979003,89.1555421686747,90,88.37,83,40,43
7793,4979745,94.3129268292683,96.83,91.67,123,63,60
7794,4980990,97.3718421052632,97.44,97.3,76,39,37
7795,4981605,97.0008,93.48,100,100,46,54
7796,4982313,97.0877669902913,98.36,95.24,103,61,42
7797,4982370,95.4989189189189,96.3,94.74,111,54,57
7798,4982433,92.5206542056075,92.59,92.45,107,54,53
7799,4982832,94.5325,95,94.12,128,60,68
7800,4983765,97.1432380952381,97.73,96.72,105,44,61
7801,4984439,92.6852845528455,91.38,93.85,123,58,65
7802,4984851,95.0405785123967,98.21,92.31,121,56,65
7803,4985679,95.8672727272727,98.18,93.94,121,55,66
7804,4986447,96.9913533834586,98.39,95.77,133,62,71
7805,4987662,91.2711904761905,96.49,86.96,126,57,69
7806,4987692,96.265671641791,96.36,96.2,134,55,79
7807,4988364,96.6658333333333,94,98.57,120,50,70
7808,4988906,88.0733027522936,96.61,78,109,59,50
7809,4989062,93.136568627451,86.49,96.92,102,37,65
7810,4991255,83.9618867924528,93.18,77.42,106,44,62
7811,4992156,92.1558823529412,95.83,88.89,102,48,54
7812,4992878,90.1097802197802,94.74,86.79,91,38,53
7813,4993256,89.6127272727273,95.24,82.86,77,42,35
7814,4994179,90.9116363636363,77.78,97.3,110,36,74
7815,4994492,83.3340740740741,89.29,76.92,108,56,52
7816,4994750,87.4976923076923,83.33,91.07,104,48,56
7817,4995134,95.5752212389381,87.5,100,113,40,73
7818,4995999,83.6760204081633,92.16,74.47,98,51,47
7819,4996105,86.5547058823529,87.27,85.94,119,55,64
7820,4996353,93.44,91.8,95.08,122,61,61
7821,4999109,92.6582568807339,91.3,93.65,109,46,63
7822,4999834,94.5956756756757,92,95.92,74,25,49
7823,5001237,92.7869072164948,96.67,86.49,97,60,37
7824,5001945,95.6889655172414,95.12,96,116,41,75
7825,5003779,89.7929591836735,87.27,93.02,98,55,43
7826,5004599,81.1461475409836,83.56,77.55,122,73,49
7827,5004939,85.7166666666667,94.29,75,63,35,28
7828,5004944,86.5204494382022,91.18,83.64,89,34,55
7829,5005760,87.6672602739726,89.47,85.71,146,76,70
7830,5006707,87.0364814814815,86,87.93,108,50,58
7831,5006910,90.9095454545455,86.79,94.74,110,53,57
7832,5007331,95.0019166666667,91.53,98.36,120,59,61
7833,5007695,87.4955357142857,81.03,94.44,112,58,54
7834,5009157,87.879696969697,90.57,84.78,99,53,46
7835,5009989,93.39,95.16,91.53,121,62,59
7836,5012787,87.5045454545455,89.29,84.38,88,56,32
7837,5016601,95.6535869565217,95.35,95.92,92,43,49
7838,5016820,94.9142372881356,98.41,90.91,118,63,55
7839,5017123,77.7817283950617,84.62,65.52,81,52,29
7840,5017263,86.535,86.79,86.27,104,53,51
7841,5017950,83.6396363636364,89.29,77.78,110,56,54
7842,5018130,93.1068965517241,97.78,88.1,87,45,42
7843,5019611,91.471007751938,89.04,94.64,129,73,56
7844,5019641,89.8133333333333,91.07,88.46,108,56,52
7845,5020295,97.940412371134,98.04,97.83,97,51,46
7846,5020640,88.6833962264151,91.53,85.11,106,59,47
7847,5020655,89.5866666666667,92.73,85.37,96,55,41
7848,5021632,94.6796808510638,96.36,92.31,94,55,39
7849,5021860,94.79375,98.08,90.91,96,52,44
7850,5022175,90.1005940594059,95.24,81.58,101,63,38
7851,5024184,90.144647887324,96.67,85.37,71,30,41
7852,5024457,88.2976595744681,92.45,82.93,94,53,41
7853,5024849,92.6616513761468,88.68,96.43,109,53,56
7854,5024976,91.4530769230769,93.65,88.89,117,63,54
7855,5025763,87.4995192307692,89.8,85.45,104,49,55
7856,5027095,89.06375,90.28,87.5,128,72,56
7857,5027304,96.5199130434783,98.41,94.23,115,63,52
7858,5030696,95.5546666666667,95.83,95.24,90,48,42
7859,5031879,92.4993333333333,93.75,91.07,120,64,56
7860,5033464,89.9244186046512,97.44,78.43,129,78,51
7861,5033574,83.6363636363636,88,80,110,50,60
7862,5033667,86.8426315789474,85,88.89,114,60,54
7863,5036010,77.2732954545455,81.4,73.33,88,43,45
7864,5036018,74.7477777777778,77.27,72.73,99,44,55
7865,5037228,80,83.08,76.36,120,65,55
7866,5037763,70.7876404494382,65.96,76.19,89,47,42
7867,5038090,86.7952830188679,84.62,88.89,106,52,54
7868,5038138,74.6969879518072,70.83,76.27,83,24,59
7869,5038352,79.35,76.09,82.61,92,46,46
7870,5038987,85.59672,82.35,89.47,125,68,57
7871,5039436,89.7955102040816,90.91,88.37,98,55,43
7872,5039619,82.4713402061856,78.57,87.8,97,56,41
7873,5040248,78.4489655172414,71.43,85,116,56,60
7874,5040565,88.0466304347826,82.93,92.16,92,41,51
7875,5040890,84.4263114754098,79.66,88.89,122,59,63
7876,5040930,74.7242857142857,81.13,65.79,91,53,38
7877,5044127,64.5169892473118,58.82,67.8,93,34,59
7878,5044520,67.4687951807229,52.94,77.55,83,34,49
7879,5044659,86.9533913043478,89.36,85.29,115,47,68
7880,5045171,70.8746601941748,63.64,76.27,103,44,59
7881,5045365,80.80096,86.44,75.76,125,59,66
7882,5045660,93.8616666666667,93.22,94.55,114,59,55
7883,5046797,91.3868874172185,91.46,91.3,151,82,69
7884,5046976,87.9324137931034,80.36,95,116,56,60
7885,5047052,91.4545299145299,92.54,90,117,67,50
7886,5047326,67.2875700934579,60.71,74.51,107,56,51
7887,5048853,95.2755118110236,95.65,94.83,127,69,58
7888,5051904,90.8517647058823,91.36,90.28,153,81,72
7889,5052334,82.9084615384616,75,88.41,117,48,69
7890,5052381,82.40016,82.35,82.46,125,68,57
7891,5052672,95.6123684210526,93.62,97.01,114,47,67
7892,5052853,90.5094160583942,89.39,91.55,137,66,71
7893,5054687,97.6912307692308,98.36,97.1,130,61,69
7894,5055183,95.6560869565217,94.67,96.83,138,75,63
7895,5055954,90.5117518248175,90,91.23,137,80,57
7896,5056029,96.5798630136986,96.83,96.39,146,63,83
7897,5057441,92.9127559055118,90.74,94.52,127,54,73
7898,5057527,94.4854482758621,95.59,93.51,145,68,77
7899,5059677,83.9616981132075,79.63,88.46,106,54,52
7900,5060061,93.7993798449612,94.52,92.86,129,73,56
7901,5060837,87.0135064935065,89.47,84.62,154,76,78
7902,5061443,75.6986915887851,78,73.68,107,50,57
7903,5062051,91.1472566371681,94.2,86.36,113,69,44
7904,5062118,92.1276377952756,92.86,91.55,127,56,71
7905,5063624,93.9376767676768,91.49,96.15,99,47,52
7906,5063735,90.9877477477477,78.12,96.2,111,32,79
7907,5063864,91.8482962962963,90.16,93.24,135,61,74
7908,5064441,95.4581818181818,96.88,94.12,132,64,68
7909,5066085,79.8642953020134,75.34,84.21,149,73,76
7910,5066405,94.6466964285714,94.74,94.55,112,57,55
7911,5067020,79.8180733944954,54.05,93.06,109,37,72
7912,5067985,95.4952252252252,94.12,97.67,111,68,43
7913,5069223,88.3338333333333,88.06,88.68,120,67,53
7914,5070199,82.4542105263158,84.72,78.57,114,72,42
7915,5070788,92.7287272727273,87.76,96.72,110,49,61
7916,5071292,75.4225423728814,81.54,67.92,118,65,53
7917,5071689,93.27,95.16,90.48,104,62,42
7918,5072304,90.3547368421053,90.48,90.2,114,63,51
7919,5072787,90.1758035714286,95.08,84.31,112,61,51
7920,5073451,95.2383333333333,93.88,97.14,84,49,35
7921,5073820,78.3539175257732,63.89,86.89,97,36,61
7922,5074585,92.7090625,91.11,94.12,96,45,51
7923,5075148,91.8357142857143,90.91,92.59,98,44,54
7924,5075622,91.7518556701031,96.49,85,97,57,40
7925,5076279,93.9366666666667,92.42,96.97,99,66,33
7926,5076759,91.8371428571429,87.5,97.62,98,56,42
7927,5077466,97.980303030303,100,95.35,99,56,43
7928,5078497,89.3809734513274,87.5,90.77,113,48,65
7929,5078638,88.418,83.33,92.45,95,42,53
7930,5078645,89.6894845360825,87.5,92.68,97,56,41
7931,5080127,90.0827272727273,87.69,92.86,121,65,56
7932,5080394,88.3469902912621,93.44,80.95,103,61,42
7933,5080635,89.4211538461538,93.44,83.72,104,61,43
7934,5081098,93.5194444444444,92.45,94.55,108,53,55
7935,5081137,93.5194444444444,93.88,93.22,108,49,59
7936,5081336,84.3119607843137,85.71,82.61,102,56,46
7937,5081474,90.518275862069,88.14,92.98,116,59,57
7938,5082185,94.0022,91.49,96.23,100,47,53
7939,5083405,96.6064406779661,95.77,97.87,118,71,47
7940,5087047,81.6942253521127,68.97,90.48,71,29,42
7941,5088059,88.57,91.43,85.71,70,35,35
7942,5088088,82.3529411764706,81.82,83.33,51,33,18
7943,5088379,56.100243902439,47.37,63.64,41,19,22
7944,5091070,94.3657746478873,97.06,91.89,71,34,37
7945,5091274,87.9988,91.07,84.09,100,56,44
7946,5093442,90.7425,90.48,91.11,108,63,45
7947,5094130,85.0755223880597,84.48,85.53,134,58,76
7948,5094665,86.6633333333333,86.15,87.27,120,65,55
7949,5094676,87.7702158273381,88.16,87.3,139,76,63
7950,5095212,94.1174264705882,91.53,96.1,136,59,77
7951,5095261,92.859,96.83,89.61,140,63,77
7952,5095309,91.0344827586207,92,90,145,75,70
7953,5095981,89.2164705882353,82.22,94.74,102,45,57
7954,5096085,89.7220560747663,83.02,96.3,107,53,54
7955,5097481,90.0860330578512,83.61,96.67,121,61,60
7956,5098003,82.5656880733945,73.58,91.07,109,53,56
7957,5098245,95.0327659574468,91.3,98.61,141,69,72
7958,5098541,86.8447368421053,75,94.29,114,44,70
7959,5099922,94.825,98.18,91.8,116,55,61
7960,5100218,99.2697080291971,98.55,100,137,69,68
7961,5100432,94.5746511627907,92.86,95.89,129,56,73
7962,5101092,87.7315094339623,83.33,90.62,106,42,64
7963,5101689,92.191171875,93.51,90.2,128,77,51
7964,5103239,93.1303816793893,91.94,94.2,131,62,69
7965,5103975,84.7483050847458,96.88,70.37,118,64,54
7966,5103998,89.5148387096774,98.46,79.66,124,65,59
7967,5104886,87.0131168831169,100,75.61,77,36,41
7968,5106439,90.0897297297297,88.33,92.16,111,60,51
7969,5107800,92.79888,94.59,90.2,125,74,51
7970,5107914,82.3029203539823,93.55,68.63,113,62,51
7971,5108296,93.615390070922,94.03,93.24,141,67,74
7972,5108545,84.252125984252,88.71,80,127,62,65
7973,5109570,86.9595652173913,93.55,79.25,115,62,53
7974,5116258,87.4978125,85.29,90,192,102,90
7975,5116273,88.0723863636364,85.19,90.53,176,81,95
7976,5116756,93.245472972973,96.63,88.14,148,89,59
7977,5119930,72.5352816901408,69.49,74.7,142,59,83
7978,5120066,91.5129696969697,92.68,90.36,165,82,83
7979,5124561,92.9665625,87.32,100,128,71,57
7980,5124627,79.4853846153846,80.88,77.55,117,68,49
7981,5124663,89.8152777777778,92,84.85,108,75,33
7982,5125124,69.9091150442478,73.77,65.38,113,61,52
7983,5125182,51.8767669172932,49.33,55.17,133,75,58
7984,5125424,70.6344444444445,61.43,82.14,126,70,56
7985,5125855,84.6837837837838,75.86,94.34,111,58,53
7986,5126123,88.6217886178862,85.14,93.88,123,74,49
7987,5126311,92.1733913043478,87.72,96.55,115,57,58
7988,5126350,90.0796946564885,86.49,94.74,131,74,57
7989,5128671,95.8358333333333,95.24,96.67,144,84,60
7990,5129842,89.9322147651007,83.75,97.1,149,80,69
7991,5131674,95.9043859649123,93.33,100,171,105,66
7992,5131844,88.0256886227545,87.04,89.83,167,108,59
7993,5133824,89.4753947368421,87.63,92.73,152,97,55
7994,5134681,89.9374842767296,82.93,97.4,159,82,77
7995,5135141,85.3376,85.53,85.14,150,76,74
7996,5135374,87.338417721519,91.76,82.19,158,85,73
7997,5135563,91.4649390243902,91.4,91.55,164,93,71
7998,5136173,92.9847368421053,98.39,86.54,114,62,52
7999,5136349,90.91,90.91,90.91,132,66,66
8000,5137453,86.858,85.37,88.17,175,82,93
8001,5139654,94.9647482014388,92.86,97.1,139,70,69
8002,5140457,89.2618791946309,89.16,89.39,149,83,66
8003,5140613,82.9293902439024,78.38,86.67,164,74,90
8004,5142399,85.7155782312925,79.31,89.89,147,58,89
8005,5142469,73.9820325203252,83.13,55,123,83,40
8006,5143363,81.873125,89.47,70.77,160,95,65
8007,5143827,87.7120670391061,89.66,85.87,179,87,92
8008,5144774,91.6676785714286,94.85,87.32,168,97,71
8009,5144881,85.5366037735849,90.48,80,159,84,75
8010,5144981,87.0612352941177,91.78,83.51,170,73,97
8011,5146890,88.095,92.06,84.13,126,63,63
8012,5148445,82.5131147540984,80.56,83.78,183,72,111
8013,5148499,80.8478014184397,78.46,82.89,141,65,76
8014,5150042,89.6833333333333,82.35,94.67,126,51,75
8015,5151117,91.0536585365854,92.98,89.39,123,57,66
8016,5151408,86.5878048780488,85,88.1,164,80,84
8017,5152548,89.4035099337748,89.83,89.13,151,59,92
8018,5152701,92.7164900662252,91.38,93.55,151,58,93
8019,5153503,69.997,85.71,52.63,80,42,38
8020,5154831,90.7146428571428,81.82,96.47,140,55,85
8021,5154880,93.6682911392405,91.78,95.29,158,73,85
8022,5154952,95.4216339869281,95.77,95.12,153,71,82
8023,5155279,94.0713559322034,98.39,89.29,118,62,56
8024,5156476,86.9576086956522,86.67,87.3,138,75,63
8025,5156958,95.8693388429752,98.28,93.65,121,58,63
8026,5157166,89.6814285714286,88.33,90.91,126,60,66
8027,5159771,95.5577037037037,95.51,95.65,135,89,46
8028,5161608,93.2958536585366,94.19,92.31,164,86,78
8029,5161922,92.5189795918367,93.83,90.91,147,81,66
8030,5162003,83.4458620689655,87.01,79.41,145,77,68
8031,5162132,94.0706779661017,96.83,90.91,118,63,55
8032,5162356,97.824347826087,100,94.44,138,84,54
8033,5162712,89.7276712328767,94.32,82.76,146,88,58
8034,5162907,93.4754347826087,90.14,97.01,138,71,67
8035,5162926,87.875,89.39,86.36,132,66,66
8036,5164325,95.6514782608696,100,86.84,115,77,38
8037,5164714,87.6828985507246,97.73,70,138,88,50
8038,5165245,89.3081132075472,93.75,84.81,159,80,79
8039,5166982,86.8998620689655,85.92,87.84,145,71,74
8040,5167714,89.3962878787879,84.62,94.03,132,65,67
8041,5170845,96.9674242424242,97.18,96.72,132,71,61
8042,5170923,93.4088461538462,93.98,92.93,182,83,99
8043,5171262,95.8882191780822,90.62,100,146,64,82
8044,5171516,90.7392592592593,88.75,92.68,162,80,82
8045,5172802,87.3218309859155,81.82,90.8,142,55,87
8046,5172877,93.59976,91.53,95.45,125,59,66
8047,5174234,91.997,93.65,90.8,150,63,87
8048,5176633,84.7135031847134,90,80.46,157,70,87
8049,5178019,86.7184375,90.91,80.39,128,77,51
8050,5178334,90.176875,95.92,85.71,112,49,63
8051,5179424,90.5145255474453,84.13,95.95,137,63,74
8052,5179643,92.5638842975207,87.93,96.83,121,58,63
8053,5179686,92.1368539325843,90.7,93.48,89,43,46
8054,5179802,81.6359183673469,63.89,91.94,98,36,62
8055,5179811,73.0008,55.32,88.68,100,47,53
8056,5180215,89.9985,92.06,87.72,120,63,57
8057,5180225,89.4205769230769,87.93,91.3,104,58,46
8058,5180630,92.4370588235294,92.59,92.31,119,54,65
8059,5180732,87.9648148148148,85.94,90.91,108,64,44
8060,5180801,92.7838144329897,94,91.49,97,50,47
8061,5182272,95.3869230769231,94.03,96.83,130,67,63
8062,5183275,95.69,96.67,94.64,116,60,56
8063,5183462,93.3324,94.44,92.31,75,36,39
8064,5183522,92.70875,92.31,93.18,96,52,44
8065,5184361,92.3926086956522,92.31,92.5,92,52,40
8066,5184382,96.0391089108911,96.55,95.35,101,58,43
8067,5185969,83.4866055045872,75.86,92.16,109,58,51
8068,5189120,96.5914772727273,91.43,100,88,35,53
8069,5189496,90.3831730769231,94.59,88.06,104,37,67
8070,5190190,86.8146153846154,71.43,96.43,91,35,56
8071,5190427,86.3147368421053,89.58,82.98,95,48,47
8072,5191569,94.9157627118644,88.89,100,118,54,64
8073,5192981,92.923982300885,91.67,93.85,113,48,65
8074,5194194,94.4857480314961,98.11,91.89,127,53,74
8075,5194563,88.5693333333333,77.42,93.24,105,31,74
8076,5195940,94.059702970297,91.11,96.43,101,45,56
8077,5196744,84.5233333333333,89.29,82.14,84,28,56
8078,5197234,71.4288571428572,100,51.22,70,29,41
8079,5198708,93.335,97.78,88.89,90,45,45
8080,5198920,91.9166666666667,94.64,88.37,99,56,43
8081,5199617,18.5165925925926,12.5,23.94,135,64,71
8082,5199741,92.7926126126126,87.76,96.77,111,49,62
8083,5201515,92.2412068965517,90.41,95.35,116,73,43
8084,5202014,95.9329268292683,98.33,93.65,123,60,63
8085,5202089,80.8118181818182,76.32,83.61,99,38,61
8086,5202170,94.07,91.53,96.61,118,59,59
8087,5202784,91.7338016528926,89.23,94.64,121,65,56
8088,5203885,90.437652173913,94.12,85.11,115,68,47
8089,5204246,87.0934677419355,86.79,87.32,124,53,71
8090,5204586,85.455,92.73,78.18,110,55,55
8091,5205700,87.1556880733945,89.83,84,109,59,50
8092,5206344,95.3482945736434,91.38,98.59,129,58,71
8093,5206817,93.0439130434783,90.91,95,115,55,60
8094,5209002,93.336,89.8,96.43,105,49,56
8095,5209222,87.8521495327103,80,92.54,107,40,67
8096,5210426,93.74875,83.33,100,112,42,70
8097,5210654,92.241724137931,90,93.94,116,50,66
8098,5212023,85.0492523364486,79.55,88.89,107,44,63
8099,5212816,92.7918018018018,86.84,95.89,111,38,73
8100,5213288,94.3056097560976,91.07,97.01,123,56,67
8101,5213451,92.39,87.8,96.08,92,41,51
8102,5213741,90,91.67,88.33,120,60,60
8103,5218109,88.9945871559633,92.73,85.19,109,55,54
8104,5219060,88.8866666666667,91.38,86.76,126,58,68
8105,5219369,89.7969387755102,88.89,90.91,98,54,44
8106,5219596,92.3689830508475,96.15,89.39,118,52,66
8107,5219858,93.0464347826087,93.62,92.65,115,47,68
8108,5221028,77.2740909090909,80.49,72,66,41,25
8109,5221541,84.5343298969072,82.61,86.27,97,46,51
8110,5221555,88.18,88.33,88,110,60,50
8111,5221590,89.6531034482759,90.24,89.13,87,41,46
8112,5223159,97.9145833333333,96.36,100,96,55,41
8113,5224483,78.1260416666667,74.14,84.21,96,58,38
8114,5225006,87.8790909090909,83.87,91.43,66,31,35
8115,5225012,86.2075862068965,86.49,85.71,58,37,21
8116,5225778,95.4534090909091,93.65,97.1,132,63,69
8117,5225790,92.8613265306122,90.57,95.56,98,53,45
8118,5226823,93.9372727272727,88.33,98.61,132,60,72
8119,5227798,96.87609375,95.65,98.31,128,69,59
8120,5228238,96.55,96.55,96.55,116,58,58
8121,5229671,92.6303157894737,90.74,95.12,95,54,41
8122,5230807,91.18,88.24,94.12,136,68,68
8123,5230828,90.77,90.77,90.77,130,65,65
8124,5231110,84.1705,84.75,83.61,120,59,61
8125,5231729,91.9715328467153,91.78,92.19,137,73,64
8126,5232215,91.15,93.15,87.5,113,73,40
8127,5234435,94.2421582733813,91.89,96.92,139,74,65
8128,5235834,83.4768695652174,86.3,78.57,115,73,42
8129,5236138,96.0333333333333,92.65,100,126,68,58
8130,5236354,86.5865853658537,72.22,97.83,82,36,46
8131,5236627,91.6666666666667,95.31,84.38,96,64,32
8132,5236881,96.404964028777,95,98.31,139,80,59
8133,5237632,84.4079816513761,66.67,96.88,109,45,64
8134,5238466,90.6253125,91.38,90,128,58,70
8135,5238882,93.3804411764706,94.52,92.06,136,73,63
8136,5239912,89.0322580645161,86.25,92,155,80,75
8137,5239980,82.7877049180328,68.97,95.31,122,58,64
8138,5240621,94.782,92.75,97.83,115,69,46
8139,5240683,93.7013385826772,92.31,95.16,127,65,62
8140,5242102,96.428125,95.35,97.1,112,43,69
8141,5242710,97.5612195121951,98.41,96.67,123,63,60
8142,5244315,92.7429032258064,86.89,98.41,124,61,63
8143,5245515,92.79848,88.89,96.77,125,63,62
8144,5245635,83.75,77.5,90,80,40,40
8145,5245982,95.3526356589147,92.86,98.31,129,70,59
8146,5246239,83.75,87.5,75,80,56,24
8147,5246252,93.694954954955,93.75,93.62,111,64,47
8148,5246620,95.0777049180328,92.42,98.21,122,66,56
8149,5247731,88.4205263157895,79.49,94.64,95,39,56
8150,5249030,92.6303157894737,98.04,86.36,95,51,44
8151,5250872,89.1572289156626,90.74,86.21,83,54,29
8152,5252942,89.9139495798319,86.44,93.33,119,59,60
8153,5253155,90.625,87.5,93.75,96,48,48
8154,5253310,90.1126373626374,66.67,98.51,91,24,67
8155,5253392,96.5489655172414,94,98.48,116,50,66
8156,5253506,95.4502727272727,93.02,97.01,110,43,67
8157,5254064,91.5656626506024,93.75,88.57,83,48,35
8158,5254517,85.7165476190476,80.49,90.7,84,41,43
8159,5254641,94.5043956043956,91.3,97.78,91,46,45
8160,5254750,96.9688888888889,97.73,96.36,99,44,55
8161,5254789,94.4963302752294,89.36,98.39,109,47,62
8162,5255158,85.3660975609756,85.29,85.42,82,34,48
8163,5255516,84.813164556962,81.4,88.89,79,43,36
8164,5255972,91.8889189189189,90.32,93.02,74,31,43
8165,5256049,86.0745569620253,86.67,85.71,79,30,49
8166,5256246,87.6730136986301,93.75,82.93,73,32,41
8167,5257990,85.7123076923077,77.14,91.07,91,35,56
8168,5259555,84.7063529411765,90.7,78.57,85,43,42
8169,5259570,85.3944943820225,86.67,84.09,89,45,44
8170,5260873,92.0815841584158,96,88.24,101,50,51
8171,5261597,96.9688888888889,96.36,97.73,99,55,44
8172,5262128,89.77625,85.37,93.62,88,41,47
8173,5262218,95.7276068376068,94.83,96.61,117,58,59
8174,5262519,87.366,84.48,91.89,95,58,37
8175,5262524,75.4718867924528,65.38,85.19,53,26,27
8176,5262732,82.9527272727273,96.15,63.89,88,52,36
8177,5262921,99.1538983050847,98.08,100,118,52,66
8178,5263092,93.2035922330097,91.89,93.94,103,37,66
8179,5263327,94.0152991452992,90.91,96.77,117,55,62
8180,5263717,87.391981981982,84.91,89.66,111,53,58
8181,5264222,89.1897297297297,91.67,87.3,111,48,63
8182,5264431,90.2673451327434,90.57,90,113,53,60
8183,5264520,92.918407079646,92.06,94,113,63,50
8184,5264635,78.885,84.44,73.33,90,45,45
8185,5264649,87.9999,90.2,85.71,100,51,49
8186,5264725,95.7976470588235,96.77,94.74,119,62,57
8187,5264992,89.9091743119266,92.16,87.93,109,51,58
8188,5266244,94.6238709677419,97.44,92.59,93,39,54
8189,5269140,95.6862068965517,95.65,95.71,116,46,70
8190,5270491,88.3704651162791,92.59,81.25,86,54,32
8191,5271525,93.6726582278481,89.66,96,79,29,50
8192,5272680,95.3997701149425,95.74,95,87,47,40
8193,5273219,88.8911111111111,96.08,76.67,81,51,30
8194,5273593,93.4805434782609,95.35,91.84,92,43,49
8195,5275005,93.6173404255319,91.11,95.92,94,45,49
8196,5275258,95.649347826087,97.87,93.33,92,47,45
8197,5276443,87.057294117647,83.33,93.55,85,54,31
8198,5277448,88.7495,80.95,97.37,80,42,38
8199,5277742,98.5507246376812,97.5,100,69,40,29
8200,5278102,96.664,97.22,95.83,60,36,24
8201,5278738,92.4049367088608,90.48,94.59,79,42,37
8202,5279840,97.1431428571429,96.15,97.73,70,26,44
8203,5280645,93.692972972973,93.33,94.12,111,60,51
8204,5280908,94.8970408163265,88.37,100,98,43,55
8205,5281375,98.229203539823,96.55,100,113,58,55
8206,5281421,96.8414736842105,95.65,97.96,95,46,49
8207,5281970,89.4233653846154,92.16,86.79,104,51,53
8208,5282522,95.1224390243903,93.62,97.14,82,47,35
8209,5282695,96.4267857142857,93.33,100,112,60,52
8210,5283787,86.5384615384615,82.14,91.67,104,56,48
8211,5284894,88.16,90,86.96,76,30,46
8212,5285381,94.3188636363636,95.56,93.02,88,45,43
8213,5285706,80.2798591549296,72.22,88.57,71,36,35
8214,5286032,86.8427631578947,81.08,92.31,76,37,39
8215,5287238,75.6747297297297,87.8,60.61,74,41,33
8216,5287757,89.7731818181818,91.67,88.46,88,36,52
8217,5288081,76.7138356164384,85,66.67,73,40,33
8218,5288119,83.0991549295775,93.75,74.36,71,32,39
8219,5288373,88.5042528735632,88.46,88.57,87,52,35
8220,5288779,82.605652173913,82.14,83.33,92,56,36
8221,5289213,87.5004166666667,86.21,89.47,96,58,38
8222,5289507,94.9387341772152,94.12,96.43,79,51,28
8223,5289765,93.6136170212766,98.21,86.84,94,56,38
8224,5290165,88.8877777777778,88.46,90,72,52,20
8225,5290178,81.3309333333333,76.74,87.5,75,43,32
8226,5290837,87.501,93.18,80.56,80,44,36
8227,5291227,54.284,57.14,47.62,70,49,21
8228,5293064,89.7971428571428,91.67,86.84,98,60,38
8229,5293337,88.1206930693069,85.51,93.75,101,69,32
8230,5293533,90.6542056074766,87.88,95.12,107,66,41
8231,5293570,89.5833333333333,92.45,86.05,96,53,43
8232,5293778,93.3348888888889,94.23,92.11,90,52,38
8233,5294124,86.25225,91.84,77.42,80,49,31
8234,5294138,79.3655555555555,80.49,77.27,63,41,22
8235,5294485,92.3107692307692,87.76,97.62,91,49,42
8236,5294779,92.3069230769231,87.23,97.73,91,47,44
8237,5295146,76.3171052631579,72.73,79.07,76,33,43
8238,5295394,85.8817647058823,84,88.57,85,50,35
8239,5296283,88.1573684210526,90,86.11,76,40,36
8240,5296814,92.7701204819277,95.24,90.24,83,42,41
8241,5296823,91.892972972973,95.24,87.5,74,42,32
8242,5297561,81.5798684210526,74.36,89.19,76,39,37
8243,5298966,88.8844444444444,94.44,84.44,81,36,45
8244,5299378,91.3796551724138,93.94,88,58,33,25
8245,5299832,90.475,82.35,96,84,34,50
8246,5300285,93.8261728395062,95.12,92.5,81,41,40
8247,5301259,88.375,90.7,86.05,86,43,43
8248,5301347,96.5535632183908,94.74,97.96,87,38,49
8249,5301474,89.9985714285714,93.33,87.5,70,30,40
8250,5302191,88.4638461538462,90.91,86.67,78,33,45
8251,5302399,83.1314457831325,85.71,80.49,83,42,41
8252,5304103,92.2222222222222,100,86,90,40,50
8253,5304265,88.751,84.85,91.49,80,33,47
8254,5304419,95.7472340425532,97.92,93.48,94,48,46
8255,5306029,93.24,91.89,94.59,74,37,37
8256,5306410,94.1169411764706,93.02,95.24,85,43,42
8257,5306593,96.9060824742268,97.87,96,97,47,50
8258,5307088,96.4707058823529,97.87,94.74,85,47,38
8259,5307153,81.3151648351648,82.22,80.43,91,45,46
8260,5307391,89.9993333333333,91.49,88.37,90,47,43
8261,5308182,88.8898765432099,88.24,89.36,81,34,47
8262,5309597,86.8148351648352,87.5,86.05,91,48,43
8263,5310071,86.0236559139785,90,81.4,93,50,43
8264,5310451,87.9123076923077,89.8,85.71,91,49,42
8265,5310648,77.4235483870968,85.11,69.57,93,47,46
8266,5312717,90.91,90.91,90.91,99,44,55
8267,5313469,93.5057142857143,93.94,93.18,77,33,44
8268,5313876,90.9076767676768,86.54,95.74,99,52,47
8269,5313891,92.7712048192771,93.48,91.89,83,46,37
8270,5314458,95.1907692307692,89.58,100,104,48,56
8271,5314603,87.2116279069767,81.82,92.86,86,44,42
8272,5314622,92.1038596491228,88.46,95.16,114,52,62
8273,5315426,81.0839189189189,82.86,79.49,74,35,39
8274,5316154,91.5879439252336,90.38,92.73,107,52,55
8275,5316562,92.3917391304348,93.75,90.91,92,48,44
8276,5317256,94.4465555555556,95.35,93.62,90,43,47
8277,5318566,83.6980434782609,76.32,88.89,92,38,54
8278,5319080,86.2997260273973,87.18,85.29,73,39,34
8279,5319245,88.7495,97.37,80.95,80,38,42
8280,5319430,87.37,92.73,80,95,55,40
8281,5319824,94.0016,93.62,94.34,100,47,53
8282,5319918,85.1020212765957,84.44,85.71,94,45,49
8283,5319994,89.2200980392157,90.57,87.76,102,53,49
8284,5320690,92.3908695652174,90,94.23,92,40,52
8285,5322585,94.0629702970297,89.8,98.08,101,49,52
8286,5322854,91.25175,90.57,92.59,80,53,27
8287,5323403,92.4239393939394,96.55,89.19,66,29,37
8288,5323752,96.8404210526316,98.04,95.45,95,51,44
8289,5324913,91.9996,88.89,95.65,100,54,46
8290,5325233,95.3466279069768,93.33,97.56,86,45,41
8291,5325500,94.5673913043478,97.92,90.91,92,48,44
8292,5325524,93.8164948453608,94.12,93.48,97,51,46
8293,5325620,83.8359595959596,78.72,88.46,99,47,52
8294,5326360,93.975421686747,97.78,89.47,83,45,38
8295,5326478,90.1383098591549,95.12,83.33,71,41,30
8296,5327798,88.0565671641791,93.33,77.27,67,45,22
8297,5327975,92.8564285714286,91.89,93.94,70,37,33
8298,5330223,88.8890476190476,80,96.97,63,30,33
8299,5330628,80.7680769230769,82.35,77.78,52,34,18
8300,5331004,93.1041379310345,96.43,90,58,28,30
8301,5331121,77.7766666666667,85.71,64.71,45,28,17
8302,5331600,68.42,57.89,78.95,38,19,19
8303,5332961,92.595,88.89,96.3,54,27,27
8304,5334549,94.030447761194,100,88.89,67,31,36
8305,5334813,95.5864705882353,100,92.68,68,27,41
8306,5335272,84.13,94.29,71.43,63,35,28
8307,5335505,77.6085074626866,85.71,73.91,67,21,46
8308,5335901,95.5546666666667,97.96,92.68,90,49,41
8309,5337155,96.0811764705882,95.24,96.67,102,42,60
8310,5337579,94.4924770642202,95.83,93.44,109,48,61
8311,5337738,75,82.35,67.65,68,34,34
8312,5339468,84.999,89.13,81.48,100,46,54
8313,5339533,86.4536458333333,87.8,85.45,96,41,55
8314,5339754,93.8136082474227,89.36,98,97,47,50
8315,5340779,91.588785046729,89.8,93.1,107,49,58
8316,5341460,86.3155789473684,75,93.22,95,36,59
8317,5343489,86.41,84.91,88,103,53,50
8318,5343881,92.4058227848101,93.33,91.84,79,30,49
8319,5344143,92.6787804878049,95.45,89.47,82,44,38
8320,5344458,89.5382558139535,86.49,91.84,86,37,49
8321,5345442,89.6878350515464,83.33,93.44,97,36,61
8322,5345658,88.7851401869159,90.48,87.69,107,42,65
8323,5345783,81.1604347826087,78.57,85.19,69,42,27
8324,5347340,93.9024390243902,90.32,96.08,82,31,51
8325,5347374,52.0530136986301,68.57,36.84,73,35,38
8326,5349355,92.1537254901961,87.8,95.08,102,41,61
8327,5349647,92.3093269230769,90.91,93.88,104,55,49
8328,5350167,83.8359595959596,88.46,78.72,99,52,47
8329,5350196,87.3534482758621,88.37,86.36,87,43,44
8330,5350281,94.0633663366337,94.92,92.86,101,59,42
8331,5350762,80.9513095238095,89.36,70.27,84,47,37
8332,5351105,92.5232710280374,96.61,87.5,107,59,48
8333,5351925,87.5026923076923,91.67,81.82,104,60,44
8334,5351970,85.8829411764706,82.5,88.89,85,40,45
8335,5352121,86.2387155963303,90.48,80.43,109,63,46
8336,5352891,85.3939325842697,87.5,81.82,89,56,33
8337,5353065,89.6945360824742,90.57,88.64,97,53,44
8338,5353142,93.4072527472528,93.62,93.18,91,47,44
8339,5353596,88.7771428571428,87.5,90.48,98,56,42
8340,5353907,92.4995,87.8,97.44,80,41,39
8341,5354052,95.6526086956522,94,97.62,92,50,42
8342,5354130,96.4257142857143,95.83,97.22,84,48,36
8343,5354467,80.2495061728395,71.43,86.96,81,35,46
8344,5355346,80.7019298245614,72.41,89.29,57,29,28
8345,5356288,96.1012987012987,94.44,97.56,77,36,41
8346,5356342,92.6494117647059,84.38,100,68,32,36
8347,5356429,90.9083116883117,79.41,100,77,34,43
8348,5356534,56.8168181818182,72.41,26.67,44,29,15
8349,5356539,74.4695744680851,67.86,84.21,47,28,19
8350,5357232,94.0313432835821,93.94,94.12,67,33,34
8351,5358973,79.5938775510204,77.78,81.82,49,27,22
8352,5359764,89.3621276595745,88,90.91,47,25,22
8353,5360391,49.9975,63.33,10,40,30,10
8354,5360460,59.5759574468085,72.73,28.57,47,33,14
8355,5360773,93.0223255813954,88.46,100,43,26,17
8356,5362101,98.46,97.14,100,65,35,30
8357,5362311,92.18953125,89.19,96.3,64,37,27
8358,5362749,92.1028947368421,85.71,100,76,42,34
8359,5363474,84.2132894736842,82.76,85.11,76,29,47
8360,5363495,85.395393258427,86.11,84.91,89,36,53
8361,5364105,85.5424096385542,86.36,84.62,83,44,39
8362,5364177,78.57,78.57,78.57,84,42,42
8363,5364288,80.7710256410256,86.49,75.61,78,37,41
8364,5364534,91.8945945945946,84.38,97.62,74,32,42
8365,5364798,82.5597674418605,88.64,76.19,86,44,42
8366,5366647,87.5005555555556,76.47,97.37,72,34,38
8367,5367468,91.8916216216216,91.23,92.59,111,57,54
8368,5368479,87.7746666666667,87.23,88.37,90,47,43
8369,5369915,94.2315384615385,91.07,97.92,104,56,48
8370,5370425,90.477619047619,87.5,92.31,84,32,52
8371,5371110,93.618085106383,87.5,98.15,94,40,54
8372,5371485,89.3193203883495,91.11,87.93,103,45,58
8373,5371598,84.8809302325581,70.83,90.32,86,24,62
8374,5371757,94.9174576271187,98.15,92.19,118,54,64
8375,5372106,92.680243902439,91.89,93.33,82,37,45
8376,5372112,89.66,92.11,87.76,87,38,49
8377,5374068,95.904262295082,92.73,98.51,122,55,67
8378,5374474,87.88,81.82,90.91,99,33,66
8379,5374814,95.7946218487395,94.44,96.92,119,54,65
8380,5375144,92.0016,85.37,96.61,100,41,59
8381,5375367,95,96.43,93.18,100,56,44
8382,5375459,92.5536170212766,81.58,100,94,38,56
8383,5375890,85.7157142857143,89.29,80.95,98,56,42
8384,5376040,92.6841463414634,91.67,93.65,123,60,63
8385,5377634,96.3630909090909,94.64,98.15,110,56,54
8386,5379121,94.2861904761905,90.91,98,105,55,50
8387,5379273,86.2729411764706,76.92,96,51,26,25
8388,5379800,91.3466346153846,90.2,92.45,104,51,53
8389,5381008,91.1755882352941,88.89,92.98,102,45,57
8390,5381823,87.2562745098039,77.55,96.23,102,49,53
8391,5381877,91.1499115044248,83.87,100,113,62,51
8392,5382289,93.75,96.43,91.07,112,56,56
8393,5382830,88.1725806451613,90,84.85,93,60,33
8394,5383248,89.6212264150943,90.77,87.8,106,65,41
8395,5383381,92.2427586206897,90.57,93.65,116,53,63
8396,5383454,88.4967256637168,84.21,92.86,113,57,56
8397,5383788,81.8187878787879,87.72,73.81,99,57,42
8398,5383934,93.333,95.16,91.38,120,62,58
8399,5384923,91,95.65,80.65,100,69,31
8400,5386827,92.2360194174757,92.73,91.67,103,55,48
8401,5387003,96.5799145299145,95.77,97.83,117,71,46
8402,5387826,93.5166666666667,93.1,94,108,58,50
8403,5390348,88.2342016806723,91.23,85.48,119,57,62
8404,5390407,82.05,73.33,87.5,117,45,72
8405,5390539,87.7377358490566,84.62,90.74,106,52,54
8406,5390738,93.3349523809524,91.49,94.83,105,47,58
8407,5390992,83.8727419354839,90,75.93,124,70,54
8408,5391147,85.7147619047619,83.61,87.69,126,61,65
8409,5391892,93.8953435114504,93.94,93.85,131,66,65
8410,5392124,95.488947368421,96.97,94.03,133,66,67
8411,5393186,93.8433846153846,94.2,93.44,130,69,61
8412,5393296,95.4105504587156,95.45,95.35,109,66,43
8413,5393402,95.6539130434783,100,90.2,115,64,51
8414,5393704,86.1765040650406,88.73,82.69,123,71,52
8415,5395458,82.0203370786517,72.97,88.46,89,37,52
8416,5395596,89.5656521739131,87.93,91.23,115,58,57
8417,5396844,82.3520588235294,92.98,68.89,102,57,45
8418,5399174,93.336,90.48,95.24,105,42,63
8419,5400264,90.32,77.78,95.45,93,27,66
8420,5400566,89.3212621359223,83.33,94.55,103,48,55
8421,5400768,96.8424210526316,90.91,100,95,33,62
8422,5401319,89.2470967741935,92.16,85.71,93,51,42
8423,5402870,81.3204395604396,82.46,79.41,91,57,34
8424,5403225,88.3470873786408,90.74,85.71,103,54,49
8425,5403599,86.5957731958763,89.47,82.5,97,57,40
8426,5405073,87.6551851851852,93.75,78.79,81,48,33
8427,5405942,86.734693877551,86,87.5,98,50,48
8428,5406235,91.6702083333333,86.05,96.23,96,43,53
8429,5406490,90.0001,86.79,93.62,100,53,47
8430,5407193,81.2534375,82.46,79.49,96,57,39
8431,5407285,72.0013333333333,62.5,82.86,75,40,35
8432,5408271,98.0392156862745,96,100,102,50,52
8433,5408973,97.9360824742268,95.45,100,97,44,53
8434,5409934,82.05,77.78,85.71,78,36,42
8435,5410413,96.3271559633028,94.44,98.18,109,54,55
8436,5411144,85.00125,90.57,74.07,80,53,27
8437,5412243,88.1818181818182,75.56,96.92,110,45,65
8438,5412759,81.5364615384616,83.33,79.31,65,36,29
8439,5412765,88.8907407407407,94,80.65,81,50,31
8440,5413043,78.6422330097087,65.31,90.74,103,49,54
8441,5413559,91.4271428571428,87.27,96,105,55,50
8442,5414205,89.3188349514563,87.72,91.3,103,57,46
8443,5414497,88.1159405940594,79.59,96.15,101,49,52
8444,5415544,96.3630909090909,98.15,94.64,110,54,56
8445,5417476,94.99825,92.75,98.04,120,69,51
8446,5417727,81.4167256637168,81.67,81.13,113,60,53
8447,5417887,85.1856790123457,89.8,78.12,81,49,32
8448,5417895,82.0229213483146,88,74.36,89,50,39
8449,5418808,88.695652173913,81.67,96.36,115,60,55
8450,5419394,98.0563106796116,96.36,100,103,55,48
8451,5420949,86.810989010989,86,87.8,91,50,41
8452,5424821,96.1878095238095,95.45,96.72,105,44,61
8453,5426272,93.1311450381679,92.54,93.75,131,67,64
8454,5427772,68.6258823529412,51.92,86,102,52,50
8455,5428522,85.2178260869565,80,90.91,115,60,55
8456,5429096,92.3096153846154,100,86.67,104,44,60
8457,5430125,67.4607936507936,80.6,52.54,126,67,59
8458,5431023,92.4269696969697,92.19,92.65,132,64,68
8459,5431369,98.53,98.53,98.53,136,68,68
8460,5431919,91.5893457943925,92.65,89.74,107,68,39
8461,5434821,82.6082608695652,82.98,82.22,92,47,45
8462,5435106,90.0777099236641,92.54,87.5,131,67,64
8463,5435400,95.5042696629214,94.12,96.36,89,34,55
8464,5437547,87.6168571428571,90.74,84.31,105,54,51
8465,5438666,84.1638333333333,88.52,79.66,120,61,59
8466,5439003,93.9128695652174,91.78,97.62,115,73,42
8467,5439044,87.401968503937,87.69,87.1,127,65,62
8468,5439095,88.2751724137931,88,88.57,145,75,70
8469,5439541,89.7438461538461,90.74,88.89,117,54,63
8470,5439889,92.4796992481203,93.1,92,133,58,75
8471,5439964,86.2044827586207,73.17,93.33,116,41,75
8472,5440444,90.9840163934426,93.22,88.89,122,59,63
8473,5441019,84.5452727272727,89.13,81.25,110,46,64
8474,5441178,92.308547008547,98.18,87.1,117,55,62
8475,5441462,96.723606557377,96.61,96.83,122,59,63
8476,5441502,90.4348695652174,91.67,89.55,115,48,67
8477,5442596,82.6117391304348,63.16,96.3,92,38,54
8478,5442681,92.944,96.08,88.24,85,51,34
8479,5443932,90.4264893617021,93.33,87.76,94,45,49
8480,5444757,91.7430275229358,96.67,85.71,109,60,49
8481,5445470,94.5766666666667,91.43,98.31,129,70,59
8482,5445501,91.229298245614,91.43,90.91,114,70,44
8483,5445635,84.617264957265,85.94,83.02,117,64,53
8484,5447079,88.9691176470588,80,96.05,136,60,76
8485,5447968,96.8148407643312,93.67,100,157,79,78
8486,5448446,92.176,93.94,89.8,115,66,49
8487,5449098,87.4072592592593,86.49,88.52,135,74,61
8488,5449609,90.6504316546763,87.84,93.85,139,74,65
8489,5450953,88.8901851851852,82,94.83,108,50,58
8490,5452410,74.7398947368421,66.67,80.36,95,39,56
8491,5452599,71.5777894736842,71.79,71.43,95,39,56
8492,5452687,77.0018,78.26,75.93,100,46,54
8493,5452772,76.4704705882353,71.74,82.05,85,46,39
8494,5453153,70.835,66.67,74.51,96,45,51
8495,5453481,76.2869072164948,72.55,80.43,97,51,46
8496,5453520,70.8824050632911,69.44,72.09,79,36,43
8497,5453745,88.045652173913,85.42,90.91,92,48,44
8498,5453825,78.4950537634409,65,88.68,93,40,53
8499,5454340,69.4138823529412,56.1,81.82,85,41,44
8500,5455056,85.5687628865979,95.35,77.78,97,43,54
8501,5455299,84.2729213483146,82.93,85.42,89,41,48
8502,5455435,91.464512195122,88.57,93.62,82,35,47
8503,5455485,92.2071428571429,91.11,93.75,77,45,32
8504,5455545,91.0111235955056,88.37,93.48,89,43,46
8505,5455782,5.88274509803922,5.77,6,102,52,50
8506,5456133,81.94375,65.71,97.3,72,35,37
8507,5456320,81.0108860759494,81.08,80.95,79,37,42
8508,5457222,90.7414814814815,88.46,92.86,54,26,28
8509,5457317,83.335,87.5,79.17,48,24,24
8510,5457565,70.5896078431373,70,70.97,51,20,31
8511,5457606,87.2772727272727,89.29,85.19,55,28,27
8512,5457846,75,78.57,71.43,56,28,28
8513,5457972,78.4317647058824,80.77,76,51,26,25
8514,5458197,68.42,73.68,63.16,38,19,19
8515,5458221,74.2834285714286,75,73.68,35,16,19
8516,5458334,70.2721621621622,64.71,75,37,17,20
8517,5458743,49.9981818181818,58.33,40,22,12,10
8518,5458803,60.0036,66.67,53.85,25,12,13
8519,5458814,63.6377272727273,55.56,69.23,22,9,13
8520,5459037,33.3325,28.57,40,24,14,10
8521,5459234,42.3107692307692,42.86,41.67,26,14,12
8522,5459334,32.145,21.43,42.86,28,14,14
8523,5460182,82.05,69.23,88.46,39,13,26
8524,5464247,80.641935483871,83.33,76.92,62,36,26
8525,5464684,90.3807692307692,95.83,85.71,52,24,28
8526,5464997,64.5145161290323,30,80.95,31,10,21
8527,5465003,86.3634090909091,84.21,88,44,19,25
8528,5465100,79.4869230769231,80.95,77.78,39,21,18
8529,5465498,68.5751428571429,54.55,92.31,35,22,13
8530,5465991,76.4676470588235,61.9,100,34,21,13
8531,5466052,58.8229411764706,47.62,76.92,34,21,13
8532,5466171,66.6666666666667,37.5,100,30,16,14
8533,5467537,75,62.5,87.5,32,16,16
8534,5468283,55,30,80,20,10,10
8535,5468446,74.1938709677419,64.71,85.71,31,17,14
8536,5469019,83.3341666666667,73.33,90.48,36,15,21
8537,5469363,92.1578431372549,90,93.55,51,20,31
8538,5469448,85.7142857142857,87.5,84,49,24,25
8539,5469670,75.4709433962264,56.52,90,53,23,30
8540,5470507,85.3658536585366,80,93.75,41,25,16
8541,5470705,82.499,78.95,85.71,40,19,21
8542,5470771,77.4154838709677,73.68,83.33,31,19,12
8543,5470924,74.1941935483871,70,81.82,31,20,11
8544,5470954,79.4094117647059,62.5,94.44,34,16,18
8545,5470976,73.6802631578947,58.82,85.71,38,17,21
